sample_id	candidate_id	wakhan_sample_id	wakhan_root	cna_vcf	severus_vcf	cluster_id	chrom	arm	start	end	component_intervals	n_windows	n_segments	n_segments_ge_100kb	component_length	segment_frequency	cand	ploidy	sample_ploidy	segment_len_q25	segment_len_q50	segment_len_q75	oscillating_two_state	oscillating_tcn_states	oscillating_segment_fraction	oscillating_transition_fraction	n_TCN_0	n_TCN_1	n_TCN_2	n_TCN_3	n_TCN_4	n_TCN_5	n_TCN_6	n_TCN_7	n_TCN_7_10	n_TCN_11_20	n_TCN_20_40	n_TCN_gt_40	n_breakpoints	FB_first_index	FB_last_index	n_FB_lowCN_2Mb	FB_lowCN_first_index	FB_lowCN_last_index	n_DEL	n_DUP	n_FB	n_INTER_CHR	n_INV_LIKE	n_sBND	n_interchromosomal_SV	ecDNA	Seismic_Amplification	chromothripsis	BFB	start_bp	end_bp	sv_class	sv_classes	raw_sv_classes	evidence	label_scope	candidate_scope	label_id
AU565	AU565:chr3:0-19007244:1	AU565_3.87_0.86_0.95	/data/KolmogorovLab/HPV_Dean_Collab/nano_nf_runs/AU565/sv_cna_v2/wakhan/3.87_0.86_0.95/bed_output/AU565_3.87_0.86_0.95	/data/KolmogorovLab/HPV_Dean_Collab/nano_nf_runs/AU565/sv_cna_v2/wakhan/3.87_0.86_0.95/vcf_output/AU565_3.87_0.86_0.95_wakhan_cna_integers.vcf	/data/KolmogorovLab/HPV_Dean_Collab/nano_nf_runs/AU565/sv_cna_v2/severus/somatic_SVs/severus_somatic.vcf	C1	chr3	p	0	19007244	0-19007244	13	13	13	19007245	6.839497254862553e-07	True	3.891396938377971	3.7047148350057415	325693.0	510733.0	1691897.0	False	4|5	0.5384615384615384	0.1666666666666666	0	1	1	3	4	3	1	0	0	0	0	0	13			0			4	2	0.0	2	5	0	2	False	noncanonical		noncanonicalB	0	19007244	Seismic_Amplification;BFB	Seismic_Amplification;BFB	Seismic_Amplification:noncanonical;BFB:noncanonicalB	candidate_region_label	region	candidate_region	AU565:chr3:0-19007244:1
AU565	AU565:chr3:36522773-39561702:2	AU565_3.87_0.86_0.95	/data/KolmogorovLab/HPV_Dean_Collab/nano_nf_runs/AU565/sv_cna_v2/wakhan/3.87_0.86_0.95/bed_output/AU565_3.87_0.86_0.95	/data/KolmogorovLab/HPV_Dean_Collab/nano_nf_runs/AU565/sv_cna_v2/wakhan/3.87_0.86_0.95/vcf_output/AU565_3.87_0.86_0.95_wakhan_cna_integers.vcf	/data/KolmogorovLab/HPV_Dean_Collab/nano_nf_runs/AU565/sv_cna_v2/severus/somatic_SVs/severus_somatic.vcf	C1	chr3	p	36522773	39561702	36522773-39561702	6	6	5	3038930	1.974379140026259e-06	True	4.182578736594788	3.7047148350057415	214309.75	427872.0	689816.0	False	1|5	0.6666666666666666	0.4	0	2	0	0	0	2	1	0	1	0	0	0	8			0			2	4	0.0	0	2	0	0	False	noncanonical		noncanonicalB	36522773	39561702	Seismic_Amplification;BFB	Seismic_Amplification;BFB	Seismic_Amplification:noncanonical;BFB:noncanonicalB	candidate_region_label	region	candidate_region	AU565:chr3:36522773-39561702:2
AU565	AU565:chr3:151354228-158466862:3	AU565_3.87_0.86_0.95	/data/KolmogorovLab/HPV_Dean_Collab/nano_nf_runs/AU565/sv_cna_v2/wakhan/3.87_0.86_0.95/bed_output/AU565_3.87_0.86_0.95	/data/KolmogorovLab/HPV_Dean_Collab/nano_nf_runs/AU565/sv_cna_v2/wakhan/3.87_0.86_0.95/vcf_output/AU565_3.87_0.86_0.95_wakhan_cna_integers.vcf	/data/KolmogorovLab/HPV_Dean_Collab/nano_nf_runs/AU565/sv_cna_v2/severus/somatic_SVs/severus_somatic.vcf	C1	chr3	q	151354228	158466862	151354228-158466862	4	4	4	7112635	5.623794838340503e-07	True	3.591606486203777	3.7047148350057415	547225.25	962471.5	2193405.0	False	8|2	0.5	0.3333333333333333	0	1	1	0	1	0	0	0	1	0	0	0	6	1.0	1.0	0			2	2	1.0	0	1	0	0	False	noncanonical		noncanonicalB	151354228	158466862	Seismic_Amplification;BFB	Seismic_Amplification;BFB	Seismic_Amplification:noncanonical;BFB:noncanonicalB	candidate_region_label	region	candidate_region	AU565:chr3:151354228-158466862:3
AU565	AU565:chr3:178278467-198295559:4	AU565_3.87_0.86_0.95	/data/KolmogorovLab/HPV_Dean_Collab/nano_nf_runs/AU565/sv_cna_v2/wakhan/3.87_0.86_0.95/bed_output/AU565_3.87_0.86_0.95	/data/KolmogorovLab/HPV_Dean_Collab/nano_nf_runs/AU565/sv_cna_v2/wakhan/3.87_0.86_0.95/vcf_output/AU565_3.87_0.86_0.95_wakhan_cna_integers.vcf	/data/KolmogorovLab/HPV_Dean_Collab/nano_nf_runs/AU565/sv_cna_v2/severus/somatic_SVs/severus_somatic.vcf	C1	chr3	q	178278467	198295559	178278467-198295559	20	20	17	20017093	9.991460798028965e-07	True	4.325845616044248	3.7047148350057415	337981.0	536771.5	1148481.25	True	4|5	0.8	0.631578947368421	0	0	1	2	9	7	1	0	0	0	0	0	19			0			3	5	0.0	0	11	0	0	False	noncanonical		noncanonicalB	178278467	198295559	Seismic_Amplification;BFB	Seismic_Amplification;BFB	Seismic_Amplification:noncanonical;BFB:noncanonicalB	candidate_region_label	region	candidate_region	AU565:chr3:178278467-198295559:4
AU565	AU565:chr5:138061704-142844456:5	AU565_3.87_0.86_0.95	/data/KolmogorovLab/HPV_Dean_Collab/nano_nf_runs/AU565/sv_cna_v2/wakhan/3.87_0.86_0.95/bed_output/AU565_3.87_0.86_0.95	/data/KolmogorovLab/HPV_Dean_Collab/nano_nf_runs/AU565/sv_cna_v2/wakhan/3.87_0.86_0.95/vcf_output/AU565_3.87_0.86_0.95_wakhan_cna_integers.vcf	/data/KolmogorovLab/HPV_Dean_Collab/nano_nf_runs/AU565/sv_cna_v2/severus/somatic_SVs/severus_somatic.vcf	C2	chr5	q	138061704	142844456	138061704-142844456	5	5	5	4782753	1.0454230021914157e-06	True	5.071633847702359	3.7047148350057415	487556.0	987072.0	1410036.0	True	5|6	0.8	0.75	0	0	0	1	0	2	2	0	0	0	0	0	6			0			2	0	0.0	1	3	0	1	False			noncanonical	138061704	142844456	BFB	BFB	BFB:noncanonical	candidate_region_label	region	candidate_region	AU565:chr5:138061704-142844456:5
AU565	AU565:chr5:155073273-164481680:6	AU565_3.87_0.86_0.95	/data/KolmogorovLab/HPV_Dean_Collab/nano_nf_runs/AU565/sv_cna_v2/wakhan/3.87_0.86_0.95/bed_output/AU565_3.87_0.86_0.95	/data/KolmogorovLab/HPV_Dean_Collab/nano_nf_runs/AU565/sv_cna_v2/wakhan/3.87_0.86_0.95/vcf_output/AU565_3.87_0.86_0.95_wakhan_cna_integers.vcf	/data/KolmogorovLab/HPV_Dean_Collab/nano_nf_runs/AU565/sv_cna_v2/severus/somatic_SVs/severus_somatic.vcf	C2	chr5	q	155073273	164481680	155073273-164481680	10	10	8	9408408	1.0628790758223922e-06	True	4.240131380356805	3.7047148350057415	159205.25	253777.0	555745.25	False	7|4	0.4	0.1111111111111111	1	0	1	0	2	2	2	2	0	0	0	0	12	5.0	12.0	2	5.0	12.0	4	1	2.0	3	2	0	3	False			noncanonical	155073273	164481680	BFB	BFB	BFB:noncanonical	candidate_region_label	region	candidate_region	AU565:chr5:155073273-164481680:6
AU565	AU565:chr6:0-8775217:7	AU565_3.87_0.86_0.95	/data/KolmogorovLab/HPV_Dean_Collab/nano_nf_runs/AU565/sv_cna_v2/wakhan/3.87_0.86_0.95/bed_output/AU565_3.87_0.86_0.95	/data/KolmogorovLab/HPV_Dean_Collab/nano_nf_runs/AU565/sv_cna_v2/wakhan/3.87_0.86_0.95/vcf_output/AU565_3.87_0.86_0.95_wakhan_cna_integers.vcf	/data/KolmogorovLab/HPV_Dean_Collab/nano_nf_runs/AU565/sv_cna_v2/severus/somatic_SVs/severus_somatic.vcf	C3	chr6	p	0	8775217	0-8775217	15	15	10	8775218	1.7093592432689422e-06	True	2.352533464125905	3.7047148350057415	86499.5	191813.0	487362.0	False	1|2	0.4	0.0714285714285714	1	3	3	0	0	2	3	3	0	0	0	0	16	12.0	12.0	0			3	2	1.0	0	9	1	0	False			noncanonicalB	0	8775217	BFB	BFB	BFB:noncanonicalB	candidate_region_label	region	candidate_region	AU565:chr6:0-8775217:7
AU565	AU565:chr6:24684333-34294777:8	AU565_3.87_0.86_0.95	/data/KolmogorovLab/HPV_Dean_Collab/nano_nf_runs/AU565/sv_cna_v2/wakhan/3.87_0.86_0.95/bed_output/AU565_3.87_0.86_0.95	/data/KolmogorovLab/HPV_Dean_Collab/nano_nf_runs/AU565/sv_cna_v2/wakhan/3.87_0.86_0.95/vcf_output/AU565_3.87_0.86_0.95_wakhan_cna_integers.vcf	/data/KolmogorovLab/HPV_Dean_Collab/nano_nf_runs/AU565/sv_cna_v2/severus/somatic_SVs/severus_somatic.vcf	C4	chr6	p	24684333	34294777	24684333-34294777	10	10	5	9610445	1.0405345434056384e-06	True	4.279679869142376	3.7047148350057415	65448.0	299870.0	1670832.25	False	5|4	0.6	0.2222222222222222	0	0	1	2	3	3	1	0	0	0	0	0	11			0			6	1	0.0	1	3	0	1	False		canonical		24684333	34294777	chromothripsis	chromothripsis	chromothripsis:canonical	candidate_region_label	region	candidate_region	AU565:chr6:24684333-34294777:8
AU565	AU565:chr7:114215974-133164006:9	AU565_3.87_0.86_0.95	/data/KolmogorovLab/HPV_Dean_Collab/nano_nf_runs/AU565/sv_cna_v2/wakhan/3.87_0.86_0.95/bed_output/AU565_3.87_0.86_0.95	/data/KolmogorovLab/HPV_Dean_Collab/nano_nf_runs/AU565/sv_cna_v2/wakhan/3.87_0.86_0.95/vcf_output/AU565_3.87_0.86_0.95_wakhan_cna_integers.vcf	/data/KolmogorovLab/HPV_Dean_Collab/nano_nf_runs/AU565/sv_cna_v2/severus/somatic_SVs/severus_somatic.vcf	C5	chr7	q	114215974	133164006	114215974-133164006	13	14	12	18948033	7.388629732701014e-07	True	8.39861214090138	3.7047148350057415	197069.5	426320.5	2085418.0	False	8|9	0.4285714285714285	0.0	1	1	1	0	1	0	0	0	7	3	0	0	15	1.0	12.0	2	11.0	12.0	4	2	5.0	2	2	0	2	False	noncanonical		noncanonicalB	114215974	133164006	Seismic_Amplification;BFB	Seismic_Amplification;BFB	Seismic_Amplification:noncanonical;BFB:noncanonicalB	candidate_region_label	region	candidate_region	AU565:chr7:114215974-133164006:9
AU565	AU565:chr8:47000001-50494087:10	AU565_3.87_0.86_0.95	/data/KolmogorovLab/HPV_Dean_Collab/nano_nf_runs/AU565/sv_cna_v2/wakhan/3.87_0.86_0.95/bed_output/AU565_3.87_0.86_0.95	/data/KolmogorovLab/HPV_Dean_Collab/nano_nf_runs/AU565/sv_cna_v2/wakhan/3.87_0.86_0.95/vcf_output/AU565_3.87_0.86_0.95_wakhan_cna_integers.vcf	/data/KolmogorovLab/HPV_Dean_Collab/nano_nf_runs/AU565/sv_cna_v2/severus/somatic_SVs/severus_somatic.vcf	C6	chr8	q	47000001	50494087	47000001-50494087	7	7	5	3494087	2.003384575140802e-06	True	4.463317312934681	3.7047148350057415	102772.5	204435.0	676022.5	False	3|2	0.5714285714285714	0.3333333333333333	1	0	2	2	0	0	0	0	1	0	0	1	8	4.0	5.0	1	4.0	4.0	0	0	2.0	2	4	0	2	True	noncanonical		noncanonicalB	47000001	50494087	ecDNA;Seismic_Amplification;BFB	ecDNA;Seismic_Amplification;BFB	ecDNA;Seismic_Amplification:noncanonical;BFB:noncanonicalB	candidate_region_label	region	candidate_region	AU565:chr8:47000001-50494087:10
AU565	AU565:chr8:70898854-90691867:11	AU565_3.87_0.86_0.95	/data/KolmogorovLab/HPV_Dean_Collab/nano_nf_runs/AU565/sv_cna_v2/wakhan/3.87_0.86_0.95/bed_output/AU565_3.87_0.86_0.95	/data/KolmogorovLab/HPV_Dean_Collab/nano_nf_runs/AU565/sv_cna_v2/wakhan/3.87_0.86_0.95/vcf_output/AU565_3.87_0.86_0.95_wakhan_cna_integers.vcf	/data/KolmogorovLab/HPV_Dean_Collab/nano_nf_runs/AU565/sv_cna_v2/severus/somatic_SVs/severus_somatic.vcf	C6	chr8	q	70898854	90691867	70898854-90691867	59	59	42	19793014	2.980849707881781e-06	True	15.214586368705646	3.7047148350057415	88076.5	186399.0	307138.0	False	3|10	0.1016949152542373	0.0172413793103448	2	0	0	3	2	1	1	3	7	16	20	4	61			0			12	7	0.0	13	27	2	13	True	noncanonical		noncanonicalB	70898854	90691867	ecDNA;Seismic_Amplification;BFB	ecDNA;Seismic_Amplification;BFB	ecDNA;Seismic_Amplification:noncanonical;BFB:noncanonicalB	candidate_region_label	region	candidate_region	AU565:chr8:70898854-90691867:11
AU565	AU565:chr8:103691910-145138636:12	AU565_3.87_0.86_0.95	/data/KolmogorovLab/HPV_Dean_Collab/nano_nf_runs/AU565/sv_cna_v2/wakhan/3.87_0.86_0.95/bed_output/AU565_3.87_0.86_0.95	/data/KolmogorovLab/HPV_Dean_Collab/nano_nf_runs/AU565/sv_cna_v2/wakhan/3.87_0.86_0.95/vcf_output/AU565_3.87_0.86_0.95_wakhan_cna_integers.vcf	/data/KolmogorovLab/HPV_Dean_Collab/nano_nf_runs/AU565/sv_cna_v2/severus/somatic_SVs/severus_somatic.vcf	C6	chr8	q	103691910	145138636	103691910-145138636	104	104	68	41446727	2.509245181169553e-06	True	11.655934520474922	3.7047148350057415	78767.25	175732.5	443418.75	False	2|3	0.1826923076923076	0.0485436893203883	7	4	10	9	6	2	2	0	1	19	32	12	105	17.0	95.0	2	17.0	28.0	29	13	4.0	23	35	1	23	True	noncanonical		noncanonicalB	103691910	145138636	ecDNA;Seismic_Amplification;BFB	ecDNA;Seismic_Amplification;BFB	ecDNA;Seismic_Amplification:noncanonical;BFB:noncanonicalB	candidate_region_label	region	candidate_region	AU565:chr8:103691910-145138636:12
AU565	AU565:chr10:27994282-32989762:13	AU565_3.87_0.86_0.95	/data/KolmogorovLab/HPV_Dean_Collab/nano_nf_runs/AU565/sv_cna_v2/wakhan/3.87_0.86_0.95/bed_output/AU565_3.87_0.86_0.95	/data/KolmogorovLab/HPV_Dean_Collab/nano_nf_runs/AU565/sv_cna_v2/wakhan/3.87_0.86_0.95/vcf_output/AU565_3.87_0.86_0.95_wakhan_cna_integers.vcf	/data/KolmogorovLab/HPV_Dean_Collab/nano_nf_runs/AU565/sv_cna_v2/severus/somatic_SVs/severus_somatic.vcf	C7	chr10	p	27994282	32989762	27994282-32989762	5	5	4	4995481	1.0009046175933808e-06	True	2.008350747405505	3.7047148350057415	471385.0	481285.0	508154.0	False	5|4	0.6	0.5	0	1	0	1	1	2	0	0	0	0	0	0	6			0			4	0	0.0	1	1	0	1	False				27994282	32989762				candidate_region_empty	empty_candidate_region	candidate_region	
AU565	AU565:chr10:55213168-71714103:14	AU565_3.87_0.86_0.95	/data/KolmogorovLab/HPV_Dean_Collab/nano_nf_runs/AU565/sv_cna_v2/wakhan/3.87_0.86_0.95/bed_output/AU565_3.87_0.86_0.95	/data/KolmogorovLab/HPV_Dean_Collab/nano_nf_runs/AU565/sv_cna_v2/wakhan/3.87_0.86_0.95/vcf_output/AU565_3.87_0.86_0.95_wakhan_cna_integers.vcf	/data/KolmogorovLab/HPV_Dean_Collab/nano_nf_runs/AU565/sv_cna_v2/severus/somatic_SVs/severus_somatic.vcf	C8	chr10	q	55213168	71714103	55213168-71714103	21	21	17	16500936	1.2726550784755482e-06	True	4.240793310149194	3.7047148350057415	136527.0	413819.0	567907.0	False	4|6	0.7142857142857143	0.5	0	0	0	2	10	2	5	2	0	0	0	0	23	15.0	15.0	0			5	4	1.0	2	11	0	2	False			noncanonicalB	55213168	71714103	BFB	BFB	BFB:noncanonicalB	candidate_region_label	region	candidate_region	AU565:chr10:55213168-71714103:14
AU565	AU565:chr14:45524644-58036648:15	AU565_3.87_0.86_0.95	/data/KolmogorovLab/HPV_Dean_Collab/nano_nf_runs/AU565/sv_cna_v2/wakhan/3.87_0.86_0.95/bed_output/AU565_3.87_0.86_0.95	/data/KolmogorovLab/HPV_Dean_Collab/nano_nf_runs/AU565/sv_cna_v2/wakhan/3.87_0.86_0.95/vcf_output/AU565_3.87_0.86_0.95_wakhan_cna_integers.vcf	/data/KolmogorovLab/HPV_Dean_Collab/nano_nf_runs/AU565/sv_cna_v2/severus/somatic_SVs/severus_somatic.vcf	C6	chr14	q	45524644	58036648	45524644-58036648	10	10	8	12512005	7.992324171865341e-07	True	4.505988688463599	3.7047148350057415	240669.25	824103.0	1004713.5	False	4|8	0.6	0.3333333333333333	0	0	1	0	3	1	1	0	4	0	0	0	12			0			0	0	0.0	9	3	0	9	True	noncanonical		noncanonicalB	45524644	58036648	ecDNA;Seismic_Amplification;BFB	ecDNA;Seismic_Amplification;BFB	ecDNA;Seismic_Amplification:noncanonical;BFB:noncanonicalB	candidate_region_label	region	candidate_region	AU565:chr14:45524644-58036648:15
AU565	AU565:chr17:28000001-42420153:16	AU565_3.87_0.86_0.95	/data/KolmogorovLab/HPV_Dean_Collab/nano_nf_runs/AU565/sv_cna_v2/wakhan/3.87_0.86_0.95/bed_output/AU565_3.87_0.86_0.95	/data/KolmogorovLab/HPV_Dean_Collab/nano_nf_runs/AU565/sv_cna_v2/wakhan/3.87_0.86_0.95/vcf_output/AU565_3.87_0.86_0.95_wakhan_cna_integers.vcf	/data/KolmogorovLab/HPV_Dean_Collab/nano_nf_runs/AU565/sv_cna_v2/severus/somatic_SVs/severus_somatic.vcf	C9	chr17	q	28000001	42420153	28000001-42420153	10	11	11	14420153	7.62821309870984e-07	True	6.346199031314023	3.7047148350057415	325328.0	790663.0	1186888.5	False	1|4	0.2727272727272727	0.0	0	2	1	0	1	1	0	1	2	0	3	0	11	9.0	9.0	0			3	1	1.0	6	0	0	6	True	noncanonical		noncanonicalB	28000001	42420153	ecDNA;Seismic_Amplification;BFB	ecDNA;Seismic_Amplification;BFB	ecDNA;Seismic_Amplification:noncanonical;BFB:noncanonicalB	candidate_region_label	region	candidate_region	AU565:chr17:28000001-42420153:16
AU565	AU565:chr17:62570891-83257441:17	AU565_3.87_0.86_0.95	/data/KolmogorovLab/HPV_Dean_Collab/nano_nf_runs/AU565/sv_cna_v2/wakhan/3.87_0.86_0.95/bed_output/AU565_3.87_0.86_0.95	/data/KolmogorovLab/HPV_Dean_Collab/nano_nf_runs/AU565/sv_cna_v2/wakhan/3.87_0.86_0.95/vcf_output/AU565_3.87_0.86_0.95_wakhan_cna_integers.vcf	/data/KolmogorovLab/HPV_Dean_Collab/nano_nf_runs/AU565/sv_cna_v2/severus/somatic_SVs/severus_somatic.vcf	C9	chr17	q	62570891	83257441	62570891-83257441	15	16	16	20686551	7.734493778107332e-07	True	4.405269684637134	3.7047148350057415	323655.0	580448.0	1495088.25	False	3|5	0.4375	0.2	0	0	2	4	2	3	2	1	1	1	0	0	16			0			4	5	0.0	5	2	0	5	True	noncanonical		noncanonicalB	62570891	83257441	ecDNA;Seismic_Amplification;BFB	ecDNA;Seismic_Amplification;BFB	ecDNA;Seismic_Amplification:noncanonical;BFB:noncanonicalB	candidate_region_label	region	candidate_region	AU565:chr17:62570891-83257441:17
AU565	AU565:chr18:47315093-56791383:18	AU565_3.87_0.86_0.95	/data/KolmogorovLab/HPV_Dean_Collab/nano_nf_runs/AU565/sv_cna_v2/wakhan/3.87_0.86_0.95/bed_output/AU565_3.87_0.86_0.95	/data/KolmogorovLab/HPV_Dean_Collab/nano_nf_runs/AU565/sv_cna_v2/wakhan/3.87_0.86_0.95/vcf_output/AU565_3.87_0.86_0.95_wakhan_cna_integers.vcf	/data/KolmogorovLab/HPV_Dean_Collab/nano_nf_runs/AU565/sv_cna_v2/severus/somatic_SVs/severus_somatic.vcf	C10	chr18	q	47315093	56791383	47315093-56791383	4	4	4	9476291	4.221060750456059e-07	True	1.816798154467819	3.7047148350057415	2007271.5	2666659.0	3028460.25	False	2|3	0.75	0.3333333333333333	0	1	2	1	0	0	0	0	0	0	0	0	5			0			1	0	0.0	1	3	0	1	False				47315093	56791383				candidate_region_empty	empty_candidate_region	candidate_region	
AU565	AU565:chr20:0-58962673:19	AU565_3.87_0.86_0.95	/data/KolmogorovLab/HPV_Dean_Collab/nano_nf_runs/AU565/sv_cna_v2/wakhan/3.87_0.86_0.95/bed_output/AU565_3.87_0.86_0.95	/data/KolmogorovLab/HPV_Dean_Collab/nano_nf_runs/AU565/sv_cna_v2/wakhan/3.87_0.86_0.95/vcf_output/AU565_3.87_0.86_0.95_wakhan_cna_integers.vcf	/data/KolmogorovLab/HPV_Dean_Collab/nano_nf_runs/AU565/sv_cna_v2/severus/somatic_SVs/severus_somatic.vcf	C11	chr20	mixed	0	58962673	0-58962673	71	73	53	58962674	1.2380713941162166e-06	True	5.797808881598551	3.7047148350057415	91469.0	252095.0	746263.0	False	5|7	0.3424657534246575	0.0972222222222222	0	0	0	2	1	13	10	12	24	11	0	0	71	29.0	29.0	0			19	19	1.0	0	31	1	0	False	canonical		noncanonicalB	0	58962673	Seismic_Amplification;BFB	Seismic_Amplification;BFB	Seismic_Amplification:canonical;BFB:noncanonicalB	candidate_region_label	region	candidate_region	AU565:chr20:0-58962673:19
AU565	AU565:chr22:46498609-50818468:20	AU565_3.87_0.86_0.95	/data/KolmogorovLab/HPV_Dean_Collab/nano_nf_runs/AU565/sv_cna_v2/wakhan/3.87_0.86_0.95/bed_output/AU565_3.87_0.86_0.95	/data/KolmogorovLab/HPV_Dean_Collab/nano_nf_runs/AU565/sv_cna_v2/wakhan/3.87_0.86_0.95/vcf_output/AU565_3.87_0.86_0.95_wakhan_cna_integers.vcf	/data/KolmogorovLab/HPV_Dean_Collab/nano_nf_runs/AU565/sv_cna_v2/severus/somatic_SVs/severus_somatic.vcf	C12	chr22	q	46498609	50818468	46498609-50818468	6	6	5	4319860	1.388933900635669e-06	True	3.5062559897774466	3.7047148350057415	168166.75	490521.5	906843.75	False	4|1	0.5	0.0	0	1	1	1	2	0	1	0	0	0	0	0	5			0			2	2	0.0	0	0	1	0	False				46498609	50818468				candidate_region_empty	empty_candidate_region	candidate_region	
BT474	BT474:chr1:151000001-176668027:1	BT474_3.98_0.29_0.96	/vf/users/KolmogorovLab/HPV_Dean_Collab/nano_nf_runs/BT474/sv_cna_v2/wakhan/3.98_0.29_0.96/bed_output/BT474_3.98_0.29_0.96	/vf/users/KolmogorovLab/HPV_Dean_Collab/nano_nf_runs/BT474/sv_cna_v2/wakhan/3.98_0.29_0.96/vcf_output/BT474_3.98_0.29_0.96_wakhan_cna_integers.vcf	/data/KolmogorovLab/HPV_Dean_Collab/nano_nf_runs/BT474/sv_cna_v2/severus/somatic_SVs/severus_somatic.vcf	C1	chr1	q	151000001	176668027	151000001-176668027	27	27	24	25668027	1.0518923016560642e-06	True	7.196018026629004	3.791251379838812	339333.0	700824.0	1189754.5	False	2|8	0.3703703703703703	0.0384615384615384	0	0	5	0	0	2	3	1	9	7	0	0	27			0			5	2	0.0	8	12	0	8	False	noncanonical		noncanonicalB	151000001	176668027	Seismic_Amplification;BFB	Seismic_Amplification;BFB	Seismic_Amplification:noncanonical;BFB:noncanonicalB	candidate_region_label	region	candidate_region	BT474:chr1:151000001-176668027:1
BT474	BT474:chr1:189780634-204485228:2	BT474_3.98_0.29_0.96	/vf/users/KolmogorovLab/HPV_Dean_Collab/nano_nf_runs/BT474/sv_cna_v2/wakhan/3.98_0.29_0.96/bed_output/BT474_3.98_0.29_0.96	/vf/users/KolmogorovLab/HPV_Dean_Collab/nano_nf_runs/BT474/sv_cna_v2/wakhan/3.98_0.29_0.96/vcf_output/BT474_3.98_0.29_0.96_wakhan_cna_integers.vcf	/data/KolmogorovLab/HPV_Dean_Collab/nano_nf_runs/BT474/sv_cna_v2/severus/somatic_SVs/severus_somatic.vcf	C1	chr1	q	189780634	204485228	189780634-204485228	17	17	12	14704595	1.1561012050994945e-06	True	5.276171156022999	3.791251379838812	95401.0	302931.0	1045981.0	False	6|2	0.3529411764705882	0.0	0	0	3	1	0	2	3	1	1	6	0	0	18	6.0	6.0	1	6.0	6.0	1	1	1.0	8	6	1	8	False	noncanonical		noncanonicalB	189780634	204485228	Seismic_Amplification;BFB	Seismic_Amplification;BFB	Seismic_Amplification:noncanonical;BFB:noncanonicalB	candidate_region_label	region	candidate_region	BT474:chr1:189780634-204485228:2
BT474	BT474:chr1:225071131-248956422:3	BT474_3.98_0.29_0.96	/vf/users/KolmogorovLab/HPV_Dean_Collab/nano_nf_runs/BT474/sv_cna_v2/wakhan/3.98_0.29_0.96/bed_output/BT474_3.98_0.29_0.96	/vf/users/KolmogorovLab/HPV_Dean_Collab/nano_nf_runs/BT474/sv_cna_v2/wakhan/3.98_0.29_0.96/vcf_output/BT474_3.98_0.29_0.96_wakhan_cna_integers.vcf	/data/KolmogorovLab/HPV_Dean_Collab/nano_nf_runs/BT474/sv_cna_v2/severus/somatic_SVs/severus_somatic.vcf	C1	chr1	q	225071131	248956422	225071131-248956422	27	27	21	23885292	1.1304027599913788e-06	True	6.823919422881663	3.791251379838812	145241.0	418782.0	1226364.0	False	7|2	0.2222222222222222	0.0384615384615384	0	0	3	2	0	2	3	3	2	8	4	0	26			0			3	3	0.0	9	11	0	9	False	noncanonical		noncanonicalB	225071131	248956422	Seismic_Amplification;BFB	Seismic_Amplification;BFB	Seismic_Amplification:noncanonical;BFB:noncanonicalB	candidate_region_label	region	candidate_region	BT474:chr1:225071131-248956422:3
BT474	BT474:chr2:0-12798428:4	BT474_3.98_0.29_0.96	/vf/users/KolmogorovLab/HPV_Dean_Collab/nano_nf_runs/BT474/sv_cna_v2/wakhan/3.98_0.29_0.96/bed_output/BT474_3.98_0.29_0.96	/vf/users/KolmogorovLab/HPV_Dean_Collab/nano_nf_runs/BT474/sv_cna_v2/wakhan/3.98_0.29_0.96/vcf_output/BT474_3.98_0.29_0.96_wakhan_cna_integers.vcf	/data/KolmogorovLab/HPV_Dean_Collab/nano_nf_runs/BT474/sv_cna_v2/severus/somatic_SVs/severus_somatic.vcf	C2	chr2	p	0	12798428	0-12798428	5	5	4	12798429	3.9067294900022493e-07	True	4.076894125052379	3.791251379838812	1894228.0	2364656.0	3750724.0	False	2|0	0.6	0.0	1	0	2	0	1	0	1	0	0	0	0	0	5	1.0	1.0	0			1	1	1.0	0	2	0	0	False		noncanonical	noncanonicalB	0	12798428	chromothripsis;BFB	chromothripsis;BFB	chromothripsis:noncanonical;BFB:noncanonicalB	candidate_region_label	region	candidate_region	BT474:chr2:0-12798428:4
BT474	BT474:chr3:94000001-96109704:5	BT474_3.98_0.29_0.96	/vf/users/KolmogorovLab/HPV_Dean_Collab/nano_nf_runs/BT474/sv_cna_v2/wakhan/3.98_0.29_0.96/bed_output/BT474_3.98_0.29_0.96	/vf/users/KolmogorovLab/HPV_Dean_Collab/nano_nf_runs/BT474/sv_cna_v2/wakhan/3.98_0.29_0.96/vcf_output/BT474_3.98_0.29_0.96_wakhan_cna_integers.vcf	/data/KolmogorovLab/HPV_Dean_Collab/nano_nf_runs/BT474/sv_cna_v2/severus/somatic_SVs/severus_somatic.vcf	C3	chr3	q	94000001	96109704	94000001-96109704	1	1	1	2109704	4.740001440960438e-07	True	4.0	3.791251379838812	2109704.0	2109704.0	2109704.0	False		0.0	0.0	0	0	0	0	1	0	0	0	0	0	0	0	1	1.0	1.0	0			0	0	1.0	0	0	0	0	False			noncanonicalB	94000001	96109704	BFB	BFB	BFB:noncanonicalB	candidate_region_label	region	candidate_region	BT474:chr3:94000001-96109704:5
BT474	BT474:chr4:75139194-78870225:6	BT474_3.98_0.29_0.96	/vf/users/KolmogorovLab/HPV_Dean_Collab/nano_nf_runs/BT474/sv_cna_v2/wakhan/3.98_0.29_0.96/bed_output/BT474_3.98_0.29_0.96	/vf/users/KolmogorovLab/HPV_Dean_Collab/nano_nf_runs/BT474/sv_cna_v2/wakhan/3.98_0.29_0.96/vcf_output/BT474_3.98_0.29_0.96_wakhan_cna_integers.vcf	/data/KolmogorovLab/HPV_Dean_Collab/nano_nf_runs/BT474/sv_cna_v2/severus/somatic_SVs/severus_somatic.vcf	C4	chr4	q	75139194	78870225	75139194-78870225	11	11	8	3731032	2.9482459544705057e-06	True	9.240580622197829	3.791251379838812	112115.5	150782.0	506924.5	False	14|18	0.1818181818181818	0.1	0	0	1	0	0	1	0	1	2	6	0	0	14			0			0	0	0.0	9	5	0	9	False	noncanonical			75139194	78870225	Seismic_Amplification	Seismic_Amplification	Seismic_Amplification:noncanonical	candidate_region_label	region	candidate_region	BT474:chr4:75139194-78870225:6
BT474	BT474:chr4:177350069-190214555:7	BT474_3.98_0.29_0.96	/vf/users/KolmogorovLab/HPV_Dean_Collab/nano_nf_runs/BT474/sv_cna_v2/wakhan/3.98_0.29_0.96/bed_output/BT474_3.98_0.29_0.96	/vf/users/KolmogorovLab/HPV_Dean_Collab/nano_nf_runs/BT474/sv_cna_v2/wakhan/3.98_0.29_0.96/vcf_output/BT474_3.98_0.29_0.96_wakhan_cna_integers.vcf	/data/KolmogorovLab/HPV_Dean_Collab/nano_nf_runs/BT474/sv_cna_v2/severus/somatic_SVs/severus_somatic.vcf	C5	chr4	q	177350069	190214555	177350069-190214555	11	11	8	12864487	8.550671317091773e-07	True	4.000243927332664	3.791251379838812	120612.0	303357.0	1346385.5	False	2|5	0.4545454545454545	0.2	0	0	3	0	1	2	1	1	0	3	0	0	10	10.0	10.0	0			0	0	1.0	9	0	0	9	False	noncanonical		noncanonicalB	177350069	190214555	Seismic_Amplification;BFB	Seismic_Amplification;BFB	Seismic_Amplification:noncanonical;BFB:noncanonicalB	candidate_region_label	region	candidate_region	BT474:chr4:177350069-190214555:7
BT474	BT474:chr5:175902457-181538259:8	BT474_3.98_0.29_0.96	/vf/users/KolmogorovLab/HPV_Dean_Collab/nano_nf_runs/BT474/sv_cna_v2/wakhan/3.98_0.29_0.96/bed_output/BT474_3.98_0.29_0.96	/vf/users/KolmogorovLab/HPV_Dean_Collab/nano_nf_runs/BT474/sv_cna_v2/wakhan/3.98_0.29_0.96/vcf_output/BT474_3.98_0.29_0.96_wakhan_cna_integers.vcf	/data/KolmogorovLab/HPV_Dean_Collab/nano_nf_runs/BT474/sv_cna_v2/severus/somatic_SVs/severus_somatic.vcf	C6	chr5	q	175902457	181538259	175902457-181538259	5	5	4	5635803	8.871850204842149e-07	True	4.3553065996096745	3.791251379838812	168401.0	299219.0	1349698.0	False	7|3	0.4	0.25	0	0	1	1	1	1	0	1	0	0	0	0	4			0			0	4	0.0	0	0	0	0	False				175902457	181538259				candidate_region_empty	empty_candidate_region	candidate_region	
BT474	BT474:chr7:69449818-72861001:9	BT474_3.98_0.29_0.96	/vf/users/KolmogorovLab/HPV_Dean_Collab/nano_nf_runs/BT474/sv_cna_v2/wakhan/3.98_0.29_0.96/bed_output/BT474_3.98_0.29_0.96	/vf/users/KolmogorovLab/HPV_Dean_Collab/nano_nf_runs/BT474/sv_cna_v2/wakhan/3.98_0.29_0.96/vcf_output/BT474_3.98_0.29_0.96_wakhan_cna_integers.vcf	/data/KolmogorovLab/HPV_Dean_Collab/nano_nf_runs/BT474/sv_cna_v2/severus/somatic_SVs/severus_somatic.vcf	C7	chr7	q	69449818	72861001	69449818-72861001	9	9	7	3411184	2.6383801049723496e-06	True	8.432390337196704	3.791251379838812	161710.0	210286.0	377403.0	False	7|9	0.4444444444444444	0.125	0	0	0	0	0	0	0	2	3	4	0	0	10			0			2	4	0.0	1	3	0	1	False	noncanonical			69449818	72861001	Seismic_Amplification	Seismic_Amplification	Seismic_Amplification:noncanonical	candidate_region_label	region	candidate_region	BT474:chr7:69449818-72861001:9
BT474	BT474:chr8:70366367-80940353:10	BT474_3.98_0.29_0.96	/vf/users/KolmogorovLab/HPV_Dean_Collab/nano_nf_runs/BT474/sv_cna_v2/wakhan/3.98_0.29_0.96/bed_output/BT474_3.98_0.29_0.96	/vf/users/KolmogorovLab/HPV_Dean_Collab/nano_nf_runs/BT474/sv_cna_v2/wakhan/3.98_0.29_0.96/vcf_output/BT474_3.98_0.29_0.96_wakhan_cna_integers.vcf	/data/KolmogorovLab/HPV_Dean_Collab/nano_nf_runs/BT474/sv_cna_v2/severus/somatic_SVs/severus_somatic.vcf	C8	chr8	q	70366367	80940353	70366367-80940353	6	6	6	10573987	5.674302417810803e-07	True	6.387125405015157	3.791251379838812	497664.0	858782.5	2940124.25	False	4|9	0.5	0.2	0	0	0	0	2	1	0	1	2	0	0	0	8			0			4	3	0.0	0	1	0	0	False				70366367	80940353				candidate_region_empty	empty_candidate_region	candidate_region	
BT474	BT474:chr9:32557750-37999999:11	BT474_3.98_0.29_0.96	/vf/users/KolmogorovLab/HPV_Dean_Collab/nano_nf_runs/BT474/sv_cna_v2/wakhan/3.98_0.29_0.96/bed_output/BT474_3.98_0.29_0.96	/vf/users/KolmogorovLab/HPV_Dean_Collab/nano_nf_runs/BT474/sv_cna_v2/wakhan/3.98_0.29_0.96/vcf_output/BT474_3.98_0.29_0.96_wakhan_cna_integers.vcf	/data/KolmogorovLab/HPV_Dean_Collab/nano_nf_runs/BT474/sv_cna_v2/severus/somatic_SVs/severus_somatic.vcf	C9	chr9	p	32557750	37999999	32557750-37999999	5	5	4	5442250	9.187376544627682e-07	True	3.706792594974505	3.791251379838812	396935.0	593951.0	1835493.0	False	4|3	0.4	0.25	1	1	0	1	1	0	0	0	0	1	0	0	5	1.0	5.0	0			1	0	4.0	0	0	0	0	False			noncanonicalB	32557750	37999999	BFB	BFB	BFB:noncanonicalB	candidate_region_label	region	candidate_region	BT474:chr9:32557750-37999999:11
BT474	BT474:chr9:114665482-133000833:12	BT474_3.98_0.29_0.96	/vf/users/KolmogorovLab/HPV_Dean_Collab/nano_nf_runs/BT474/sv_cna_v2/wakhan/3.98_0.29_0.96/bed_output/BT474_3.98_0.29_0.96	/vf/users/KolmogorovLab/HPV_Dean_Collab/nano_nf_runs/BT474/sv_cna_v2/wakhan/3.98_0.29_0.96/vcf_output/BT474_3.98_0.29_0.96_wakhan_cna_integers.vcf	/data/KolmogorovLab/HPV_Dean_Collab/nano_nf_runs/BT474/sv_cna_v2/severus/somatic_SVs/severus_somatic.vcf	C10	chr9	q	114665482	133000833	114665482-133000833	17	17	16	18335352	9.271706373567304e-07	True	8.094109510414635	3.791251379838812	256540.0	788531.0	1642662.0	False	2|8	0.2352941176470588	0.0	1	0	2	0	1	1	1	2	3	6	0	0	18	9.0	9.0	0			6	2	1.0	7	2	0	7	False	noncanonical		noncanonicalB	114665482	133000833	Seismic_Amplification;BFB	Seismic_Amplification;BFB	Seismic_Amplification:noncanonical;BFB:noncanonicalB	candidate_region_label	region	candidate_region	BT474:chr9:114665482-133000833:12
BT474	BT474:chr11:0-4707947:13	BT474_3.98_0.29_0.96	/vf/users/KolmogorovLab/HPV_Dean_Collab/nano_nf_runs/BT474/sv_cna_v2/wakhan/3.98_0.29_0.96/bed_output/BT474_3.98_0.29_0.96	/vf/users/KolmogorovLab/HPV_Dean_Collab/nano_nf_runs/BT474/sv_cna_v2/wakhan/3.98_0.29_0.96/vcf_output/BT474_3.98_0.29_0.96_wakhan_cna_integers.vcf	/data/KolmogorovLab/HPV_Dean_Collab/nano_nf_runs/BT474/sv_cna_v2/severus/somatic_SVs/severus_somatic.vcf	C11	chr11	p	0	4707947	0-4707947	1	1	1	4707948	2.1240676405091986e-07	True	0.0	3.791251379838812	4707948.0	4707948.0	4707948.0	False		0.0	0.0	1	0	0	0	0	0	0	0	0	0	0	0	1	1.0	1.0	0			0	0	1.0	0	0	0	0	False			noncanonicalB	0	4707947	BFB	BFB	BFB:noncanonicalB	candidate_region_label	region	candidate_region	BT474:chr11:0-4707947:13
BT474	BT474:chr11:55000001-79871797:14	BT474_3.98_0.29_0.96	/vf/users/KolmogorovLab/HPV_Dean_Collab/nano_nf_runs/BT474/sv_cna_v2/wakhan/3.98_0.29_0.96/bed_output/BT474_3.98_0.29_0.96	/vf/users/KolmogorovLab/HPV_Dean_Collab/nano_nf_runs/BT474/sv_cna_v2/wakhan/3.98_0.29_0.96/vcf_output/BT474_3.98_0.29_0.96_wakhan_cna_integers.vcf	/data/KolmogorovLab/HPV_Dean_Collab/nano_nf_runs/BT474/sv_cna_v2/severus/somatic_SVs/severus_somatic.vcf	C12	chr11	q	55000001	79871797	55000001-79871797	42	42	30	24871797	1.6886596493208754e-06	True	7.86862424938576	3.791251379838812	77177.25	221991.5	741324.25	False	8|11	0.2619047619047619	0.073170731707317	1	2	1	1	1	4	0	0	12	20	0	0	45			0			9	17	0.0	10	9	0	10	False	noncanonical			55000001	79871797	Seismic_Amplification	Seismic_Amplification	Seismic_Amplification:noncanonical	candidate_region_label	region	candidate_region	BT474:chr11:55000001-79871797:14
BT474	BT474:chr11:99415081-103035786:15	BT474_3.98_0.29_0.96	/vf/users/KolmogorovLab/HPV_Dean_Collab/nano_nf_runs/BT474/sv_cna_v2/wakhan/3.98_0.29_0.96/bed_output/BT474_3.98_0.29_0.96	/vf/users/KolmogorovLab/HPV_Dean_Collab/nano_nf_runs/BT474/sv_cna_v2/wakhan/3.98_0.29_0.96/vcf_output/BT474_3.98_0.29_0.96_wakhan_cna_integers.vcf	/data/KolmogorovLab/HPV_Dean_Collab/nano_nf_runs/BT474/sv_cna_v2/severus/somatic_SVs/severus_somatic.vcf	C12	chr11	q	99415081	103035786	99415081-103035786	4	4	4	3620706	1.104756917573534e-06	True	16.695228223445923	3.791251379838812	621245.5	851279.0	1135210.0	False	13|20	0.75	0.3333333333333333	0	0	0	0	0	0	0	0	0	4	0	0	5			0			2	3	0.0	0	0	0	0	False	noncanonical			99415081	103035786	Seismic_Amplification	Seismic_Amplification	Seismic_Amplification:noncanonical	candidate_region_label	region	candidate_region	BT474:chr11:99415081-103035786:15
BT474	BT474:chr12:79130813-89476457:16	BT474_3.98_0.29_0.96	/vf/users/KolmogorovLab/HPV_Dean_Collab/nano_nf_runs/BT474/sv_cna_v2/wakhan/3.98_0.29_0.96/bed_output/BT474_3.98_0.29_0.96	/vf/users/KolmogorovLab/HPV_Dean_Collab/nano_nf_runs/BT474/sv_cna_v2/wakhan/3.98_0.29_0.96/vcf_output/BT474_3.98_0.29_0.96_wakhan_cna_integers.vcf	/data/KolmogorovLab/HPV_Dean_Collab/nano_nf_runs/BT474/sv_cna_v2/severus/somatic_SVs/severus_somatic.vcf	C13	chr12	q	79130813	89476457	79130813-89476457	14	14	10	10345645	1.3532264058934944e-06	True	6.131956586563718	3.791251379838812	80957.5	172424.5	793251.75	False	9|7	0.3571428571428571	0.1538461538461538	0	0	1	0	1	2	1	2	4	3	0	0	15	9.0	13.0	2	9.0	13.0	3	7	2.0	0	3	0	0	False	canonical		noncanonicalB	79130813	89476457	Seismic_Amplification;BFB	Seismic_Amplification;BFB	Seismic_Amplification:canonical;BFB:noncanonicalB	candidate_region_label	region	candidate_region	BT474:chr12:79130813-89476457:16
BT474	BT474:chr14:86217710-91424394:17	BT474_3.98_0.29_0.96	/vf/users/KolmogorovLab/HPV_Dean_Collab/nano_nf_runs/BT474/sv_cna_v2/wakhan/3.98_0.29_0.96/bed_output/BT474_3.98_0.29_0.96	/vf/users/KolmogorovLab/HPV_Dean_Collab/nano_nf_runs/BT474/sv_cna_v2/wakhan/3.98_0.29_0.96/vcf_output/BT474_3.98_0.29_0.96_wakhan_cna_integers.vcf	/data/KolmogorovLab/HPV_Dean_Collab/nano_nf_runs/BT474/sv_cna_v2/severus/somatic_SVs/severus_somatic.vcf	C14	chr14	q	86217710	91424394	86217710-91424394	5	5	5	5206685	9.60303916983647e-07	True	10.33392686517429	3.791251379838812	306428.0	1113060.0	1582718.0	False	8|11	0.6	0.5	0	0	0	0	0	0	0	0	2	3	0	0	6			0			1	1	0.0	2	2	0	2	False	noncanonical			86217710	91424394	Seismic_Amplification	Seismic_Amplification	Seismic_Amplification:noncanonical	candidate_region_label	region	candidate_region	BT474:chr14:86217710-91424394:17
BT474	BT474:chr15:21000001-34214736:18	BT474_3.98_0.29_0.96	/vf/users/KolmogorovLab/HPV_Dean_Collab/nano_nf_runs/BT474/sv_cna_v2/wakhan/3.98_0.29_0.96/bed_output/BT474_3.98_0.29_0.96	/vf/users/KolmogorovLab/HPV_Dean_Collab/nano_nf_runs/BT474/sv_cna_v2/wakhan/3.98_0.29_0.96/vcf_output/BT474_3.98_0.29_0.96_wakhan_cna_integers.vcf	/data/KolmogorovLab/HPV_Dean_Collab/nano_nf_runs/BT474/sv_cna_v2/severus/somatic_SVs/severus_somatic.vcf	C15	chr15	q	21000001	34214736	21000001-34214736	27	27	25	13214736	2.0431736207215944e-06	True	7.874287159425659	3.791251379838812	159209.5	260739.0	500788.0	False	5|1	0.2962962962962963	0.1153846153846153	1	3	1	3	3	5	0	1	1	4	3	2	28	3.0	14.0	2	6.0	11.0	4	2	6.0	5	11	0	5	True	noncanonical		noncanonicalB	21000001	34214736	ecDNA;Seismic_Amplification;BFB	ecDNA;Seismic_Amplification;BFB	ecDNA;Seismic_Amplification:noncanonical;BFB:noncanonicalB	candidate_region_label	region	candidate_region	BT474:chr15:21000001-34214736:18
BT474	BT474:chr17:35844582-71997176:19	BT474_3.98_0.29_0.96	/vf/users/KolmogorovLab/HPV_Dean_Collab/nano_nf_runs/BT474/sv_cna_v2/wakhan/3.98_0.29_0.96/bed_output/BT474_3.98_0.29_0.96	/vf/users/KolmogorovLab/HPV_Dean_Collab/nano_nf_runs/BT474/sv_cna_v2/wakhan/3.98_0.29_0.96/vcf_output/BT474_3.98_0.29_0.96_wakhan_cna_integers.vcf	/data/KolmogorovLab/HPV_Dean_Collab/nano_nf_runs/BT474/sv_cna_v2/severus/somatic_SVs/severus_somatic.vcf	C16	chr17	q	35844582	71997176	35844582-71997176	105	106	64	36152595	2.932016360098079e-06	True	16.617031889412086	3.791251379838812	66729.5	136164.5	367607.0	False	14|6	0.1320754716981132	0.019047619047619	3	0	3	4	1	5	7	4	6	29	18	26	109	32.0	32.0	1	32.0	32.0	32	13	1.0	10	49	4	10	True	noncanonical		noncanonicalB	35844582	71997176	ecDNA;Seismic_Amplification;BFB	ecDNA;Seismic_Amplification;BFB	ecDNA;Seismic_Amplification:noncanonical;BFB:noncanonicalB	candidate_region_label	region	candidate_region	BT474:chr17:35844582-71997176:19
BT474	BT474:chr19:9837949-17541691:20	BT474_3.98_0.29_0.96	/vf/users/KolmogorovLab/HPV_Dean_Collab/nano_nf_runs/BT474/sv_cna_v2/wakhan/3.98_0.29_0.96/bed_output/BT474_3.98_0.29_0.96	/vf/users/KolmogorovLab/HPV_Dean_Collab/nano_nf_runs/BT474/sv_cna_v2/wakhan/3.98_0.29_0.96/vcf_output/BT474_3.98_0.29_0.96_wakhan_cna_integers.vcf	/data/KolmogorovLab/HPV_Dean_Collab/nano_nf_runs/BT474/sv_cna_v2/severus/somatic_SVs/severus_somatic.vcf	C17	chr19	p	9837949	17541691	9837949-17541691	14	14	14	7703743	1.817298422338336e-06	True	6.45778772734241	3.791251379838812	179309.75	256192.5	507941.0	False	11|5	0.4285714285714285	0.2307692307692307	0	1	0	1	0	3	3	2	1	3	0	0	15	1.0	1.0	0			4	0	1.0	3	6	1	3	False	noncanonical		noncanonicalB	9837949	17541691	Seismic_Amplification;BFB	Seismic_Amplification;BFB	Seismic_Amplification:noncanonical;BFB:noncanonicalB	candidate_region_label	region	candidate_region	BT474:chr19:9837949-17541691:20
BT474	BT474:chr20:32000001-64444167:21	BT474_3.98_0.29_0.96	/vf/users/KolmogorovLab/HPV_Dean_Collab/nano_nf_runs/BT474/sv_cna_v2/wakhan/3.98_0.29_0.96/bed_output/BT474_3.98_0.29_0.96	/vf/users/KolmogorovLab/HPV_Dean_Collab/nano_nf_runs/BT474/sv_cna_v2/wakhan/3.98_0.29_0.96/vcf_output/BT474_3.98_0.29_0.96_wakhan_cna_integers.vcf	/data/KolmogorovLab/HPV_Dean_Collab/nano_nf_runs/BT474/sv_cna_v2/severus/somatic_SVs/severus_somatic.vcf	C16	chr20	q	32000001	64444167	32000001-64444167	79	80	59	32444167	2.4657745104073714e-06	True	21.788406711135472	3.791251379838812	96589.5	186942.5	411424.75	False	0|2	0.125	0.0126582278481012	6	1	4	3	1	2	0	2	5	11	15	30	78			0			21	17	0.0	21	16	3	21	True	noncanonical		noncanonicalB	32000001	64444167	ecDNA;Seismic_Amplification;BFB	ecDNA;Seismic_Amplification;BFB	ecDNA;Seismic_Amplification:noncanonical;BFB:noncanonicalB	candidate_region_label	region	candidate_region	BT474:chr20:32000001-64444167:21
C33A	C33A:chr4:89023117-91166470:1	C33A_2.01_0.84_0.87	/data/KolmogorovLab/HPV_Dean_Collab/nano_nf_runs/C33A/sv_cna_v2/wakhan/2.01_0.84_0.87/bed_output/C33A_2.01_0.84_0.87	/data/KolmogorovLab/HPV_Dean_Collab/nano_nf_runs/C33A/sv_cna_v2/wakhan/2.01_0.84_0.87/vcf_output/C33A_2.01_0.84_0.87_wakhan_cna_integers.vcf	/data/KolmogorovLab/HPV_Dean_Collab/nano_nf_runs/C33A/sv_cna_v2/severus/somatic_SVs/severus_somatic.vcf	C1	chr4	q	89023117	91166470	89023117-91166470	7	7	6	2143354	3.265909411137871e-06	True	1.738382926945339	1.925569151384103	195575.5	234645.0	360174.0	False	2|1	0.7142857142857143	0.5	1	2	3	1	0	0	0	0	0	0	0	0	8			0			6	2	0.0	0	0	0	0	False				89023117	91166470				candidate_region_empty	empty_candidate_region	candidate_region	
C33A	C33A:chr5:92726384-94878736:2	C33A_2.01_0.84_0.87	/data/KolmogorovLab/HPV_Dean_Collab/nano_nf_runs/C33A/sv_cna_v2/wakhan/2.01_0.84_0.87/bed_output/C33A_2.01_0.84_0.87	/data/KolmogorovLab/HPV_Dean_Collab/nano_nf_runs/C33A/sv_cna_v2/wakhan/2.01_0.84_0.87/vcf_output/C33A_2.01_0.84_0.87_wakhan_cna_integers.vcf	/data/KolmogorovLab/HPV_Dean_Collab/nano_nf_runs/C33A/sv_cna_v2/severus/somatic_SVs/severus_somatic.vcf	C2	chr5	q	92726384	94878736	92726384-94878736	8	8	6	2152353	3.716862429164733e-06	True	2.043500764047533	1.925569151384103	108798.25	161991.0	246190.75	False	2|4	0.5	0.1428571428571428	1	1	2	1	2	1	0	0	0	0	0	0	9			0			4	5	0.0	0	0	0	0	False				92726384	94878736				candidate_region_empty	empty_candidate_region	candidate_region	
C33A	C33A:chr7:124475765-131164398:3	C33A_2.01_0.84_0.87	/data/KolmogorovLab/HPV_Dean_Collab/nano_nf_runs/C33A/sv_cna_v2/wakhan/2.01_0.84_0.87/bed_output/C33A_2.01_0.84_0.87	/data/KolmogorovLab/HPV_Dean_Collab/nano_nf_runs/C33A/sv_cna_v2/wakhan/2.01_0.84_0.87/vcf_output/C33A_2.01_0.84_0.87_wakhan_cna_integers.vcf	/data/KolmogorovLab/HPV_Dean_Collab/nano_nf_runs/C33A/sv_cna_v2/severus/somatic_SVs/severus_somatic.vcf	C3	chr7	q	124475765	131164398	124475765-131164398	7	7	5	6688634	1.0465515081255755e-06	True	2.9673715141238106	1.925569151384103	137696.5	743841.0	1729773.5	False	3|2	0.5714285714285714	0.1666666666666666	0	0	1	3	1	1	1	0	0	0	0	0	8	3.0	3.0	0			1	2	1.0	1	3	0	1	False		noncanonical	noncanonicalB	124475765	131164398	chromothripsis;BFB	chromothripsis;BFB	chromothripsis:noncanonical;BFB:noncanonicalB	candidate_region_label	region	candidate_region	C33A:chr7:124475765-131164398:3
C33A	C33A:chr20:49956338-59003014:4	C33A_2.01_0.84_0.87	/data/KolmogorovLab/HPV_Dean_Collab/nano_nf_runs/C33A/sv_cna_v2/wakhan/2.01_0.84_0.87/bed_output/C33A_2.01_0.84_0.87	/data/KolmogorovLab/HPV_Dean_Collab/nano_nf_runs/C33A/sv_cna_v2/wakhan/2.01_0.84_0.87/vcf_output/C33A_2.01_0.84_0.87_wakhan_cna_integers.vcf	/data/KolmogorovLab/HPV_Dean_Collab/nano_nf_runs/C33A/sv_cna_v2/severus/somatic_SVs/severus_somatic.vcf	C4	chr20	q	49956338	59003014	49956338-59003014	4	4	4	9046677	4.421513004167165e-07	True	2.9172778026672117	1.925569151384103	388459.75	1978030.0	3851239.5	False	3|4	0.75	0.3333333333333333	0	1	0	2	1	0	0	0	0	0	0	0	5			0			2	0	0.0	3	0	0	3	False				49956338	59003014				candidate_region_empty	empty_candidate_region	candidate_region	
C4I	C4I:chr11:100593185-103914705:1	C4I_3.96_0.99_0.93	/data/KolmogorovLab/HPV_Dean_Collab/nano_nf_runs/C4I/sv_cna_v2/wakhan/3.96_0.99_0.93/bed_output/C4I_3.96_0.99_0.93	/data/KolmogorovLab/HPV_Dean_Collab/nano_nf_runs/C4I/sv_cna_v2/wakhan/3.96_0.99_0.93/vcf_output/C4I_3.96_0.99_0.93_wakhan_cna_integers.vcf	/data/KolmogorovLab/HPV_Dean_Collab/nano_nf_runs/C4I/sv_cna_v2/severus/somatic_SVs/severus_somatic.vcf	C1	chr11	q	100593185	103914705	100593185-103914705	2	2	2	3321521	6.021337814814358e-07	True	8.266029930263876	3.789946173765881	1272192.25	1660760.5	2049328.75	False		0.0	0.0	0	0	0	0	0	0	0	0	2	0	0	0	3	2.0	3.0	1	2.0	2.0	0	0	2.0	0	1	0	0	False			noncanonicalB	100593185	103914705	BFB	BFB	BFB:noncanonicalB	candidate_region_label	region	candidate_region	C4I:chr11:100593185-103914705:1
C4I	C4I:chr17:16773785-21999999:2	C4I_3.96_0.99_0.93	/data/KolmogorovLab/HPV_Dean_Collab/nano_nf_runs/C4I/sv_cna_v2/wakhan/3.96_0.99_0.93/bed_output/C4I_3.96_0.99_0.93	/data/KolmogorovLab/HPV_Dean_Collab/nano_nf_runs/C4I/sv_cna_v2/wakhan/3.96_0.99_0.93/vcf_output/C4I_3.96_0.99_0.93_wakhan_cna_integers.vcf	/data/KolmogorovLab/HPV_Dean_Collab/nano_nf_runs/C4I/sv_cna_v2/severus/somatic_SVs/severus_somatic.vcf	C2	chr17	p	16773785	21999999	16773785-21999999	3	3	3	5226215	5.74029197038392e-07	True	2.4377230940556407	3.789946173765881	342956.0	456009.0	2498156.5	False	5|2	0.6666666666666666	0.5	0	0	1	0	0	1	1	0	0	0	0	0	4	1.0	1.0	0			0	0	1.0	0	2	1	0	False			noncanonicalB	16773785	21999999	BFB	BFB	BFB:noncanonicalB	candidate_region_label	region	candidate_region	C4I:chr17:16773785-21999999:2
C4I	C4I:chr18:0-14999999:3	C4I_3.96_0.99_0.93	/data/KolmogorovLab/HPV_Dean_Collab/nano_nf_runs/C4I/sv_cna_v2/wakhan/3.96_0.99_0.93/bed_output/C4I_3.96_0.99_0.93	/data/KolmogorovLab/HPV_Dean_Collab/nano_nf_runs/C4I/sv_cna_v2/wakhan/3.96_0.99_0.93/vcf_output/C4I_3.96_0.99_0.93_wakhan_cna_integers.vcf	/data/KolmogorovLab/HPV_Dean_Collab/nano_nf_runs/C4I/sv_cna_v2/severus/somatic_SVs/severus_somatic.vcf	C3	chr18	p	0	14999999	0-14999999	11	11	10	15000000	7.333333333333333e-07	True	4.1908576	3.789946173765881	633822.5	865255.0	1294811.5	False	4|6	0.6363636363636364	0.5	0	0	1	2	4	1	3	0	0	0	0	0	10	3.0	3.0	0			3	3	1.0	0	3	0	0	False		canonical	noncanonicalB	0	14999999	chromothripsis;BFB	chromothripsis;BFB	chromothripsis:canonical;BFB:noncanonicalB	candidate_region_label	region	candidate_region	C4I:chr18:0-14999999:3
CAPAN1	CAPAN1:chr3:48716345-60308344:1	CAPAN1_2.62_0.68_0.97	/data/KolmogorovLab/HPV_Dean_Collab/nano_nf_runs/CAPAN1/sv_cna_v2/wakhan/2.62_0.68_0.97/bed_output/CAPAN1_2.62_0.68_0.97	/data/KolmogorovLab/HPV_Dean_Collab/nano_nf_runs/CAPAN1/sv_cna_v2/wakhan/2.62_0.68_0.97/vcf_output/CAPAN1_2.62_0.68_0.97_wakhan_cna_integers.vcf	/data/KolmogorovLab/HPV_Dean_Collab/nano_nf_runs/CAPAN1/sv_cna_v2/severus/somatic_SVs/severus_somatic.vcf	C1	chr3	p	48716345	60308344	48716345-60308344	5	5	4	11592000	4.313319530710835e-07	True	5.418550897170462	2.536214573755688	225967.0	2831874.0	3551796.0	False	5|8	0.6	0.25	0	0	0	0	1	2	1	0	1	0	0	0	4			0			1	0	0.0	3	0	0	3	False				48716345	60308344				candidate_region_empty	empty_candidate_region	candidate_region	
CAPAN1	CAPAN1:chr7:81569598-101063738:2	CAPAN1_2.62_0.68_0.97	/data/KolmogorovLab/HPV_Dean_Collab/nano_nf_runs/CAPAN1/sv_cna_v2/wakhan/2.62_0.68_0.97/bed_output/CAPAN1_2.62_0.68_0.97	/data/KolmogorovLab/HPV_Dean_Collab/nano_nf_runs/CAPAN1/sv_cna_v2/wakhan/2.62_0.68_0.97/vcf_output/CAPAN1_2.62_0.68_0.97_wakhan_cna_integers.vcf	/data/KolmogorovLab/HPV_Dean_Collab/nano_nf_runs/CAPAN1/sv_cna_v2/severus/somatic_SVs/severus_somatic.vcf	C2	chr7	q	81569598	101063738	81569598-101063738	10	10	8	19494141	5.129746419706311e-07	True	6.484882970734643	2.536214573755688	654583.5	1645980.0	3266897.5	False	8|4	0.5	0.0	0	0	0	0	2	1	1	2	3	1	0	0	11			0			2	4	0.0	2	2	1	2	False				81569598	101063738				candidate_region_empty	empty_candidate_region	candidate_region	
CAPAN1	CAPAN1:chr8:37066357-40194350:3	CAPAN1_2.62_0.68_0.97	/data/KolmogorovLab/HPV_Dean_Collab/nano_nf_runs/CAPAN1/sv_cna_v2/wakhan/2.62_0.68_0.97/bed_output/CAPAN1_2.62_0.68_0.97	/data/KolmogorovLab/HPV_Dean_Collab/nano_nf_runs/CAPAN1/sv_cna_v2/wakhan/2.62_0.68_0.97/vcf_output/CAPAN1_2.62_0.68_0.97_wakhan_cna_integers.vcf	/data/KolmogorovLab/HPV_Dean_Collab/nano_nf_runs/CAPAN1/sv_cna_v2/severus/somatic_SVs/severus_somatic.vcf	C3	chr8	p	37066357	40194350	37066357-40194350	4	4	4	3127994	1.278774831409523e-06	True	2.1237256209570736	2.536214573755688	425250.75	696555.0	1053302.75	False	4|2	0.5	0.3333333333333333	0	1	1	1	1	0	0	0	0	0	0	0	5			0			4	0	0.0	0	1	0	0	False				37066357	40194350				candidate_region_empty	empty_candidate_region	candidate_region	
CAPAN1	CAPAN1:chr17:39540592-43756142:4	CAPAN1_2.62_0.68_0.97	/data/KolmogorovLab/HPV_Dean_Collab/nano_nf_runs/CAPAN1/sv_cna_v2/wakhan/2.62_0.68_0.97/bed_output/CAPAN1_2.62_0.68_0.97	/data/KolmogorovLab/HPV_Dean_Collab/nano_nf_runs/CAPAN1/sv_cna_v2/wakhan/2.62_0.68_0.97/vcf_output/CAPAN1_2.62_0.68_0.97_wakhan_cna_integers.vcf	/data/KolmogorovLab/HPV_Dean_Collab/nano_nf_runs/CAPAN1/sv_cna_v2/severus/somatic_SVs/severus_somatic.vcf	C4	chr17	q	39540592	43756142	39540592-43756142	7	7	4	4215551	1.660518399611344e-06	True	8.596020306716726	2.536214573755688	33003.5	684071.0	863159.5	False	9|8	0.7142857142857143	0.3333333333333333	0	0	0	0	0	1	0	0	5	1	0	0	8			0			3	0	0.0	5	0	0	5	False	noncanonical	noncanonicalB		39540592	43756142	Seismic_Amplification;chromothripsis	Seismic_Amplification;chromothripsis	Seismic_Amplification:noncanonical;chromothripsis:noncanonicalB	candidate_region_label	region	candidate_region	CAPAN1:chr17:39540592-43756142:4
CAPAN2	CAPAN2:chr3:171842933-174865042:1	CAPAN2_3.28_0.97_0.96	/data/KolmogorovLab/HPV_Dean_Collab/nano_nf_runs/CAPAN2/sv_cna_v2/wakhan/3.28_0.97_0.96/bed_output/CAPAN2_3.28_0.97_0.96	/data/KolmogorovLab/HPV_Dean_Collab/nano_nf_runs/CAPAN2/sv_cna_v2/wakhan/3.28_0.97_0.96/vcf_output/CAPAN2_3.28_0.97_0.96_wakhan_cna_integers.vcf	/data/KolmogorovLab/HPV_Dean_Collab/nano_nf_runs/CAPAN2/sv_cna_v2/severus/somatic_SVs/severus_somatic.vcf	C1	chr3	q	171842933	174865042	171842933-174865042	1	1	1	3022110	3.308946398377293e-07	True	7.0	3.1495366274053227	3022110.0	3022110.0	3022110.0	False		0.0	0.0	0	0	0	0	0	0	0	1	0	0	0	0	2	2.0	2.0	1	2.0	2.0	0	0	1.0	1	0	0	1	False			noncanonical	171842933	174865042	BFB	BFB	BFB:noncanonical	candidate_region_label	region	candidate_region	CAPAN2:chr3:171842933-174865042:1
CAPAN2	CAPAN2:chr11:0-17181454:2	CAPAN2_3.28_0.97_0.96	/data/KolmogorovLab/HPV_Dean_Collab/nano_nf_runs/CAPAN2/sv_cna_v2/wakhan/3.28_0.97_0.96/bed_output/CAPAN2_3.28_0.97_0.96	/data/KolmogorovLab/HPV_Dean_Collab/nano_nf_runs/CAPAN2/sv_cna_v2/wakhan/3.28_0.97_0.96/vcf_output/CAPAN2_3.28_0.97_0.96_wakhan_cna_integers.vcf	/data/KolmogorovLab/HPV_Dean_Collab/nano_nf_runs/CAPAN2/sv_cna_v2/severus/somatic_SVs/severus_somatic.vcf	C2	chr11	p	0	17181454	0-17181454	10	10	10	17181455	5.820228845577979e-07	True	6.065618540455392	3.1495366274053227	748762.25	1452430.0	2965840.25	False	6|7	0.6	0.4444444444444444	0	0	0	1	1	2	3	3	0	0	0	0	9			0			2	0	0.0	0	7	0	0	False				0	17181454				candidate_region_empty	empty_candidate_region	candidate_region	
CAPAN2	CAPAN2:chr19:10941884-15447707:3	CAPAN2_3.28_0.97_0.96	/data/KolmogorovLab/HPV_Dean_Collab/nano_nf_runs/CAPAN2/sv_cna_v2/wakhan/3.28_0.97_0.96/bed_output/CAPAN2_3.28_0.97_0.96	/data/KolmogorovLab/HPV_Dean_Collab/nano_nf_runs/CAPAN2/sv_cna_v2/wakhan/3.28_0.97_0.96/vcf_output/CAPAN2_3.28_0.97_0.96_wakhan_cna_integers.vcf	/data/KolmogorovLab/HPV_Dean_Collab/nano_nf_runs/CAPAN2/sv_cna_v2/severus/somatic_SVs/severus_somatic.vcf	C3	chr19	p	10941884	15447707	10941884-15447707	3	3	2	4505824	6.658049670826024e-07	True	1.479534486921815	3.1495366274053227	224337.0	428006.0	2242578.0	False	2|1	0.6666666666666666	0.5	0	1	1	0	0	0	1	0	0	0	0	0	4	3.0	3.0	0			2	0	1.0	0	1	0	0	False			noncanonicalB	10941884	15447707	BFB	BFB	BFB:noncanonicalB	candidate_region_label	region	candidate_region	CAPAN2:chr19:10941884-15447707:3
CERV186	CERV186:chr1:151000001-161727469:1	CERV186_3.07_0.88_0.88	/data/KolmogorovLab/HPV_Dean_Collab/nano_nf_runs/CERV186/sv_cna_v2/wakhan/3.07_0.88_0.88/bed_output/CERV186_3.07_0.88_0.88	/data/KolmogorovLab/HPV_Dean_Collab/nano_nf_runs/CERV186/sv_cna_v2/wakhan/3.07_0.88_0.88/vcf_output/CERV186_3.07_0.88_0.88_wakhan_cna_integers.vcf	/data/KolmogorovLab/HPV_Dean_Collab/nano_nf_runs/CERV186/sv_cna_v2/severus/somatic_SVs/severus_somatic.vcf	C1	chr1	q	151000001	161727469	151000001-161727469	7	7	5	10727469	6.525304337863852e-07	True	7.455178197205697	2.937450478918401	172961.0	731958.0	2520846.5	False	13|4	0.5714285714285714	0.1666666666666666	0	0	2	1	2	0	0	0	0	2	0	0	8			0			2	3	0.0	1	2	0	1	False				151000001	161727469				candidate_region_empty	empty_candidate_region	candidate_region	
CERV186	CERV186:chr17:0-5345937:2	CERV186_3.07_0.88_0.88	/data/KolmogorovLab/HPV_Dean_Collab/nano_nf_runs/CERV186/sv_cna_v2/wakhan/3.07_0.88_0.88/bed_output/CERV186_3.07_0.88_0.88	/data/KolmogorovLab/HPV_Dean_Collab/nano_nf_runs/CERV186/sv_cna_v2/wakhan/3.07_0.88_0.88/vcf_output/CERV186_3.07_0.88_0.88_wakhan_cna_integers.vcf	/data/KolmogorovLab/HPV_Dean_Collab/nano_nf_runs/CERV186/sv_cna_v2/severus/somatic_SVs/severus_somatic.vcf	C2	chr17	p	0	5345937	0-5345937	5	5	4	5345938	9.352895600360498e-07	True	2.1376712561948903	2.937450478918401	132285.0	557298.0	826074.0	True	3|2	1.0	1.0	0	0	2	3	0	0	0	0	0	0	0	0	6			0			3	0	0.0	3	0	0	3	False		noncanonicalB		0	5345937	chromothripsis	chromothripsis	chromothripsis:noncanonicalB	candidate_region_label	region	candidate_region	CERV186:chr17:0-5345937:2
CERV186	CERV186:chrX:81324920-84146119:3	CERV186_3.07_0.88_0.88	/data/KolmogorovLab/HPV_Dean_Collab/nano_nf_runs/CERV186/sv_cna_v2/wakhan/3.07_0.88_0.88/bed_output/CERV186_3.07_0.88_0.88	/data/KolmogorovLab/HPV_Dean_Collab/nano_nf_runs/CERV186/sv_cna_v2/wakhan/3.07_0.88_0.88/vcf_output/CERV186_3.07_0.88_0.88_wakhan_cna_integers.vcf	/data/KolmogorovLab/HPV_Dean_Collab/nano_nf_runs/CERV186/sv_cna_v2/severus/somatic_SVs/severus_somatic.vcf	C3	chrX	q	81324920	84146119	81324920-84146119	4	4	4	2821200	1.417836381681554e-06	True	1.6572550687650645	2.937450478918401	281541.75	692318.5	1116076.75	False	2|1	0.75	0.3333333333333333	0	1	2	1	0	0	0	0	0	0	0	0	5			0			1	1	0.0	2	0	1	2	False				81324920	84146119				candidate_region_empty	empty_candidate_region	candidate_region	
CERV186	CERV186:chrX:144991991-156040895:4	CERV186_3.07_0.88_0.88	/data/KolmogorovLab/HPV_Dean_Collab/nano_nf_runs/CERV186/sv_cna_v2/wakhan/3.07_0.88_0.88/bed_output/CERV186_3.07_0.88_0.88	/data/KolmogorovLab/HPV_Dean_Collab/nano_nf_runs/CERV186/sv_cna_v2/wakhan/3.07_0.88_0.88/vcf_output/CERV186_3.07_0.88_0.88_wakhan_cna_integers.vcf	/data/KolmogorovLab/HPV_Dean_Collab/nano_nf_runs/CERV186/sv_cna_v2/severus/somatic_SVs/severus_somatic.vcf	C4	chrX	q	144991991	156040895	144991991-156040895	5	5	5	11048905	4.52533531603358e-07	True	1.515194401617174	2.937450478918401	589848.0	933823.0	4551179.0	False	2|1	0.8	0.5	1	2	2	0	0	0	0	0	0	0	0	0	5			0			2	2	0.0	1	0	0	1	False				144991991	156040895				candidate_region_empty	empty_candidate_region	candidate_region	
CERV196	CERV196:chr11:31804012-50999999:1	CERV196_2.74_0.94_0.84	/data/KolmogorovLab/HPV_Dean_Collab/nano_nf_runs/CERV196/sv_cna_v2/wakhan/2.74_0.94_0.84/bed_output/CERV196_2.74_0.94_0.84	/data/KolmogorovLab/HPV_Dean_Collab/nano_nf_runs/CERV196/sv_cna_v2/wakhan/2.74_0.94_0.84/vcf_output/CERV196_2.74_0.94_0.84_wakhan_cna_integers.vcf	/data/KolmogorovLab/HPV_Dean_Collab/nano_nf_runs/CERV196/sv_cna_v2/severus/somatic_SVs/severus_somatic.vcf	C1	chr11	p	31804012	50999999	31804012-50999999	23	23	20	19195988	1.1981670336530738e-06	True	10.948722358026062	2.625160622627244	340194.0	667111.0	1191307.5	False	20|19	0.3043478260869565	0.1363636363636363	0	2	3	0	1	1	1	1	0	13	1	0	24			0			7	3	0.0	9	3	2	9	False	noncanonical			31804012	50999999	Seismic_Amplification	Seismic_Amplification	Seismic_Amplification:noncanonical	candidate_region_label	region	candidate_region	CERV196:chr11:31804012-50999999:1
CERV196	CERV196:chr13:19000001-36658956:2	CERV196_2.74_0.94_0.84	/data/KolmogorovLab/HPV_Dean_Collab/nano_nf_runs/CERV196/sv_cna_v2/wakhan/2.74_0.94_0.84/bed_output/CERV196_2.74_0.94_0.84	/data/KolmogorovLab/HPV_Dean_Collab/nano_nf_runs/CERV196/sv_cna_v2/wakhan/2.74_0.94_0.84/vcf_output/CERV196_2.74_0.94_0.84_wakhan_cna_integers.vcf	/data/KolmogorovLab/HPV_Dean_Collab/nano_nf_runs/CERV196/sv_cna_v2/severus/somatic_SVs/severus_somatic.vcf	C2	chr13	q	19000001	36658956	19000001-36658956	10	11	9	17658956	6.229133817423861e-07	True	3.892593480611198	2.625160622627244	236716.0	715766.0	1571399.5	False	2|0	0.4545454545454545	0.2	2	0	3	2	1	1	0	0	2	0	0	0	12	9.0	11.0	1	11.0	11.0	2	2	3.0	2	2	1	2	False			noncanonicalB	19000001	36658956	BFB	BFB	BFB:noncanonicalB	candidate_region_label	region	candidate_region	CERV196:chr13:19000001-36658956:2
CERV215	CERV215:chr8:36884526-42999999:1	CERV215_3.39_0.78_0.92	/data/KolmogorovLab/HPV_Dean_Collab/nano_nf_runs/CERV215/sv_cna_v2/wakhan/3.39_0.78_0.92/bed_output/CERV215_3.39_0.78_0.92	/data/KolmogorovLab/HPV_Dean_Collab/nano_nf_runs/CERV215/sv_cna_v2/wakhan/3.39_0.78_0.92/vcf_output/CERV215_3.39_0.78_0.92_wakhan_cna_integers.vcf	/data/KolmogorovLab/HPV_Dean_Collab/nano_nf_runs/CERV215/sv_cna_v2/severus/somatic_SVs/severus_somatic.vcf	C1	chr8	p	36884526	42999999	36884526-42999999	4	4	4	6115474	6.540784900728872e-07	True	2.7376895069785268	3.2388625076460493	594919.5	731243.0	1665192.25	True	4|5	0.75	0.6666666666666666	0	0	1	0	2	1	0	0	0	0	0	0	4	4.0	4.0	1	4.0	4.0	0	0	1.0	1	0	2	1	False		noncanonicalB	noncanonical	36884526	42999999	chromothripsis;BFB	chromothripsis;BFB	chromothripsis:noncanonicalB;BFB:noncanonical	candidate_region_label	region	candidate_region	CERV215:chr8:36884526-42999999:1
CERV215	CERV215:chr11:93422105-102966723:2	CERV215_3.39_0.78_0.92	/data/KolmogorovLab/HPV_Dean_Collab/nano_nf_runs/CERV215/sv_cna_v2/wakhan/3.39_0.78_0.92/bed_output/CERV215_3.39_0.78_0.92	/data/KolmogorovLab/HPV_Dean_Collab/nano_nf_runs/CERV215/sv_cna_v2/wakhan/3.39_0.78_0.92/vcf_output/CERV215_3.39_0.78_0.92_wakhan_cna_integers.vcf	/data/KolmogorovLab/HPV_Dean_Collab/nano_nf_runs/CERV215/sv_cna_v2/severus/somatic_SVs/severus_somatic.vcf	C2	chr11	q	93422105	102966723	93422105-102966723	7	7	7	9544619	7.333975300637983e-07	True	10.017447632011294	3.2388625076460493	443252.5	593254.0	2140843.5	False	6|5	0.2857142857142857	0.1666666666666666	0	0	0	0	1	1	1	0	1	0	2	1	8	4.0	8.0	2	7.0	8.0	0	0	5.0	3	0	0	3	True	noncanonical		noncanonical	93422105	102966723	ecDNA;Seismic_Amplification;BFB	ecDNA;Seismic_Amplification;BFB	ecDNA;Seismic_Amplification:noncanonical;BFB:noncanonical	candidate_region_label	region	candidate_region	CERV215:chr11:93422105-102966723:2
CERV215	CERV215:chr17:36651110-47994380:3	CERV215_3.39_0.78_0.92	/data/KolmogorovLab/HPV_Dean_Collab/nano_nf_runs/CERV215/sv_cna_v2/wakhan/3.39_0.78_0.92/bed_output/CERV215_3.39_0.78_0.92	/data/KolmogorovLab/HPV_Dean_Collab/nano_nf_runs/CERV215/sv_cna_v2/wakhan/3.39_0.78_0.92/vcf_output/CERV215_3.39_0.78_0.92_wakhan_cna_integers.vcf	/data/KolmogorovLab/HPV_Dean_Collab/nano_nf_runs/CERV215/sv_cna_v2/severus/somatic_SVs/severus_somatic.vcf	C3	chr17	q	36651110	47994380	36651110-47994380	11	11	11	11343271	9.697379177487693e-07	True	2.3409416031760157	3.2388625076460493	234593.0	444301.0	1549450.0	False	1|3	0.5454545454545454	0.4	0	3	2	3	2	1	0	0	0	0	0	0	12	1.0	1.0	0			6	0	1.0	0	5	0	0	False			noncanonicalB	36651110	47994380	BFB	BFB	BFB:noncanonicalB	candidate_region_label	region	candidate_region	CERV215:chr17:36651110-47994380:3
CERV215	CERV215:chr22:19000001-26749456:4	CERV215_3.39_0.78_0.92	/data/KolmogorovLab/HPV_Dean_Collab/nano_nf_runs/CERV215/sv_cna_v2/wakhan/3.39_0.78_0.92/bed_output/CERV215_3.39_0.78_0.92	/data/KolmogorovLab/HPV_Dean_Collab/nano_nf_runs/CERV215/sv_cna_v2/wakhan/3.39_0.78_0.92/vcf_output/CERV215_3.39_0.78_0.92_wakhan_cna_integers.vcf	/data/KolmogorovLab/HPV_Dean_Collab/nano_nf_runs/CERV215/sv_cna_v2/severus/somatic_SVs/severus_somatic.vcf	C4	chr22	q	19000001	26749456	19000001-26749456	9	9	6	7749456	1.1613718433913297e-06	True	4.861458662388689	3.2388625076460493	43711.0	280930.0	930412.0	False	5|4	0.5555555555555556	0.125	1	0	0	1	2	3	1	1	0	0	0	0	6			0			0	1	0.0	2	3	0	2	False				19000001	26749456				candidate_region_empty	empty_candidate_region	candidate_region	
CFPAC1	CFPAC1:chr4:169433769-174050891:1	CFPAC1_3.37_0.77_0.93	/data/KolmogorovLab/HPV_Dean_Collab/nano_nf_runs/CFPAC1/sv_cna_v2/wakhan/3.37_0.77_0.93/bed_output/CFPAC1_3.37_0.77_0.93	/data/KolmogorovLab/HPV_Dean_Collab/nano_nf_runs/CFPAC1/sv_cna_v2/wakhan/3.37_0.77_0.93/vcf_output/CFPAC1_3.37_0.77_0.93_wakhan_cna_integers.vcf	/data/KolmogorovLab/HPV_Dean_Collab/nano_nf_runs/CFPAC1/sv_cna_v2/severus/somatic_SVs/severus_somatic.vcf	C1	chr4	q	169433769	174050891	169433769-174050891	4	4	4	4617123	8.663403595702346e-07	True	2.409419242242409	3.226672034984769	1020498.0	1175942.5	1309725.25	True	3|2	0.75	0.6666666666666666	0	1	1	2	0	0	0	0	0	0	0	0	5			0			2	0	0.0	1	2	0	1	False		noncanonicalB		169433769	174050891	chromothripsis	chromothripsis	chromothripsis:noncanonicalB	candidate_region_label	region	candidate_region	CFPAC1:chr4:169433769-174050891:1
CFPAC1	CFPAC1:chr8:34116445-37127717:2	CFPAC1_3.37_0.77_0.93	/data/KolmogorovLab/HPV_Dean_Collab/nano_nf_runs/CFPAC1/sv_cna_v2/wakhan/3.37_0.77_0.93/bed_output/CFPAC1_3.37_0.77_0.93	/data/KolmogorovLab/HPV_Dean_Collab/nano_nf_runs/CFPAC1/sv_cna_v2/wakhan/3.37_0.77_0.93/vcf_output/CFPAC1_3.37_0.77_0.93_wakhan_cna_integers.vcf	/data/KolmogorovLab/HPV_Dean_Collab/nano_nf_runs/CFPAC1/sv_cna_v2/severus/somatic_SVs/severus_somatic.vcf	C2	chr8	p	34116445	37127717	34116445-37127717	1	1	1	3011273	3.320854668440889e-07	True	4.0	3.226672034984769	3011273.0	3011273.0	3011273.0	False		0.0	0.0	0	0	0	0	1	0	0	0	0	0	0	0	2	1.0	1.0	0			0	0	1.0	1	0	0	1	False			noncanonicalB	34116445	37127717	BFB	BFB	BFB:noncanonicalB	candidate_region_label	region	candidate_region	CFPAC1:chr8:34116445-37127717:2
CFPAC1	CFPAC1:chr8:125817166-128418242:3	CFPAC1_3.37_0.77_0.93	/data/KolmogorovLab/HPV_Dean_Collab/nano_nf_runs/CFPAC1/sv_cna_v2/wakhan/3.37_0.77_0.93/bed_output/CFPAC1_3.37_0.77_0.93	/data/KolmogorovLab/HPV_Dean_Collab/nano_nf_runs/CFPAC1/sv_cna_v2/wakhan/3.37_0.77_0.93/vcf_output/CFPAC1_3.37_0.77_0.93_wakhan_cna_integers.vcf	/data/KolmogorovLab/HPV_Dean_Collab/nano_nf_runs/CFPAC1/sv_cna_v2/severus/somatic_SVs/severus_somatic.vcf	C3	chr8	q	125817166	128418242	125817166-128418242	3	3	3	2601077	1.1533683931694448e-06	True	5.386503744410488	3.226672034984769	611204.0	876006.0	1127337.5	False	5|3	0.6666666666666666	0.5	0	0	0	1	0	1	0	1	0	0	0	0	4	4.0	4.0	1	4.0	4.0	2	0	1.0	0	1	0	0	False			noncanonical	125817166	128418242	BFB	BFB	BFB:noncanonical	candidate_region_label	region	candidate_region	CFPAC1:chr8:125817166-128418242:3
CFPAC1	CFPAC1:chr11:45868884-50999999:4	CFPAC1_3.37_0.77_0.93	/data/KolmogorovLab/HPV_Dean_Collab/nano_nf_runs/CFPAC1/sv_cna_v2/wakhan/3.37_0.77_0.93/bed_output/CFPAC1_3.37_0.77_0.93	/data/KolmogorovLab/HPV_Dean_Collab/nano_nf_runs/CFPAC1/sv_cna_v2/wakhan/3.37_0.77_0.93/vcf_output/CFPAC1_3.37_0.77_0.93_wakhan_cna_integers.vcf	/data/KolmogorovLab/HPV_Dean_Collab/nano_nf_runs/CFPAC1/sv_cna_v2/severus/somatic_SVs/severus_somatic.vcf	C4	chr11	p	45868884	50999999	45868884-50999999	6	6	5	5131116	1.1693362613513318e-06	True	3.5992487794078327	3.226672034984769	377103.75	864966.5	1240974.25	True	4|3	0.8333333333333334	0.6	0	0	0	2	3	1	0	0	0	0	0	0	4			0			0	1	0.0	0	3	0	0	False		noncanonical		45868884	50999999	chromothripsis	chromothripsis	chromothripsis:noncanonical	candidate_region_label	region	candidate_region	CFPAC1:chr11:45868884-50999999:4
CFPAC1	CFPAC1:chr11:79558920-116268542:5	CFPAC1_3.37_0.77_0.93	/data/KolmogorovLab/HPV_Dean_Collab/nano_nf_runs/CFPAC1/sv_cna_v2/wakhan/3.37_0.77_0.93/bed_output/CFPAC1_3.37_0.77_0.93	/data/KolmogorovLab/HPV_Dean_Collab/nano_nf_runs/CFPAC1/sv_cna_v2/wakhan/3.37_0.77_0.93/vcf_output/CFPAC1_3.37_0.77_0.93_wakhan_cna_integers.vcf	/data/KolmogorovLab/HPV_Dean_Collab/nano_nf_runs/CFPAC1/sv_cna_v2/severus/somatic_SVs/severus_somatic.vcf	C4	chr11	q	79558920	116268542	79558920-116268542	50	50	37	36709623	1.3620406834469534e-06	True	3.162834633305823	3.226672034984769	115985.25	470350.0	791763.5	True	3|4	0.76	0.5510204081632653	2	3	5	22	16	2	0	0	0	0	0	0	51			0			8	15	0.0	0	28	0	0	False		noncanonical		79558920	116268542	chromothripsis	chromothripsis	chromothripsis:noncanonical	candidate_region_label	region	candidate_region	CFPAC1:chr11:79558920-116268542:5
CFPAC1	CFPAC1:chr11:126340678-135086622:6	CFPAC1_3.37_0.77_0.93	/data/KolmogorovLab/HPV_Dean_Collab/nano_nf_runs/CFPAC1/sv_cna_v2/wakhan/3.37_0.77_0.93/bed_output/CFPAC1_3.37_0.77_0.93	/data/KolmogorovLab/HPV_Dean_Collab/nano_nf_runs/CFPAC1/sv_cna_v2/wakhan/3.37_0.77_0.93/vcf_output/CFPAC1_3.37_0.77_0.93_wakhan_cna_integers.vcf	/data/KolmogorovLab/HPV_Dean_Collab/nano_nf_runs/CFPAC1/sv_cna_v2/severus/somatic_SVs/severus_somatic.vcf	C4	chr11	q	126340678	135086622	126340678-135086622	19	19	11	8745945	2.172435340034725e-06	True	3.7365428207014793	3.226672034984769	58502.5	173180.0	569143.0	False	3|4	0.7368421052631579	0.5	0	0	1	8	6	4	0	0	0	0	0	0	23			0			10	7	0.0	0	6	0	0	False		noncanonical		126340678	135086622	chromothripsis	chromothripsis	chromothripsis:noncanonical	candidate_region_label	region	candidate_region	CFPAC1:chr11:126340678-135086622:6
CFPAC1	CFPAC1:chr12:23200844-26346628:7	CFPAC1_3.37_0.77_0.93	/data/KolmogorovLab/HPV_Dean_Collab/nano_nf_runs/CFPAC1/sv_cna_v2/wakhan/3.37_0.77_0.93/bed_output/CFPAC1_3.37_0.77_0.93	/data/KolmogorovLab/HPV_Dean_Collab/nano_nf_runs/CFPAC1/sv_cna_v2/wakhan/3.37_0.77_0.93/vcf_output/CFPAC1_3.37_0.77_0.93_wakhan_cna_integers.vcf	/data/KolmogorovLab/HPV_Dean_Collab/nano_nf_runs/CFPAC1/sv_cna_v2/severus/somatic_SVs/severus_somatic.vcf	C5	chr12	p	23200844	26346628	23200844-26346628	1	1	1	3145785	3.178856787733428e-07	True	6.0	3.226672034984769	3145785.0	3145785.0	3145785.0	False		0.0	0.0	0	0	0	0	0	0	1	0	0	0	0	0	2	2.0	2.0	1	2.0	2.0	0	0	1.0	0	1	0	0	False			noncanonical	23200844	26346628	BFB	BFB	BFB:noncanonical	candidate_region_label	region	candidate_region	CFPAC1:chr12:23200844-26346628:7
CFPAC1	CFPAC1:chr12:75477540-85934539:8	CFPAC1_3.37_0.77_0.93	/data/KolmogorovLab/HPV_Dean_Collab/nano_nf_runs/CFPAC1/sv_cna_v2/wakhan/3.37_0.77_0.93/bed_output/CFPAC1_3.37_0.77_0.93	/data/KolmogorovLab/HPV_Dean_Collab/nano_nf_runs/CFPAC1/sv_cna_v2/wakhan/3.37_0.77_0.93/vcf_output/CFPAC1_3.37_0.77_0.93_wakhan_cna_integers.vcf	/data/KolmogorovLab/HPV_Dean_Collab/nano_nf_runs/CFPAC1/sv_cna_v2/severus/somatic_SVs/severus_somatic.vcf	C6	chr12	q	75477540	85934539	75477540-85934539	6	6	5	10457000	5.737783303050588e-07	True	3.5053045806636702	3.226672034984769	742280.0	955768.0	2462913.75	True	2|4	0.8333333333333334	0.8	0	0	3	0	2	1	0	0	0	0	0	0	8			0			3	0	0.0	4	1	0	4	False		noncanonicalB		75477540	85934539	chromothripsis	chromothripsis	chromothripsis:noncanonicalB	candidate_region_label	region	candidate_region	CFPAC1:chr12:75477540-85934539:8
CFPAC1	CFPAC1:chr17:37492981-44235604:9	CFPAC1_3.37_0.77_0.93	/data/KolmogorovLab/HPV_Dean_Collab/nano_nf_runs/CFPAC1/sv_cna_v2/wakhan/3.37_0.77_0.93/bed_output/CFPAC1_3.37_0.77_0.93	/data/KolmogorovLab/HPV_Dean_Collab/nano_nf_runs/CFPAC1/sv_cna_v2/wakhan/3.37_0.77_0.93/vcf_output/CFPAC1_3.37_0.77_0.93_wakhan_cna_integers.vcf	/data/KolmogorovLab/HPV_Dean_Collab/nano_nf_runs/CFPAC1/sv_cna_v2/severus/somatic_SVs/severus_somatic.vcf	C7	chr17	q	37492981	44235604	37492981-44235604	7	7	6	6742624	1.0381714893192917e-06	True	5.963621877773401	3.226672034984769	413458.0	808033.0	1538104.5	False	7|4	0.4285714285714285	0.0	0	0	0	1	1	1	1	2	1	0	0	0	8	3.0	3.0	1	3.0	3.0	1	3	1.0	1	2	0	1	False	noncanonical		noncanonicalB	37492981	44235604	Seismic_Amplification;BFB	Seismic_Amplification;BFB	Seismic_Amplification:noncanonical;BFB:noncanonicalB	candidate_region_label	region	candidate_region	CFPAC1:chr17:37492981-44235604:9
CFPAC1	CFPAC1:chr17:68423151-72496082:10	CFPAC1_3.37_0.77_0.93	/data/KolmogorovLab/HPV_Dean_Collab/nano_nf_runs/CFPAC1/sv_cna_v2/wakhan/3.37_0.77_0.93/bed_output/CFPAC1_3.37_0.77_0.93	/data/KolmogorovLab/HPV_Dean_Collab/nano_nf_runs/CFPAC1/sv_cna_v2/wakhan/3.37_0.77_0.93/vcf_output/CFPAC1_3.37_0.77_0.93_wakhan_cna_integers.vcf	/data/KolmogorovLab/HPV_Dean_Collab/nano_nf_runs/CFPAC1/sv_cna_v2/severus/somatic_SVs/severus_somatic.vcf	C7	chr17	q	68423151	72496082	68423151-72496082	4	4	2	4072932	9.820934894076309e-07	True	4.689454918471509	3.226672034984769	40048.75	335219.0	1313403.25	False	3|2	0.5	0.3333333333333333	0	0	1	1	0	1	1	0	0	0	0	0	8	7.0	7.0	0			2	1	1.0	0	3	1	0	False	noncanonical		noncanonicalB	68423151	72496082	Seismic_Amplification;BFB	Seismic_Amplification;BFB	Seismic_Amplification:noncanonical;BFB:noncanonicalB	candidate_region_label	region	candidate_region	CFPAC1:chr17:68423151-72496082:10
CaSki	CaSki:chr5:23506772-35239312:1	CaSki_3.34_0.92_0.92	/data/KolmogorovLab/HPV_Dean_Collab/nano_nf_runs/CaSki/sv_cna_v2/wakhan/3.34_0.92_0.92/bed_output/CaSki_3.34_0.92_0.92	/data/KolmogorovLab/HPV_Dean_Collab/nano_nf_runs/CaSki/sv_cna_v2/wakhan/3.34_0.92_0.92/vcf_output/CaSki_3.34_0.92_0.92_wakhan_cna_integers.vcf	/data/KolmogorovLab/HPV_Dean_Collab/nano_nf_runs/CaSki/sv_cna_v2/severus/somatic_SVs/severus_somatic.vcf	C1	chr5	p	23506772	35239312	23506772-35239312	4	4	4	11732541	3.409321135123244e-07	True	8.997265894915689	3.20921618867204	2430759.5	3648111.0	4150486.75	False	10|8	0.75	0.3333333333333333	0	0	0	0	0	0	0	0	4	0	0	0	5	3.0	3.0	0			0	0	1.0	4	0	0	4	False			noncanonicalB	23506772	35239312	BFB	BFB	BFB:noncanonicalB	candidate_region_label	region	candidate_region	CaSki:chr5:23506772-35239312:1
CaSki	CaSki:chr6:20537162-26063624:2	CaSki_3.34_0.92_0.92	/data/KolmogorovLab/HPV_Dean_Collab/nano_nf_runs/CaSki/sv_cna_v2/wakhan/3.34_0.92_0.92/bed_output/CaSki_3.34_0.92_0.92	/data/KolmogorovLab/HPV_Dean_Collab/nano_nf_runs/CaSki/sv_cna_v2/wakhan/3.34_0.92_0.92/vcf_output/CaSki_3.34_0.92_0.92_wakhan_cna_integers.vcf	/data/KolmogorovLab/HPV_Dean_Collab/nano_nf_runs/CaSki/sv_cna_v2/severus/somatic_SVs/severus_somatic.vcf	C2	chr6	p	20537162	26063624	20537162-26063624	4	4	4	5526463	7.237902434160873e-07	True	5.212805369365542	3.20921618867204	711767.5	1133495.5	1803343.75	True	4|6	1.0	1.0	0	0	0	0	2	0	2	0	0	0	0	0	5			0			0	3	0.0	1	1	0	1	False		noncanonicalB		20537162	26063624	chromothripsis	chromothripsis	chromothripsis:noncanonicalB	candidate_region_label	region	candidate_region	CaSki:chr6:20537162-26063624:2
CaSki	CaSki:chr6:63000001-65710352:3	CaSki_3.34_0.92_0.92	/data/KolmogorovLab/HPV_Dean_Collab/nano_nf_runs/CaSki/sv_cna_v2/wakhan/3.34_0.92_0.92/bed_output/CaSki_3.34_0.92_0.92	/data/KolmogorovLab/HPV_Dean_Collab/nano_nf_runs/CaSki/sv_cna_v2/wakhan/3.34_0.92_0.92/vcf_output/CaSki_3.34_0.92_0.92_wakhan_cna_integers.vcf	/data/KolmogorovLab/HPV_Dean_Collab/nano_nf_runs/CaSki/sv_cna_v2/severus/somatic_SVs/severus_somatic.vcf	C3	chr6	q	63000001	65710352	63000001-65710352	9	9	7	2710352	3.320601899679451e-06	True	9.670066471070916	3.20921618867204	104255.0	278971.0	394193.0	False	7|8	0.4444444444444444	0.125	0	0	0	0	0	0	0	2	3	4	0	0	9			0			0	5	0.0	1	3	0	1	False	noncanonical			63000001	65710352	Seismic_Amplification	Seismic_Amplification	Seismic_Amplification:noncanonical	candidate_region_label	region	candidate_region	CaSki:chr6:63000001-65710352:3
CaSki	CaSki:chr7:45937204-57999999:4	CaSki_3.34_0.92_0.92	/data/KolmogorovLab/HPV_Dean_Collab/nano_nf_runs/CaSki/sv_cna_v2/wakhan/3.34_0.92_0.92/bed_output/CaSki_3.34_0.92_0.92	/data/KolmogorovLab/HPV_Dean_Collab/nano_nf_runs/CaSki/sv_cna_v2/wakhan/3.34_0.92_0.92/vcf_output/CaSki_3.34_0.92_0.92_wakhan_cna_integers.vcf	/data/KolmogorovLab/HPV_Dean_Collab/nano_nf_runs/CaSki/sv_cna_v2/severus/somatic_SVs/severus_somatic.vcf	C4	chr7	p	45937204	57999999	45937204-57999999	8	8	7	12062796	6.631961611553408e-07	True	6.411267586718701	3.20921618867204	489757.75	786635.5	2023042.75	False	6|8	0.625	0.1428571428571428	0	0	0	0	0	1	3	1	3	0	0	0	9	1.0	4.0	0			1	1	2.0	3	2	0	3	False			noncanonicalB	45937204	57999999	BFB	BFB	BFB:noncanonicalB	candidate_region_label	region	candidate_region	CaSki:chr7:45937204-57999999:4
CaSki	CaSki:chr11:99652394-104394528:5	CaSki_3.34_0.92_0.92	/data/KolmogorovLab/HPV_Dean_Collab/nano_nf_runs/CaSki/sv_cna_v2/wakhan/3.34_0.92_0.92/bed_output/CaSki_3.34_0.92_0.92	/data/KolmogorovLab/HPV_Dean_Collab/nano_nf_runs/CaSki/sv_cna_v2/wakhan/3.34_0.92_0.92/vcf_output/CaSki_3.34_0.92_0.92_wakhan_cna_integers.vcf	/data/KolmogorovLab/HPV_Dean_Collab/nano_nf_runs/CaSki/sv_cna_v2/severus/somatic_SVs/severus_somatic.vcf	C5	chr11	q	99652394	104394528	99652394-104394528	4	4	4	4742135	8.435019247659546e-07	True	19.682881444750095	3.20921618867204	736224.0	1052496.0	1501805.75	False	10|16	0.5	0.3333333333333333	0	0	0	0	0	0	0	0	1	1	2	0	5	1.0	5.0	1	5.0	5.0	0	0	3.0	0	1	1	0	False	canonical		noncanonical	99652394	104394528	Seismic_Amplification;BFB	Seismic_Amplification;BFB	Seismic_Amplification:canonical;BFB:noncanonical	candidate_region_label	region	candidate_region	CaSki:chr11:99652394-104394528:5
CaSki	CaSki:chr22:19000001-28664067:6	CaSki_3.34_0.92_0.92	/data/KolmogorovLab/HPV_Dean_Collab/nano_nf_runs/CaSki/sv_cna_v2/wakhan/3.34_0.92_0.92/bed_output/CaSki_3.34_0.92_0.92	/data/KolmogorovLab/HPV_Dean_Collab/nano_nf_runs/CaSki/sv_cna_v2/wakhan/3.34_0.92_0.92/vcf_output/CaSki_3.34_0.92_0.92_wakhan_cna_integers.vcf	/data/KolmogorovLab/HPV_Dean_Collab/nano_nf_runs/CaSki/sv_cna_v2/severus/somatic_SVs/severus_somatic.vcf	C6	chr22	q	19000001	28664067	19000001-28664067	6	6	5	9664067	6.208566227862451e-07	True	3.937540685510562	3.20921618867204	1523131.75	1689033.5	2089431.0	True	4|5	0.8333333333333334	0.6	0	0	0	1	3	2	0	0	0	0	0	0	6			0			0	2	0.0	3	1	0	3	False				19000001	28664067				candidate_region_empty	empty_candidate_region	candidate_region	
CaSki	CaSki:chrX:80448062-86099488:7	CaSki_3.34_0.92_0.92	/data/KolmogorovLab/HPV_Dean_Collab/nano_nf_runs/CaSki/sv_cna_v2/wakhan/3.34_0.92_0.92/bed_output/CaSki_3.34_0.92_0.92	/data/KolmogorovLab/HPV_Dean_Collab/nano_nf_runs/CaSki/sv_cna_v2/wakhan/3.34_0.92_0.92/vcf_output/CaSki_3.34_0.92_0.92_wakhan_cna_integers.vcf	/data/KolmogorovLab/HPV_Dean_Collab/nano_nf_runs/CaSki/sv_cna_v2/severus/somatic_SVs/severus_somatic.vcf	C7	chrX	q	80448062	86099488	80448062-86099488	6	6	4	5651427	1.0616787583029917e-06	True	5.090849974705503	3.20921618867204	195717.0	807461.0	1251325.75	False	9|13	0.5	0.0	0	0	1	1	0	0	0	0	3	1	0	0	7	2.0	2.0	1	2.0	2.0	2	0	1.0	2	2	0	2	False	noncanonical		noncanonicalB	80448062	86099488	Seismic_Amplification;BFB	Seismic_Amplification;BFB	Seismic_Amplification:noncanonical;BFB:noncanonicalB	candidate_region_label	region	candidate_region	CaSki:chrX:80448062-86099488:7
DOTC2	DOTC2:chr1:50777662-67572663:1	DOTC2_3.25_0.98_0.94	/data/KolmogorovLab/HPV_Dean_Collab/nano_nf_runs/DOTC2/sv_cna_v2/wakhan/3.25_0.98_0.94/bed_output/DOTC2_3.25_0.98_0.94	/data/KolmogorovLab/HPV_Dean_Collab/nano_nf_runs/DOTC2/sv_cna_v2/wakhan/3.25_0.98_0.94/vcf_output/DOTC2_3.25_0.98_0.94_wakhan_cna_integers.vcf	/data/KolmogorovLab/HPV_Dean_Collab/nano_nf_runs/DOTC2/sv_cna_v2/severus/somatic_SVs/severus_somatic.vcf	C1	chr1	p	50777662	67572663	50777662-67572663	11	12	10	16795002	7.144982775232775e-07	True	5.467586309307971	3.104990573474121	153306.5	723948.5	1818625.75	False	5|4	0.5	0.2727272727272727	0	0	0	0	3	3	2	2	2	0	0	0	13	1.0	11.0	0			1	1	2.0	4	5	0	4	False	noncanonical		noncanonicalB	50777662	67572663	Seismic_Amplification;BFB	Seismic_Amplification;BFB	Seismic_Amplification:noncanonical;BFB:noncanonicalB	candidate_region_label	region	candidate_region	DOTC2:chr1:50777662-67572663:1
DOTC2	DOTC2:chr1:151000001-157274177:2	DOTC2_3.25_0.98_0.94	/data/KolmogorovLab/HPV_Dean_Collab/nano_nf_runs/DOTC2/sv_cna_v2/wakhan/3.25_0.98_0.94/bed_output/DOTC2_3.25_0.98_0.94	/data/KolmogorovLab/HPV_Dean_Collab/nano_nf_runs/DOTC2/sv_cna_v2/wakhan/3.25_0.98_0.94/vcf_output/DOTC2_3.25_0.98_0.94_wakhan_cna_integers.vcf	/data/KolmogorovLab/HPV_Dean_Collab/nano_nf_runs/DOTC2/sv_cna_v2/severus/somatic_SVs/severus_somatic.vcf	C2	chr1	q	151000001	157274177	151000001-157274177	4	4	4	6274177	6.375338151920164e-07	True	2.7347456088663105	3.104990573474121	1150739.75	1602645.5	2020450.0	True	2|3	1.0	1.0	0	0	2	2	0	0	0	0	0	0	0	0	4			0			2	1	0.0	1	0	0	1	False		noncanonicalB		151000001	157274177	chromothripsis	chromothripsis	chromothripsis:noncanonicalB	candidate_region_label	region	candidate_region	DOTC2:chr1:151000001-157274177:2
DOTC2	DOTC2:chr4:52000001-58379854:3	DOTC2_3.25_0.98_0.94	/data/KolmogorovLab/HPV_Dean_Collab/nano_nf_runs/DOTC2/sv_cna_v2/wakhan/3.25_0.98_0.94/bed_output/DOTC2_3.25_0.98_0.94	/data/KolmogorovLab/HPV_Dean_Collab/nano_nf_runs/DOTC2/sv_cna_v2/wakhan/3.25_0.98_0.94/vcf_output/DOTC2_3.25_0.98_0.94_wakhan_cna_integers.vcf	/data/KolmogorovLab/HPV_Dean_Collab/nano_nf_runs/DOTC2/sv_cna_v2/severus/somatic_SVs/severus_somatic.vcf	C3	chr4	q	52000001	58379854	52000001-58379854	7	7	4	6379854	1.0972037918109097e-06	True	3.480859593338656	3.104990573474121	49274.5	1119358.0	1423146.5	False	4|3	0.7142857142857143	0.3333333333333333	0	0	0	2	3	1	1	0	0	0	0	0	7	2.0	2.0	0			2	1	1.0	3	0	0	3	False			noncanonicalB	52000001	58379854	BFB	BFB	BFB:noncanonicalB	candidate_region_label	region	candidate_region	DOTC2:chr4:52000001-58379854:3
DOTC2	DOTC2:chr6:135706334-146381524:4	DOTC2_3.25_0.98_0.94	/data/KolmogorovLab/HPV_Dean_Collab/nano_nf_runs/DOTC2/sv_cna_v2/wakhan/3.25_0.98_0.94/bed_output/DOTC2_3.25_0.98_0.94	/data/KolmogorovLab/HPV_Dean_Collab/nano_nf_runs/DOTC2/sv_cna_v2/wakhan/3.25_0.98_0.94/vcf_output/DOTC2_3.25_0.98_0.94_wakhan_cna_integers.vcf	/data/KolmogorovLab/HPV_Dean_Collab/nano_nf_runs/DOTC2/sv_cna_v2/severus/somatic_SVs/severus_somatic.vcf	C4	chr6	q	135706334	146381524	135706334-146381524	5	5	5	10675191	4.6837569463628333e-07	True	6.148239876925856	3.104990573474121	1386642.0	1938867.0	2723954.0	False	8|7	0.6	0.5	0	0	0	1	1	0	0	1	2	0	0	0	6			0			0	0	0.0	6	0	0	6	False				135706334	146381524				candidate_region_empty	empty_candidate_region	candidate_region	
DOTC2	DOTC2:chr7:13518946-20269876:5	DOTC2_3.25_0.98_0.94	/data/KolmogorovLab/HPV_Dean_Collab/nano_nf_runs/DOTC2/sv_cna_v2/wakhan/3.25_0.98_0.94/bed_output/DOTC2_3.25_0.98_0.94	/data/KolmogorovLab/HPV_Dean_Collab/nano_nf_runs/DOTC2/sv_cna_v2/wakhan/3.25_0.98_0.94/vcf_output/DOTC2_3.25_0.98_0.94_wakhan_cna_integers.vcf	/data/KolmogorovLab/HPV_Dean_Collab/nano_nf_runs/DOTC2/sv_cna_v2/severus/somatic_SVs/severus_somatic.vcf	C5	chr7	p	13518946	20269876	13518946-20269876	4	4	4	6750931	5.925108699822291e-07	True	2.1132069043514146	3.104990573474121	1079416.25	1380815.0	1989131.5	True	2|0	0.75	0.6666666666666666	1	0	2	1	0	0	0	0	0	0	0	0	6			0			2	2	0.0	0	2	0	0	False		canonical		13518946	20269876	chromothripsis	chromothripsis	chromothripsis:canonical	candidate_region_label	region	candidate_region	DOTC2:chr7:13518946-20269876:5
DOTC2	DOTC2:chr11:46374227-50999999:6	DOTC2_3.25_0.98_0.94	/data/KolmogorovLab/HPV_Dean_Collab/nano_nf_runs/DOTC2/sv_cna_v2/wakhan/3.25_0.98_0.94/bed_output/DOTC2_3.25_0.98_0.94	/data/KolmogorovLab/HPV_Dean_Collab/nano_nf_runs/DOTC2/sv_cna_v2/wakhan/3.25_0.98_0.94/vcf_output/DOTC2_3.25_0.98_0.94_wakhan_cna_integers.vcf	/data/KolmogorovLab/HPV_Dean_Collab/nano_nf_runs/DOTC2/sv_cna_v2/severus/somatic_SVs/severus_somatic.vcf	C6	chr11	p	46374227	50999999	46374227-50999999	3	3	3	4625773	6.485402547855245e-07	True	2.09590202545607	3.104990573474121	853837.5	1264054.0	2091076.5	True	2|3	1.0	1.0	0	0	2	1	0	0	0	0	0	0	0	0	3	2.0	2.0	0			0	0	1.0	2	0	0	2	False			noncanonicalB	46374227	50999999	BFB	BFB	BFB:noncanonicalB	candidate_region_label	region	candidate_region	DOTC2:chr11:46374227-50999999:6
DOTC2	DOTC2:chr11:111434427-114924453:7	DOTC2_3.25_0.98_0.94	/data/KolmogorovLab/HPV_Dean_Collab/nano_nf_runs/DOTC2/sv_cna_v2/wakhan/3.25_0.98_0.94/bed_output/DOTC2_3.25_0.98_0.94	/data/KolmogorovLab/HPV_Dean_Collab/nano_nf_runs/DOTC2/sv_cna_v2/wakhan/3.25_0.98_0.94/vcf_output/DOTC2_3.25_0.98_0.94_wakhan_cna_integers.vcf	/data/KolmogorovLab/HPV_Dean_Collab/nano_nf_runs/DOTC2/sv_cna_v2/severus/somatic_SVs/severus_somatic.vcf	C7	chr11	q	111434427	114924453	111434427-114924453	2	2	1	3490027	5.730614691519579e-07	True	3.0232445193117417	3.104990573474121	913068.75	1745013.5	2576958.25	False		0.0	0.0	0	0	0	1	1	0	0	0	0	0	0	0	4	1.0	2.0	1	1.0	1.0	0	0	2.0	2	0	0	2	False			noncanonical	111434427	114924453	BFB	BFB	BFB:noncanonical	candidate_region_label	region	candidate_region	DOTC2:chr11:111434427-114924453:7
DOTC2	DOTC2:chr12:60924479-74275376:8	DOTC2_3.25_0.98_0.94	/data/KolmogorovLab/HPV_Dean_Collab/nano_nf_runs/DOTC2/sv_cna_v2/wakhan/3.25_0.98_0.94/bed_output/DOTC2_3.25_0.98_0.94	/data/KolmogorovLab/HPV_Dean_Collab/nano_nf_runs/DOTC2/sv_cna_v2/wakhan/3.25_0.98_0.94/vcf_output/DOTC2_3.25_0.98_0.94_wakhan_cna_integers.vcf	/data/KolmogorovLab/HPV_Dean_Collab/nano_nf_runs/DOTC2/sv_cna_v2/severus/somatic_SVs/severus_somatic.vcf	C8	chr12	q	60924479	74275376	60924479-74275376	5	5	5	13350898	3.745066436729575e-07	True	3.219650543356709	3.104990573474121	1553761.0	2685467.0	4241267.0	True	2|3	0.8	0.75	0	0	2	2	1	0	0	0	0	0	0	0	6			0			2	0	0.0	3	1	0	3	False		noncanonicalB		60924479	74275376	chromothripsis	chromothripsis	chromothripsis:noncanonicalB	candidate_region_label	region	candidate_region	DOTC2:chr12:60924479-74275376:8
DOTC2	DOTC2:chr17:59420854-63886034:9	DOTC2_3.25_0.98_0.94	/data/KolmogorovLab/HPV_Dean_Collab/nano_nf_runs/DOTC2/sv_cna_v2/wakhan/3.25_0.98_0.94/bed_output/DOTC2_3.25_0.98_0.94	/data/KolmogorovLab/HPV_Dean_Collab/nano_nf_runs/DOTC2/sv_cna_v2/wakhan/3.25_0.98_0.94/vcf_output/DOTC2_3.25_0.98_0.94_wakhan_cna_integers.vcf	/data/KolmogorovLab/HPV_Dean_Collab/nano_nf_runs/DOTC2/sv_cna_v2/severus/somatic_SVs/severus_somatic.vcf	C9	chr17	q	59420854	63886034	59420854-63886034	5	5	5	4465181	1.119775435755012e-06	True	3.573002303825981	3.104990573474121	295866.0	498829.0	1653920.0	False	4|2	0.8	0.5	0	0	1	1	3	0	0	0	0	0	0	0	5			0			4	0	0.0	0	1	0	0	False				59420854	63886034				candidate_region_empty	empty_candidate_region	candidate_region	
DOTC2	DOTC2:chr18:35372218-44136546:10	DOTC2_3.25_0.98_0.94	/data/KolmogorovLab/HPV_Dean_Collab/nano_nf_runs/DOTC2/sv_cna_v2/wakhan/3.25_0.98_0.94/bed_output/DOTC2_3.25_0.98_0.94	/data/KolmogorovLab/HPV_Dean_Collab/nano_nf_runs/DOTC2/sv_cna_v2/wakhan/3.25_0.98_0.94/vcf_output/DOTC2_3.25_0.98_0.94_wakhan_cna_integers.vcf	/data/KolmogorovLab/HPV_Dean_Collab/nano_nf_runs/DOTC2/sv_cna_v2/severus/somatic_SVs/severus_somatic.vcf	C10	chr18	q	35372218	44136546	35372218-44136546	5	5	5	8764329	5.704943299139045e-07	True	3.2182529889053684	3.104990573474121	265817.0	2053953.0	2668329.0	False	3|2	0.8	0.5	0	0	1	3	1	0	0	0	0	0	0	0	6			0			2	1	0.0	2	1	0	2	False		noncanonical		35372218	44136546	chromothripsis	chromothripsis	chromothripsis:noncanonical	candidate_region_label	region	candidate_region	DOTC2:chr18:35372218-44136546:10
DOTC2	DOTC2:chr20:20039636-24999999:11	DOTC2_3.25_0.98_0.94	/data/KolmogorovLab/HPV_Dean_Collab/nano_nf_runs/DOTC2/sv_cna_v2/wakhan/3.25_0.98_0.94/bed_output/DOTC2_3.25_0.98_0.94	/data/KolmogorovLab/HPV_Dean_Collab/nano_nf_runs/DOTC2/sv_cna_v2/wakhan/3.25_0.98_0.94/vcf_output/DOTC2_3.25_0.98_0.94_wakhan_cna_integers.vcf	/data/KolmogorovLab/HPV_Dean_Collab/nano_nf_runs/DOTC2/sv_cna_v2/severus/somatic_SVs/severus_somatic.vcf	C11	chr20	p	20039636	24999999	20039636-24999999	4	4	4	4960364	8.063924341036262e-07	True	3.769302212498921	3.104990573474121	790272.75	1327582.5	1777401.0	True	3|4	1.0	1.0	0	0	0	2	2	0	0	0	0	0	0	0	4			0			2	0	0.0	2	0	0	2	False		noncanonicalB		20039636	24999999	chromothripsis	chromothripsis	chromothripsis:noncanonicalB	candidate_region_label	region	candidate_region	DOTC2:chr20:20039636-24999999:11
DOTC2	DOTC2:chrX:146763144-156040895:12	DOTC2_3.25_0.98_0.94	/data/KolmogorovLab/HPV_Dean_Collab/nano_nf_runs/DOTC2/sv_cna_v2/wakhan/3.25_0.98_0.94/bed_output/DOTC2_3.25_0.98_0.94	/data/KolmogorovLab/HPV_Dean_Collab/nano_nf_runs/DOTC2/sv_cna_v2/wakhan/3.25_0.98_0.94/vcf_output/DOTC2_3.25_0.98_0.94_wakhan_cna_integers.vcf	/data/KolmogorovLab/HPV_Dean_Collab/nano_nf_runs/DOTC2/sv_cna_v2/severus/somatic_SVs/severus_somatic.vcf	C12	chrX	q	146763144	156040895	146763144-156040895	5	5	4	9277752	5.389236530573354e-07	True	3.4531595584792525	3.104990573474121	437530.0	1903833.0	2138983.0	False	3|5	0.6	0.25	0	0	1	2	1	1	0	0	0	0	0	0	5			0			1	0	0.0	3	1	0	3	False				146763144	156040895				candidate_region_empty	empty_candidate_region	candidate_region	
HOKUG	HOKUG:chr4:141456616-145575189:1	HOKUG_2.02_0.97_0.9	/data/KolmogorovLab/HPV_Dean_Collab/nano_nf_runs/HOKUG/sv_cna_v2/wakhan/2.02_0.97_0.9/bed_output/HOKUG_2.02_0.97_0.9	/data/KolmogorovLab/HPV_Dean_Collab/nano_nf_runs/HOKUG/sv_cna_v2/wakhan/2.02_0.97_0.9/vcf_output/HOKUG_2.02_0.97_0.9_wakhan_cna_integers.vcf	/data/KolmogorovLab/HPV_Dean_Collab/nano_nf_runs/HOKUG/sv_cna_v2/severus/somatic_SVs/severus_somatic.vcf	C1	chr4	q	141456616	145575189	141456616-145575189	3	3	2	4118574	7.284074536477917e-07	True	2.007085947709086	1.922483320459225	93704.0	101000.0	2016083.0	False	0|2	0.6666666666666666	0.5	1	0	1	0	1	0	0	0	0	0	0	0	4	3.0	3.0	0			2	0	1.0	1	0	0	1	False			noncanonicalB	141456616	145575189	BFB	BFB	BFB:noncanonicalB	candidate_region_label	region	candidate_region	HOKUG:chr4:141456616-145575189:1
HOKUG	HOKUG:chr22:46755296-50818468:2	HOKUG_2.02_0.97_0.9	/data/KolmogorovLab/HPV_Dean_Collab/nano_nf_runs/HOKUG/sv_cna_v2/wakhan/2.02_0.97_0.9/bed_output/HOKUG_2.02_0.97_0.9	/data/KolmogorovLab/HPV_Dean_Collab/nano_nf_runs/HOKUG/sv_cna_v2/wakhan/2.02_0.97_0.9/vcf_output/HOKUG_2.02_0.97_0.9_wakhan_cna_integers.vcf	/data/KolmogorovLab/HPV_Dean_Collab/nano_nf_runs/HOKUG/sv_cna_v2/severus/somatic_SVs/severus_somatic.vcf	C2	chr22	q	46755296	50818468	46755296-50818468	3	3	2	4063173	7.383392240497759e-07	True	2.599956241095321	1.922483320459225	410978.5	803490.0	2022353.0	False	3|1	0.6666666666666666	0.5	0	1	1	1	0	0	0	0	0	0	0	0	2	2.0	2.0	0			0	0	1.0	1	0	0	1	False			noncanonicalB	46755296	50818468	BFB	BFB	BFB:noncanonicalB	candidate_region_label	region	candidate_region	HOKUG:chr22:46755296-50818468:2
HOS	HOS:chr1:151000001-156195938:1	HOS_2.05_0.99_0.87	/data/KolmogorovLab/HPV_Dean_Collab/nano_nf_runs/HOS/sv_cna_v2/wakhan/2.05_0.99_0.87/bed_output/HOS_2.05_0.99_0.87	/data/KolmogorovLab/HPV_Dean_Collab/nano_nf_runs/HOS/sv_cna_v2/wakhan/2.05_0.99_0.87/vcf_output/HOS_2.05_0.99_0.87_wakhan_cna_integers.vcf	/data/KolmogorovLab/HPV_Dean_Collab/nano_nf_runs/HOS/sv_cna_v2/severus/somatic_SVs/severus_somatic.vcf	C1	chr1	q	151000001	156195938	151000001-156195938	4	4	4	5195938	7.698321265573223e-07	True	3.913122904853753	1.964183468839849	239441.5	1003302.5	2062845.5	False	6|4	0.5	0.3333333333333333	1	0	0	0	1	1	1	0	0	0	0	0	4			0			0	0	0.0	4	0	0	4	False				151000001	156195938				candidate_region_empty	empty_candidate_region	candidate_region	
HOS	HOS:chr2:46988610-49699079:2	HOS_2.05_0.99_0.87	/data/KolmogorovLab/HPV_Dean_Collab/nano_nf_runs/HOS/sv_cna_v2/wakhan/2.05_0.99_0.87/bed_output/HOS_2.05_0.99_0.87	/data/KolmogorovLab/HPV_Dean_Collab/nano_nf_runs/HOS/sv_cna_v2/wakhan/2.05_0.99_0.87/vcf_output/HOS_2.05_0.99_0.87_wakhan_cna_integers.vcf	/data/KolmogorovLab/HPV_Dean_Collab/nano_nf_runs/HOS/sv_cna_v2/severus/somatic_SVs/severus_somatic.vcf	C2	chr2	p	46988610	49699079	46988610-49699079	5	5	4	2710470	1.844698520920726e-06	True	2.671103535549185	1.964183468839849	177094.0	321048.0	612145.0	False	2|3	0.8	0.5	0	0	2	2	1	0	0	0	0	0	0	0	6			0			0	2	0.0	1	3	0	1	False		noncanonicalB		46988610	49699079	chromothripsis	chromothripsis	chromothripsis:noncanonicalB	candidate_region_label	region	candidate_region	HOS:chr2:46988610-49699079:2
HOS	HOS:chr6:16115965-25720586:3	HOS_2.05_0.99_0.87	/data/KolmogorovLab/HPV_Dean_Collab/nano_nf_runs/HOS/sv_cna_v2/wakhan/2.05_0.99_0.87/bed_output/HOS_2.05_0.99_0.87	/data/KolmogorovLab/HPV_Dean_Collab/nano_nf_runs/HOS/sv_cna_v2/wakhan/2.05_0.99_0.87/vcf_output/HOS_2.05_0.99_0.87_wakhan_cna_integers.vcf	/data/KolmogorovLab/HPV_Dean_Collab/nano_nf_runs/HOS/sv_cna_v2/severus/somatic_SVs/severus_somatic.vcf	C3	chr6	p	16115965	25720586	16115965-25720586	15	15	11	9604622	1.561748083370694e-06	True	2.7505022061253426	1.964183468839849	100733.0	245796.0	703980.0	True	3|4	0.7333333333333333	0.5714285714285714	0	1	3	7	4	0	0	0	0	0	0	0	21	15.0	15.0	0			4	2	1.0	9	5	0	9	False		noncanonical	noncanonicalB	16115965	25720586	chromothripsis;BFB	chromothripsis;BFB	chromothripsis:noncanonical;BFB:noncanonicalB	candidate_region_label	region	candidate_region	HOS:chr6:16115965-25720586:3
HOS	HOS:chr6:49170621-51360264:4	HOS_2.05_0.99_0.87	/data/KolmogorovLab/HPV_Dean_Collab/nano_nf_runs/HOS/sv_cna_v2/wakhan/2.05_0.99_0.87/bed_output/HOS_2.05_0.99_0.87	/data/KolmogorovLab/HPV_Dean_Collab/nano_nf_runs/HOS/sv_cna_v2/wakhan/2.05_0.99_0.87/vcf_output/HOS_2.05_0.99_0.87_wakhan_cna_integers.vcf	/data/KolmogorovLab/HPV_Dean_Collab/nano_nf_runs/HOS/sv_cna_v2/severus/somatic_SVs/severus_somatic.vcf	C4	chr6	p	49170621	51360264	49170621-51360264	2	2	2	2189644	9.133904872207536e-07	True	4.489117865735252	1.964183468839849	725910.0	1094822.0	1463734.0	False		0.0	0.0	0	0	0	0	1	0	0	1	0	0	0	0	3	2.0	2.0	1	2.0	2.0	0	0	1.0	2	0	0	2	False			noncanonicalB	49170621	51360264	BFB	BFB	BFB:noncanonicalB	candidate_region_label	region	candidate_region	HOS:chr6:49170621-51360264:4
HOS	HOS:chr7:19941203-28593136:5	HOS_2.05_0.99_0.87	/data/KolmogorovLab/HPV_Dean_Collab/nano_nf_runs/HOS/sv_cna_v2/wakhan/2.05_0.99_0.87/bed_output/HOS_2.05_0.99_0.87	/data/KolmogorovLab/HPV_Dean_Collab/nano_nf_runs/HOS/sv_cna_v2/wakhan/2.05_0.99_0.87/vcf_output/HOS_2.05_0.99_0.87_wakhan_cna_integers.vcf	/data/KolmogorovLab/HPV_Dean_Collab/nano_nf_runs/HOS/sv_cna_v2/severus/somatic_SVs/severus_somatic.vcf	C5	chr7	p	19941203	28593136	19941203-28593136	5	5	5	8651934	5.779054717708203e-07	True	2.316576270692772	1.964183468839849	760179.0	1312417.0	1404569.0	False	1|3	0.8	0.5	1	2	0	2	0	0	0	0	0	0	0	0	6			0			2	0	0.0	2	2	0	2	False				19941203	28593136				candidate_region_empty	empty_candidate_region	candidate_region	
HOS	HOS:chr7:63000001-70353239:6	HOS_2.05_0.99_0.87	/data/KolmogorovLab/HPV_Dean_Collab/nano_nf_runs/HOS/sv_cna_v2/wakhan/2.05_0.99_0.87/bed_output/HOS_2.05_0.99_0.87	/data/KolmogorovLab/HPV_Dean_Collab/nano_nf_runs/HOS/sv_cna_v2/wakhan/2.05_0.99_0.87/vcf_output/HOS_2.05_0.99_0.87_wakhan_cna_integers.vcf	/data/KolmogorovLab/HPV_Dean_Collab/nano_nf_runs/HOS/sv_cna_v2/severus/somatic_SVs/severus_somatic.vcf	C6	chr7	q	63000001	70353239	63000001-70353239	5	5	3	7353239	6.799724583955451e-07	True	2.068846803429074	1.964183468839849	57102.0	419282.0	3303525.0	False	2|4	0.6	0.25	0	1	2	1	1	0	0	0	0	0	0	0	5	3.0	3.0	0			2	0	1.0	0	1	1	0	False			noncanonicalB	63000001	70353239	BFB	BFB	BFB:noncanonicalB	candidate_region_label	region	candidate_region	HOS:chr7:63000001-70353239:6
HOS	HOS:chr7:131039415-141230513:7	HOS_2.05_0.99_0.87	/data/KolmogorovLab/HPV_Dean_Collab/nano_nf_runs/HOS/sv_cna_v2/wakhan/2.05_0.99_0.87/bed_output/HOS_2.05_0.99_0.87	/data/KolmogorovLab/HPV_Dean_Collab/nano_nf_runs/HOS/sv_cna_v2/wakhan/2.05_0.99_0.87/vcf_output/HOS_2.05_0.99_0.87_wakhan_cna_integers.vcf	/data/KolmogorovLab/HPV_Dean_Collab/nano_nf_runs/HOS/sv_cna_v2/severus/somatic_SVs/severus_somatic.vcf	C7	chr7	q	131039415	141230513	131039415-141230513	10	10	10	10191099	9.8124844042826e-07	True	0.6092988597206248	1.964183468839849	229731.25	638715.5	1879282.0	False	1|0	0.6	0.3333333333333333	3	3	2	2	0	0	0	0	0	0	0	0	11			0			0	2	0.0	6	3	0	6	False				131039415	141230513				candidate_region_empty	empty_candidate_region	candidate_region	
HOS	HOS:chr11:115215034-125184658:8	HOS_2.05_0.99_0.87	/data/KolmogorovLab/HPV_Dean_Collab/nano_nf_runs/HOS/sv_cna_v2/wakhan/2.05_0.99_0.87/bed_output/HOS_2.05_0.99_0.87	/data/KolmogorovLab/HPV_Dean_Collab/nano_nf_runs/HOS/sv_cna_v2/wakhan/2.05_0.99_0.87/vcf_output/HOS_2.05_0.99_0.87_wakhan_cna_integers.vcf	/data/KolmogorovLab/HPV_Dean_Collab/nano_nf_runs/HOS/sv_cna_v2/severus/somatic_SVs/severus_somatic.vcf	C8	chr11	q	115215034	125184658	115215034-125184658	37	37	22	9969625	3.7112729917123262e-06	True	3.677196684930476	1.964183468839849	60873.0	176080.0	418622.0	False	4|2	0.2972972972972973	0.0555555555555555	4	2	5	3	6	4	5	3	4	1	0	0	42	1.0	30.0	0			12	8	6.0	5	10	1	5	False	noncanonical		noncanonicalB	115215034	125184658	Seismic_Amplification;BFB	Seismic_Amplification;BFB	Seismic_Amplification:noncanonical;BFB:noncanonicalB	candidate_region_label	region	candidate_region	HOS:chr11:115215034-125184658:8
HOS	HOS:chr12:126179644-133275309:9	HOS_2.05_0.99_0.87	/data/KolmogorovLab/HPV_Dean_Collab/nano_nf_runs/HOS/sv_cna_v2/wakhan/2.05_0.99_0.87/bed_output/HOS_2.05_0.99_0.87	/data/KolmogorovLab/HPV_Dean_Collab/nano_nf_runs/HOS/sv_cna_v2/wakhan/2.05_0.99_0.87/vcf_output/HOS_2.05_0.99_0.87_wakhan_cna_integers.vcf	/data/KolmogorovLab/HPV_Dean_Collab/nano_nf_runs/HOS/sv_cna_v2/severus/somatic_SVs/severus_somatic.vcf	C9	chr12	q	126179644	133275309	126179644-133275309	8	8	6	7095666	1.127448783525042e-06	True	1.8381702295457536	1.964183468839849	113039.5	358911.5	1457335.5	False	2|3	0.75	0.4285714285714285	1	1	4	2	0	0	0	0	0	0	0	0	7			0			3	1	0.0	1	2	0	1	False		canonical		126179644	133275309	chromothripsis	chromothripsis	chromothripsis:canonical	candidate_region_label	region	candidate_region	HOS:chr12:126179644-133275309:9
HOS	HOS:chrX:40892836-45441048:10	HOS_2.05_0.99_0.87	/data/KolmogorovLab/HPV_Dean_Collab/nano_nf_runs/HOS/sv_cna_v2/wakhan/2.05_0.99_0.87/bed_output/HOS_2.05_0.99_0.87	/data/KolmogorovLab/HPV_Dean_Collab/nano_nf_runs/HOS/sv_cna_v2/wakhan/2.05_0.99_0.87/vcf_output/HOS_2.05_0.99_0.87_wakhan_cna_integers.vcf	/data/KolmogorovLab/HPV_Dean_Collab/nano_nf_runs/HOS/sv_cna_v2/severus/somatic_SVs/severus_somatic.vcf	C10	chrX	p	40892836	45441048	40892836-45441048	3	3	3	4548213	6.595997153167628e-07	True	2.5991773032617425	1.964183468839849	1129091.0	1362593.0	1826312.0	True	2|4	1.0	1.0	0	0	2	0	1	0	0	0	0	0	0	0	5	1.0	4.0	1	4.0	4.0	1	0	4.0	0	0	0	0	False			noncanonicalB	40892836	45441048	BFB	BFB	BFB:noncanonicalB	candidate_region_label	region	candidate_region	HOS:chrX:40892836-45441048:10
HeLa	HeLa:chr2:178861687-197623598:1	HeLa_3.14_0.79_0.96	/data/KolmogorovLab/HPV_Dean_Collab/nano_nf_runs/HeLa/sv_cna_v2/wakhan/3.14_0.79_0.96/bed_output/HeLa_3.14_0.79_0.96	/data/KolmogorovLab/HPV_Dean_Collab/nano_nf_runs/HeLa/sv_cna_v2/wakhan/3.14_0.79_0.96/vcf_output/HeLa_3.14_0.79_0.96_wakhan_cna_integers.vcf	/data/KolmogorovLab/HPV_Dean_Collab/nano_nf_runs/HeLa/sv_cna_v2/severus/somatic_SVs/severus_somatic.vcf	C1	chr2	q	178861687	197623598	178861687-197623598	17	18	12	18761912	9.593904928239724e-07	True	3.4509764783034904	3.017964112703087	67205.75	232167.5	845448.5	False	4|2	0.6111111111111112	0.2941176470588235	0	0	5	4	6	3	0	0	0	0	0	0	19			0			2	6	0.0	0	11	0	0	False		noncanonical		178861687	197623598	chromothripsis	chromothripsis	chromothripsis:noncanonical	candidate_region_label	region	candidate_region	HeLa:chr2:178861687-197623598:1
HeLa	HeLa:chr5:31906131-45999999:2	HeLa_3.14_0.79_0.96	/data/KolmogorovLab/HPV_Dean_Collab/nano_nf_runs/HeLa/sv_cna_v2/wakhan/3.14_0.79_0.96/bed_output/HeLa_3.14_0.79_0.96	/data/KolmogorovLab/HPV_Dean_Collab/nano_nf_runs/HeLa/sv_cna_v2/wakhan/3.14_0.79_0.96/vcf_output/HeLa_3.14_0.79_0.96_wakhan_cna_integers.vcf	/data/KolmogorovLab/HPV_Dean_Collab/nano_nf_runs/HeLa/sv_cna_v2/severus/somatic_SVs/severus_somatic.vcf	C2	chr5	p	31906131	45999999	31906131-45999999	16	16	13	14093869	1.1352454035155286e-06	True	8.420673201943341	3.017964112703087	115396.75	428698.5	1605651.5	False	7|8	0.4375	0.1333333333333333	1	0	0	0	0	0	2	4	6	3	0	0	17			0			5	4	0.0	0	8	0	0	False	canonical			31906131	45999999	Seismic_Amplification	Seismic_Amplification	Seismic_Amplification:canonical	candidate_region_label	region	candidate_region	HeLa:chr5:31906131-45999999:2
HeLa	HeLa:chr6:33257934-38053809:3	HeLa_3.14_0.79_0.96	/data/KolmogorovLab/HPV_Dean_Collab/nano_nf_runs/HeLa/sv_cna_v2/wakhan/3.14_0.79_0.96/bed_output/HeLa_3.14_0.79_0.96	/data/KolmogorovLab/HPV_Dean_Collab/nano_nf_runs/HeLa/sv_cna_v2/wakhan/3.14_0.79_0.96/vcf_output/HeLa_3.14_0.79_0.96_wakhan_cna_integers.vcf	/data/KolmogorovLab/HPV_Dean_Collab/nano_nf_runs/HeLa/sv_cna_v2/severus/somatic_SVs/severus_somatic.vcf	C3	chr6	p	33257934	38053809	33257934-38053809	4	4	4	4795876	8.34049921223985e-07	True	4.962686691649242	3.017964112703087	346490.5	578612.0	1431090.5	False	6|4	0.75	0.3333333333333333	0	0	0	0	1	1	2	0	0	0	0	0	5			0			0	4	0.0	1	0	0	1	False				33257934	38053809				candidate_region_empty	empty_candidate_region	candidate_region	
HeLa	HeLa:chr11:20400801-30278058:4	HeLa_3.14_0.79_0.96	/data/KolmogorovLab/HPV_Dean_Collab/nano_nf_runs/HeLa/sv_cna_v2/wakhan/3.14_0.79_0.96/bed_output/HeLa_3.14_0.79_0.96	/data/KolmogorovLab/HPV_Dean_Collab/nano_nf_runs/HeLa/sv_cna_v2/wakhan/3.14_0.79_0.96/vcf_output/HeLa_3.14_0.79_0.96_wakhan_cna_integers.vcf	/data/KolmogorovLab/HPV_Dean_Collab/nano_nf_runs/HeLa/sv_cna_v2/severus/somatic_SVs/severus_somatic.vcf	C4	chr11	p	20400801	30278058	20400801-30278058	10	10	9	9877258	1.0124267281466172e-06	True	3.782091851807455	3.017964112703087	411898.5	982488.5	1335461.0	False	4|2	0.6	0.2222222222222222	0	0	2	1	4	2	1	0	0	0	0	0	11			0			5	2	0.0	0	3	1	0	False		noncanonical		20400801	30278058	chromothripsis	chromothripsis	chromothripsis:noncanonical	candidate_region_label	region	candidate_region	HeLa:chr11:20400801-30278058:4
HeLa	HeLa:chr11:44892122-75358809:5	HeLa_3.14_0.79_0.96	/data/KolmogorovLab/HPV_Dean_Collab/nano_nf_runs/HeLa/sv_cna_v2/wakhan/3.14_0.79_0.96/bed_output/HeLa_3.14_0.79_0.96	/data/KolmogorovLab/HPV_Dean_Collab/nano_nf_runs/HeLa/sv_cna_v2/wakhan/3.14_0.79_0.96/vcf_output/HeLa_3.14_0.79_0.96_wakhan_cna_integers.vcf	/data/KolmogorovLab/HPV_Dean_Collab/nano_nf_runs/HeLa/sv_cna_v2/severus/somatic_SVs/severus_somatic.vcf	C5	chr11	mixed	44892122	75358809	44892122-75358809	19	22	16	30466688	7.221001508270279e-07	True	3.398280968380941	3.017964112703087	97899.0	537343.5	2181391.75	False	4|5	0.5454545454545454	0.2857142857142857	1	0	1	2	7	5	4	1	1	0	0	0	19	17.0	17.0	0			1	7	1.0	0	10	0	0	False	canonical	noncanonical	noncanonicalB	44892122	75358809	Seismic_Amplification;chromothripsis;BFB	Seismic_Amplification;chromothripsis;BFB	Seismic_Amplification:canonical;chromothripsis:noncanonical;BFB:noncanonicalB	candidate_region_label	region	candidate_region	HeLa:chr11:44892122-75358809:5
HeLa	HeLa:chr12:44288126-56020661:6	HeLa_3.14_0.79_0.96	/data/KolmogorovLab/HPV_Dean_Collab/nano_nf_runs/HeLa/sv_cna_v2/wakhan/3.14_0.79_0.96/bed_output/HeLa_3.14_0.79_0.96	/data/KolmogorovLab/HPV_Dean_Collab/nano_nf_runs/HeLa/sv_cna_v2/wakhan/3.14_0.79_0.96/vcf_output/HeLa_3.14_0.79_0.96_wakhan_cna_integers.vcf	/data/KolmogorovLab/HPV_Dean_Collab/nano_nf_runs/HeLa/sv_cna_v2/severus/somatic_SVs/severus_somatic.vcf	C6	chr12	q	44288126	56020661	44288126-56020661	11	11	8	11732536	9.375637117158644e-07	True	5.561089776327982	3.017964112703087	103645.0	731541.0	1891924.5	False	5|6	0.6363636363636364	0.3	0	0	0	0	1	4	3	1	2	0	0	0	12			0			2	9	0.0	1	0	0	1	False	noncanonical			44288126	56020661	Seismic_Amplification	Seismic_Amplification	Seismic_Amplification:noncanonical	candidate_region_label	region	candidate_region	HeLa:chr12:44288126-56020661:6
HeLa	HeLa:chr17:59834629-64566240:7	HeLa_3.14_0.79_0.96	/data/KolmogorovLab/HPV_Dean_Collab/nano_nf_runs/HeLa/sv_cna_v2/wakhan/3.14_0.79_0.96/bed_output/HeLa_3.14_0.79_0.96	/data/KolmogorovLab/HPV_Dean_Collab/nano_nf_runs/HeLa/sv_cna_v2/wakhan/3.14_0.79_0.96/vcf_output/HeLa_3.14_0.79_0.96_wakhan_cna_integers.vcf	/data/KolmogorovLab/HPV_Dean_Collab/nano_nf_runs/HeLa/sv_cna_v2/severus/somatic_SVs/severus_somatic.vcf	C7	chr17	q	59834629	64566240	59834629-64566240	8	8	4	4731612	1.6907557086253058e-06	True	3.1045459771426738	3.017964112703087	32495.5	98503.5	245052.0	False	3|6	0.5	0.1428571428571428	1	0	1	3	1	1	1	0	0	0	0	0	9			0			1	2	0.0	3	3	0	3	False		noncanonical		59834629	64566240	chromothripsis	chromothripsis	chromothripsis:noncanonical	candidate_region_label	region	candidate_region	HeLa:chr17:59834629-64566240:7
JHUS_nk1	JHUS_nk1:chr4:52000001-57524617:1	JHUS_nk1_2.86_0.96_0.94	/data/KolmogorovLab/HPV_Dean_Collab/nano_nf_runs/JHUS_nk1/sv_cna_v2/wakhan/2.86_0.96_0.94/bed_output/JHUS_nk1_2.86_0.96_0.94	/data/KolmogorovLab/HPV_Dean_Collab/nano_nf_runs/JHUS_nk1/sv_cna_v2/wakhan/2.86_0.96_0.94/vcf_output/JHUS_nk1_2.86_0.96_0.94_wakhan_cna_integers.vcf	/data/KolmogorovLab/HPV_Dean_Collab/nano_nf_runs/JHUS_nk1/sv_cna_v2/severus/somatic_SVs/severus_somatic.vcf	C1	chr4	q	52000001	57524617	52000001-57524617	5	5	5	5524617	9.05040114092977e-07	True	3.3813791978701877	2.7405699885218366	738681.0	1260432.0	1402448.0	False	4|3	0.6	0.0	0	0	1	1	2	1	0	0	0	0	0	0	5	1.0	3.0	0			0	0	2.0	2	0	1	2	False			noncanonicalB	52000001	57524617	BFB	BFB	BFB:noncanonicalB	candidate_region_label	region	candidate_region	JHUS_nk1:chr4:52000001-57524617:1
JHUS_nk1	JHUS_nk1:chr5:52000001-54127521:2	JHUS_nk1_2.86_0.96_0.94	/data/KolmogorovLab/HPV_Dean_Collab/nano_nf_runs/JHUS_nk1/sv_cna_v2/wakhan/2.86_0.96_0.94/bed_output/JHUS_nk1_2.86_0.96_0.94	/data/KolmogorovLab/HPV_Dean_Collab/nano_nf_runs/JHUS_nk1/sv_cna_v2/wakhan/2.86_0.96_0.94/vcf_output/JHUS_nk1_2.86_0.96_0.94_wakhan_cna_integers.vcf	/data/KolmogorovLab/HPV_Dean_Collab/nano_nf_runs/JHUS_nk1/sv_cna_v2/severus/somatic_SVs/severus_somatic.vcf	C2	chr5	q	52000001	54127521	52000001-54127521	2	2	2	2127521	9.400612261876616e-07	True	2.967209254338735	2.7405699885218366	1046319.75	1063760.5	1081201.25	False		0.0	0.0	0	0	1	0	1	0	0	0	0	0	0	0	2	1.0	1.0	0			0	0	1.0	0	1	0	0	False			noncanonicalB	52000001	54127521	BFB	BFB	BFB:noncanonicalB	candidate_region_label	region	candidate_region	JHUS_nk1:chr5:52000001-54127521:2
JHUS_nk1	JHUS_nk1:chr8:93211252-107679084:3	JHUS_nk1_2.86_0.96_0.94	/data/KolmogorovLab/HPV_Dean_Collab/nano_nf_runs/JHUS_nk1/sv_cna_v2/wakhan/2.86_0.96_0.94/bed_output/JHUS_nk1_2.86_0.96_0.94	/data/KolmogorovLab/HPV_Dean_Collab/nano_nf_runs/JHUS_nk1/sv_cna_v2/wakhan/2.86_0.96_0.94/vcf_output/JHUS_nk1_2.86_0.96_0.94_wakhan_cna_integers.vcf	/data/KolmogorovLab/HPV_Dean_Collab/nano_nf_runs/JHUS_nk1/sv_cna_v2/severus/somatic_SVs/severus_somatic.vcf	C3	chr8	q	93211252	107679084	93211252-107679084	17	17	15	14467833	1.1750204747317722e-06	True	6.281936831866942	2.7405699885218366	303561.0	414881.0	1000499.0	False	5|9	0.4117647058823529	0.0625	1	0	0	1	1	4	2	1	6	1	0	0	17	12.0	12.0	1	12.0	12.0	3	0	1.0	5	8	0	5	False	noncanonical		noncanonicalB	93211252	107679084	Seismic_Amplification;BFB	Seismic_Amplification;BFB	Seismic_Amplification:noncanonical;BFB:noncanonicalB	candidate_region_label	region	candidate_region	JHUS_nk1:chr8:93211252-107679084:3
JHUS_nk1	JHUS_nk1:chr18:22000001-30714668:4	JHUS_nk1_2.86_0.96_0.94	/data/KolmogorovLab/HPV_Dean_Collab/nano_nf_runs/JHUS_nk1/sv_cna_v2/wakhan/2.86_0.96_0.94/bed_output/JHUS_nk1_2.86_0.96_0.94	/data/KolmogorovLab/HPV_Dean_Collab/nano_nf_runs/JHUS_nk1/sv_cna_v2/wakhan/2.86_0.96_0.94/vcf_output/JHUS_nk1_2.86_0.96_0.94_wakhan_cna_integers.vcf	/data/KolmogorovLab/HPV_Dean_Collab/nano_nf_runs/JHUS_nk1/sv_cna_v2/severus/somatic_SVs/severus_somatic.vcf	C4	chr18	q	22000001	30714668	22000001-30714668	9	9	9	8714668	1.0327415800578978e-06	True	2.405044231174384	2.7405699885218366	388287.0	748173.0	893605.0	True	3|2	0.8888888888888888	0.75	0	0	3	5	1	0	0	0	0	0	0	0	9			0			3	0	0.0	2	3	1	2	False		noncanonicalB		22000001	30714668	chromothripsis	chromothripsis	chromothripsis:noncanonicalB	candidate_region_label	region	candidate_region	JHUS_nk1:chr18:22000001-30714668:4
JHUS_nk1	JHUS_nk1:chrX:0-3711885:5	JHUS_nk1_2.86_0.96_0.94	/data/KolmogorovLab/HPV_Dean_Collab/nano_nf_runs/JHUS_nk1/sv_cna_v2/wakhan/2.86_0.96_0.94/bed_output/JHUS_nk1_2.86_0.96_0.94	/data/KolmogorovLab/HPV_Dean_Collab/nano_nf_runs/JHUS_nk1/sv_cna_v2/wakhan/2.86_0.96_0.94/vcf_output/JHUS_nk1_2.86_0.96_0.94_wakhan_cna_integers.vcf	/data/KolmogorovLab/HPV_Dean_Collab/nano_nf_runs/JHUS_nk1/sv_cna_v2/severus/somatic_SVs/severus_somatic.vcf	C5	chrX	p	0	3711885	0-3711885	4	4	4	3711886	1.0776193018858875e-06	True	2.6675210391698454	2.7405699885218366	664471.0	898704.0	1162204.5	True	2|3	1.0	1.0	0	0	2	2	0	0	0	0	0	0	0	0	4			0			0	0	0.0	4	0	0	4	False		noncanonicalB		0	3711885	chromothripsis	chromothripsis	chromothripsis:noncanonicalB	candidate_region_label	region	candidate_region	JHUS_nk1:chrX:0-3711885:5
MDA_MD_361	MDA_MD_361:chr1:176691368-179785347:1	MDA_MD_361_2.71_0.93_0.85	/vf/users/KolmogorovLab/HPV_Dean_Collab/nano_nf_runs/MDA_MD_361/sv_cna_v2/wakhan/2.71_0.93_0.85/bed_output/MDA_MD_361_2.71_0.93_0.85	/vf/users/KolmogorovLab/HPV_Dean_Collab/nano_nf_runs/MDA_MD_361/sv_cna_v2/wakhan/2.71_0.93_0.85/vcf_output/MDA_MD_361_2.71_0.93_0.85_wakhan_cna_integers.vcf	/data/KolmogorovLab/HPV_Dean_Collab/nano_nf_runs/MDA_MD_361/sv_cna_v2/severus/somatic_SVs/severus_somatic.vcf	C1	chr1	q	176691368	179785347	176691368-179785347	4	4	4	3093980	1.292833179270713e-06	True	2.196050717845623	2.588032254012253	366883.25	585386.5	991998.25	True	3|2	1.0	1.0	0	0	2	2	0	0	0	0	0	0	0	0	5			0			0	0	0.0	4	1	0	4	False		noncanonicalB		176691368	179785347	chromothripsis	chromothripsis	chromothripsis:noncanonicalB	candidate_region_label	region	candidate_region	MDA_MD_361:chr1:176691368-179785347:1
MDA_MD_361	MDA_MD_361:chr2:104483566-107670061:2	MDA_MD_361_2.71_0.93_0.85	/vf/users/KolmogorovLab/HPV_Dean_Collab/nano_nf_runs/MDA_MD_361/sv_cna_v2/wakhan/2.71_0.93_0.85/bed_output/MDA_MD_361_2.71_0.93_0.85	/vf/users/KolmogorovLab/HPV_Dean_Collab/nano_nf_runs/MDA_MD_361/sv_cna_v2/wakhan/2.71_0.93_0.85/vcf_output/MDA_MD_361_2.71_0.93_0.85_wakhan_cna_integers.vcf	/data/KolmogorovLab/HPV_Dean_Collab/nano_nf_runs/MDA_MD_361/sv_cna_v2/severus/somatic_SVs/severus_somatic.vcf	C2	chr2	q	104483566	107670061	104483566-107670061	2	2	2	3186496	6.276486774187069e-07	True	3.3926940438651108	2.588032254012253	1280418.5	1593248.0	1906077.5	False		0.0	0.0	0	0	1	0	1	0	0	0	0	0	0	0	3	2.0	2.0	0			0	0	1.0	0	2	0	0	False			noncanonicalB	104483566	107670061	BFB	BFB	BFB:noncanonicalB	candidate_region_label	region	candidate_region	MDA_MD_361:chr2:104483566-107670061:2
MDA_MD_361	MDA_MD_361:chr2:155750530-163816134:3	MDA_MD_361_2.71_0.93_0.85	/vf/users/KolmogorovLab/HPV_Dean_Collab/nano_nf_runs/MDA_MD_361/sv_cna_v2/wakhan/2.71_0.93_0.85/bed_output/MDA_MD_361_2.71_0.93_0.85	/vf/users/KolmogorovLab/HPV_Dean_Collab/nano_nf_runs/MDA_MD_361/sv_cna_v2/wakhan/2.71_0.93_0.85/vcf_output/MDA_MD_361_2.71_0.93_0.85_wakhan_cna_integers.vcf	/data/KolmogorovLab/HPV_Dean_Collab/nano_nf_runs/MDA_MD_361/sv_cna_v2/severus/somatic_SVs/severus_somatic.vcf	C3	chr2	q	155750530	163816134	155750530-163816134	6	6	6	8065605	7.438995586815868e-07	True	2.6462016178575567	2.588032254012253	743264.5	1029560.0	1195207.5	True	3|2	1.0	1.0	0	0	3	3	0	0	0	0	0	0	0	0	7			0			0	2	0.0	4	1	0	4	False		noncanonicalB		155750530	163816134	chromothripsis	chromothripsis	chromothripsis:noncanonicalB	candidate_region_label	region	candidate_region	MDA_MD_361:chr2:155750530-163816134:3
MDA_MD_361	MDA_MD_361:chr6:0-45857529:4	MDA_MD_361_2.71_0.93_0.85	/vf/users/KolmogorovLab/HPV_Dean_Collab/nano_nf_runs/MDA_MD_361/sv_cna_v2/wakhan/2.71_0.93_0.85/bed_output/MDA_MD_361_2.71_0.93_0.85	/vf/users/KolmogorovLab/HPV_Dean_Collab/nano_nf_runs/MDA_MD_361/sv_cna_v2/wakhan/2.71_0.93_0.85/vcf_output/MDA_MD_361_2.71_0.93_0.85_wakhan_cna_integers.vcf	/data/KolmogorovLab/HPV_Dean_Collab/nano_nf_runs/MDA_MD_361/sv_cna_v2/severus/somatic_SVs/severus_somatic.vcf	C4	chr6	p	0	45857529	0-45857529	24	24	24	45857530	5.233600675832301e-07	True	3.1281659304371603	2.588032254012253	661767.75	1561175.5	2772103.5	False	3|4	0.7083333333333334	0.4347826086956521	0	3	3	11	6	1	0	0	0	0	0	0	25			0			3	5	0.0	10	6	1	10	False		noncanonical		0	45857529	chromothripsis	chromothripsis	chromothripsis:noncanonical	candidate_region_label	region	candidate_region	MDA_MD_361:chr6:0-45857529:4
MDA_MD_361	MDA_MD_361:chr7:70333668-77065396:5	MDA_MD_361_2.71_0.93_0.85	/vf/users/KolmogorovLab/HPV_Dean_Collab/nano_nf_runs/MDA_MD_361/sv_cna_v2/wakhan/2.71_0.93_0.85/bed_output/MDA_MD_361_2.71_0.93_0.85	/vf/users/KolmogorovLab/HPV_Dean_Collab/nano_nf_runs/MDA_MD_361/sv_cna_v2/wakhan/2.71_0.93_0.85/vcf_output/MDA_MD_361_2.71_0.93_0.85_wakhan_cna_integers.vcf	/data/KolmogorovLab/HPV_Dean_Collab/nano_nf_runs/MDA_MD_361/sv_cna_v2/severus/somatic_SVs/severus_somatic.vcf	C5	chr7	q	70333668	77065396	70333668-77065396	12	12	12	6731729	1.7826029538622246e-06	True	3.241510464844916	2.588032254012253	290145.25	436864.5	941292.5	False	3|2	0.5	0.1818181818181818	1	0	2	4	2	2	1	0	0	0	0	0	13			0			3	2	0.0	3	4	1	3	False		noncanonical		70333668	77065396	chromothripsis	chromothripsis	chromothripsis:noncanonical	candidate_region_label	region	candidate_region	MDA_MD_361:chr7:70333668-77065396:5
MDA_MD_361	MDA_MD_361:chr9:17274853-37999999:6	MDA_MD_361_2.71_0.93_0.85	/vf/users/KolmogorovLab/HPV_Dean_Collab/nano_nf_runs/MDA_MD_361/sv_cna_v2/wakhan/2.71_0.93_0.85/bed_output/MDA_MD_361_2.71_0.93_0.85	/vf/users/KolmogorovLab/HPV_Dean_Collab/nano_nf_runs/MDA_MD_361/sv_cna_v2/wakhan/2.71_0.93_0.85/vcf_output/MDA_MD_361_2.71_0.93_0.85_wakhan_cna_integers.vcf	/data/KolmogorovLab/HPV_Dean_Collab/nano_nf_runs/MDA_MD_361/sv_cna_v2/severus/somatic_SVs/severus_somatic.vcf	C6	chr9	p	17274853	37999999	17274853-37999999	18	19	17	20725147	9.167606869085174e-07	True	2.15634263052513	2.588032254012253	135271.0	227206.0	1241660.0	False	2|1	0.4210526315789473	0.2777777777777778	1	3	5	2	3	2	1	1	1	0	0	0	19			0			6	8	0.0	3	2	0	3	False	noncanonical			17274853	37999999	Seismic_Amplification	Seismic_Amplification	Seismic_Amplification:noncanonical	candidate_region_label	region	candidate_region	MDA_MD_361:chr9:17274853-37999999:6
MDA_MD_361	MDA_MD_361:chr10:5169057-11665508:7	MDA_MD_361_2.71_0.93_0.85	/vf/users/KolmogorovLab/HPV_Dean_Collab/nano_nf_runs/MDA_MD_361/sv_cna_v2/wakhan/2.71_0.93_0.85/bed_output/MDA_MD_361_2.71_0.93_0.85	/vf/users/KolmogorovLab/HPV_Dean_Collab/nano_nf_runs/MDA_MD_361/sv_cna_v2/wakhan/2.71_0.93_0.85/vcf_output/MDA_MD_361_2.71_0.93_0.85_wakhan_cna_integers.vcf	/data/KolmogorovLab/HPV_Dean_Collab/nano_nf_runs/MDA_MD_361/sv_cna_v2/severus/somatic_SVs/severus_somatic.vcf	C7	chr10	p	5169057	11665508	5169057-11665508	5	5	5	6496452	7.696508802035326e-07	True	2.858574187879784	2.588032254012253	651473.0	826006.0	976196.0	True	3|2	1.0	1.0	0	0	2	3	0	0	0	0	0	0	0	0	6			0			1	1	0.0	4	0	0	4	False		noncanonical	noncanonicalB	5169057	11665508	chromothripsis;BFB	chromothripsis;BFB	chromothripsis:noncanonical;BFB:noncanonicalB	candidate_region_label	region	candidate_region	MDA_MD_361:chr10:5169057-11665508:7
MDA_MD_361	MDA_MD_361:chr11:67893669-71061827:8	MDA_MD_361_2.71_0.93_0.85	/vf/users/KolmogorovLab/HPV_Dean_Collab/nano_nf_runs/MDA_MD_361/sv_cna_v2/wakhan/2.71_0.93_0.85/bed_output/MDA_MD_361_2.71_0.93_0.85	/vf/users/KolmogorovLab/HPV_Dean_Collab/nano_nf_runs/MDA_MD_361/sv_cna_v2/wakhan/2.71_0.93_0.85/vcf_output/MDA_MD_361_2.71_0.93_0.85_wakhan_cna_integers.vcf	/data/KolmogorovLab/HPV_Dean_Collab/nano_nf_runs/MDA_MD_361/sv_cna_v2/severus/somatic_SVs/severus_somatic.vcf	C6	chr11	q	67893669	71061827	67893669-71061827	8	8	8	3168159	2.5251257907194684e-06	True	4.368086323950282	2.588032254012253	246690.25	337237.0	476589.25	False	2|4	0.5	0.1428571428571428	0	0	2	1	2	0	2	0	1	0	0	0	9			0			1	4	0.0	4	0	0	4	False	noncanonical			67893669	71061827	Seismic_Amplification	Seismic_Amplification	Seismic_Amplification:noncanonical	candidate_region_label	region	candidate_region	MDA_MD_361:chr11:67893669-71061827:8
MDA_MD_361	MDA_MD_361:chr12:79507051-108683644:9	MDA_MD_361_2.71_0.93_0.85	/vf/users/KolmogorovLab/HPV_Dean_Collab/nano_nf_runs/MDA_MD_361/sv_cna_v2/wakhan/2.71_0.93_0.85/bed_output/MDA_MD_361_2.71_0.93_0.85	/vf/users/KolmogorovLab/HPV_Dean_Collab/nano_nf_runs/MDA_MD_361/sv_cna_v2/wakhan/2.71_0.93_0.85/vcf_output/MDA_MD_361_2.71_0.93_0.85_wakhan_cna_integers.vcf	/data/KolmogorovLab/HPV_Dean_Collab/nano_nf_runs/MDA_MD_361/sv_cna_v2/severus/somatic_SVs/severus_somatic.vcf	C8	chr12	q	79507051	108683644	79507051-108683644	26	27	22	29176594	9.253993115166218e-07	True	5.626816618828092	2.588032254012253	159152.0	790018.0	1524278.0	False	5|7	0.5185185185185185	0.2307692307692307	0	1	2	2	4	9	4	5	0	0	0	0	28	5.0	24.0	0			10	9	2.0	3	3	1	3	False	noncanonical		noncanonicalB	79507051	108683644	Seismic_Amplification;BFB	Seismic_Amplification;BFB	Seismic_Amplification:noncanonical;BFB:noncanonicalB	candidate_region_label	region	candidate_region	MDA_MD_361:chr12:79507051-108683644:9
MDA_MD_361	MDA_MD_361:chr14:47643782-51330988:10	MDA_MD_361_2.71_0.93_0.85	/vf/users/KolmogorovLab/HPV_Dean_Collab/nano_nf_runs/MDA_MD_361/sv_cna_v2/wakhan/2.71_0.93_0.85/bed_output/MDA_MD_361_2.71_0.93_0.85	/vf/users/KolmogorovLab/HPV_Dean_Collab/nano_nf_runs/MDA_MD_361/sv_cna_v2/wakhan/2.71_0.93_0.85/vcf_output/MDA_MD_361_2.71_0.93_0.85_wakhan_cna_integers.vcf	/data/KolmogorovLab/HPV_Dean_Collab/nano_nf_runs/MDA_MD_361/sv_cna_v2/severus/somatic_SVs/severus_somatic.vcf	C9	chr14	q	47643782	51330988	47643782-51330988	3	3	3	3687207	8.136239706639741e-07	True	5.668465860473795	2.588032254012253	1007624.0	1493340.0	1582649.5	False	5|7	0.6666666666666666	0.5	0	0	0	0	1	1	0	1	0	0	0	0	4	1.0	4.0	1	4.0	4.0	0	0	2.0	0	2	0	0	False			noncanonical	47643782	51330988	BFB	BFB	BFB:noncanonical	candidate_region_label	region	candidate_region	MDA_MD_361:chr14:47643782-51330988:10
MDA_MD_361	MDA_MD_361:chr16:51942547-78700068:11	MDA_MD_361_2.71_0.93_0.85	/vf/users/KolmogorovLab/HPV_Dean_Collab/nano_nf_runs/MDA_MD_361/sv_cna_v2/wakhan/2.71_0.93_0.85/bed_output/MDA_MD_361_2.71_0.93_0.85	/vf/users/KolmogorovLab/HPV_Dean_Collab/nano_nf_runs/MDA_MD_361/sv_cna_v2/wakhan/2.71_0.93_0.85/vcf_output/MDA_MD_361_2.71_0.93_0.85_wakhan_cna_integers.vcf	/data/KolmogorovLab/HPV_Dean_Collab/nano_nf_runs/MDA_MD_361/sv_cna_v2/severus/somatic_SVs/severus_somatic.vcf	C7	chr16	q	51942547	78700068	51942547-78700068	23	24	24	26757522	8.96944044370028e-07	True	3.5802590015622524	2.588032254012253	320176.0	502373.5	1251290.25	False	4|3	0.5833333333333334	0.1304347826086956	0	0	3	6	8	6	1	0	0	0	0	0	27	1.0	1.0	0			5	2	1.0	7	11	1	7	False		noncanonical	noncanonicalB	51942547	78700068	chromothripsis;BFB	chromothripsis;BFB	chromothripsis:noncanonical;BFB:noncanonicalB	candidate_region_label	region	candidate_region	MDA_MD_361:chr16:51942547-78700068:11
MDA_MD_361	MDA_MD_361:chr17:28000001-83257441:12	MDA_MD_361_2.71_0.93_0.85	/vf/users/KolmogorovLab/HPV_Dean_Collab/nano_nf_runs/MDA_MD_361/sv_cna_v2/wakhan/2.71_0.93_0.85/bed_output/MDA_MD_361_2.71_0.93_0.85	/vf/users/KolmogorovLab/HPV_Dean_Collab/nano_nf_runs/MDA_MD_361/sv_cna_v2/wakhan/2.71_0.93_0.85/vcf_output/MDA_MD_361_2.71_0.93_0.85_wakhan_cna_integers.vcf	/data/KolmogorovLab/HPV_Dean_Collab/nano_nf_runs/MDA_MD_361/sv_cna_v2/severus/somatic_SVs/severus_somatic.vcf	C10	chr17	q	28000001	83257441	28000001-83257441	100	100	73	55257441	1.8097110215436868e-06	True	5.333532274865932	2.588032254012253	95306.75	217469.5	598888.25	False	8|6	0.28	0.0404040404040404	7	1	3	3	7	6	13	9	33	18	0	0	102	88.0	91.0	0			21	28	3.0	13	34	3	13	False	noncanonical		noncanonicalB	28000001	83257441	Seismic_Amplification;BFB	Seismic_Amplification;BFB	Seismic_Amplification:noncanonical;BFB:noncanonicalB	candidate_region_label	region	candidate_region	MDA_MD_361:chr17:28000001-83257441:12
MDA_MD_361	MDA_MD_361:chr20:32000001-64444167:13	MDA_MD_361_2.71_0.93_0.85	/vf/users/KolmogorovLab/HPV_Dean_Collab/nano_nf_runs/MDA_MD_361/sv_cna_v2/wakhan/2.71_0.93_0.85/bed_output/MDA_MD_361_2.71_0.93_0.85	/vf/users/KolmogorovLab/HPV_Dean_Collab/nano_nf_runs/MDA_MD_361/sv_cna_v2/wakhan/2.71_0.93_0.85/vcf_output/MDA_MD_361_2.71_0.93_0.85_wakhan_cna_integers.vcf	/data/KolmogorovLab/HPV_Dean_Collab/nano_nf_runs/MDA_MD_361/sv_cna_v2/severus/somatic_SVs/severus_somatic.vcf	C11	chr20	q	32000001	64444167	32000001-64444167	21	22	20	32444167	6.780879903620271e-07	True	3.55823797232951	2.588032254012253	218764.5	861159.5	2271656.5	False	3|4	0.5454545454545454	0.3333333333333333	0	0	3	6	6	4	2	1	0	0	0	0	20	13.0	13.0	1	13.0	13.0	5	2	1.0	4	6	2	4	False			noncanonicalB	32000001	64444167	BFB	BFB	BFB:noncanonicalB	candidate_region_label	region	candidate_region	MDA_MD_361:chr20:32000001-64444167:13
MDA_MD_453	MDA_MD_453:chr11:5412452-30053792:1	MDA_MD_453_2.14_0.96_0.97	/data/KolmogorovLab/HPV_Dean_Collab/nano_nf_runs/MDA_MD_453/sv_cna_v2/wakhan/2.14_0.96_0.97/bed_output/MDA_MD_453_2.14_0.96_0.97	/data/KolmogorovLab/HPV_Dean_Collab/nano_nf_runs/MDA_MD_453/sv_cna_v2/wakhan/2.14_0.96_0.97/vcf_output/MDA_MD_453_2.14_0.96_0.97_wakhan_cna_integers.vcf	/data/KolmogorovLab/HPV_Dean_Collab/nano_nf_runs/MDA_MD_453/sv_cna_v2/severus/somatic_SVs/severus_somatic.vcf	C1	chr11	p	5412452	30053792	5412452-30053792	28	29	22	24641341	1.1768840015646876e-06	True	1.6921665910958337	2.0683176333222177	103741.0	231893.0	887738.0	False	3|4	0.5172413793103449	0.25	0	5	6	9	6	1	2	0	0	0	0	0	30			0			9	5	0.0	8	8	0	8	False	noncanonical			5412452	30053792	Seismic_Amplification	Seismic_Amplification	Seismic_Amplification:noncanonical	candidate_region_label	region	candidate_region	MDA_MD_453:chr11:5412452-30053792:1
MDA_MD_453	MDA_MD_453:chr11:65963805-104848322:2	MDA_MD_453_2.14_0.96_0.97	/data/KolmogorovLab/HPV_Dean_Collab/nano_nf_runs/MDA_MD_453/sv_cna_v2/wakhan/2.14_0.96_0.97/bed_output/MDA_MD_453_2.14_0.96_0.97	/data/KolmogorovLab/HPV_Dean_Collab/nano_nf_runs/MDA_MD_453/sv_cna_v2/wakhan/2.14_0.96_0.97/vcf_output/MDA_MD_453_2.14_0.96_0.97_wakhan_cna_integers.vcf	/data/KolmogorovLab/HPV_Dean_Collab/nano_nf_runs/MDA_MD_453/sv_cna_v2/severus/somatic_SVs/severus_somatic.vcf	C1	chr11	q	65963805	104848322	65963805-104848322	48	48	45	38884518	1.2344244565407757e-06	True	3.0043789921736974	2.0683176333222177	219883.0	433696.0	935148.0	False	3|4	0.6666666666666666	0.3617021276595745	0	1	12	19	13	3	0	0	0	0	0	0	52			0			22	2	0.0	7	21	0	7	False	noncanonical			65963805	104848322	Seismic_Amplification	Seismic_Amplification	Seismic_Amplification:noncanonical	candidate_region_label	region	candidate_region	MDA_MD_453:chr11:65963805-104848322:2
MDA_MD_453	MDA_MD_453:chr17:39541414-83257441:3	MDA_MD_453_2.14_0.96_0.97	/data/KolmogorovLab/HPV_Dean_Collab/nano_nf_runs/MDA_MD_453/sv_cna_v2/wakhan/2.14_0.96_0.97/bed_output/MDA_MD_453_2.14_0.96_0.97	/data/KolmogorovLab/HPV_Dean_Collab/nano_nf_runs/MDA_MD_453/sv_cna_v2/wakhan/2.14_0.96_0.97/vcf_output/MDA_MD_453_2.14_0.96_0.97_wakhan_cna_integers.vcf	/data/KolmogorovLab/HPV_Dean_Collab/nano_nf_runs/MDA_MD_453/sv_cna_v2/severus/somatic_SVs/severus_somatic.vcf	C1	chr17	q	39541414	83257441	39541414-83257441	53	53	46	43716028	1.212369980182097e-06	True	2.7757872238529995	2.0683176333222177	126033.0	418842.0	1036728.0	False	4|5	0.4339622641509434	0.1153846153846153	2	2	9	8	12	11	2	3	4	0	0	0	52			0			9	16	0.0	8	18	1	8	False	noncanonical			39541414	83257441	Seismic_Amplification	Seismic_Amplification	Seismic_Amplification:noncanonical	candidate_region_label	region	candidate_region	MDA_MD_453:chr17:39541414-83257441:3
MDA_MD_453	MDA_MD_453:chr22:46258149-50818468:4	MDA_MD_453_2.14_0.96_0.97	/data/KolmogorovLab/HPV_Dean_Collab/nano_nf_runs/MDA_MD_453/sv_cna_v2/wakhan/2.14_0.96_0.97/bed_output/MDA_MD_453_2.14_0.96_0.97	/data/KolmogorovLab/HPV_Dean_Collab/nano_nf_runs/MDA_MD_453/sv_cna_v2/wakhan/2.14_0.96_0.97/vcf_output/MDA_MD_453_2.14_0.96_0.97_wakhan_cna_integers.vcf	/data/KolmogorovLab/HPV_Dean_Collab/nano_nf_runs/MDA_MD_453/sv_cna_v2/severus/somatic_SVs/severus_somatic.vcf	C2	chr22	q	46258149	50818468	46258149-50818468	5	5	4	4560320	1.0964142867167215e-06	True	3.065144112693846	2.0683176333222177	136745.0	576861.0	589035.0	False	3|4	0.6	0.25	0	1	1	2	1	0	0	0	0	0	0	0	4			0			2	2	0.0	0	0	0	0	False				46258149	50818468				candidate_region_empty	empty_candidate_region	candidate_region	
ME180	ME180:chr7:10499860-18905252:1	ME180_2.72_0.86_0.92	/data/KolmogorovLab/HPV_Dean_Collab/nano_nf_runs/ME180/sv_cna_v2/wakhan/2.72_0.86_0.92/bed_output/ME180_2.72_0.86_0.92	/data/KolmogorovLab/HPV_Dean_Collab/nano_nf_runs/ME180/sv_cna_v2/wakhan/2.72_0.86_0.92/vcf_output/ME180_2.72_0.86_0.92_wakhan_cna_integers.vcf	/data/KolmogorovLab/HPV_Dean_Collab/nano_nf_runs/ME180/sv_cna_v2/severus/somatic_SVs/severus_somatic.vcf	C1	chr7	p	10499860	18905252	10499860-18905252	5	5	4	8405393	5.948561834051067e-07	True	1.4868122168707638	2.5708687902766547	241682.0	995290.0	3207284.0	False	1|3	0.6	0.0	0	2	1	1	1	0	0	0	0	0	0	0	6			0			2	2	0.0	2	0	0	2	False				10499860	18905252				candidate_region_empty	empty_candidate_region	candidate_region	
ME180	ME180:chr7:63000001-74291634:2	ME180_2.72_0.86_0.92	/data/KolmogorovLab/HPV_Dean_Collab/nano_nf_runs/ME180/sv_cna_v2/wakhan/2.72_0.86_0.92/bed_output/ME180_2.72_0.86_0.92	/data/KolmogorovLab/HPV_Dean_Collab/nano_nf_runs/ME180/sv_cna_v2/wakhan/2.72_0.86_0.92/vcf_output/ME180_2.72_0.86_0.92_wakhan_cna_integers.vcf	/data/KolmogorovLab/HPV_Dean_Collab/nano_nf_runs/ME180/sv_cna_v2/severus/somatic_SVs/severus_somatic.vcf	C2	chr7	q	63000001	74291634	63000001-74291634	7	7	6	11291634	6.199279927068129e-07	True	2.316350228850846	2.5708687902766547	719022.5	1426225.0	2080084.0	True	2|3	0.8571428571428571	0.6666666666666666	0	0	3	3	1	0	0	0	0	0	0	0	7			0			0	0	0.0	1	5	1	1	False		noncanonicalB		63000001	74291634	chromothripsis	chromothripsis	chromothripsis:noncanonicalB	candidate_region_label	region	candidate_region	ME180:chr7:63000001-74291634:2
ME180	ME180:chr10:57791209-62454072:3	ME180_2.72_0.86_0.92	/data/KolmogorovLab/HPV_Dean_Collab/nano_nf_runs/ME180/sv_cna_v2/wakhan/2.72_0.86_0.92/bed_output/ME180_2.72_0.86_0.92	/data/KolmogorovLab/HPV_Dean_Collab/nano_nf_runs/ME180/sv_cna_v2/wakhan/2.72_0.86_0.92/vcf_output/ME180_2.72_0.86_0.92_wakhan_cna_integers.vcf	/data/KolmogorovLab/HPV_Dean_Collab/nano_nf_runs/ME180/sv_cna_v2/severus/somatic_SVs/severus_somatic.vcf	C3	chr10	q	57791209	62454072	57791209-62454072	5	5	4	4662864	1.0723023446534149e-06	True	2.5466134118430217	2.5708687902766547	117281.0	213674.0	871556.0	False	4|3	0.6	0.0	0	0	1	1	2	1	0	0	0	0	0	0	6	3.0	6.0	0			0	2	2.0	0	2	0	0	False			noncanonicalB	57791209	62454072	BFB	BFB	BFB:noncanonicalB	candidate_region_label	region	candidate_region	ME180:chr10:57791209-62454072:3
ME180	ME180:chr17:28000001-32569913:4	ME180_2.72_0.86_0.92	/data/KolmogorovLab/HPV_Dean_Collab/nano_nf_runs/ME180/sv_cna_v2/wakhan/2.72_0.86_0.92/bed_output/ME180_2.72_0.86_0.92	/data/KolmogorovLab/HPV_Dean_Collab/nano_nf_runs/ME180/sv_cna_v2/wakhan/2.72_0.86_0.92/vcf_output/ME180_2.72_0.86_0.92_wakhan_cna_integers.vcf	/data/KolmogorovLab/HPV_Dean_Collab/nano_nf_runs/ME180/sv_cna_v2/severus/somatic_SVs/severus_somatic.vcf	C4	chr17	q	28000001	32569913	28000001-32569913	4	4	4	4569913	8.752901860494937e-07	True	3.109920473321921	2.5708687902766547	295952.75	487090.0	1333615.5	True	3|4	1.0	1.0	0	0	0	2	2	0	0	0	0	0	0	0	4			0			0	4	0.0	0	0	0	0	False		noncanonicalB		28000001	32569913	chromothripsis	chromothripsis	chromothripsis:noncanonicalB	candidate_region_label	region	candidate_region	ME180:chr17:28000001-32569913:4
MS751	MS751:chr7:48283690-57999999:1	MS751_4.97_0.98_0.85	/data/KolmogorovLab/HPV_Dean_Collab/nano_nf_runs/MS751/sv_cna_v2/wakhan/4.97_0.98_0.85/bed_output/MS751_4.97_0.98_0.85	/data/KolmogorovLab/HPV_Dean_Collab/nano_nf_runs/MS751/sv_cna_v2/wakhan/4.97_0.98_0.85/vcf_output/MS751_4.97_0.98_0.85_wakhan_cna_integers.vcf	/data/KolmogorovLab/HPV_Dean_Collab/nano_nf_runs/MS751/sv_cna_v2/severus/somatic_SVs/severus_somatic.vcf	C1	chr7	p	48283690	57999999	48283690-57999999	11	11	9	9716310	1.1321170279663782e-06	True	13.055025827706196	4.737962277756823	255742.0	691826.0	917646.0	False	5|15	0.2727272727272727	0.0	1	0	1	1	0	2	0	1	1	3	1	0	11			0			4	4	0.0	2	1	0	2	False	noncanonical			48283690	57999999	Seismic_Amplification	Seismic_Amplification	Seismic_Amplification:noncanonical	candidate_region_label	region	candidate_region	MS751:chr7:48283690-57999999:1
MS751	MS751:chr7:106848449-115027870:2	MS751_4.97_0.98_0.85	/data/KolmogorovLab/HPV_Dean_Collab/nano_nf_runs/MS751/sv_cna_v2/wakhan/4.97_0.98_0.85/bed_output/MS751_4.97_0.98_0.85	/data/KolmogorovLab/HPV_Dean_Collab/nano_nf_runs/MS751/sv_cna_v2/wakhan/4.97_0.98_0.85/vcf_output/MS751_4.97_0.98_0.85_wakhan_cna_integers.vcf	/data/KolmogorovLab/HPV_Dean_Collab/nano_nf_runs/MS751/sv_cna_v2/severus/somatic_SVs/severus_somatic.vcf	C1	chr7	q	106848449	115027870	106848449-115027870	4	4	4	8179422	4.890321100928648e-07	True	6.473626009270582	4.737962277756823	1093784.75	2157749.5	3108820.25	False	10|4	0.5	0.3333333333333333	1	0	0	0	1	1	0	0	1	0	0	0	5			0			3	1	0.0	0	0	1	0	False	noncanonical			106848449	115027870	Seismic_Amplification	Seismic_Amplification	Seismic_Amplification:noncanonical	candidate_region_label	region	candidate_region	MS751:chr7:106848449-115027870:2
MS751	MS751:chr11:33747903-50999999:3	MS751_4.97_0.98_0.85	/data/KolmogorovLab/HPV_Dean_Collab/nano_nf_runs/MS751/sv_cna_v2/wakhan/4.97_0.98_0.85/bed_output/MS751_4.97_0.98_0.85	/data/KolmogorovLab/HPV_Dean_Collab/nano_nf_runs/MS751/sv_cna_v2/wakhan/4.97_0.98_0.85/vcf_output/MS751_4.97_0.98_0.85_wakhan_cna_integers.vcf	/data/KolmogorovLab/HPV_Dean_Collab/nano_nf_runs/MS751/sv_cna_v2/severus/somatic_SVs/severus_somatic.vcf	C2	chr11	p	33747903	50999999	33747903-50999999	9	9	9	17252097	5.216757128133467e-07	True	3.4127167845161086	4.737962277756823	492516.0	1285157.0	2619653.0	False	4|3	0.6666666666666666	0.375	0	1	0	3	3	2	0	0	0	0	0	0	9	2.0	5.0	0			1	2	2.0	0	2	2	0	False		noncanonical	noncanonicalB	33747903	50999999	chromothripsis;BFB	chromothripsis;BFB	chromothripsis:noncanonical;BFB:noncanonicalB	candidate_region_label	region	candidate_region	MS751:chr11:33747903-50999999:3
MS751	MS751:chr15:37362100-45708613:4	MS751_4.97_0.98_0.85	/data/KolmogorovLab/HPV_Dean_Collab/nano_nf_runs/MS751/sv_cna_v2/wakhan/4.97_0.98_0.85/bed_output/MS751_4.97_0.98_0.85	/data/KolmogorovLab/HPV_Dean_Collab/nano_nf_runs/MS751/sv_cna_v2/wakhan/4.97_0.98_0.85/vcf_output/MS751_4.97_0.98_0.85_wakhan_cna_integers.vcf	/data/KolmogorovLab/HPV_Dean_Collab/nano_nf_runs/MS751/sv_cna_v2/severus/somatic_SVs/severus_somatic.vcf	C3	chr15	q	37362100	45708613	37362100-45708613	4	4	3	8346514	4.792419925252627e-07	True	6.09597803346403	4.737962277756823	106174.75	1733782.5	3714236.25	False	6|7	0.75	0.3333333333333333	0	0	0	0	0	0	2	1	0	1	0	0	5	2.0	4.0	1	4.0	4.0	0	0	3.0	1	0	1	1	False			noncanonicalB	37362100	45708613	BFB	BFB	BFB:noncanonicalB	candidate_region_label	region	candidate_region	MS751:chr15:37362100-45708613:4
MS751	MS751:chr16:69041496-72273989:5	MS751_4.97_0.98_0.85	/data/KolmogorovLab/HPV_Dean_Collab/nano_nf_runs/MS751/sv_cna_v2/wakhan/4.97_0.98_0.85/bed_output/MS751_4.97_0.98_0.85	/data/KolmogorovLab/HPV_Dean_Collab/nano_nf_runs/MS751/sv_cna_v2/wakhan/4.97_0.98_0.85/vcf_output/MS751_4.97_0.98_0.85_wakhan_cna_integers.vcf	/data/KolmogorovLab/HPV_Dean_Collab/nano_nf_runs/MS751/sv_cna_v2/severus/somatic_SVs/severus_somatic.vcf	C4	chr16	q	69041496	72273989	69041496-72273989	6	6	4	3232494	1.8561519371729687e-06	True	5.677221365298744	4.737962277756823	95072.0	150931.0	263368.5	False	4|6	0.6666666666666666	0.4	0	0	1	0	2	1	2	0	0	0	0	0	7			0			4	0	0.0	0	3	0	0	False				69041496	72273989				candidate_region_empty	empty_candidate_region	candidate_region	
MS751	MS751:chr19:47170733-58617616:6	MS751_4.97_0.98_0.85	/data/KolmogorovLab/HPV_Dean_Collab/nano_nf_runs/MS751/sv_cna_v2/wakhan/4.97_0.98_0.85/bed_output/MS751_4.97_0.98_0.85	/data/KolmogorovLab/HPV_Dean_Collab/nano_nf_runs/MS751/sv_cna_v2/wakhan/4.97_0.98_0.85/vcf_output/MS751_4.97_0.98_0.85_wakhan_cna_integers.vcf	/data/KolmogorovLab/HPV_Dean_Collab/nano_nf_runs/MS751/sv_cna_v2/severus/somatic_SVs/severus_somatic.vcf	C5	chr19	q	47170733	58617616	47170733-58617616	7	7	6	11446884	6.115201307185432e-07	True	6.990889747812592	4.737962277756823	216304.5	1083679.0	2832397.5	True	3|6	0.7142857142857143	0.6666666666666666	0	0	1	3	0	0	2	0	0	1	0	0	7			0			0	0	0.0	6	1	0	6	False		noncanonicalB		47170733	58617616	chromothripsis	chromothripsis	chromothripsis:noncanonicalB	candidate_region_label	region	candidate_region	MS751:chr19:47170733-58617616:6
MS751	MS751:chr21:19398366-46709983:7	MS751_4.97_0.98_0.85	/data/KolmogorovLab/HPV_Dean_Collab/nano_nf_runs/MS751/sv_cna_v2/wakhan/4.97_0.98_0.85/bed_output/MS751_4.97_0.98_0.85	/data/KolmogorovLab/HPV_Dean_Collab/nano_nf_runs/MS751/sv_cna_v2/wakhan/4.97_0.98_0.85/vcf_output/MS751_4.97_0.98_0.85_wakhan_cna_integers.vcf	/data/KolmogorovLab/HPV_Dean_Collab/nano_nf_runs/MS751/sv_cna_v2/severus/somatic_SVs/severus_somatic.vcf	C6	chr21	q	19398366	46709983	19398366-46709983	24	24	19	27311618	8.787469127607159e-07	True	4.309493088252772	4.737962277756823	170777.75	772574.5	1756691.5	False	6|4	0.4166666666666667	0.1304347826086956	0	4	3	3	4	3	6	1	0	0	0	0	23			0			3	7	0.0	6	6	1	6	False		noncanonical		19398366	46709983	chromothripsis	chromothripsis	chromothripsis:noncanonical	candidate_region_label	region	candidate_region	MS751:chr21:19398366-46709983:7
QGU	QGU:chr2:115422297-144073596:1	QGU_3.55_0.92_0.85	/data/KolmogorovLab/HPV_Dean_Collab/nano_nf_runs/QGU/sv_cna_v2/wakhan/3.55_0.92_0.85/bed_output/QGU_3.55_0.92_0.85	/data/KolmogorovLab/HPV_Dean_Collab/nano_nf_runs/QGU/sv_cna_v2/wakhan/3.55_0.92_0.85/vcf_output/QGU_3.55_0.92_0.85_wakhan_cna_integers.vcf	/data/KolmogorovLab/HPV_Dean_Collab/nano_nf_runs/QGU/sv_cna_v2/severus/somatic_SVs/severus_somatic.vcf	C1	chr2	q	115422297	144073596	115422297-144073596	19	19	17	28651300	6.631461748681561e-07	True	3.6310865475563054	3.401078222448116	505738.0	1108829.0	2895774.5	True	4|3	0.8947368421052632	0.8333333333333334	0	0	1	8	9	1	0	0	0	0	0	0	20			0			7	7	0.0	1	5	0	1	False		canonical		115422297	144073596	chromothripsis	chromothripsis	chromothripsis:canonical	candidate_region_label	region	candidate_region	QGU:chr2:115422297-144073596:1
QGU	QGU:chr3:172406302-179767780:2	QGU_3.55_0.92_0.85	/data/KolmogorovLab/HPV_Dean_Collab/nano_nf_runs/QGU/sv_cna_v2/wakhan/3.55_0.92_0.85/bed_output/QGU_3.55_0.92_0.85	/data/KolmogorovLab/HPV_Dean_Collab/nano_nf_runs/QGU/sv_cna_v2/wakhan/3.55_0.92_0.85/vcf_output/QGU_3.55_0.92_0.85_wakhan_cna_integers.vcf	/data/KolmogorovLab/HPV_Dean_Collab/nano_nf_runs/QGU/sv_cna_v2/severus/somatic_SVs/severus_somatic.vcf	C2	chr3	q	172406302	179767780	172406302-179767780	5	5	4	7361479	6.792113378303463e-07	True	5.940381545610603	3.401078222448116	346704.0	388292.0	1757224.0	False	6|7	0.6	0.25	1	0	0	0	1	0	2	1	0	0	0	0	6			0			4	0	0.0	1	1	0	1	False				172406302	179767780				candidate_region_empty	empty_candidate_region	candidate_region	
QGU	QGU:chr5:176778825-181538259:3	QGU_3.55_0.92_0.85	/data/KolmogorovLab/HPV_Dean_Collab/nano_nf_runs/QGU/sv_cna_v2/wakhan/3.55_0.92_0.85/bed_output/QGU_3.55_0.92_0.85	/data/KolmogorovLab/HPV_Dean_Collab/nano_nf_runs/QGU/sv_cna_v2/wakhan/3.55_0.92_0.85/vcf_output/QGU_3.55_0.92_0.85_wakhan_cna_integers.vcf	/data/KolmogorovLab/HPV_Dean_Collab/nano_nf_runs/QGU/sv_cna_v2/severus/somatic_SVs/severus_somatic.vcf	C3	chr5	q	176778825	181538259	176778825-181538259	2	2	1	4759435	4.202179460377125e-07	True	5.967846603640979	3.401078222448116	1208987.75	2379717.5	3550447.25	False		0.0	0.0	0	0	1	0	0	0	1	0	0	0	0	0	1	1.0	1.0	0			0	0	1.0	0	0	0	0	False			noncanonicalB	176778825	181538259	BFB	BFB	BFB:noncanonicalB	candidate_region_label	region	candidate_region	QGU:chr5:176778825-181538259:3
QGU	QGU:chr9:127119959-130795122:4	QGU_3.55_0.92_0.85	/data/KolmogorovLab/HPV_Dean_Collab/nano_nf_runs/QGU/sv_cna_v2/wakhan/3.55_0.92_0.85/bed_output/QGU_3.55_0.92_0.85	/data/KolmogorovLab/HPV_Dean_Collab/nano_nf_runs/QGU/sv_cna_v2/wakhan/3.55_0.92_0.85/vcf_output/QGU_3.55_0.92_0.85_wakhan_cna_integers.vcf	/data/KolmogorovLab/HPV_Dean_Collab/nano_nf_runs/QGU/sv_cna_v2/severus/somatic_SVs/severus_somatic.vcf	C4	chr9	q	127119959	130795122	127119959-130795122	6	6	4	3675164	1.6325802059445511e-06	True	6.717168267865053	3.401078222448116	89691.0	262582.5	1079381.25	False	4|5	0.6666666666666666	0.2	0	0	0	0	2	2	0	0	2	0	0	0	7	2.0	3.0	0			0	3	2.0	1	1	0	1	False	noncanonical	noncanonicalB	noncanonicalB	127119959	130795122	Seismic_Amplification;chromothripsis;BFB	Seismic_Amplification;chromothripsis;BFB	Seismic_Amplification:noncanonical;chromothripsis:noncanonicalB;BFB:noncanonicalB	candidate_region_label	region	candidate_region	QGU:chr9:127119959-130795122:4
QGU	QGU:chr11:93742459-102600648:5	QGU_3.55_0.92_0.85	/data/KolmogorovLab/HPV_Dean_Collab/nano_nf_runs/QGU/sv_cna_v2/wakhan/3.55_0.92_0.85/bed_output/QGU_3.55_0.92_0.85	/data/KolmogorovLab/HPV_Dean_Collab/nano_nf_runs/QGU/sv_cna_v2/wakhan/3.55_0.92_0.85/vcf_output/QGU_3.55_0.92_0.85_wakhan_cna_integers.vcf	/data/KolmogorovLab/HPV_Dean_Collab/nano_nf_runs/QGU/sv_cna_v2/severus/somatic_SVs/severus_somatic.vcf	C5	chr11	q	93742459	102600648	93742459-102600648	8	8	6	8858190	9.031190344754402e-07	True	16.905357527892267	3.401078222448116	280878.5	544546.5	1582918.5	False	6|5	0.375	0.2857142857142857	0	0	0	0	0	1	2	0	1	1	1	2	9	1.0	9.0	1	9.0	9.0	2	0	6.0	1	0	0	1	True	noncanonical		noncanonical	93742459	102600648	ecDNA;Seismic_Amplification;BFB	ecDNA;Seismic_Amplification;BFB	ecDNA;Seismic_Amplification:noncanonical;BFB:noncanonical	candidate_region_label	region	candidate_region	QGU:chr11:93742459-102600648:5
QGU	QGU:chr15:39234408-44841817:6	QGU_3.55_0.92_0.85	/data/KolmogorovLab/HPV_Dean_Collab/nano_nf_runs/QGU/sv_cna_v2/wakhan/3.55_0.92_0.85/bed_output/QGU_3.55_0.92_0.85	/data/KolmogorovLab/HPV_Dean_Collab/nano_nf_runs/QGU/sv_cna_v2/wakhan/3.55_0.92_0.85/vcf_output/QGU_3.55_0.92_0.85_wakhan_cna_integers.vcf	/data/KolmogorovLab/HPV_Dean_Collab/nano_nf_runs/QGU/sv_cna_v2/severus/somatic_SVs/severus_somatic.vcf	C6	chr15	q	39234408	44841817	39234408-44841817	5	5	5	5607410	8.916772627648058e-07	True	3.3646888670527035	3.401078222448116	312631.0	329602.0	1910304.0	False	3|9	0.6	0.25	0	0	1	2	1	0	0	0	1	0	0	0	6	2.0	2.0	1	2.0	2.0	2	3	1.0	0	0	0	0	False			noncanonicalB	39234408	44841817	BFB	BFB	BFB:noncanonicalB	candidate_region_label	region	candidate_region	QGU:chr15:39234408-44841817:6
QGU	QGU:chr18:0-14999999:7	QGU_3.55_0.92_0.85	/data/KolmogorovLab/HPV_Dean_Collab/nano_nf_runs/QGU/sv_cna_v2/wakhan/3.55_0.92_0.85/bed_output/QGU_3.55_0.92_0.85	/data/KolmogorovLab/HPV_Dean_Collab/nano_nf_runs/QGU/sv_cna_v2/wakhan/3.55_0.92_0.85/vcf_output/QGU_3.55_0.92_0.85_wakhan_cna_integers.vcf	/data/KolmogorovLab/HPV_Dean_Collab/nano_nf_runs/QGU/sv_cna_v2/severus/somatic_SVs/severus_somatic.vcf	C7	chr18	p	0	14999999	0-14999999	8	8	7	15000000	5.333333333333333e-07	True	5.3922984	3.401078222448116	733344.5	1547474.0	2936361.75	False	4|2	0.375	0.0	0	0	1	1	2	0	0	0	1	2	1	0	8	1.0	6.0	2	5.0	6.0	0	0	5.0	2	1	0	2	False			noncanonicalB	0	14999999	BFB	BFB	BFB:noncanonicalB	candidate_region_label	region	candidate_region	QGU:chr18:0-14999999:7
QGU	QGU:chr19:10628859-17258292:8	QGU_3.55_0.92_0.85	/data/KolmogorovLab/HPV_Dean_Collab/nano_nf_runs/QGU/sv_cna_v2/wakhan/3.55_0.92_0.85/bed_output/QGU_3.55_0.92_0.85	/data/KolmogorovLab/HPV_Dean_Collab/nano_nf_runs/QGU/sv_cna_v2/wakhan/3.55_0.92_0.85/vcf_output/QGU_3.55_0.92_0.85_wakhan_cna_integers.vcf	/data/KolmogorovLab/HPV_Dean_Collab/nano_nf_runs/QGU/sv_cna_v2/severus/somatic_SVs/severus_somatic.vcf	C8	chr19	p	10628859	17258292	10628859-17258292	6	6	6	6629434	9.050546396570204e-07	True	3.750677961346323	3.401078222448116	534129.5	949735.5	1667359.75	False	4|2	0.6666666666666666	0.4	0	0	1	0	3	0	1	1	0	0	0	0	7			0			3	2	0.0	0	0	2	0	False				10628859	17258292				candidate_region_empty	empty_candidate_region	candidate_region	
SCC090	SCC090:chr11:42492627-50999999:1	SCC090_3.23_0.96_0.93	/data/KolmogorovLab/HPV_Dean_Collab/nano_nf_runs/SCC090/sv_cna_v2/wakhan/3.23_0.96_0.93/bed_output/SCC090_3.23_0.96_0.93	/data/KolmogorovLab/HPV_Dean_Collab/nano_nf_runs/SCC090/sv_cna_v2/wakhan/3.23_0.96_0.93/vcf_output/SCC090_3.23_0.96_0.93_wakhan_cna_integers.vcf	/data/KolmogorovLab/HPV_Dean_Collab/nano_nf_runs/SCC090/sv_cna_v2/severus/somatic_SVs/severus_somatic.vcf	C1	chr11	p	42492627	50999999	42492627-50999999	7	7	6	8507373	8.228156917534943e-07	True	2.087652910011116	3.115908604697729	258330.0	643691.0	1927695.0	False	2|1	0.7142857142857143	0.5	1	2	3	0	1	0	0	0	0	0	0	0	7			0			2	2	0.0	1	0	2	1	False		noncanonicalB		42492627	50999999	chromothripsis	chromothripsis	chromothripsis:noncanonicalB	candidate_region_label	region	candidate_region	SCC090:chr11:42492627-50999999:1
SCC090	SCC090:chr13:25010024-30018501:2	SCC090_3.23_0.96_0.93	/data/KolmogorovLab/HPV_Dean_Collab/nano_nf_runs/SCC090/sv_cna_v2/wakhan/3.23_0.96_0.93/bed_output/SCC090_3.23_0.96_0.93	/data/KolmogorovLab/HPV_Dean_Collab/nano_nf_runs/SCC090/sv_cna_v2/wakhan/3.23_0.96_0.93/vcf_output/SCC090_3.23_0.96_0.93_wakhan_cna_integers.vcf	/data/KolmogorovLab/HPV_Dean_Collab/nano_nf_runs/SCC090/sv_cna_v2/severus/somatic_SVs/severus_somatic.vcf	C2	chr13	q	25010024	30018501	25010024-30018501	4	4	3	5008478	7.98645816154129e-07	True	5.072672177056583	3.115908604697729	651683.5	888487.5	1488923.5	False	4|8	0.5	0.3333333333333333	0	0	0	0	1	0	1	0	2	0	0	0	5	5.0	5.0	1	5.0	5.0	0	0	1.0	2	2	0	2	False	noncanonical		noncanonical	25010024	30018501	Seismic_Amplification;BFB	Seismic_Amplification;BFB	Seismic_Amplification:noncanonical;BFB:noncanonical	candidate_region_label	region	candidate_region	SCC090:chr13:25010024-30018501:2
SCC154	SCC154:chr3:11563306-15377266:1	SCC154_1.92_0.97_0.92	/data/KolmogorovLab/HPV_Dean_Collab/nano_nf_runs/SCC154/sv_cna_v2/wakhan/1.92_0.97_0.92/bed_output/SCC154_1.92_0.97_0.92	/data/KolmogorovLab/HPV_Dean_Collab/nano_nf_runs/SCC154/sv_cna_v2/wakhan/1.92_0.97_0.92/vcf_output/SCC154_1.92_0.97_0.92_wakhan_cna_integers.vcf	/data/KolmogorovLab/HPV_Dean_Collab/nano_nf_runs/SCC154/sv_cna_v2/severus/somatic_SVs/severus_somatic.vcf	C1	chr3	p	11563306	15377266	11563306-15377266	1	1	1	3813961	2.621946055557464e-07	True	2.0	1.8394405447519897	3813961.0	3813961.0	3813961.0	False		0.0	0.0	0	0	1	0	0	0	0	0	0	0	0	0	3	2.0	2.0	0			0	0	1.0	2	0	0	2	False			noncanonicalB	11563306	15377266	BFB	BFB	BFB:noncanonicalB	candidate_region_label	region	candidate_region	SCC154:chr3:11563306-15377266:1
SCC154	SCC154:chr8:7382377-18646857:2	SCC154_1.92_0.97_0.92	/data/KolmogorovLab/HPV_Dean_Collab/nano_nf_runs/SCC154/sv_cna_v2/wakhan/1.92_0.97_0.92/bed_output/SCC154_1.92_0.97_0.92	/data/KolmogorovLab/HPV_Dean_Collab/nano_nf_runs/SCC154/sv_cna_v2/wakhan/1.92_0.97_0.92/vcf_output/SCC154_1.92_0.97_0.92_wakhan_cna_integers.vcf	/data/KolmogorovLab/HPV_Dean_Collab/nano_nf_runs/SCC154/sv_cna_v2/severus/somatic_SVs/severus_somatic.vcf	C2	chr8	p	7382377	18646857	7382377-18646857	5	5	4	11264481	4.438730910017071e-07	True	4.240629639306063	1.8394405447519897	466701.0	1041317.0	4829354.0	False	4|2	0.6	0.0	0	0	1	1	2	1	0	0	0	0	0	0	6			0			0	2	0.0	0	4	0	0	False				7382377	18646857				candidate_region_empty	empty_candidate_region	candidate_region	
SCC154	SCC154:chr10:0-7022269:3	SCC154_1.92_0.97_0.92	/data/KolmogorovLab/HPV_Dean_Collab/nano_nf_runs/SCC154/sv_cna_v2/wakhan/1.92_0.97_0.92/bed_output/SCC154_1.92_0.97_0.92	/data/KolmogorovLab/HPV_Dean_Collab/nano_nf_runs/SCC154/sv_cna_v2/wakhan/1.92_0.97_0.92/vcf_output/SCC154_1.92_0.97_0.92_wakhan_cna_integers.vcf	/data/KolmogorovLab/HPV_Dean_Collab/nano_nf_runs/SCC154/sv_cna_v2/severus/somatic_SVs/severus_somatic.vcf	C3	chr10	p	0	7022269	0-7022269	4	4	4	7022270	5.696163776100891e-07	True	1.5542395834965046	1.8394405447519897	397828.25	1700578.5	3058317.75	True	1|2	1.0	1.0	0	2	2	0	0	0	0	0	0	0	0	0	4			0			2	0	0.0	0	0	2	0	False		noncanonicalB		0	7022269	chromothripsis	chromothripsis	chromothripsis:noncanonicalB	candidate_region_label	region	candidate_region	SCC154:chr10:0-7022269:3
SCC154	SCC154:chr11:101229977-104063433:4	SCC154_1.92_0.97_0.92	/data/KolmogorovLab/HPV_Dean_Collab/nano_nf_runs/SCC154/sv_cna_v2/wakhan/1.92_0.97_0.92/bed_output/SCC154_1.92_0.97_0.92	/data/KolmogorovLab/HPV_Dean_Collab/nano_nf_runs/SCC154/sv_cna_v2/wakhan/1.92_0.97_0.92/vcf_output/SCC154_1.92_0.97_0.92_wakhan_cna_integers.vcf	/data/KolmogorovLab/HPV_Dean_Collab/nano_nf_runs/SCC154/sv_cna_v2/severus/somatic_SVs/severus_somatic.vcf	C4	chr11	q	101229977	104063433	101229977-104063433	3	3	3	2833457	1.0587773168959332e-06	True	9.14109513572996	1.8394405447519897	435090.5	696854.0	1330065.0	False	4|8	0.6666666666666666	0.5	0	0	0	0	1	0	0	0	2	0	0	0	4	4.0	4.0	1	4.0	4.0	0	0	1.0	0	2	1	0	False	canonical		noncanonical	101229977	104063433	Seismic_Amplification;BFB	Seismic_Amplification;BFB	Seismic_Amplification:canonical;BFB:noncanonical	candidate_region_label	region	candidate_region	SCC154:chr11:101229977-104063433:4
SKBR3	SKBR3:chr3:0-39561702:1	SKBR3_4.13_0.97_0.92	/vf/users/KolmogorovLab/HPV_Dean_Collab/nano_nf_runs/SKBR3/sv_cna_v2/wakhan/4.13_0.97_0.92/bed_output/SKBR3_4.13_0.97_0.92	/vf/users/KolmogorovLab/HPV_Dean_Collab/nano_nf_runs/SKBR3/sv_cna_v2/wakhan/4.13_0.97_0.92/vcf_output/SKBR3_4.13_0.97_0.92_wakhan_cna_integers.vcf	/data/KolmogorovLab/HPV_Dean_Collab/nano_nf_runs/SKBR3/sv_cna_v2/severus/somatic_SVs/severus_somatic.vcf	C1	chr3	p	0	39561702	0-39561702	23	24	23	39561703	6.066472922057982e-07	True	4.822114836664134	3.940897412178762	381415.5	844298.0	1690386.5	False	3|7	0.4583333333333333	0.1304347826086956	0	1	3	6	0	4	3	5	1	1	0	0	25			0			9	6	0.0	0	10	0	0	False	noncanonical			0	39561702	Seismic_Amplification	Seismic_Amplification	Seismic_Amplification:noncanonical	candidate_region_label	region	candidate_region	SKBR3:chr3:0-39561702:1
SKBR3	SKBR3:chr3:151354228-158466862:2	SKBR3_4.13_0.97_0.92	/vf/users/KolmogorovLab/HPV_Dean_Collab/nano_nf_runs/SKBR3/sv_cna_v2/wakhan/4.13_0.97_0.92/bed_output/SKBR3_4.13_0.97_0.92	/vf/users/KolmogorovLab/HPV_Dean_Collab/nano_nf_runs/SKBR3/sv_cna_v2/wakhan/4.13_0.97_0.92/vcf_output/SKBR3_4.13_0.97_0.92_wakhan_cna_integers.vcf	/data/KolmogorovLab/HPV_Dean_Collab/nano_nf_runs/SKBR3/sv_cna_v2/severus/somatic_SVs/severus_somatic.vcf	C1	chr3	q	151354228	158466862	151354228-158466862	4	4	4	7112635	5.623794838340503e-07	True	5.291284031867233	3.940897412178762	547225.25	962471.5	2193405.0	False	12|3	0.5	0.3333333333333333	0	1	0	1	0	0	1	0	0	1	0	0	6			0			2	2	0.0	0	2	0	0	False	noncanonical			151354228	158466862	Seismic_Amplification	Seismic_Amplification	Seismic_Amplification:noncanonical	candidate_region_label	region	candidate_region	SKBR3:chr3:151354228-158466862:2
SKBR3	SKBR3:chr3:178278467-198295559:3	SKBR3_4.13_0.97_0.92	/vf/users/KolmogorovLab/HPV_Dean_Collab/nano_nf_runs/SKBR3/sv_cna_v2/wakhan/4.13_0.97_0.92/bed_output/SKBR3_4.13_0.97_0.92	/vf/users/KolmogorovLab/HPV_Dean_Collab/nano_nf_runs/SKBR3/sv_cna_v2/wakhan/4.13_0.97_0.92/vcf_output/SKBR3_4.13_0.97_0.92_wakhan_cna_integers.vcf	/data/KolmogorovLab/HPV_Dean_Collab/nano_nf_runs/SKBR3/sv_cna_v2/severus/somatic_SVs/severus_somatic.vcf	C1	chr3	q	178278467	198295559	178278467-198295559	23	23	21	20017093	1.149017991773331e-06	True	6.291104657404549	3.940897412178762	264867.0	475611.0	902960.0	False	6|5	0.4782608695652174	0.0454545454545454	0	0	1	0	2	5	6	5	4	0	0	0	24			0			4	6	0.0	2	10	2	2	False	noncanonical			178278467	198295559	Seismic_Amplification	Seismic_Amplification	Seismic_Amplification:noncanonical	candidate_region_label	region	candidate_region	SKBR3:chr3:178278467-198295559:3
SKBR3	SKBR3:chr5:138061704-142822544:4	SKBR3_4.13_0.97_0.92	/vf/users/KolmogorovLab/HPV_Dean_Collab/nano_nf_runs/SKBR3/sv_cna_v2/wakhan/4.13_0.97_0.92/bed_output/SKBR3_4.13_0.97_0.92	/vf/users/KolmogorovLab/HPV_Dean_Collab/nano_nf_runs/SKBR3/sv_cna_v2/wakhan/4.13_0.97_0.92/vcf_output/SKBR3_4.13_0.97_0.92_wakhan_cna_integers.vcf	/data/KolmogorovLab/HPV_Dean_Collab/nano_nf_runs/SKBR3/sv_cna_v2/severus/somatic_SVs/severus_somatic.vcf	C2	chr5	q	138061704	142822544	138061704-142822544	5	5	5	4760841	1.0502346119099546e-06	True	5.067360997773292	3.940897412178762	487556.0	965160.0	1410036.0	True	5|6	0.8	0.75	0	0	0	1	0	2	2	0	0	0	0	0	6	3.0	3.0	0			1	0	1.0	2	2	0	2	False		noncanonicalB	noncanonicalB	138061704	142822544	chromothripsis;BFB	chromothripsis;BFB	chromothripsis:noncanonicalB;BFB:noncanonicalB	candidate_region_label	region	candidate_region	SKBR3:chr5:138061704-142822544:4
SKBR3	SKBR3:chr5:155073273-164481680:5	SKBR3_4.13_0.97_0.92	/vf/users/KolmogorovLab/HPV_Dean_Collab/nano_nf_runs/SKBR3/sv_cna_v2/wakhan/4.13_0.97_0.92/bed_output/SKBR3_4.13_0.97_0.92	/vf/users/KolmogorovLab/HPV_Dean_Collab/nano_nf_runs/SKBR3/sv_cna_v2/wakhan/4.13_0.97_0.92/vcf_output/SKBR3_4.13_0.97_0.92_wakhan_cna_integers.vcf	/data/KolmogorovLab/HPV_Dean_Collab/nano_nf_runs/SKBR3/sv_cna_v2/severus/somatic_SVs/severus_somatic.vcf	C3	chr5	q	155073273	164481680	155073273-164481680	10	10	7	9408408	1.0628790758223922e-06	True	4.152769416462381	3.940897412178762	83882.75	197913.5	544094.75	False	6|4	0.6	0.3333333333333333	1	0	0	0	3	0	3	2	1	0	0	0	12	5.0	12.0	2	5.0	12.0	4	0	2.0	5	1	0	5	False		noncanonicalB	noncanonical	155073273	164481680	chromothripsis;BFB	chromothripsis;BFB	chromothripsis:noncanonicalB;BFB:noncanonical	candidate_region_label	region	candidate_region	SKBR3:chr5:155073273-164481680:5
SKBR3	SKBR3:chr6:0-8775217:6	SKBR3_4.13_0.97_0.92	/vf/users/KolmogorovLab/HPV_Dean_Collab/nano_nf_runs/SKBR3/sv_cna_v2/wakhan/4.13_0.97_0.92/bed_output/SKBR3_4.13_0.97_0.92	/vf/users/KolmogorovLab/HPV_Dean_Collab/nano_nf_runs/SKBR3/sv_cna_v2/wakhan/4.13_0.97_0.92/vcf_output/SKBR3_4.13_0.97_0.92_wakhan_cna_integers.vcf	/data/KolmogorovLab/HPV_Dean_Collab/nano_nf_runs/SKBR3/sv_cna_v2/severus/somatic_SVs/severus_somatic.vcf	C4	chr6	p	0	8775217	0-8775217	13	13	11	8775218	1.48144467749975e-06	True	2.4013658692011983	3.940897412178762	103590.0	191813.0	498817.0	False	2|6	0.6153846153846154	0.3333333333333333	2	0	4	1	0	1	4	1	0	0	0	0	14			0			3	2	0.0	0	7	2	0	False		noncanonical		0	8775217	chromothripsis	chromothripsis	chromothripsis:noncanonical	candidate_region_label	region	candidate_region	SKBR3:chr6:0-8775217:6
SKBR3	SKBR3:chr6:24683776-34294777:7	SKBR3_4.13_0.97_0.92	/vf/users/KolmogorovLab/HPV_Dean_Collab/nano_nf_runs/SKBR3/sv_cna_v2/wakhan/4.13_0.97_0.92/bed_output/SKBR3_4.13_0.97_0.92	/vf/users/KolmogorovLab/HPV_Dean_Collab/nano_nf_runs/SKBR3/sv_cna_v2/wakhan/4.13_0.97_0.92/vcf_output/SKBR3_4.13_0.97_0.92_wakhan_cna_integers.vcf	/data/KolmogorovLab/HPV_Dean_Collab/nano_nf_runs/SKBR3/sv_cna_v2/severus/somatic_SVs/severus_somatic.vcf	C5	chr6	p	24683776	34294777	24683776-34294777	9	9	8	9611002	9.364268158512504e-07	True	4.111555798240391	3.940897412178762	275477.0	1341969.0	1478155.0	False	5|4	0.6666666666666666	0.375	0	0	0	2	2	4	1	0	0	0	0	0	11	6.0	6.0	0			5	0	1.0	3	2	0	3	False			noncanonicalB	24683776	34294777	BFB	BFB	BFB:noncanonicalB	candidate_region_label	region	candidate_region	SKBR3:chr6:24683776-34294777:7
SKBR3	SKBR3:chr7:114215974-117502838:8	SKBR3_4.13_0.97_0.92	/vf/users/KolmogorovLab/HPV_Dean_Collab/nano_nf_runs/SKBR3/sv_cna_v2/wakhan/4.13_0.97_0.92/bed_output/SKBR3_4.13_0.97_0.92	/vf/users/KolmogorovLab/HPV_Dean_Collab/nano_nf_runs/SKBR3/sv_cna_v2/wakhan/4.13_0.97_0.92/vcf_output/SKBR3_4.13_0.97_0.92_wakhan_cna_integers.vcf	/data/KolmogorovLab/HPV_Dean_Collab/nano_nf_runs/SKBR3/sv_cna_v2/severus/somatic_SVs/severus_somatic.vcf	C6	chr7	q	114215974	117502838	114215974-117502838	6	6	4	3286865	1.8254476530067408e-06	True	11.393817817281818	3.940897412178762	85020.0	150863.0	401194.0	False	12|4	0.5	0.0	0	0	1	0	1	0	0	0	0	4	0	0	7	1.0	1.0	0			3	1	1.0	0	2	0	0	False	noncanonical		noncanonicalB	114215974	117502838	Seismic_Amplification;BFB	Seismic_Amplification;BFB	Seismic_Amplification:noncanonical;BFB:noncanonicalB	candidate_region_label	region	candidate_region	SKBR3:chr7:114215974-117502838:8
SKBR3	SKBR3:chr7:128941972-133164006:9	SKBR3_4.13_0.97_0.92	/vf/users/KolmogorovLab/HPV_Dean_Collab/nano_nf_runs/SKBR3/sv_cna_v2/wakhan/4.13_0.97_0.92/bed_output/SKBR3_4.13_0.97_0.92	/vf/users/KolmogorovLab/HPV_Dean_Collab/nano_nf_runs/SKBR3/sv_cna_v2/wakhan/4.13_0.97_0.92/vcf_output/SKBR3_4.13_0.97_0.92_wakhan_cna_integers.vcf	/data/KolmogorovLab/HPV_Dean_Collab/nano_nf_runs/SKBR3/sv_cna_v2/severus/somatic_SVs/severus_somatic.vcf	C6	chr7	q	128941972	133164006	128941972-133164006	3	3	3	4222035	7.105578234192753e-07	True	8.403718585942562	3.940897412178762	882075.5	1196959.0	1827421.5	True	2|13	1.0	1.0	0	0	2	0	0	0	0	0	0	1	0	0	4	1.0	1.0	1	1.0	1.0	1	1	1.0	1	0	0	1	False	noncanonical		noncanonicalB	128941972	133164006	Seismic_Amplification;BFB	Seismic_Amplification;BFB	Seismic_Amplification:noncanonical;BFB:noncanonicalB	candidate_region_label	region	candidate_region	SKBR3:chr7:128941972-133164006:9
SKBR3	SKBR3:chr8:70318233-91550065:10	SKBR3_4.13_0.97_0.92	/vf/users/KolmogorovLab/HPV_Dean_Collab/nano_nf_runs/SKBR3/sv_cna_v2/wakhan/4.13_0.97_0.92/bed_output/SKBR3_4.13_0.97_0.92	/vf/users/KolmogorovLab/HPV_Dean_Collab/nano_nf_runs/SKBR3/sv_cna_v2/wakhan/4.13_0.97_0.92/vcf_output/SKBR3_4.13_0.97_0.92_wakhan_cna_integers.vcf	/data/KolmogorovLab/HPV_Dean_Collab/nano_nf_runs/SKBR3/sv_cna_v2/severus/somatic_SVs/severus_somatic.vcf	C7	chr8	q	70318233	91550065	70318233-91550065	73	73	49	21231833	3.4382335241615737e-06	True	15.858015509070745	3.940897412178762	83221.0	171336.0	303280.0	False	0|19	0.1095890410958904	0.0	4	0	0	3	3	1	1	2	6	28	18	7	74	70.0	73.0	1	70.0	70.0	14	11	2.0	13	29	5	13	True	noncanonical		noncanonicalB	70318233	91550065	ecDNA;Seismic_Amplification;BFB	ecDNA;Seismic_Amplification;BFB	ecDNA;Seismic_Amplification:noncanonical;BFB:noncanonicalB	candidate_region_label	region	candidate_region	SKBR3:chr8:70318233-91550065:10
SKBR3	SKBR3:chr8:103691910-145138636:11	SKBR3_4.13_0.97_0.92	/vf/users/KolmogorovLab/HPV_Dean_Collab/nano_nf_runs/SKBR3/sv_cna_v2/wakhan/4.13_0.97_0.92/bed_output/SKBR3_4.13_0.97_0.92	/vf/users/KolmogorovLab/HPV_Dean_Collab/nano_nf_runs/SKBR3/sv_cna_v2/wakhan/4.13_0.97_0.92/vcf_output/SKBR3_4.13_0.97_0.92_wakhan_cna_integers.vcf	/data/KolmogorovLab/HPV_Dean_Collab/nano_nf_runs/SKBR3/sv_cna_v2/severus/somatic_SVs/severus_somatic.vcf	C7	chr8	q	103691910	145138636	103691910-145138636	108	108	70	41446727	2.6057546112145355e-06	True	12.596301922706708	3.940897412178762	75864.5	159089.0	354920.75	False	3|0	0.1574074074074074	0.0841121495327102	6	3	6	11	4	3	2	0	3	15	42	13	111	19.0	93.0	2	19.0	36.0	28	15	4.0	23	37	4	23	True	noncanonical		noncanonicalB	103691910	145138636	ecDNA;Seismic_Amplification;BFB	ecDNA;Seismic_Amplification;BFB	ecDNA;Seismic_Amplification:noncanonical;BFB:noncanonicalB	candidate_region_label	region	candidate_region	SKBR3:chr8:103691910-145138636:11
SKBR3	SKBR3:chr10:55213168-71714103:12	SKBR3_4.13_0.97_0.92	/vf/users/KolmogorovLab/HPV_Dean_Collab/nano_nf_runs/SKBR3/sv_cna_v2/wakhan/4.13_0.97_0.92/bed_output/SKBR3_4.13_0.97_0.92	/vf/users/KolmogorovLab/HPV_Dean_Collab/nano_nf_runs/SKBR3/sv_cna_v2/wakhan/4.13_0.97_0.92/vcf_output/SKBR3_4.13_0.97_0.92_wakhan_cna_integers.vcf	/data/KolmogorovLab/HPV_Dean_Collab/nano_nf_runs/SKBR3/sv_cna_v2/severus/somatic_SVs/severus_somatic.vcf	C8	chr10	q	55213168	71714103	55213168-71714103	18	19	16	16500936	1.1514498329064483e-06	True	6.0975542841933335	3.940897412178762	181287.5	400932.0	868343.5	False	6|8	0.631578947368421	0.3888888888888889	1	0	0	0	1	1	7	4	5	0	0	0	20	8.0	12.0	1	8.0	8.0	3	6	2.0	1	8	0	1	False	noncanonical		noncanonicalB	55213168	71714103	Seismic_Amplification;BFB	Seismic_Amplification;BFB	Seismic_Amplification:noncanonical;BFB:noncanonicalB	candidate_region_label	region	candidate_region	SKBR3:chr10:55213168-71714103:12
SKBR3	SKBR3:chr14:45524644-68507616:13	SKBR3_4.13_0.97_0.92	/vf/users/KolmogorovLab/HPV_Dean_Collab/nano_nf_runs/SKBR3/sv_cna_v2/wakhan/4.13_0.97_0.92/bed_output/SKBR3_4.13_0.97_0.92	/vf/users/KolmogorovLab/HPV_Dean_Collab/nano_nf_runs/SKBR3/sv_cna_v2/wakhan/4.13_0.97_0.92/vcf_output/SKBR3_4.13_0.97_0.92_wakhan_cna_integers.vcf	/data/KolmogorovLab/HPV_Dean_Collab/nano_nf_runs/SKBR3/sv_cna_v2/severus/somatic_SVs/severus_somatic.vcf	C7	chr14	q	45524644	68507616	45524644-68507616	14	15	11	22982973	6.526570779158989e-07	True	3.867233103393543	3.940897412178762	121532.5	765168.0	2483336.5	False	3|4	0.5333333333333333	0.1428571428571428	0	1	1	4	4	1	1	0	3	0	0	0	19	18.0	18.0	0			1	0	1.0	14	3	0	14	True	noncanonical		noncanonicalB	45524644	68507616	ecDNA;Seismic_Amplification;BFB	ecDNA;Seismic_Amplification;BFB	ecDNA;Seismic_Amplification:noncanonical;BFB:noncanonicalB	candidate_region_label	region	candidate_region	SKBR3:chr14:45524644-68507616:13
SKBR3	SKBR3:chr17:39120759-42420153:14	SKBR3_4.13_0.97_0.92	/vf/users/KolmogorovLab/HPV_Dean_Collab/nano_nf_runs/SKBR3/sv_cna_v2/wakhan/4.13_0.97_0.92/bed_output/SKBR3_4.13_0.97_0.92	/vf/users/KolmogorovLab/HPV_Dean_Collab/nano_nf_runs/SKBR3/sv_cna_v2/wakhan/4.13_0.97_0.92/vcf_output/SKBR3_4.13_0.97_0.92_wakhan_cna_integers.vcf	/data/KolmogorovLab/HPV_Dean_Collab/nano_nf_runs/SKBR3/sv_cna_v2/severus/somatic_SVs/severus_somatic.vcf	C9	chr17	q	39120759	42420153	39120759-42420153	5	5	5	3299395	1.515429343864557e-06	True	19.21230558935805	3.940897412178762	406718.0	790663.0	797728.0	False	39|21	0.4	0.25	0	0	0	0	0	0	0	0	1	2	2	0	6	4.0	4.0	0			0	0	1.0	5	0	0	5	False	noncanonical		noncanonicalB	39120759	42420153	Seismic_Amplification;BFB	Seismic_Amplification;BFB	Seismic_Amplification:noncanonical;BFB:noncanonicalB	candidate_region_label	region	candidate_region	SKBR3:chr17:39120759-42420153:14
SKBR3	SKBR3:chr17:67753703-83257441:15	SKBR3_4.13_0.97_0.92	/vf/users/KolmogorovLab/HPV_Dean_Collab/nano_nf_runs/SKBR3/sv_cna_v2/wakhan/4.13_0.97_0.92/bed_output/SKBR3_4.13_0.97_0.92	/vf/users/KolmogorovLab/HPV_Dean_Collab/nano_nf_runs/SKBR3/sv_cna_v2/wakhan/4.13_0.97_0.92/vcf_output/SKBR3_4.13_0.97_0.92_wakhan_cna_integers.vcf	/data/KolmogorovLab/HPV_Dean_Collab/nano_nf_runs/SKBR3/sv_cna_v2/severus/somatic_SVs/severus_somatic.vcf	C10	chr17	q	67753703	83257441	67753703-83257441	13	13	12	15503739	8.385074077936942e-07	True	6.005218741104969	3.940897412178762	264204.0	500206.0	2075381.0	False	5|11	0.4615384615384615	0.1666666666666666	0	0	1	1	1	4	1	2	1	2	0	0	11			0			2	3	0.0	4	2	0	4	False	noncanonical			67753703	83257441	Seismic_Amplification	Seismic_Amplification	Seismic_Amplification:noncanonical	candidate_region_label	region	candidate_region	SKBR3:chr17:67753703-83257441:15
SKBR3	SKBR3:chr18:47315093-56791383:16	SKBR3_4.13_0.97_0.92	/vf/users/KolmogorovLab/HPV_Dean_Collab/nano_nf_runs/SKBR3/sv_cna_v2/wakhan/4.13_0.97_0.92/bed_output/SKBR3_4.13_0.97_0.92	/vf/users/KolmogorovLab/HPV_Dean_Collab/nano_nf_runs/SKBR3/sv_cna_v2/wakhan/4.13_0.97_0.92/vcf_output/SKBR3_4.13_0.97_0.92_wakhan_cna_integers.vcf	/data/KolmogorovLab/HPV_Dean_Collab/nano_nf_runs/SKBR3/sv_cna_v2/severus/somatic_SVs/severus_somatic.vcf	C11	chr18	q	47315093	56791383	47315093-56791383	4	4	4	9476291	4.221060750456059e-07	True	1.823536866902884	3.940897412178762	1959378.0	2666659.0	3076353.75	False	2|3	0.75	0.3333333333333333	0	1	2	1	0	0	0	0	0	0	0	0	5			0			2	0	0.0	0	3	0	0	False				47315093	56791383				candidate_region_empty	empty_candidate_region	candidate_region	
SKBR3	SKBR3:chr19:52741290-58617616:17	SKBR3_4.13_0.97_0.92	/vf/users/KolmogorovLab/HPV_Dean_Collab/nano_nf_runs/SKBR3/sv_cna_v2/wakhan/4.13_0.97_0.92/bed_output/SKBR3_4.13_0.97_0.92	/vf/users/KolmogorovLab/HPV_Dean_Collab/nano_nf_runs/SKBR3/sv_cna_v2/wakhan/4.13_0.97_0.92/vcf_output/SKBR3_4.13_0.97_0.92_wakhan_cna_integers.vcf	/data/KolmogorovLab/HPV_Dean_Collab/nano_nf_runs/SKBR3/sv_cna_v2/severus/somatic_SVs/severus_somatic.vcf	C12	chr19	q	52741290	58617616	52741290-58617616	6	6	4	5876327	1.0210459697018223e-06	True	3.921026859124756	3.940897412178762	79901.5	181266.5	725961.75	True	3|4	0.8333333333333334	0.8	0	0	1	3	2	0	0	0	0	0	0	0	5			0			2	0	0.0	1	2	0	1	False		noncanonicalB		52741290	58617616	chromothripsis	chromothripsis	chromothripsis:noncanonicalB	candidate_region_label	region	candidate_region	SKBR3:chr19:52741290-58617616:17
SKBR3	SKBR3:chr20:9564034-58962673:18	SKBR3_4.13_0.97_0.92	/vf/users/KolmogorovLab/HPV_Dean_Collab/nano_nf_runs/SKBR3/sv_cna_v2/wakhan/4.13_0.97_0.92/bed_output/SKBR3_4.13_0.97_0.92	/vf/users/KolmogorovLab/HPV_Dean_Collab/nano_nf_runs/SKBR3/sv_cna_v2/wakhan/4.13_0.97_0.92/vcf_output/SKBR3_4.13_0.97_0.92_wakhan_cna_integers.vcf	/data/KolmogorovLab/HPV_Dean_Collab/nano_nf_runs/SKBR3/sv_cna_v2/severus/somatic_SVs/severus_somatic.vcf	C13	chr20	mixed	9564034	58962673	9564034-58962673	54	55	41	49398640	1.1133909759458965e-06	True	7.443901107398908	3.940897412178762	107848.0	380533.0	961066.5	False	7|10	0.3272727272727272	0.0185185185185185	0	0	0	2	2	2	6	10	15	18	0	0	57	22.0	22.0	0			21	14	1.0	0	18	3	0	False	canonical		noncanonicalB	9564034	58962673	Seismic_Amplification;BFB	Seismic_Amplification;BFB	Seismic_Amplification:canonical;BFB:noncanonicalB	candidate_region_label	region	candidate_region	SKBR3:chr20:9564034-58962673:18
SKBR3	SKBR3:chr22:46498609-50818468:19	SKBR3_4.13_0.97_0.92	/vf/users/KolmogorovLab/HPV_Dean_Collab/nano_nf_runs/SKBR3/sv_cna_v2/wakhan/4.13_0.97_0.92/bed_output/SKBR3_4.13_0.97_0.92	/vf/users/KolmogorovLab/HPV_Dean_Collab/nano_nf_runs/SKBR3/sv_cna_v2/wakhan/4.13_0.97_0.92/vcf_output/SKBR3_4.13_0.97_0.92_wakhan_cna_integers.vcf	/data/KolmogorovLab/HPV_Dean_Collab/nano_nf_runs/SKBR3/sv_cna_v2/severus/somatic_SVs/severus_somatic.vcf	C14	chr22	q	46498609	50818468	46498609-50818468	6	6	5	4319860	1.388933900635669e-06	True	3.5062559897774466	3.940897412178762	168166.75	490521.5	906843.75	False	4|1	0.5	0.0	0	1	1	1	2	0	1	0	0	0	0	0	5			0			2	2	0.0	0	0	1	0	False				46498609	50818468				candidate_region_empty	empty_candidate_region	candidate_region	
SNU1000	SNU1000:chr2:189545608-197927733:1	SNU1000_3.39_0.95_0.89	/data/KolmogorovLab/HPV_Dean_Collab/nano_nf_runs/SNU1000/sv_cna_v2/wakhan/3.39_0.95_0.89/bed_output/SNU1000_3.39_0.95_0.89	/data/KolmogorovLab/HPV_Dean_Collab/nano_nf_runs/SNU1000/sv_cna_v2/wakhan/3.39_0.95_0.89/vcf_output/SNU1000_3.39_0.95_0.89_wakhan_cna_integers.vcf	/data/KolmogorovLab/HPV_Dean_Collab/nano_nf_runs/SNU1000/sv_cna_v2/severus/somatic_SVs/severus_somatic.vcf	C1	chr2	q	189545608	197927733	189545608-197927733	4	4	3	8382126	4.772059021780393e-07	True	4.830087975294096	3.233356652373366	157777.5	1788816.0	3726570.0	True	5|4	0.75	0.6666666666666666	0	0	0	0	1	2	1	0	0	0	0	0	5	5.0	5.0	1	5.0	5.0	0	2	1.0	0	1	1	0	False			noncanonical	189545608	197927733	BFB	BFB	BFB:noncanonical	candidate_region_label	region	candidate_region	SNU1000:chr2:189545608-197927733:1
SNU1000	SNU1000:chr3:0-10257984:2	SNU1000_3.39_0.95_0.89	/data/KolmogorovLab/HPV_Dean_Collab/nano_nf_runs/SNU1000/sv_cna_v2/wakhan/3.39_0.95_0.89/bed_output/SNU1000_3.39_0.95_0.89	/data/KolmogorovLab/HPV_Dean_Collab/nano_nf_runs/SNU1000/sv_cna_v2/wakhan/3.39_0.95_0.89/vcf_output/SNU1000_3.39_0.95_0.89_wakhan_cna_integers.vcf	/data/KolmogorovLab/HPV_Dean_Collab/nano_nf_runs/SNU1000/sv_cna_v2/severus/somatic_SVs/severus_somatic.vcf	C2	chr3	p	0	10257984	0-10257984	8	8	7	10257985	7.798802591347131e-07	True	3.5265007698880435	3.233356652373366	222257.5	790977.5	2257319.5	False	3|4	0.75	0.4285714285714285	0	0	0	3	3	2	0	0	0	0	0	0	8			0			0	2	0.0	1	5	0	1	False				0	10257984				candidate_region_empty	empty_candidate_region	candidate_region	
SNU1000	SNU1000:chr6:63000001-65279176:3	SNU1000_3.39_0.95_0.89	/data/KolmogorovLab/HPV_Dean_Collab/nano_nf_runs/SNU1000/sv_cna_v2/wakhan/3.39_0.95_0.89/bed_output/SNU1000_3.39_0.95_0.89	/data/KolmogorovLab/HPV_Dean_Collab/nano_nf_runs/SNU1000/sv_cna_v2/wakhan/3.39_0.95_0.89/vcf_output/SNU1000_3.39_0.95_0.89_wakhan_cna_integers.vcf	/data/KolmogorovLab/HPV_Dean_Collab/nano_nf_runs/SNU1000/sv_cna_v2/severus/somatic_SVs/severus_somatic.vcf	C3	chr6	q	63000001	65279176	63000001-65279176	3	3	3	2279176	1.3162651765374857e-06	True	7.207781233217619	3.233356652373366	436837.5	502698.0	954099.5	False	8|10	0.6666666666666666	0.5	0	0	0	0	0	0	1	0	2	0	0	0	3	2.0	3.0	2	2.0	3.0	0	0	2.0	0	0	1	0	False	canonical		noncanonical	63000001	65279176	Seismic_Amplification;BFB	Seismic_Amplification;BFB	Seismic_Amplification:canonical;BFB:noncanonical	candidate_region_label	region	candidate_region	SNU1000:chr6:63000001-65279176:3
SNU1000	SNU1000:chr11:100077105-102913626:4	SNU1000_3.39_0.95_0.89	/data/KolmogorovLab/HPV_Dean_Collab/nano_nf_runs/SNU1000/sv_cna_v2/wakhan/3.39_0.95_0.89/bed_output/SNU1000_3.39_0.95_0.89	/data/KolmogorovLab/HPV_Dean_Collab/nano_nf_runs/SNU1000/sv_cna_v2/wakhan/3.39_0.95_0.89/vcf_output/SNU1000_3.39_0.95_0.89_wakhan_cna_integers.vcf	/data/KolmogorovLab/HPV_Dean_Collab/nano_nf_runs/SNU1000/sv_cna_v2/severus/somatic_SVs/severus_somatic.vcf	C4	chr11	q	100077105	102913626	100077105-102913626	6	6	5	2836522	2.115266513004306e-06	True	26.62138562648201	3.233356652373366	233620.25	278654.0	353876.75	False	3|18	0.3333333333333333	0.2	0	0	0	1	0	0	0	0	0	1	2	2	7	1.0	7.0	3	5.0	7.0	0	0	5.0	1	0	1	1	True	noncanonical		noncanonical	100077105	102913626	ecDNA;Seismic_Amplification;BFB	ecDNA;Seismic_Amplification;BFB	ecDNA;Seismic_Amplification:noncanonical;BFB:noncanonical	candidate_region_label	region	candidate_region	SNU1000:chr11:100077105-102913626:4
SNU1000	SNU1000:chr16:46000001-57779990:5	SNU1000_3.39_0.95_0.89	/data/KolmogorovLab/HPV_Dean_Collab/nano_nf_runs/SNU1000/sv_cna_v2/wakhan/3.39_0.95_0.89/bed_output/SNU1000_3.39_0.95_0.89	/data/KolmogorovLab/HPV_Dean_Collab/nano_nf_runs/SNU1000/sv_cna_v2/wakhan/3.39_0.95_0.89/vcf_output/SNU1000_3.39_0.95_0.89_wakhan_cna_integers.vcf	/data/KolmogorovLab/HPV_Dean_Collab/nano_nf_runs/SNU1000/sv_cna_v2/severus/somatic_SVs/severus_somatic.vcf	C5	chr16	q	46000001	57779990	46000001-57779990	4	4	4	11779990	3.395588621042972e-07	True	3.4311040162173314	3.233356652373366	2226169.5	3350794.5	4069622.5	True	3|4	1.0	1.0	0	0	0	2	2	0	0	0	0	0	0	0	4			0			2	0	0.0	1	0	1	1	False		noncanonicalB		46000001	57779990	chromothripsis	chromothripsis	chromothripsis:noncanonicalB	candidate_region_label	region	candidate_region	SNU1000:chr16:46000001-57779990:5
SNU1000	SNU1000:chr19:0-7902715:6	SNU1000_3.39_0.95_0.89	/data/KolmogorovLab/HPV_Dean_Collab/nano_nf_runs/SNU1000/sv_cna_v2/wakhan/3.39_0.95_0.89/bed_output/SNU1000_3.39_0.95_0.89	/data/KolmogorovLab/HPV_Dean_Collab/nano_nf_runs/SNU1000/sv_cna_v2/wakhan/3.39_0.95_0.89/vcf_output/SNU1000_3.39_0.95_0.89_wakhan_cna_integers.vcf	/data/KolmogorovLab/HPV_Dean_Collab/nano_nf_runs/SNU1000/sv_cna_v2/severus/somatic_SVs/severus_somatic.vcf	C6	chr19	p	0	7902715	0-7902715	4	4	4	7902716	5.061550990823914e-07	True	1.671621250213218	3.233356652373366	1418256.5	2113169.0	2670591.5	True	1|2	1.0	1.0	0	2	2	0	0	0	0	0	0	0	0	0	5			0			0	1	0.0	3	1	0	3	False		noncanonicalB		0	7902715	chromothripsis	chromothripsis	chromothripsis:noncanonicalB	candidate_region_label	region	candidate_region	SNU1000:chr19:0-7902715:6
SNU1005	SNU1005:chr1:164651675-169240920:1	SNU1005_5.04_0.65_0.94	/data/KolmogorovLab/HPV_Dean_Collab/nano_nf_runs/SNU1005/sv_cna_v2/wakhan/5.04_0.65_0.94/bed_output/SNU1005_5.04_0.65_0.94	/data/KolmogorovLab/HPV_Dean_Collab/nano_nf_runs/SNU1005/sv_cna_v2/wakhan/5.04_0.65_0.94/vcf_output/SNU1005_5.04_0.65_0.94_wakhan_cna_integers.vcf	/data/KolmogorovLab/HPV_Dean_Collab/nano_nf_runs/SNU1005/sv_cna_v2/severus/somatic_SVs/severus_somatic.vcf	C1	chr1	q	164651675	169240920	164651675-169240920	1	1	1	4589246	2.1790071833150805e-07	True	2.0	4.898985822514581	4589246.0	4589246.0	4589246.0	False		0.0	0.0	0	0	1	0	0	0	0	0	0	0	0	0	2	1.0	2.0	1	1.0	1.0	0	0	2.0	0	0	0	0	False			canonical	164651675	169240920	BFB	BFB	BFB:canonical	candidate_region_label	region	candidate_region	SNU1005:chr1:164651675-169240920:1
SNU1005	SNU1005:chr3:162515130-188635593:2	SNU1005_5.04_0.65_0.94	/data/KolmogorovLab/HPV_Dean_Collab/nano_nf_runs/SNU1005/sv_cna_v2/wakhan/5.04_0.65_0.94/bed_output/SNU1005_5.04_0.65_0.94	/data/KolmogorovLab/HPV_Dean_Collab/nano_nf_runs/SNU1005/sv_cna_v2/wakhan/5.04_0.65_0.94/vcf_output/SNU1005_5.04_0.65_0.94_wakhan_cna_integers.vcf	/data/KolmogorovLab/HPV_Dean_Collab/nano_nf_runs/SNU1005/sv_cna_v2/severus/somatic_SVs/severus_somatic.vcf	C2	chr3	q	162515130	188635593	162515130-188635593	14	14	14	26120464	5.359782276455732e-07	True	16.44568297102226	4.898985822514581	869376.5	1270803.0	2349153.5	False	15|19	0.5	0.1538461538461538	0	0	0	0	0	0	0	0	0	14	0	0	15			0			4	2	0.0	3	5	1	3	False				162515130	188635593				candidate_region_empty	empty_candidate_region	candidate_region	
SNU1005	SNU1005:chr5:11163896-18765239:3	SNU1005_5.04_0.65_0.94	/data/KolmogorovLab/HPV_Dean_Collab/nano_nf_runs/SNU1005/sv_cna_v2/wakhan/5.04_0.65_0.94/bed_output/SNU1005_5.04_0.65_0.94	/data/KolmogorovLab/HPV_Dean_Collab/nano_nf_runs/SNU1005/sv_cna_v2/wakhan/5.04_0.65_0.94/vcf_output/SNU1005_5.04_0.65_0.94_wakhan_cna_integers.vcf	/data/KolmogorovLab/HPV_Dean_Collab/nano_nf_runs/SNU1005/sv_cna_v2/severus/somatic_SVs/severus_somatic.vcf	C3	chr5	p	11163896	18765239	11163896-18765239	11	11	11	7601344	1.4471125106296993e-06	True	13.745016144513391	4.898985822514581	224024.5	311078.0	805433.0	False	14|15	0.5454545454545454	0.3	0	0	0	0	0	0	0	0	1	10	0	0	12			0			1	2	0.0	0	9	0	0	False	canonical			11163896	18765239	Seismic_Amplification	Seismic_Amplification	Seismic_Amplification:canonical	candidate_region_label	region	candidate_region	SNU1005:chr5:11163896-18765239:3
SNU1005	SNU1005:chr5:52275188-56218111:4	SNU1005_5.04_0.65_0.94	/data/KolmogorovLab/HPV_Dean_Collab/nano_nf_runs/SNU1005/sv_cna_v2/wakhan/5.04_0.65_0.94/bed_output/SNU1005_5.04_0.65_0.94	/data/KolmogorovLab/HPV_Dean_Collab/nano_nf_runs/SNU1005/sv_cna_v2/wakhan/5.04_0.65_0.94/vcf_output/SNU1005_5.04_0.65_0.94_wakhan_cna_integers.vcf	/data/KolmogorovLab/HPV_Dean_Collab/nano_nf_runs/SNU1005/sv_cna_v2/severus/somatic_SVs/severus_somatic.vcf	C4	chr5	q	52275188	56218111	52275188-56218111	8	8	7	3942924	2.0289511032928864e-06	True	13.991709959410834	4.898985822514581	123364.25	234682.0	500920.5	False	4|16	0.25	0.1428571428571428	0	0	0	0	1	0	0	0	0	3	4	0	9	2.0	9.0	2	5.0	9.0	1	0	5.0	0	3	0	0	False	canonical		noncanonical	52275188	56218111	Seismic_Amplification;BFB	Seismic_Amplification;BFB	Seismic_Amplification:canonical;BFB:noncanonical	candidate_region_label	region	candidate_region	SNU1005:chr5:52275188-56218111:4
SNU1005	SNU1005:chr6:51101197-57999999:5	SNU1005_5.04_0.65_0.94	/data/KolmogorovLab/HPV_Dean_Collab/nano_nf_runs/SNU1005/sv_cna_v2/wakhan/5.04_0.65_0.94/bed_output/SNU1005_5.04_0.65_0.94	/data/KolmogorovLab/HPV_Dean_Collab/nano_nf_runs/SNU1005/sv_cna_v2/wakhan/5.04_0.65_0.94/vcf_output/SNU1005_5.04_0.65_0.94_wakhan_cna_integers.vcf	/data/KolmogorovLab/HPV_Dean_Collab/nano_nf_runs/SNU1005/sv_cna_v2/severus/somatic_SVs/severus_somatic.vcf	C5	chr6	p	51101197	57999999	51101197-57999999	7	7	7	6898803	1.0146687765979113e-06	True	5.36985111765041	4.898985822514581	147844.0	495130.0	1005329.5	False	12|13	0.2857142857142857	0.1666666666666666	0	0	1	1	0	0	0	0	1	4	0	0	7			0			4	0	0.0	1	2	0	1	False	noncanonical			51101197	57999999	Seismic_Amplification	Seismic_Amplification	Seismic_Amplification:noncanonical	candidate_region_label	region	candidate_region	SNU1005:chr6:51101197-57999999:5
SNU1005	SNU1005:chrX:97585206-100505594:6	SNU1005_5.04_0.65_0.94	/data/KolmogorovLab/HPV_Dean_Collab/nano_nf_runs/SNU1005/sv_cna_v2/wakhan/5.04_0.65_0.94/bed_output/SNU1005_5.04_0.65_0.94	/data/KolmogorovLab/HPV_Dean_Collab/nano_nf_runs/SNU1005/sv_cna_v2/wakhan/5.04_0.65_0.94/vcf_output/SNU1005_5.04_0.65_0.94_wakhan_cna_integers.vcf	/data/KolmogorovLab/HPV_Dean_Collab/nano_nf_runs/SNU1005/sv_cna_v2/severus/somatic_SVs/severus_somatic.vcf	C6	chrX	q	97585206	100505594	97585206-100505594	5	5	4	2920389	1.712100682477574e-06	True	11.104120033324328	4.898985822514581	122826.0	582037.0	761948.0	False	12|6	0.4	0.25	0	0	0	0	0	0	1	0	2	2	0	0	6	4.0	6.0	2	4.0	6.0	0	1	2.0	3	0	0	3	False	noncanonical		noncanonicalB	97585206	100505594	Seismic_Amplification;BFB	Seismic_Amplification;BFB	Seismic_Amplification:noncanonical;BFB:noncanonicalB	candidate_region_label	region	candidate_region	SNU1005:chrX:97585206-100505594:6
SNU1005	SNU1005:chrX:115725836-120929381:7	SNU1005_5.04_0.65_0.94	/data/KolmogorovLab/HPV_Dean_Collab/nano_nf_runs/SNU1005/sv_cna_v2/wakhan/5.04_0.65_0.94/bed_output/SNU1005_5.04_0.65_0.94	/data/KolmogorovLab/HPV_Dean_Collab/nano_nf_runs/SNU1005/sv_cna_v2/wakhan/5.04_0.65_0.94/vcf_output/SNU1005_5.04_0.65_0.94_wakhan_cna_integers.vcf	/data/KolmogorovLab/HPV_Dean_Collab/nano_nf_runs/SNU1005/sv_cna_v2/severus/somatic_SVs/severus_somatic.vcf	C6	chrX	q	115725836	120929381	115725836-120929381	5	5	4	5203546	9.608832131012198e-07	True	5.053501785128833	4.898985822514581	113114.0	413207.0	1191299.0	False	2|1	0.4	0.25	1	1	1	0	1	0	0	0	1	0	0	0	7	4.0	4.0	0			4	1	1.0	0	0	1	0	False	noncanonical		noncanonicalB	115725836	120929381	Seismic_Amplification;BFB	Seismic_Amplification;BFB	Seismic_Amplification:noncanonical;BFB:noncanonicalB	candidate_region_label	region	candidate_region	SNU1005:chrX:115725836-120929381:7
SNU1299	SNU1299:chr11:99700441-104484500:1	SNU1299_5.49_0.77_0.83	/data/KolmogorovLab/HPV_Dean_Collab/nano_nf_runs/SNU1299/sv_cna_v2/wakhan/5.49_0.77_0.83/bed_output/SNU1299_5.49_0.77_0.83	/data/KolmogorovLab/HPV_Dean_Collab/nano_nf_runs/SNU1299/sv_cna_v2/wakhan/5.49_0.77_0.83/vcf_output/SNU1299_5.49_0.77_0.83_wakhan_cna_integers.vcf	/data/KolmogorovLab/HPV_Dean_Collab/nano_nf_runs/SNU1299/sv_cna_v2/severus/somatic_SVs/severus_somatic.vcf	C1	chr11	q	99700441	104484500	99700441-104484500	5	5	4	4784060	1.045137393761784e-06	True	9.848014866034289	5.25276879165044	215980.0	235416.0	618158.0	False	10|9	0.4	0.25	0	0	0	0	0	0	1	0	2	1	1	0	6	1.0	6.0	3	4.0	6.0	0	0	5.0	1	0	0	1	False	noncanonical		noncanonical	99700441	104484500	Seismic_Amplification;BFB	Seismic_Amplification;BFB	Seismic_Amplification:noncanonical;BFB:noncanonical	candidate_region_label	region	candidate_region	SNU1299:chr11:99700441-104484500:1
SNU1299	SNU1299:chr12:101817157-106306116:2	SNU1299_5.49_0.77_0.83	/data/KolmogorovLab/HPV_Dean_Collab/nano_nf_runs/SNU1299/sv_cna_v2/wakhan/5.49_0.77_0.83/bed_output/SNU1299_5.49_0.77_0.83	/data/KolmogorovLab/HPV_Dean_Collab/nano_nf_runs/SNU1299/sv_cna_v2/wakhan/5.49_0.77_0.83/vcf_output/SNU1299_5.49_0.77_0.83_wakhan_cna_integers.vcf	/data/KolmogorovLab/HPV_Dean_Collab/nano_nf_runs/SNU1299/sv_cna_v2/severus/somatic_SVs/severus_somatic.vcf	C2	chr12	q	101817157	106306116	101817157-106306116	2	2	1	4488960	4.455374964357e-07	True	6.008125712859994	5.25276879165044	1140478.0	2244480.0	3348482.0	False		0.0	0.0	0	0	0	0	0	0	1	1	0	0	0	0	3	2.0	2.0	0			0	0	1.0	1	1	0	1	False			noncanonicalB	101817157	106306116	BFB	BFB	BFB:noncanonicalB	candidate_region_label	region	candidate_region	SNU1299:chr12:101817157-106306116:2
SNU1299	SNU1299:chr16:51419845-53976563:3	SNU1299_5.49_0.77_0.83	/data/KolmogorovLab/HPV_Dean_Collab/nano_nf_runs/SNU1299/sv_cna_v2/wakhan/5.49_0.77_0.83/bed_output/SNU1299_5.49_0.77_0.83	/data/KolmogorovLab/HPV_Dean_Collab/nano_nf_runs/SNU1299/sv_cna_v2/wakhan/5.49_0.77_0.83/vcf_output/SNU1299_5.49_0.77_0.83_wakhan_cna_integers.vcf	/data/KolmogorovLab/HPV_Dean_Collab/nano_nf_runs/SNU1299/sv_cna_v2/severus/somatic_SVs/severus_somatic.vcf	C3	chr16	q	51419845	53976563	51419845-53976563	2	2	1	2556719	7.822525666684528e-07	True	4.247877455441916	5.25276879165044	674388.25	1278359.5	1882330.75	False		0.0	0.0	0	0	0	0	1	0	0	0	0	1	0	0	3	1.0	1.0	0			0	0	1.0	0	2	0	0	False			noncanonicalB	51419845	53976563	BFB	BFB	BFB:noncanonicalB	candidate_region_label	region	candidate_region	SNU1299:chr16:51419845-53976563:3
SNU1299	SNU1299:chr18:27518532-39718769:4	SNU1299_5.49_0.77_0.83	/data/KolmogorovLab/HPV_Dean_Collab/nano_nf_runs/SNU1299/sv_cna_v2/wakhan/5.49_0.77_0.83/bed_output/SNU1299_5.49_0.77_0.83	/data/KolmogorovLab/HPV_Dean_Collab/nano_nf_runs/SNU1299/sv_cna_v2/wakhan/5.49_0.77_0.83/vcf_output/SNU1299_5.49_0.77_0.83_wakhan_cna_integers.vcf	/data/KolmogorovLab/HPV_Dean_Collab/nano_nf_runs/SNU1299/sv_cna_v2/severus/somatic_SVs/severus_somatic.vcf	C4	chr18	q	27518532	39718769	27518532-39718769	5	5	5	12200238	4.0982807056714806e-07	True	3.1383536944115358	5.25276879165044	1829360.0	2117688.0	3282621.0	True	3|4	0.8	0.75	0	0	1	2	2	0	0	0	0	0	0	0	6			0			5	0	0.0	1	0	0	1	False		noncanonicalB		27518532	39718769	chromothripsis	chromothripsis	chromothripsis:noncanonicalB	candidate_region_label	region	candidate_region	SNU1299:chr18:27518532-39718769:4
SNU1299	SNU1299:chr20:32000001-42314643:5	SNU1299_5.49_0.77_0.83	/data/KolmogorovLab/HPV_Dean_Collab/nano_nf_runs/SNU1299/sv_cna_v2/wakhan/5.49_0.77_0.83/bed_output/SNU1299_5.49_0.77_0.83	/data/KolmogorovLab/HPV_Dean_Collab/nano_nf_runs/SNU1299/sv_cna_v2/wakhan/5.49_0.77_0.83/vcf_output/SNU1299_5.49_0.77_0.83_wakhan_cna_integers.vcf	/data/KolmogorovLab/HPV_Dean_Collab/nano_nf_runs/SNU1299/sv_cna_v2/severus/somatic_SVs/severus_somatic.vcf	C5	chr20	q	32000001	42314643	32000001-42314643	7	7	5	10314643	6.786468518590513e-07	True	11.656057412748073	5.25276879165044	151194.0	1155139.0	2342259.5	False	18|19	0.4285714285714285	0.1666666666666666	0	0	0	0	0	1	0	0	0	6	0	0	7			0			0	2	0.0	3	2	0	3	False	noncanonical			32000001	42314643	Seismic_Amplification	Seismic_Amplification	Seismic_Amplification:noncanonical	candidate_region_label	region	candidate_region	SNU1299:chr20:32000001-42314643:5
SNU682	SNU682:chr2:170519254-174396706:1	SNU682_3.57_0.98_0.87	/data/KolmogorovLab/HPV_Dean_Collab/nano_nf_runs/SNU682/sv_cna_v2/wakhan/3.57_0.98_0.87/bed_output/SNU682_3.57_0.98_0.87	/data/KolmogorovLab/HPV_Dean_Collab/nano_nf_runs/SNU682/sv_cna_v2/wakhan/3.57_0.98_0.87/vcf_output/SNU682_3.57_0.98_0.87_wakhan_cna_integers.vcf	/data/KolmogorovLab/HPV_Dean_Collab/nano_nf_runs/SNU682/sv_cna_v2/severus/somatic_SVs/severus_somatic.vcf	C1	chr2	q	170519254	174396706	170519254-174396706	6	6	5	3877453	1.5474075378863392e-06	True	4.380546456655955	3.4075444535840944	206051.75	447238.0	914431.5	False	5|4	0.6666666666666666	0.4	0	0	0	2	2	2	0	0	0	0	0	0	8			0			2	0	0.0	1	5	0	1	False				170519254	174396706				candidate_region_empty	empty_candidate_region	candidate_region	
SNU682	SNU682:chr4:52000001-64307744:2	SNU682_3.57_0.98_0.87	/data/KolmogorovLab/HPV_Dean_Collab/nano_nf_runs/SNU682/sv_cna_v2/wakhan/3.57_0.98_0.87/bed_output/SNU682_3.57_0.98_0.87	/data/KolmogorovLab/HPV_Dean_Collab/nano_nf_runs/SNU682/sv_cna_v2/wakhan/3.57_0.98_0.87/vcf_output/SNU682_3.57_0.98_0.87_wakhan_cna_integers.vcf	/data/KolmogorovLab/HPV_Dean_Collab/nano_nf_runs/SNU682/sv_cna_v2/severus/somatic_SVs/severus_somatic.vcf	C2	chr4	q	52000001	64307744	52000001-64307744	6	6	6	12307744	4.874979525085994e-07	True	4.23267399776921	3.4075444535840944	1481753.75	1687227.5	2415115.25	True	5|4	0.8333333333333334	0.8	0	0	0	1	2	3	0	0	0	0	0	0	6			0			3	1	0.0	1	0	1	1	False		noncanonicalB		52000001	64307744	chromothripsis	chromothripsis	chromothripsis:noncanonicalB	candidate_region_label	region	candidate_region	SNU682:chr4:52000001-64307744:2
SNU682	SNU682:chr11:32506388-40107226:3	SNU682_3.57_0.98_0.87	/data/KolmogorovLab/HPV_Dean_Collab/nano_nf_runs/SNU682/sv_cna_v2/wakhan/3.57_0.98_0.87/bed_output/SNU682_3.57_0.98_0.87	/data/KolmogorovLab/HPV_Dean_Collab/nano_nf_runs/SNU682/sv_cna_v2/wakhan/3.57_0.98_0.87/vcf_output/SNU682_3.57_0.98_0.87_wakhan_cna_integers.vcf	/data/KolmogorovLab/HPV_Dean_Collab/nano_nf_runs/SNU682/sv_cna_v2/severus/somatic_SVs/severus_somatic.vcf	C3	chr11	p	32506388	40107226	32506388-40107226	3	3	3	7600839	3.9469327004558313e-07	True	10.571717411722574	3.4075444535840944	1380429.5	2326345.0	3583162.5	False	13|8	0.6666666666666666	0.5	0	0	0	0	0	0	1	0	1	1	0	0	4	1.0	2.0	2	1.0	2.0	0	1	2.0	1	0	0	1	False			noncanonical	32506388	40107226	BFB	BFB	BFB:noncanonical	candidate_region_label	region	candidate_region	SNU682:chr11:32506388-40107226:3
SNU682	SNU682:chr16:78258738-83740189:4	SNU682_3.57_0.98_0.87	/data/KolmogorovLab/HPV_Dean_Collab/nano_nf_runs/SNU682/sv_cna_v2/wakhan/3.57_0.98_0.87/bed_output/SNU682_3.57_0.98_0.87	/data/KolmogorovLab/HPV_Dean_Collab/nano_nf_runs/SNU682/sv_cna_v2/wakhan/3.57_0.98_0.87/vcf_output/SNU682_3.57_0.98_0.87_wakhan_cna_integers.vcf	/data/KolmogorovLab/HPV_Dean_Collab/nano_nf_runs/SNU682/sv_cna_v2/severus/somatic_SVs/severus_somatic.vcf	C4	chr16	q	78258738	83740189	78258738-83740189	6	6	4	5481452	1.0946004817701588e-06	True	3.963101017759528	3.4075444535840944	82306.0	156357.5	225979.5	False	5|4	0.6666666666666666	0.4	0	0	0	2	2	2	0	0	0	0	0	0	7	4.0	4.0	0			4	0	1.0	2	0	0	2	False			noncanonicalB	78258738	83740189	BFB	BFB	BFB:noncanonicalB	candidate_region_label	region	candidate_region	SNU682:chr16:78258738-83740189:4
SNU682	SNU682:chr22:19000001-25858892:5	SNU682_3.57_0.98_0.87	/data/KolmogorovLab/HPV_Dean_Collab/nano_nf_runs/SNU682/sv_cna_v2/wakhan/3.57_0.98_0.87/bed_output/SNU682_3.57_0.98_0.87	/data/KolmogorovLab/HPV_Dean_Collab/nano_nf_runs/SNU682/sv_cna_v2/wakhan/3.57_0.98_0.87/vcf_output/SNU682_3.57_0.98_0.87_wakhan_cna_integers.vcf	/data/KolmogorovLab/HPV_Dean_Collab/nano_nf_runs/SNU682/sv_cna_v2/severus/somatic_SVs/severus_somatic.vcf	C5	chr22	q	19000001	25858892	19000001-25858892	5	5	5	6858892	7.289807158357356e-07	True	5.245059260300351	3.4075444535840944	234246.0	1390219.0	1990960.0	False	4|6	0.4	0.25	0	0	0	1	1	1	1	1	0	0	0	0	5	1.0	1.0	0			2	0	1.0	0	1	1	0	False			noncanonicalB	19000001	25858892	BFB	BFB	BFB:noncanonicalB	candidate_region_label	region	candidate_region	SNU682:chr22:19000001-25858892:5
SNU703	SNU703:chr8:34169414-42999999:1	SNU703_4.18_0.81_0.95	/data/KolmogorovLab/HPV_Dean_Collab/nano_nf_runs/SNU703/sv_cna_v2/wakhan/4.18_0.81_0.95/bed_output/SNU703_4.18_0.81_0.95	/data/KolmogorovLab/HPV_Dean_Collab/nano_nf_runs/SNU703/sv_cna_v2/wakhan/4.18_0.81_0.95/vcf_output/SNU703_4.18_0.81_0.95_wakhan_cna_integers.vcf	/data/KolmogorovLab/HPV_Dean_Collab/nano_nf_runs/SNU703/sv_cna_v2/severus/somatic_SVs/severus_somatic.vcf	C1	chr8	p	34169414	42999999	34169414-42999999	12	12	10	8830586	1.3589132136870644e-06	True	4.933200809096928	4.020788058315673	233131.75	390069.5	1307985.25	False	5|6	0.5	0.3636363636363636	0	0	1	0	2	3	3	2	1	0	0	0	12	10.0	10.0	0			5	2	1.0	3	1	0	3	False			noncanonicalB	34169414	42999999	BFB	BFB	BFB:noncanonicalB	candidate_region_label	region	candidate_region	SNU703:chr8:34169414-42999999:1
SNU703	SNU703:chr11:34220392-42675400:2	SNU703_4.18_0.81_0.95	/data/KolmogorovLab/HPV_Dean_Collab/nano_nf_runs/SNU703/sv_cna_v2/wakhan/4.18_0.81_0.95/bed_output/SNU703_4.18_0.81_0.95	/data/KolmogorovLab/HPV_Dean_Collab/nano_nf_runs/SNU703/sv_cna_v2/wakhan/4.18_0.81_0.95/vcf_output/SNU703_4.18_0.81_0.95_wakhan_cna_integers.vcf	/data/KolmogorovLab/HPV_Dean_Collab/nano_nf_runs/SNU703/sv_cna_v2/severus/somatic_SVs/severus_somatic.vcf	C2	chr11	p	34220392	42675400	34220392-42675400	6	6	5	8455009	7.096385113250619e-07	True	2.9901204126453327	4.020788058315673	351279.5	876913.5	1788025.75	False	3|4	0.6666666666666666	0.2	0	1	0	3	1	0	1	0	0	0	0	0	7			0			1	0	0.0	0	5	1	0	False				34220392	42675400				candidate_region_empty	empty_candidate_region	candidate_region	
SNU703	SNU703:chr12:64593784-76107212:3	SNU703_4.18_0.81_0.95	/data/KolmogorovLab/HPV_Dean_Collab/nano_nf_runs/SNU703/sv_cna_v2/wakhan/4.18_0.81_0.95/bed_output/SNU703_4.18_0.81_0.95	/data/KolmogorovLab/HPV_Dean_Collab/nano_nf_runs/SNU703/sv_cna_v2/wakhan/4.18_0.81_0.95/vcf_output/SNU703_4.18_0.81_0.95_wakhan_cna_integers.vcf	/data/KolmogorovLab/HPV_Dean_Collab/nano_nf_runs/SNU703/sv_cna_v2/severus/somatic_SVs/severus_somatic.vcf	C3	chr12	q	64593784	76107212	64593784-76107212	7	7	6	11513429	6.079856835005453e-07	True	11.148690802713944	4.020788058315673	600910.5	946518.0	2573699.0	False	16|22	0.2857142857142857	0.1666666666666666	1	0	0	1	0	1	0	0	0	3	1	0	8	1.0	1.0	0			0	0	1.0	5	2	0	5	False			noncanonicalB	64593784	76107212	BFB	BFB	BFB:noncanonicalB	candidate_region_label	region	candidate_region	SNU703:chr12:64593784-76107212:3
SNU703	SNU703:chr18:0-7107447:4	SNU703_4.18_0.81_0.95	/data/KolmogorovLab/HPV_Dean_Collab/nano_nf_runs/SNU703/sv_cna_v2/wakhan/4.18_0.81_0.95/bed_output/SNU703_4.18_0.81_0.95	/data/KolmogorovLab/HPV_Dean_Collab/nano_nf_runs/SNU703/sv_cna_v2/wakhan/4.18_0.81_0.95/vcf_output/SNU703_4.18_0.81_0.95_wakhan_cna_integers.vcf	/data/KolmogorovLab/HPV_Dean_Collab/nano_nf_runs/SNU703/sv_cna_v2/severus/somatic_SVs/severus_somatic.vcf	C4	chr18	p	0	7107447	0-7107447	14	14	12	7107448	1.969764675028224e-06	True	8.645695613953137	4.020788058315673	229058.5	278518.5	663534.0	False	8|5	0.2857142857142857	0.0769230769230769	0	0	0	1	2	2	1	1	2	4	1	0	14	1.0	4.0	0			1	3	2.0	1	5	2	1	False	noncanonical		noncanonicalB	0	7107447	Seismic_Amplification;BFB	Seismic_Amplification;BFB	Seismic_Amplification:noncanonical;BFB:noncanonicalB	candidate_region_label	region	candidate_region	SNU703:chr18:0-7107447:4
SNU902	SNU902:chr16:55273326-57412529:1	SNU902_3.38_0.89_0.95	/data/KolmogorovLab/HPV_Dean_Collab/nano_nf_runs/SNU902/sv_cna_v2/wakhan/3.38_0.89_0.95/bed_output/SNU902_3.38_0.89_0.95	/data/KolmogorovLab/HPV_Dean_Collab/nano_nf_runs/SNU902/sv_cna_v2/wakhan/3.38_0.89_0.95/vcf_output/SNU902_3.38_0.89_0.95_wakhan_cna_integers.vcf	/data/KolmogorovLab/HPV_Dean_Collab/nano_nf_runs/SNU902/sv_cna_v2/severus/somatic_SVs/severus_somatic.vcf	C1	chr16	q	55273326	57412529	55273326-57412529	2	2	1	2139204	9.349271972191524e-07	True	6.963043262821124	3.2315431357008646	554565.5	1069602.0	1584638.5	False		0.0	0.0	0	0	0	0	0	1	0	1	0	0	0	0	3	1.0	1.0	0			0	2	1.0	0	0	0	0	False			noncanonicalB	55273326	57412529	BFB	BFB	BFB:noncanonicalB	candidate_region_label	region	candidate_region	SNU902:chr16:55273326-57412529:1
SNU902	SNU902:chr19:17718043-23999999:2	SNU902_3.38_0.89_0.95	/data/KolmogorovLab/HPV_Dean_Collab/nano_nf_runs/SNU902/sv_cna_v2/wakhan/3.38_0.89_0.95/bed_output/SNU902_3.38_0.89_0.95	/data/KolmogorovLab/HPV_Dean_Collab/nano_nf_runs/SNU902/sv_cna_v2/wakhan/3.38_0.89_0.95/vcf_output/SNU902_3.38_0.89_0.95_wakhan_cna_integers.vcf	/data/KolmogorovLab/HPV_Dean_Collab/nano_nf_runs/SNU902/sv_cna_v2/severus/somatic_SVs/severus_somatic.vcf	C2	chr19	p	17718043	23999999	17718043-23999999	13	13	11	6281957	2.069418813277455e-06	True	4.513935545881641	3.2315431357008646	109704.0	201288.0	410206.0	False	5|6	0.6923076923076923	0.5	0	1	0	0	2	5	4	0	1	0	0	0	13			0			5	1	0.0	1	6	0	1	False				17718043	23999999				candidate_region_empty	empty_candidate_region	candidate_region	
SNU902	SNU902:chr21:41590199-46709983:3	SNU902_3.38_0.89_0.95	/data/KolmogorovLab/HPV_Dean_Collab/nano_nf_runs/SNU902/sv_cna_v2/wakhan/3.38_0.89_0.95/bed_output/SNU902_3.38_0.89_0.95	/data/KolmogorovLab/HPV_Dean_Collab/nano_nf_runs/SNU902/sv_cna_v2/wakhan/3.38_0.89_0.95/vcf_output/SNU902_3.38_0.89_0.95_wakhan_cna_integers.vcf	/data/KolmogorovLab/HPV_Dean_Collab/nano_nf_runs/SNU902/sv_cna_v2/severus/somatic_SVs/severus_somatic.vcf	C3	chr21	q	41590199	46709983	41590199-46709983	7	7	5	5119785	1.3672449136047705e-06	True	4.040846441793943	3.2315431357008646	92992.5	179379.0	1422781.0	False	4|5	0.7142857142857143	0.5	0	0	2	0	3	2	0	0	0	0	0	0	6			0			0	2	0.0	0	4	0	0	False		noncanonicalB		41590199	46709983	chromothripsis	chromothripsis	chromothripsis:noncanonicalB	candidate_region_label	region	candidate_region	SNU902:chr21:41590199-46709983:3
SUIT	SUIT:chr3:55637719-60664161:1	SUIT_3.7_0.89_0.96	/data/KolmogorovLab/HPV_Dean_Collab/nano_nf_runs/SUIT/sv_cna_v2/wakhan/3.7_0.89_0.96/bed_output/SUIT_3.7_0.89_0.96	/data/KolmogorovLab/HPV_Dean_Collab/nano_nf_runs/SUIT/sv_cna_v2/wakhan/3.7_0.89_0.96/vcf_output/SUIT_3.7_0.89_0.96_wakhan_cna_integers.vcf	/data/KolmogorovLab/HPV_Dean_Collab/nano_nf_runs/SUIT/sv_cna_v2/severus/somatic_SVs/severus_somatic.vcf	C1	chr3	p	55637719	60664161	55637719-60664161	9	9	4	5026443	1.79053059986953e-06	True	4.087246786644154	3.545978784447505	52309.0	89909.0	116125.0	False	4|3	0.4444444444444444	0.25	0	1	2	2	2	1	1	0	0	0	0	0	10			0			6	1	0.0	0	2	1	0	False		noncanonical		55637719	60664161	chromothripsis	chromothripsis	chromothripsis:noncanonical	candidate_region_label	region	candidate_region	SUIT:chr3:55637719-60664161:1
SUIT	SUIT:chr6:156864594-162608624:2	SUIT_3.7_0.89_0.96	/data/KolmogorovLab/HPV_Dean_Collab/nano_nf_runs/SUIT/sv_cna_v2/wakhan/3.7_0.89_0.96/bed_output/SUIT_3.7_0.89_0.96	/data/KolmogorovLab/HPV_Dean_Collab/nano_nf_runs/SUIT/sv_cna_v2/wakhan/3.7_0.89_0.96/vcf_output/SUIT_3.7_0.89_0.96_wakhan_cna_integers.vcf	/data/KolmogorovLab/HPV_Dean_Collab/nano_nf_runs/SUIT/sv_cna_v2/severus/somatic_SVs/severus_somatic.vcf	C2	chr6	q	156864594	162608624	156864594-162608624	4	4	4	5744031	6.963750717919176e-07	True	2.63993073853536	3.545978784447505	322784.75	378176.5	1491399.5	False	2|3	0.5	0.3333333333333333	1	1	1	1	0	0	0	0	0	0	0	0	5			0			4	0	0.0	1	0	0	1	False				156864594	162608624				candidate_region_empty	empty_candidate_region	candidate_region	
SUIT	SUIT:chr8:32759576-34984208:3	SUIT_3.7_0.89_0.96	/data/KolmogorovLab/HPV_Dean_Collab/nano_nf_runs/SUIT/sv_cna_v2/wakhan/3.7_0.89_0.96/bed_output/SUIT_3.7_0.89_0.96	/data/KolmogorovLab/HPV_Dean_Collab/nano_nf_runs/SUIT/sv_cna_v2/wakhan/3.7_0.89_0.96/vcf_output/SUIT_3.7_0.89_0.96_wakhan_cna_integers.vcf	/data/KolmogorovLab/HPV_Dean_Collab/nano_nf_runs/SUIT/sv_cna_v2/severus/somatic_SVs/severus_somatic.vcf	C3	chr8	p	32759576	34984208	32759576-34984208	5	5	4	2224633	2.24756173265433e-06	True	9.348827874080804	3.545978784447505	200069.0	372837.0	606784.0	False	14|10	0.4	0.25	0	0	0	0	0	0	1	1	1	2	0	0	6	1.0	2.0	1	2.0	2.0	0	0	2.0	0	4	0	0	False	canonical		noncanonicalB	32759576	34984208	Seismic_Amplification;BFB	Seismic_Amplification;BFB	Seismic_Amplification:canonical;BFB:noncanonicalB	candidate_region_label	region	candidate_region	SUIT:chr8:32759576-34984208:3
SUIT	SUIT:chr12:55349815-58993974:4	SUIT_3.7_0.89_0.96	/data/KolmogorovLab/HPV_Dean_Collab/nano_nf_runs/SUIT/sv_cna_v2/wakhan/3.7_0.89_0.96/bed_output/SUIT_3.7_0.89_0.96	/data/KolmogorovLab/HPV_Dean_Collab/nano_nf_runs/SUIT/sv_cna_v2/wakhan/3.7_0.89_0.96/vcf_output/SUIT_3.7_0.89_0.96_wakhan_cna_integers.vcf	/data/KolmogorovLab/HPV_Dean_Collab/nano_nf_runs/SUIT/sv_cna_v2/severus/somatic_SVs/severus_somatic.vcf	C4	chr12	q	55349815	58993974	55349815-58993974	4	4	3	3644160	1.0976466455918511e-06	True	7.42913977432385	3.545978784447505	797207.0	1164993.5	1278826.5	False	6|7	0.75	0.3333333333333333	0	0	0	0	0	0	2	1	1	0	0	0	5	4.0	4.0	1	4.0	4.0	0	0	1.0	3	1	0	3	False			noncanonicalB	55349815	58993974	BFB	BFB	BFB:noncanonicalB	candidate_region_label	region	candidate_region	SUIT:chr12:55349815-58993974:4
SUIT	SUIT:chr17:52259302-64570686:5	SUIT_3.7_0.89_0.96	/data/KolmogorovLab/HPV_Dean_Collab/nano_nf_runs/SUIT/sv_cna_v2/wakhan/3.7_0.89_0.96/bed_output/SUIT_3.7_0.89_0.96	/data/KolmogorovLab/HPV_Dean_Collab/nano_nf_runs/SUIT/sv_cna_v2/wakhan/3.7_0.89_0.96/vcf_output/SUIT_3.7_0.89_0.96_wakhan_cna_integers.vcf	/data/KolmogorovLab/HPV_Dean_Collab/nano_nf_runs/SUIT/sv_cna_v2/severus/somatic_SVs/severus_somatic.vcf	C5	chr17	q	52259302	64570686	52259302-64570686	9	9	8	12311385	7.310306679549052e-07	True	2.921990661489345	3.545978784447505	300630.0	866941.0	1654271.0	False	6|5	0.5555555555555556	0.25	1	1	0	1	1	2	3	0	0	0	0	0	11			0			0	0	0.0	1	9	1	1	False				52259302	64570686				candidate_region_empty	empty_candidate_region	candidate_region	
ScaBER	ScaBER:chr1:91117935-109646786:1	ScaBER_2.96_0.85_0.92	/data/KolmogorovLab/HPV_Dean_Collab/nano_nf_runs/ScaBER/sv_cna_v2/wakhan/2.96_0.85_0.92/bed_output/ScaBER_2.96_0.85_0.92	/data/KolmogorovLab/HPV_Dean_Collab/nano_nf_runs/ScaBER/sv_cna_v2/wakhan/2.96_0.85_0.92/vcf_output/ScaBER_2.96_0.85_0.92_wakhan_cna_integers.vcf	/data/KolmogorovLab/HPV_Dean_Collab/nano_nf_runs/ScaBER/sv_cna_v2/severus/somatic_SVs/severus_somatic.vcf	C1	chr1	p	91117935	109646786	91117935-109646786	10	10	9	18528852	5.396988437276093e-07	True	7.677325772800171	2.836976197535525	317867.0	1607880.5	2866960.75	False	7|5	0.4	0.0	0	1	0	0	1	2	1	2	2	1	0	0	11	2.0	11.0	2	4.0	11.0	2	0	6.0	3	0	0	3	False			noncanonical	91117935	109646786	BFB	BFB	BFB:noncanonical	candidate_region_label	region	candidate_region	ScaBER:chr1:91117935-109646786:1
ScaBER	ScaBER:chr3:10270628-18985001:2	ScaBER_2.96_0.85_0.92	/data/KolmogorovLab/HPV_Dean_Collab/nano_nf_runs/ScaBER/sv_cna_v2/wakhan/2.96_0.85_0.92/bed_output/ScaBER_2.96_0.85_0.92	/data/KolmogorovLab/HPV_Dean_Collab/nano_nf_runs/ScaBER/sv_cna_v2/wakhan/2.96_0.85_0.92/vcf_output/ScaBER_2.96_0.85_0.92_wakhan_cna_integers.vcf	/data/KolmogorovLab/HPV_Dean_Collab/nano_nf_runs/ScaBER/sv_cna_v2/severus/somatic_SVs/severus_somatic.vcf	C2	chr3	p	10270628	18985001	10270628-18985001	6	6	5	8714374	6.885176146903954e-07	True	3.4973379613957354	2.836976197535525	534961.75	1081528.0	2564011.0	False	5|3	0.6666666666666666	0.4	0	0	0	2	2	2	0	0	0	0	0	0	7			0			1	1	0.0	3	2	0	3	False		noncanonical		10270628	18985001	chromothripsis	chromothripsis	chromothripsis:noncanonical	candidate_region_label	region	candidate_region	ScaBER:chr3:10270628-18985001:2
ScaBER	ScaBER:chr9:9094848-15433422:3	ScaBER_2.96_0.85_0.92	/data/KolmogorovLab/HPV_Dean_Collab/nano_nf_runs/ScaBER/sv_cna_v2/wakhan/2.96_0.85_0.92/bed_output/ScaBER_2.96_0.85_0.92	/data/KolmogorovLab/HPV_Dean_Collab/nano_nf_runs/ScaBER/sv_cna_v2/wakhan/2.96_0.85_0.92/vcf_output/ScaBER_2.96_0.85_0.92_wakhan_cna_integers.vcf	/data/KolmogorovLab/HPV_Dean_Collab/nano_nf_runs/ScaBER/sv_cna_v2/severus/somatic_SVs/severus_somatic.vcf	C3	chr9	p	9094848	15433422	9094848-15433422	6	6	6	6338575	9.465849974166116e-07	True	1.9149285131121745	2.836976197535525	385353.5	617319.0	788321.5	True	1|2	0.8333333333333334	0.6	0	3	2	1	0	0	0	0	0	0	0	0	7			0			5	0	0.0	0	2	0	0	False		noncanonicalB		9094848	15433422	chromothripsis	chromothripsis	chromothripsis:noncanonicalB	candidate_region_label	region	candidate_region	ScaBER:chr9:9094848-15433422:3
ScaBER	ScaBER:chr11:100583104-104021457:4	ScaBER_2.96_0.85_0.92	/data/KolmogorovLab/HPV_Dean_Collab/nano_nf_runs/ScaBER/sv_cna_v2/wakhan/2.96_0.85_0.92/bed_output/ScaBER_2.96_0.85_0.92	/data/KolmogorovLab/HPV_Dean_Collab/nano_nf_runs/ScaBER/sv_cna_v2/wakhan/2.96_0.85_0.92/vcf_output/ScaBER_2.96_0.85_0.92_wakhan_cna_integers.vcf	/data/KolmogorovLab/HPV_Dean_Collab/nano_nf_runs/ScaBER/sv_cna_v2/severus/somatic_SVs/severus_somatic.vcf	C4	chr11	q	100583104	104021457	100583104-104021457	1	1	1	3438354	2.9083683646302854e-07	True	10.0	2.836976197535525	3438354.0	3438354.0	3438354.0	False		0.0	0.0	0	0	0	0	0	0	0	0	1	0	0	0	2	1.0	1.0	0			0	0	1.0	1	0	0	1	False			noncanonicalB	100583104	104021457	BFB	BFB	BFB:noncanonicalB	candidate_region_label	region	candidate_region	ScaBER:chr11:100583104-104021457:4
ZR7530	ZR7530:chr6:100115301-111370648:1	ZR7530_1.88_0.45_0.99	/vf/users/KolmogorovLab/HPV_Dean_Collab/nano_nf_runs/ZR7530/sv_cna_v2/wakhan/1.88_0.45_0.99/bed_output/ZR7530_1.88_0.45_0.99	/vf/users/KolmogorovLab/HPV_Dean_Collab/nano_nf_runs/ZR7530/sv_cna_v2/wakhan/1.88_0.45_0.99/vcf_output/ZR7530_1.88_0.45_0.99_wakhan_cna_integers.vcf	/data/KolmogorovLab/HPV_Dean_Collab/nano_nf_runs/ZR7530/sv_cna_v2/severus/somatic_SVs/severus_somatic.vcf	C1	chr6	q	100115301	111370648	100115301-111370648	6	6	6	11255348	5.330799189860678e-07	True	2.1800890563312656	1.7999142760270952	1074493.5	1644923.5	2551063.25	True	2|3	0.8333333333333334	0.6	0	1	3	2	0	0	0	0	0	0	0	0	7			0			0	2	0.0	3	2	0	3	False		noncanonicalB		100115301	111370648	chromothripsis	chromothripsis	chromothripsis:noncanonicalB	candidate_region_label	region	candidate_region	ZR7530:chr6:100115301-111370648:1
ZR7530	ZR7530:chr8:47000001-72913724:2	ZR7530_1.88_0.45_0.99	/vf/users/KolmogorovLab/HPV_Dean_Collab/nano_nf_runs/ZR7530/sv_cna_v2/wakhan/1.88_0.45_0.99/bed_output/ZR7530_1.88_0.45_0.99	/vf/users/KolmogorovLab/HPV_Dean_Collab/nano_nf_runs/ZR7530/sv_cna_v2/wakhan/1.88_0.45_0.99/vcf_output/ZR7530_1.88_0.45_0.99_wakhan_cna_integers.vcf	/data/KolmogorovLab/HPV_Dean_Collab/nano_nf_runs/ZR7530/sv_cna_v2/severus/somatic_SVs/severus_somatic.vcf	C2	chr8	q	47000001	72913724	47000001-72913724	25	26	18	25913724	1.0033293555183349e-06	True	1.93787870859472	1.7999142760270952	57872.0	152615.0	1142030.5	False	1|2	0.3461538461538461	0.16	3	5	4	4	4	1	1	0	0	4	0	0	30			0			6	7	0.0	4	13	0	4	True	noncanonical		noncanonicalB	47000001	72913724	ecDNA;Seismic_Amplification;BFB	ecDNA;Seismic_Amplification;BFB	ecDNA;Seismic_Amplification:noncanonical;BFB:noncanonicalB	candidate_region_label	region	candidate_region	ZR7530:chr8:47000001-72913724:2
ZR7530	ZR7530:chr8:84292564-145138636:3	ZR7530_1.88_0.45_0.99	/vf/users/KolmogorovLab/HPV_Dean_Collab/nano_nf_runs/ZR7530/sv_cna_v2/wakhan/1.88_0.45_0.99/bed_output/ZR7530_1.88_0.45_0.99	/vf/users/KolmogorovLab/HPV_Dean_Collab/nano_nf_runs/ZR7530/sv_cna_v2/wakhan/1.88_0.45_0.99/vcf_output/ZR7530_1.88_0.45_0.99_wakhan_cna_integers.vcf	/data/KolmogorovLab/HPV_Dean_Collab/nano_nf_runs/ZR7530/sv_cna_v2/severus/somatic_SVs/severus_somatic.vcf	C2	chr8	q	84292564	145138636	84292564-145138636	100	100	75	60846073	1.6434914378122643e-06	True	8.307437375621594	1.7999142760270952	100427.5	198391.0	476154.75	False	13|5	0.15	0.0	6	5	2	3	6	7	5	5	11	33	17	0	104	31.0	61.0	0			22	11	3.0	33	34	1	33	True	noncanonical		noncanonicalB	84292564	145138636	ecDNA;Seismic_Amplification;BFB	ecDNA;Seismic_Amplification;BFB	ecDNA;Seismic_Amplification:noncanonical;BFB:noncanonicalB	candidate_region_label	region	candidate_region	ZR7530:chr8:84292564-145138636:3
ZR7530	ZR7530:chr17:28000001-31100863:4	ZR7530_1.88_0.45_0.99	/vf/users/KolmogorovLab/HPV_Dean_Collab/nano_nf_runs/ZR7530/sv_cna_v2/wakhan/1.88_0.45_0.99/bed_output/ZR7530_1.88_0.45_0.99	/vf/users/KolmogorovLab/HPV_Dean_Collab/nano_nf_runs/ZR7530/sv_cna_v2/wakhan/1.88_0.45_0.99/vcf_output/ZR7530_1.88_0.45_0.99_wakhan_cna_integers.vcf	/data/KolmogorovLab/HPV_Dean_Collab/nano_nf_runs/ZR7530/sv_cna_v2/severus/somatic_SVs/severus_somatic.vcf	C2	chr17	q	28000001	31100863	28000001-31100863	6	6	5	3100863	1.9349452071890955e-06	True	1.4147555051609826	1.7999142760270952	287644.75	337553.5	385744.75	False	0|1	0.6666666666666666	0.4	2	2	0	0	0	1	1	0	0	0	0	0	6			0			1	2	0.0	2	1	0	2	True	noncanonical		noncanonicalB	28000001	31100863	ecDNA;Seismic_Amplification;BFB	ecDNA;Seismic_Amplification;BFB	ecDNA;Seismic_Amplification:noncanonical;BFB:noncanonicalB	candidate_region_label	region	candidate_region	ZR7530:chr17:28000001-31100863:4
ZR7530	ZR7530:chr17:48045677-68434855:5	ZR7530_1.88_0.45_0.99	/vf/users/KolmogorovLab/HPV_Dean_Collab/nano_nf_runs/ZR7530/sv_cna_v2/wakhan/1.88_0.45_0.99/bed_output/ZR7530_1.88_0.45_0.99	/vf/users/KolmogorovLab/HPV_Dean_Collab/nano_nf_runs/ZR7530/sv_cna_v2/wakhan/1.88_0.45_0.99/vcf_output/ZR7530_1.88_0.45_0.99_wakhan_cna_integers.vcf	/data/KolmogorovLab/HPV_Dean_Collab/nano_nf_runs/ZR7530/sv_cna_v2/severus/somatic_SVs/severus_somatic.vcf	C2	chr17	q	48045677	68434855	48045677-68434855	46	46	28	20389179	2.2560986884268366e-06	True	5.165704710326983	1.7999142760270952	66324.0	169390.0	631841.25	False	0|2	0.3043478260869565	0.1111111111111111	7	1	7	6	6	1	1	2	3	4	2	6	49	12.0	32.0	1	12.0	12.0	4	3	3.0	24	14	1	24	True	noncanonical		noncanonicalB	48045677	68434855	ecDNA;Seismic_Amplification;BFB	ecDNA;Seismic_Amplification;BFB	ecDNA;Seismic_Amplification:noncanonical;BFB:noncanonicalB	candidate_region_label	region	candidate_region	ZR7530:chr17:48045677-68434855:5
SCC152	SCC152:chr1:24012196-25424062:1	SCC152_1.11_0.36_0.98	/vf/users/KolmogorovLab/HPV_Dean_Collab/nano_nf_runs/SCC152/sv_cna_v2/wakhan/1.11_0.36_0.98/bed_output/SCC152_1.11_0.36_0.98	/vf/users/KolmogorovLab/HPV_Dean_Collab/nano_nf_runs/SCC152/sv_cna_v2/wakhan/1.11_0.36_0.98/vcf_output/SCC152_1.11_0.36_0.98_wakhan_cna_integers.vcf	/data/KolmogorovLab/HPV_Dean_Collab/nano_nf_runs/SCC152/sv_cna_v2/severus/somatic_SVs/severus_somatic.vcf	C1	chr1	p	24012196	25424062	24012196-25424062	2	2	2	1411867	1.41656402479837e-06	True	3.222059159963368	1.0693480283304777	431346.25	705933.5	980520.75	False		0.0	0.0	0	0	0	1	0	1	0	0	0	0	0	0	3			0			0	2		0	1	0	0	False				24012196	25424062				candidate_region_empty	empty_candidate_region	candidate_region	
SCC152	SCC152:chr1:170918867-171357168:2	SCC152_1.11_0.36_0.98	/vf/users/KolmogorovLab/HPV_Dean_Collab/nano_nf_runs/SCC152/sv_cna_v2/wakhan/1.11_0.36_0.98/bed_output/SCC152_1.11_0.36_0.98	/vf/users/KolmogorovLab/HPV_Dean_Collab/nano_nf_runs/SCC152/sv_cna_v2/wakhan/1.11_0.36_0.98/vcf_output/SCC152_1.11_0.36_0.98_wakhan_cna_integers.vcf	/data/KolmogorovLab/HPV_Dean_Collab/nano_nf_runs/SCC152/sv_cna_v2/severus/somatic_SVs/severus_somatic.vcf	C2	chr1	q	170918867	171357168	170918867-171357168	2	2	1	438302	4.563063823573701e-06	True	6.186255139150632	1.0693480283304777	129984.5	219151.0	308317.5	False		0.0	0.0	0	0	0	0	0	0	1	0	1	0	0	0	3			0			1	2		0	0	0	0	False				170918867	171357168				candidate_region_empty	empty_candidate_region	candidate_region	
SCC152	SCC152:chr1:232257800-232382315:3	SCC152_1.11_0.36_0.98	/vf/users/KolmogorovLab/HPV_Dean_Collab/nano_nf_runs/SCC152/sv_cna_v2/wakhan/1.11_0.36_0.98/bed_output/SCC152_1.11_0.36_0.98	/vf/users/KolmogorovLab/HPV_Dean_Collab/nano_nf_runs/SCC152/sv_cna_v2/wakhan/1.11_0.36_0.98/vcf_output/SCC152_1.11_0.36_0.98_wakhan_cna_integers.vcf	/data/KolmogorovLab/HPV_Dean_Collab/nano_nf_runs/SCC152/sv_cna_v2/severus/somatic_SVs/severus_somatic.vcf	C3	chr1	q	232257800	232382315	232257800-232382315	1	1	1	124516	8.03109640528125e-06	True	8.0	1.0693480283304777	124516.0	124516.0	124516.0	False		0.0	0.0	0	0	0	0	0	0	0	0	1	0	0	0	2			0			0	2		0	0	0	0	False				232257800	232382315				candidate_region_empty	empty_candidate_region	candidate_region	
SCC152	SCC152:chr1:248950002-248956422:4	SCC152_1.11_0.36_0.98	/vf/users/KolmogorovLab/HPV_Dean_Collab/nano_nf_runs/SCC152/sv_cna_v2/wakhan/1.11_0.36_0.98/bed_output/SCC152_1.11_0.36_0.98	/vf/users/KolmogorovLab/HPV_Dean_Collab/nano_nf_runs/SCC152/sv_cna_v2/wakhan/1.11_0.36_0.98/vcf_output/SCC152_1.11_0.36_0.98_wakhan_cna_integers.vcf	/data/KolmogorovLab/HPV_Dean_Collab/nano_nf_runs/SCC152/sv_cna_v2/severus/somatic_SVs/severus_somatic.vcf	C4	chr1	q	248950002	248956422	248950002-248956422	1	1	0	6421	0.000155738981467	True	2.0	1.0693480283304777	6421.0	6421.0	6421.0	False		0.0	0.0	0	0	1	0	0	0	0	0	0	0	0	0	0			0			0	0		0	0	0	0	False				248950002	248956422				candidate_region_empty	empty_candidate_region	candidate_region	
SCC152	SCC152:chr2:42133920-43274065:5	SCC152_1.11_0.36_0.98	/vf/users/KolmogorovLab/HPV_Dean_Collab/nano_nf_runs/SCC152/sv_cna_v2/wakhan/1.11_0.36_0.98/bed_output/SCC152_1.11_0.36_0.98	/vf/users/KolmogorovLab/HPV_Dean_Collab/nano_nf_runs/SCC152/sv_cna_v2/wakhan/1.11_0.36_0.98/vcf_output/SCC152_1.11_0.36_0.98_wakhan_cna_integers.vcf	/data/KolmogorovLab/HPV_Dean_Collab/nano_nf_runs/SCC152/sv_cna_v2/severus/somatic_SVs/severus_somatic.vcf	C5	chr2	p	42133920	43274065	42133920-43274065	1	1	1	1140146	8.770806545828341e-07	True	0.0	1.0693480283304777	1140146.0	1140146.0	1140146.0	False		0.0	0.0	1	0	0	0	0	0	0	0	0	0	0	0	2			0			2	0		0	0	0	0	False				42133920	43274065				candidate_region_empty	empty_candidate_region	candidate_region	
SCC152	SCC152:chr2:141129231-141364775:6	SCC152_1.11_0.36_0.98	/vf/users/KolmogorovLab/HPV_Dean_Collab/nano_nf_runs/SCC152/sv_cna_v2/wakhan/1.11_0.36_0.98/bed_output/SCC152_1.11_0.36_0.98	/vf/users/KolmogorovLab/HPV_Dean_Collab/nano_nf_runs/SCC152/sv_cna_v2/wakhan/1.11_0.36_0.98/vcf_output/SCC152_1.11_0.36_0.98_wakhan_cna_integers.vcf	/data/KolmogorovLab/HPV_Dean_Collab/nano_nf_runs/SCC152/sv_cna_v2/severus/somatic_SVs/severus_somatic.vcf	C6	chr2	q	141129231	141364775	141129231-141364775	1	1	1	235545	4.245473264132119e-06	True	0.0	1.0693480283304777	235545.0	235545.0	235545.0	False		0.0	0.0	1	0	0	0	0	0	0	0	0	0	0	0	2			0			2	0		0	0	0	0	False				141129231	141364775				candidate_region_empty	empty_candidate_region	candidate_region	
SCC152	SCC152:chr2:242150002-242193529:7	SCC152_1.11_0.36_0.98	/vf/users/KolmogorovLab/HPV_Dean_Collab/nano_nf_runs/SCC152/sv_cna_v2/wakhan/1.11_0.36_0.98/bed_output/SCC152_1.11_0.36_0.98	/vf/users/KolmogorovLab/HPV_Dean_Collab/nano_nf_runs/SCC152/sv_cna_v2/wakhan/1.11_0.36_0.98/vcf_output/SCC152_1.11_0.36_0.98_wakhan_cna_integers.vcf	/data/KolmogorovLab/HPV_Dean_Collab/nano_nf_runs/SCC152/sv_cna_v2/severus/somatic_SVs/severus_somatic.vcf	C7	chr2	q	242150002	242193529	242150002-242193529	1	1	0	43528	2.297371806653189e-05	True	2.0	1.0693480283304777	43528.0	43528.0	43528.0	False		0.0	0.0	0	0	1	0	0	0	0	0	0	0	0	0	0			0			0	0		0	0	0	0	False				242150002	242193529				candidate_region_empty	empty_candidate_region	candidate_region	
SCC152	SCC152:chr3:47192082-47216096:8	SCC152_1.11_0.36_0.98	/vf/users/KolmogorovLab/HPV_Dean_Collab/nano_nf_runs/SCC152/sv_cna_v2/wakhan/1.11_0.36_0.98/bed_output/SCC152_1.11_0.36_0.98	/vf/users/KolmogorovLab/HPV_Dean_Collab/nano_nf_runs/SCC152/sv_cna_v2/wakhan/1.11_0.36_0.98/vcf_output/SCC152_1.11_0.36_0.98_wakhan_cna_integers.vcf	/data/KolmogorovLab/HPV_Dean_Collab/nano_nf_runs/SCC152/sv_cna_v2/severus/somatic_SVs/severus_somatic.vcf	C8	chr3	p	47192082	47216096	47192082-47216096	1	1	0	24015	4.164064126587549e-05	True	2.0	1.0693480283304777	24015.0	24015.0	24015.0	False		0.0	0.0	0	0	1	0	0	0	0	0	0	0	0	0	2			0			0	2		0	0	0	0	False				47192082	47216096				candidate_region_empty	empty_candidate_region	candidate_region	
SCC152	SCC152:chr3:82230375-82350839:9	SCC152_1.11_0.36_0.98	/vf/users/KolmogorovLab/HPV_Dean_Collab/nano_nf_runs/SCC152/sv_cna_v2/wakhan/1.11_0.36_0.98/bed_output/SCC152_1.11_0.36_0.98	/vf/users/KolmogorovLab/HPV_Dean_Collab/nano_nf_runs/SCC152/sv_cna_v2/wakhan/1.11_0.36_0.98/vcf_output/SCC152_1.11_0.36_0.98_wakhan_cna_integers.vcf	/data/KolmogorovLab/HPV_Dean_Collab/nano_nf_runs/SCC152/sv_cna_v2/severus/somatic_SVs/severus_somatic.vcf	C9	chr3	p	82230375	82350839	82230375-82350839	1	1	1	120465	8.301166313867098e-06	True	3.0	1.0693480283304777	120465.0	120465.0	120465.0	False		0.0	0.0	0	0	0	1	0	0	0	0	0	0	0	0	2			0			0	0		0	2	0	0	False				82230375	82350839				candidate_region_empty	empty_candidate_region	candidate_region	
SCC152	SCC152:chr3:141240288-142026013:10	SCC152_1.11_0.36_0.98	/vf/users/KolmogorovLab/HPV_Dean_Collab/nano_nf_runs/SCC152/sv_cna_v2/wakhan/1.11_0.36_0.98/bed_output/SCC152_1.11_0.36_0.98	/vf/users/KolmogorovLab/HPV_Dean_Collab/nano_nf_runs/SCC152/sv_cna_v2/wakhan/1.11_0.36_0.98/vcf_output/SCC152_1.11_0.36_0.98_wakhan_cna_integers.vcf	/data/KolmogorovLab/HPV_Dean_Collab/nano_nf_runs/SCC152/sv_cna_v2/severus/somatic_SVs/severus_somatic.vcf	C10	chr3	q	141240288	142026013	141240288-142026013	3	3	3	785726	3.81812489341068e-06	True	3.704969671361263	1.0693480283304777	212536.5	268524.0	314588.5	True	6|1	1.0	1.0	0	1	0	0	0	0	2	0	0	0	0	0	4			0			0	4		0	0	0	0	False				141240288	142026013				candidate_region_empty	empty_candidate_region	candidate_region	
SCC152	SCC152:chr3:154744644-159753451:11	SCC152_1.11_0.36_0.98	/vf/users/KolmogorovLab/HPV_Dean_Collab/nano_nf_runs/SCC152/sv_cna_v2/wakhan/1.11_0.36_0.98/bed_output/SCC152_1.11_0.36_0.98	/vf/users/KolmogorovLab/HPV_Dean_Collab/nano_nf_runs/SCC152/sv_cna_v2/wakhan/1.11_0.36_0.98/vcf_output/SCC152_1.11_0.36_0.98_wakhan_cna_integers.vcf	/data/KolmogorovLab/HPV_Dean_Collab/nano_nf_runs/SCC152/sv_cna_v2/severus/somatic_SVs/severus_somatic.vcf	C11	chr3	q	154744644	159753451	154744644-159753451	2	2	1	5008808	3.9929659911100603e-07	True	9.026566799925252	1.0693480283304777	1268835.5	2504404.0	3739972.5	False		0.0	0.0	0	0	0	0	0	0	0	0	1	1	0	0	3			0			0	0		1	0	2	1	True				154744644	159753451	ecDNA	ecDNA	ecDNA	candidate_region_label	region	candidate_region	SCC152:chr3:154744644-159753451:11
SCC152	SCC152:chr3:195744134-198295559:12	SCC152_1.11_0.36_0.98	/vf/users/KolmogorovLab/HPV_Dean_Collab/nano_nf_runs/SCC152/sv_cna_v2/wakhan/1.11_0.36_0.98/bed_output/SCC152_1.11_0.36_0.98	/vf/users/KolmogorovLab/HPV_Dean_Collab/nano_nf_runs/SCC152/sv_cna_v2/wakhan/1.11_0.36_0.98/vcf_output/SCC152_1.11_0.36_0.98_wakhan_cna_integers.vcf	/data/KolmogorovLab/HPV_Dean_Collab/nano_nf_runs/SCC152/sv_cna_v2/severus/somatic_SVs/severus_somatic.vcf	C12	chr3	q	195744134	198295559	195744134-198295559	2	2	1	2551426	7.838753700871591e-07	True	10.839296926503062	1.0693480283304777	660635.5	1275713.0	1890790.5	False		0.0	0.0	0	0	1	0	0	0	0	0	0	1	0	0	1			0			0	0		0	0	1	0	True				195744134	198295559	ecDNA	ecDNA	ecDNA	candidate_region_label	region	candidate_region	SCC152:chr3:195744134-198295559:12
SCC152	SCC152:chr4:190200002-190214555:13	SCC152_1.11_0.36_0.98	/vf/users/KolmogorovLab/HPV_Dean_Collab/nano_nf_runs/SCC152/sv_cna_v2/wakhan/1.11_0.36_0.98/bed_output/SCC152_1.11_0.36_0.98	/vf/users/KolmogorovLab/HPV_Dean_Collab/nano_nf_runs/SCC152/sv_cna_v2/wakhan/1.11_0.36_0.98/vcf_output/SCC152_1.11_0.36_0.98_wakhan_cna_integers.vcf	/data/KolmogorovLab/HPV_Dean_Collab/nano_nf_runs/SCC152/sv_cna_v2/severus/somatic_SVs/severus_somatic.vcf	C13	chr4	q	190200002	190214555	190200002-190214555	1	1	0	14554	6.87096330905593e-05	True	2.0	1.0693480283304777	14554.0	14554.0	14554.0	False		0.0	0.0	0	0	1	0	0	0	0	0	0	0	0	0	0			0			0	0		0	0	0	0	False				190200002	190214555				candidate_region_empty	empty_candidate_region	candidate_region	
SCC152	SCC152:chr5:29509639-36022279:14	SCC152_1.11_0.36_0.98	/vf/users/KolmogorovLab/HPV_Dean_Collab/nano_nf_runs/SCC152/sv_cna_v2/wakhan/1.11_0.36_0.98/bed_output/SCC152_1.11_0.36_0.98	/vf/users/KolmogorovLab/HPV_Dean_Collab/nano_nf_runs/SCC152/sv_cna_v2/wakhan/1.11_0.36_0.98/vcf_output/SCC152_1.11_0.36_0.98_wakhan_cna_integers.vcf	/data/KolmogorovLab/HPV_Dean_Collab/nano_nf_runs/SCC152/sv_cna_v2/severus/somatic_SVs/severus_somatic.vcf	C14	chr5	p	29509639	36022279	29509639-36022279	2	3	2	6512641	4.6064261794869394e-07	True	2.9948956191505105	1.0693480283304777	127999.5	159585.0	3208113.5	False	4|3	0.6666666666666666	0.5	0	1	0	1	1	0	0	0	0	0	0	0	4			0			4	0		0	0	0	0	False				29509639	36022279				candidate_region_empty	empty_candidate_region	candidate_region	
SCC152	SCC152:chr5:71095378-75128425:15	SCC152_1.11_0.36_0.98	/vf/users/KolmogorovLab/HPV_Dean_Collab/nano_nf_runs/SCC152/sv_cna_v2/wakhan/1.11_0.36_0.98/bed_output/SCC152_1.11_0.36_0.98	/vf/users/KolmogorovLab/HPV_Dean_Collab/nano_nf_runs/SCC152/sv_cna_v2/wakhan/1.11_0.36_0.98/vcf_output/SCC152_1.11_0.36_0.98_wakhan_cna_integers.vcf	/data/KolmogorovLab/HPV_Dean_Collab/nano_nf_runs/SCC152/sv_cna_v2/severus/somatic_SVs/severus_somatic.vcf	C15	chr5	q	71095378	75128425	71095378-75128425	1	1	1	4033048	2.4795142532397335e-07	True	1.0	1.0693480283304777	4033048.0	4033048.0	4033048.0	False		0.0	0.0	0	1	0	0	0	0	0	0	0	0	0	0	2			0			0	0		1	0	1	1	False				71095378	75128425				candidate_region_empty	empty_candidate_region	candidate_region	
SCC152	SCC152:chr6:0-2269575:16	SCC152_1.11_0.36_0.98	/vf/users/KolmogorovLab/HPV_Dean_Collab/nano_nf_runs/SCC152/sv_cna_v2/wakhan/1.11_0.36_0.98/bed_output/SCC152_1.11_0.36_0.98	/vf/users/KolmogorovLab/HPV_Dean_Collab/nano_nf_runs/SCC152/sv_cna_v2/wakhan/1.11_0.36_0.98/vcf_output/SCC152_1.11_0.36_0.98_wakhan_cna_integers.vcf	/data/KolmogorovLab/HPV_Dean_Collab/nano_nf_runs/SCC152/sv_cna_v2/severus/somatic_SVs/severus_somatic.vcf	C16	chr6	p	0	2269575	0-2269575	2	2	1	2269576	8.812218669918963e-07	True	0.0213916608212282	1.0693480283304777	579531.5	1134788.0	1690044.5	False		0.0	0.0	1	0	1	0	0	0	0	0	0	0	0	0	2			0			0	2		0	0	0	0	False				0	2269575				candidate_region_empty	empty_candidate_region	candidate_region	
SCC152	SCC152:chr6:134367044-134825955:17	SCC152_1.11_0.36_0.98	/vf/users/KolmogorovLab/HPV_Dean_Collab/nano_nf_runs/SCC152/sv_cna_v2/wakhan/1.11_0.36_0.98/bed_output/SCC152_1.11_0.36_0.98	/vf/users/KolmogorovLab/HPV_Dean_Collab/nano_nf_runs/SCC152/sv_cna_v2/wakhan/1.11_0.36_0.98/vcf_output/SCC152_1.11_0.36_0.98_wakhan_cna_integers.vcf	/data/KolmogorovLab/HPV_Dean_Collab/nano_nf_runs/SCC152/sv_cna_v2/severus/somatic_SVs/severus_somatic.vcf	C17	chr6	q	134367044	134825955	134367044-134825955	1	1	1	458912	2.179067010668712e-06	True	3.0	1.0693480283304777	458912.0	458912.0	458912.0	False		0.0	0.0	0	0	0	1	0	0	0	0	0	0	0	0	2			0			0	0		0	2	0	0	False				134367044	134825955				candidate_region_empty	empty_candidate_region	candidate_region	
SCC152	SCC152:chr6:149770978-149966871:18	SCC152_1.11_0.36_0.98	/vf/users/KolmogorovLab/HPV_Dean_Collab/nano_nf_runs/SCC152/sv_cna_v2/wakhan/1.11_0.36_0.98/bed_output/SCC152_1.11_0.36_0.98	/vf/users/KolmogorovLab/HPV_Dean_Collab/nano_nf_runs/SCC152/sv_cna_v2/wakhan/1.11_0.36_0.98/vcf_output/SCC152_1.11_0.36_0.98_wakhan_cna_integers.vcf	/data/KolmogorovLab/HPV_Dean_Collab/nano_nf_runs/SCC152/sv_cna_v2/severus/somatic_SVs/severus_somatic.vcf	C18	chr6	q	149770978	149966871	149770978-149966871	1	1	1	195894	5.104801576362727e-06	True	2.0	1.0693480283304777	195894.0	195894.0	195894.0	False		0.0	0.0	0	0	1	0	0	0	0	0	0	0	0	0	2			0			0	2		0	0	0	0	False				149770978	149966871				candidate_region_empty	empty_candidate_region	candidate_region	
SCC152	SCC152:chr6:170800002-170805979:19	SCC152_1.11_0.36_0.98	/vf/users/KolmogorovLab/HPV_Dean_Collab/nano_nf_runs/SCC152/sv_cna_v2/wakhan/1.11_0.36_0.98/bed_output/SCC152_1.11_0.36_0.98	/vf/users/KolmogorovLab/HPV_Dean_Collab/nano_nf_runs/SCC152/sv_cna_v2/wakhan/1.11_0.36_0.98/vcf_output/SCC152_1.11_0.36_0.98_wakhan_cna_integers.vcf	/data/KolmogorovLab/HPV_Dean_Collab/nano_nf_runs/SCC152/sv_cna_v2/severus/somatic_SVs/severus_somatic.vcf	C19	chr6	q	170800002	170805979	170800002-170805979	1	1	0	5978	0.0001672800267648	True	2.0	1.0693480283304777	5978.0	5978.0	5978.0	False		0.0	0.0	0	0	1	0	0	0	0	0	0	0	0	0	0			0			0	0		0	0	0	0	False				170800002	170805979				candidate_region_empty	empty_candidate_region	candidate_region	
SCC152	SCC152:chr7:159300002-159345973:20	SCC152_1.11_0.36_0.98	/vf/users/KolmogorovLab/HPV_Dean_Collab/nano_nf_runs/SCC152/sv_cna_v2/wakhan/1.11_0.36_0.98/bed_output/SCC152_1.11_0.36_0.98	/vf/users/KolmogorovLab/HPV_Dean_Collab/nano_nf_runs/SCC152/sv_cna_v2/wakhan/1.11_0.36_0.98/vcf_output/SCC152_1.11_0.36_0.98_wakhan_cna_integers.vcf	/data/KolmogorovLab/HPV_Dean_Collab/nano_nf_runs/SCC152/sv_cna_v2/severus/somatic_SVs/severus_somatic.vcf	C20	chr7	q	159300002	159345973	159300002-159345973	1	1	0	45972	2.175237100843992e-05	True	2.0	1.0693480283304777	45972.0	45972.0	45972.0	False		0.0	0.0	0	0	1	0	0	0	0	0	0	0	0	0	0			0			0	0		0	0	0	0	False				159300002	159345973				candidate_region_empty	empty_candidate_region	candidate_region	
SCC152	SCC152:chr8:145100002-145138636:21	SCC152_1.11_0.36_0.98	/vf/users/KolmogorovLab/HPV_Dean_Collab/nano_nf_runs/SCC152/sv_cna_v2/wakhan/1.11_0.36_0.98/bed_output/SCC152_1.11_0.36_0.98	/vf/users/KolmogorovLab/HPV_Dean_Collab/nano_nf_runs/SCC152/sv_cna_v2/wakhan/1.11_0.36_0.98/vcf_output/SCC152_1.11_0.36_0.98_wakhan_cna_integers.vcf	/data/KolmogorovLab/HPV_Dean_Collab/nano_nf_runs/SCC152/sv_cna_v2/severus/somatic_SVs/severus_somatic.vcf	C21	chr8	q	145100002	145138636	145100002-145138636	1	1	0	38635	2.588326646822829e-05	True	2.0	1.0693480283304777	38635.0	38635.0	38635.0	False		0.0	0.0	0	0	1	0	0	0	0	0	0	0	0	0	0			0			0	0		0	0	0	0	False				145100002	145138636				candidate_region_empty	empty_candidate_region	candidate_region	
SCC152	SCC152:chr9:97818032-97942607:22	SCC152_1.11_0.36_0.98	/vf/users/KolmogorovLab/HPV_Dean_Collab/nano_nf_runs/SCC152/sv_cna_v2/wakhan/1.11_0.36_0.98/bed_output/SCC152_1.11_0.36_0.98	/vf/users/KolmogorovLab/HPV_Dean_Collab/nano_nf_runs/SCC152/sv_cna_v2/wakhan/1.11_0.36_0.98/vcf_output/SCC152_1.11_0.36_0.98_wakhan_cna_integers.vcf	/data/KolmogorovLab/HPV_Dean_Collab/nano_nf_runs/SCC152/sv_cna_v2/severus/somatic_SVs/severus_somatic.vcf	C22	chr9	q	97818032	97942607	97818032-97942607	1	1	1	124576	8.027228358592345e-06	True	0.0	1.0693480283304777	124576.0	124576.0	124576.0	False		0.0	0.0	1	0	0	0	0	0	0	0	0	0	0	0	3			0			0	1		1	0	1	1	False				97818032	97942607				candidate_region_empty	empty_candidate_region	candidate_region	
SCC152	SCC152:chr9:108230866-108585071:23	SCC152_1.11_0.36_0.98	/vf/users/KolmogorovLab/HPV_Dean_Collab/nano_nf_runs/SCC152/sv_cna_v2/wakhan/1.11_0.36_0.98/bed_output/SCC152_1.11_0.36_0.98	/vf/users/KolmogorovLab/HPV_Dean_Collab/nano_nf_runs/SCC152/sv_cna_v2/wakhan/1.11_0.36_0.98/vcf_output/SCC152_1.11_0.36_0.98_wakhan_cna_integers.vcf	/data/KolmogorovLab/HPV_Dean_Collab/nano_nf_runs/SCC152/sv_cna_v2/severus/somatic_SVs/severus_somatic.vcf	C23	chr9	q	108230866	108585071	108230866-108585071	1	1	1	354206	2.823215868731755e-06	True	6.0	1.0693480283304777	354206.0	354206.0	354206.0	False		0.0	0.0	0	0	0	0	0	0	1	0	0	0	0	0	2			0			0	2		0	0	0	0	False				108230866	108585071				candidate_region_empty	empty_candidate_region	candidate_region	
SCC152	SCC152:chr10:61194154-61266447:24	SCC152_1.11_0.36_0.98	/vf/users/KolmogorovLab/HPV_Dean_Collab/nano_nf_runs/SCC152/sv_cna_v2/wakhan/1.11_0.36_0.98/bed_output/SCC152_1.11_0.36_0.98	/vf/users/KolmogorovLab/HPV_Dean_Collab/nano_nf_runs/SCC152/sv_cna_v2/wakhan/1.11_0.36_0.98/vcf_output/SCC152_1.11_0.36_0.98_wakhan_cna_integers.vcf	/data/KolmogorovLab/HPV_Dean_Collab/nano_nf_runs/SCC152/sv_cna_v2/severus/somatic_SVs/severus_somatic.vcf	C24	chr10	q	61194154	61266447	61194154-61266447	1	1	0	72294	1.3832406562093672e-05	True	3.0	1.0693480283304777	72294.0	72294.0	72294.0	False		0.0	0.0	0	0	0	1	0	0	0	0	0	0	0	0	2			0			0	2		0	0	0	0	False				61194154	61266447				candidate_region_empty	empty_candidate_region	candidate_region	
SCC152	SCC152:chr10:133750002-133797422:25	SCC152_1.11_0.36_0.98	/vf/users/KolmogorovLab/HPV_Dean_Collab/nano_nf_runs/SCC152/sv_cna_v2/wakhan/1.11_0.36_0.98/bed_output/SCC152_1.11_0.36_0.98	/vf/users/KolmogorovLab/HPV_Dean_Collab/nano_nf_runs/SCC152/sv_cna_v2/wakhan/1.11_0.36_0.98/vcf_output/SCC152_1.11_0.36_0.98_wakhan_cna_integers.vcf	/data/KolmogorovLab/HPV_Dean_Collab/nano_nf_runs/SCC152/sv_cna_v2/severus/somatic_SVs/severus_somatic.vcf	C25	chr10	q	133750002	133797422	133750002-133797422	1	1	0	47421	2.108770375993758e-05	True	2.0	1.0693480283304777	47421.0	47421.0	47421.0	False		0.0	0.0	0	0	1	0	0	0	0	0	0	0	0	0	0			0			0	0		0	0	0	0	False				133750002	133797422				candidate_region_empty	empty_candidate_region	candidate_region	
SCC152	SCC152:chr11:9401665-10929493:26	SCC152_1.11_0.36_0.98	/vf/users/KolmogorovLab/HPV_Dean_Collab/nano_nf_runs/SCC152/sv_cna_v2/wakhan/1.11_0.36_0.98/bed_output/SCC152_1.11_0.36_0.98	/vf/users/KolmogorovLab/HPV_Dean_Collab/nano_nf_runs/SCC152/sv_cna_v2/wakhan/1.11_0.36_0.98/vcf_output/SCC152_1.11_0.36_0.98_wakhan_cna_integers.vcf	/data/KolmogorovLab/HPV_Dean_Collab/nano_nf_runs/SCC152/sv_cna_v2/severus/somatic_SVs/severus_somatic.vcf	C26	chr11	p	9401665	10929493	9401665-10929493	2	2	1	1527829	1.309047020314446e-06	True	3.9445566225016018	1.0693480283304777	424311.25	763914.5	1103517.75	False		0.0	0.0	0	0	0	1	1	0	0	0	0	0	0	0	4			0			0	0		0	4	0	0	False				9401665	10929493				candidate_region_empty	empty_candidate_region	candidate_region	
SCC152	SCC152:chr11:135076383-135086622:27	SCC152_1.11_0.36_0.98	/vf/users/KolmogorovLab/HPV_Dean_Collab/nano_nf_runs/SCC152/sv_cna_v2/wakhan/1.11_0.36_0.98/bed_output/SCC152_1.11_0.36_0.98	/vf/users/KolmogorovLab/HPV_Dean_Collab/nano_nf_runs/SCC152/sv_cna_v2/wakhan/1.11_0.36_0.98/vcf_output/SCC152_1.11_0.36_0.98_wakhan_cna_integers.vcf	/data/KolmogorovLab/HPV_Dean_Collab/nano_nf_runs/SCC152/sv_cna_v2/severus/somatic_SVs/severus_somatic.vcf	C27	chr11	q	135076383	135086622	135076383-135086622	1	1	0	10240	9.765625e-05	True	2.0	1.0693480283304777	10240.0	10240.0	10240.0	False		0.0	0.0	0	0	1	0	0	0	0	0	0	0	0	0	1			0			0	0		1	0	0	1	False				135076383	135086622				candidate_region_empty	empty_candidate_region	candidate_region	
SCC152	SCC152:chr12:57671836-58010199:28	SCC152_1.11_0.36_0.98	/vf/users/KolmogorovLab/HPV_Dean_Collab/nano_nf_runs/SCC152/sv_cna_v2/wakhan/1.11_0.36_0.98/bed_output/SCC152_1.11_0.36_0.98	/vf/users/KolmogorovLab/HPV_Dean_Collab/nano_nf_runs/SCC152/sv_cna_v2/wakhan/1.11_0.36_0.98/vcf_output/SCC152_1.11_0.36_0.98_wakhan_cna_integers.vcf	/data/KolmogorovLab/HPV_Dean_Collab/nano_nf_runs/SCC152/sv_cna_v2/severus/somatic_SVs/severus_somatic.vcf	C28	chr12	q	57671836	58010199	57671836-58010199	1	1	1	338364	2.9553971462685155e-06	True	2.0	1.0693480283304777	338364.0	338364.0	338364.0	False		0.0	0.0	0	0	1	0	0	0	0	0	0	0	0	0	2			0			0	2		0	0	0	0	False				57671836	58010199				candidate_region_empty	empty_candidate_region	candidate_region	
SCC152	SCC152:chr12:133250002-133275309:29	SCC152_1.11_0.36_0.98	/vf/users/KolmogorovLab/HPV_Dean_Collab/nano_nf_runs/SCC152/sv_cna_v2/wakhan/1.11_0.36_0.98/bed_output/SCC152_1.11_0.36_0.98	/vf/users/KolmogorovLab/HPV_Dean_Collab/nano_nf_runs/SCC152/sv_cna_v2/wakhan/1.11_0.36_0.98/vcf_output/SCC152_1.11_0.36_0.98_wakhan_cna_integers.vcf	/data/KolmogorovLab/HPV_Dean_Collab/nano_nf_runs/SCC152/sv_cna_v2/severus/somatic_SVs/severus_somatic.vcf	C29	chr12	q	133250002	133275309	133250002-133275309	1	1	0	25308	3.951319740793425e-05	True	2.0	1.0693480283304777	25308.0	25308.0	25308.0	False		0.0	0.0	0	0	1	0	0	0	0	0	0	0	0	0	0			0			0	0		0	0	0	0	False				133250002	133275309				candidate_region_empty	empty_candidate_region	candidate_region	
SCC152	SCC152:chr13:72909271-73218361:30	SCC152_1.11_0.36_0.98	/vf/users/KolmogorovLab/HPV_Dean_Collab/nano_nf_runs/SCC152/sv_cna_v2/wakhan/1.11_0.36_0.98/bed_output/SCC152_1.11_0.36_0.98	/vf/users/KolmogorovLab/HPV_Dean_Collab/nano_nf_runs/SCC152/sv_cna_v2/wakhan/1.11_0.36_0.98/vcf_output/SCC152_1.11_0.36_0.98_wakhan_cna_integers.vcf	/data/KolmogorovLab/HPV_Dean_Collab/nano_nf_runs/SCC152/sv_cna_v2/severus/somatic_SVs/severus_somatic.vcf	C30	chr13	q	72909271	73218361	72909271-73218361	1	1	1	309091	3.235293166090245e-06	True	3.0	1.0693480283304777	309091.0	309091.0	309091.0	False		0.0	0.0	0	0	0	1	0	0	0	0	0	0	0	0	2			0			0	2		0	0	0	0	False				72909271	73218361				candidate_region_empty	empty_candidate_region	candidate_region	
SCC152	SCC152:chr13:114350002-114364328:31	SCC152_1.11_0.36_0.98	/vf/users/KolmogorovLab/HPV_Dean_Collab/nano_nf_runs/SCC152/sv_cna_v2/wakhan/1.11_0.36_0.98/bed_output/SCC152_1.11_0.36_0.98	/vf/users/KolmogorovLab/HPV_Dean_Collab/nano_nf_runs/SCC152/sv_cna_v2/wakhan/1.11_0.36_0.98/vcf_output/SCC152_1.11_0.36_0.98_wakhan_cna_integers.vcf	/data/KolmogorovLab/HPV_Dean_Collab/nano_nf_runs/SCC152/sv_cna_v2/severus/somatic_SVs/severus_somatic.vcf	C31	chr13	q	114350002	114364328	114350002-114364328	1	1	0	14327	6.979828296223913e-05	True	2.0	1.0693480283304777	14327.0	14327.0	14327.0	False		0.0	0.0	0	0	1	0	0	0	0	0	0	0	0	0	0			0			0	0		0	0	0	0	False				114350002	114364328				candidate_region_empty	empty_candidate_region	candidate_region	
SCC152	SCC152:chr14:91404278-91666087:32	SCC152_1.11_0.36_0.98	/vf/users/KolmogorovLab/HPV_Dean_Collab/nano_nf_runs/SCC152/sv_cna_v2/wakhan/1.11_0.36_0.98/bed_output/SCC152_1.11_0.36_0.98	/vf/users/KolmogorovLab/HPV_Dean_Collab/nano_nf_runs/SCC152/sv_cna_v2/wakhan/1.11_0.36_0.98/vcf_output/SCC152_1.11_0.36_0.98_wakhan_cna_integers.vcf	/data/KolmogorovLab/HPV_Dean_Collab/nano_nf_runs/SCC152/sv_cna_v2/severus/somatic_SVs/severus_somatic.vcf	C32	chr14	q	91404278	91666087	91404278-91666087	2	2	1	261810	7.639127611626752e-06	True	3.323356632672549	1.0693480283304777	87596.5	130905.0	174213.5	False		0.0	0.0	1	0	0	0	1	0	0	0	0	0	0	0	3			0			0	0		3	0	0	3	False				91404278	91666087				candidate_region_empty	empty_candidate_region	candidate_region	
SCC152	SCC152:chr14:106075079-107043718:33	SCC152_1.11_0.36_0.98	/vf/users/KolmogorovLab/HPV_Dean_Collab/nano_nf_runs/SCC152/sv_cna_v2/wakhan/1.11_0.36_0.98/bed_output/SCC152_1.11_0.36_0.98	/vf/users/KolmogorovLab/HPV_Dean_Collab/nano_nf_runs/SCC152/sv_cna_v2/wakhan/1.11_0.36_0.98/vcf_output/SCC152_1.11_0.36_0.98_wakhan_cna_integers.vcf	/data/KolmogorovLab/HPV_Dean_Collab/nano_nf_runs/SCC152/sv_cna_v2/severus/somatic_SVs/severus_somatic.vcf	C33	chr14	q	106075079	107043718	106075079-107043718	2	2	1	968640	2.064750578130162e-06	True	0.0902647010241162	1.0693480283304777	264018.5	484320.0	704621.5	False		0.0	0.0	1	0	1	0	0	0	0	0	0	0	0	0	1			0			1	0		0	0	0	0	False				106075079	107043718				candidate_region_empty	empty_candidate_region	candidate_region	
SCC152	SCC152:chr15:41456961-56139903:34	SCC152_1.11_0.36_0.98	/vf/users/KolmogorovLab/HPV_Dean_Collab/nano_nf_runs/SCC152/sv_cna_v2/wakhan/1.11_0.36_0.98/bed_output/SCC152_1.11_0.36_0.98	/vf/users/KolmogorovLab/HPV_Dean_Collab/nano_nf_runs/SCC152/sv_cna_v2/wakhan/1.11_0.36_0.98/vcf_output/SCC152_1.11_0.36_0.98_wakhan_cna_integers.vcf	/data/KolmogorovLab/HPV_Dean_Collab/nano_nf_runs/SCC152/sv_cna_v2/severus/somatic_SVs/severus_somatic.vcf	C34	chr15	q	41456961	56139903	41456961-56139903	4	6	4	14682943	4.0863742370994697e-07	True	1.1076428615162506	1.0693480283304777	87673.25	254557.0	3822489.0	True	3|1	0.8333333333333334	0.8	0	2	0	3	0	1	0	0	0	0	0	0	7			0			4	3		0	0	0	0	False				41456961	56139903				candidate_region_empty	empty_candidate_region	candidate_region	
SCC152	SCC152:chr15:74834670-74955943:35	SCC152_1.11_0.36_0.98	/vf/users/KolmogorovLab/HPV_Dean_Collab/nano_nf_runs/SCC152/sv_cna_v2/wakhan/1.11_0.36_0.98/bed_output/SCC152_1.11_0.36_0.98	/vf/users/KolmogorovLab/HPV_Dean_Collab/nano_nf_runs/SCC152/sv_cna_v2/wakhan/1.11_0.36_0.98/vcf_output/SCC152_1.11_0.36_0.98_wakhan_cna_integers.vcf	/data/KolmogorovLab/HPV_Dean_Collab/nano_nf_runs/SCC152/sv_cna_v2/severus/somatic_SVs/severus_somatic.vcf	C35	chr15	q	74834670	74955943	74834670-74955943	2	2	0	121274	1.649158104787506e-05	True	2.1865939937661825	1.0693480283304777	41633.0	60637.0	79641.0	False		0.0	0.0	0	0	1	1	0	0	0	0	0	0	0	0	3			0			0	0		0	3	0	0	False				74834670	74955943				candidate_region_empty	empty_candidate_region	candidate_region	
SCC152	SCC152:chr15:101950002-101991189:36	SCC152_1.11_0.36_0.98	/vf/users/KolmogorovLab/HPV_Dean_Collab/nano_nf_runs/SCC152/sv_cna_v2/wakhan/1.11_0.36_0.98/bed_output/SCC152_1.11_0.36_0.98	/vf/users/KolmogorovLab/HPV_Dean_Collab/nano_nf_runs/SCC152/sv_cna_v2/wakhan/1.11_0.36_0.98/vcf_output/SCC152_1.11_0.36_0.98_wakhan_cna_integers.vcf	/data/KolmogorovLab/HPV_Dean_Collab/nano_nf_runs/SCC152/sv_cna_v2/severus/somatic_SVs/severus_somatic.vcf	C36	chr15	q	101950002	101991189	101950002-101991189	1	1	0	41188	2.4278916189181315e-05	True	2.0	1.0693480283304777	41188.0	41188.0	41188.0	False		0.0	0.0	0	0	1	0	0	0	0	0	0	0	0	0	0			0			0	0		0	0	0	0	False				101950002	101991189				candidate_region_empty	empty_candidate_region	candidate_region	
SCC152	SCC152:chr16:90300002-90338345:37	SCC152_1.11_0.36_0.98	/vf/users/KolmogorovLab/HPV_Dean_Collab/nano_nf_runs/SCC152/sv_cna_v2/wakhan/1.11_0.36_0.98/bed_output/SCC152_1.11_0.36_0.98	/vf/users/KolmogorovLab/HPV_Dean_Collab/nano_nf_runs/SCC152/sv_cna_v2/wakhan/1.11_0.36_0.98/vcf_output/SCC152_1.11_0.36_0.98_wakhan_cna_integers.vcf	/data/KolmogorovLab/HPV_Dean_Collab/nano_nf_runs/SCC152/sv_cna_v2/severus/somatic_SVs/severus_somatic.vcf	C37	chr16	q	90300002	90338345	90300002-90338345	1	1	0	38344	2.6079699561861048e-05	True	2.0	1.0693480283304777	38344.0	38344.0	38344.0	False		0.0	0.0	0	0	1	0	0	0	0	0	0	0	0	0	0			0			0	0		0	0	0	0	False				90300002	90338345				candidate_region_empty	empty_candidate_region	candidate_region	
SCC152	SCC152:chr17:21795851-21999999:38	SCC152_1.11_0.36_0.98	/vf/users/KolmogorovLab/HPV_Dean_Collab/nano_nf_runs/SCC152/sv_cna_v2/wakhan/1.11_0.36_0.98/bed_output/SCC152_1.11_0.36_0.98	/vf/users/KolmogorovLab/HPV_Dean_Collab/nano_nf_runs/SCC152/sv_cna_v2/wakhan/1.11_0.36_0.98/vcf_output/SCC152_1.11_0.36_0.98_wakhan_cna_integers.vcf	/data/KolmogorovLab/HPV_Dean_Collab/nano_nf_runs/SCC152/sv_cna_v2/severus/somatic_SVs/severus_somatic.vcf	C38	chr17	p	21795851	21999999	21795851-21999999	1	1	1	204149	4.898383043757256e-06	True	2.0	1.0693480283304777	204150.0	204150.0	204150.0	False		0.0	0.0	0	0	1	0	0	0	0	0	0	0	0	0	1			0			0	0		1	0	0	1	False				21795851	21999999				candidate_region_empty	empty_candidate_region	candidate_region	
SCC152	SCC152:chr17:48539679-48625674:39	SCC152_1.11_0.36_0.98	/vf/users/KolmogorovLab/HPV_Dean_Collab/nano_nf_runs/SCC152/sv_cna_v2/wakhan/1.11_0.36_0.98/bed_output/SCC152_1.11_0.36_0.98	/vf/users/KolmogorovLab/HPV_Dean_Collab/nano_nf_runs/SCC152/sv_cna_v2/wakhan/1.11_0.36_0.98/vcf_output/SCC152_1.11_0.36_0.98_wakhan_cna_integers.vcf	/data/KolmogorovLab/HPV_Dean_Collab/nano_nf_runs/SCC152/sv_cna_v2/severus/somatic_SVs/severus_somatic.vcf	C39	chr17	q	48539679	48625674	48539679-48625674	1	1	0	85996	1.1628447834783012e-05	True	3.0	1.0693480283304777	85996.0	85996.0	85996.0	False		0.0	0.0	0	0	0	1	0	0	0	0	0	0	0	0	2			0			0	2		0	0	0	0	False				48539679	48625674				candidate_region_empty	empty_candidate_region	candidate_region	
SCC152	SCC152:chr17:83250002-83257441:40	SCC152_1.11_0.36_0.98	/vf/users/KolmogorovLab/HPV_Dean_Collab/nano_nf_runs/SCC152/sv_cna_v2/wakhan/1.11_0.36_0.98/bed_output/SCC152_1.11_0.36_0.98	/vf/users/KolmogorovLab/HPV_Dean_Collab/nano_nf_runs/SCC152/sv_cna_v2/wakhan/1.11_0.36_0.98/vcf_output/SCC152_1.11_0.36_0.98_wakhan_cna_integers.vcf	/data/KolmogorovLab/HPV_Dean_Collab/nano_nf_runs/SCC152/sv_cna_v2/severus/somatic_SVs/severus_somatic.vcf	C40	chr17	q	83250002	83257441	83250002-83257441	1	1	0	7440	0.0001344086021505	True	2.0	1.0693480283304777	7440.0	7440.0	7440.0	False		0.0	0.0	0	0	1	0	0	0	0	0	0	0	0	0	0			0			0	0		0	0	0	0	False				83250002	83257441				candidate_region_empty	empty_candidate_region	candidate_region	
SCC152	SCC152:chr18:80350002-80373285:41	SCC152_1.11_0.36_0.98	/vf/users/KolmogorovLab/HPV_Dean_Collab/nano_nf_runs/SCC152/sv_cna_v2/wakhan/1.11_0.36_0.98/bed_output/SCC152_1.11_0.36_0.98	/vf/users/KolmogorovLab/HPV_Dean_Collab/nano_nf_runs/SCC152/sv_cna_v2/wakhan/1.11_0.36_0.98/vcf_output/SCC152_1.11_0.36_0.98_wakhan_cna_integers.vcf	/data/KolmogorovLab/HPV_Dean_Collab/nano_nf_runs/SCC152/sv_cna_v2/severus/somatic_SVs/severus_somatic.vcf	C41	chr18	q	80350002	80373285	80350002-80373285	1	1	0	23284	4.294794708812919e-05	True	2.0	1.0693480283304777	23284.0	23284.0	23284.0	False		0.0	0.0	0	0	1	0	0	0	0	0	0	0	0	0	0			0			0	0		0	0	0	0	False				80350002	80373285				candidate_region_empty	empty_candidate_region	candidate_region	
SCC152	SCC152:chr19:17304846-17356981:42	SCC152_1.11_0.36_0.98	/vf/users/KolmogorovLab/HPV_Dean_Collab/nano_nf_runs/SCC152/sv_cna_v2/wakhan/1.11_0.36_0.98/bed_output/SCC152_1.11_0.36_0.98	/vf/users/KolmogorovLab/HPV_Dean_Collab/nano_nf_runs/SCC152/sv_cna_v2/wakhan/1.11_0.36_0.98/vcf_output/SCC152_1.11_0.36_0.98_wakhan_cna_integers.vcf	/data/KolmogorovLab/HPV_Dean_Collab/nano_nf_runs/SCC152/sv_cna_v2/severus/somatic_SVs/severus_somatic.vcf	C42	chr19	p	17304846	17356981	17304846-17356981	1	1	0	52136	1.918060457265613e-05	True	4.0	1.0693480283304777	52136.0	52136.0	52136.0	False		0.0	0.0	0	0	0	0	1	0	0	0	0	0	0	0	2			0			0	1		0	1	0	0	False				17304846	17356981				candidate_region_empty	empty_candidate_region	candidate_region	
SCC152	SCC152:chr19:32832827-33458207:43	SCC152_1.11_0.36_0.98	/vf/users/KolmogorovLab/HPV_Dean_Collab/nano_nf_runs/SCC152/sv_cna_v2/wakhan/1.11_0.36_0.98/bed_output/SCC152_1.11_0.36_0.98	/vf/users/KolmogorovLab/HPV_Dean_Collab/nano_nf_runs/SCC152/sv_cna_v2/wakhan/1.11_0.36_0.98/vcf_output/SCC152_1.11_0.36_0.98_wakhan_cna_integers.vcf	/data/KolmogorovLab/HPV_Dean_Collab/nano_nf_runs/SCC152/sv_cna_v2/severus/somatic_SVs/severus_somatic.vcf	C42	chr19	q	32832827	33458207	32832827-33458207	1	1	1	625381	1.599025234217221e-06	True	3.0	1.0693480283304777	625381.0	625381.0	625381.0	False		0.0	0.0	0	0	0	1	0	0	0	0	0	0	0	0	2			0			0	0		1	1	0	1	False				32832827	33458207				candidate_region_empty	empty_candidate_region	candidate_region	
SCC152	SCC152:chr19:58600002-58617616:44	SCC152_1.11_0.36_0.98	/vf/users/KolmogorovLab/HPV_Dean_Collab/nano_nf_runs/SCC152/sv_cna_v2/wakhan/1.11_0.36_0.98/bed_output/SCC152_1.11_0.36_0.98	/vf/users/KolmogorovLab/HPV_Dean_Collab/nano_nf_runs/SCC152/sv_cna_v2/wakhan/1.11_0.36_0.98/vcf_output/SCC152_1.11_0.36_0.98_wakhan_cna_integers.vcf	/data/KolmogorovLab/HPV_Dean_Collab/nano_nf_runs/SCC152/sv_cna_v2/severus/somatic_SVs/severus_somatic.vcf	C43	chr19	q	58600002	58617616	58600002-58617616	1	1	0	17615	5.676979846721544e-05	True	2.0	1.0693480283304777	17615.0	17615.0	17615.0	False		0.0	0.0	0	0	1	0	0	0	0	0	0	0	0	0	0			0			0	0		0	0	0	0	False				58600002	58617616				candidate_region_empty	empty_candidate_region	candidate_region	
SCC152	SCC152:chr20:0-1586858:45	SCC152_1.11_0.36_0.98	/vf/users/KolmogorovLab/HPV_Dean_Collab/nano_nf_runs/SCC152/sv_cna_v2/wakhan/1.11_0.36_0.98/bed_output/SCC152_1.11_0.36_0.98	/vf/users/KolmogorovLab/HPV_Dean_Collab/nano_nf_runs/SCC152/sv_cna_v2/wakhan/1.11_0.36_0.98/vcf_output/SCC152_1.11_0.36_0.98_wakhan_cna_integers.vcf	/data/KolmogorovLab/HPV_Dean_Collab/nano_nf_runs/SCC152/sv_cna_v2/severus/somatic_SVs/severus_somatic.vcf	C44	chr20	p	0	1586858	0-1586858	1	1	1	1586859	6.301757118937473e-07	True	3.0	1.0693480283304777	1586859.0	1586859.0	1586859.0	False		0.0	0.0	0	0	0	1	0	0	0	0	0	0	0	0	1			0			0	1		0	0	0	0	False				0	1586858				candidate_region_empty	empty_candidate_region	candidate_region	
SCC152	SCC152:chr20:14913191-14960863:46	SCC152_1.11_0.36_0.98	/vf/users/KolmogorovLab/HPV_Dean_Collab/nano_nf_runs/SCC152/sv_cna_v2/wakhan/1.11_0.36_0.98/bed_output/SCC152_1.11_0.36_0.98	/vf/users/KolmogorovLab/HPV_Dean_Collab/nano_nf_runs/SCC152/sv_cna_v2/wakhan/1.11_0.36_0.98/vcf_output/SCC152_1.11_0.36_0.98_wakhan_cna_integers.vcf	/data/KolmogorovLab/HPV_Dean_Collab/nano_nf_runs/SCC152/sv_cna_v2/severus/somatic_SVs/severus_somatic.vcf	C45	chr20	p	14913191	14960863	14913191-14960863	1	1	0	47673	2.0976233926960756e-05	True	1.0	1.0693480283304777	47673.0	47673.0	47673.0	False		0.0	0.0	0	1	0	0	0	0	0	0	0	0	0	0	2			0			2	0		0	0	0	0	False				14913191	14960863				candidate_region_empty	empty_candidate_region	candidate_region	
SCC152	SCC152:chr20:37042729-37511969:47	SCC152_1.11_0.36_0.98	/vf/users/KolmogorovLab/HPV_Dean_Collab/nano_nf_runs/SCC152/sv_cna_v2/wakhan/1.11_0.36_0.98/bed_output/SCC152_1.11_0.36_0.98	/vf/users/KolmogorovLab/HPV_Dean_Collab/nano_nf_runs/SCC152/sv_cna_v2/wakhan/1.11_0.36_0.98/vcf_output/SCC152_1.11_0.36_0.98_wakhan_cna_integers.vcf	/data/KolmogorovLab/HPV_Dean_Collab/nano_nf_runs/SCC152/sv_cna_v2/severus/somatic_SVs/severus_somatic.vcf	C46	chr20	q	37042729	37511969	37042729-37511969	1	1	1	469241	2.131101075992933e-06	True	4.0	1.0693480283304777	469241.0	469241.0	469241.0	False		0.0	0.0	0	0	0	0	1	0	0	0	0	0	0	0	2			0			0	2		0	0	0	0	False				37042729	37511969				candidate_region_empty	empty_candidate_region	candidate_region	
SCC152	SCC152:chr20:50003414-50162175:48	SCC152_1.11_0.36_0.98	/vf/users/KolmogorovLab/HPV_Dean_Collab/nano_nf_runs/SCC152/sv_cna_v2/wakhan/1.11_0.36_0.98/bed_output/SCC152_1.11_0.36_0.98	/vf/users/KolmogorovLab/HPV_Dean_Collab/nano_nf_runs/SCC152/sv_cna_v2/wakhan/1.11_0.36_0.98/vcf_output/SCC152_1.11_0.36_0.98_wakhan_cna_integers.vcf	/data/KolmogorovLab/HPV_Dean_Collab/nano_nf_runs/SCC152/sv_cna_v2/severus/somatic_SVs/severus_somatic.vcf	C47	chr20	q	50003414	50162175	50003414-50162175	1	1	1	158762	6.298736473463424e-06	True	4.0	1.0693480283304777	158762.0	158762.0	158762.0	False		0.0	0.0	0	0	0	0	1	0	0	0	0	0	0	0	1			0			1	0		0	0	0	0	False				50003414	50162175				candidate_region_empty	empty_candidate_region	candidate_region	
SCC152	SCC152:chr21:34724450-34811197:49	SCC152_1.11_0.36_0.98	/vf/users/KolmogorovLab/HPV_Dean_Collab/nano_nf_runs/SCC152/sv_cna_v2/wakhan/1.11_0.36_0.98/bed_output/SCC152_1.11_0.36_0.98	/vf/users/KolmogorovLab/HPV_Dean_Collab/nano_nf_runs/SCC152/sv_cna_v2/wakhan/1.11_0.36_0.98/vcf_output/SCC152_1.11_0.36_0.98_wakhan_cna_integers.vcf	/data/KolmogorovLab/HPV_Dean_Collab/nano_nf_runs/SCC152/sv_cna_v2/severus/somatic_SVs/severus_somatic.vcf	C48	chr21	q	34724450	34811197	34724450-34811197	1	1	0	86748	1.1527643288606076e-05	True	0.0	1.0693480283304777	86748.0	86748.0	86748.0	False		0.0	0.0	1	0	0	0	0	0	0	0	0	0	0	0	2			0			0	0		0	2	0	0	False				34724450	34811197				candidate_region_empty	empty_candidate_region	candidate_region	
SCC152	SCC152:chr21:46700002-46709983:50	SCC152_1.11_0.36_0.98	/vf/users/KolmogorovLab/HPV_Dean_Collab/nano_nf_runs/SCC152/sv_cna_v2/wakhan/1.11_0.36_0.98/bed_output/SCC152_1.11_0.36_0.98	/vf/users/KolmogorovLab/HPV_Dean_Collab/nano_nf_runs/SCC152/sv_cna_v2/wakhan/1.11_0.36_0.98/vcf_output/SCC152_1.11_0.36_0.98_wakhan_cna_integers.vcf	/data/KolmogorovLab/HPV_Dean_Collab/nano_nf_runs/SCC152/sv_cna_v2/severus/somatic_SVs/severus_somatic.vcf	C49	chr21	q	46700002	46709983	46700002-46709983	1	1	0	9982	0.0001001803245842	True	2.0	1.0693480283304777	9982.0	9982.0	9982.0	False		0.0	0.0	0	0	1	0	0	0	0	0	0	0	0	0	0			0			0	0		0	0	0	0	False				46700002	46709983				candidate_region_empty	empty_candidate_region	candidate_region	
SCC152	SCC152:chr22:50800002-50818468:51	SCC152_1.11_0.36_0.98	/vf/users/KolmogorovLab/HPV_Dean_Collab/nano_nf_runs/SCC152/sv_cna_v2/wakhan/1.11_0.36_0.98/bed_output/SCC152_1.11_0.36_0.98	/vf/users/KolmogorovLab/HPV_Dean_Collab/nano_nf_runs/SCC152/sv_cna_v2/wakhan/1.11_0.36_0.98/vcf_output/SCC152_1.11_0.36_0.98_wakhan_cna_integers.vcf	/data/KolmogorovLab/HPV_Dean_Collab/nano_nf_runs/SCC152/sv_cna_v2/severus/somatic_SVs/severus_somatic.vcf	C50	chr22	q	50800002	50818468	50800002-50818468	1	1	0	18467	5.415064710023285e-05	True	2.0	1.0693480283304777	18467.0	18467.0	18467.0	False		0.0	0.0	0	0	1	0	0	0	0	0	0	0	0	0	0			0			0	0		0	0	0	0	False				50800002	50818468				candidate_region_empty	empty_candidate_region	candidate_region	
SCC152	SCC152:chrX:49227472-49273295:52	SCC152_1.11_0.36_0.98	/vf/users/KolmogorovLab/HPV_Dean_Collab/nano_nf_runs/SCC152/sv_cna_v2/wakhan/1.11_0.36_0.98/bed_output/SCC152_1.11_0.36_0.98	/vf/users/KolmogorovLab/HPV_Dean_Collab/nano_nf_runs/SCC152/sv_cna_v2/wakhan/1.11_0.36_0.98/vcf_output/SCC152_1.11_0.36_0.98_wakhan_cna_integers.vcf	/data/KolmogorovLab/HPV_Dean_Collab/nano_nf_runs/SCC152/sv_cna_v2/severus/somatic_SVs/severus_somatic.vcf	C51	chrX	p	49227472	49273295	49227472-49273295	1	1	0	45824	2.1822625698324023e-05	True	1.0	1.0693480283304777	45824.0	45824.0	45824.0	False		0.0	0.0	0	1	0	0	0	0	0	0	0	0	0	0	2			0			0	2		0	0	0	0	False				49227472	49273295				candidate_region_empty	empty_candidate_region	candidate_region	
SCC152	SCC152:chrX:156000002-156040895:53	SCC152_1.11_0.36_0.98	/vf/users/KolmogorovLab/HPV_Dean_Collab/nano_nf_runs/SCC152/sv_cna_v2/wakhan/1.11_0.36_0.98/bed_output/SCC152_1.11_0.36_0.98	/vf/users/KolmogorovLab/HPV_Dean_Collab/nano_nf_runs/SCC152/sv_cna_v2/wakhan/1.11_0.36_0.98/vcf_output/SCC152_1.11_0.36_0.98_wakhan_cna_integers.vcf	/data/KolmogorovLab/HPV_Dean_Collab/nano_nf_runs/SCC152/sv_cna_v2/severus/somatic_SVs/severus_somatic.vcf	C52	chrX	q	156000002	156040895	156000002-156040895	1	1	0	40894	2.445346505599844e-05	True	2.0	1.0693480283304777	40894.0	40894.0	40894.0	False		0.0	0.0	0	0	1	0	0	0	0	0	0	0	0	0	0			0			0	0		0	0	0	0	False				156000002	156040895				candidate_region_empty	empty_candidate_region	candidate_region	
SIHA	SIHA:chr8:122372903-132352646:1	SIHA_4.42_0.95_0.87	/vf/users/KolmogorovLab/HPV_Dean_Collab/nano_nf_runs/SIHA/sv_cna_v2/wakhan/4.42_0.95_0.87/bed_output/SIHA_4.42_0.95_0.87	/vf/users/KolmogorovLab/HPV_Dean_Collab/nano_nf_runs/SIHA/sv_cna_v2/wakhan/4.42_0.95_0.87/vcf_output/SIHA_4.42_0.95_0.87_wakhan_cna_integers.vcf	/data/KolmogorovLab/HPV_Dean_Collab/nano_nf_runs/SIHA/sv_cna_v2/severus/somatic_SVs/severus_somatic.vcf	C1	chr8	q	122372903	132352646	122372903-132352646	8	8	7	9979744	8.016237691067026e-07	True	6.298188310241224	4.194305950727632	493611.5	811912.5	1591591.25	False	6|7	0.625	0.2857142857142857	0	0	1	0	0	0	3	2	2	0	0	0	9			0			3	2	0.0	0	2	2	0	False	canonical			122372903	132352646	Seismic_Amplification	Seismic_Amplification	Seismic_Amplification:canonical	candidate_region_label	region	candidate_region	SIHA:chr8:122372903-132352646:1
SIHA	SIHA:chr12:13391580-17305507:2	SIHA_4.42_0.95_0.87	/vf/users/KolmogorovLab/HPV_Dean_Collab/nano_nf_runs/SIHA/sv_cna_v2/wakhan/4.42_0.95_0.87/bed_output/SIHA_4.42_0.95_0.87	/vf/users/KolmogorovLab/HPV_Dean_Collab/nano_nf_runs/SIHA/sv_cna_v2/wakhan/4.42_0.95_0.87/vcf_output/SIHA_4.42_0.95_0.87_wakhan_cna_integers.vcf	/data/KolmogorovLab/HPV_Dean_Collab/nano_nf_runs/SIHA/sv_cna_v2/severus/somatic_SVs/severus_somatic.vcf	C2	chr12	p	13391580	17305507	13391580-17305507	2	2	1	3913928	5.109956033938284e-07	True	5.017234859711267	4.194305950727632	1012210.0	1956964.0	2901718.0	False		0.0	0.0	0	0	0	0	0	1	1	0	0	0	0	0	3	1.0	1.0	0			2	0	1.0	0	0	0	0	False			noncanonicalB	13391580	17305507	BFB	BFB	BFB:noncanonicalB	candidate_region_label	region	candidate_region	SIHA:chr12:13391580-17305507:2
SIHA	SIHA:chr14:99617761-107043718:3	SIHA_4.42_0.95_0.87	/vf/users/KolmogorovLab/HPV_Dean_Collab/nano_nf_runs/SIHA/sv_cna_v2/wakhan/4.42_0.95_0.87/bed_output/SIHA_4.42_0.95_0.87	/vf/users/KolmogorovLab/HPV_Dean_Collab/nano_nf_runs/SIHA/sv_cna_v2/wakhan/4.42_0.95_0.87/vcf_output/SIHA_4.42_0.95_0.87_wakhan_cna_integers.vcf	/data/KolmogorovLab/HPV_Dean_Collab/nano_nf_runs/SIHA/sv_cna_v2/severus/somatic_SVs/severus_somatic.vcf	C3	chr14	q	99617761	107043718	99617761-107043718	8	8	6	7425958	1.0773020800817888e-06	True	4.04228087473697	4.194305950727632	101001.25	304718.5	1282449.0	True	4|5	0.875	0.8571428571428571	0	0	1	0	4	3	0	0	0	0	0	0	8			0			0	3	0.0	3	2	0	3	False		noncanonicalB		99617761	107043718	chromothripsis	chromothripsis	chromothripsis:noncanonicalB	candidate_region_label	region	candidate_region	SIHA:chr14:99617761-107043718:3
SIHA	SIHA:chr15:56942785-59003347:4	SIHA_4.42_0.95_0.87	/vf/users/KolmogorovLab/HPV_Dean_Collab/nano_nf_runs/SIHA/sv_cna_v2/wakhan/4.42_0.95_0.87/bed_output/SIHA_4.42_0.95_0.87	/vf/users/KolmogorovLab/HPV_Dean_Collab/nano_nf_runs/SIHA/sv_cna_v2/wakhan/4.42_0.95_0.87/vcf_output/SIHA_4.42_0.95_0.87_wakhan_cna_integers.vcf	/data/KolmogorovLab/HPV_Dean_Collab/nano_nf_runs/SIHA/sv_cna_v2/severus/somatic_SVs/severus_somatic.vcf	C4	chr15	q	56942785	59003347	56942785-59003347	4	4	4	2060563	1.9412170363148325e-06	True	5.173656908330393	4.194305950727632	109770.75	178915.5	584285.5	True	5|6	1.0	1.0	0	0	0	0	0	2	2	0	0	0	0	0	4			0			0	4	0.0	0	0	0	0	False		noncanonicalB		56942785	59003347	chromothripsis	chromothripsis	chromothripsis:noncanonicalB	candidate_region_label	region	candidate_region	SIHA:chr15:56942785-59003347:4
SIHA	SIHA:chr16:0-12624669:5	SIHA_4.42_0.95_0.87	/vf/users/KolmogorovLab/HPV_Dean_Collab/nano_nf_runs/SIHA/sv_cna_v2/wakhan/4.42_0.95_0.87/bed_output/SIHA_4.42_0.95_0.87	/vf/users/KolmogorovLab/HPV_Dean_Collab/nano_nf_runs/SIHA/sv_cna_v2/wakhan/4.42_0.95_0.87/vcf_output/SIHA_4.42_0.95_0.87_wakhan_cna_integers.vcf	/data/KolmogorovLab/HPV_Dean_Collab/nano_nf_runs/SIHA/sv_cna_v2/severus/somatic_SVs/severus_somatic.vcf	C5	chr16	p	0	12624669	0-12624669	12	12	10	12624670	9.505198947774476e-07	True	4.884307867057119	4.194305950727632	183821.0	755765.0	1730987.25	False	4|5	0.5833333333333334	0.1818181818181818	0	0	0	2	4	3	2	1	0	0	0	0	12			0			2	5	0.0	0	5	0	0	False	noncanonical		noncanonicalB	0	12624669	Seismic_Amplification;BFB	Seismic_Amplification;BFB	Seismic_Amplification:noncanonical;BFB:noncanonicalB	candidate_region_label	region	candidate_region	SIHA:chr16:0-12624669:5
SIHA	SIHA:chr16:46000001-83660982:6	SIHA_4.42_0.95_0.87	/vf/users/KolmogorovLab/HPV_Dean_Collab/nano_nf_runs/SIHA/sv_cna_v2/wakhan/4.42_0.95_0.87/bed_output/SIHA_4.42_0.95_0.87	/vf/users/KolmogorovLab/HPV_Dean_Collab/nano_nf_runs/SIHA/sv_cna_v2/wakhan/4.42_0.95_0.87/vcf_output/SIHA_4.42_0.95_0.87_wakhan_cna_integers.vcf	/data/KolmogorovLab/HPV_Dean_Collab/nano_nf_runs/SIHA/sv_cna_v2/severus/somatic_SVs/severus_somatic.vcf	C5	chr16	q	46000001	83660982	46000001-83660982	60	60	46	37660982	1.5931607943733384e-06	True	6.1388755874714045	4.194305950727632	115596.75	324709.0	671449.75	False	7|6	0.4166666666666667	0.135593220338983	2	0	0	4	6	8	11	14	15	0	0	0	61	3.0	3.0	0			25	7	1.0	3	20	5	3	False	noncanonical		noncanonicalB	46000001	83660982	Seismic_Amplification;BFB	Seismic_Amplification;BFB	Seismic_Amplification:noncanonical;BFB:noncanonicalB	candidate_region_label	region	candidate_region	SIHA:chr16:46000001-83660982:6
SIHA	SIHA:chr17:41643122-51230020:7	SIHA_4.42_0.95_0.87	/vf/users/KolmogorovLab/HPV_Dean_Collab/nano_nf_runs/SIHA/sv_cna_v2/wakhan/4.42_0.95_0.87/bed_output/SIHA_4.42_0.95_0.87	/vf/users/KolmogorovLab/HPV_Dean_Collab/nano_nf_runs/SIHA/sv_cna_v2/wakhan/4.42_0.95_0.87/vcf_output/SIHA_4.42_0.95_0.87_wakhan_cna_integers.vcf	/data/KolmogorovLab/HPV_Dean_Collab/nano_nf_runs/SIHA/sv_cna_v2/severus/somatic_SVs/severus_somatic.vcf	C6	chr17	q	41643122	51230020	41643122-51230020	5	5	4	9586899	5.21545079383855e-07	True	3.5760994248505176	4.194305950727632	163819.0	1188909.0	3202621.0	False	4|3	0.8	0.5	0	0	0	2	2	0	1	0	0	0	0	0	4			0			0	4	0.0	0	0	0	0	False				41643122	51230020				candidate_region_empty	empty_candidate_region	candidate_region	
SIHA	SIHA:chr22:38424856-41465811:8	SIHA_4.42_0.95_0.87	/vf/users/KolmogorovLab/HPV_Dean_Collab/nano_nf_runs/SIHA/sv_cna_v2/wakhan/4.42_0.95_0.87/bed_output/SIHA_4.42_0.95_0.87	/vf/users/KolmogorovLab/HPV_Dean_Collab/nano_nf_runs/SIHA/sv_cna_v2/wakhan/4.42_0.95_0.87/vcf_output/SIHA_4.42_0.95_0.87_wakhan_cna_integers.vcf	/data/KolmogorovLab/HPV_Dean_Collab/nano_nf_runs/SIHA/sv_cna_v2/severus/somatic_SVs/severus_somatic.vcf	C7	chr22	q	38424856	41465811	38424856-41465811	4	4	4	3040956	1.3153758226031551e-06	True	4.349218140611045	4.194305950727632	261352.5	430055.5	928942.0	False	5|4	0.75	0.3333333333333333	0	0	0	0	1	2	1	0	0	0	0	0	4			0			0	1	0.0	0	1	2	0	False				38424856	41465811				candidate_region_empty	empty_candidate_region	candidate_region	
HT3	HT3:chr2:192896152-201173028:1	HT3_2.95_0.9_0.9	/vf/users/KolmogorovLab/HPV_Dean_Collab/nano_nf_runs/HT3/sv_cna_v2/wakhan/2.95_0.9_0.9/bed_output/HT3_2.95_0.9_0.9	/vf/users/KolmogorovLab/HPV_Dean_Collab/nano_nf_runs/HT3/sv_cna_v2/wakhan/2.95_0.9_0.9/vcf_output/HT3_2.95_0.9_0.9_wakhan_cna_integers.vcf	/data/KolmogorovLab/HPV_Dean_Collab/nano_nf_runs/HT3/sv_cna_v2/severus/somatic_SVs/severus_somatic.vcf	C1	chr2	q	192896152	201173028	192896152-201173028	5	5	4	8276877	6.040925822626094e-07	True	4.021208724015109	2.847005092413025	418099.0	1321298.0	1629561.0	False	6|1	0.6	0.25	0	1	0	0	1	1	2	0	0	0	0	0	6	3.0	3.0	0			1	0	1.0	0	4	0	0	False			noncanonicalB	192896152	201173028	BFB	BFB	BFB:noncanonicalB	candidate_region_label	region	candidate_region	HT3:chr2:192896152-201173028:1
HT3	HT3:chr4:147311642-163986655:2	HT3_2.95_0.9_0.9	/vf/users/KolmogorovLab/HPV_Dean_Collab/nano_nf_runs/HT3/sv_cna_v2/wakhan/2.95_0.9_0.9/bed_output/HT3_2.95_0.9_0.9	/vf/users/KolmogorovLab/HPV_Dean_Collab/nano_nf_runs/HT3/sv_cna_v2/wakhan/2.95_0.9_0.9/vcf_output/HT3_2.95_0.9_0.9_wakhan_cna_integers.vcf	/data/KolmogorovLab/HPV_Dean_Collab/nano_nf_runs/HT3/sv_cna_v2/severus/somatic_SVs/severus_somatic.vcf	C2	chr4	q	147311642	163986655	147311642-163986655	21	21	17	16675014	1.259369257501073e-06	True	3.043193966733701	2.847005092413025	162938.0	298895.0	1079934.0	True	4|2	0.7619047619047619	0.6	0	2	8	3	8	0	0	0	0	0	0	0	23			0			5	9	0.0	0	9	0	0	False		noncanonical		147311642	163986655	chromothripsis	chromothripsis	chromothripsis:noncanonical	candidate_region_label	region	candidate_region	HT3:chr4:147311642-163986655:2
HT3	HT3:chr4:179056217-190214555:3	HT3_2.95_0.9_0.9	/vf/users/KolmogorovLab/HPV_Dean_Collab/nano_nf_runs/HT3/sv_cna_v2/wakhan/2.95_0.9_0.9/bed_output/HT3_2.95_0.9_0.9	/vf/users/KolmogorovLab/HPV_Dean_Collab/nano_nf_runs/HT3/sv_cna_v2/wakhan/2.95_0.9_0.9/vcf_output/HT3_2.95_0.9_0.9_wakhan_cna_integers.vcf	/data/KolmogorovLab/HPV_Dean_Collab/nano_nf_runs/HT3/sv_cna_v2/severus/somatic_SVs/severus_somatic.vcf	C3	chr4	q	179056217	190214555	179056217-190214555	8	8	7	11158339	7.169525858642581e-07	True	2.4789582033670063	2.847005092413025	480486.75	938966.5	1863332.75	False	3|0	0.625	0.2857142857142857	1	1	1	4	0	0	1	0	0	0	0	0	7	6.0	6.0	0			0	2	1.0	1	2	1	1	False			noncanonicalB	179056217	190214555	BFB	BFB	BFB:noncanonicalB	candidate_region_label	region	candidate_region	HT3:chr4:179056217-190214555:3
HT3	HT3:chr9:0-9058989:4	HT3_2.95_0.9_0.9	/vf/users/KolmogorovLab/HPV_Dean_Collab/nano_nf_runs/HT3/sv_cna_v2/wakhan/2.95_0.9_0.9/bed_output/HT3_2.95_0.9_0.9	/vf/users/KolmogorovLab/HPV_Dean_Collab/nano_nf_runs/HT3/sv_cna_v2/wakhan/2.95_0.9_0.9/vcf_output/HT3_2.95_0.9_0.9_wakhan_cna_integers.vcf	/data/KolmogorovLab/HPV_Dean_Collab/nano_nf_runs/HT3/sv_cna_v2/severus/somatic_SVs/severus_somatic.vcf	C4	chr9	p	0	9058989	0-9058989	5	5	5	9058990	5.519379091929674e-07	True	5.740326570622111	2.847005092413025	537797.0	1047432.0	2962296.0	False	4|7	0.6	0.5	0	0	0	0	2	0	0	1	2	0	0	0	5			0			0	2	0.0	0	3	0	0	False				0	9058989				candidate_region_empty	empty_candidate_region	candidate_region	
HT3	HT3:chr16:0-2274184:5	HT3_2.95_0.9_0.9	/vf/users/KolmogorovLab/HPV_Dean_Collab/nano_nf_runs/HT3/sv_cna_v2/wakhan/2.95_0.9_0.9/bed_output/HT3_2.95_0.9_0.9	/vf/users/KolmogorovLab/HPV_Dean_Collab/nano_nf_runs/HT3/sv_cna_v2/wakhan/2.95_0.9_0.9/vcf_output/HT3_2.95_0.9_0.9_wakhan_cna_integers.vcf	/data/KolmogorovLab/HPV_Dean_Collab/nano_nf_runs/HT3/sv_cna_v2/severus/somatic_SVs/severus_somatic.vcf	C5	chr16	p	0	2274184	0-2274184	2	2	1	2274185	8.794359297946298e-07	True	2.9852078876608545	2.847005092413025	585366.25	1137092.5	1688818.75	False		0.0	0.0	0	0	1	1	0	0	0	0	0	0	0	0	2	1.0	2.0	0			0	0	2.0	0	0	0	0	False			noncanonicalB	0	2274184	BFB	BFB	BFB:noncanonicalB	candidate_region_label	region	candidate_region	HT3:chr16:0-2274184:5
HT3	HT3:chr17:36065957-43130302:6	HT3_2.95_0.9_0.9	/vf/users/KolmogorovLab/HPV_Dean_Collab/nano_nf_runs/HT3/sv_cna_v2/wakhan/2.95_0.9_0.9/bed_output/HT3_2.95_0.9_0.9	/vf/users/KolmogorovLab/HPV_Dean_Collab/nano_nf_runs/HT3/sv_cna_v2/wakhan/2.95_0.9_0.9/vcf_output/HT3_2.95_0.9_0.9_wakhan_cna_integers.vcf	/data/KolmogorovLab/HPV_Dean_Collab/nano_nf_runs/HT3/sv_cna_v2/severus/somatic_SVs/severus_somatic.vcf	C6	chr17	q	36065957	43130302	36065957-43130302	9	9	8	7064346	1.2740032835311294e-06	True	3.8644794578295	2.847005092413025	194692.0	322900.0	555756.0	True	4|3	0.7777777777777778	0.625	0	0	0	3	4	1	1	0	0	0	0	0	10			0			2	3	0.0	0	4	1	0	False		canonical		36065957	43130302	chromothripsis	chromothripsis	chromothripsis:canonical	candidate_region_label	region	candidate_region	HT3:chr17:36065957-43130302:6
HT3	HT3:chr17:68545640-70759442:7	HT3_2.95_0.9_0.9	/vf/users/KolmogorovLab/HPV_Dean_Collab/nano_nf_runs/HT3/sv_cna_v2/wakhan/2.95_0.9_0.9/bed_output/HT3_2.95_0.9_0.9	/vf/users/KolmogorovLab/HPV_Dean_Collab/nano_nf_runs/HT3/sv_cna_v2/wakhan/2.95_0.9_0.9/vcf_output/HT3_2.95_0.9_0.9_wakhan_cna_integers.vcf	/data/KolmogorovLab/HPV_Dean_Collab/nano_nf_runs/HT3/sv_cna_v2/severus/somatic_SVs/severus_somatic.vcf	C7	chr17	q	68545640	70759442	68545640-70759442	4	4	4	2213803	1.8068455052233645e-06	True	7.797054209430559	2.847005092413025	141130.25	380961.0	793281.5	False	8|9	0.5	0.3333333333333333	0	0	0	1	0	1	0	0	2	0	0	0	5	2.0	5.0	0			0	0	2.0	0	3	0	0	False	canonical		noncanonicalB	68545640	70759442	Seismic_Amplification;BFB	Seismic_Amplification;BFB	Seismic_Amplification:canonical;BFB:noncanonicalB	candidate_region_label	region	candidate_region	HT3:chr17:68545640-70759442:7
SW756	SW756:chr2:46517143-51066702:1	SW756_3.58_0.99_0.86	/vf/users/KolmogorovLab/HPV_Dean_Collab/nano_nf_runs/SW756/sv_cna_v2/wakhan/3.58_0.99_0.86/bed_output/SW756_3.58_0.99_0.86	/vf/users/KolmogorovLab/HPV_Dean_Collab/nano_nf_runs/SW756/sv_cna_v2/wakhan/3.58_0.99_0.86/vcf_output/SW756_3.58_0.99_0.86_wakhan_cna_integers.vcf	/data/KolmogorovLab/HPV_Dean_Collab/nano_nf_runs/SW756/sv_cna_v2/severus/somatic_SVs/severus_somatic.vcf	C1	chr2	p	46517143	51066702	46517143-51066702	4	4	4	4549560	8.79205901230009e-07	True	3.161850596541204	3.4102597609949665	177464.75	270514.5	1230439.75	False	4|3	0.5	0.3333333333333333	0	0	1	1	1	1	0	0	0	0	0	0	5			0			0	2	0.0	0	3	0	0	False				46517143	51066702				candidate_region_empty	empty_candidate_region	candidate_region	
SW756	SW756:chr7:69863045-74914782:2	SW756_3.58_0.99_0.86	/vf/users/KolmogorovLab/HPV_Dean_Collab/nano_nf_runs/SW756/sv_cna_v2/wakhan/3.58_0.99_0.86/bed_output/SW756_3.58_0.99_0.86	/vf/users/KolmogorovLab/HPV_Dean_Collab/nano_nf_runs/SW756/sv_cna_v2/wakhan/3.58_0.99_0.86/vcf_output/SW756_3.58_0.99_0.86_wakhan_cna_integers.vcf	/data/KolmogorovLab/HPV_Dean_Collab/nano_nf_runs/SW756/sv_cna_v2/severus/somatic_SVs/severus_somatic.vcf	C2	chr7	q	69863045	74914782	69863045-74914782	4	4	4	5051738	7.918067009809297e-07	True	3.252616426267554	3.4102597609949665	189970.0	638076.0	1711040.5	True	4|3	1.0	1.0	0	0	0	2	2	0	0	0	0	0	0	0	5			0			4	0	0.0	1	0	0	1	False		noncanonicalB		69863045	74914782	chromothripsis	chromothripsis	chromothripsis:noncanonicalB	candidate_region_label	region	candidate_region	SW756:chr7:69863045-74914782:2
SW756	SW756:chr11:55000001-62681904:3	SW756_3.58_0.99_0.86	/vf/users/KolmogorovLab/HPV_Dean_Collab/nano_nf_runs/SW756/sv_cna_v2/wakhan/3.58_0.99_0.86/bed_output/SW756_3.58_0.99_0.86	/vf/users/KolmogorovLab/HPV_Dean_Collab/nano_nf_runs/SW756/sv_cna_v2/wakhan/3.58_0.99_0.86/vcf_output/SW756_3.58_0.99_0.86_wakhan_cna_integers.vcf	/data/KolmogorovLab/HPV_Dean_Collab/nano_nf_runs/SW756/sv_cna_v2/severus/somatic_SVs/severus_somatic.vcf	C3	chr11	q	55000001	62681904	55000001-62681904	4	4	4	7681904	5.207042420733194e-07	True	3.2073042047908955	3.4102597609949665	963765.75	1294172.0	2250882.25	True	4|3	1.0	1.0	0	0	0	2	2	0	0	0	0	0	0	0	4			0			0	3	0.0	1	0	0	1	False		noncanonicalB		55000001	62681904	chromothripsis	chromothripsis	chromothripsis:noncanonicalB	candidate_region_label	region	candidate_region	SW756:chr11:55000001-62681904:3
SW756	SW756:chr12:110841681-121836136:4	SW756_3.58_0.99_0.86	/vf/users/KolmogorovLab/HPV_Dean_Collab/nano_nf_runs/SW756/sv_cna_v2/wakhan/3.58_0.99_0.86/bed_output/SW756_3.58_0.99_0.86	/vf/users/KolmogorovLab/HPV_Dean_Collab/nano_nf_runs/SW756/sv_cna_v2/wakhan/3.58_0.99_0.86/vcf_output/SW756_3.58_0.99_0.86_wakhan_cna_integers.vcf	/data/KolmogorovLab/HPV_Dean_Collab/nano_nf_runs/SW756/sv_cna_v2/severus/somatic_SVs/severus_somatic.vcf	C4	chr12	q	110841681	121836136	110841681-121836136	11	11	8	10994456	1.0005042541440883e-06	True	2.8074811523189505	3.4102597609949665	98615.5	299550.0	1468737.0	True	2|3	0.8181818181818182	0.6	0	0	5	4	2	0	0	0	0	0	0	0	12			0			4	2	0.0	0	6	0	0	False		noncanonical		110841681	121836136	chromothripsis	chromothripsis	chromothripsis:noncanonical	candidate_region_label	region	candidate_region	SW756:chr12:110841681-121836136:4
SW756	SW756:chr13:63017873-70247578:5	SW756_3.58_0.99_0.86	/vf/users/KolmogorovLab/HPV_Dean_Collab/nano_nf_runs/SW756/sv_cna_v2/wakhan/3.58_0.99_0.86/bed_output/SW756_3.58_0.99_0.86	/vf/users/KolmogorovLab/HPV_Dean_Collab/nano_nf_runs/SW756/sv_cna_v2/wakhan/3.58_0.99_0.86/vcf_output/SW756_3.58_0.99_0.86_wakhan_cna_integers.vcf	/data/KolmogorovLab/HPV_Dean_Collab/nano_nf_runs/SW756/sv_cna_v2/severus/somatic_SVs/severus_somatic.vcf	C5	chr13	q	63017873	70247578	63017873-70247578	8	8	6	7229706	1.1065456880265948e-06	True	5.410554454081535	3.4102597609949665	263901.75	501347.5	1137148.25	False	5|6	0.5	0.1428571428571428	0	0	0	2	2	2	2	0	0	0	0	0	9			0			4	2	0.0	0	3	0	0	False		noncanonical		63017873	70247578	chromothripsis	chromothripsis	chromothripsis:noncanonical	candidate_region_label	region	candidate_region	SW756:chr13:63017873-70247578:5
SW756	SW756:chr13:81829801-88210313:6	SW756_3.58_0.99_0.86	/vf/users/KolmogorovLab/HPV_Dean_Collab/nano_nf_runs/SW756/sv_cna_v2/wakhan/3.58_0.99_0.86/bed_output/SW756_3.58_0.99_0.86	/vf/users/KolmogorovLab/HPV_Dean_Collab/nano_nf_runs/SW756/sv_cna_v2/wakhan/3.58_0.99_0.86/vcf_output/SW756_3.58_0.99_0.86_wakhan_cna_integers.vcf	/data/KolmogorovLab/HPV_Dean_Collab/nano_nf_runs/SW756/sv_cna_v2/severus/somatic_SVs/severus_somatic.vcf	C6	chr13	q	81829801	88210313	81829801-88210313	4	4	4	6380513	6.269088394616545e-07	True	4.016119393534658	3.4102597609949665	860496.75	1225226.0	1959857.5	True	3|4	0.75	0.6666666666666666	0	0	0	2	1	1	0	0	0	0	0	0	5			0			2	1	0.0	0	2	0	0	False		canonical		81829801	88210313	chromothripsis	chromothripsis	chromothripsis:canonical	candidate_region_label	region	candidate_region	SW756:chr13:81829801-88210313:6
SW756	SW756:chr14:66576116-69905275:7	SW756_3.58_0.99_0.86	/vf/users/KolmogorovLab/HPV_Dean_Collab/nano_nf_runs/SW756/sv_cna_v2/wakhan/3.58_0.99_0.86/bed_output/SW756_3.58_0.99_0.86	/vf/users/KolmogorovLab/HPV_Dean_Collab/nano_nf_runs/SW756/sv_cna_v2/wakhan/3.58_0.99_0.86/vcf_output/SW756_3.58_0.99_0.86_wakhan_cna_integers.vcf	/data/KolmogorovLab/HPV_Dean_Collab/nano_nf_runs/SW756/sv_cna_v2/severus/somatic_SVs/severus_somatic.vcf	C7	chr14	q	66576116	69905275	66576116-69905275	4	4	4	3329160	1.2015042833627705e-06	True	2.677863785459395	3.4102597609949665	185103.25	807548.5	1454735.25	False	4|2	0.75	0.3333333333333333	0	0	1	1	2	0	0	0	0	0	0	0	5			0			1	4	0.0	0	0	0	0	False				66576116	69905275				candidate_region_empty	empty_candidate_region	candidate_region	
SW756	SW756:chr15:40377914-46639828:8	SW756_3.58_0.99_0.86	/vf/users/KolmogorovLab/HPV_Dean_Collab/nano_nf_runs/SW756/sv_cna_v2/wakhan/3.58_0.99_0.86/bed_output/SW756_3.58_0.99_0.86	/vf/users/KolmogorovLab/HPV_Dean_Collab/nano_nf_runs/SW756/sv_cna_v2/wakhan/3.58_0.99_0.86/vcf_output/SW756_3.58_0.99_0.86_wakhan_cna_integers.vcf	/data/KolmogorovLab/HPV_Dean_Collab/nano_nf_runs/SW756/sv_cna_v2/severus/somatic_SVs/severus_somatic.vcf	C8	chr15	q	40377914	46639828	40377914-46639828	8	8	6	6261915	1.2775644511303651e-06	True	2.354535952659849	3.4102597609949665	127162.0	229358.0	971213.25	False	4|2	0.75	0.4285714285714285	0	0	3	1	3	1	0	0	0	0	0	0	10			0			0	7	0.0	1	2	0	1	False				40377914	46639828				candidate_region_empty	empty_candidate_region	candidate_region	
SW756	SW756:chr16:7234484-9323266:9	SW756_3.58_0.99_0.86	/vf/users/KolmogorovLab/HPV_Dean_Collab/nano_nf_runs/SW756/sv_cna_v2/wakhan/3.58_0.99_0.86/bed_output/SW756_3.58_0.99_0.86	/vf/users/KolmogorovLab/HPV_Dean_Collab/nano_nf_runs/SW756/sv_cna_v2/wakhan/3.58_0.99_0.86/vcf_output/SW756_3.58_0.99_0.86_wakhan_cna_integers.vcf	/data/KolmogorovLab/HPV_Dean_Collab/nano_nf_runs/SW756/sv_cna_v2/severus/somatic_SVs/severus_somatic.vcf	C9	chr16	p	7234484	9323266	7234484-9323266	2	2	2	2088783	9.574953453757524e-07	True	4.372103756110616	3.4102597609949665	910817.75	1044391.5	1177965.25	False		0.0	0.0	0	0	0	0	1	1	0	0	0	0	0	0	3	1.0	1.0	0			1	0	1.0	1	0	0	1	False			noncanonicalB	7234484	9323266	BFB	BFB	BFB:noncanonicalB	candidate_region_label	region	candidate_region	SW756:chr16:7234484-9323266:9
SW756	SW756:chr21:13000001-24610447:10	SW756_3.58_0.99_0.86	/vf/users/KolmogorovLab/HPV_Dean_Collab/nano_nf_runs/SW756/sv_cna_v2/wakhan/3.58_0.99_0.86/bed_output/SW756_3.58_0.99_0.86	/vf/users/KolmogorovLab/HPV_Dean_Collab/nano_nf_runs/SW756/sv_cna_v2/wakhan/3.58_0.99_0.86/vcf_output/SW756_3.58_0.99_0.86_wakhan_cna_integers.vcf	/data/KolmogorovLab/HPV_Dean_Collab/nano_nf_runs/SW756/sv_cna_v2/severus/somatic_SVs/severus_somatic.vcf	C10	chr21	q	13000001	24610447	13000001-24610447	7	7	6	11610447	6.029052972723617e-07	True	4.212191313564413	3.4102597609949665	225470.5	2000328.0	2474003.5	True	5|4	1.0	1.0	0	0	0	0	3	4	0	0	0	0	0	0	8			0			0	0	0.0	2	6	0	2	False		noncanonicalB		13000001	24610447	chromothripsis	chromothripsis	chromothripsis:noncanonicalB	candidate_region_label	region	candidate_region	SW756:chr21:13000001-24610447:10
SNU17	SNU17:chr4:18359712-23939176:1	SNU17_5.01_0.75_0.93	/vf/users/KolmogorovLab/HPV_Dean_Collab/nano_nf_runs/SNU17/sv_cna_v2/wakhan/5.01_0.75_0.93/bed_output/SNU17_5.01_0.75_0.93	/vf/users/KolmogorovLab/HPV_Dean_Collab/nano_nf_runs/SNU17/sv_cna_v2/wakhan/5.01_0.75_0.93/vcf_output/SNU17_5.01_0.75_0.93_wakhan_cna_integers.vcf	/data/KolmogorovLab/HPV_Dean_Collab/nano_nf_runs/SNU17/sv_cna_v2/severus/somatic_SVs/severus_somatic.vcf	C1	chr4	p	18359712	23939176	18359712-23939176	5	5	5	5579465	8.961432682165763e-07	True	5.167119965803173	4.800423815906715	221369.0	1037007.0	1748078.0	False	5|6	0.8	0.5	0	0	0	0	1	2	2	0	0	0	0	0	6			0			0	0	0.0	0	6	0	0	False		noncanonicalB		18359712	23939176	chromothripsis	chromothripsis	chromothripsis:noncanonicalB	candidate_region_label	region	candidate_region	SNU17:chr4:18359712-23939176:1
SNU17	SNU17:chr4:52000001-57201939:2	SNU17_5.01_0.75_0.93	/vf/users/KolmogorovLab/HPV_Dean_Collab/nano_nf_runs/SNU17/sv_cna_v2/wakhan/5.01_0.75_0.93/bed_output/SNU17_5.01_0.75_0.93	/vf/users/KolmogorovLab/HPV_Dean_Collab/nano_nf_runs/SNU17/sv_cna_v2/wakhan/5.01_0.75_0.93/vcf_output/SNU17_5.01_0.75_0.93_wakhan_cna_integers.vcf	/data/KolmogorovLab/HPV_Dean_Collab/nano_nf_runs/SNU17/sv_cna_v2/severus/somatic_SVs/severus_somatic.vcf	C1	chr4	q	52000001	57201939	52000001-57201939	4	4	4	5201939	7.689440418274801e-07	True	5.505705468672355	4.800423815906715	395735.0	1315324.5	2220074.25	True	5|6	1.0	1.0	0	0	0	0	0	2	2	0	0	0	0	0	4			0			0	1	0.0	0	3	0	0	False		noncanonicalB		52000001	57201939	chromothripsis	chromothripsis	chromothripsis:noncanonicalB	candidate_region_label	region	candidate_region	SNU17:chr4:52000001-57201939:2
SNU17	SNU17:chr4:144713083-168228294:3	SNU17_5.01_0.75_0.93	/vf/users/KolmogorovLab/HPV_Dean_Collab/nano_nf_runs/SNU17/sv_cna_v2/wakhan/5.01_0.75_0.93/bed_output/SNU17_5.01_0.75_0.93	/vf/users/KolmogorovLab/HPV_Dean_Collab/nano_nf_runs/SNU17/sv_cna_v2/wakhan/5.01_0.75_0.93/vcf_output/SNU17_5.01_0.75_0.93_wakhan_cna_integers.vcf	/data/KolmogorovLab/HPV_Dean_Collab/nano_nf_runs/SNU17/sv_cna_v2/severus/somatic_SVs/severus_somatic.vcf	C2	chr4	q	144713083	168228294	144713083-168228294	18	19	15	23515212	8.079876124442339e-07	True	5.332044593091485	4.800423815906715	239234.5	810713.0	1306111.0	True	6|5	0.7894736842105263	0.5555555555555556	0	0	0	0	3	7	8	0	1	0	0	0	19			0			6	5	0.0	0	8	0	0	False		canonical		144713083	168228294	chromothripsis	chromothripsis	chromothripsis:canonical	candidate_region_label	region	candidate_region	SNU17:chr4:144713083-168228294:3
SNU17	SNU17:chr14:104704928-107043718:4	SNU17_5.01_0.75_0.93	/vf/users/KolmogorovLab/HPV_Dean_Collab/nano_nf_runs/SNU17/sv_cna_v2/wakhan/5.01_0.75_0.93/bed_output/SNU17_5.01_0.75_0.93	/vf/users/KolmogorovLab/HPV_Dean_Collab/nano_nf_runs/SNU17/sv_cna_v2/wakhan/5.01_0.75_0.93/vcf_output/SNU17_5.01_0.75_0.93_wakhan_cna_integers.vcf	/data/KolmogorovLab/HPV_Dean_Collab/nano_nf_runs/SNU17/sv_cna_v2/severus/somatic_SVs/severus_somatic.vcf	C3	chr14	q	104704928	107043718	104704928-107043718	5	5	3	2338791	2.137856696045093e-06	True	7.73389413590184	4.800423815906715	43717.0	156046.0	591920.0	False	8|13	0.4	0.25	0	0	1	0	0	0	1	0	2	1	0	0	4	3.0	4.0	0			0	0	2.0	0	2	0	0	False	canonical		noncanonicalB	104704928	107043718	Seismic_Amplification;BFB	Seismic_Amplification;BFB	Seismic_Amplification:canonical;BFB:noncanonicalB	candidate_region_label	region	candidate_region	SNU17:chr14:104704928-107043718:4
H1395	H1395:chr3:57889659-86999999:1	H1395_3.06_0.94_0.79	/data/KolmogorovLab/wakhan_paper/castle_full/wakhan_05/wakhan_H1395/wakhan/solution_1/bed_output/H1395_3.06_0.94_0.79	/data/KolmogorovLab/wakhan_paper/castle_full/wakhan_05/wakhan_H1395/wakhan/solution_1/vcf_output/H1395_3.06_0.94_0.79_wakhan_cna_integers.vcf	/data/KolmogorovLab/wakhan_paper/castle_full/wakhan_05/wakhan_H1395/severus/somatic_SVs/severus_somatic.vcf	C1	chr3	p	57889659	86999999	57889659-86999999	29	30	27	29110341	1.0305616138265092e-06	True	2.5144344036847106	2.8057561911562754	152239.75	361523.0	1332180.25	True	2|4	0.8666666666666667	0.7241379310344828	0	1	15	3	11	0	0	0	0	0	0	0	30			0			9	12	0.0	1	8	0	1	False		canonical		57889659	86999999	chromothripsis	chromothripsis	chromothripsis:canonical	candidate_region_label	region	candidate_region	H1395:chr3:57889659-86999999:1
H1395	H1395:chr4:128521930-140523510:2	H1395_3.06_0.94_0.79	/data/KolmogorovLab/wakhan_paper/castle_full/wakhan_05/wakhan_H1395/wakhan/solution_1/bed_output/H1395_3.06_0.94_0.79	/data/KolmogorovLab/wakhan_paper/castle_full/wakhan_05/wakhan_H1395/wakhan/solution_1/vcf_output/H1395_3.06_0.94_0.79_wakhan_cna_integers.vcf	/data/KolmogorovLab/wakhan_paper/castle_full/wakhan_05/wakhan_H1395/severus/somatic_SVs/severus_somatic.vcf	C2	chr4	q	128521930	140523510	128521930-140523510	6	6	5	12001581	4.999341336778879e-07	True	3.162369524481816	2.8057561911562754	362347.5	1729498.5	3240513.75	True	4|2	0.6666666666666666	0.6	0	0	2	1	2	1	0	0	0	0	0	0	6			0			0	4	0.0	1	1	0	1	False		noncanonicalB		128521930	140523510	chromothripsis	chromothripsis	chromothripsis:noncanonicalB	candidate_region_label	region	candidate_region	H1395:chr4:128521930-140523510:2
H1395	H1395:chr6:19728358-34969653:3	H1395_3.06_0.94_0.79	/data/KolmogorovLab/wakhan_paper/castle_full/wakhan_05/wakhan_H1395/wakhan/solution_1/bed_output/H1395_3.06_0.94_0.79	/data/KolmogorovLab/wakhan_paper/castle_full/wakhan_05/wakhan_H1395/wakhan/solution_1/vcf_output/H1395_3.06_0.94_0.79_wakhan_cna_integers.vcf	/data/KolmogorovLab/wakhan_paper/castle_full/wakhan_05/wakhan_H1395/severus/somatic_SVs/severus_somatic.vcf	C3	chr6	p	19728358	34969653	19728358-34969653	15	16	10	15241296	1.0497794938173236e-06	True	2.1390042552811783	2.8057561911562754	77307.0	340817.0	852344.5	False	3|5	0.4375	0.0666666666666666	2	2	2	4	3	3	0	0	0	0	0	0	18			0			5	5	0.0	5	1	2	5	False		noncanonical		19728358	34969653	chromothripsis	chromothripsis	chromothripsis:noncanonical	candidate_region_label	region	candidate_region	H1395:chr6:19728358-34969653:3
H1395	H1395:chr6:69531484-105846477:4	H1395_3.06_0.94_0.79	/data/KolmogorovLab/wakhan_paper/castle_full/wakhan_05/wakhan_H1395/wakhan/solution_1/bed_output/H1395_3.06_0.94_0.79	/data/KolmogorovLab/wakhan_paper/castle_full/wakhan_05/wakhan_H1395/wakhan/solution_1/vcf_output/H1395_3.06_0.94_0.79_wakhan_cna_integers.vcf	/data/KolmogorovLab/wakhan_paper/castle_full/wakhan_05/wakhan_H1395/severus/somatic_SVs/severus_somatic.vcf	C4	chr6	q	69531484	105846477	69531484-105846477	24	25	19	36314994	6.884208765117792e-07	True	1.968222631774488	2.8057561911562754	140520.0	578973.0	2021662.0	False	1|5	0.4	0.0	3	6	3	4	2	4	1	1	1	0	0	0	26	1.0	11.0	1	11.0	11.0	4	6	6.0	4	6	0	4	False	noncanonical		noncanonicalB	69531484	105846477	Seismic_Amplification;BFB	Seismic_Amplification;BFB	Seismic_Amplification:noncanonical;BFB:noncanonicalB	candidate_region_label	region	candidate_region	H1395:chr6:69531484-105846477:4
H1395	H1395:chr7:144590243-152317108:5	H1395_3.06_0.94_0.79	/data/KolmogorovLab/wakhan_paper/castle_full/wakhan_05/wakhan_H1395/wakhan/solution_1/bed_output/H1395_3.06_0.94_0.79	/data/KolmogorovLab/wakhan_paper/castle_full/wakhan_05/wakhan_H1395/wakhan/solution_1/vcf_output/H1395_3.06_0.94_0.79_wakhan_cna_integers.vcf	/data/KolmogorovLab/wakhan_paper/castle_full/wakhan_05/wakhan_H1395/severus/somatic_SVs/severus_somatic.vcf	C5	chr7	q	144590243	152317108	144590243-152317108	2	2	2	7726866	2.588371533814615e-07	True	6.458386103757979	2.8057561911562754	3702660.5	3863433.0	4024205.5	False		0.0	0.0	0	0	0	0	0	0	1	1	0	0	0	0	3	1.0	1.0	0			0	1	1.0	1	0	0	1	False			noncanonicalB	144590243	152317108	BFB	BFB	BFB:noncanonicalB	candidate_region_label	region	candidate_region	H1395:chr7:144590243-152317108:5
H1395	H1395:chr8:47000001-54212044:6	H1395_3.06_0.94_0.79	/data/KolmogorovLab/wakhan_paper/castle_full/wakhan_05/wakhan_H1395/wakhan/solution_1/bed_output/H1395_3.06_0.94_0.79	/data/KolmogorovLab/wakhan_paper/castle_full/wakhan_05/wakhan_H1395/wakhan/solution_1/vcf_output/H1395_3.06_0.94_0.79_wakhan_cna_integers.vcf	/data/KolmogorovLab/wakhan_paper/castle_full/wakhan_05/wakhan_H1395/severus/somatic_SVs/severus_somatic.vcf	C6	chr8	q	47000001	54212044	47000001-54212044	4	4	4	7212044	5.546277865193279e-07	True	1.6174402152843217	2.8057561911562754	497166.5	1137975.0	2443819.5	False	2|1	0.75	0.3333333333333333	0	1	2	1	0	0	0	0	0	0	0	0	3			0			1	0	0.0	0	1	1	0	False				47000001	54212044				candidate_region_empty	empty_candidate_region	candidate_region	
H1395	H1395:chr8:120179944-127476886:7	H1395_3.06_0.94_0.79	/data/KolmogorovLab/wakhan_paper/castle_full/wakhan_05/wakhan_H1395/wakhan/solution_1/bed_output/H1395_3.06_0.94_0.79	/data/KolmogorovLab/wakhan_paper/castle_full/wakhan_05/wakhan_H1395/wakhan/solution_1/vcf_output/H1395_3.06_0.94_0.79_wakhan_cna_integers.vcf	/data/KolmogorovLab/wakhan_paper/castle_full/wakhan_05/wakhan_H1395/severus/somatic_SVs/severus_somatic.vcf	C7	chr8	q	120179944	127476886	120179944-127476886	11	11	10	7296943	1.5074805983820897e-06	True	5.784998731660642	2.8057561911562754	261111.5	453501.0	897694.0	False	5|6	0.5454545454545454	0.3	0	0	0	1	1	3	3	1	2	0	0	0	12			0			3	2	0.0	0	6	1	0	False	canonical			120179944	127476886	Seismic_Amplification	Seismic_Amplification	Seismic_Amplification:canonical	candidate_region_label	region	candidate_region	H1395:chr8:120179944-127476886:7
H1395	H1395:chr11:55000001-62716861:8	H1395_3.06_0.94_0.79	/data/KolmogorovLab/wakhan_paper/castle_full/wakhan_05/wakhan_H1395/wakhan/solution_1/bed_output/H1395_3.06_0.94_0.79	/data/KolmogorovLab/wakhan_paper/castle_full/wakhan_05/wakhan_H1395/wakhan/solution_1/vcf_output/H1395_3.06_0.94_0.79_wakhan_cna_integers.vcf	/data/KolmogorovLab/wakhan_paper/castle_full/wakhan_05/wakhan_H1395/severus/somatic_SVs/severus_somatic.vcf	C8	chr11	q	55000001	62716861	55000001-62716861	5	5	5	7716861	6.479318468999247e-07	True	4.256903681432126	2.8057561911562754	735559.0	1584655.0	2340381.0	True	4|5	0.8	0.75	0	0	1	0	2	2	0	0	0	0	0	0	4			0			2	0	0.0	1	0	1	1	False		noncanonicalB		55000001	62716861	chromothripsis	chromothripsis	chromothripsis:noncanonicalB	candidate_region_label	region	candidate_region	H1395:chr11:55000001-62716861:8
H1395	H1395:chr14:58867756-69539841:9	H1395_3.06_0.94_0.79	/data/KolmogorovLab/wakhan_paper/castle_full/wakhan_05/wakhan_H1395/wakhan/solution_1/bed_output/H1395_3.06_0.94_0.79	/data/KolmogorovLab/wakhan_paper/castle_full/wakhan_05/wakhan_H1395/wakhan/solution_1/vcf_output/H1395_3.06_0.94_0.79_wakhan_cna_integers.vcf	/data/KolmogorovLab/wakhan_paper/castle_full/wakhan_05/wakhan_H1395/severus/somatic_SVs/severus_somatic.vcf	C9	chr14	q	58867756	69539841	58867756-69539841	5	5	4	10672086	4.685119666389495e-07	True	2.5385848652269107	2.8057561911562754	1459940.0	1506927.0	2962245.0	False	3|2	0.8	0.5	1	0	1	3	0	0	0	0	0	0	0	0	6			0			0	2	0.0	1	3	0	1	False		noncanonicalB		58867756	69539841	chromothripsis	chromothripsis	chromothripsis:noncanonicalB	candidate_region_label	region	candidate_region	H1395:chr14:58867756-69539841:9
H1395	H1395:chr14:90931441-101098629:10	H1395_3.06_0.94_0.79	/data/KolmogorovLab/wakhan_paper/castle_full/wakhan_05/wakhan_H1395/wakhan/solution_1/bed_output/H1395_3.06_0.94_0.79	/data/KolmogorovLab/wakhan_paper/castle_full/wakhan_05/wakhan_H1395/wakhan/solution_1/vcf_output/H1395_3.06_0.94_0.79_wakhan_cna_integers.vcf	/data/KolmogorovLab/wakhan_paper/castle_full/wakhan_05/wakhan_H1395/severus/somatic_SVs/severus_somatic.vcf	C10	chr14	q	90931441	101098629	90931441-101098629	8	8	5	10167189	7.868448201366179e-07	True	5.324807869707153	2.8057561911562754	26352.75	464458.5	1699286.5	True	7|6	0.75	0.5714285714285714	0	0	0	0	1	1	3	3	0	0	0	0	9			0			0	4	0.0	5	0	0	5	False	noncanonical			90931441	101098629	Seismic_Amplification	Seismic_Amplification	Seismic_Amplification:noncanonical	candidate_region_label	region	candidate_region	H1395:chr14:90931441-101098629:10
H1395	H1395:chr16:46000001-48363069:11	H1395_3.06_0.94_0.79	/data/KolmogorovLab/wakhan_paper/castle_full/wakhan_05/wakhan_H1395/wakhan/solution_1/bed_output/H1395_3.06_0.94_0.79	/data/KolmogorovLab/wakhan_paper/castle_full/wakhan_05/wakhan_H1395/wakhan/solution_1/vcf_output/H1395_3.06_0.94_0.79_wakhan_cna_integers.vcf	/data/KolmogorovLab/wakhan_paper/castle_full/wakhan_05/wakhan_H1395/severus/somatic_SVs/severus_somatic.vcf	C11	chr16	q	46000001	48363069	46000001-48363069	1	1	1	2363069	4.231785021935458e-07	True	195.0	2.8057561911562754	2363069.0	2363069.0	2363069.0	False		0.0	0.0	0	0	0	0	0	0	0	0	0	0	0	1	1			0			1	0	0.0	0	0	0	0	True				46000001	48363069	ecDNA	ecDNA	ecDNA	candidate_region_label	region	candidate_region	H1395:chr16:46000001-48363069:11
H1395	H1395:chr18:11457824-14999999:12	H1395_3.06_0.94_0.79	/data/KolmogorovLab/wakhan_paper/castle_full/wakhan_05/wakhan_H1395/wakhan/solution_1/bed_output/H1395_3.06_0.94_0.79	/data/KolmogorovLab/wakhan_paper/castle_full/wakhan_05/wakhan_H1395/wakhan/solution_1/vcf_output/H1395_3.06_0.94_0.79_wakhan_cna_integers.vcf	/data/KolmogorovLab/wakhan_paper/castle_full/wakhan_05/wakhan_H1395/severus/somatic_SVs/severus_somatic.vcf	C12	chr18	p	11457824	14999999	11457824-14999999	2	2	2	3542176	5.646246826809283e-07	True	4.062339081965436	2.8057561911562754	940748.25	1771088.5	2601428.75	False		0.0	0.0	0	0	0	0	1	0	1	0	0	0	0	0	2	1.0	1.0	0			0	0	1.0	0	1	0	0	False			noncanonicalB	11457824	14999999	BFB	BFB	BFB:noncanonicalB	candidate_region_label	region	candidate_region	H1395:chr18:11457824-14999999:12
H1395	H1395:chr18:48905542-58733200:13	H1395_3.06_0.94_0.79	/data/KolmogorovLab/wakhan_paper/castle_full/wakhan_05/wakhan_H1395/wakhan/solution_1/bed_output/H1395_3.06_0.94_0.79	/data/KolmogorovLab/wakhan_paper/castle_full/wakhan_05/wakhan_H1395/wakhan/solution_1/vcf_output/H1395_3.06_0.94_0.79_wakhan_cna_integers.vcf	/data/KolmogorovLab/wakhan_paper/castle_full/wakhan_05/wakhan_H1395/severus/somatic_SVs/severus_somatic.vcf	C13	chr18	q	48905542	58733200	48905542-58733200	5	5	5	9827659	5.087681613698644e-07	True	4.733901023631366	2.8057561911562754	133819.0	987762.0	3981977.0	False	5|4	0.6	0.25	0	0	0	1	1	2	1	0	0	0	0	0	7	3.0	4.0	0			0	2	2.0	3	0	0	3	False			noncanonicalB	48905542	58733200	BFB	BFB	BFB:noncanonicalB	candidate_region_label	region	candidate_region	H1395:chr18:48905542-58733200:13
H1395	H1395:chr19:34837816-38633983:14	H1395_3.06_0.94_0.79	/data/KolmogorovLab/wakhan_paper/castle_full/wakhan_05/wakhan_H1395/wakhan/solution_1/bed_output/H1395_3.06_0.94_0.79	/data/KolmogorovLab/wakhan_paper/castle_full/wakhan_05/wakhan_H1395/wakhan/solution_1/vcf_output/H1395_3.06_0.94_0.79_wakhan_cna_integers.vcf	/data/KolmogorovLab/wakhan_paper/castle_full/wakhan_05/wakhan_H1395/severus/somatic_SVs/severus_somatic.vcf	C14	chr19	q	34837816	38633983	34837816-38633983	1	1	1	3796168	2.634235365768849e-07	True	3.0	2.8057561911562754	3796168.0	3796168.0	3796168.0	False		0.0	0.0	0	0	0	1	0	0	0	0	0	0	0	0	2	1.0	1.0	0			0	0	1.0	1	0	0	1	False			noncanonicalB	34837816	38633983	BFB	BFB	BFB:noncanonicalB	candidate_region_label	region	candidate_region	H1395:chr19:34837816-38633983:14
H1437	H1437:chr1:111853551-119999999:1	H1437_2.88_0.97_0.86	/data/KolmogorovLab/wakhan_paper/castle_full/wakhan_05/wakhan_H1437/wakhan/solution_1/bed_output/H1437_2.88_0.97_0.86	/data/KolmogorovLab/wakhan_paper/castle_full/wakhan_05/wakhan_H1437/wakhan/solution_1/vcf_output/H1437_2.88_0.97_0.86_wakhan_cna_integers.vcf	/data/KolmogorovLab/wakhan_paper/castle_full/wakhan_05/wakhan_H1437/severus/somatic_SVs/severus_somatic.vcf	C1	chr1	p	111853551	119999999	111853551-119999999	4	4	4	8146449	4.910114824262694e-07	True	4.0047389973226375	2.6420731816012664	1590127.0	2268462.0	2714947.5	False	7|5	0.5	0.3333333333333333	0	0	0	1	1	1	0	1	0	0	0	0	4			0			1	2	0.0	1	0	0	1	False				111853551	119999999				candidate_region_empty	empty_candidate_region	candidate_region	
H1437	H1437:chr5:0-5829466:2	H1437_2.88_0.97_0.86	/data/KolmogorovLab/wakhan_paper/castle_full/wakhan_05/wakhan_H1437/wakhan/solution_1/bed_output/H1437_2.88_0.97_0.86	/data/KolmogorovLab/wakhan_paper/castle_full/wakhan_05/wakhan_H1437/wakhan/solution_1/vcf_output/H1437_2.88_0.97_0.86_wakhan_cna_integers.vcf	/data/KolmogorovLab/wakhan_paper/castle_full/wakhan_05/wakhan_H1437/severus/somatic_SVs/severus_somatic.vcf	C2	chr5	p	0	5829466	0-5829466	10	10	8	5829467	1.7154226964489206e-06	True	7.082447503348076	2.6420731816012664	146909.25	425867.0	870955.75	False	4|9	0.4	0.1111111111111111	1	0	1	0	2	1	0	0	3	2	0	0	11	2.0	9.0	2	8.0	9.0	1	0	3.0	1	6	0	1	False	noncanonical		noncanonicalB	0	5829466	Seismic_Amplification;BFB	Seismic_Amplification;BFB	Seismic_Amplification:noncanonical;BFB:noncanonicalB	candidate_region_label	region	candidate_region	H1437:chr5:0-5829466:2
H1437	H1437:chr8:38023108-42999999:3	H1437_2.88_0.97_0.86	/data/KolmogorovLab/wakhan_paper/castle_full/wakhan_05/wakhan_H1437/wakhan/solution_1/bed_output/H1437_2.88_0.97_0.86	/data/KolmogorovLab/wakhan_paper/castle_full/wakhan_05/wakhan_H1437/wakhan/solution_1/vcf_output/H1437_2.88_0.97_0.86_wakhan_cna_integers.vcf	/data/KolmogorovLab/wakhan_paper/castle_full/wakhan_05/wakhan_H1437/severus/somatic_SVs/severus_somatic.vcf	C3	chr8	p	38023108	42999999	38023108-42999999	5	5	5	4976892	1.0046430583585097e-06	True	4.581271455395382	2.6420731816012664	233730.0	382200.0	1205166.0	False	2|3	0.6	0.25	0	0	2	1	1	0	1	0	0	0	0	0	5			0			0	0	0.0	4	1	0	4	False				38023108	42999999				candidate_region_empty	empty_candidate_region	candidate_region	
H1437	H1437:chr8:124330148-127869979:4	H1437_2.88_0.97_0.86	/data/KolmogorovLab/wakhan_paper/castle_full/wakhan_05/wakhan_H1437/wakhan/solution_1/bed_output/H1437_2.88_0.97_0.86	/data/KolmogorovLab/wakhan_paper/castle_full/wakhan_05/wakhan_H1437/wakhan/solution_1/vcf_output/H1437_2.88_0.97_0.86_wakhan_cna_integers.vcf	/data/KolmogorovLab/wakhan_paper/castle_full/wakhan_05/wakhan_H1437/severus/somatic_SVs/severus_somatic.vcf	C4	chr8	q	124330148	127869979	124330148-127869979	2	2	2	3539832	5.649985649036451e-07	True	5.96933187789703	2.6420731816012664	939238.0	1769916.0	2600594.0	False		0.0	0.0	0	0	0	0	0	1	1	0	0	0	0	0	3	2.0	2.0	0			0	1	1.0	1	0	0	1	False			noncanonicalB	124330148	127869979	BFB	BFB	BFB:noncanonicalB	candidate_region_label	region	candidate_region	H1437:chr8:124330148-127869979:4
H1437	H1437:chr9:5537125-23084309:5	H1437_2.88_0.97_0.86	/data/KolmogorovLab/wakhan_paper/castle_full/wakhan_05/wakhan_H1437/wakhan/solution_1/bed_output/H1437_2.88_0.97_0.86	/data/KolmogorovLab/wakhan_paper/castle_full/wakhan_05/wakhan_H1437/wakhan/solution_1/vcf_output/H1437_2.88_0.97_0.86_wakhan_cna_integers.vcf	/data/KolmogorovLab/wakhan_paper/castle_full/wakhan_05/wakhan_H1437/severus/somatic_SVs/severus_somatic.vcf	C5	chr9	p	5537125	23084309	5537125-23084309	10	10	10	17547185	5.698919798246842e-07	True	0.8368788101891852	2.6420731816012664	775684.25	1636341.0	2142468.75	False	1|0	0.7	0.4444444444444444	3	4	3	0	0	0	0	0	0	0	0	0	13	5.0	5.0	0			2	3	1.0	0	5	2	0	False		noncanonical	noncanonicalB	5537125	23084309	chromothripsis;BFB	chromothripsis;BFB	chromothripsis:noncanonical;BFB:noncanonicalB	candidate_region_label	region	candidate_region	H1437:chr9:5537125-23084309:5
H1437	H1437:chr9:123944957-128643829:6	H1437_2.88_0.97_0.86	/data/KolmogorovLab/wakhan_paper/castle_full/wakhan_05/wakhan_H1437/wakhan/solution_1/bed_output/H1437_2.88_0.97_0.86	/data/KolmogorovLab/wakhan_paper/castle_full/wakhan_05/wakhan_H1437/wakhan/solution_1/vcf_output/H1437_2.88_0.97_0.86_wakhan_cna_integers.vcf	/data/KolmogorovLab/wakhan_paper/castle_full/wakhan_05/wakhan_H1437/severus/somatic_SVs/severus_somatic.vcf	C6	chr9	q	123944957	128643829	123944957-128643829	2	2	1	4698873	4.256339764875535e-07	True	2.978210945475649	2.6420731816012664	1191782.25	2349436.5	3507090.75	False		0.0	0.0	1	0	0	1	0	0	0	0	0	0	0	0	4	3.0	3.0	1	3.0	3.0	0	1	1.0	2	0	0	2	False			noncanonicalB	123944957	128643829	BFB	BFB	BFB:noncanonicalB	candidate_region_label	region	candidate_region	H1437:chr9:123944957-128643829:6
H1437	H1437:chr12:29363617-32999999:7	H1437_2.88_0.97_0.86	/data/KolmogorovLab/wakhan_paper/castle_full/wakhan_05/wakhan_H1437/wakhan/solution_1/bed_output/H1437_2.88_0.97_0.86	/data/KolmogorovLab/wakhan_paper/castle_full/wakhan_05/wakhan_H1437/wakhan/solution_1/vcf_output/H1437_2.88_0.97_0.86_wakhan_cna_integers.vcf	/data/KolmogorovLab/wakhan_paper/castle_full/wakhan_05/wakhan_H1437/severus/somatic_SVs/severus_somatic.vcf	C7	chr12	p	29363617	32999999	29363617-32999999	4	4	4	3636383	1.099994142531191e-06	True	3.454175206517025	2.6420731816012664	364933.75	909675.5	1453837.75	True	4|6	0.75	0.6666666666666666	0	0	1	0	2	0	1	0	0	0	0	0	4			0			0	0	0.0	1	3	0	1	False		noncanonicalB		29363617	32999999	chromothripsis	chromothripsis	chromothripsis:noncanonicalB	candidate_region_label	region	candidate_region	H1437:chr12:29363617-32999999:7
H2009	H2009:chr1:45850148-56986953:1	H2009_2.39_0.97_0.8	/data/KolmogorovLab/wakhan_paper/castle_full/wakhan_05/wakhan_H2009/wakhan/solution_1/bed_output/H2009_2.39_0.97_0.8	/data/KolmogorovLab/wakhan_paper/castle_full/wakhan_05/wakhan_H2009/wakhan/solution_1/vcf_output/H2009_2.39_0.97_0.8_wakhan_cna_integers.vcf	/data/KolmogorovLab/wakhan_paper/castle_full/wakhan_05/wakhan_H2009/severus/somatic_SVs/severus_somatic.vcf	C1	chr1	p	45850148	56986953	45850148-56986953	10	10	9	11136806	8.979235159524194e-07	True	3.432415990724809	2.1928230604807477	470443.5	724068.0	1449355.5	True	3|4	0.8	0.5555555555555556	0	0	1	4	4	1	0	0	0	0	0	0	11			0			4	4	0.0	0	1	2	0	False		noncanonical		45850148	56986953	chromothripsis	chromothripsis	chromothripsis:noncanonical	candidate_region_label	region	candidate_region	H2009:chr1:45850148-56986953:1
H2009	H2009:chr1:151000001-156374139:2	H2009_2.39_0.97_0.8	/data/KolmogorovLab/wakhan_paper/castle_full/wakhan_05/wakhan_H2009/wakhan/solution_1/bed_output/H2009_2.39_0.97_0.8	/data/KolmogorovLab/wakhan_paper/castle_full/wakhan_05/wakhan_H2009/wakhan/solution_1/vcf_output/H2009_2.39_0.97_0.8_wakhan_cna_integers.vcf	/data/KolmogorovLab/wakhan_paper/castle_full/wakhan_05/wakhan_H2009/severus/somatic_SVs/severus_somatic.vcf	C1	chr1	q	151000001	156374139	151000001-156374139	5	5	5	5374139	9.303815922885508e-07	True	4.1965682316739485	2.1928230604807477	559282.0	678165.0	1598973.0	True	4|5	1.0	1.0	0	0	0	0	3	2	0	0	0	0	0	0	5			0			2	0	0.0	0	3	0	0	False		noncanonical		151000001	156374139	chromothripsis	chromothripsis	chromothripsis:noncanonical	candidate_region_label	region	candidate_region	H2009:chr1:151000001-156374139:2
H2009	H2009:chr1:173590064-196663842:3	H2009_2.39_0.97_0.8	/data/KolmogorovLab/wakhan_paper/castle_full/wakhan_05/wakhan_H2009/wakhan/solution_1/bed_output/H2009_2.39_0.97_0.8	/data/KolmogorovLab/wakhan_paper/castle_full/wakhan_05/wakhan_H2009/wakhan/solution_1/vcf_output/H2009_2.39_0.97_0.8_wakhan_cna_integers.vcf	/data/KolmogorovLab/wakhan_paper/castle_full/wakhan_05/wakhan_H2009/severus/somatic_SVs/severus_somatic.vcf	C2	chr1	q	173590064	196663842	173590064-196663842	19	20	20	23073779	8.66784760311694e-07	True	4.352673538853471	2.1928230604807477	376901.75	508249.0	1190259.5	True	4|5	0.9	0.7894736842105263	0	0	0	1	9	9	1	0	0	0	0	0	21			0			3	3	0.0	7	8	0	7	False		noncanonical		173590064	196663842	chromothripsis	chromothripsis	chromothripsis:noncanonical	candidate_region_label	region	candidate_region	H2009:chr1:173590064-196663842:3
H2009	H2009:chr3:56114072-61312739:4	H2009_2.39_0.97_0.8	/data/KolmogorovLab/wakhan_paper/castle_full/wakhan_05/wakhan_H2009/wakhan/solution_1/bed_output/H2009_2.39_0.97_0.8	/data/KolmogorovLab/wakhan_paper/castle_full/wakhan_05/wakhan_H2009/wakhan/solution_1/vcf_output/H2009_2.39_0.97_0.8_wakhan_cna_integers.vcf	/data/KolmogorovLab/wakhan_paper/castle_full/wakhan_05/wakhan_H2009/severus/somatic_SVs/severus_somatic.vcf	C3	chr3	p	56114072	61312739	56114072-61312739	5	5	5	5198668	9.617848264209217e-07	True	2.094613658729505	2.1928230604807477	107489.0	176841.0	1066186.0	True	3|2	0.8	0.75	0	0	2	2	1	0	0	0	0	0	0	0	6			0			0	6	0.0	0	0	0	0	False		noncanonicalB		56114072	61312739	chromothripsis	chromothripsis	chromothripsis:noncanonicalB	candidate_region_label	region	candidate_region	H2009:chr3:56114072-61312739:4
H2009	H2009:chr12:101496434-105293022:5	H2009_2.39_0.97_0.8	/data/KolmogorovLab/wakhan_paper/castle_full/wakhan_05/wakhan_H2009/wakhan/solution_1/bed_output/H2009_2.39_0.97_0.8	/data/KolmogorovLab/wakhan_paper/castle_full/wakhan_05/wakhan_H2009/wakhan/solution_1/vcf_output/H2009_2.39_0.97_0.8_wakhan_cna_integers.vcf	/data/KolmogorovLab/wakhan_paper/castle_full/wakhan_05/wakhan_H2009/severus/somatic_SVs/severus_somatic.vcf	C4	chr12	q	101496434	105293022	101496434-105293022	2	2	2	3796589	5.26788651602794e-07	True	3.1527273560556592	2.1928230604807477	1239068.75	1898294.5	2557520.25	False		0.0	0.0	0	0	0	1	1	0	0	0	0	0	0	0	3	3.0	3.0	1	3.0	3.0	0	0	1.0	0	1	1	0	False			noncanonical	101496434	105293022	BFB	BFB	BFB:noncanonical	candidate_region_label	region	candidate_region	H2009:chr12:101496434-105293022:5
H2009	H2009:chr13:48402084-58685643:6	H2009_2.39_0.97_0.8	/data/KolmogorovLab/wakhan_paper/castle_full/wakhan_05/wakhan_H2009/wakhan/solution_1/bed_output/H2009_2.39_0.97_0.8	/data/KolmogorovLab/wakhan_paper/castle_full/wakhan_05/wakhan_H2009/wakhan/solution_1/vcf_output/H2009_2.39_0.97_0.8_wakhan_cna_integers.vcf	/data/KolmogorovLab/wakhan_paper/castle_full/wakhan_05/wakhan_H2009/severus/somatic_SVs/severus_somatic.vcf	C5	chr13	q	48402084	58685643	48402084-58685643	8	8	7	10283560	7.779407131382517e-07	True	1.7055387606864705	2.1928230604807477	302398.25	585673.0	1943798.75	False	1|3	0.625	0.2857142857142857	1	3	0	2	2	0	0	0	0	0	0	0	9			0			2	0	0.0	0	2	5	0	False				48402084	58685643				candidate_region_empty	empty_candidate_region	candidate_region	
H2009	H2009:chr13:93806668-107681239:7	H2009_2.39_0.97_0.8	/data/KolmogorovLab/wakhan_paper/castle_full/wakhan_05/wakhan_H2009/wakhan/solution_1/bed_output/H2009_2.39_0.97_0.8	/data/KolmogorovLab/wakhan_paper/castle_full/wakhan_05/wakhan_H2009/wakhan/solution_1/vcf_output/H2009_2.39_0.97_0.8_wakhan_cna_integers.vcf	/data/KolmogorovLab/wakhan_paper/castle_full/wakhan_05/wakhan_H2009/severus/somatic_SVs/severus_somatic.vcf	C2	chr13	q	93806668	107681239	93806668-107681239	11	11	11	13874572	7.928172487050412e-07	True	4.759189616804036	2.1928230604807477	365235.0	646317.0	1628778.0	True	5|6	0.7272727272727273	0.6	0	1	0	0	2	5	3	0	0	0	0	0	12			0			4	0	0.0	5	2	1	5	False		noncanonical		93806668	107681239	chromothripsis	chromothripsis	chromothripsis:noncanonical	candidate_region_label	region	candidate_region	H2009:chr13:93806668-107681239:7
HCC1937	HCC1937:chr3:185299317-198295559:1	HCC1937_4.52_0.96_0.82	/data/KolmogorovLab/wakhan_paper/castle_full/wakhan_05/wakhan_HCC1937/wakhan/solution_1/bed_output/HCC1937_4.52_0.96_0.82	/data/KolmogorovLab/wakhan_paper/castle_full/wakhan_05/wakhan_HCC1937/wakhan/solution_1/vcf_output/HCC1937_4.52_0.96_0.82_wakhan_cna_integers.vcf	/data/KolmogorovLab/wakhan_paper/castle_full/wakhan_05/wakhan_HCC1937/severus/somatic_SVs/severus_somatic.vcf	C1	chr3	q	185299317	198295559	185299317-198295559	6	6	5	12996243	4.616718847131437e-07	True	10.893251089064572	4.144137695972307	476385.75	1789974.0	3841110.75	False	11|6	0.6666666666666666	0.4	0	0	1	0	0	0	1	0	0	4	0	0	5			0			2	2	0.0	1	0	0	1	False				185299317	198295559				candidate_region_empty	empty_candidate_region	candidate_region	
HCC1937	HCC1937:chr4:128186850-130366021:2	HCC1937_4.52_0.96_0.82	/data/KolmogorovLab/wakhan_paper/castle_full/wakhan_05/wakhan_HCC1937/wakhan/solution_1/bed_output/HCC1937_4.52_0.96_0.82	/data/KolmogorovLab/wakhan_paper/castle_full/wakhan_05/wakhan_HCC1937/wakhan/solution_1/vcf_output/HCC1937_4.52_0.96_0.82_wakhan_cna_integers.vcf	/data/KolmogorovLab/wakhan_paper/castle_full/wakhan_05/wakhan_HCC1937/severus/somatic_SVs/severus_somatic.vcf	C2	chr4	q	128186850	130366021	128186850-130366021	2	2	1	2179172	9.1777978057721e-07	True	3.042098978787376	4.144137695972307	567728.25	1089586.5	1611444.75	False		0.0	0.0	0	0	0	1	0	1	0	0	0	0	0	0	3	2.0	2.0	1	2.0	2.0	0	0	1.0	1	1	0	1	False			noncanonicalB	128186850	130366021	BFB	BFB	BFB:noncanonicalB	candidate_region_label	region	candidate_region	HCC1937:chr4:128186850-130366021:2
HCC1937	HCC1937:chr5:52000001-54211375:3	HCC1937_4.52_0.96_0.82	/data/KolmogorovLab/wakhan_paper/castle_full/wakhan_05/wakhan_HCC1937/wakhan/solution_1/bed_output/HCC1937_4.52_0.96_0.82	/data/KolmogorovLab/wakhan_paper/castle_full/wakhan_05/wakhan_HCC1937/wakhan/solution_1/vcf_output/HCC1937_4.52_0.96_0.82_wakhan_cna_integers.vcf	/data/KolmogorovLab/wakhan_paper/castle_full/wakhan_05/wakhan_HCC1937/severus/somatic_SVs/severus_somatic.vcf	C3	chr5	q	52000001	54211375	52000001-54211375	2	2	2	2211375	9.044146741280876e-07	True	9.047612458312136	4.144137695972307	842426.75	1105687.5	1368948.25	False		0.0	0.0	0	0	0	0	0	0	0	0	1	1	0	0	2	2.0	2.0	1	2.0	2.0	0	0	1.0	1	0	0	1	False	noncanonical		noncanonical	52000001	54211375	Seismic_Amplification;BFB	Seismic_Amplification;BFB	Seismic_Amplification:noncanonical;BFB:noncanonical	candidate_region_label	region	candidate_region	HCC1937:chr5:52000001-54211375:3
HCC1937	HCC1937:chr6:18875101-23707534:4	HCC1937_4.52_0.96_0.82	/data/KolmogorovLab/wakhan_paper/castle_full/wakhan_05/wakhan_HCC1937/wakhan/solution_1/bed_output/HCC1937_4.52_0.96_0.82	/data/KolmogorovLab/wakhan_paper/castle_full/wakhan_05/wakhan_HCC1937/wakhan/solution_1/vcf_output/HCC1937_4.52_0.96_0.82_wakhan_cna_integers.vcf	/data/KolmogorovLab/wakhan_paper/castle_full/wakhan_05/wakhan_HCC1937/severus/somatic_SVs/severus_somatic.vcf	C4	chr6	p	18875101	23707534	18875101-23707534	9	9	8	4832434	1.8624155032432928e-06	True	5.217706232511401	4.144137695972307	115264.0	346208.0	768656.0	False	6|4	0.5555555555555556	0.125	0	0	0	0	2	2	3	0	2	0	0	0	10			0			0	4	0.0	1	5	0	1	False	noncanonical			18875101	23707534	Seismic_Amplification	Seismic_Amplification	Seismic_Amplification:noncanonical	candidate_region_label	region	candidate_region	HCC1937:chr6:18875101-23707534:4
HCC1937	HCC1937:chr8:136730189-145138636:5	HCC1937_4.52_0.96_0.82	/data/KolmogorovLab/wakhan_paper/castle_full/wakhan_05/wakhan_HCC1937/wakhan/solution_1/bed_output/HCC1937_4.52_0.96_0.82	/data/KolmogorovLab/wakhan_paper/castle_full/wakhan_05/wakhan_HCC1937/wakhan/solution_1/vcf_output/HCC1937_4.52_0.96_0.82_wakhan_cna_integers.vcf	/data/KolmogorovLab/wakhan_paper/castle_full/wakhan_05/wakhan_HCC1937/severus/somatic_SVs/severus_somatic.vcf	C5	chr8	q	136730189	145138636	136730189-145138636	8	8	4	8408448	9.514240915802772e-07	True	12.223409718416526	4.144137695972307	65583.25	273024.5	1983771.75	False	12|15	0.5	0.4285714285714285	0	0	1	0	0	0	0	0	1	6	0	0	7			0			2	2	0.0	3	0	0	3	False	noncanonical			136730189	145138636	Seismic_Amplification	Seismic_Amplification	Seismic_Amplification:noncanonical	candidate_region_label	region	candidate_region	HCC1937:chr8:136730189-145138636:5
HCC1937	HCC1937:chr12:38000001-46021190:6	HCC1937_4.52_0.96_0.82	/data/KolmogorovLab/wakhan_paper/castle_full/wakhan_05/wakhan_HCC1937/wakhan/solution_1/bed_output/HCC1937_4.52_0.96_0.82	/data/KolmogorovLab/wakhan_paper/castle_full/wakhan_05/wakhan_HCC1937/wakhan/solution_1/vcf_output/HCC1937_4.52_0.96_0.82_wakhan_cna_integers.vcf	/data/KolmogorovLab/wakhan_paper/castle_full/wakhan_05/wakhan_HCC1937/severus/somatic_SVs/severus_somatic.vcf	C6	chr12	q	38000001	46021190	38000001-46021190	3	3	3	8021190	3.74009342753382e-07	True	4.069613610948002	4.144137695972307	1847727.0	3137070.0	3731403.0	True	4|5	1.0	1.0	0	0	0	0	2	1	0	0	0	0	0	0	4	4.0	4.0	0			0	2	1.0	1	0	0	1	False			noncanonicalB	38000001	46021190	BFB	BFB	BFB:noncanonicalB	candidate_region_label	region	candidate_region	HCC1937:chr12:38000001-46021190:6
HCC1937	HCC1937:chr16:46000001-48375678:7	HCC1937_4.52_0.96_0.82	/data/KolmogorovLab/wakhan_paper/castle_full/wakhan_05/wakhan_HCC1937/wakhan/solution_1/bed_output/HCC1937_4.52_0.96_0.82	/data/KolmogorovLab/wakhan_paper/castle_full/wakhan_05/wakhan_HCC1937/wakhan/solution_1/vcf_output/HCC1937_4.52_0.96_0.82_wakhan_cna_integers.vcf	/data/KolmogorovLab/wakhan_paper/castle_full/wakhan_05/wakhan_HCC1937/severus/somatic_SVs/severus_somatic.vcf	C7	chr16	q	46000001	48375678	46000001-48375678	5	5	4	2375678	2.104662332184749e-06	True	8.452052885910561	4.144137695972307	143653.0	433076.0	571606.0	False	9|8	0.6	0.0	0	0	0	0	0	0	0	1	3	1	0	0	5			0			3	2	0.0	0	0	0	0	False	canonical			46000001	48375678	Seismic_Amplification	Seismic_Amplification	Seismic_Amplification:canonical	candidate_region_label	region	candidate_region	HCC1937:chr16:46000001-48375678:7
HCC1954	HCC1954:chr1:151000001-157603647:1	HCC1954_4.68_0.89_0.91	/data/KolmogorovLab/wakhan_paper/castle_full/wakhan_05/wakhan_HCC1954/wakhan/solution_1/bed_output/HCC1954_4.68_0.89_0.91	/data/KolmogorovLab/wakhan_paper/castle_full/wakhan_05/wakhan_HCC1954/wakhan/solution_1/vcf_output/HCC1954_4.68_0.89_0.91_wakhan_cna_integers.vcf	/data/KolmogorovLab/wakhan_paper/castle_full/wakhan_05/wakhan_HCC1954/severus/somatic_SVs/severus_somatic.vcf	C1	chr1	q	151000001	157603647	151000001-157603647	5	5	3	6603647	7.571573707680014e-07	True	7.178905837940762	4.289749396910785	79399.0	614263.0	1018800.0	True	7|8	0.8	0.75	0	0	0	0	0	0	0	2	3	0	0	0	5	5.0	5.0	1	5.0	5.0	0	2	1.0	0	1	1	0	False	canonical		noncanonical	151000001	157603647	Seismic_Amplification;BFB	Seismic_Amplification;BFB	Seismic_Amplification:canonical;BFB:noncanonical	candidate_region_label	region	candidate_region	HCC1954:chr1:151000001-157603647:1
HCC1954	HCC1954:chr2:96000001-100873753:2	HCC1954_4.68_0.89_0.91	/data/KolmogorovLab/wakhan_paper/castle_full/wakhan_05/wakhan_HCC1954/wakhan/solution_1/bed_output/HCC1954_4.68_0.89_0.91	/data/KolmogorovLab/wakhan_paper/castle_full/wakhan_05/wakhan_HCC1954/wakhan/solution_1/vcf_output/HCC1954_4.68_0.89_0.91_wakhan_cna_integers.vcf	/data/KolmogorovLab/wakhan_paper/castle_full/wakhan_05/wakhan_HCC1954/severus/somatic_SVs/severus_somatic.vcf	C2	chr2	q	96000001	100873753	96000001-100873753	5	5	5	4873753	1.0259034464815922e-06	True	5.037902002830262	4.289749396910785	253368.0	286910.0	2080884.0	False	5|6	0.8	0.5	0	0	0	0	1	2	2	0	0	0	0	0	5			0			0	2	0.0	3	0	0	3	False				96000001	100873753				candidate_region_empty	empty_candidate_region	candidate_region	
HCC1954	HCC1954:chr2:147926458-151799362:3	HCC1954_4.68_0.89_0.91	/data/KolmogorovLab/wakhan_paper/castle_full/wakhan_05/wakhan_HCC1954/wakhan/solution_1/bed_output/HCC1954_4.68_0.89_0.91	/data/KolmogorovLab/wakhan_paper/castle_full/wakhan_05/wakhan_HCC1954/wakhan/solution_1/vcf_output/HCC1954_4.68_0.89_0.91_wakhan_cna_integers.vcf	/data/KolmogorovLab/wakhan_paper/castle_full/wakhan_05/wakhan_HCC1954/severus/somatic_SVs/severus_somatic.vcf	C3	chr2	q	147926458	151799362	147926458-151799362	1	1	1	3872905	2.582041129333149e-07	True	6.0	4.289749396910785	3872905.0	3872905.0	3872905.0	False		0.0	0.0	0	0	0	0	0	0	1	0	0	0	0	0	2	1.0	1.0	0			0	0	1.0	1	0	0	1	False			noncanonicalB	147926458	151799362	BFB	BFB	BFB:noncanonicalB	candidate_region_label	region	candidate_region	HCC1954:chr2:147926458-151799362:3
HCC1954	HCC1954:chr2:198255428-205692703:4	HCC1954_4.68_0.89_0.91	/data/KolmogorovLab/wakhan_paper/castle_full/wakhan_05/wakhan_HCC1954/wakhan/solution_1/bed_output/HCC1954_4.68_0.89_0.91	/data/KolmogorovLab/wakhan_paper/castle_full/wakhan_05/wakhan_HCC1954/wakhan/solution_1/vcf_output/HCC1954_4.68_0.89_0.91_wakhan_cna_integers.vcf	/data/KolmogorovLab/wakhan_paper/castle_full/wakhan_05/wakhan_HCC1954/severus/somatic_SVs/severus_somatic.vcf	C4	chr2	q	198255428	205692703	198255428-205692703	5	5	5	7437276	6.722891553305269e-07	True	2.922704640421488	4.289749396910785	654238.0	822484.0	2334699.0	True	3|2	0.8	0.75	0	0	2	2	1	0	0	0	0	0	0	0	6	5.0	5.0	0			2	0	1.0	2	0	1	2	False		noncanonicalB	noncanonicalB	198255428	205692703	chromothripsis;BFB	chromothripsis;BFB	chromothripsis:noncanonicalB;BFB:noncanonicalB	candidate_region_label	region	candidate_region	HCC1954:chr2:198255428-205692703:4
HCC1954	HCC1954:chr4:0-4799073:5	HCC1954_4.68_0.89_0.91	/data/KolmogorovLab/wakhan_paper/castle_full/wakhan_05/wakhan_HCC1954/wakhan/solution_1/bed_output/HCC1954_4.68_0.89_0.91	/data/KolmogorovLab/wakhan_paper/castle_full/wakhan_05/wakhan_HCC1954/wakhan/solution_1/vcf_output/HCC1954_4.68_0.89_0.91_wakhan_cna_integers.vcf	/data/KolmogorovLab/wakhan_paper/castle_full/wakhan_05/wakhan_HCC1954/severus/somatic_SVs/severus_somatic.vcf	C5	chr4	p	0	4799073	0-4799073	6	6	5	4799074	1.25024119236336e-06	True	3.968093011276759	4.289749396910785	214636.25	764857.5	1342011.25	True	4|3	0.8333333333333334	0.6	0	0	0	2	3	1	0	0	0	0	0	0	7			0			4	3	0.0	0	0	0	0	False				0	4799073				candidate_region_empty	empty_candidate_region	candidate_region	
HCC1954	HCC1954:chr4:38478872-47999999:6	HCC1954_4.68_0.89_0.91	/data/KolmogorovLab/wakhan_paper/castle_full/wakhan_05/wakhan_HCC1954/wakhan/solution_1/bed_output/HCC1954_4.68_0.89_0.91	/data/KolmogorovLab/wakhan_paper/castle_full/wakhan_05/wakhan_HCC1954/wakhan/solution_1/vcf_output/HCC1954_4.68_0.89_0.91_wakhan_cna_integers.vcf	/data/KolmogorovLab/wakhan_paper/castle_full/wakhan_05/wakhan_HCC1954/severus/somatic_SVs/severus_somatic.vcf	C6	chr4	p	38478872	47999999	38478872-47999999	8	8	7	9521128	8.402365770106231e-07	True	5.042274288871174	4.289749396910785	193650.75	679488.0	1932207.5	False	5|4	0.5	0.1428571428571428	1	0	0	0	1	3	1	1	1	0	0	0	8	7.0	7.0	0			0	2	1.0	3	2	0	3	False			noncanonicalB	38478872	47999999	BFB	BFB	BFB:noncanonicalB	candidate_region_label	region	candidate_region	HCC1954:chr4:38478872-47999999:6
HCC1954	HCC1954:chr4:113806267-124363472:7	HCC1954_4.68_0.89_0.91	/data/KolmogorovLab/wakhan_paper/castle_full/wakhan_05/wakhan_HCC1954/wakhan/solution_1/bed_output/HCC1954_4.68_0.89_0.91	/data/KolmogorovLab/wakhan_paper/castle_full/wakhan_05/wakhan_HCC1954/wakhan/solution_1/vcf_output/HCC1954_4.68_0.89_0.91_wakhan_cna_integers.vcf	/data/KolmogorovLab/wakhan_paper/castle_full/wakhan_05/wakhan_HCC1954/severus/somatic_SVs/severus_somatic.vcf	C7	chr4	q	113806267	124363472	113806267-124363472	11	11	9	10557206	1.0419423472460422e-06	True	3.6847497936954543	4.289749396910785	286922.0	903802.0	1198660.5	True	4|3	0.8181818181818182	0.7	0	0	1	4	5	1	0	0	0	0	0	0	12	9.0	9.0	0			2	4	1.0	0	4	1	0	False		noncanonical	noncanonicalB	113806267	124363472	chromothripsis;BFB	chromothripsis;BFB	chromothripsis:noncanonical;BFB:noncanonicalB	candidate_region_label	region	candidate_region	HCC1954:chr4:113806267-124363472:7
HCC1954	HCC1954:chr4:144179786-178151261:8	HCC1954_4.68_0.89_0.91	/data/KolmogorovLab/wakhan_paper/castle_full/wakhan_05/wakhan_HCC1954/wakhan/solution_1/bed_output/HCC1954_4.68_0.89_0.91	/data/KolmogorovLab/wakhan_paper/castle_full/wakhan_05/wakhan_HCC1954/wakhan/solution_1/vcf_output/HCC1954_4.68_0.89_0.91_wakhan_cna_integers.vcf	/data/KolmogorovLab/wakhan_paper/castle_full/wakhan_05/wakhan_HCC1954/severus/somatic_SVs/severus_somatic.vcf	C8	chr4	q	144179786	178151261	144179786-178151261	38	38	28	33971476	1.1185854862473449e-06	True	3.995765536516776	4.289749396910785	94724.75	323457.0	1329490.5	False	3|4	0.5	0.1351351351351351	0	0	1	10	9	6	3	4	5	0	0	0	40			0			8	6	0.0	23	3	0	23	True	noncanonical		noncanonical	144179786	178151261	ecDNA;Seismic_Amplification;BFB	ecDNA;Seismic_Amplification;BFB	ecDNA;Seismic_Amplification:noncanonical;BFB:noncanonical	candidate_region_label	region	candidate_region	HCC1954:chr4:144179786-178151261:8
HCC1954	HCC1954:chr5:0-3209105:9	HCC1954_4.68_0.89_0.91	/data/KolmogorovLab/wakhan_paper/castle_full/wakhan_05/wakhan_HCC1954/wakhan/solution_1/bed_output/HCC1954_4.68_0.89_0.91	/data/KolmogorovLab/wakhan_paper/castle_full/wakhan_05/wakhan_HCC1954/wakhan/solution_1/vcf_output/HCC1954_4.68_0.89_0.91_wakhan_cna_integers.vcf	/data/KolmogorovLab/wakhan_paper/castle_full/wakhan_05/wakhan_HCC1954/severus/somatic_SVs/severus_somatic.vcf	C8	chr5	p	0	3209105	0-3209105	25	25	12	3209106	7.790331637533943e-06	True	33.18875126320188	4.289749396910785	51011.0	91793.0	180392.0	False	28|29	0.2	0.0416666666666666	0	0	0	0	0	0	0	1	0	2	13	9	25			0			0	1	0.0	19	5	0	19	True	noncanonical		noncanonical	0	3209105	ecDNA;Seismic_Amplification;BFB	ecDNA;Seismic_Amplification;BFB	ecDNA;Seismic_Amplification:noncanonical;BFB:noncanonical	candidate_region_label	region	candidate_region	HCC1954:chr5:0-3209105:9
HCC1954	HCC1954:chr5:25588866-33474335:10	HCC1954_4.68_0.89_0.91	/data/KolmogorovLab/wakhan_paper/castle_full/wakhan_05/wakhan_HCC1954/wakhan/solution_1/bed_output/HCC1954_4.68_0.89_0.91	/data/KolmogorovLab/wakhan_paper/castle_full/wakhan_05/wakhan_HCC1954/wakhan/solution_1/vcf_output/HCC1954_4.68_0.89_0.91_wakhan_cna_integers.vcf	/data/KolmogorovLab/wakhan_paper/castle_full/wakhan_05/wakhan_HCC1954/severus/somatic_SVs/severus_somatic.vcf	C9	chr5	p	25588866	33474335	25588866-33474335	4	4	4	7885470	5.072620909089756e-07	True	6.630441098572298	4.289749396910785	938328.0	1907208.0	2940247.5	True	6|7	0.75	0.6666666666666666	0	0	0	0	0	0	2	1	1	0	0	0	5			0			2	0	0.0	2	1	0	2	False		noncanonicalB		25588866	33474335	chromothripsis	chromothripsis	chromothripsis:noncanonicalB	candidate_region_label	region	candidate_region	HCC1954:chr5:25588866-33474335:10
HCC1954	HCC1954:chr5:102783181-117504971:11	HCC1954_4.68_0.89_0.91	/data/KolmogorovLab/wakhan_paper/castle_full/wakhan_05/wakhan_HCC1954/wakhan/solution_1/bed_output/HCC1954_4.68_0.89_0.91	/data/KolmogorovLab/wakhan_paper/castle_full/wakhan_05/wakhan_HCC1954/wakhan/solution_1/vcf_output/HCC1954_4.68_0.89_0.91_wakhan_cna_integers.vcf	/data/KolmogorovLab/wakhan_paper/castle_full/wakhan_05/wakhan_HCC1954/severus/somatic_SVs/severus_somatic.vcf	C8	chr5	q	102783181	117504971	102783181-117504971	72	72	43	14721791	4.890709289379261e-06	True	6.987719771943571	4.289749396910785	62117.25	113461.0	220104.5	False	9|5	0.2916666666666667	0.0	0	0	0	1	9	9	4	5	28	15	1	0	73	15.0	15.0	0			13	13	1.0	16	29	1	16	True	noncanonical		noncanonical	102783181	117504971	ecDNA;Seismic_Amplification;BFB	ecDNA;Seismic_Amplification;BFB	ecDNA;Seismic_Amplification:noncanonical;BFB:noncanonical	candidate_region_label	region	candidate_region	HCC1954:chr5:102783181-117504971:11
HCC1954	HCC1954:chr5:175753434-181538259:12	HCC1954_4.68_0.89_0.91	/data/KolmogorovLab/wakhan_paper/castle_full/wakhan_05/wakhan_HCC1954/wakhan/solution_1/bed_output/HCC1954_4.68_0.89_0.91	/data/KolmogorovLab/wakhan_paper/castle_full/wakhan_05/wakhan_HCC1954/wakhan/solution_1/vcf_output/HCC1954_4.68_0.89_0.91_wakhan_cna_integers.vcf	/data/KolmogorovLab/wakhan_paper/castle_full/wakhan_05/wakhan_HCC1954/severus/somatic_SVs/severus_somatic.vcf	C8	chr5	q	175753434	181538259	175753434-181538259	21	21	11	5784826	3.630186975373157e-06	True	8.950894494738826	4.289749396910785	38258.0	101424.0	203151.0	False	20|12	0.2857142857142857	0.05	0	0	1	0	2	1	1	1	0	8	7	0	23	5.0	18.0	1	5.0	5.0	3	1	2.0	12	5	0	12	True	noncanonical		noncanonical	175753434	181538259	ecDNA;Seismic_Amplification;BFB	ecDNA;Seismic_Amplification;BFB	ecDNA;Seismic_Amplification:noncanonical;BFB:noncanonical	candidate_region_label	region	candidate_region	HCC1954:chr5:175753434-181538259:12
HCC1954	HCC1954:chr8:39339828-42999999:13	HCC1954_4.68_0.89_0.91	/data/KolmogorovLab/wakhan_paper/castle_full/wakhan_05/wakhan_HCC1954/wakhan/solution_1/bed_output/HCC1954_4.68_0.89_0.91	/data/KolmogorovLab/wakhan_paper/castle_full/wakhan_05/wakhan_HCC1954/wakhan/solution_1/vcf_output/HCC1954_4.68_0.89_0.91_wakhan_cna_integers.vcf	/data/KolmogorovLab/wakhan_paper/castle_full/wakhan_05/wakhan_HCC1954/severus/somatic_SVs/severus_somatic.vcf	C10	chr8	p	39339828	42999999	39339828-42999999	7	7	4	3660172	1.912478429975422e-06	True	7.909990320129677	4.289749396910785	46160.5	252196.0	297515.0	False	8|3	0.4285714285714285	0.0	0	0	0	1	0	1	0	0	3	2	0	0	7	1.0	3.0	0			0	2	2.0	2	0	1	2	False	noncanonical		noncanonicalB	39339828	42999999	Seismic_Amplification;BFB	Seismic_Amplification;BFB	Seismic_Amplification:noncanonical;BFB:noncanonicalB	candidate_region_label	region	candidate_region	HCC1954:chr8:39339828-42999999:13
HCC1954	HCC1954:chr8:71218391-132804534:14	HCC1954_4.68_0.89_0.91	/data/KolmogorovLab/wakhan_paper/castle_full/wakhan_05/wakhan_HCC1954/wakhan/solution_1/bed_output/HCC1954_4.68_0.89_0.91	/data/KolmogorovLab/wakhan_paper/castle_full/wakhan_05/wakhan_HCC1954/wakhan/solution_1/vcf_output/HCC1954_4.68_0.89_0.91_wakhan_cna_integers.vcf	/data/KolmogorovLab/wakhan_paper/castle_full/wakhan_05/wakhan_HCC1954/severus/somatic_SVs/severus_somatic.vcf	C8	chr8	q	71218391	132804534	71218391-132804534	181	181	110	61586144	2.938972766341728e-06	True	11.223467686090562	4.289749396910785	70240.0	138027.0	324017.0	False	8|9	0.1602209944751381	0.0111111111111111	2	0	0	0	4	7	7	11	42	68	38	2	193	8.0	184.0	1	153.0	153.0	36	22	7.0	64	60	4	64	True	noncanonical		noncanonical	71218391	132804534	ecDNA;Seismic_Amplification;BFB	ecDNA;Seismic_Amplification;BFB	ecDNA;Seismic_Amplification:noncanonical;BFB:noncanonical	candidate_region_label	region	candidate_region	HCC1954:chr8:71218391-132804534:14
HCC1954	HCC1954:chr9:0-18581391:15	HCC1954_4.68_0.89_0.91	/data/KolmogorovLab/wakhan_paper/castle_full/wakhan_05/wakhan_HCC1954/wakhan/solution_1/bed_output/HCC1954_4.68_0.89_0.91	/data/KolmogorovLab/wakhan_paper/castle_full/wakhan_05/wakhan_HCC1954/wakhan/solution_1/vcf_output/HCC1954_4.68_0.89_0.91_wakhan_cna_integers.vcf	/data/KolmogorovLab/wakhan_paper/castle_full/wakhan_05/wakhan_HCC1954/severus/somatic_SVs/severus_somatic.vcf	C11	chr9	p	0	18581391	0-18581391	28	28	26	18581392	1.506883876084203e-06	True	13.734265437330002	4.289749396910785	258420.0	519068.5	941492.5	False	14|12	0.3928571428571428	0.1481481481481481	0	0	0	0	0	0	0	1	1	25	1	0	27	1.0	23.0	0			4	4	4.0	13	2	0	13	False	noncanonical		noncanonicalB	0	18581391	Seismic_Amplification;BFB	Seismic_Amplification;BFB	Seismic_Amplification:noncanonical;BFB:noncanonicalB	candidate_region_label	region	candidate_region	HCC1954:chr9:0-18581391:15
HCC1954	HCC1954:chr9:125674254-127832869:16	HCC1954_4.68_0.89_0.91	/data/KolmogorovLab/wakhan_paper/castle_full/wakhan_05/wakhan_HCC1954/wakhan/solution_1/bed_output/HCC1954_4.68_0.89_0.91	/data/KolmogorovLab/wakhan_paper/castle_full/wakhan_05/wakhan_HCC1954/wakhan/solution_1/vcf_output/HCC1954_4.68_0.89_0.91_wakhan_cna_integers.vcf	/data/KolmogorovLab/wakhan_paper/castle_full/wakhan_05/wakhan_HCC1954/severus/somatic_SVs/severus_somatic.vcf	C12	chr9	q	125674254	127832869	125674254-127832869	5	5	5	2158616	2.316298961927457e-06	True	4.754803077527453	4.289749396910785	160591.0	515473.0	632084.0	True	4|5	0.8	0.75	0	0	0	0	2	2	0	1	0	0	0	0	6			0			3	3	0.0	0	0	0	0	False		noncanonicalB		125674254	127832869	chromothripsis	chromothripsis	chromothripsis:noncanonicalB	candidate_region_label	region	candidate_region	HCC1954:chr9:125674254-127832869:16
HCC1954	HCC1954:chr11:23782554-26756022:17	HCC1954_4.68_0.89_0.91	/data/KolmogorovLab/wakhan_paper/castle_full/wakhan_05/wakhan_HCC1954/wakhan/solution_1/bed_output/HCC1954_4.68_0.89_0.91	/data/KolmogorovLab/wakhan_paper/castle_full/wakhan_05/wakhan_HCC1954/wakhan/solution_1/vcf_output/HCC1954_4.68_0.89_0.91_wakhan_cna_integers.vcf	/data/KolmogorovLab/wakhan_paper/castle_full/wakhan_05/wakhan_HCC1954/severus/somatic_SVs/severus_somatic.vcf	C13	chr11	p	23782554	26756022	23782554-26756022	3	3	3	2973469	1.0089225749452912e-06	True	2.530560432948856	4.289749396910785	440757.0	696091.0	1394023.0	False	2|3	0.6666666666666666	0.5	0	0	1	1	1	0	0	0	0	0	0	0	4	3.0	3.0	0			2	0	1.0	0	0	1	0	False			noncanonicalB	23782554	26756022	BFB	BFB	BFB:noncanonicalB	candidate_region_label	region	candidate_region	HCC1954:chr11:23782554-26756022:17
HCC1954	HCC1954:chr11:44950563-50999999:18	HCC1954_4.68_0.89_0.91	/data/KolmogorovLab/wakhan_paper/castle_full/wakhan_05/wakhan_HCC1954/wakhan/solution_1/bed_output/HCC1954_4.68_0.89_0.91	/data/KolmogorovLab/wakhan_paper/castle_full/wakhan_05/wakhan_HCC1954/wakhan/solution_1/vcf_output/HCC1954_4.68_0.89_0.91_wakhan_cna_integers.vcf	/data/KolmogorovLab/wakhan_paper/castle_full/wakhan_05/wakhan_HCC1954/severus/somatic_SVs/severus_somatic.vcf	C14	chr11	p	44950563	50999999	44950563-50999999	4	4	4	6049437	6.612185563714442e-07	True	4.121614953589896	4.289749396910785	668670.25	1200819.0	2044508.25	True	4|3	0.75	0.6666666666666666	0	0	0	1	2	1	0	0	0	0	0	0	4			0			3	0	0.0	1	0	0	1	False		noncanonicalB		44950563	50999999	chromothripsis	chromothripsis	chromothripsis:noncanonicalB	candidate_region_label	region	candidate_region	HCC1954:chr11:44950563-50999999:18
HCC1954	HCC1954:chr11:65787781-74859666:19	HCC1954_4.68_0.89_0.91	/data/KolmogorovLab/wakhan_paper/castle_full/wakhan_05/wakhan_HCC1954/wakhan/solution_1/bed_output/HCC1954_4.68_0.89_0.91	/data/KolmogorovLab/wakhan_paper/castle_full/wakhan_05/wakhan_HCC1954/wakhan/solution_1/vcf_output/HCC1954_4.68_0.89_0.91_wakhan_cna_integers.vcf	/data/KolmogorovLab/wakhan_paper/castle_full/wakhan_05/wakhan_HCC1954/severus/somatic_SVs/severus_somatic.vcf	C8	chr11	q	65787781	74859666	65787781-74859666	14	14	10	9071886	1.5432292689745e-06	True	6.635298076872202	4.289749396910785	105436.25	250574.0	812930.5	False	4|5	0.2857142857142857	0.0769230769230769	0	0	0	1	2	2	1	0	1	3	4	0	15	12.0	12.0	0			2	3	1.0	8	1	0	8	True	noncanonical		noncanonical	65787781	74859666	ecDNA;Seismic_Amplification;BFB	ecDNA;Seismic_Amplification;BFB	ecDNA;Seismic_Amplification:noncanonical;BFB:noncanonical	candidate_region_label	region	candidate_region	HCC1954:chr11:65787781-74859666:19
HCC1954	HCC1954:chr11:85045948-104108535:20	HCC1954_4.68_0.89_0.91	/data/KolmogorovLab/wakhan_paper/castle_full/wakhan_05/wakhan_HCC1954/wakhan/solution_1/bed_output/HCC1954_4.68_0.89_0.91	/data/KolmogorovLab/wakhan_paper/castle_full/wakhan_05/wakhan_HCC1954/wakhan/solution_1/vcf_output/HCC1954_4.68_0.89_0.91_wakhan_cna_integers.vcf	/data/KolmogorovLab/wakhan_paper/castle_full/wakhan_05/wakhan_HCC1954/severus/somatic_SVs/severus_somatic.vcf	C8	chr11	q	85045948	104108535	85045948-104108535	26	26	18	19062588	1.3639281298006336e-06	True	6.77967972782725	4.289749396910785	60608.0	180908.0	1038513.25	False	5|7	0.3846153846153846	0.16	1	0	0	0	0	6	3	4	4	8	0	0	27	5.0	27.0	1	27.0	27.0	4	1	5.0	14	2	1	14	True	noncanonical		noncanonical	85045948	104108535	ecDNA;Seismic_Amplification;BFB	ecDNA;Seismic_Amplification;BFB	ecDNA;Seismic_Amplification:noncanonical;BFB:noncanonical	candidate_region_label	region	candidate_region	HCC1954:chr11:85045948-104108535:20
HCC1954	HCC1954:chr12:6941947-9032063:21	HCC1954_4.68_0.89_0.91	/data/KolmogorovLab/wakhan_paper/castle_full/wakhan_05/wakhan_HCC1954/wakhan/solution_1/bed_output/HCC1954_4.68_0.89_0.91	/data/KolmogorovLab/wakhan_paper/castle_full/wakhan_05/wakhan_HCC1954/wakhan/solution_1/vcf_output/HCC1954_4.68_0.89_0.91_wakhan_cna_integers.vcf	/data/KolmogorovLab/wakhan_paper/castle_full/wakhan_05/wakhan_HCC1954/severus/somatic_SVs/severus_somatic.vcf	C15	chr12	p	6941947	9032063	6941947-9032063	1	1	1	2090117	4.784421159198265e-07	True	5.0	4.289749396910785	2090117.0	2090117.0	2090117.0	False		0.0	0.0	0	0	0	0	0	1	0	0	0	0	0	0	2	2.0	2.0	1	2.0	2.0	0	0	1.0	1	0	0	1	False			noncanonical	6941947	9032063	BFB	BFB	BFB:noncanonical	candidate_region_label	region	candidate_region	HCC1954:chr12:6941947-9032063:21
HCC1954	HCC1954:chr12:38000001-45355960:22	HCC1954_4.68_0.89_0.91	/data/KolmogorovLab/wakhan_paper/castle_full/wakhan_05/wakhan_HCC1954/wakhan/solution_1/bed_output/HCC1954_4.68_0.89_0.91	/data/KolmogorovLab/wakhan_paper/castle_full/wakhan_05/wakhan_HCC1954/wakhan/solution_1/vcf_output/HCC1954_4.68_0.89_0.91_wakhan_cna_integers.vcf	/data/KolmogorovLab/wakhan_paper/castle_full/wakhan_05/wakhan_HCC1954/severus/somatic_SVs/severus_somatic.vcf	C16	chr12	q	38000001	45355960	38000001-45355960	17	17	16	7355960	2.311051174829662e-06	True	10.83746037226956	4.289749396910785	157441.0	210604.0	431179.0	False	18|17	0.2352941176470588	0.125	0	0	0	0	1	0	0	0	1	15	0	0	17	12.0	13.0	0			2	3	2.0	9	1	0	9	False	noncanonical		noncanonicalB	38000001	45355960	Seismic_Amplification;BFB	Seismic_Amplification;BFB	Seismic_Amplification:noncanonical;BFB:noncanonicalB	candidate_region_label	region	candidate_region	HCC1954:chr12:38000001-45355960:22
HCC1954	HCC1954:chr14:30457625-37594904:23	HCC1954_4.68_0.89_0.91	/data/KolmogorovLab/wakhan_paper/castle_full/wakhan_05/wakhan_HCC1954/wakhan/solution_1/bed_output/HCC1954_4.68_0.89_0.91	/data/KolmogorovLab/wakhan_paper/castle_full/wakhan_05/wakhan_HCC1954/wakhan/solution_1/vcf_output/HCC1954_4.68_0.89_0.91_wakhan_cna_integers.vcf	/data/KolmogorovLab/wakhan_paper/castle_full/wakhan_05/wakhan_HCC1954/severus/somatic_SVs/severus_somatic.vcf	C17	chr14	q	30457625	37594904	30457625-37594904	6	6	5	7137280	8.406563845050215e-07	True	5.978115612670373	4.289749396910785	353738.75	405899.0	1365456.5	True	6|5	0.8333333333333334	0.8	0	0	0	0	0	2	3	1	0	0	0	0	8	8.0	8.0	1	8.0	8.0	3	0	1.0	2	2	0	2	False			noncanonical	30457625	37594904	BFB	BFB	BFB:noncanonical	candidate_region_label	region	candidate_region	HCC1954:chr14:30457625-37594904:23
HCC1954	HCC1954:chr15:21000001-27434570:24	HCC1954_4.68_0.89_0.91	/data/KolmogorovLab/wakhan_paper/castle_full/wakhan_05/wakhan_HCC1954/wakhan/solution_1/bed_output/HCC1954_4.68_0.89_0.91	/data/KolmogorovLab/wakhan_paper/castle_full/wakhan_05/wakhan_HCC1954/wakhan/solution_1/vcf_output/HCC1954_4.68_0.89_0.91_wakhan_cna_integers.vcf	/data/KolmogorovLab/wakhan_paper/castle_full/wakhan_05/wakhan_HCC1954/severus/somatic_SVs/severus_somatic.vcf	C18	chr15	q	21000001	27434570	21000001-27434570	10	10	9	6434570	1.5541054025366108e-06	True	5.853343269247207	4.289749396910785	268139.5	357704.5	748533.5	False	5|6	0.4	0.2222222222222222	0	0	0	1	1	2	2	1	1	2	0	0	9	4.0	9.0	1	9.0	9.0	1	0	2.0	4	1	1	4	False	noncanonical		noncanonical	21000001	27434570	Seismic_Amplification;BFB	Seismic_Amplification;BFB	Seismic_Amplification:noncanonical;BFB:noncanonical	candidate_region_label	region	candidate_region	HCC1954:chr15:21000001-27434570:24
HCC1954	HCC1954:chr17:39095055-42947300:25	HCC1954_4.68_0.89_0.91	/data/KolmogorovLab/wakhan_paper/castle_full/wakhan_05/wakhan_HCC1954/wakhan/solution_1/bed_output/HCC1954_4.68_0.89_0.91	/data/KolmogorovLab/wakhan_paper/castle_full/wakhan_05/wakhan_HCC1954/wakhan/solution_1/vcf_output/HCC1954_4.68_0.89_0.91_wakhan_cna_integers.vcf	/data/KolmogorovLab/wakhan_paper/castle_full/wakhan_05/wakhan_HCC1954/severus/somatic_SVs/severus_somatic.vcf	C19	chr17	q	39095055	42947300	39095055-42947300	3	3	3	3852246	7.787664650699878e-07	True	42.5029363381943	4.289749396910785	443233.0	531128.0	1748454.0	False	8|275	0.6666666666666666	0.5	0	0	0	0	0	1	0	0	1	0	0	1	4			0			0	0	0.0	0	2	2	0	True	canonical			39095055	42947300	ecDNA;Seismic_Amplification	ecDNA;Seismic_Amplification	ecDNA;Seismic_Amplification:canonical	candidate_region_label	region	candidate_region	HCC1954:chr17:39095055-42947300:25
HCC1954	HCC1954:chr19:0-8064793:26	HCC1954_4.68_0.89_0.91	/data/KolmogorovLab/wakhan_paper/castle_full/wakhan_05/wakhan_HCC1954/wakhan/solution_1/bed_output/HCC1954_4.68_0.89_0.91	/data/KolmogorovLab/wakhan_paper/castle_full/wakhan_05/wakhan_HCC1954/wakhan/solution_1/vcf_output/HCC1954_4.68_0.89_0.91_wakhan_cna_integers.vcf	/data/KolmogorovLab/wakhan_paper/castle_full/wakhan_05/wakhan_HCC1954/severus/somatic_SVs/severus_somatic.vcf	C20	chr19	p	0	8064793	0-8064793	5	5	5	8064794	6.199786380160485e-07	True	3.242259692619627	4.289749396910785	394548.0	1164679.0	1814596.0	False	3|5	0.8	0.5	0	0	0	3	1	1	0	0	0	0	0	0	5			0			2	2	0.0	1	0	0	1	False				0	8064793				candidate_region_empty	empty_candidate_region	candidate_region	
HCC1954	HCC1954:chr19:28000001-58617616:27	HCC1954_4.68_0.89_0.91	/data/KolmogorovLab/wakhan_paper/castle_full/wakhan_05/wakhan_HCC1954/wakhan/solution_1/bed_output/HCC1954_4.68_0.89_0.91	/data/KolmogorovLab/wakhan_paper/castle_full/wakhan_05/wakhan_HCC1954/wakhan/solution_1/vcf_output/HCC1954_4.68_0.89_0.91_wakhan_cna_integers.vcf	/data/KolmogorovLab/wakhan_paper/castle_full/wakhan_05/wakhan_HCC1954/severus/somatic_SVs/severus_somatic.vcf	C21	chr19	q	28000001	58617616	28000001-58617616	34	34	29	30617616	1.110471827721662e-06	True	5.7611247940442665	4.289749396910785	223721.0	455030.5	1153438.75	False	6|5	0.5882352941176471	0.303030303030303	0	0	1	1	1	6	14	5	6	0	0	0	32			0			1	11	0.0	3	13	4	3	False	noncanonical			28000001	58617616	Seismic_Amplification	Seismic_Amplification	Seismic_Amplification:noncanonical	candidate_region_label	region	candidate_region	HCC1954:chr19:28000001-58617616:27
HCC1954	HCC1954:chr20:55358357-64444167:28	HCC1954_4.68_0.89_0.91	/data/KolmogorovLab/wakhan_paper/castle_full/wakhan_05/wakhan_HCC1954/wakhan/solution_1/bed_output/HCC1954_4.68_0.89_0.91	/data/KolmogorovLab/wakhan_paper/castle_full/wakhan_05/wakhan_HCC1954/wakhan/solution_1/vcf_output/HCC1954_4.68_0.89_0.91_wakhan_cna_integers.vcf	/data/KolmogorovLab/wakhan_paper/castle_full/wakhan_05/wakhan_HCC1954/severus/somatic_SVs/severus_somatic.vcf	C16	chr20	q	55358357	64444167	55358357-64444167	15	15	8	9085811	1.6509258226921077e-06	True	10.142738826506516	4.289749396910785	53726.5	183168.0	824823.5	False	18|5	0.3333333333333333	0.0	0	0	1	0	0	2	1	0	1	9	1	0	14	9.0	10.0	0			2	0	2.0	8	2	0	8	False	noncanonical		noncanonicalB	55358357	64444167	Seismic_Amplification;BFB	Seismic_Amplification;BFB	Seismic_Amplification:noncanonical;BFB:noncanonicalB	candidate_region_label	region	candidate_region	HCC1954:chr20:55358357-64444167:28
HCC1954	HCC1954:chr21:13000001-46709983:29	HCC1954_4.68_0.89_0.91	/data/KolmogorovLab/wakhan_paper/castle_full/wakhan_05/wakhan_HCC1954/wakhan/solution_1/bed_output/HCC1954_4.68_0.89_0.91	/data/KolmogorovLab/wakhan_paper/castle_full/wakhan_05/wakhan_HCC1954/wakhan/solution_1/vcf_output/HCC1954_4.68_0.89_0.91_wakhan_cna_integers.vcf	/data/KolmogorovLab/wakhan_paper/castle_full/wakhan_05/wakhan_HCC1954/severus/somatic_SVs/severus_somatic.vcf	C22	chr21	q	13000001	46709983	13000001-46709983	131	131	98	33709983	3.886089174236605e-06	True	5.624639316807765	4.289749396910785	97571.0	175437.0	367809.5	False	6|5	0.5267175572519084	0.3076923076923077	0	0	3	4	8	34	35	21	25	1	0	0	135			0			29	38	0.0	3	61	4	3	False	noncanonical			13000001	46709983	Seismic_Amplification	Seismic_Amplification	Seismic_Amplification:noncanonical	candidate_region_label	region	candidate_region	HCC1954:chr21:13000001-46709983:29
HCC1954	HCC1954:chr22:19000001-50818468:30	HCC1954_4.68_0.89_0.91	/data/KolmogorovLab/wakhan_paper/castle_full/wakhan_05/wakhan_HCC1954/wakhan/solution_1/bed_output/HCC1954_4.68_0.89_0.91	/data/KolmogorovLab/wakhan_paper/castle_full/wakhan_05/wakhan_HCC1954/wakhan/solution_1/vcf_output/HCC1954_4.68_0.89_0.91_wakhan_cna_integers.vcf	/data/KolmogorovLab/wakhan_paper/castle_full/wakhan_05/wakhan_HCC1954/severus/somatic_SVs/severus_somatic.vcf	C23	chr22	q	19000001	50818468	19000001-50818468	21	21	17	31818468	6.599940638248202e-07	True	4.289856973647257	4.289749396910785	196854.0	1194590.0	2189787.0	False	3|4	0.4285714285714285	0.25	0	0	1	5	4	3	3	3	1	1	0	0	21	21.0	21.0	0			0	5	1.0	8	5	2	8	False			noncanonicalB	19000001	50818468	BFB	BFB	BFB:noncanonicalB	candidate_region_label	region	candidate_region	HCC1954:chr22:19000001-50818468:30
