candidate_id	label_id	sample_id	chrom	arm	start_bp	end_bp	evidence	sv_class	label_scope	candidate_scope	n_segments	n_sv_nodes	encoded_sv_nodes	embedding_mode	localized_start_bp	localized_end_bp	localization_method	localization_confidence	localization_span_fraction	haplotype	haplotype_score	haplotype_confidence	sv_hp1_support	sv_hp2_support	cn_hp1_mean	cn_hp2_mean	cluster_id	sv_classes	raw_sv_classes	context_scope	context_start_bp	context_end_bp	local_embedding_dim	context_embedding_dim	coordinate_feature_dim	n_windows	n_segments_ge_100kb	component_length	segment_frequency	ploidy	segment_len_q25	segment_len_q50	segment_len_q75	oscillating_two_state	oscillating_segment_fraction	oscillating_transition_fraction	n_TCN_0	n_TCN_1	n_TCN_2	n_TCN_3	n_TCN_4	n_TCN_5	n_TCN_6	n_TCN_7	n_TCN_7_10	n_TCN_11_20	n_TCN_20_40	n_TCN_gt_40	n_breakpoints	n_FB_lowCN_2Mb	FB_first_index	FB_last_index	FB_lowCN_first_index	FB_lowCN_last_index	n_DEL	n_DUP	n_FB	n_INTER_CHR	n_INV_LIKE	n_sBND	n_interchromosomal_SV	embedding_normalization	embedding_features
AU565:chr3:0-19007244:1	AU565:chr3:0-19007244:1	AU565	chr3	p	0	19007244	candidate_region_label	Seismic_Amplification;BFB	region	candidate_region	13	17	17	candidate_region_with_context	12980560	19007244	sv_attention	0.8683	0.3171	HP2	-0.7032	0.6042	12.0	115.0	0.9972	2.8942	C1	Seismic_Amplification;BFB	Seismic_Amplification:noncanonical;BFB:noncanonicalB	chromosome_arm	0	90951000	402	402	8	13	13	19007245	6.839497254862553e-07	3.891396938377971	325693.0	510733.0	1691897.0	False	0.5384615384615384	0.1666666666666666	0	1	1	3	4	3	1	0	0	0	0	0	13	0					4	2	0.0	2	5	0	2	sample_residual	coords
AU565:chr3:36522773-39561702:2	AU565:chr3:36522773-39561702:2	AU565	chr3	p	36522773	39561702	candidate_region_label	Seismic_Amplification;BFB	region	candidate_region	6	11	11	candidate_region_with_context	37907000	39561702	sv_attention	0.9559	0.5445	mixed_HP	0.2097	0.3	37.0	18.0	1.9621	2.2205	C1	Seismic_Amplification;BFB	Seismic_Amplification:noncanonical;BFB:noncanonicalB	chromosome_arm	0	90951000	402	402	8	6	5	3038930	1.974379140026259e-06	4.182578736594788	214309.75	427872.0	689816.0	False	0.6666666666666666	0.4	0	2	0	0	0	2	1	0	1	0	0	0	8	0					2	4	0.0	0	2	0	0	sample_residual	coords
AU565:chr3:151354228-158466862:3	AU565:chr3:151354228-158466862:3	AU565	chr3	q	151354228	158466862	candidate_region_label	Seismic_Amplification;BFB	region	candidate_region	4	8	8	candidate_region_with_context	151911755	158466862	sv_attention	0.7134	0.9216	mixed_HP	0.2017	0.2	34.0	14.0	1.3861	2.2055	C1	Seismic_Amplification;BFB	Seismic_Amplification:noncanonical;BFB:noncanonicalB	chromosome_arm	90951000	198250001	402	402	8	4	4	7112635	5.623794838340503e-07	3.591606486203777	547225.25	962471.5	2193405.0	False	0.5	0.3333333333333333	0	1	1	0	1	0	0	0	1	0	0	0	6	0	1.0	1.0			2	2	1.0	0	1	0	0	sample_residual	coords
AU565:chr3:178278467-198295559:4	AU565:chr3:178278467-198295559:4	AU565	chr3	q	178278467	198295559	candidate_region_label	Seismic_Amplification;BFB	region	candidate_region	20	30	30	candidate_region_with_context	179003027	198295559	sv_attention	1.0	0.9638	HP2	-0.6223	0.4963	13.0	88.0	1.3391	2.992	C1	Seismic_Amplification;BFB	Seismic_Amplification:noncanonical;BFB:noncanonicalB	chromosome_arm	90951000	198250001	402	402	8	20	17	20017093	9.991460798028965e-07	4.325845616044248	337981.0	536771.5	1148481.25	True	0.8	0.631578947368421	0	0	1	2	9	7	1	0	0	0	0	0	19	0					3	5	0.0	0	11	0	0	sample_residual	coords
AU565:chr5:138061704-142844456:5	AU565:chr5:138061704-142844456:5	AU565	chr5	q	138061704	142844456	candidate_region_label	BFB	region	candidate_region	5	7	7	candidate_region_with_context	140116700	142844456	sv_attention	0.9179	0.5703	mixed_HP	0.0064	0.5	39.0	26.0	1.5703	3.5013	C2	BFB	BFB:noncanonical	chromosome_arm	48464000	181500001	402	402	8	5	5	4782753	1.0454230021914157e-06	5.071633847702359	487556.0	987072.0	1410036.0	True	0.8	0.75	0	0	0	1	0	2	2	0	0	0	0	0	6	0					2	0	0.0	1	3	0	1	sample_residual	coords
AU565:chr5:155073273-164481680:6	AU565:chr5:155073273-164481680:6	AU565	chr5	q	155073273	164481680	candidate_region_label	BFB	region	candidate_region	10	53	53	candidate_region_with_context	155073325	164481680	sv_attention	1.0	1.0	mixed_HP	-0.4651	0.4087	92.0	149.0	0.1649	4.0752	C2	BFB	BFB:noncanonical	chromosome_arm	48464000	181500001	402	402	8	10	8	9408408	1.0628790758223922e-06	4.240131380356805	159205.25	253777.0	555745.25	False	0.4	0.1111111111111111	1	0	1	0	2	2	2	2	0	0	0	0	12	2	5.0	12.0	5.0	12.0	4	1	2.0	3	2	0	3	sample_residual	coords
AU565:chr6:0-8775217:7	AU565:chr6:0-8775217:7	AU565	chr6	p	0	8775217	candidate_region_label	BFB	region	candidate_region	15	31	31	candidate_region_with_context	6709076	8775217	sv_attention	0.9994	0.2355	HP1	0.7112	0.615	345.0	35.0	1.7669	0.5856	C3	BFB	BFB:noncanonicalB	chromosome_arm	0	60589000	402	402	8	15	10	8775218	1.7093592432689422e-06	2.352533464125905	86499.5	191813.0	487362.0	False	0.4	0.0714285714285714	1	3	3	0	0	2	3	3	0	0	0	0	16	0	12.0	12.0			3	2	1.0	0	9	1	0	sample_residual	coords
AU565:chr6:24684333-34294777:8	AU565:chr6:24684333-34294777:8	AU565	chr6	p	24684333	34294777	candidate_region_label	chromothripsis	region	candidate_region	10	24	24	candidate_region_with_context	26739554	32646123	sv_attention	0.9999	0.6146	mixed_HP	0.1607	0.4156	95.0	59.0	2.1711	2.1086	C4	chromothripsis	chromothripsis:canonical	chromosome_arm	0	60589000	402	402	8	10	5	9610445	1.0405345434056384e-06	4.279679869142376	65448.0	299870.0	1670832.25	False	0.6	0.2222222222222222	0	0	1	2	3	3	1	0	0	0	0	0	11	0					6	1	0.0	1	3	0	1	sample_residual	coords
AU565:chr7:114215974-133164006:9	AU565:chr7:114215974-133164006:9	AU565	chr7	q	114215974	133164006	candidate_region_label	Seismic_Amplification;BFB	region	candidate_region	14	22	22	candidate_region_with_context	114409365	128945378	sv_attention	0.9998	0.7672	HP1	0.8616	0.8155	379.0	0.0	6.655	1.7436	C5	Seismic_Amplification;BFB	Seismic_Amplification:noncanonical;BFB:noncanonicalB	chromosome_arm	59904000	159300001	402	402	8	13	12	18948033	7.388629732701014e-07	8.39861214090138	197069.5	426320.5	2085418.0	False	0.4285714285714285	0.0	1	1	1	0	1	0	0	0	7	3	0	0	15	2	1.0	12.0	11.0	12.0	4	2	5.0	2	2	0	2	sample_residual	coords
AU565:chr8:47000001-50494087:10	AU565:chr8:47000001-50494087:10	AU565	chr8	q	47000001	50494087	candidate_region_label	ecDNA;Seismic_Amplification;BFB	region	candidate_region	7	23	23	candidate_region_with_context	48905178	50494087	sv_attention	0.9992	0.4547	mixed_HP	-0.0035	0.3	32.0	74.0	3.9766	0.4867	C6	ecDNA;Seismic_Amplification;BFB	ecDNA;Seismic_Amplification:noncanonical;BFB:noncanonicalB	chromosome_arm	45644000	145100001	402	402	8	7	5	3494087	2.003384575140802e-06	4.463317312934681	102772.5	204435.0	676022.5	False	0.5714285714285714	0.3333333333333333	1	0	2	2	0	0	0	0	1	0	0	1	8	1	4.0	5.0	4.0	4.0	0	0	2.0	2	4	0	2	sample_residual	coords
AU565:chr8:70898854-90691867:11	AU565:chr8:70898854-90691867:11	AU565	chr8	q	70898854	90691867	candidate_region_label	ecDNA;Seismic_Amplification;BFB	region	candidate_region	59	106	106	candidate_region_with_context	70977190	90691867	sv_attention	1.0	0.996	mixed_HP	-0.2224	0.2	115.0	1103.0	14.8725	0.3421	C6	ecDNA;Seismic_Amplification;BFB	ecDNA;Seismic_Amplification:noncanonical;BFB:noncanonicalB	chromosome_arm	45644000	145100001	402	402	8	59	42	19793014	2.980849707881781e-06	15.214586368705646	88076.5	186399.0	307138.0	False	0.1016949152542373	0.0172413793103448	2	0	0	3	2	1	1	3	7	16	20	4	61	0					12	7	0.0	13	27	2	13	sample_residual	coords
AU565:chr8:103691910-145138636:12	AU565:chr8:103691910-145138636:12	AU565	chr8	q	103691910	145138636	candidate_region_label	ecDNA;Seismic_Amplification;BFB	region	candidate_region	104	205	205	candidate_region_with_context	103694000	145138636	sv_attention	1.0	0.9999	mixed_HP	-0.1295	0.2	379.0	1777.0	11.1308	0.5341	C6	ecDNA;Seismic_Amplification;BFB	ecDNA;Seismic_Amplification:noncanonical;BFB:noncanonicalB	chromosome_arm	45644000	145100001	402	402	8	104	68	41446727	2.509245181169553e-06	11.655934520474922	78767.25	175732.5	443418.75	False	0.1826923076923076	0.0485436893203883	7	4	10	9	6	2	2	0	1	19	32	12	105	2	17.0	95.0	17.0	28.0	29	13	4.0	23	35	1	23	sample_residual	coords
AU565:chr10:27994282-32989762:13		AU565	chr10	p	27994282	32989762	candidate_region_empty		empty_candidate_region	candidate_region	5	14	14	candidate_region_with_context	27994482	29036260	sv_attention	0.8059	0.2085	HP2	-0.6369	0.5158	8.0	77.0	0.7159	1.2924	C7			chromosome_arm	0	40246000	402	402	8	5	4	4995481	1.0009046175933808e-06	2.008350747405505	471385.0	481285.0	508154.0	False	0.6	0.5	0	1	0	1	1	2	0	0	0	0	0	0	6	0					4	0	0.0	1	1	0	1	sample_residual	coords
AU565:chr10:55213168-71714103:14	AU565:chr10:55213168-71714103:14	AU565	chr10	q	55213168	71714103	candidate_region_label	BFB	region	candidate_region	21	29	29	candidate_region_with_context	55266419	71714103	sv_attention	1.0	0.9968	HP1	0.4908	0.321	171.0	29.0	2.2314	2.0094	C8	BFB	BFB:noncanonicalB	chromosome_arm	40246000	133750001	402	402	8	21	17	16500936	1.2726550784755482e-06	4.240793310149194	136527.0	413819.0	567907.0	False	0.7142857142857143	0.5	0	0	0	2	10	2	5	2	0	0	0	0	23	0	15.0	15.0			5	4	1.0	2	11	0	2	sample_residual	coords
AU565:chr14:45524644-58036648:15	AU565:chr14:45524644-58036648:15	AU565	chr14	q	45524644	58036648	candidate_region_label	ecDNA;Seismic_Amplification;BFB	region	candidate_region	10	13	13	candidate_region_with_context	49692456	58036648	sv_attention	0.6623	0.6669	mixed_HP	-0.3008	0.7887	65.0	77.0	0.6006	3.9054	C6	ecDNA;Seismic_Amplification;BFB	ecDNA;Seismic_Amplification:noncanonical;BFB:noncanonicalB	chromosome_arm	17600000	107000001	402	402	8	10	8	12512005	7.992324171865341e-07	4.505988688463599	240669.25	824103.0	1004713.5	False	0.6	0.3333333333333333	0	0	1	0	3	1	1	0	4	0	0	0	12	0					0	0	0.0	9	3	0	9	sample_residual	coords
AU565:chr17:28000001-42420153:16	AU565:chr17:28000001-42420153:16	AU565	chr17	q	28000001	42420153	candidate_region_label	ecDNA;Seismic_Amplification;BFB	region	candidate_region	11	13	13	candidate_region_with_context	30641929	42420153	sv_attention	0.9959	0.8168	HP2	-0.2778	0.0371	38.0	348.0	5.6254	0.7208	C9	ecDNA;Seismic_Amplification;BFB	ecDNA;Seismic_Amplification:noncanonical;BFB:noncanonicalB	chromosome_arm	25150000	83250001	402	402	8	10	11	14420153	7.62821309870984e-07	6.346199031314023	325328.0	790663.0	1186888.5	False	0.2727272727272727	0.0	0	2	1	0	1	1	0	1	2	0	3	0	11	0	9.0	9.0			3	1	1.0	6	0	0	6	sample_residual	coords
AU565:chr17:62570891-83257441:17	AU565:chr17:62570891-83257441:17	AU565	chr17	q	62570891	83257441	candidate_region_label	ecDNA;Seismic_Amplification;BFB	region	candidate_region	16	30	30	candidate_region_with_context	63555000	83257441	sv_attention	1.0	0.9524	mixed_HP	0.0105	0.7394	196.0	159.0	1.8133	2.5928	C9	ecDNA;Seismic_Amplification;BFB	ecDNA;Seismic_Amplification:noncanonical;BFB:noncanonicalB	chromosome_arm	25150000	83250001	402	402	8	15	16	20686551	7.734493778107332e-07	4.405269684637134	323655.0	580448.0	1495088.25	False	0.4375	0.2	0	0	2	4	2	3	2	1	1	1	0	0	16	0					4	5	0.0	5	2	0	5	sample_residual	coords
AU565:chr18:47315093-56791383:18		AU565	chr18	q	47315093	56791383	candidate_region_empty		empty_candidate_region	candidate_region	4	6	6	candidate_region_with_context	51458064	56212928	sv_attention	0.8977	0.5018	mixed_HP	-0.245	0.3	14.0	27.0	0.8168	1.0	C10			chromosome_arm	18540000	80350001	402	402	8	4	4	9476291	4.221060750456059e-07	1.816798154467819	2007271.5	2666659.0	3028460.25	False	0.75	0.3333333333333333	0	1	2	1	0	0	0	0	0	0	0	0	5	0					1	0	0.0	1	3	0	1	sample_residual	coords
AU565:chr20:0-58962673:19	AU565:chr20:0-58962673:19	AU565	chr20	mixed	0	58962673	candidate_region_label	Seismic_Amplification;BFB	region	candidate_region	73	156	156	candidate_region_with_context	3073212	58962673	sv_attention	1.0	0.9479	mixed_HP	-0.0494	0.2968	351.0	406.0	2.8904	2.9074	C11	Seismic_Amplification;BFB	Seismic_Amplification:canonical;BFB:noncanonicalB	chromosome	0	64400001	402	402	8	71	53	58962674	1.2380713941162166e-06	5.797808881598551	91469.0	252095.0	746263.0	False	0.3424657534246575	0.0972222222222222	0	0	0	2	1	13	10	12	24	11	0	0	71	0	29.0	29.0			19	19	1.0	0	31	1	0	sample_residual	coords
AU565:chr22:46498609-50818468:20		AU565	chr22	q	46498609	50818468	candidate_region_empty		empty_candidate_region	candidate_region	6	4	4	candidate_region_with_context	47479650	49818212	sv_attention	0.7524	0.5414	mixed_HP	-0.1498	0.3571	13.0	22.0	1.8704	1.6423	C12			chromosome_arm	15050000	50800001	402	402	8	6	5	4319860	1.388933900635669e-06	3.5062559897774466	168166.75	490521.5	906843.75	False	0.5	0.0	0	1	1	1	2	0	1	0	0	0	0	0	5	0					2	2	0.0	0	0	1	0	sample_residual	coords
BT474:chr1:151000001-176668027:1	BT474:chr1:151000001-176668027:1	BT474	chr1	q	151000001	176668027	candidate_region_label	Seismic_Amplification;BFB	region	candidate_region	27	31	31	candidate_region_with_context	155554875	176668027	sv_attention	1.0	0.8225	mixed_HP	0.2453	0.2	224.0	53.0	1.8035	5.3925	C1	Seismic_Amplification;BFB	Seismic_Amplification:noncanonical;BFB:noncanonicalB	chromosome_arm	123459000	248950001	402	402	8	27	24	25668027	1.0518923016560642e-06	7.196018026629004	339333.0	700824.0	1189754.5	False	0.3703703703703703	0.0384615384615384	0	0	5	0	0	2	3	1	9	7	0	0	27	0					5	2	0.0	8	12	0	8	sample_residual	coords
BT474:chr1:189780634-204485228:2	BT474:chr1:189780634-204485228:2	BT474	chr1	q	189780634	204485228	candidate_region_label	Seismic_Amplification;BFB	region	candidate_region	17	21	21	candidate_region_with_context	191518846	204485228	sv_attention	0.9999	0.8818	mixed_HP	0.0155	0.3	119.0	62.0	1.0991	4.1771	C1	Seismic_Amplification;BFB	Seismic_Amplification:noncanonical;BFB:noncanonicalB	chromosome_arm	123459000	248950001	402	402	8	17	12	14704595	1.1561012050994945e-06	5.276171156022999	95401.0	302931.0	1045981.0	False	0.3529411764705882	0.0	0	0	3	1	0	2	3	1	1	6	0	0	18	1	6.0	6.0	6.0	6.0	1	1	1.0	8	6	1	8	sample_residual	coords
BT474:chr1:225071131-248956422:3	BT474:chr1:225071131-248956422:3	BT474	chr1	q	225071131	248956422	candidate_region_label	Seismic_Amplification;BFB	region	candidate_region	27	36	36	candidate_region_with_context	226784014	248956422	sv_attention	0.9997	0.9283	mixed_HP	0.2573	0.1667	405.0	128.0	2.5002	4.325	C1	Seismic_Amplification;BFB	Seismic_Amplification:noncanonical;BFB:noncanonicalB	chromosome_arm	123459000	248950001	402	402	8	27	21	23885292	1.1304027599913788e-06	6.823919422881663	145241.0	418782.0	1226364.0	False	0.2222222222222222	0.0384615384615384	0	0	3	2	0	2	3	3	2	8	4	0	26	0					3	3	0.0	9	11	0	9	sample_residual	coords
BT474:chr2:0-12798428:4	BT474:chr2:0-12798428:4	BT474	chr2	p	0	12798428	candidate_region_label	chromothripsis;BFB	region	candidate_region	5	9	9	candidate_region_with_context	12623	12798428	sv_attention	0.9698	0.999	HP1	0.7702	0.6936	69.0	10.0	3.7037	0.3732	C2	chromothripsis;BFB	chromothripsis:noncanonical;BFB:noncanonicalB	chromosome_arm	0	93989000	402	402	8	5	4	12798429	3.9067294900022493e-07	4.076894125052379	1894228.0	2364656.0	3750724.0	False	0.6	0.0	1	0	2	0	1	0	1	0	0	0	0	0	5	0	1.0	1.0			1	1	1.0	0	2	0	0	sample_residual	coords
BT474:chr3:94000001-96109704:5	BT474:chr3:94000001-96109704:5	BT474	chr3	q	94000001	96109704	candidate_region_label	BFB	region	candidate_region	1	1	1	candidate_region_with_context	96109703	96109704	sv_attention	0.3	0.0	HP2	-0.5	0.3333	0.0	10.0	3.0	1.0	C3	BFB	BFB:noncanonicalB	chromosome_arm	90951000	198250001	402	402	8	1	1	2109704	4.740001440960438e-07	4.0	2109704.0	2109704.0	2109704.0	False	0.0	0.0	0	0	0	0	1	0	0	0	0	0	0	0	1	0	1.0	1.0			0	0	1.0	0	0	0	0	sample_residual	coords
BT474:chr4:75139194-78870225:6	BT474:chr4:75139194-78870225:6	BT474	chr4	q	75139194	78870225	candidate_region_label	Seismic_Amplification	region	candidate_region	11	27	27	candidate_region_with_context	75832960	78870225	sv_attention	1.0	0.8141	mixed_HP	0.4732	0.7971	98.0	15.0	4.3914	4.8492	C4	Seismic_Amplification	Seismic_Amplification:noncanonical	chromosome_arm	50494000	190200001	402	402	8	11	8	3731032	2.9482459544705057e-06	9.240580622197829	112115.5	150782.0	506924.5	False	0.1818181818181818	0.1	0	0	1	0	0	1	0	1	2	6	0	0	14	0					0	0	0.0	9	5	0	9	sample_residual	coords
BT474:chr4:177350069-190214555:7	BT474:chr4:177350069-190214555:7	BT474	chr4	q	177350069	190214555	candidate_region_label	Seismic_Amplification;BFB	region	candidate_region	11	24	24	candidate_region_with_context	178536529	190119438	sv_attention	1.0	0.9004	HP1	0.3992	0.1989	181.0	58.0	2.338	1.6645	C5	Seismic_Amplification;BFB	Seismic_Amplification:noncanonical;BFB:noncanonicalB	chromosome_arm	50494000	190200001	402	402	8	11	8	12864487	8.550671317091773e-07	4.000243927332664	120612.0	303357.0	1346385.5	False	0.4545454545454545	0.2	0	0	3	0	1	2	1	1	0	3	0	0	10	0	10.0	10.0			0	0	1.0	9	0	0	9	sample_residual	coords
BT474:chr5:175902457-181538259:8		BT474	chr5	q	175902457	181538259	candidate_region_empty		empty_candidate_region	candidate_region	5	1	1	candidate_region_with_context	176370075	177719774	sv_attention	0.3	0.2395	HP1	0.4894	0.3192	7.0	0.0	1.0234	3.348	C6			chromosome_arm	48464000	181500001	402	402	8	5	4	5635803	8.871850204842149e-07	4.3553065996096745	168401.0	299219.0	1349698.0	False	0.4	0.25	0	0	1	1	1	1	0	1	0	0	0	0	4	0					0	4	0.0	0	0	0	0	sample_residual	coords
BT474:chr7:69449818-72861001:9	BT474:chr7:69449818-72861001:9	BT474	chr7	q	69449818	72861001	candidate_region_label	Seismic_Amplification	region	candidate_region	9	9	9	candidate_region_with_context	69988929	72861001	sv_attention	0.7447	0.842	HP1	0.4702	0.2936	45.0	0.0	1.7311	6.7013	C7	Seismic_Amplification	Seismic_Amplification:noncanonical	chromosome_arm	59904000	159300001	402	402	8	9	7	3411184	2.6383801049723496e-06	8.432390337196704	161710.0	210286.0	377403.0	False	0.4444444444444444	0.125	0	0	0	0	0	0	0	2	3	4	0	0	10	0					2	4	0.0	1	3	0	1	sample_residual	coords
BT474:chr8:70366367-80940353:10		BT474	chr8	q	70366367	80940353	candidate_region_empty		empty_candidate_region	candidate_region	6	8	8	candidate_region_with_context	70858037	80940353	sv_attention	0.9608	0.9535	mixed_HP	0.2373	0.1706	49.0	18.0	2.5119	3.8752	C8			chromosome_arm	45644000	145100001	402	402	8	6	6	10573987	5.674302417810803e-07	6.387125405015157	497664.0	858782.5	2940124.25	False	0.5	0.2	0	0	0	0	2	1	0	1	2	0	0	0	8	0					4	3	0.0	0	1	0	0	sample_residual	coords
BT474:chr9:32557750-37999999:11	BT474:chr9:32557750-37999999:11	BT474	chr9	p	32557750	37999999	candidate_region_label	BFB	region	candidate_region	5	14	14	candidate_region_with_context	34393241	35447014	sv_attention	0.8532	0.1936	HP1	0.7338	0.6451	58.0	0.0	2.2269	1.4799	C9	BFB	BFB:noncanonicalB	chromosome_arm	0	49224000	402	402	8	5	4	5442250	9.187376544627682e-07	3.706792594974505	396935.0	593951.0	1835493.0	False	0.4	0.25	1	1	0	1	1	0	0	0	0	1	0	0	5	0	1.0	5.0			1	0	4.0	0	0	0	0	sample_residual	coords
BT474:chr9:114665482-133000833:12	BT474:chr9:114665482-133000833:12	BT474	chr9	q	114665482	133000833	candidate_region_label	Seismic_Amplification;BFB	region	candidate_region	17	21	21	candidate_region_with_context	116953365	133000833	sv_attention	0.9999	0.8752	mixed_HP	0.0972	0.2679	115.0	62.0	2.8038	5.2903	C10	Seismic_Amplification;BFB	Seismic_Amplification:noncanonical;BFB:noncanonicalB	chromosome_arm	49224000	138350001	402	402	8	17	16	18335352	9.271706373567304e-07	8.094109510414635	256540.0	788531.0	1642662.0	False	0.2352941176470588	0.0	1	0	2	0	1	1	1	2	3	6	0	0	18	0	9.0	9.0			6	2	1.0	7	2	0	7	sample_residual	coords
BT474:chr11:0-4707947:13	BT474:chr11:0-4707947:13	BT474	chr11	p	0	4707947	candidate_region_label	BFB	region	candidate_region	1	1	1	candidate_region_with_context	4707946	4707947	sv_attention	0.3	0.0	HP1	0.6667	0.5556	6.0	0.0	0.0	0.0	C11	BFB	BFB:noncanonicalB	chromosome_arm	0	53714000	402	402	8	1	1	4707948	2.1240676405091986e-07	0.0	4707948.0	4707948.0	4707948.0	False	0.0	0.0	1	0	0	0	0	0	0	0	0	0	0	0	1	0	1.0	1.0			0	0	1.0	0	0	0	0	sample_residual	coords
BT474:chr11:55000001-79871797:14	BT474:chr11:55000001-79871797:14	BT474	chr11	q	55000001	79871797	candidate_region_label	Seismic_Amplification	region	candidate_region	42	166	166	candidate_region_with_context	62274538	79871797	sv_attention	1.0	0.7075	mixed_HP	-0.2338	0.5887	226.0	448.0	3.766	4.1026	C12	Seismic_Amplification	Seismic_Amplification:noncanonical	chromosome_arm	53714000	135050001	402	402	8	42	30	24871797	1.6886596493208754e-06	7.86862424938576	77177.25	221991.5	741324.25	False	0.2619047619047619	0.073170731707317	1	2	1	1	1	4	0	0	12	20	0	0	45	0					9	17	0.0	10	9	0	10	sample_residual	coords
BT474:chr11:99415081-103035786:15	BT474:chr11:99415081-103035786:15	BT474	chr11	q	99415081	103035786	candidate_region_label	Seismic_Amplification	region	candidate_region	4	5	5	candidate_region_with_context	99662802	103035786	sv_attention	0.7108	0.9316	mixed_HP	0.26	0.9772	59.0	15.0	4.9316	11.7636	C12	Seismic_Amplification	Seismic_Amplification:noncanonical	chromosome_arm	53714000	135050001	402	402	8	4	4	3620706	1.104756917573534e-06	16.695228223445923	621245.5	851279.0	1135210.0	False	0.75	0.3333333333333333	0	0	0	0	0	0	0	0	0	4	0	0	5	0					2	3	0.0	0	0	0	0	sample_residual	coords
BT474:chr12:79130813-89476457:16	BT474:chr12:79130813-89476457:16	BT474	chr12	q	79130813	89476457	candidate_region_label	Seismic_Amplification;BFB	region	candidate_region	14	23	23	candidate_region_with_context	79926187	89476457	sv_attention	0.9802	0.9231	HP1	0.5966	0.4621	98.0	25.0	4.914	1.218	C13	Seismic_Amplification;BFB	Seismic_Amplification:canonical;BFB:noncanonicalB	chromosome_arm	35807000	133250001	402	402	8	14	10	10345645	1.3532264058934944e-06	6.131956586563718	80957.5	172424.5	793251.75	False	0.3571428571428571	0.1538461538461538	0	0	1	0	1	2	1	2	4	3	0	0	15	2	9.0	13.0	9.0	13.0	3	7	2.0	0	3	0	0	sample_residual	coords
BT474:chr14:86217710-91424394:17	BT474:chr14:86217710-91424394:17	BT474	chr14	q	86217710	91424394	candidate_region_label	Seismic_Amplification	region	candidate_region	5	22	22	candidate_region_with_context	89827748	91125401	sv_attention	0.9992	0.2492	mixed_HP	0.2908	0.836	42.0	14.0	4.508	5.8259	C14	Seismic_Amplification	Seismic_Amplification:noncanonical	chromosome_arm	17600000	107000001	402	402	8	5	5	5206685	9.60303916983647e-07	10.33392686517429	306428.0	1113060.0	1582718.0	False	0.6	0.5	0	0	0	0	0	0	0	0	2	3	0	0	6	0					1	1	0.0	2	2	0	2	sample_residual	coords
BT474:chr15:21000001-34214736:18	BT474:chr15:21000001-34214736:18	BT474	chr15	q	21000001	34214736	candidate_region_label	ecDNA;Seismic_Amplification;BFB	region	candidate_region	27	48	48	candidate_region_with_context	23315940	33628116	sv_attention	0.9998	0.7804	mixed_HP	0.1856	0.7222	112.0	140.0	7.0041	0.8701	C15	ecDNA;Seismic_Amplification;BFB	ecDNA;Seismic_Amplification:noncanonical;BFB:noncanonicalB	chromosome_arm	19050000	101950001	402	402	8	27	25	13214736	2.0431736207215944e-06	7.874287159425659	159209.5	260739.0	500788.0	False	0.2962962962962963	0.1153846153846153	1	3	1	3	3	5	0	1	1	4	3	2	28	2	3.0	14.0	6.0	11.0	4	2	6.0	5	11	0	5	sample_residual	coords
BT474:chr17:35844582-71997176:19	BT474:chr17:35844582-71997176:19	BT474	chr17	q	35844582	71997176	candidate_region_label	ecDNA;Seismic_Amplification;BFB	region	candidate_region	106	168	168	candidate_region_with_context	37483134	71997176	sv_attention	1.0	0.9547	mixed_HP	0.0662	1.0	898.0	773.0	8.7143	7.9026	C16	ecDNA;Seismic_Amplification;BFB	ecDNA;Seismic_Amplification:noncanonical;BFB:noncanonicalB	chromosome_arm	25150000	83250001	402	402	8	105	64	36152595	2.932016360098079e-06	16.617031889412086	66729.5	136164.5	367607.0	False	0.1320754716981132	0.019047619047619	3	0	3	4	1	5	7	4	6	29	18	26	109	1	32.0	32.0	32.0	32.0	32	13	1.0	10	49	4	10	sample_residual	coords
BT474:chr19:9837949-17541691:20	BT474:chr19:9837949-17541691:20	BT474	chr19	p	9837949	17541691	candidate_region_label	Seismic_Amplification;BFB	region	candidate_region	14	19	19	candidate_region_with_context	9838146	17541691	sv_attention	0.9998	1.0	mixed_HP	0.0699	0.8846	62.0	68.0	4.2038	2.254	C17	Seismic_Amplification;BFB	Seismic_Amplification:noncanonical;BFB:noncanonicalB	chromosome_arm	0	26260000	402	402	8	14	14	7703743	1.817298422338336e-06	6.45778772734241	179309.75	256192.5	507941.0	False	0.4285714285714285	0.2307692307692307	0	1	0	1	0	3	3	2	1	3	0	0	15	0	1.0	1.0			4	0	1.0	3	6	1	3	sample_residual	coords
BT474:chr20:32000001-64444167:21	BT474:chr20:32000001-64444167:21	BT474	chr20	q	32000001	64444167	candidate_region_label	ecDNA;Seismic_Amplification;BFB	region	candidate_region	80	119	119	candidate_region_with_context	33431769	64444167	sv_attention	1.0	0.9559	mixed_HP	0.0933	0.1837	479.0	150.0	2.551	19.2644	C16	ecDNA;Seismic_Amplification;BFB	ecDNA;Seismic_Amplification:noncanonical;BFB:noncanonicalB	chromosome_arm	28120000	64400001	402	402	8	79	59	32444167	2.4657745104073714e-06	21.788406711135472	96589.5	186942.5	411424.75	False	0.125	0.0126582278481012	6	1	4	3	1	2	0	2	5	11	15	30	78	0					21	17	0.0	21	16	3	21	sample_residual	coords
C33A:chr4:89023117-91166470:1		C33A	chr4	q	89023117	91166470	candidate_region_empty		empty_candidate_region	candidate_region	7	5	5	candidate_region_with_context	89992794	90506122	sv_attention	0.7279	0.2395	HP1	0.4152	0.2203	70.0	17.0	0.8929	0.8455	C1			chromosome_arm	50494000	190200001	402	402	8	7	6	2143354	3.265909411137871e-06	1.738382926945339	195575.5	234645.0	360174.0	False	0.7142857142857143	0.5	1	2	3	1	0	0	0	0	0	0	0	0	8	0					6	2	0.0	0	0	0	0	sample_residual	coords
C33A:chr5:92726384-94878736:2		C33A	chr5	q	92726384	94878736	candidate_region_empty		empty_candidate_region	candidate_region	8	13	13	candidate_region_with_context	94123157	94878736	sv_attention	0.9965	0.351	HP1	0.6588	0.5451	167.0	11.0	1.2502	0.7933	C2			chromosome_arm	48464000	181500001	402	402	8	8	6	2152353	3.716862429164733e-06	2.043500764047533	108798.25	161991.0	246190.75	False	0.5	0.1428571428571428	1	1	2	1	2	1	0	0	0	0	0	0	9	0					4	5	0.0	0	0	0	0	sample_residual	coords
C33A:chr7:124475765-131164398:3	C33A:chr7:124475765-131164398:3	C33A	chr7	q	124475765	131164398	candidate_region_label	chromothripsis;BFB	region	candidate_region	7	8	8	candidate_region_with_context	127935310	128770815	sv_attention	0.8043	0.1249	mixed_HP	0.0733	0.3304	71.0	41.0	1.0149	1.9524	C3	chromothripsis;BFB	chromothripsis:noncanonical;BFB:noncanonicalB	chromosome_arm	59904000	159300001	402	402	8	7	5	6688634	1.0465515081255755e-06	2.9673715141238106	137696.5	743841.0	1729773.5	False	0.5714285714285714	0.1666666666666666	0	0	1	3	1	1	1	0	0	0	0	0	8	0	3.0	3.0			1	2	1.0	1	3	0	1	sample_residual	coords
C33A:chr20:49956338-59003014:4		C33A	chr20	q	49956338	59003014	candidate_region_empty		empty_candidate_region	candidate_region	4	7	7	candidate_region_with_context	53624475	59003014	sv_attention	0.9184	0.5945	HP1	0.4948	0.3264	87.0	24.0	1.9682	0.9491	C4			chromosome_arm	28120000	64400001	402	402	8	4	4	9046677	4.421513004167165e-07	2.9172778026672117	388459.75	1978030.0	3851239.5	False	0.75	0.3333333333333333	0	1	0	2	1	0	0	0	0	0	0	0	5	0					2	0	0.0	3	0	0	3	sample_residual	coords
C4I:chr11:100593185-103914705:1	C4I:chr11:100593185-103914705:1	C4I	chr11	q	100593185	103914705	candidate_region_label	BFB	region	candidate_region	2	3	3	candidate_region_with_context	102566220	103914705	sv_attention	0.8264	0.406	mixed_HP	-0.6559	0.6667	0.0	85.0	4.266	4.0	C1	BFB	BFB:noncanonicalB	chromosome_arm	53714000	135050001	402	402	8	2	2	3321521	6.021337814814358e-07	8.266029930263876	1272192.25	1660760.5	2049328.75	False	0.0	0.0	0	0	0	0	0	0	0	0	2	0	0	0	3	1	2.0	3.0	2.0	2.0	0	0	2.0	0	1	0	0	sample_residual	coords
C4I:chr17:16773785-21999999:2	C4I:chr17:16773785-21999999:2	C4I	chr17	p	16773785	21999999	candidate_region_label	BFB	region	candidate_region	3	4	4	candidate_region_with_context	17229792	21999999	sv_attention	0.8785	0.9127	mixed_HP	0.1343	0.2	52.0	14.0	0.3065	2.1312	C2	BFB	BFB:noncanonicalB	chromosome_arm	0	25150000	402	402	8	3	3	5226215	5.74029197038392e-07	2.4377230940556407	342956.0	456009.0	2498156.5	False	0.6666666666666666	0.5	0	0	1	0	0	1	1	0	0	0	0	0	4	0	1.0	1.0			0	0	1.0	0	2	1	0	sample_residual	coords
C4I:chr18:0-14999999:3	C4I:chr18:0-14999999:3	C4I	chr18	p	0	14999999	candidate_region_label	chromothripsis;BFB	region	candidate_region	11	19	19	candidate_region_with_context	8350971	14999999	sv_attention	0.9998	0.4433	HP1	0.4471	0.2628	132.0	51.0	3.0512	1.1396	C3	chromothripsis;BFB	chromothripsis:canonical;BFB:noncanonicalB	chromosome_arm	0	18540000	402	402	8	11	10	15000000	7.333333333333333e-07	4.1908576	633822.5	865255.0	1294811.5	False	0.6363636363636364	0.5	0	0	1	2	4	1	3	0	0	0	0	0	10	0	3.0	3.0			3	3	1.0	0	3	0	0	sample_residual	coords
CAPAN1:chr3:48716345-60308344:1		CAPAN1	chr3	p	48716345	60308344	candidate_region_empty		empty_candidate_region	candidate_region	5	7	7	candidate_region_with_context	48717202	56759455	sv_attention	0.9682	0.6938	mixed_HP	-0.0594	0.2261	11.0	13.0	2.6782	2.7403	C1			chromosome_arm	0	90951000	402	402	8	5	4	11592000	4.313319530710835e-07	5.418550897170462	225967.0	2831874.0	3551796.0	False	0.6	0.25	0	0	0	0	1	2	1	0	1	0	0	0	4	0					1	0	0.0	3	0	0	3	sample_residual	coords
CAPAN1:chr7:81569598-101063738:2		CAPAN1	chr7	q	81569598	101063738	candidate_region_empty		empty_candidate_region	candidate_region	10	30	30	candidate_region_with_context	85231736	101063738	sv_attention	1.0	0.8121	HP2	-0.5674	0.4232	12.0	73.0	2.377	4.1079	C2			chromosome_arm	59904000	159335973	402	402	8	10	8	19494141	5.129746419706311e-07	6.484882970734643	654583.5	1645980.0	3266897.5	False	0.5	0.0	0	0	0	0	2	1	1	2	3	1	0	0	11	0					2	4	0.0	2	2	1	2	sample_residual	coords
CAPAN1:chr8:37066357-40194350:3		CAPAN1	chr8	p	37066357	40194350	candidate_region_empty		empty_candidate_region	candidate_region	4	3	3	candidate_region_with_context	38702144	40194350	sv_attention	0.3463	0.477	HP1	0.5806	0.4408	0.0	0.0	1.6784	0.4454	C3			chromosome_arm	0	45644000	402	402	8	4	4	3127994	1.278774831409523e-06	2.1237256209570736	425250.75	696555.0	1053302.75	False	0.5	0.3333333333333333	0	1	1	1	1	0	0	0	0	0	0	0	5	0					4	0	0.0	0	1	0	0	sample_residual	coords
CAPAN1:chr17:39540592-43756142:4	CAPAN1:chr17:39540592-43756142:4	CAPAN1	chr17	q	39540592	43756142	candidate_region_label	Seismic_Amplification;chromothripsis	region	candidate_region	7	8	8	candidate_region_with_context	40485144	42996538	sv_attention	0.9103	0.5957	mixed_HP	-0.3468	0.3309	6.0	13.0	2.9928	5.6032	C4	Seismic_Amplification;chromothripsis	Seismic_Amplification:noncanonical;chromothripsis:noncanonicalB	chromosome_arm	25150000	83250001	402	402	8	7	4	4215551	1.660518399611344e-06	8.596020306716726	33003.5	684071.0	863159.5	False	0.7142857142857143	0.3333333333333333	0	0	0	0	0	1	0	0	5	1	0	0	8	0					3	0	0.0	5	0	0	5	sample_residual	coords
CAPAN2:chr3:171842933-174865042:1	CAPAN2:chr3:171842933-174865042:1	CAPAN2	chr3	q	171842933	174865042	candidate_region_label	BFB	region	candidate_region	1	1	1	candidate_region_with_context	174865041	174865042	sv_attention	0.3	0.0	HP1	0.8095	0.746	13.0	0.0	5.0	2.0	C1	BFB	BFB:noncanonical	chromosome_arm	90951000	198250001	402	402	8	1	1	3022110	3.308946398377293e-07	7.0	3022110.0	3022110.0	3022110.0	False	0.0	0.0	0	0	0	0	0	0	0	1	0	0	0	0	2	1	2.0	2.0	2.0	2.0	0	0	1.0	1	0	0	1	sample_residual	coords
CAPAN2:chr11:0-17181454:2		CAPAN2	chr11	p	0	17181454	candidate_region_empty		empty_candidate_region	candidate_region	10	16	16	candidate_region_with_context	3997118	17181454	sv_attention	0.9991	0.7674	mixed_HP	-0.1152	0.2	44.0	225.0	6.0656	0.0	C2			chromosome_arm	0	53714000	402	402	8	10	10	17181455	5.820228845577979e-07	6.065618540455392	748762.25	1452430.0	2965840.25	False	0.6	0.4444444444444444	0	0	0	1	1	2	3	3	0	0	0	0	9	0					2	0	0.0	0	7	0	0	sample_residual	coords
CAPAN2:chr19:10941884-15447707:3	CAPAN2:chr19:10941884-15447707:3	CAPAN2	chr19	p	10941884	15447707	candidate_region_label	BFB	region	candidate_region	3	4	4	candidate_region_with_context	15019700	15021398	sv_attention	0.6322	0.0004	HP1	0.8288	0.7717	38.0	0.0	1.0996	0.38	C3	BFB	BFB:noncanonicalB	chromosome_arm	0	26260000	402	402	8	3	2	4505824	6.658049670826024e-07	1.479534486921815	224337.0	428006.0	2242578.0	False	0.6666666666666666	0.5	0	1	1	0	0	0	1	0	0	0	0	0	4	0	3.0	3.0			2	0	1.0	0	1	0	0	sample_residual	coords
CERV186:chr1:151000001-161727469:1		CERV186	chr1	q	151000001	161727469	candidate_region_empty		empty_candidate_region	candidate_region	7	17	17	candidate_region_with_context	155604037	161727469	sv_attention	0.9992	0.5708	HP2	-0.3137	0.085	5.0	335.0	7.4552	0.0	C1			chromosome_arm	123459000	248950001	402	402	8	7	5	10727469	6.525304337863852e-07	7.455178197205697	172961.0	731958.0	2520846.5	False	0.5714285714285714	0.1666666666666666	0	0	2	1	2	0	0	0	0	2	0	0	8	0					2	3	0.0	1	2	0	1	sample_residual	coords
CERV186:chr17:0-5345937:2	CERV186:chr17:0-5345937:2	CERV186	chr17	p	0	5345937	candidate_region_label	chromothripsis	region	candidate_region	5	9	9	candidate_region_with_context	165958	5345937	sv_attention	0.6696	0.969	mixed_HP	0.1673	0.4792	58.0	38.0	1.16	0.9776	C2	chromothripsis	chromothripsis:noncanonicalB	chromosome_arm	0	25150000	402	402	8	5	4	5345938	9.352895600360498e-07	2.1376712561948903	132285.0	557298.0	826074.0	True	1.0	1.0	0	0	2	3	0	0	0	0	0	0	0	0	6	0					3	0	0.0	3	0	0	3	sample_residual	coords
CERV186:chrX:81324920-84146119:3		CERV186	chrX	q	81324920	84146119	candidate_region_empty		empty_candidate_region	candidate_region	4	5	5	candidate_region_with_context	82620148	84146119	sv_attention	0.7223	0.5409	HP2	-0.3333	0.1111	0.0	19.0	1.6573	0.0	C3			chromosome_arm	61090000	156000001	402	402	8	4	4	2821200	1.417836381681554e-06	1.6572550687650645	281541.75	692318.5	1116076.75	False	0.75	0.3333333333333333	0	1	2	1	0	0	0	0	0	0	0	0	5	0					1	1	0.0	2	0	1	2	sample_residual	coords
CERV186:chrX:144991991-156040895:4		CERV186	chrX	q	144991991	156040895	candidate_region_empty		empty_candidate_region	candidate_region	5	2	2	candidate_region_with_context	151174611	151174612	sv_attention	0.3314	0.0	mixed_HP	0.1667	0.375	3.0	5.0	1.5134	0.0	C4			chromosome_arm	61090000	156000001	402	402	8	5	5	11048905	4.52533531603358e-07	1.515194401617174	589848.0	933823.0	4551179.0	False	0.8	0.5	1	2	2	0	0	0	0	0	0	0	0	0	5	0					2	2	0.0	1	0	0	1	sample_residual	coords
CERV196:chr11:31804012-50999999:1	CERV196:chr11:31804012-50999999:1	CERV196	chr11	p	31804012	50999999	candidate_region_label	Seismic_Amplification	region	candidate_region	23	56	56	candidate_region_with_context	31804846	49747804	sv_attention	1.0	0.9347	HP1	0.9277	0.9036	1566.0	69.0	10.686	0.2627	C1	Seismic_Amplification	Seismic_Amplification:noncanonical	chromosome_arm	0	53714000	402	402	8	23	20	19195988	1.1981670336530738e-06	10.948722358026062	340194.0	667111.0	1191307.5	False	0.3043478260869565	0.1363636363636363	0	2	3	0	1	1	1	1	0	13	1	0	24	0					7	3	0.0	9	3	2	9	sample_residual	coords
CERV196:chr13:19000001-36658956:2	CERV196:chr13:19000001-36658956:2	CERV196	chr13	q	19000001	36658956	candidate_region_label	BFB	region	candidate_region	11	17	17	candidate_region_with_context	23594957	34731602	sv_attention	0.9975	0.6307	HP1	0.7958	0.7278	459.0	69.0	3.7178	0.1748	C2	BFB	BFB:noncanonicalB	chromosome_arm	17900000	114350001	402	402	8	10	9	17658956	6.229133817423861e-07	3.892593480611198	236716.0	715766.0	1571399.5	False	0.4545454545454545	0.2	2	0	3	2	1	1	0	0	2	0	0	0	12	1	9.0	11.0	11.0	11.0	2	2	3.0	2	2	1	2	sample_residual	coords
CERV215:chr8:36884526-42999999:1	CERV215:chr8:36884526-42999999:1	CERV215	chr8	p	36884526	42999999	candidate_region_label	chromothripsis;BFB	region	candidate_region	4	5	5	candidate_region_with_context	37504924	38878405	sv_attention	0.7769	0.2246	mixed_HP	-0.0475	0.3	4.0	8.0	2.0865	0.6512	C1	chromothripsis;BFB	chromothripsis:noncanonicalB;BFB:noncanonical	chromosome_arm	0	45644000	402	402	8	4	4	6115474	6.540784900728872e-07	2.7376895069785268	594919.5	731243.0	1665192.25	True	0.75	0.6666666666666666	0	0	1	0	2	1	0	0	0	0	0	0	4	1	4.0	4.0	4.0	4.0	0	0	1.0	1	0	2	1	sample_residual	coords
CERV215:chr11:93422105-102966723:2	CERV215:chr11:93422105-102966723:2	CERV215	chr11	q	93422105	102966723	candidate_region_label	ecDNA;Seismic_Amplification;BFB	region	candidate_region	7	14	14	candidate_region_with_context	101295179	102447260	sv_attention	0.9617	0.1207	mixed_HP	-0.5189	0.2388	75.0	258.0	2.7164	7.301	C2	ecDNA;Seismic_Amplification;BFB	ecDNA;Seismic_Amplification:noncanonical;BFB:noncanonical	chromosome_arm	53714000	135050001	402	402	8	7	7	9544619	7.333975300637983e-07	10.017447632011294	443252.5	593254.0	2140843.5	False	0.2857142857142857	0.1666666666666666	0	0	0	0	1	1	1	0	1	0	2	1	8	2	4.0	8.0	7.0	8.0	0	0	5.0	3	0	0	3	sample_residual	coords
CERV215:chr17:36651110-47994380:3	CERV215:chr17:36651110-47994380:3	CERV215	chr17	q	36651110	47994380	candidate_region_label	BFB	region	candidate_region	11	20	20	candidate_region_with_context	36656119	47994380	sv_attention	0.9999	0.9996	HP2	-0.4723	0.2964	8.0	112.0	1.5408	0.8001	C3	BFB	BFB:noncanonicalB	chromosome_arm	25150000	83250001	402	402	8	11	11	11343271	9.697379177487693e-07	2.3409416031760157	234593.0	444301.0	1549450.0	False	0.5454545454545454	0.4	0	3	2	3	2	1	0	0	0	0	0	0	12	0	1.0	1.0			6	0	1.0	0	5	0	0	sample_residual	coords
CERV215:chr22:19000001-26749456:4		CERV215	chr22	q	19000001	26749456	candidate_region_empty		empty_candidate_region	candidate_region	9	14	14	candidate_region_with_context	19034297	26749456	sv_attention	0.9975	0.9956	mixed_HP	-0.009	0.2	36.0	112.0	4.8615	0.0	C4			chromosome_arm	15050000	50807217	402	402	8	9	6	7749456	1.1613718433913297e-06	4.861458662388689	43711.0	280930.0	930412.0	False	0.5555555555555556	0.125	1	0	0	1	2	3	1	1	0	0	0	0	6	0					0	1	0.0	2	3	0	2	sample_residual	coords
CFPAC1:chr4:169433769-174050891:1	CFPAC1:chr4:169433769-174050891:1	CFPAC1	chr4	q	169433769	174050891	candidate_region_label	chromothripsis	region	candidate_region	4	10	10	candidate_region_with_context	173701222	174050890	sv_attention	0.9817	0.0757	HP2	-0.4957	0.3276	0.0	85.0	1.8225	0.5869	C1	chromothripsis	chromothripsis:noncanonicalB	chromosome_arm	50494000	190200001	402	402	8	4	4	4617123	8.663403595702346e-07	2.409419242242409	1020498.0	1175942.5	1309725.25	True	0.75	0.6666666666666666	0	1	1	2	0	0	0	0	0	0	0	0	5	0					2	0	0.0	1	2	0	1	sample_residual	coords
CFPAC1:chr8:34116445-37127717:2	CFPAC1:chr8:34116445-37127717:2	CFPAC1	chr8	p	34116445	37127717	candidate_region_label	BFB	region	candidate_region	1	4	4	candidate_region_with_context	34146806	34147348	sv_attention	0.6235	0.0002	mixed_HP	0.2381	0.3	19.0	9.0	2.0	2.0	C2	BFB	BFB:noncanonicalB	chromosome_arm	0	45644000	402	402	8	1	1	3011273	3.320854668440889e-07	4.0	3011273.0	3011273.0	3011273.0	False	0.0	0.0	0	0	0	0	1	0	0	0	0	0	0	0	2	0	1.0	1.0			0	0	1.0	1	0	0	1	sample_residual	coords
CFPAC1:chr8:125817166-128418242:3	CFPAC1:chr8:125817166-128418242:3	CFPAC1	chr8	q	125817166	128418242	candidate_region_label	BFB	region	candidate_region	3	3	3	candidate_region_with_context	126163566	127915578	sv_attention	0.3	0.6736	HP1	0.8927	0.857	6.0	0.0	4.5197	0.8668	C3	BFB	BFB:noncanonical	chromosome_arm	45644000	145100001	402	402	8	3	3	2601077	1.1533683931694448e-06	5.386503744410488	611204.0	876006.0	1127337.5	False	0.6666666666666666	0.5	0	0	0	1	0	1	0	1	0	0	0	0	4	1	4.0	4.0	4.0	4.0	2	0	1.0	0	1	0	0	sample_residual	coords
CFPAC1:chr11:45868884-50999999:4	CFPAC1:chr11:45868884-50999999:4	CFPAC1	chr11	p	45868884	50999999	candidate_region_label	chromothripsis	region	candidate_region	6	9	9	candidate_region_with_context	45884966	50999999	sv_attention	0.924	0.9969	mixed_HP	-0.0975	0.4608	80.0	124.0	2.0495	1.5497	C4	chromothripsis	chromothripsis:noncanonical	chromosome_arm	0	53714000	402	402	8	6	5	5131116	1.1693362613513318e-06	3.5992487794078327	377103.75	864966.5	1240974.25	True	0.8333333333333334	0.6	0	0	0	2	3	1	0	0	0	0	0	0	4	0					0	1	0.0	0	3	0	0	sample_residual	coords
CFPAC1:chr11:79558920-116268542:5	CFPAC1:chr11:79558920-116268542:5	CFPAC1	chr11	q	79558920	116268542	candidate_region_label	chromothripsis	region	candidate_region	50	106	106	candidate_region_with_context	79562454	116268542	sv_attention	1.0	0.9999	HP2	-0.3981	0.1974	107.0	581.0	1.872	1.2909	C4	chromothripsis	chromothripsis:noncanonical	chromosome_arm	53714000	135050001	402	402	8	50	37	36709623	1.3620406834469534e-06	3.162834633305823	115985.25	470350.0	791763.5	True	0.76	0.5510204081632653	2	3	5	22	16	2	0	0	0	0	0	0	51	0					8	15	0.0	0	28	0	0	sample_residual	coords
CFPAC1:chr11:126340678-135086622:6	CFPAC1:chr11:126340678-135086622:6	CFPAC1	chr11	q	126340678	135086622	candidate_region_label	chromothripsis	region	candidate_region	19	40	40	candidate_region_with_context	127035792	135086622	sv_attention	1.0	0.9205	HP2	-0.4963	0.3284	23.0	194.0	2.0351	1.7088	C4	chromothripsis	chromothripsis:noncanonical	chromosome_arm	53714000	135050001	402	402	8	19	11	8745945	2.172435340034725e-06	3.7365428207014793	58502.5	173180.0	569143.0	False	0.7368421052631579	0.5	0	0	1	8	6	4	0	0	0	0	0	0	23	0					10	7	0.0	0	6	0	0	sample_residual	coords
CFPAC1:chr12:23200844-26346628:7	CFPAC1:chr12:23200844-26346628:7	CFPAC1	chr12	p	23200844	26346628	candidate_region_label	BFB	region	candidate_region	1	8	8	candidate_region_with_context	23220204	25551766	sv_attention	0.7468	0.7412	mixed_HP	0.0598	0.359	98.0	58.0	2.0	4.0	C5	BFB	BFB:noncanonical	chromosome_arm	0	35807000	402	402	8	1	1	3145785	3.178856787733428e-07	6.0	3145785.0	3145785.0	3145785.0	False	0.0	0.0	0	0	0	0	0	0	1	0	0	0	0	0	2	1	2.0	2.0	2.0	2.0	0	0	1.0	0	1	0	0	sample_residual	coords
CFPAC1:chr12:75477540-85934539:8	CFPAC1:chr12:75477540-85934539:8	CFPAC1	chr12	q	75477540	85934539	candidate_region_label	chromothripsis	region	candidate_region	6	12	12	candidate_region_with_context	75532746	85934539	sv_attention	0.9933	0.9947	HP2	-0.9407	0.921	6.0	129.0	0.0	3.5053	C6	chromothripsis	chromothripsis:noncanonicalB	chromosome_arm	35807000	133250001	402	402	8	6	5	10457000	5.737783303050588e-07	3.5053045806636702	742280.0	955768.0	2462913.75	True	0.8333333333333334	0.8	0	0	3	0	2	1	0	0	0	0	0	0	8	0					3	0	0.0	4	1	0	4	sample_residual	coords
CFPAC1:chr17:37492981-44235604:9	CFPAC1:chr17:37492981-44235604:9	CFPAC1	chr17	q	37492981	44235604	candidate_region_label	Seismic_Amplification;BFB	region	candidate_region	7	11	11	candidate_region_with_context	37493676	44235604	sv_attention	0.9895	0.9999	mixed_HP	0.0559	0.4304	97.0	61.0	2.1226	3.841	C7	Seismic_Amplification;BFB	Seismic_Amplification:noncanonical;BFB:noncanonicalB	chromosome_arm	25150000	83250001	402	402	8	7	6	6742624	1.0381714893192917e-06	5.963621877773401	413458.0	808033.0	1538104.5	False	0.4285714285714285	0.0	0	0	0	1	1	1	1	2	1	0	0	0	8	1	3.0	3.0	3.0	3.0	1	3	1.0	1	2	0	1	sample_residual	coords
CFPAC1:chr17:68423151-72496082:10	CFPAC1:chr17:68423151-72496082:10	CFPAC1	chr17	q	68423151	72496082	candidate_region_label	Seismic_Amplification;BFB	region	candidate_region	4	13	13	candidate_region_with_context	68423193	69115243	sv_attention	0.9955	0.1699	HP1	0.3551	0.1402	41.0	9.0	1.8416	2.8478	C7	Seismic_Amplification;BFB	Seismic_Amplification:noncanonical;BFB:noncanonicalB	chromosome_arm	25150000	83250001	402	402	8	4	2	4072932	9.820934894076309e-07	4.689454918471509	40048.75	335219.0	1313403.25	False	0.5	0.3333333333333333	0	0	1	1	0	1	1	0	0	0	0	0	8	0	7.0	7.0			2	1	1.0	0	3	1	0	sample_residual	coords
CaSki:chr5:23506772-35239312:1	CaSki:chr5:23506772-35239312:1	CaSki	chr5	p	23506772	35239312	candidate_region_label	BFB	region	candidate_region	4	7	7	candidate_region_with_context	27795095	27955455	sv_attention	0.918	0.0137	mixed_HP	0.5137	0.45	23.0	5.0	5.6474	3.3499	C1	BFB	BFB:noncanonicalB	chromosome_arm	0	48464000	402	402	8	4	4	11732541	3.409321135123244e-07	8.997265894915689	2430759.5	3648111.0	4150486.75	False	0.75	0.3333333333333333	0	0	0	0	0	0	0	0	4	0	0	0	5	0	3.0	3.0			0	0	1.0	4	0	0	4	sample_residual	coords
CaSki:chr6:20537162-26063624:2	CaSki:chr6:20537162-26063624:2	CaSki	chr6	p	20537162	26063624	candidate_region_label	chromothripsis	region	candidate_region	4	2	2	candidate_region_with_context	23447076	23447077	sv_attention	0.3	0.0	mixed_HP	0.2222	0.2021	6.0	3.0	2.6064	2.6064	C2	chromothripsis	chromothripsis:noncanonicalB	chromosome_arm	0	60589000	402	402	8	4	4	5526463	7.237902434160873e-07	5.212805369365542	711767.5	1133495.5	1803343.75	True	1.0	1.0	0	0	0	0	2	0	2	0	0	0	0	0	5	0					0	3	0.0	1	1	0	1	sample_residual	coords
CaSki:chr6:63000001-65710352:3	CaSki:chr6:63000001-65710352:3	CaSki	chr6	q	63000001	65710352	candidate_region_label	Seismic_Amplification	region	candidate_region	9	11	11	candidate_region_with_context	63679868	65385358	sv_attention	0.9237	0.6293	mixed_HP	-0.5436	0.8301	7.0	87.0	5.1796	4.4904	C3	Seismic_Amplification	Seismic_Amplification:noncanonical	chromosome_arm	60589000	170800001	402	402	8	9	7	2710352	3.320601899679451e-06	9.670066471070916	104255.0	278971.0	394193.0	False	0.4444444444444444	0.125	0	0	0	0	0	0	0	2	3	4	0	0	9	0					0	5	0.0	1	3	0	1	sample_residual	coords
CaSki:chr7:45937204-57999999:4	CaSki:chr7:45937204-57999999:4	CaSki	chr7	p	45937204	57999999	candidate_region_label	BFB	region	candidate_region	8	13	13	candidate_region_with_context	50305770	57999999	sv_attention	0.9959	0.6378	HP1	0.6588	0.5451	35.0	8.0	5.5158	0.8955	C4	BFB	BFB:noncanonicalB	chromosome_arm	0	59904000	402	402	8	8	7	12062796	6.631961611553408e-07	6.411267586718701	489757.75	786635.5	2023042.75	False	0.625	0.1428571428571428	0	0	0	0	0	1	3	1	3	0	0	0	9	0	1.0	4.0			1	1	2.0	3	2	0	3	sample_residual	coords
CaSki:chr11:99652394-104394528:5	CaSki:chr11:99652394-104394528:5	CaSki	chr11	q	99652394	104394528	candidate_region_label	Seismic_Amplification;BFB	region	candidate_region	4	7	7	candidate_region_with_context	100567651	101989131	sv_attention	0.8825	0.2998	HP1	0.9827	0.9769	45.0	0.0	19.1709	0.512	C5	Seismic_Amplification;BFB	Seismic_Amplification:canonical;BFB:noncanonical	chromosome_arm	53714000	135050001	402	402	8	4	4	4742135	8.435019247659546e-07	19.682881444750095	736224.0	1052496.0	1501805.75	False	0.5	0.3333333333333333	0	0	0	0	0	0	0	0	1	1	2	0	5	1	1.0	5.0	5.0	5.0	0	0	3.0	0	1	1	0	sample_residual	coords
CaSki:chr22:19000001-28664067:6		CaSki	chr22	q	19000001	28664067	candidate_region_empty		empty_candidate_region	candidate_region	6	5	5	candidate_region_with_context	24685816	28664067	sv_attention	0.3	0.4117	mixed_HP	0.1164	0.5833	28.0	20.0	2.0	1.9375	C6			chromosome_arm	15050000	50800001	402	402	8	6	5	9664067	6.208566227862451e-07	3.937540685510562	1523131.75	1689033.5	2089431.0	True	0.8333333333333334	0.6	0	0	0	1	3	2	0	0	0	0	0	0	6	0					0	2	0.0	3	1	0	3	sample_residual	coords
CaSki:chrX:80448062-86099488:7	CaSki:chrX:80448062-86099488:7	CaSki	chrX	q	80448062	86099488	candidate_region_label	Seismic_Amplification;BFB	region	candidate_region	6	7	7	candidate_region_with_context	80507539	85738904	sv_attention	0.9179	0.9257	HP1	0.8863	0.8484	118.0	11.0	5.0908	0.0	C7	Seismic_Amplification;BFB	Seismic_Amplification:noncanonical;BFB:noncanonicalB	chromosome_arm	61090000	156000001	402	402	8	6	4	5651427	1.0616787583029917e-06	5.090849974705503	195717.0	807461.0	1251325.75	False	0.5	0.0	0	0	1	1	0	0	0	0	3	1	0	0	7	1	2.0	2.0	2.0	2.0	2	0	1.0	2	2	0	2	sample_residual	coords
DOTC2:chr1:50777662-67572663:1	DOTC2:chr1:50777662-67572663:1	DOTC2	chr1	p	50777662	67572663	candidate_region_label	Seismic_Amplification;BFB	region	candidate_region	12	36	36	candidate_region_with_context	64409477	67572663	sv_attention	1.0	0.1883	HP2	-0.3293	0.1057	38.0	159.0	3.3916	2.0759	C1	Seismic_Amplification;BFB	Seismic_Amplification:noncanonical;BFB:noncanonicalB	chromosome_arm	0	123459000	402	402	8	11	10	16795002	7.144982775232775e-07	5.467586309307971	153306.5	723948.5	1818625.75	False	0.5	0.2727272727272727	0	0	0	0	3	3	2	2	2	0	0	0	13	0	1.0	11.0			1	1	2.0	4	5	0	4	sample_residual	coords
DOTC2:chr1:151000001-157274177:2	DOTC2:chr1:151000001-157274177:2	DOTC2	chr1	q	151000001	157274177	candidate_region_label	chromothripsis	region	candidate_region	4	6	6	candidate_region_with_context	152139659	155869543	sv_attention	0.7642	0.5945	mixed_HP	-0.0684	0.5455	18.0	26.0	1.5842	1.1506	C2	chromothripsis	chromothripsis:noncanonicalB	chromosome_arm	123459000	248950001	402	402	8	4	4	6274177	6.375338151920164e-07	2.7347456088663105	1150739.75	1602645.5	2020450.0	True	1.0	1.0	0	0	2	2	0	0	0	0	0	0	0	0	4	0					2	1	0.0	1	0	0	1	sample_residual	coords
DOTC2:chr4:52000001-58379854:3	DOTC2:chr4:52000001-58379854:3	DOTC2	chr4	q	52000001	58379854	candidate_region_label	BFB	region	candidate_region	7	14	14	candidate_region_with_context	53228550	58379854	sv_attention	0.9514	0.8074	HP2	-0.2748	0.0331	29.0	85.0	2.0154	1.4655	C3	BFB	BFB:noncanonicalB	chromosome_arm	50494000	190200001	402	402	8	7	4	6379854	1.0972037918109097e-06	3.480859593338656	49274.5	1119358.0	1423146.5	False	0.7142857142857143	0.3333333333333333	0	0	0	2	3	1	1	0	0	0	0	0	7	0	2.0	2.0			2	1	1.0	3	0	0	3	sample_residual	coords
DOTC2:chr6:135706334-146381524:4		DOTC2	chr6	q	135706334	146381524	candidate_region_empty		empty_candidate_region	candidate_region	5	9	9	candidate_region_with_context	138755144	145190767	sv_attention	0.9062	0.6029	HP2	-0.5529	0.4039	9.0	30.0	1.2856	4.8626	C4			chromosome_arm	60589000	170800001	402	402	8	5	5	10675191	4.6837569463628333e-07	6.148239876925856	1386642.0	1938867.0	2723954.0	False	0.6	0.5	0	0	0	1	1	0	0	1	2	0	0	0	6	0					0	0	0.0	6	0	0	6	sample_residual	coords
DOTC2:chr7:13518946-20269876:5	DOTC2:chr7:13518946-20269876:5	DOTC2	chr7	p	13518946	20269876	candidate_region_label	chromothripsis	region	candidate_region	4	7	7	candidate_region_with_context	14558761	20269876	sv_attention	0.9181	0.846	HP1	0.4971	0.3295	49.0	4.0	0.8382	1.2751	C5	chromothripsis	chromothripsis:canonical	chromosome_arm	0	59904000	402	402	8	4	4	6750931	5.925108699822291e-07	2.1132069043514146	1079416.25	1380815.0	1989131.5	True	0.75	0.6666666666666666	1	0	2	1	0	0	0	0	0	0	0	0	6	0					2	2	0.0	0	2	0	0	sample_residual	coords
DOTC2:chr11:46374227-50999999:6	DOTC2:chr11:46374227-50999999:6	DOTC2	chr11	p	46374227	50999999	candidate_region_label	BFB	region	candidate_region	3	11	11	candidate_region_with_context	46374231	49747804	sv_attention	0.9756	0.7293	mixed_HP	0.1212	0.2	37.0	7.0	0.0	2.0959	C6	BFB	BFB:noncanonicalB	chromosome_arm	0	53714000	402	402	8	3	3	4625773	6.485402547855245e-07	2.09590202545607	853837.5	1264054.0	2091076.5	True	1.0	1.0	0	0	2	1	0	0	0	0	0	0	0	0	3	0	2.0	2.0			0	0	1.0	2	0	0	2	sample_residual	coords
DOTC2:chr11:111434427-114924453:7	DOTC2:chr11:111434427-114924453:7	DOTC2	chr11	q	111434427	114924453	candidate_region_label	BFB	region	candidate_region	2	4	4	candidate_region_with_context	111434511	114843329	sv_attention	0.9502	0.9767	HP2	-0.8925	0.8566	5.0	57.0	0.0	3.0232	C7	BFB	BFB:noncanonical	chromosome_arm	53714000	135050001	402	402	8	2	1	3490027	5.730614691519579e-07	3.0232445193117417	913068.75	1745013.5	2576958.25	False	0.0	0.0	0	0	0	1	1	0	0	0	0	0	0	0	4	1	1.0	2.0	1.0	1.0	0	0	2.0	2	0	0	2	sample_residual	coords
DOTC2:chr12:60924479-74275376:8	DOTC2:chr12:60924479-74275376:8	DOTC2	chr12	q	60924479	74275376	candidate_region_label	chromothripsis	region	candidate_region	5	11	11	candidate_region_with_context	62478238	74275376	sv_attention	0.9992	0.8836	mixed_HP	-0.0482	0.8889	47.0	43.0	1.234	1.9856	C8	chromothripsis	chromothripsis:noncanonicalB	chromosome_arm	35807000	133250001	402	402	8	5	5	13350898	3.745066436729575e-07	3.219650543356709	1553761.0	2685467.0	4241267.0	True	0.8	0.75	0	0	2	2	1	0	0	0	0	0	0	0	6	0					2	0	0.0	3	1	0	3	sample_residual	coords
DOTC2:chr17:59420854-63886034:9		DOTC2	chr17	q	59420854	63886034	candidate_region_empty		empty_candidate_region	candidate_region	5	10	10	candidate_region_with_context	59421340	63886034	sv_attention	0.908	0.9999	HP1	0.3099	0.0799	65.0	27.0	1.9717	1.6013	C9			chromosome_arm	25150000	83250001	402	402	8	5	5	4465181	1.119775435755012e-06	3.573002303825981	295866.0	498829.0	1653920.0	False	0.8	0.5	0	0	1	1	3	0	0	0	0	0	0	0	5	0					4	0	0.0	0	1	0	0	sample_residual	coords
DOTC2:chr18:35372218-44136546:10	DOTC2:chr18:35372218-44136546:10	DOTC2	chr18	q	35372218	44136546	candidate_region_label	chromothripsis	region	candidate_region	5	11	11	candidate_region_with_context	40501427	43944393	sv_attention	0.9957	0.3928	HP1	0.425	0.2334	63.0	24.0	2.2183	1.0	C10	chromothripsis	chromothripsis:noncanonical	chromosome_arm	18540000	80350001	402	402	8	5	5	8764329	5.704943299139045e-07	3.2182529889053684	265817.0	2053953.0	2668329.0	False	0.8	0.5	0	0	1	3	1	0	0	0	0	0	0	0	6	0					2	1	0.0	2	1	0	2	sample_residual	coords
DOTC2:chr20:20039636-24999999:11	DOTC2:chr20:20039636-24999999:11	DOTC2	chr20	p	20039636	24999999	candidate_region_label	chromothripsis	region	candidate_region	4	11	11	candidate_region_with_context	23821005	23862272	sv_attention	0.7733	0.0083	mixed_HP	0.0204	1.0	19.0	19.0	2.0	1.7693	C11	chromothripsis	chromothripsis:noncanonicalB	chromosome_arm	0	28120000	402	402	8	4	4	4960364	8.063924341036262e-07	3.769302212498921	790272.75	1327582.5	1777401.0	True	1.0	1.0	0	0	0	2	2	0	0	0	0	0	0	0	4	0					2	0	0.0	2	0	0	2	sample_residual	coords
DOTC2:chrX:146763144-156040895:12		DOTC2	chrX	q	146763144	156040895	candidate_region_empty		empty_candidate_region	candidate_region	5	7	7	candidate_region_with_context	148902125	150806278	sv_attention	0.9179	0.2052	mixed_HP	0.2297	0.3	12.0	6.0	1.7684	1.6912	C12			chromosome_arm	61090000	156000001	402	402	8	5	4	9277752	5.389236530573354e-07	3.4531595584792525	437530.0	1903833.0	2138983.0	False	0.6	0.25	0	0	1	2	1	1	0	0	0	0	0	0	5	0					1	0	0.0	3	1	0	3	sample_residual	coords
HOKUG:chr4:141456616-145575189:1	HOKUG:chr4:141456616-145575189:1	HOKUG	chr4	q	141456616	145575189	candidate_region_label	BFB	region	candidate_region	3	3	3	candidate_region_with_context	145474188	145496774	sv_attention	0.3948	0.0055	HP2	-0.4408	0.2544	8.0	41.0	1.0281	0.979	C1	BFB	BFB:noncanonicalB	chromosome_arm	50494000	190200001	402	402	8	3	2	4118574	7.284074536477917e-07	2.007085947709086	93704.0	101000.0	2016083.0	False	0.6666666666666666	0.5	1	0	1	0	1	0	0	0	0	0	0	0	4	0	3.0	3.0			2	0	1.0	1	0	0	1	sample_residual	coords
HOKUG:chr22:46755296-50818468:2	HOKUG:chr22:46755296-50818468:2	HOKUG	chr22	q	46755296	50818468	candidate_region_label	BFB	region	candidate_region	3	2	2	candidate_region_with_context	49996510	49999604	sv_attention	0.3	0.0008	HP1	0.5895	0.4526	36.0	0.0	1.0	1.6027	C2	BFB	BFB:noncanonicalB	chromosome_arm	15050000	50800001	402	402	8	3	2	4063173	7.383392240497759e-07	2.599956241095321	410978.5	803490.0	2022353.0	False	0.6666666666666666	0.5	0	1	1	1	0	0	0	0	0	0	0	0	2	0	2.0	2.0			0	0	1.0	1	0	0	1	sample_residual	coords
HOS:chr1:151000001-156195938:1		HOS	chr1	q	151000001	156195938	candidate_region_empty		empty_candidate_region	candidate_region	4	13	13	candidate_region_with_context	154196090	155392740	sv_attention	0.9959	0.2303	mixed_HP	0.0809	0.3	54.0	116.0	3.8587	0.0544	C1			chromosome_arm	123459000	248950001	402	402	8	4	4	5195938	7.698321265573223e-07	3.913122904853753	239441.5	1003302.5	2062845.5	False	0.5	0.3333333333333333	1	0	0	0	1	1	1	0	0	0	0	0	4	0					0	0	0.0	4	0	0	4	sample_residual	coords
HOS:chr2:46988610-49699079:2	HOS:chr2:46988610-49699079:2	HOS	chr2	p	46988610	49699079	candidate_region_label	chromothripsis	region	candidate_region	5	21	21	candidate_region_with_context	49196622	49211287	sv_attention	0.9999	0.0054	HP1	0.3078	0.077	53.0	3.0	0.1838	2.4873	C2	chromothripsis	chromothripsis:noncanonicalB	chromosome_arm	0	93989000	402	402	8	5	4	2710470	1.844698520920726e-06	2.671103535549185	177094.0	321048.0	612145.0	False	0.8	0.5	0	0	2	2	1	0	0	0	0	0	0	0	6	0					0	2	0.0	1	3	0	1	sample_residual	coords
HOS:chr6:16115965-25720586:3	HOS:chr6:16115965-25720586:3	HOS	chr6	p	16115965	25720586	candidate_region_label	chromothripsis;BFB	region	candidate_region	15	28	28	candidate_region_with_context	17630065	24152376	sv_attention	1.0	0.6791	HP1	0.4418	0.2557	138.0	24.0	1.2624	1.4881	C3	chromothripsis;BFB	chromothripsis:noncanonical;BFB:noncanonicalB	chromosome_arm	0	60589000	402	402	8	15	11	9604622	1.561748083370694e-06	2.7505022061253426	100733.0	245796.0	703980.0	True	0.7333333333333333	0.5714285714285714	0	1	3	7	4	0	0	0	0	0	0	0	21	0	15.0	15.0			4	2	1.0	9	5	0	9	sample_residual	coords
HOS:chr6:49170621-51360264:4	HOS:chr6:49170621-51360264:4	HOS	chr6	p	49170621	51360264	candidate_region_label	BFB	region	candidate_region	2	7	7	candidate_region_with_context	49170806	50182688	sv_attention	0.918	0.4621	HP1	0.4749	0.2998	73.0	16.0	2.567	1.9221	C4	BFB	BFB:noncanonicalB	chromosome_arm	0	60589000	402	402	8	2	2	2189644	9.133904872207536e-07	4.489117865735252	725910.0	1094822.0	1463734.0	False	0.0	0.0	0	0	0	0	1	0	0	1	0	0	0	0	3	1	2.0	2.0	2.0	2.0	0	0	1.0	2	0	0	2	sample_residual	coords
HOS:chr7:19941203-28593136:5		HOS	chr7	p	19941203	28593136	candidate_region_empty		empty_candidate_region	candidate_region	5	5	5	candidate_region_with_context	20352832	28593136	sv_attention	0.5611	0.9524	HP1	0.5821	0.4429	59.0	0.0	0.8646	1.452	C5			chromosome_arm	0	59904000	402	402	8	5	5	8651934	5.779054717708203e-07	2.316576270692772	760179.0	1312417.0	1404569.0	False	0.8	0.5	1	2	0	2	0	0	0	0	0	0	0	0	6	0					2	0	0.0	2	2	0	2	sample_residual	coords
HOS:chr7:63000001-70353239:6	HOS:chr7:63000001-70353239:6	HOS	chr7	q	63000001	70353239	candidate_region_label	BFB	region	candidate_region	5	9	9	candidate_region_with_context	66303524	66780492	sv_attention	0.9616	0.0649	HP2	-0.3734	0.1645	18.0	45.0	0.7624	1.3065	C6	BFB	BFB:noncanonicalB	chromosome_arm	59904000	159300001	402	402	8	5	3	7353239	6.799724583955451e-07	2.068846803429074	57102.0	419282.0	3303525.0	False	0.6	0.25	0	1	2	1	1	0	0	0	0	0	0	0	5	0	3.0	3.0			2	0	1.0	0	1	1	0	sample_residual	coords
HOS:chr7:131039415-141230513:7		HOS	chr7	q	131039415	141230513	candidate_region_empty		empty_candidate_region	candidate_region	10	27	27	candidate_region_with_context	133004341	141230513	sv_attention	0.9979	0.8072	mixed_HP	-0.3333	1.0	28.0	28.0	0.0	0.6093	C7			chromosome_arm	59904000	159300001	402	402	8	10	10	10191099	9.8124844042826e-07	0.6092988597206248	229731.25	638715.5	1879282.0	False	0.6	0.3333333333333333	3	3	2	2	0	0	0	0	0	0	0	0	11	0					0	2	0.0	6	3	0	6	sample_residual	coords
HOS:chr11:115215034-125184658:8	HOS:chr11:115215034-125184658:8	HOS	chr11	q	115215034	125184658	candidate_region_label	Seismic_Amplification;BFB	region	candidate_region	37	86	86	candidate_region_with_context	116499926	125184658	sv_attention	1.0	0.8711	HP1	0.4591	0.2788	741.0	92.0	1.5059	2.1712	C8	Seismic_Amplification;BFB	Seismic_Amplification:noncanonical;BFB:noncanonicalB	chromosome_arm	53714000	135050001	402	402	8	37	22	9969625	3.7112729917123262e-06	3.677196684930476	60873.0	176080.0	418622.0	False	0.2972972972972973	0.0555555555555555	4	2	5	3	6	4	5	3	4	1	0	0	42	0	1.0	30.0			12	8	6.0	5	10	1	5	sample_residual	coords
HOS:chr12:126179644-133275309:9	HOS:chr12:126179644-133275309:9	HOS	chr12	q	126179644	133275309	candidate_region_label	chromothripsis	region	candidate_region	8	13	13	candidate_region_with_context	126540473	133275309	sv_attention	0.9271	0.9491	HP2	-0.2816	0.0421	4.0	99.0	1.8379	0.0	C9	chromothripsis	chromothripsis:canonical	chromosome_arm	35807000	133265182	402	402	8	8	6	7095666	1.127448783525042e-06	1.8381702295457536	113039.5	358911.5	1457335.5	False	0.75	0.4285714285714285	1	1	4	2	0	0	0	0	0	0	0	0	7	0					3	1	0.0	1	2	0	1	sample_residual	coords
HOS:chrX:40892836-45441048:10	HOS:chrX:40892836-45441048:10	HOS	chrX	p	40892836	45441048	candidate_region_label	BFB	region	candidate_region	3	8	8	candidate_region_with_context	41788423	43154488	sv_attention	0.9412	0.3004	HP2	-0.9744	0.9658	1.0	51.0	0.0	2.5992	C10	BFB	BFB:noncanonicalB	chromosome_arm	0	61090000	402	402	8	3	3	4548213	6.595997153167628e-07	2.5991773032617425	1129091.0	1362593.0	1826312.0	True	1.0	1.0	0	0	2	0	1	0	0	0	0	0	0	0	5	1	1.0	4.0	4.0	4.0	1	0	4.0	0	0	0	0	sample_residual	coords
HeLa:chr2:178861687-197623598:1	HeLa:chr2:178861687-197623598:1	HeLa	chr2	q	178861687	197623598	candidate_region_label	chromothripsis	region	candidate_region	18	64	64	candidate_region_with_context	179401176	197623598	sv_attention	1.0	0.9712	HP2	-0.5176	0.3568	46.0	174.0	1.0538	2.3972	C1	chromothripsis	chromothripsis:noncanonical	chromosome_arm	93989000	242150001	402	402	8	17	12	18761912	9.593904928239724e-07	3.4509764783034904	67205.75	232167.5	845448.5	False	0.6111111111111112	0.2941176470588235	0	0	5	4	6	3	0	0	0	0	0	0	19	0					2	6	0.0	0	11	0	0	sample_residual	coords
HeLa:chr5:31906131-45999999:2	HeLa:chr5:31906131-45999999:2	HeLa	chr5	p	31906131	45999999	candidate_region_label	Seismic_Amplification	region	candidate_region	16	34	34	candidate_region_with_context	34087958	45999999	sv_attention	0.9855	0.8452	mixed_HP	-0.387	0.5093	43.0	64.0	0.9747	7.4459	C2	Seismic_Amplification	Seismic_Amplification:canonical	chromosome_arm	0	48464000	402	402	8	16	13	14093869	1.1352454035155286e-06	8.420673201943341	115396.75	428698.5	1605651.5	False	0.4375	0.1333333333333333	1	0	0	0	0	0	2	4	6	3	0	0	17	0					5	4	0.0	0	8	0	0	sample_residual	coords
HeLa:chr6:33257934-38053809:3		HeLa	chr6	p	33257934	38053809	candidate_region_empty		empty_candidate_region	candidate_region	4	4	4	candidate_region_with_context	37646120	38053809	sv_attention	0.6086	0.085	mixed_HP	-0.25	0.2	1.0	15.0	4.9627	0.0	C3			chromosome_arm	0	60589000	402	402	8	4	4	4795876	8.34049921223985e-07	4.962686691649242	346490.5	578612.0	1431090.5	False	0.75	0.3333333333333333	0	0	0	0	1	1	2	0	0	0	0	0	5	0					0	4	0.0	1	0	0	1	sample_residual	coords
HeLa:chr11:20400801-30278058:4	HeLa:chr11:20400801-30278058:4	HeLa	chr11	p	20400801	30278058	candidate_region_label	chromothripsis	region	candidate_region	10	15	15	candidate_region_with_context	25240276	30278058	sv_attention	0.9965	0.51	HP1	0.4627	0.2837	93.0	16.0	1.8445	1.9376	C4	chromothripsis	chromothripsis:noncanonical	chromosome_arm	0	53714000	402	402	8	10	9	9877258	1.0124267281466172e-06	3.782091851807455	411898.5	982488.5	1335461.0	False	0.6	0.2222222222222222	0	0	2	1	4	2	1	0	0	0	0	0	11	0					5	2	0.0	0	3	1	0	sample_residual	coords
HeLa:chr11:44892122-75358809:5	HeLa:chr11:44892122-75358809:5	HeLa	chr11	mixed	44892122	75358809	candidate_region_label	Seismic_Amplification;chromothripsis;BFB	region	candidate_region	22	42	42	candidate_region_with_context	44942904	75358809	sv_attention	1.0	0.9983	HP1	0.317	0.0893	183.0	72.0	1.8356	1.5627	C5	Seismic_Amplification;chromothripsis;BFB	Seismic_Amplification:canonical;chromothripsis:noncanonical;BFB:noncanonicalB	chromosome	0	135050001	402	402	8	19	16	30466688	7.221001508270279e-07	3.398280968380941	97899.0	537343.5	2181391.75	False	0.5454545454545454	0.2857142857142857	1	0	1	2	7	5	4	1	1	0	0	0	19	0	17.0	17.0			1	7	1.0	0	10	0	0	sample_residual	coords
HeLa:chr12:44288126-56020661:6	HeLa:chr12:44288126-56020661:6	HeLa	chr12	q	44288126	56020661	candidate_region_label	Seismic_Amplification	region	candidate_region	11	18	18	candidate_region_with_context	48210126	51883100	sv_attention	0.9469	0.3131	HP2	-0.5232	0.3642	4.0	76.0	3.4213	2.1398	C6	Seismic_Amplification	Seismic_Amplification:noncanonical	chromosome_arm	35807000	133250001	402	402	8	11	8	11732536	9.375637117158644e-07	5.561089776327982	103645.0	731541.0	1891924.5	False	0.6363636363636364	0.3	0	0	0	0	1	4	3	1	2	0	0	0	12	0					2	9	0.0	1	0	0	1	sample_residual	coords
HeLa:chr17:59834629-64566240:7	HeLa:chr17:59834629-64566240:7	HeLa	chr17	q	59834629	64566240	candidate_region_label	chromothripsis	region	candidate_region	8	13	13	candidate_region_with_context	63799201	64566240	sv_attention	0.8941	0.1621	mixed_HP	0.1219	0.9545	28.0	27.0	2.0635	1.0411	C7	chromothripsis	chromothripsis:noncanonical	chromosome_arm	25150000	83250001	402	402	8	8	4	4731612	1.6907557086253058e-06	3.1045459771426738	32495.5	98503.5	245052.0	False	0.5	0.1428571428571428	1	0	1	3	1	1	1	0	0	0	0	0	9	0					1	2	0.0	3	3	0	3	sample_residual	coords
JHUS_nk1:chr4:52000001-57524617:1	JHUS_nk1:chr4:52000001-57524617:1	JHUS_nk1	chr4	q	52000001	57524617	candidate_region_label	BFB	region	candidate_region	5	7	7	candidate_region_with_context	53635459	55783094	sv_attention	0.9082	0.3887	HP1	0.664	0.5519	43.0	5.0	2.3814	1.0	C1	BFB	BFB:noncanonicalB	chromosome_arm	50494000	190200001	402	402	8	5	5	5524617	9.05040114092977e-07	3.3813791978701877	738681.0	1260432.0	1402448.0	False	0.6	0.0	0	0	1	1	2	1	0	0	0	0	0	0	5	0	1.0	3.0			0	0	2.0	2	0	1	2	sample_residual	coords
JHUS_nk1:chr5:52000001-54127521:2	JHUS_nk1:chr5:52000001-54127521:2	JHUS_nk1	chr5	q	52000001	54127521	candidate_region_label	BFB	region	candidate_region	2	3	3	candidate_region_with_context	53028878	53033834	sv_attention	0.3933	0.0023	mixed_HP	-0.1957	0.8913	12.0	11.0	0.4836	2.4836	C2	BFB	BFB:noncanonicalB	chromosome_arm	48464000	181500001	402	402	8	2	2	2127521	9.400612261876616e-07	2.967209254338735	1046319.75	1063760.5	1081201.25	False	0.0	0.0	0	0	1	0	1	0	0	0	0	0	0	0	2	0	1.0	1.0			0	0	1.0	0	1	0	0	sample_residual	coords
JHUS_nk1:chr8:93211252-107679084:3	JHUS_nk1:chr8:93211252-107679084:3	JHUS_nk1	chr8	q	93211252	107679084	candidate_region_label	Seismic_Amplification;BFB	region	candidate_region	17	31	31	candidate_region_with_context	97159664	107679084	sv_attention	1.0	0.7271	HP1	0.5235	0.3647	228.0	10.0	2.3198	3.9622	C3	Seismic_Amplification;BFB	Seismic_Amplification:noncanonical;BFB:noncanonicalB	chromosome_arm	45644000	145100001	402	402	8	17	15	14467833	1.1750204747317722e-06	6.281936831866942	303561.0	414881.0	1000499.0	False	0.4117647058823529	0.0625	1	0	0	1	1	4	2	1	6	1	0	0	17	1	12.0	12.0	12.0	12.0	3	0	1.0	5	8	0	5	sample_residual	coords
JHUS_nk1:chr18:22000001-30714668:4	JHUS_nk1:chr18:22000001-30714668:4	JHUS_nk1	chr18	q	22000001	30714668	candidate_region_label	chromothripsis	region	candidate_region	9	16	16	candidate_region_with_context	28206935	30714668	sv_attention	0.9991	0.2878	HP1	0.3795	0.1726	82.0	17.0	0.9924	1.4126	C4	chromothripsis	chromothripsis:noncanonicalB	chromosome_arm	18540000	80350001	402	402	8	9	9	8714668	1.0327415800578978e-06	2.405044231174384	388287.0	748173.0	893605.0	True	0.8888888888888888	0.75	0	0	3	5	1	0	0	0	0	0	0	0	9	0					3	0	0.0	2	3	1	2	sample_residual	coords
JHUS_nk1:chrX:0-3711885:5	JHUS_nk1:chrX:0-3711885:5	JHUS_nk1	chrX	p	0	3711885	candidate_region_label	chromothripsis	region	candidate_region	4	5	5	candidate_region_with_context	522242	2319651	sv_attention	0.8495	0.4842	HP1	0.5507	0.401	40.0	1.0	1.0	1.6675	C5	chromothripsis	chromothripsis:noncanonicalB	chromosome_arm	0	61090000	402	402	8	4	4	3711886	1.0776193018858875e-06	2.6675210391698454	664471.0	898704.0	1162204.5	True	1.0	1.0	0	0	2	2	0	0	0	0	0	0	0	0	4	0					0	0	0.0	4	0	0	4	sample_residual	coords
MDA_MD_361:chr1:176691368-179785347:1	MDA_MD_361:chr1:176691368-179785347:1	MDA_MD_361	chr1	q	176691368	179785347	candidate_region_label	chromothripsis	region	candidate_region	4	4	4	candidate_region_with_context	177862139	178038239	sv_attention	0.8612	0.0569	HP1	0.4753	0.3004	29.0	4.0	1.0	1.1961	C1	chromothripsis	chromothripsis:noncanonicalB	chromosome_arm	123459000	248950001	402	402	8	4	4	3093980	1.292833179270713e-06	2.196050717845623	366883.25	585386.5	991998.25	True	1.0	1.0	0	0	2	2	0	0	0	0	0	0	0	0	5	0					0	0	0.0	4	1	0	4	sample_residual	coords
MDA_MD_361:chr2:104483566-107670061:2	MDA_MD_361:chr2:104483566-107670061:2	MDA_MD_361	chr2	q	104483566	107670061	candidate_region_label	BFB	region	candidate_region	2	3	3	candidate_region_with_context	105451153	105452383	sv_attention	0.3935	0.0004	HP1	0.7693	0.6924	38.0	1.0	2.3927	1.0	C2	BFB	BFB:noncanonicalB	chromosome_arm	93989000	242150001	402	402	8	2	2	3186496	6.276486774187069e-07	3.3926940438651108	1280418.5	1593248.0	1906077.5	False	0.0	0.0	0	0	1	0	1	0	0	0	0	0	0	0	3	0	2.0	2.0			0	0	1.0	0	2	0	0	sample_residual	coords
MDA_MD_361:chr2:155750530-163816134:3	MDA_MD_361:chr2:155750530-163816134:3	MDA_MD_361	chr2	q	155750530	163816134	candidate_region_label	chromothripsis	region	candidate_region	6	9	9	candidate_region_with_context	155752450	163816134	sv_attention	0.9698	0.9998	mixed_HP	0.0222	0.9074	26.0	28.0	1.5094	1.1368	C3	chromothripsis	chromothripsis:noncanonicalB	chromosome_arm	93989000	242150001	402	402	8	6	6	8065605	7.438995586815868e-07	2.6462016178575567	743264.5	1029560.0	1195207.5	True	1.0	1.0	0	0	3	3	0	0	0	0	0	0	0	0	7	0					0	2	0.0	4	1	0	4	sample_residual	coords
MDA_MD_361:chr6:0-45857529:4	MDA_MD_361:chr6:0-45857529:4	MDA_MD_361	chr6	p	0	45857529	candidate_region_label	chromothripsis	region	candidate_region	24	76	76	candidate_region_with_context	1637831	45857529	sv_attention	1.0	0.9643	HP1	0.512	0.3494	349.0	70.0	1.8837	1.2444	C4	chromothripsis	chromothripsis:noncanonical	chromosome_arm	0	60589000	402	402	8	24	24	45857530	5.233600675832301e-07	3.1281659304371603	661767.75	1561175.5	2772103.5	False	0.7083333333333334	0.4347826086956521	0	3	3	11	6	1	0	0	0	0	0	0	25	0					3	5	0.0	10	6	1	10	sample_residual	coords
MDA_MD_361:chr7:70333668-77065396:5	MDA_MD_361:chr7:70333668-77065396:5	MDA_MD_361	chr7	q	70333668	77065396	candidate_region_label	chromothripsis	region	candidate_region	12	39	39	candidate_region_with_context	70674729	77065396	sv_attention	1.0	0.9493	mixed_HP	0.2344	0.2	181.0	52.0	0.9658	2.2757	C5	chromothripsis	chromothripsis:noncanonical	chromosome_arm	59904000	159300001	402	402	8	12	12	6731729	1.7826029538622246e-06	3.241510464844916	290145.25	436864.5	941292.5	False	0.5	0.1818181818181818	1	0	2	4	2	2	1	0	0	0	0	0	13	0					3	2	0.0	3	4	1	3	sample_residual	coords
MDA_MD_361:chr9:17274853-37999999:6	MDA_MD_361:chr9:17274853-37999999:6	MDA_MD_361	chr9	p	17274853	37999999	candidate_region_label	Seismic_Amplification	region	candidate_region	19	38	38	candidate_region_with_context	18995938	37999999	sv_attention	0.9989	0.917	mixed_HP	-0.0415	0.9174	117.0	125.0	1.0151	1.1412	C6	Seismic_Amplification	Seismic_Amplification:noncanonical	chromosome_arm	0	49224000	402	402	8	18	17	20725147	9.167606869085174e-07	2.15634263052513	135271.0	227206.0	1241660.0	False	0.4210526315789473	0.2777777777777778	1	3	5	2	3	2	1	1	1	0	0	0	19	0					6	8	0.0	3	2	0	3	sample_residual	coords
MDA_MD_361:chr10:5169057-11665508:7	MDA_MD_361:chr10:5169057-11665508:7	MDA_MD_361	chr10	p	5169057	11665508	candidate_region_label	chromothripsis;BFB	region	candidate_region	5	7	7	candidate_region_with_context	8944539	11665508	sv_attention	0.8417	0.4188	HP1	0.5434	0.3912	97.0	4.0	1.1271	1.7314	C7	chromothripsis;BFB	chromothripsis:noncanonical;BFB:noncanonicalB	chromosome_arm	0	40246000	402	402	8	5	5	6496452	7.696508802035326e-07	2.858574187879784	651473.0	826006.0	976196.0	True	1.0	1.0	0	0	2	3	0	0	0	0	0	0	0	0	6	0					1	1	0.0	4	0	0	4	sample_residual	coords
MDA_MD_361:chr11:67893669-71061827:8	MDA_MD_361:chr11:67893669-71061827:8	MDA_MD_361	chr11	q	67893669	71061827	candidate_region_label	Seismic_Amplification	region	candidate_region	8	10	10	candidate_region_with_context	68549516	71061827	sv_attention	0.6758	0.793	mixed_HP	-0.201	0.5423	58.0	84.0	1.667	2.7011	C6	Seismic_Amplification	Seismic_Amplification:noncanonical	chromosome_arm	53714000	135076622	402	402	8	8	8	3168159	2.5251257907194684e-06	4.368086323950282	246690.25	337237.0	476589.25	False	0.5	0.1428571428571428	0	0	2	1	2	0	2	0	1	0	0	0	9	0					1	4	0.0	4	0	0	4	sample_residual	coords
MDA_MD_361:chr12:79507051-108683644:9	MDA_MD_361:chr12:79507051-108683644:9	MDA_MD_361	chr12	q	79507051	108683644	candidate_region_label	Seismic_Amplification;BFB	region	candidate_region	27	54	54	candidate_region_with_context	82555304	108683644	sv_attention	1.0	0.8955	mixed_HP	0.0384	0.4965	343.0	228.0	2.0045	3.6223	C8	Seismic_Amplification;BFB	Seismic_Amplification:noncanonical;BFB:noncanonicalB	chromosome_arm	35807000	133250001	402	402	8	26	22	29176594	9.253993115166218e-07	5.626816618828092	159152.0	790018.0	1524278.0	False	0.5185185185185185	0.2307692307692307	0	1	2	2	4	9	4	5	0	0	0	0	28	0	5.0	24.0			10	9	2.0	3	3	1	3	sample_residual	coords
MDA_MD_361:chr14:47643782-51330988:10	MDA_MD_361:chr14:47643782-51330988:10	MDA_MD_361	chr14	q	47643782	51330988	candidate_region_label	BFB	region	candidate_region	3	16	16	candidate_region_with_context	49315739	51330988	sv_attention	0.9991	0.5466	HP1	0.2808	0.0411	58.0	6.0	0.6161	5.0524	C9	BFB	BFB:noncanonical	chromosome_arm	17600000	107000001	402	402	8	3	3	3687207	8.136239706639741e-07	5.668465860473795	1007624.0	1493340.0	1582649.5	False	0.6666666666666666	0.5	0	0	0	0	1	1	0	1	0	0	0	0	4	1	1.0	4.0	4.0	4.0	0	0	2.0	0	2	0	0	sample_residual	coords
MDA_MD_361:chr16:51942547-78700068:11	MDA_MD_361:chr16:51942547-78700068:11	MDA_MD_361	chr16	q	51942547	78700068	candidate_region_label	chromothripsis;BFB	region	candidate_region	24	44	44	candidate_region_with_context	51943027	78700068	sv_attention	1.0	1.0	mixed_HP	0.1596	0.5968	234.0	169.0	2.07	1.5102	C7	chromothripsis;BFB	chromothripsis:noncanonical;BFB:noncanonicalB	chromosome_arm	36800000	90300001	402	402	8	23	24	26757522	8.96944044370028e-07	3.5802590015622524	320176.0	502373.5	1251290.25	False	0.5833333333333334	0.1304347826086956	0	0	3	6	8	6	1	0	0	0	0	0	27	0	1.0	1.0			5	2	1.0	7	11	1	7	sample_residual	coords
MDA_MD_361:chr17:28000001-83257441:12	MDA_MD_361:chr17:28000001-83257441:12	MDA_MD_361	chr17	q	28000001	83257441	candidate_region_label	Seismic_Amplification;BFB	region	candidate_region	100	203	203	candidate_region_with_context	35534892	83257441	sv_attention	1.0	0.8636	HP1	0.5555	0.4074	1536.0	284.0	3.4426	1.8914	C10	Seismic_Amplification;BFB	Seismic_Amplification:noncanonical;BFB:noncanonicalB	chromosome_arm	25150000	83250001	402	402	8	100	73	55257441	1.8097110215436868e-06	5.333532274865932	95306.75	217469.5	598888.25	False	0.28	0.0404040404040404	7	1	3	3	7	6	13	9	33	18	0	0	102	0	88.0	91.0			21	28	3.0	13	34	3	13	sample_residual	coords
MDA_MD_361:chr20:32000001-64444167:13	MDA_MD_361:chr20:32000001-64444167:13	MDA_MD_361	chr20	q	32000001	64444167	candidate_region_label	BFB	region	candidate_region	22	44	44	candidate_region_with_context	44194276	64444167	sv_attention	1.0	0.6241	HP2	-0.5223	0.3631	135.0	383.0	0.6953	2.865	C11	BFB	BFB:noncanonicalB	chromosome_arm	28120000	64400001	402	402	8	21	20	32444167	6.780879903620271e-07	3.55823797232951	218764.5	861159.5	2271656.5	False	0.5454545454545454	0.3333333333333333	0	0	3	6	6	4	2	1	0	0	0	0	20	1	13.0	13.0	13.0	13.0	5	2	1.0	4	6	2	4	sample_residual	coords
MDA_MD_453:chr11:5412452-30053792:1	MDA_MD_453:chr11:5412452-30053792:1	MDA_MD_453	chr11	p	5412452	30053792	candidate_region_label	Seismic_Amplification	region	candidate_region	29	49	49	candidate_region_with_context	22485532	30053792	sv_attention	1.0	0.3071	HP1	0.4095	0.2127	190.0	80.0	1.1961	0.496	C1	Seismic_Amplification	Seismic_Amplification:noncanonical	chromosome_arm	0	53714000	402	402	8	28	22	24641341	1.1768840015646876e-06	1.6921665910958337	103741.0	231893.0	887738.0	False	0.5172413793103449	0.25	0	5	6	9	6	1	2	0	0	0	0	0	30	0					9	5	0.0	8	8	0	8	sample_residual	coords
MDA_MD_453:chr11:65963805-104848322:2	MDA_MD_453:chr11:65963805-104848322:2	MDA_MD_453	chr11	q	65963805	104848322	candidate_region_label	Seismic_Amplification	region	candidate_region	48	81	81	candidate_region_with_context	67992151	104848322	sv_attention	1.0	0.9478	mixed_HP	-0.0672	0.8422	261.0	230.0	1.0095	1.9949	C1	Seismic_Amplification	Seismic_Amplification:noncanonical	chromosome_arm	53714000	135076382	402	402	8	48	45	38884518	1.2344244565407757e-06	3.0043789921736974	219883.0	433696.0	935148.0	False	0.6666666666666666	0.3617021276595745	0	1	12	19	13	3	0	0	0	0	0	0	52	0					22	2	0.0	7	21	0	7	sample_residual	coords
MDA_MD_453:chr17:39541414-83257441:3	MDA_MD_453:chr17:39541414-83257441:3	MDA_MD_453	chr17	q	39541414	83257441	candidate_region_label	Seismic_Amplification	region	candidate_region	53	79	79	candidate_region_with_context	45819434	83257441	sv_attention	0.9996	0.8564	mixed_HP	0.1634	0.3	450.0	229.0	1.1647	1.6112	C1	Seismic_Amplification	Seismic_Amplification:noncanonical	chromosome_arm	25150000	83250001	402	402	8	53	46	43716028	1.212369980182097e-06	2.7757872238529995	126033.0	418842.0	1036728.0	False	0.4339622641509434	0.1153846153846153	2	2	9	8	12	11	2	3	4	0	0	0	52	0					9	16	0.0	8	18	1	8	sample_residual	coords
MDA_MD_453:chr22:46258149-50818468:4		MDA_MD_453	chr22	q	46258149	50818468	candidate_region_empty		empty_candidate_region	candidate_region	5	2	2	candidate_region_with_context	47424043	47560789	sv_attention	0.5569	0.03	mixed_HP	-0.1674	0.8077	12.0	14.0	1.0	2.0695	C2			chromosome_arm	15050000	50800001	402	402	8	5	4	4560320	1.0964142867167215e-06	3.065144112693846	136745.0	576861.0	589035.0	False	0.6	0.25	0	1	1	2	1	0	0	0	0	0	0	0	4	0					2	2	0.0	0	0	0	0	sample_residual	coords
ME180:chr7:10499860-18905252:1		ME180	chr7	p	10499860	18905252	candidate_region_empty		empty_candidate_region	candidate_region	5	5	5	candidate_region_with_context	17699259	18905252	sv_attention	0.7955	0.1435	mixed_HP	0.177	0.2	66.0	23.0	0.4198	1.067	C1			chromosome_arm	0	59904000	402	402	8	5	4	8405393	5.948561834051067e-07	1.4868122168707638	241682.0	995290.0	3207284.0	False	0.6	0.0	0	2	1	1	1	0	0	0	0	0	0	0	6	0					2	2	0.0	2	0	0	2	sample_residual	coords
ME180:chr7:63000001-74291634:2	ME180:chr7:63000001-74291634:2	ME180	chr7	q	63000001	74291634	candidate_region_label	chromothripsis	region	candidate_region	7	11	11	candidate_region_with_context	67699617	74291634	sv_attention	0.989	0.5838	HP1	0.4393	0.2524	46.0	9.0	1.1263	1.19	C2	chromothripsis	chromothripsis:noncanonicalB	chromosome_arm	59904000	159300001	402	402	8	7	6	11291634	6.199279927068129e-07	2.316350228850846	719022.5	1426225.0	2080084.0	True	0.8571428571428571	0.6666666666666666	0	0	3	3	1	0	0	0	0	0	0	0	7	0					0	0	0.0	1	5	1	1	sample_residual	coords
ME180:chr10:57791209-62454072:3	ME180:chr10:57791209-62454072:3	ME180	chr10	q	57791209	62454072	candidate_region_label	BFB	region	candidate_region	5	7	7	candidate_region_with_context	57817688	61582515	sv_attention	0.9186	0.8074	mixed_HP	-0.0667	0.2	11.0	44.0	2.5466	0.0	C3	BFB	BFB:noncanonicalB	chromosome_arm	40246000	133750001	402	402	8	5	4	4662864	1.0723023446534149e-06	2.5466134118430217	117281.0	213674.0	871556.0	False	0.6	0.0	0	0	1	1	2	1	0	0	0	0	0	0	6	0	3.0	6.0			0	2	2.0	0	2	0	0	sample_residual	coords
ME180:chr17:28000001-32569913:4	ME180:chr17:28000001-32569913:4	ME180	chr17	q	28000001	32569913	candidate_region_label	chromothripsis	region	candidate_region	4	2	2	candidate_region_with_context	32229170	32569913	sv_attention	0.3	0.0746	mixed_HP	-0.1108	0.3	4.0	8.0	2.0746	1.0354	C4	chromothripsis	chromothripsis:noncanonicalB	chromosome_arm	25150000	83250001	402	402	8	4	4	4569913	8.752901860494937e-07	3.109920473321921	295952.75	487090.0	1333615.5	True	1.0	1.0	0	0	0	2	2	0	0	0	0	0	0	0	4	0					0	4	0.0	0	0	0	0	sample_residual	coords
MS751:chr7:48283690-57999999:1	MS751:chr7:48283690-57999999:1	MS751	chr7	p	48283690	57999999	candidate_region_label	Seismic_Amplification	region	candidate_region	11	15	15	candidate_region_with_context	52251606	57999999	sv_attention	0.9986	0.5916	HP1	0.254	0.0053	127.0	21.0	2.1513	10.9037	C1	Seismic_Amplification	Seismic_Amplification:noncanonical	chromosome_arm	0	59904000	402	402	8	11	9	9716310	1.1321170279663782e-06	13.055025827706196	255742.0	691826.0	917646.0	False	0.2727272727272727	0.0	1	0	1	1	0	2	0	1	1	3	1	0	11	0					4	4	0.0	2	1	0	2	sample_residual	coords
MS751:chr7:106848449-115027870:2	MS751:chr7:106848449-115027870:2	MS751	chr7	q	106848449	115027870	candidate_region_label	Seismic_Amplification	region	candidate_region	4	4	4	candidate_region_with_context	111163946	111441501	sv_attention	0.8544	0.0339	HP1	0.5143	0.3524	23.0	1.0	2.2967	4.1769	C1	Seismic_Amplification	Seismic_Amplification:noncanonical	chromosome_arm	59904000	159300001	402	402	8	4	4	8179422	4.890321100928648e-07	6.473626009270582	1093784.75	2157749.5	3108820.25	False	0.5	0.3333333333333333	1	0	0	0	1	1	0	0	1	0	0	0	5	0					3	1	0.0	0	0	1	0	sample_residual	coords
MS751:chr11:33747903-50999999:3	MS751:chr11:33747903-50999999:3	MS751	chr11	p	33747903	50999999	candidate_region_label	chromothripsis;BFB	region	candidate_region	9	13	13	candidate_region_with_context	36367554	50999999	sv_attention	0.993	0.8482	mixed_HP	0.2516	0.9766	54.0	53.0	2.9625	0.4502	C2	chromothripsis;BFB	chromothripsis:noncanonical;BFB:noncanonicalB	chromosome_arm	0	53714000	402	402	8	9	9	17252097	5.216757128133467e-07	3.4127167845161086	492516.0	1285157.0	2619653.0	False	0.6666666666666666	0.375	0	1	0	3	3	2	0	0	0	0	0	0	9	0	2.0	5.0			1	2	2.0	0	2	2	0	sample_residual	coords
MS751:chr15:37362100-45708613:4	MS751:chr15:37362100-45708613:4	MS751	chr15	q	37362100	45708613	candidate_region_label	BFB	region	candidate_region	4	7	7	candidate_region_with_context	40704202	40879455	sv_attention	0.822	0.021	mixed_HP	0.4769	0.3314	50.0	8.0	2.9942	3.1018	C3	BFB	BFB:noncanonicalB	chromosome_arm	19050000	101950001	402	402	8	4	3	8346514	4.792419925252627e-07	6.09597803346403	106174.75	1733782.5	3714236.25	False	0.75	0.3333333333333333	0	0	0	0	0	0	2	1	0	1	0	0	5	1	2.0	4.0	4.0	4.0	0	0	3.0	1	0	1	1	sample_residual	coords
MS751:chr16:69041496-72273989:5		MS751	chr16	q	69041496	72273989	candidate_region_empty		empty_candidate_region	candidate_region	6	6	6	candidate_region_with_context	69456209	72273989	sv_attention	0.9457	0.8717	mixed_HP	-0.6526	0.2396	0.0	37.0	2.9585	2.7187	C4			chromosome_arm	36800000	90300001	402	402	8	6	4	3232494	1.8561519371729687e-06	5.677221365298744	95072.0	150931.0	263368.5	False	0.6666666666666666	0.4	0	0	1	0	2	1	2	0	0	0	0	0	7	0					4	0	0.0	0	3	0	0	sample_residual	coords
MS751:chr19:47170733-58617616:6	MS751:chr19:47170733-58617616:6	MS751	chr19	q	47170733	58617616	candidate_region_label	chromothripsis	region	candidate_region	7	12	12	candidate_region_with_context	53631664	54888031	sv_attention	0.9973	0.1098	mixed_HP	0.2532	0.3207	67.0	25.0	2.9621	4.0364	C5	chromothripsis	chromothripsis:noncanonicalB	chromosome_arm	26260000	58600001	402	402	8	7	6	11446884	6.115201307185432e-07	6.990889747812592	216304.5	1083679.0	2832397.5	True	0.7142857142857143	0.6666666666666666	0	0	1	3	0	0	2	0	0	1	0	0	7	0					0	0	0.0	6	1	0	6	sample_residual	coords
MS751:chr21:19398366-46709983:7	MS751:chr21:19398366-46709983:7	MS751	chr21	q	19398366	46709983	candidate_region_label	chromothripsis	region	candidate_region	24	25	25	candidate_region_with_context	23871052	46709983	sv_attention	0.9727	0.8362	mixed_HP	-0.2598	0.3	93.0	197.0	2.0212	2.2892	C6	chromothripsis	chromothripsis:noncanonical	chromosome_arm	12910000	46700001	402	402	8	24	19	27311618	8.787469127607159e-07	4.309493088252772	170777.75	772574.5	1756691.5	False	0.4166666666666667	0.1304347826086956	0	4	3	3	4	3	6	1	0	0	0	0	23	0					3	7	0.0	6	6	1	6	sample_residual	coords
QGU:chr2:115422297-144073596:1	QGU:chr2:115422297-144073596:1	QGU	chr2	q	115422297	144073596	candidate_region_label	chromothripsis	region	candidate_region	19	40	40	candidate_region_with_context	116176514	144073596	sv_attention	1.0	0.9737	mixed_HP	0.3082	0.3	116.0	52.0	2.111	1.52	C1	chromothripsis	chromothripsis:canonical	chromosome_arm	93989000	242150001	402	402	8	19	17	28651300	6.631461748681561e-07	3.6310865475563054	505738.0	1108829.0	2895774.5	True	0.8947368421052632	0.8333333333333334	0	0	1	8	9	1	0	0	0	0	0	0	20	0					7	7	0.0	1	5	0	1	sample_residual	coords
QGU:chr3:172406302-179767780:2		QGU	chr3	q	172406302	179767780	candidate_region_empty		empty_candidate_region	candidate_region	5	4	4	candidate_region_with_context	174551816	175245224	sv_attention	0.6331	0.0942	mixed_HP	0.1821	0.2	30.0	12.0	2.0467	3.8937	C2			chromosome_arm	90951000	198250001	402	402	8	5	4	7361479	6.792113378303463e-07	5.940381545610603	346704.0	388292.0	1757224.0	False	0.6	0.25	1	0	0	0	1	0	2	1	0	0	0	0	6	0					4	0	0.0	1	1	0	1	sample_residual	coords
QGU:chr5:176778825-181538259:3	QGU:chr5:176778825-181538259:3	QGU	chr5	q	176778825	181538259	candidate_region_label	BFB	region	candidate_region	2	2	2	candidate_region_with_context	176783944	176789065	sv_attention	0.5582	0.0011	HP1	0.7778	0.7037	1.0	0.0	4.0	2.0	C3	BFB	BFB:noncanonicalB	chromosome_arm	48464000	181500001	402	402	8	2	1	4759435	4.202179460377125e-07	5.967846603640979	1208987.75	2379717.5	3550447.25	False	0.0	0.0	0	0	1	0	0	0	1	0	0	0	0	0	1	0	1.0	1.0			0	0	1.0	0	0	0	0	sample_residual	coords
QGU:chr9:127119959-130795122:4	QGU:chr9:127119959-130795122:4	QGU	chr9	q	127119959	130795122	candidate_region_label	Seismic_Amplification;chromothripsis;BFB	region	candidate_region	6	12	12	candidate_region_with_context	127199799	128999477	sv_attention	0.8818	0.4897	mixed_HP	-0.1247	0.5968	36.0	26.0	1.0186	5.6986	C4	Seismic_Amplification;chromothripsis;BFB	Seismic_Amplification:noncanonical;chromothripsis:noncanonicalB;BFB:noncanonicalB	chromosome_arm	49224000	138350001	402	402	8	6	4	3675164	1.6325802059445511e-06	6.717168267865053	89691.0	262582.5	1079381.25	False	0.6666666666666666	0.2	0	0	0	0	2	2	0	0	2	0	0	0	7	0	2.0	3.0			0	3	2.0	1	1	0	1	sample_residual	coords
QGU:chr11:93742459-102600648:5	QGU:chr11:93742459-102600648:5	QGU	chr11	q	93742459	102600648	candidate_region_label	ecDNA;Seismic_Amplification;BFB	region	candidate_region	8	11	11	candidate_region_with_context	97399342	101664969	sv_attention	0.9877	0.4815	mixed_HP	-0.4433	0.4071	11.0	850.0	13.684	3.2213	C5	ecDNA;Seismic_Amplification;BFB	ecDNA;Seismic_Amplification:noncanonical;BFB:noncanonical	chromosome_arm	53714000	135050001	402	402	8	8	6	8858190	9.031190344754402e-07	16.905357527892267	280878.5	544546.5	1582918.5	False	0.375	0.2857142857142857	0	0	0	0	0	1	2	0	1	1	1	2	9	1	1.0	9.0	9.0	9.0	2	0	6.0	1	0	0	1	sample_residual	coords
QGU:chr15:39234408-44841817:6	QGU:chr15:39234408-44841817:6	QGU	chr15	q	39234408	44841817	candidate_region_label	BFB	region	candidate_region	5	4	4	candidate_region_with_context	39564008	39591714	sv_attention	0.6321	0.0049	HP2	-0.2638	0.0184	11.0	39.0	2.2351	1.1296	C6	BFB	BFB:noncanonicalB	chromosome_arm	19050000	101950001	402	402	8	5	5	5607410	8.916772627648058e-07	3.3646888670527035	312631.0	329602.0	1910304.0	False	0.6	0.25	0	0	1	2	1	0	0	0	1	0	0	0	6	1	2.0	2.0	2.0	2.0	2	3	1.0	0	0	0	0	sample_residual	coords
QGU:chr18:0-14999999:7	QGU:chr18:0-14999999:7	QGU	chr18	p	0	14999999	candidate_region_label	BFB	region	candidate_region	8	16	16	candidate_region_with_context	4009693	5086135	sv_attention	0.8113	0.0718	mixed_HP	0.1745	0.938	59.0	62.0	4.2414	1.1509	C7	BFB	BFB:noncanonicalB	chromosome_arm	0	18540000	402	402	8	8	7	15000000	5.333333333333333e-07	5.3922984	733344.5	1547474.0	2936361.75	False	0.375	0.0	0	0	1	1	2	0	0	0	1	2	1	0	8	2	1.0	6.0	5.0	6.0	0	0	5.0	2	1	0	2	sample_residual	coords
QGU:chr19:10628859-17258292:8		QGU	chr19	p	10628859	17258292	candidate_region_empty		empty_candidate_region	candidate_region	6	10	10	candidate_region_with_context	11042859	15120256	sv_attention	0.7935	0.615	mixed_HP	-0.0661	0.3119	79.0	139.0	2.536	1.2146	C8			chromosome_arm	0	26260000	402	402	8	6	6	6629434	9.050546396570204e-07	3.750677961346323	534129.5	949735.5	1667359.75	False	0.6666666666666666	0.4	0	0	1	0	3	0	1	1	0	0	0	0	7	0					3	2	0.0	0	0	2	0	sample_residual	coords
SCC090:chr11:42492627-50999999:1	SCC090:chr11:42492627-50999999:1	SCC090	chr11	p	42492627	50999999	candidate_region_label	chromothripsis	region	candidate_region	7	8	8	candidate_region_with_context	46414182	48181254	sv_attention	0.9752	0.2077	HP1	1.0	1.0	5.0	0.0	2.0877	0.0	C1	chromothripsis	chromothripsis:noncanonicalB	chromosome_arm	0	53714000	402	402	8	7	6	8507373	8.228156917534943e-07	2.087652910011116	258330.0	643691.0	1927695.0	False	0.7142857142857143	0.5	1	2	3	0	1	0	0	0	0	0	0	0	7	0					2	2	0.0	1	0	2	1	sample_residual	coords
SCC090:chr13:25010024-30018501:2	SCC090:chr13:25010024-30018501:2	SCC090	chr13	q	25010024	30018501	candidate_region_label	Seismic_Amplification;BFB	region	candidate_region	4	5	5	candidate_region_with_context	29085611	30018501	sv_attention	0.7943	0.1863	HP2	-0.7367	0.6489	0.0	35.0	2.0037	3.069	C2	Seismic_Amplification;BFB	Seismic_Amplification:noncanonical;BFB:noncanonical	chromosome_arm	17900000	114350001	402	402	8	4	3	5008478	7.98645816154129e-07	5.072672177056583	651683.5	888487.5	1488923.5	False	0.5	0.3333333333333333	0	0	0	0	1	0	1	0	2	0	0	0	5	1	5.0	5.0	5.0	5.0	0	0	1.0	2	2	0	2	sample_residual	coords
SCC154:chr3:11563306-15377266:1	SCC154:chr3:11563306-15377266:1	SCC154	chr3	p	11563306	15377266	candidate_region_label	BFB	region	candidate_region	1	4	4	candidate_region_with_context	11563339	11565761	sv_attention	0.6321	0.0006	HP2	-0.2727	0.0303	2.0	42.0	2.0	0.0	C1	BFB	BFB:noncanonicalB	chromosome_arm	0	90951000	402	402	8	1	1	3813961	2.621946055557464e-07	2.0	3813961.0	3813961.0	3813961.0	False	0.0	0.0	0	0	1	0	0	0	0	0	0	0	0	0	3	0	2.0	2.0			0	0	1.0	2	0	0	2	sample_residual	coords
SCC154:chr8:7382377-18646857:2		SCC154	chr8	p	7382377	18646857	candidate_region_empty		empty_candidate_region	candidate_region	5	7	7	candidate_region_with_context	13253046	18646857	sv_attention	0.9288	0.4788	mixed_HP	-0.1054	0.2	26.0	64.0	3.2406	1.0	C2			chromosome_arm	0	45644000	402	402	8	5	4	11264481	4.438730910017071e-07	4.240629639306063	466701.0	1041317.0	4829354.0	False	0.6	0.0	0	0	1	1	2	1	0	0	0	0	0	0	6	0					0	2	0.0	0	4	0	0	sample_residual	coords
SCC154:chr10:0-7022269:3	SCC154:chr10:0-7022269:3	SCC154	chr10	p	0	7022269	candidate_region_label	chromothripsis	region	candidate_region	4	5	5	candidate_region_with_context	2935600	5504001	sv_attention	0.8014	0.3658	mixed_HP	0.2151	0.2	42.0	16.0	0.582	0.9723	C3	chromothripsis	chromothripsis:noncanonicalB	chromosome_arm	0	40246000	402	402	8	4	4	7022270	5.696163776100891e-07	1.5542395834965046	397828.25	1700578.5	3058317.75	True	1.0	1.0	0	2	2	0	0	0	0	0	0	0	0	0	4	0					2	0	0.0	0	0	2	0	sample_residual	coords
SCC154:chr11:101229977-104063433:4	SCC154:chr11:101229977-104063433:4	SCC154	chr11	q	101229977	104063433	candidate_region_label	Seismic_Amplification;BFB	region	candidate_region	3	3	3	candidate_region_with_context	101403302	104063433	sv_attention	0.8647	0.9388	mixed_HP	-0.3882	0.6429	27.0	36.0	0.553	8.5881	C4	Seismic_Amplification;BFB	Seismic_Amplification:canonical;BFB:noncanonical	chromosome_arm	53714000	135076622	402	402	8	3	3	2833457	1.0587773168959332e-06	9.14109513572996	435090.5	696854.0	1330065.0	False	0.6666666666666666	0.5	0	0	0	0	1	0	0	0	2	0	0	0	4	1	4.0	4.0	4.0	4.0	0	0	1.0	0	2	1	0	sample_residual	coords
SKBR3:chr3:0-39561702:1	SKBR3:chr3:0-39561702:1	SKBR3	chr3	p	0	39561702	candidate_region_label	Seismic_Amplification	region	candidate_region	24	35	35	candidate_region_with_context	3811036	39561702	sv_attention	0.9987	0.9037	mixed_HP	-0.2457	0.3	222.0	410.0	2.0686	2.7535	C1	Seismic_Amplification	Seismic_Amplification:noncanonical	chromosome_arm	0	90951000	402	402	8	23	23	39561703	6.066472922057982e-07	4.822114836664134	381415.5	844298.0	1690386.5	False	0.4583333333333333	0.1304347826086956	0	1	3	6	0	4	3	5	1	1	0	0	25	0					9	6	0.0	0	10	0	0	sample_residual	coords
SKBR3:chr3:151354228-158466862:2	SKBR3:chr3:151354228-158466862:2	SKBR3	chr3	q	151354228	158466862	candidate_region_label	Seismic_Amplification	region	candidate_region	4	9	9	candidate_region_with_context	151357525	158466862	sv_attention	0.9172	0.9995	mixed_HP	-0.1412	0.179	74.0	109.0	2.5371	2.7542	C1	Seismic_Amplification	Seismic_Amplification:noncanonical	chromosome_arm	90951000	198250001	402	402	8	4	4	7112635	5.623794838340503e-07	5.291284031867233	547225.25	962471.5	2193405.0	False	0.5	0.3333333333333333	0	1	0	1	0	0	1	0	0	1	0	0	6	0					2	2	0.0	0	2	0	0	sample_residual	coords
SKBR3:chr3:178278467-198295559:3	SKBR3:chr3:178278467-198295559:3	SKBR3	chr3	q	178278467	198295559	candidate_region_label	Seismic_Amplification	region	candidate_region	23	47	47	candidate_region_with_context	179003027	198295559	sv_attention	1.0	0.9638	mixed_HP	0.1403	0.3436	225.0	141.0	3.0308	3.2701	C1	Seismic_Amplification	Seismic_Amplification:noncanonical	chromosome_arm	90951000	198250001	402	402	8	23	21	20017093	1.149017991773331e-06	6.291104657404549	264867.0	475611.0	902960.0	False	0.4782608695652174	0.0454545454545454	0	0	1	0	2	5	6	5	4	0	0	0	24	0					4	6	0.0	2	10	2	2	sample_residual	coords
SKBR3:chr5:138061704-142822544:4	SKBR3:chr5:138061704-142822544:4	SKBR3	chr5	q	138061704	142822544	candidate_region_label	chromothripsis;BFB	region	candidate_region	5	7	7	candidate_region_with_context	138543674	140117514	sv_attention	0.9179	0.3306	mixed_HP	0.0087	0.4101	34.0	55.0	3.7952	1.2722	C2	chromothripsis;BFB	chromothripsis:noncanonicalB;BFB:noncanonicalB	chromosome_arm	48464000	181500001	402	402	8	5	5	4760841	1.0502346119099546e-06	5.067360997773292	487556.0	965160.0	1410036.0	True	0.8	0.75	0	0	0	1	0	2	2	0	0	0	0	0	6	0	3.0	3.0			1	0	1.0	2	2	0	2	sample_residual	coords
SKBR3:chr5:155073273-164481680:5	SKBR3:chr5:155073273-164481680:5	SKBR3	chr5	q	155073273	164481680	candidate_region_label	chromothripsis;BFB	region	candidate_region	10	51	51	candidate_region_with_context	155101794	164481680	sv_attention	1.0	0.997	HP1	0.5895	0.4527	430.0	176.0	4.0082	0.1446	C3	chromothripsis;BFB	chromothripsis:noncanonicalB;BFB:noncanonical	chromosome_arm	48464000	181500001	402	402	8	10	7	9408408	1.0628790758223922e-06	4.152769416462381	83882.75	197913.5	544094.75	False	0.6	0.3333333333333333	1	0	0	0	3	0	3	2	1	0	0	0	12	2	5.0	12.0	5.0	12.0	4	0	2.0	5	1	0	5	sample_residual	coords
SKBR3:chr6:0-8775217:6	SKBR3:chr6:0-8775217:6	SKBR3	chr6	p	0	8775217	candidate_region_label	chromothripsis	region	candidate_region	13	27	27	candidate_region_with_context	6709076	8775217	sv_attention	1.0	0.2355	mixed_HP	0.1205	0.541	249.0	361.0	2.0755	0.3258	C4	chromothripsis	chromothripsis:noncanonical	chromosome_arm	0	60589000	402	402	8	13	11	8775218	1.48144467749975e-06	2.4013658692011983	103590.0	191813.0	498817.0	False	0.6153846153846154	0.3333333333333333	2	0	4	1	0	1	4	1	0	0	0	0	14	0					3	2	0.0	0	7	2	0	sample_residual	coords
SKBR3:chr6:24683776-34294777:7	SKBR3:chr6:24683776-34294777:7	SKBR3	chr6	p	24683776	34294777	candidate_region_label	BFB	region	candidate_region	9	16	16	candidate_region_with_context	26739554	34294777	sv_attention	0.9987	0.7861	mixed_HP	0.1305	0.5833	119.0	85.0	2.1756	1.9359	C5	BFB	BFB:noncanonicalB	chromosome_arm	0	60589000	402	402	8	9	8	9611002	9.364268158512504e-07	4.111555798240391	275477.0	1341969.0	1478155.0	False	0.6666666666666666	0.375	0	0	0	2	2	4	1	0	0	0	0	0	11	0	6.0	6.0			5	0	1.0	3	2	0	3	sample_residual	coords
SKBR3:chr7:114215974-117502838:8	SKBR3:chr7:114215974-117502838:8	SKBR3	chr7	q	114215974	117502838	candidate_region_label	Seismic_Amplification;BFB	region	candidate_region	6	10	10	candidate_region_with_context	114219432	115616501	sv_attention	0.9983	0.425	HP2	-0.8807	0.8409	39.0	629.0	0.709	10.6848	C6	Seismic_Amplification;BFB	Seismic_Amplification:noncanonical;BFB:noncanonicalB	chromosome_arm	59904000	159300001	402	402	8	6	4	3286865	1.8254476530067408e-06	11.393817817281818	85020.0	150863.0	401194.0	False	0.5	0.0	0	0	1	0	1	0	0	0	0	4	0	0	7	0	1.0	1.0			3	1	1.0	0	2	0	0	sample_residual	coords
SKBR3:chr7:128941972-133164006:9	SKBR3:chr7:128941972-133164006:9	SKBR3	chr7	q	128941972	133164006	candidate_region_label	Seismic_Amplification;BFB	region	candidate_region	3	4	4	candidate_region_with_context	129509162	133164006	sv_attention	0.6156	0.8657	HP2	-0.6404	0.5206	40.0	200.0	1.7313	6.6724	C6	Seismic_Amplification;BFB	Seismic_Amplification:noncanonical;BFB:noncanonicalB	chromosome_arm	59904000	159300001	402	402	8	3	3	4222035	7.105578234192753e-07	8.403718585942562	882075.5	1196959.0	1827421.5	True	1.0	1.0	0	0	2	0	0	0	0	0	0	1	0	0	4	1	1.0	1.0	1.0	1.0	1	1	1.0	1	0	0	1	sample_residual	coords
SKBR3:chr8:70318233-91550065:10	SKBR3:chr8:70318233-91550065:10	SKBR3	chr8	q	70318233	91550065	candidate_region_label	ecDNA;Seismic_Amplification;BFB	region	candidate_region	73	129	129	candidate_region_with_context	70941166	91550065	sv_attention	1.0	0.9707	HP2	-0.2918	0.0557	227.0	5424.0	15.5726	0.2854	C7	ecDNA;Seismic_Amplification;BFB	ecDNA;Seismic_Amplification:noncanonical;BFB:noncanonicalB	chromosome_arm	45644000	145100001	402	402	8	73	49	21231833	3.4382335241615737e-06	15.858015509070745	83221.0	171336.0	303280.0	False	0.1095890410958904	0.0	4	0	0	3	3	1	1	2	6	28	18	7	74	1	70.0	73.0	70.0	70.0	14	11	2.0	13	29	5	13	sample_residual	coords
SKBR3:chr8:103691910-145138636:11	SKBR3:chr8:103691910-145138636:11	SKBR3	chr8	q	103691910	145138636	candidate_region_label	ecDNA;Seismic_Amplification;BFB	region	candidate_region	108	203	203	candidate_region_with_context	108858627	145138636	sv_attention	1.0	0.8753	mixed_HP	-0.246	0.2	605.0	6454.0	12.0959	0.5102	C7	ecDNA;Seismic_Amplification;BFB	ecDNA;Seismic_Amplification:noncanonical;BFB:noncanonicalB	chromosome_arm	45644000	145100001	402	402	8	108	70	41446727	2.6057546112145355e-06	12.596301922706708	75864.5	159089.0	354920.75	False	0.1574074074074074	0.0841121495327102	6	3	6	11	4	3	2	0	3	15	42	13	111	2	19.0	93.0	19.0	36.0	28	15	4.0	23	37	4	23	sample_residual	coords
SKBR3:chr10:55213168-71714103:12	SKBR3:chr10:55213168-71714103:12	SKBR3	chr10	q	55213168	71714103	candidate_region_label	Seismic_Amplification;BFB	region	candidate_region	19	30	30	candidate_region_with_context	55266330	70051894	sv_attention	1.0	0.896	HP2	-0.5306	0.3741	12.0	414.0	3.9499	2.1477	C8	Seismic_Amplification;BFB	Seismic_Amplification:noncanonical;BFB:noncanonicalB	chromosome_arm	40246000	133750001	402	402	8	18	16	16500936	1.1514498329064483e-06	6.0975542841933335	181287.5	400932.0	868343.5	False	0.631578947368421	0.3888888888888889	1	0	0	0	1	1	7	4	5	0	0	0	20	1	8.0	12.0	8.0	8.0	3	6	2.0	1	8	0	1	sample_residual	coords
SKBR3:chr14:45524644-68507616:13	SKBR3:chr14:45524644-68507616:13	SKBR3	chr14	q	45524644	68507616	candidate_region_label	ecDNA;Seismic_Amplification;BFB	region	candidate_region	15	19	19	candidate_region_with_context	49692456	68507616	sv_attention	0.9998	0.8187	HP2	-0.6589	0.5452	64.0	341.0	0.7564	3.1109	C7	ecDNA;Seismic_Amplification;BFB	ecDNA;Seismic_Amplification:noncanonical;BFB:noncanonicalB	chromosome_arm	17600000	107000001	402	402	8	14	11	22982973	6.526570779158989e-07	3.867233103393543	121532.5	765168.0	2483336.5	False	0.5333333333333333	0.1428571428571428	0	1	1	4	4	1	1	0	3	0	0	0	19	0	18.0	18.0			1	0	1.0	14	3	0	14	sample_residual	coords
SKBR3:chr17:39120759-42420153:14	SKBR3:chr17:39120759-42420153:14	SKBR3	chr17	q	39120759	42420153	candidate_region_label	Seismic_Amplification;BFB	region	candidate_region	5	6	6	candidate_region_with_context	41115866	41385941	sv_attention	0.8648	0.0819	HP2	-0.297	0.0627	13.0	464.0	19.2123	0.0	C9	Seismic_Amplification;BFB	Seismic_Amplification:noncanonical;BFB:noncanonicalB	chromosome_arm	25150000	83250001	402	402	8	5	5	3299395	1.515429343864557e-06	19.21230558935805	406718.0	790663.0	797728.0	False	0.4	0.25	0	0	0	0	0	0	0	0	1	2	2	0	6	0	4.0	4.0			0	0	1.0	5	0	0	5	sample_residual	coords
SKBR3:chr17:67753703-83257441:15	SKBR3:chr17:67753703-83257441:15	SKBR3	chr17	q	67753703	83257441	candidate_region_label	Seismic_Amplification	region	candidate_region	13	18	18	candidate_region_with_context	68253907	83257441	sv_attention	0.9997	0.9677	mixed_HP	-0.2807	0.3	161.0	323.0	2.4851	3.522	C10	Seismic_Amplification	Seismic_Amplification:noncanonical	chromosome_arm	25150000	83250001	402	402	8	13	12	15503739	8.385074077936942e-07	6.005218741104969	264204.0	500206.0	2075381.0	False	0.4615384615384615	0.1666666666666666	0	0	1	1	1	4	1	2	1	2	0	0	11	0					2	3	0.0	4	2	0	4	sample_residual	coords
SKBR3:chr18:47315093-56791383:16		SKBR3	chr18	q	47315093	56791383	candidate_region_empty		empty_candidate_region	candidate_region	4	5	5	candidate_region_with_context	51458064	56212928	sv_attention	0.8536	0.5018	HP1	0.4228	0.2304	53.0	10.0	0.8235	1.0	C11			chromosome_arm	18540000	80350001	402	402	8	4	4	9476291	4.221060750456059e-07	1.823536866902884	1959378.0	2666659.0	3076353.75	False	0.75	0.3333333333333333	0	1	2	1	0	0	0	0	0	0	0	0	5	0					2	0	0.0	0	3	0	0	sample_residual	coords
SKBR3:chr19:52741290-58617616:17	SKBR3:chr19:52741290-58617616:17	SKBR3	chr19	q	52741290	58617616	candidate_region_label	chromothripsis	region	candidate_region	6	6	6	candidate_region_with_context	53991152	58549277	sv_attention	0.8654	0.7757	HP1	0.4666	0.2888	24.0	9.0	2.9268	1.0	C12	chromothripsis	chromothripsis:noncanonicalB	chromosome_arm	26260000	58600001	402	402	8	6	4	5876327	1.0210459697018223e-06	3.921026859124756	79901.5	181266.5	725961.75	True	0.8333333333333334	0.8	0	0	1	3	2	0	0	0	0	0	0	0	5	0					2	0	0.0	1	2	0	1	sample_residual	coords
SKBR3:chr20:9564034-58962673:18	SKBR3:chr20:9564034-58962673:18	SKBR3	chr20	mixed	9564034	58962673	candidate_region_label	Seismic_Amplification;BFB	region	candidate_region	55	132	132	candidate_region_with_context	14443096	58962673	sv_attention	1.0	0.9012	mixed_HP	-0.3052	0.5002	268.0	778.0	3.9432	3.5007	C13	Seismic_Amplification;BFB	Seismic_Amplification:canonical;BFB:noncanonicalB	chromosome	0	64400001	402	402	8	54	41	49398640	1.1133909759458965e-06	7.443901107398908	107848.0	380533.0	961066.5	False	0.3272727272727272	0.0185185185185185	0	0	0	2	2	2	6	10	15	18	0	0	57	0	22.0	22.0			21	14	1.0	0	18	3	0	sample_residual	coords
SKBR3:chr22:46498609-50818468:19		SKBR3	chr22	q	46498609	50818468	candidate_region_empty		empty_candidate_region	candidate_region	6	4	4	candidate_region_with_context	47180615	47862623	sv_attention	0.4589	0.1579	mixed_HP	-0.2429	0.3	19.0	44.0	1.8704	1.6423	C14			chromosome_arm	15050000	50800001	402	402	8	6	5	4319860	1.388933900635669e-06	3.5062559897774466	168166.75	490521.5	906843.75	False	0.5	0.0	0	1	1	1	2	0	1	0	0	0	0	0	5	0					2	2	0.0	0	0	1	0	sample_residual	coords
SNU1000:chr2:189545608-197927733:1	SNU1000:chr2:189545608-197927733:1	SNU1000	chr2	q	189545608	197927733	candidate_region_label	BFB	region	candidate_region	4	5	5	candidate_region_with_context	194547462	194557219	sv_attention	0.7774	0.0012	mixed_HP	-0.2864	0.3	14.0	29.0	2.0247	2.8054	C1	BFB	BFB:noncanonical	chromosome_arm	93989000	242150001	402	402	8	4	3	8382126	4.772059021780393e-07	4.830087975294096	157777.5	1788816.0	3726570.0	True	0.75	0.6666666666666666	0	0	0	0	1	2	1	0	0	0	0	0	5	1	5.0	5.0	5.0	5.0	0	2	1.0	0	1	1	0	sample_residual	coords
SNU1000:chr3:0-10257984:2		SNU1000	chr3	p	0	10257984	candidate_region_empty		empty_candidate_region	candidate_region	8	8	8	candidate_region_with_context	3842167	6163195	sv_attention	0.7903	0.2263	HP2	-0.2645	0.0193	10.0	73.0	3.0411	0.4854	C2			chromosome_arm	0	90951000	402	402	8	8	7	10257985	7.798802591347131e-07	3.5265007698880435	222257.5	790977.5	2257319.5	False	0.75	0.4285714285714285	0	0	0	3	3	2	0	0	0	0	0	0	8	0					0	2	0.0	1	5	0	1	sample_residual	coords
SNU1000:chr6:63000001-65279176:3	SNU1000:chr6:63000001-65279176:3	SNU1000	chr6	q	63000001	65279176	candidate_region_label	Seismic_Amplification;BFB	region	candidate_region	3	4	4	candidate_region_with_context	63873674	63905828	sv_attention	0.6319	0.0141	HP2	-0.5183	0.3578	0.0	90.0	5.2078	2.0	C3	Seismic_Amplification;BFB	Seismic_Amplification:canonical;BFB:noncanonical	chromosome_arm	60589000	170800001	402	402	8	3	3	2279176	1.3162651765374857e-06	7.207781233217619	436837.5	502698.0	954099.5	False	0.6666666666666666	0.5	0	0	0	0	0	0	1	0	2	0	0	0	3	2	2.0	3.0	2.0	3.0	0	0	2.0	0	0	1	0	sample_residual	coords
SNU1000:chr11:100077105-102913626:4	SNU1000:chr11:100077105-102913626:4	SNU1000	chr11	q	100077105	102913626	candidate_region_label	ecDNA;Seismic_Amplification;BFB	region	candidate_region	6	9	9	candidate_region_with_context	100309454	102913626	sv_attention	0.9588	0.9181	HP2	-0.3333	0.1111	0.0	594.0	26.6214	0.0	C4	ecDNA;Seismic_Amplification;BFB	ecDNA;Seismic_Amplification:noncanonical;BFB:noncanonical	chromosome_arm	53714000	135050001	402	402	8	6	5	2836522	2.115266513004306e-06	26.62138562648201	233620.25	278654.0	353876.75	False	0.3333333333333333	0.2	0	0	0	1	0	0	0	0	0	1	2	2	7	3	1.0	7.0	5.0	7.0	0	0	5.0	1	0	1	1	sample_residual	coords
SNU1000:chr16:46000001-57779990:5	SNU1000:chr16:46000001-57779990:5	SNU1000	chr16	q	46000001	57779990	candidate_region_label	chromothripsis	region	candidate_region	4	4	4	candidate_region_with_context	50824942	56215604	sv_attention	0.7739	0.4576	mixed_HP	0.0768	0.9194	16.0	15.0	2.0	1.4311	C5	chromothripsis	chromothripsis:noncanonicalB	chromosome_arm	36800000	90300001	402	402	8	4	4	11779990	3.395588621042972e-07	3.4311040162173314	2226169.5	3350794.5	4069622.5	True	1.0	1.0	0	0	0	2	2	0	0	0	0	0	0	0	4	0					2	0	0.0	1	0	1	1	sample_residual	coords
SNU1000:chr19:0-7902715:6	SNU1000:chr19:0-7902715:6	SNU1000	chr19	p	0	7902715	candidate_region_label	chromothripsis	region	candidate_region	4	7	7	candidate_region_with_context	5881828	6076645	sv_attention	0.8061	0.0247	mixed_HP	0.5733	0.3	17.0	8.0	1.6716	0.0	C6	chromothripsis	chromothripsis:noncanonicalB	chromosome_arm	0	26260000	402	402	8	4	4	7902716	5.061550990823914e-07	1.671621250213218	1418256.5	2113169.0	2670591.5	True	1.0	1.0	0	2	2	0	0	0	0	0	0	0	0	0	5	0					0	1	0.0	3	1	0	3	sample_residual	coords
SNU1005:chr1:164651675-169240920:1	SNU1005:chr1:164651675-169240920:1	SNU1005	chr1	q	164651675	169240920	candidate_region_label	BFB	region	candidate_region	1	2	2	candidate_region_with_context	169240919	169240920	sv_attention	0.5822	0.0	mixed_HP	-0.1515	0.3182	14.0	8.0	0.0	2.0	C1	BFB	BFB:canonical	chromosome_arm	123459000	248950001	402	402	8	1	1	4589246	2.1790071833150805e-07	2.0	4589246.0	4589246.0	4589246.0	False	0.0	0.0	0	0	1	0	0	0	0	0	0	0	0	0	2	1	1.0	2.0	1.0	1.0	0	0	2.0	0	0	0	0	sample_residual	coords
SNU1005:chr3:162515130-188635593:2		SNU1005	chr3	q	162515130	188635593	candidate_region_empty		empty_candidate_region	candidate_region	14	19	19	candidate_region_with_context	175523892	187886378	sv_attention	0.9998	0.4733	mixed_HP	-0.1748	1.0	69.0	124.0	8.5968	7.8489	C2			chromosome_arm	90951000	198250001	402	402	8	14	14	26120464	5.359782276455732e-07	16.44568297102226	869376.5	1270803.0	2349153.5	False	0.5	0.1538461538461538	0	0	0	0	0	0	0	0	0	14	0	0	15	0					4	2	0.0	3	5	1	3	sample_residual	coords
SNU1005:chr5:11163896-18765239:3	SNU1005:chr5:11163896-18765239:3	SNU1005	chr5	p	11163896	18765239	candidate_region_label	Seismic_Amplification	region	candidate_region	11	17	17	candidate_region_with_context	12991651	18765239	sv_attention	0.9851	0.7595	mixed_HP	-0.2432	1.0	35.0	70.0	6.4395	7.3055	C3	Seismic_Amplification	Seismic_Amplification:canonical	chromosome_arm	0	48464000	402	402	8	11	11	7601344	1.4471125106296993e-06	13.745016144513391	224024.5	311078.0	805433.0	False	0.5454545454545454	0.3	0	0	0	0	0	0	0	0	1	10	0	0	12	0					1	2	0.0	0	9	0	0	sample_residual	coords
SNU1005:chr5:52275188-56218111:4	SNU1005:chr5:52275188-56218111:4	SNU1005	chr5	q	52275188	56218111	candidate_region_label	Seismic_Amplification;BFB	region	candidate_region	8	11	11	candidate_region_with_context	54536225	55137578	sv_attention	0.792	0.1525	HP1	1.0	1.0	216.0	0.0	13.9917	0.0	C4	Seismic_Amplification;BFB	Seismic_Amplification:canonical;BFB:noncanonical	chromosome_arm	48464000	181500001	402	402	8	8	7	3942924	2.0289511032928864e-06	13.991709959410834	123364.25	234682.0	500920.5	False	0.25	0.1428571428571428	0	0	0	0	1	0	0	0	0	3	4	0	9	2	2.0	9.0	5.0	9.0	1	0	5.0	0	3	0	0	sample_residual	coords
SNU1005:chr6:51101197-57999999:5	SNU1005:chr6:51101197-57999999:5	SNU1005	chr6	p	51101197	57999999	candidate_region_label	Seismic_Amplification	region	candidate_region	7	7	7	candidate_region_with_context	51227338	57999999	sv_attention	0.7064	0.9817	HP1	0.8426	0.7901	146.0	0.0	4.1016	1.2682	C5	Seismic_Amplification	Seismic_Amplification:noncanonical	chromosome_arm	0	60589000	402	402	8	7	7	6898803	1.0146687765979113e-06	5.36985111765041	147844.0	495130.0	1005329.5	False	0.2857142857142857	0.1666666666666666	0	0	1	1	0	0	0	0	1	4	0	0	7	0					4	0	0.0	1	2	0	1	sample_residual	coords
SNU1005:chrX:97585206-100505594:6	SNU1005:chrX:97585206-100505594:6	SNU1005	chrX	q	97585206	100505594	candidate_region_label	Seismic_Amplification;BFB	region	candidate_region	5	8	8	candidate_region_with_context	98265833	100505594	sv_attention	0.9505	0.7669	mixed_HP	-0.2441	0.9775	20.0	38.0	4.9325	6.1716	C6	Seismic_Amplification;BFB	Seismic_Amplification:noncanonical;BFB:noncanonicalB	chromosome_arm	61090000	156000001	402	402	8	5	4	2920389	1.712100682477574e-06	11.104120033324328	122826.0	582037.0	761948.0	False	0.4	0.25	0	0	0	0	0	0	1	0	2	2	0	0	6	2	4.0	6.0	4.0	6.0	0	1	2.0	3	0	0	3	sample_residual	coords
SNU1005:chrX:115725836-120929381:7	SNU1005:chrX:115725836-120929381:7	SNU1005	chrX	q	115725836	120929381	candidate_region_label	Seismic_Amplification;BFB	region	candidate_region	5	5	5	candidate_region_with_context	116252155	120929381	sv_attention	0.7769	0.8989	HP2	-0.5145	0.3527	0.0	48.0	3.6799	1.3736	C6	Seismic_Amplification;BFB	Seismic_Amplification:noncanonical;BFB:noncanonicalB	chromosome_arm	61090000	156000001	402	402	8	5	4	5203546	9.608832131012198e-07	5.053501785128833	113114.0	413207.0	1191299.0	False	0.4	0.25	1	1	1	0	1	0	0	0	1	0	0	0	7	0	4.0	4.0			4	1	1.0	0	0	1	0	sample_residual	coords
SNU1299:chr11:99700441-104484500:1	SNU1299:chr11:99700441-104484500:1	SNU1299	chr11	q	99700441	104484500	candidate_region_label	Seismic_Amplification;BFB	region	candidate_region	5	7	7	candidate_region_with_context	103612582	103884684	sv_attention	0.7595	0.0569	mixed_HP	-0.4053	0.867	37.0	169.0	5.2469	4.6011	C1	Seismic_Amplification;BFB	Seismic_Amplification:noncanonical;BFB:noncanonical	chromosome_arm	53714000	135050001	402	402	8	5	4	4784060	1.045137393761784e-06	9.848014866034289	215980.0	235416.0	618158.0	False	0.4	0.25	0	0	0	0	0	0	1	0	2	1	1	0	6	3	1.0	6.0	4.0	6.0	0	0	5.0	1	0	0	1	sample_residual	coords
SNU1299:chr12:101817157-106306116:2	SNU1299:chr12:101817157-106306116:2	SNU1299	chr12	q	101817157	106306116	candidate_region_label	BFB	region	candidate_region	2	6	6	candidate_region_with_context	101829876	101882609	sv_attention	0.8742	0.0117	mixed_HP	-0.1296	0.3333	52.0	77.0	3.0	3.0081	C2	BFB	BFB:noncanonicalB	chromosome_arm	35807000	133250001	402	402	8	2	1	4488960	4.455374964357e-07	6.008125712859994	1140478.0	2244480.0	3348482.0	False	0.0	0.0	0	0	0	0	0	0	1	1	0	0	0	0	3	0	2.0	2.0			0	0	1.0	1	1	0	1	sample_residual	coords
SNU1299:chr16:51419845-53976563:3	SNU1299:chr16:51419845-53976563:3	SNU1299	chr16	q	51419845	53976563	candidate_region_label	BFB	region	candidate_region	2	6	6	candidate_region_with_context	51431416	51491484	sv_attention	0.8647	0.0235	HP2	-0.3139	0.0852	8.0	24.0	2.2479	2.0	C3	BFB	BFB:noncanonicalB	chromosome_arm	36800000	90300001	402	402	8	2	1	2556719	7.822525666684528e-07	4.247877455441916	674388.25	1278359.5	1882330.75	False	0.0	0.0	0	0	0	0	1	0	0	0	0	1	0	0	3	0	1.0	1.0			0	0	1.0	0	2	0	0	sample_residual	coords
SNU1299:chr18:27518532-39718769:4	SNU1299:chr18:27518532-39718769:4	SNU1299	chr18	q	27518532	39718769	candidate_region_label	chromothripsis	region	candidate_region	5	5	5	candidate_region_with_context	29347890	36436148	sv_attention	0.8435	0.581	mixed_HP	0.4742	0.3	50.0	22.0	2.581	0.5574	C4	chromothripsis	chromothripsis:noncanonicalB	chromosome_arm	18540000	80350001	402	402	8	5	5	12200238	4.0982807056714806e-07	3.1383536944115358	1829360.0	2117688.0	3282621.0	True	0.8	0.75	0	0	1	2	2	0	0	0	0	0	0	0	6	0					5	0	0.0	1	0	0	1	sample_residual	coords
SNU1299:chr20:32000001-42314643:5	SNU1299:chr20:32000001-42314643:5	SNU1299	chr20	q	32000001	42314643	candidate_region_label	Seismic_Amplification	region	candidate_region	7	17	17	candidate_region_with_context	33155138	33634643	sv_attention	0.9994	0.0465	mixed_HP	-0.5281	1.0	18.0	124.0	5.2958	6.3602	C5	Seismic_Amplification	Seismic_Amplification:noncanonical	chromosome_arm	28120000	64400001	402	402	8	7	5	10314643	6.786468518590513e-07	11.656057412748073	151194.0	1155139.0	2342259.5	False	0.4285714285714285	0.1666666666666666	0	0	0	0	0	1	0	0	0	6	0	0	7	0					0	2	0.0	3	2	0	3	sample_residual	coords
SNU682:chr2:170519254-174396706:1		SNU682	chr2	q	170519254	174396706	candidate_region_empty		empty_candidate_region	candidate_region	6	13	13	candidate_region_with_context	170925184	174396706	sv_attention	0.9959	0.8953	mixed_HP	-0.2028	0.3	32.0	72.0	2.5425	1.838	C1			chromosome_arm	93989000	242150001	402	402	8	6	5	3877453	1.5474075378863392e-06	4.380546456655955	206051.75	447238.0	914431.5	False	0.6666666666666666	0.4	0	0	0	2	2	2	0	0	0	0	0	0	8	0					2	0	0.0	1	5	0	1	sample_residual	coords
SNU682:chr4:52000001-64307744:2	SNU682:chr4:52000001-64307744:2	SNU682	chr4	q	52000001	64307744	candidate_region_label	chromothripsis	region	candidate_region	6	13	13	candidate_region_with_context	56368538	64307744	sv_attention	0.9959	0.6451	HP1	0.5336	0.3782	77.0	9.0	2.1576	2.075	C2	chromothripsis	chromothripsis:noncanonicalB	chromosome_arm	50494000	190200001	402	402	8	6	6	12307744	4.874979525085994e-07	4.23267399776921	1481753.75	1687227.5	2415115.25	True	0.8333333333333334	0.8	0	0	0	1	2	3	0	0	0	0	0	0	6	0					3	1	0.0	1	0	1	1	sample_residual	coords
SNU682:chr11:32506388-40107226:3	SNU682:chr11:32506388-40107226:3	SNU682	chr11	p	32506388	40107226	candidate_region_label	BFB	region	candidate_region	3	6	6	candidate_region_with_context	32508435	37347804	sv_attention	0.8647	0.6367	mixed_HP	0.5374	0.2123	28.0	8.0	7.9349	2.6368	C3	BFB	BFB:noncanonical	chromosome_arm	0	53714000	402	402	8	3	3	7600839	3.9469327004558313e-07	10.571717411722574	1380429.5	2326345.0	3583162.5	False	0.6666666666666666	0.5	0	0	0	0	0	0	1	0	1	1	0	0	4	2	1.0	2.0	1.0	2.0	0	1	2.0	1	0	0	1	sample_residual	coords
SNU682:chr16:78258738-83740189:4	SNU682:chr16:78258738-83740189:4	SNU682	chr16	q	78258738	83740189	candidate_region_label	BFB	region	candidate_region	6	8	8	candidate_region_with_context	78391111	78753247	sv_attention	0.9504	0.0661	HP2	-0.4458	0.261	9.0	45.0	1.9736	1.9895	C4	BFB	BFB:noncanonicalB	chromosome_arm	36800000	90300001	402	402	8	6	4	5481452	1.0946004817701588e-06	3.963101017759528	82306.0	156357.5	225979.5	False	0.6666666666666666	0.4	0	0	0	2	2	2	0	0	0	0	0	0	7	0	4.0	4.0			4	0	1.0	2	0	0	2	sample_residual	coords
SNU682:chr22:19000001-25858892:5	SNU682:chr22:19000001-25858892:5	SNU682	chr22	q	19000001	25858892	candidate_region_label	BFB	region	candidate_region	5	8	8	candidate_region_with_context	20390218	23869485	sv_attention	0.9479	0.5073	HP1	0.396	0.1947	54.0	0.0	0.493	4.7521	C5	BFB	BFB:noncanonicalB	chromosome_arm	15050000	50800001	402	402	8	5	5	6858892	7.289807158357356e-07	5.245059260300351	234246.0	1390219.0	1990960.0	False	0.4	0.25	0	0	0	1	1	1	1	1	0	0	0	0	5	0	1.0	1.0			2	0	1.0	0	1	1	0	sample_residual	coords
SNU703:chr8:34169414-42999999:1	SNU703:chr8:34169414-42999999:1	SNU703	chr8	p	34169414	42999999	candidate_region_label	BFB	region	candidate_region	12	18	18	candidate_region_with_context	35424586	41365743	sv_attention	0.9983	0.6728	mixed_HP	0.2271	0.3354	50.0	29.0	2.8355	2.0977	C1	BFB	BFB:noncanonicalB	chromosome_arm	0	45644000	402	402	8	12	10	8830586	1.3589132136870644e-06	4.933200809096928	233131.75	390069.5	1307985.25	False	0.5	0.3636363636363636	0	0	1	0	2	3	3	2	1	0	0	0	12	0	10.0	10.0			5	2	1.0	3	1	0	3	sample_residual	coords
SNU703:chr11:34220392-42675400:2		SNU703	chr11	p	34220392	42675400	candidate_region_empty		empty_candidate_region	candidate_region	6	19	19	candidate_region_with_context	39128098	42675400	sv_attention	0.9995	0.4196	HP2	-0.3652	0.1536	14.0	79.0	1.947	1.0431	C2			chromosome_arm	0	53714000	402	402	8	6	5	8455009	7.096385113250619e-07	2.9901204126453327	351279.5	876913.5	1788025.75	False	0.6666666666666666	0.2	0	1	0	3	1	0	1	0	0	0	0	0	7	0					1	0	0.0	0	5	1	0	sample_residual	coords
SNU703:chr12:64593784-76107212:3	SNU703:chr12:64593784-76107212:3	SNU703	chr12	q	64593784	76107212	candidate_region_label	BFB	region	candidate_region	7	11	11	candidate_region_with_context	68778802	76107212	sv_attention	0.5794	0.6365	HP1	0.9875	0.9834	26.0	0.0	10.9405	0.2082	C3	BFB	BFB:noncanonicalB	chromosome_arm	35807000	133250001	402	402	8	7	6	11513429	6.079856835005453e-07	11.148690802713944	600910.5	946518.0	2573699.0	False	0.2857142857142857	0.1666666666666666	1	0	0	1	0	1	0	0	0	3	1	0	8	0	1.0	1.0			0	0	1.0	5	2	0	5	sample_residual	coords
SNU703:chr18:0-7107447:4	SNU703:chr18:0-7107447:4	SNU703	chr18	p	0	7107447	candidate_region_label	Seismic_Amplification;BFB	region	candidate_region	14	22	22	candidate_region_with_context	1919086	7107447	sv_attention	0.9884	0.73	mixed_HP	-0.0872	0.2	58.0	174.0	7.5148	1.1309	C4	Seismic_Amplification;BFB	Seismic_Amplification:noncanonical;BFB:noncanonicalB	chromosome_arm	0	18540000	402	402	8	14	12	7107448	1.969764675028224e-06	8.645695613953137	229058.5	278518.5	663534.0	False	0.2857142857142857	0.0769230769230769	0	0	0	1	2	2	1	1	2	4	1	0	14	0	1.0	4.0			1	3	2.0	1	5	2	1	sample_residual	coords
SNU902:chr16:55273326-57412529:1	SNU902:chr16:55273326-57412529:1	SNU902	chr16	q	55273326	57412529	candidate_region_label	BFB	region	candidate_region	2	2	2	candidate_region_with_context	55275058	55276792	sv_attention	0.6216	0.0008	HP2	-0.8085	0.7447	0.0	14.0	2.0	4.963	C1	BFB	BFB:noncanonicalB	chromosome_arm	36800000	90300001	402	402	8	2	1	2139204	9.349271972191524e-07	6.963043262821124	554565.5	1069602.0	1584638.5	False	0.0	0.0	0	0	0	0	0	1	0	1	0	0	0	0	3	0	1.0	1.0			0	2	1.0	0	0	0	0	sample_residual	coords
SNU902:chr19:17718043-23999999:2		SNU902	chr19	p	17718043	23999999	candidate_region_empty		empty_candidate_region	candidate_region	13	10	10	candidate_region_with_context	17812500	23999999	sv_attention	0.972	0.985	mixed_HP	0.2649	0.3	32.0	16.0	2.5459	1.9681	C2			chromosome_arm	0	26260000	402	402	8	13	11	6281957	2.069418813277455e-06	4.513935545881641	109704.0	201288.0	410206.0	False	0.6923076923076923	0.5	0	1	0	0	2	5	4	0	1	0	0	0	13	0					5	1	0.0	1	6	0	1	sample_residual	coords
SNU902:chr21:41590199-46709983:3	SNU902:chr21:41590199-46709983:3	SNU902	chr21	q	41590199	46709983	candidate_region_label	chromothripsis	region	candidate_region	7	6	6	candidate_region_with_context	41769576	44424664	sv_attention	0.9006	0.5186	HP1	0.4393	0.2524	30.0	6.0	1.9911	2.0537	C3	chromothripsis	chromothripsis:noncanonicalB	chromosome_arm	12910000	46700001	402	402	8	7	5	5119785	1.3672449136047705e-06	4.040846441793943	92992.5	179379.0	1422781.0	False	0.7142857142857143	0.5	0	0	2	0	3	2	0	0	0	0	0	0	6	0					0	2	0.0	0	4	0	0	sample_residual	coords
SUIT:chr3:55637719-60664161:1	SUIT:chr3:55637719-60664161:1	SUIT	chr3	p	55637719	60664161	candidate_region_label	chromothripsis	region	candidate_region	9	12	12	candidate_region_with_context	60174420	60664161	sv_attention	0.8693	0.0974	HP2	-0.2793	0.0391	11.0	150.0	3.8599	0.2274	C1	chromothripsis	chromothripsis:noncanonical	chromosome_arm	0	90951000	402	402	8	9	4	5026443	1.79053059986953e-06	4.087246786644154	52309.0	89909.0	116125.0	False	0.4444444444444444	0.25	0	1	2	2	2	1	1	0	0	0	0	0	10	0					6	1	0.0	0	2	1	0	sample_residual	coords
SUIT:chr6:156864594-162608624:2		SUIT	chr6	q	156864594	162608624	candidate_region_empty		empty_candidate_region	candidate_region	4	4	4	candidate_region_with_context	162200156	162608624	sv_attention	0.7576	0.0711	HP2	-0.3894	0.1858	4.0	31.0	1.8147	0.8252	C2			chromosome_arm	60589000	170800001	402	402	8	4	4	5744031	6.963750717919176e-07	2.63993073853536	322784.75	378176.5	1491399.5	False	0.5	0.3333333333333333	1	1	1	1	0	0	0	0	0	0	0	0	5	0					4	0	0.0	1	0	0	1	sample_residual	coords
SUIT:chr8:32759576-34984208:3	SUIT:chr8:32759576-34984208:3	SUIT	chr8	p	32759576	34984208	candidate_region_label	Seismic_Amplification;BFB	region	candidate_region	5	9	9	candidate_region_with_context	32760769	34221042	sv_attention	0.9473	0.6564	mixed_HP	0.1168	0.8512	60.0	41.0	4.5537	4.7951	C3	Seismic_Amplification;BFB	Seismic_Amplification:canonical;BFB:noncanonicalB	chromosome_arm	0	45644000	402	402	8	5	4	2224633	2.24756173265433e-06	9.348827874080804	200069.0	372837.0	606784.0	False	0.4	0.25	0	0	0	0	0	0	1	1	1	2	0	0	6	1	1.0	2.0	2.0	2.0	0	0	2.0	0	4	0	0	sample_residual	coords
SUIT:chr12:55349815-58993974:4	SUIT:chr12:55349815-58993974:4	SUIT	chr12	q	55349815	58993974	candidate_region_label	BFB	region	candidate_region	4	8	8	candidate_region_with_context	56212645	58993974	sv_attention	0.9502	0.7632	mixed_HP	0.2808	0.4764	56.0	25.0	4.0	3.4291	C4	BFB	BFB:noncanonicalB	chromosome_arm	35807000	133265306	402	402	8	4	3	3644160	1.0976466455918511e-06	7.42913977432385	797207.0	1164993.5	1278826.5	False	0.75	0.3333333333333333	0	0	0	0	0	0	2	1	1	0	0	0	5	1	4.0	4.0	4.0	4.0	0	0	1.0	3	1	0	3	sample_residual	coords
SUIT:chr17:52259302-64570686:5		SUIT	chr17	q	52259302	64570686	candidate_region_empty		empty_candidate_region	candidate_region	9	15	15	candidate_region_with_context	58549031	64570686	sv_attention	0.9889	0.4891	HP2	-0.3522	0.1362	22.0	68.0	1.4109	1.5111	C5			chromosome_arm	25150000	83250001	402	402	8	9	8	12311385	7.310306679549052e-07	2.921990661489345	300630.0	866941.0	1654271.0	False	0.5555555555555556	0.25	1	1	0	1	1	2	3	0	0	0	0	0	11	0					0	0	0.0	1	9	1	1	sample_residual	coords
ScaBER:chr1:91117935-109646786:1	ScaBER:chr1:91117935-109646786:1	ScaBER	chr1	p	91117935	109646786	candidate_region_label	BFB	region	candidate_region	10	14	14	candidate_region_with_context	92472549	105505789	sv_attention	0.9969	0.7034	HP2	-0.7509	0.6678	11.0	127.0	1.6453	6.032	C1	BFB	BFB:noncanonical	chromosome_arm	0	123459000	402	402	8	10	9	18528852	5.396988437276093e-07	7.677325772800171	317867.0	1607880.5	2866960.75	False	0.4	0.0	0	1	0	0	1	2	1	2	2	1	0	0	11	2	2.0	11.0	4.0	11.0	2	0	6.0	3	0	0	3	sample_residual	coords
ScaBER:chr3:10270628-18985001:2	ScaBER:chr3:10270628-18985001:2	ScaBER	chr3	p	10270628	18985001	candidate_region_label	chromothripsis	region	candidate_region	6	15	15	candidate_region_with_context	10272761	18985001	sv_attention	0.9683	0.9998	HP1	0.9467	0.9289	72.0	3.0	3.4973	0.0	C2	chromothripsis	chromothripsis:noncanonical	chromosome_arm	0	90951000	402	402	8	6	5	8714374	6.885176146903954e-07	3.4973379613957354	534961.75	1081528.0	2564011.0	False	0.6666666666666666	0.4	0	0	0	2	2	2	0	0	0	0	0	0	7	0					1	1	0.0	3	2	0	3	sample_residual	coords
ScaBER:chr9:9094848-15433422:3	ScaBER:chr9:9094848-15433422:3	ScaBER	chr9	p	9094848	15433422	candidate_region_label	chromothripsis	region	candidate_region	6	12	12	candidate_region_with_context	13656597	15433422	sv_attention	0.9861	0.2803	mixed_HP	0.087	0.454	53.0	34.0	0.7892	1.1257	C3	chromothripsis	chromothripsis:noncanonicalB	chromosome_arm	0	49224000	402	402	8	6	6	6338575	9.465849974166116e-07	1.9149285131121745	385353.5	617319.0	788321.5	True	0.8333333333333334	0.6	0	3	2	1	0	0	0	0	0	0	0	0	7	0					5	0	0.0	0	2	0	0	sample_residual	coords
ScaBER:chr11:100583104-104021457:4	ScaBER:chr11:100583104-104021457:4	ScaBER	chr11	q	100583104	104021457	candidate_region_label	BFB	region	candidate_region	1	3	3	candidate_region_with_context	104005208	104021457	sv_attention	0.8135	0.0047	HP1	0.8667	0.8222	84.0	0.0	8.0	2.0	C4	BFB	BFB:noncanonicalB	chromosome_arm	53714000	135050001	402	402	8	1	1	3438354	2.9083683646302854e-07	10.0	3438354.0	3438354.0	3438354.0	False	0.0	0.0	0	0	0	0	0	0	0	0	1	0	0	0	2	0	1.0	1.0			0	0	1.0	1	0	0	1	sample_residual	coords
ZR7530:chr6:100115301-111370648:1	ZR7530:chr6:100115301-111370648:1	ZR7530	chr6	q	100115301	111370648	candidate_region_label	chromothripsis	region	candidate_region	6	12	12	candidate_region_with_context	100650627	111370648	sv_attention	0.999	0.9524	HP2	-0.4027	0.2036	12.0	48.0	1.0812	1.0989	C1	chromothripsis	chromothripsis:noncanonicalB	chromosome_arm	60589000	170800001	402	402	8	6	6	11255348	5.330799189860678e-07	2.1800890563312656	1074493.5	1644923.5	2551063.25	True	0.8333333333333334	0.6	0	1	3	2	0	0	0	0	0	0	0	0	7	0					0	2	0.0	3	2	0	3	sample_residual	coords
ZR7530:chr8:47000001-72913724:2	ZR7530:chr8:47000001-72913724:2	ZR7530	chr8	q	47000001	72913724	candidate_region_label	ecDNA;Seismic_Amplification;BFB	region	candidate_region	26	58	58	candidate_region_with_context	48138654	72913724	sv_attention	1.0	0.9561	HP2	-0.3386	0.1181	120.0	406.0	1.0384	0.8994	C2	ecDNA;Seismic_Amplification;BFB	ecDNA;Seismic_Amplification:noncanonical;BFB:noncanonicalB	chromosome_arm	45644000	145100001	402	402	8	25	18	25913724	1.0033293555183349e-06	1.93787870859472	57872.0	152615.0	1142030.5	False	0.3461538461538461	0.16	3	5	4	4	4	1	1	0	0	4	0	0	30	0					6	7	0.0	4	13	0	4	sample_residual	coords
ZR7530:chr8:84292564-145138636:3	ZR7530:chr8:84292564-145138636:3	ZR7530	chr8	q	84292564	145138636	candidate_region_label	ecDNA;Seismic_Amplification;BFB	region	candidate_region	100	172	172	candidate_region_with_context	84360799	145138636	sv_attention	1.0	0.9989	mixed_HP	-0.2225	0.8656	686.0	616.0	0.9355	7.3759	C2	ecDNA;Seismic_Amplification;BFB	ecDNA;Seismic_Amplification:noncanonical;BFB:noncanonicalB	chromosome_arm	45644000	145100001	402	402	8	100	75	60846073	1.6434914378122643e-06	8.307437375621594	100427.5	198391.0	476154.75	False	0.15	0.0	6	5	2	3	6	7	5	5	11	33	17	0	104	0	31.0	61.0			22	11	3.0	33	34	1	33	sample_residual	coords
ZR7530:chr17:28000001-31100863:4	ZR7530:chr17:28000001-31100863:4	ZR7530	chr17	q	28000001	31100863	candidate_region_label	ecDNA;Seismic_Amplification;BFB	region	candidate_region	6	29	29	candidate_region_with_context	28445840	31100863	sv_attention	0.9658	0.8562	mixed_HP	0.1324	0.3	95.0	43.0	0.4552	0.9596	C2	ecDNA;Seismic_Amplification;BFB	ecDNA;Seismic_Amplification:noncanonical;BFB:noncanonicalB	chromosome_arm	25150000	83250001	402	402	8	6	5	3100863	1.9349452071890955e-06	1.4147555051609826	287644.75	337553.5	385744.75	False	0.6666666666666666	0.4	2	2	0	0	0	1	1	0	0	0	0	0	6	0					1	2	0.0	2	1	0	2	sample_residual	coords
ZR7530:chr17:48045677-68434855:5	ZR7530:chr17:48045677-68434855:5	ZR7530	chr17	q	48045677	68434855	candidate_region_label	ecDNA;Seismic_Amplification;BFB	region	candidate_region	46	85	85	candidate_region_with_context	48259648	68434855	sv_attention	1.0	0.9895	mixed_HP	0.241	0.4828	350.0	230.0	3.3814	1.7843	C2	ecDNA;Seismic_Amplification;BFB	ecDNA;Seismic_Amplification:noncanonical;BFB:noncanonicalB	chromosome_arm	25150000	83250001	402	402	8	46	28	20389179	2.2560986884268366e-06	5.165704710326983	66324.0	169390.0	631841.25	False	0.3043478260869565	0.1111111111111111	7	1	7	6	6	1	1	2	3	4	2	6	49	1	12.0	32.0	12.0	12.0	4	3	3.0	24	14	1	24	sample_residual	coords
SCC152:chr1:24012196-25424062:1		SCC152	chr1	p	24012196	25424062	candidate_region_empty		empty_candidate_region	candidate_region	2	2	2	candidate_region_with_context	24168953	24325712	sv_attention	0.3	0.111	HP1	0.6923	0.5897	10.0	3.0	3.2221	0.0	C1			chromosome_arm	0	123459000	402	402	8	2	2	1411867	1.41656402479837e-06	3.222059159963368	431346.25	705933.5	980520.75	False	0.0	0.0	0	0	0	1	0	1	0	0	0	0	0	0	3	0					0	2		0	1	0	0	sample_residual	coords
SCC152:chr1:170918867-171357168:2		SCC152	chr1	q	170918867	171357168	candidate_region_empty		empty_candidate_region	candidate_region	2	2	2	candidate_region_with_context	170935729	170959684	sv_attention	0.3	0.0547	HP1	0.5685	0.4246	13.0	4.0	5.0931	1.0931	C2			chromosome_arm	123459000	248950001	402	402	8	2	1	438302	4.563063823573701e-06	6.186255139150632	129984.5	219151.0	308317.5	False	0.0	0.0	0	0	0	0	0	0	1	0	1	0	0	0	3	0					1	2		0	0	0	0	sample_residual	coords
SCC152:chr1:232257800-232382315:3		SCC152	chr1	q	232257800	232382315	candidate_region_empty		empty_candidate_region	candidate_region	1	1	1	candidate_region_with_context	232382314	232382315	sv_attention	0.3	0.0	mixed_HP	0.75	0.3333	16.0	0.0	5.0	3.0	C3			chromosome_arm	123459000	248950001	402	402	8	1	1	124516	8.03109640528125e-06	8.0	124516.0	124516.0	124516.0	False	0.0	0.0	0	0	0	0	0	0	0	0	1	0	0	0	2	0					0	2		0	0	0	0	sample_residual	coords
SCC152:chr1:248950002-248956422:4		SCC152	chr1	q	248950002	248956422	candidate_region_empty		empty_candidate_region	candidate_region	1	0	0	candidate_region_with_context	248953412	248955519	cn_attention	0.2049	0.3282	mixed_HP	0.0	0.2	0.0	0.0	1.0	1.0	C4			chromosome_arm	123459000	248950001	402	402	8	1	0	6421	0.000155738981467	2.0	6421.0	6421.0	6421.0	False	0.0	0.0	0	0	1	0	0	0	0	0	0	0	0	0	0	0					0	0		0	0	0	0	sample_residual	coords
SCC152:chr2:42133920-43274065:5		SCC152	chr2	p	42133920	43274065	candidate_region_empty		empty_candidate_region	candidate_region	1	0	0	candidate_region_with_context	42632733	43002389	cn_attention	0.2036	0.3242	mixed_HP	0.0	0.2	0.0	0.0	0.0	0.0	C5			chromosome_arm	0	93989000	402	402	8	1	1	1140146	8.770806545828341e-07	0.0	1140146.0	1140146.0	1140146.0	False	0.0	0.0	1	0	0	0	0	0	0	0	0	0	0	0	2	0					2	0		0	0	0	0	sample_residual	coords
SCC152:chr2:141129231-141364775:6		SCC152	chr2	q	141129231	141364775	candidate_region_empty		empty_candidate_region	candidate_region	1	0	0	candidate_region_with_context	141234121	141310489	cn_attention	0.2036	0.3242	mixed_HP	0.0	0.2	0.0	0.0	0.0	0.0	C6			chromosome_arm	93989000	242150001	402	402	8	1	1	235545	4.245473264132119e-06	0.0	235545.0	235545.0	235545.0	False	0.0	0.0	1	0	0	0	0	0	0	0	0	0	0	0	2	0					2	0		0	0	0	0	sample_residual	coords
SCC152:chr2:242150002-242193529:7		SCC152	chr2	q	242150002	242193529	candidate_region_empty		empty_candidate_region	candidate_region	1	0	0	candidate_region_with_context	242173125	242187408	cn_attention	0.2049	0.3281	mixed_HP	0.0	0.2	0.0	0.0	1.0	1.0	C7			chromosome_arm	93989000	242150001	402	402	8	1	0	43528	2.297371806653189e-05	2.0	43528.0	43528.0	43528.0	False	0.0	0.0	0	0	1	0	0	0	0	0	0	0	0	0	0	0					0	0		0	0	0	0	sample_residual	coords
SCC152:chr3:47192082-47216096:8		SCC152	chr3	p	47192082	47216096	candidate_region_empty		empty_candidate_region	candidate_region	1	0	0	candidate_region_with_context	47202775	47209998	cn_attention	0.204	0.3008	mixed_HP	0.0	0.2	0.0	0.0	1.0	1.0	C8			chromosome_arm	0	90951000	402	402	8	1	0	24015	4.164064126587549e-05	2.0	24015.0	24015.0	24015.0	False	0.0	0.0	0	0	1	0	0	0	0	0	0	0	0	0	2	0					0	2		0	0	0	0	sample_residual	coords
SCC152:chr3:82230375-82350839:9		SCC152	chr3	p	82230375	82350839	candidate_region_empty		empty_candidate_region	candidate_region	1	2	2	candidate_region_with_context	82230615	82350838	sv_attention	0.3	0.998	HP2	-0.3333	0.1111	0.0	8.0	3.0	0.0	C9			chromosome_arm	0	90951000	402	402	8	1	1	120465	8.301166313867098e-06	3.0	120465.0	120465.0	120465.0	False	0.0	0.0	0	0	0	1	0	0	0	0	0	0	0	0	2	0					0	0		0	2	0	0	sample_residual	coords
SCC152:chr3:141240288-142026013:10		SCC152	chr3	q	141240288	142026013	candidate_region_empty		empty_candidate_region	candidate_region	3	3	3	candidate_region_with_context	141869463	142026013	sv_attention	0.454	0.1992	HP2	-0.4922	0.3229	0.0	12.0	2.8222	0.8827	C10			chromosome_arm	90951000	198250001	402	402	8	3	3	785726	3.81812489341068e-06	3.704969671361263	212536.5	268524.0	314588.5	True	1.0	1.0	0	1	0	0	0	0	2	0	0	0	0	0	4	0					0	4		0	0	0	0	sample_residual	coords
SCC152:chr3:154744644-159753451:11	SCC152:chr3:154744644-159753451:11	SCC152	chr3	q	154744644	159753451	candidate_region_label	ecDNA	region	candidate_region	2	4	4	candidate_region_with_context	159732166	159753451	sv_attention	0.6774	0.0042	mixed_HP	0.083	0.3	21.0	9.0	2.0266	7.0	C11	ecDNA	ecDNA	chromosome_arm	90951000	198250001	402	402	8	2	1	5008808	3.9929659911100603e-07	9.026566799925252	1268835.5	2504404.0	3739972.5	False	0.0	0.0	0	0	0	0	0	0	0	0	1	1	0	0	3	0					0	0		1	0	2	1	sample_residual	coords
SCC152:chr3:195744134-198295559:12	SCC152:chr3:195744134-198295559:12	SCC152	chr3	q	195744134	198295559	candidate_region_label	ecDNA	region	candidate_region	2	0	0	candidate_region_with_context	196023196	197737434	cn_attention	0.2017	0.6719	mixed_HP	-0.4545	0.3333	0.0	0.0	3.0	8.0	C12	ecDNA	ecDNA	chromosome_arm	90951000	198250001	402	402	8	2	1	2551426	7.838753700871591e-07	10.839296926503062	660635.5	1275713.0	1890790.5	False	0.0	0.0	0	0	1	0	0	0	0	0	0	1	0	0	1	0					0	0		0	0	1	0	sample_residual	coords
SCC152:chr4:190200002-190214555:13		SCC152	chr4	q	190200002	190214555	candidate_region_empty		empty_candidate_region	candidate_region	1	0	0	candidate_region_with_context	190207733	190212508	cn_attention	0.2049	0.3281	mixed_HP	0.0	0.2	0.0	0.0	1.0	1.0	C13			chromosome_arm	50494000	190200001	402	402	8	1	0	14554	6.87096330905593e-05	2.0	14554.0	14554.0	14554.0	False	0.0	0.0	0	0	1	0	0	0	0	0	0	0	0	0	0	0					0	0		0	0	0	0	sample_residual	coords
SCC152:chr5:29509639-36022279:14		SCC152	chr5	p	29509639	36022279	candidate_region_empty		empty_candidate_region	candidate_region	3	3	3	candidate_region_with_context	31103344	36022279	sv_attention	0.3	0.7553	HP1	0.4947	0.3263	19.0	1.0	1.0245	1.9704	C14			chromosome_arm	0	48464000	402	402	8	2	2	6512641	4.6064261794869394e-07	2.9948956191505105	127999.5	159585.0	3208113.5	False	0.6666666666666666	0.5	0	1	0	1	1	0	0	0	0	0	0	0	4	0					4	0		0	0	0	0	sample_residual	coords
SCC152:chr5:71095378-75128425:15		SCC152	chr5	q	71095378	75128425	candidate_region_empty		empty_candidate_region	candidate_region	1	1	1	candidate_region_with_context	75128424	75128425	sv_attention	0.3	0.0	HP2	-1.0	1.0	0.0	0.0	0.0	1.0	C15			chromosome_arm	48464000	181500001	402	402	8	1	1	4033048	2.4795142532397335e-07	1.0	4033048.0	4033048.0	4033048.0	False	0.0	0.0	0	1	0	0	0	0	0	0	0	0	0	0	2	0					0	0		1	0	1	1	sample_residual	coords
SCC152:chr6:0-2269575:16		SCC152	chr6	p	0	2269575	candidate_region_empty		empty_candidate_region	candidate_region	2	1	1	candidate_region_with_context	2245299	2269575	sv_attention	0.3	0.0107	HP2	-0.3333	0.1111	0.0	11.0	0.0214	0.0	C16			chromosome_arm	0	60589000	402	402	8	2	1	2269576	8.812218669918963e-07	0.0213916608212282	579531.5	1134788.0	1690044.5	False	0.0	0.0	1	0	1	0	0	0	0	0	0	0	0	0	2	0					0	2		0	0	0	0	sample_residual	coords
SCC152:chr6:134367044-134825955:17		SCC152	chr6	q	134367044	134825955	candidate_region_empty		empty_candidate_region	candidate_region	1	1	1	candidate_region_with_context	134825954	134825955	sv_attention	0.3	0.0	HP2	-0.5556	0.4074	0.0	8.0	2.0	1.0	C17			chromosome_arm	60589000	170800001	402	402	8	1	1	458912	2.179067010668712e-06	3.0	458912.0	458912.0	458912.0	False	0.0	0.0	0	0	0	1	0	0	0	0	0	0	0	0	2	0					0	0		0	2	0	0	sample_residual	coords
SCC152:chr6:149770978-149966871:18		SCC152	chr6	q	149770978	149966871	candidate_region_empty		empty_candidate_region	candidate_region	1	0	0	candidate_region_with_context	149858211	149917897	cn_attention	0.2041	0.3047	mixed_HP	0.0	0.2	0.0	0.0	1.0	1.0	C18			chromosome_arm	60589000	170800001	402	402	8	1	1	195894	5.104801576362727e-06	2.0	195894.0	195894.0	195894.0	False	0.0	0.0	0	0	1	0	0	0	0	0	0	0	0	0	2	0					0	2		0	0	0	0	sample_residual	coords
SCC152:chr6:170800002-170805979:19		SCC152	chr6	q	170800002	170805979	candidate_region_empty		empty_candidate_region	candidate_region	1	0	0	candidate_region_with_context	170803177	170805138	cn_attention	0.2049	0.3281	mixed_HP	0.0	0.2	0.0	0.0	1.0	1.0	C19			chromosome_arm	60589000	170800001	402	402	8	1	0	5978	0.0001672800267648	2.0	5978.0	5978.0	5978.0	False	0.0	0.0	0	0	1	0	0	0	0	0	0	0	0	0	0	0					0	0		0	0	0	0	sample_residual	coords
SCC152:chr7:159300002-159345973:20		SCC152	chr7	q	159300002	159345973	candidate_region_empty		empty_candidate_region	candidate_region	1	0	0	candidate_region_with_context	159324424	159339508	cn_attention	0.2049	0.3281	mixed_HP	0.0	0.2	0.0	0.0	1.0	1.0	C20			chromosome_arm	59904000	159300001	402	402	8	1	0	45972	2.175237100843992e-05	2.0	45972.0	45972.0	45972.0	False	0.0	0.0	0	0	1	0	0	0	0	0	0	0	0	0	0	0					0	0		0	0	0	0	sample_residual	coords
SCC152:chr8:145100002-145138636:21		SCC152	chr8	q	145100002	145138636	candidate_region_empty		empty_candidate_region	candidate_region	1	0	0	candidate_region_with_context	145120526	145133203	cn_attention	0.2049	0.3281	mixed_HP	0.0	0.2	0.0	0.0	1.0	1.0	C21			chromosome_arm	45644000	145100001	402	402	8	1	0	38635	2.588326646822829e-05	2.0	38635.0	38635.0	38635.0	False	0.0	0.0	0	0	1	0	0	0	0	0	0	0	0	0	0	0					0	0		0	0	0	0	sample_residual	coords
SCC152:chr9:97818032-97942607:22		SCC152	chr9	q	97818032	97942607	candidate_region_empty		empty_candidate_region	candidate_region	1	6	6	candidate_region_with_context	97856422	97942607	sv_attention	0.5409	0.6918	mixed_HP	0.0	0.2	0.0	0.0	0.0	0.0	C22			chromosome_arm	49224000	138350001	402	402	8	1	1	124576	8.027228358592345e-06	0.0	124576.0	124576.0	124576.0	False	0.0	0.0	1	0	0	0	0	0	0	0	0	0	0	0	3	0					0	1		1	0	1	1	sample_residual	coords
SCC152:chr9:108230866-108585071:23		SCC152	chr9	q	108230866	108585071	candidate_region_empty		empty_candidate_region	candidate_region	1	0	0	candidate_region_with_context	108388597	108506205	cn_attention	0.2024	0.332	HP2	-0.3333	0.1111	0.0	0.0	2.0	4.0	C23			chromosome_arm	49224000	138350001	402	402	8	1	1	354206	2.823215868731755e-06	6.0	354206.0	354206.0	354206.0	False	0.0	0.0	0	0	0	0	0	0	1	0	0	0	0	0	2	0					0	2		0	0	0	0	sample_residual	coords
SCC152:chr10:61194154-61266447:24		SCC152	chr10	q	61194154	61266447	candidate_region_empty		empty_candidate_region	candidate_region	1	0	0	candidate_region_with_context	61226346	61248373	cn_attention	0.2034	0.3047	HP2	-0.3333	0.1111	0.0	0.0	1.0	2.0	C24			chromosome_arm	40246000	133750001	402	402	8	1	0	72294	1.3832406562093672e-05	3.0	72294.0	72294.0	72294.0	False	0.0	0.0	0	0	0	1	0	0	0	0	0	0	0	0	2	0					0	2		0	0	0	0	sample_residual	coords
SCC152:chr10:133750002-133797422:25		SCC152	chr10	q	133750002	133797422	candidate_region_empty		empty_candidate_region	candidate_region	1	0	0	candidate_region_with_context	133775193	133790753	cn_attention	0.2049	0.3281	mixed_HP	0.0	0.2	0.0	0.0	1.0	1.0	C25			chromosome_arm	40246000	133750001	402	402	8	1	0	47421	2.108770375993758e-05	2.0	47421.0	47421.0	47421.0	False	0.0	0.0	0	0	1	0	0	0	0	0	0	0	0	0	0	0					0	0		0	0	0	0	sample_residual	coords
SCC152:chr11:9401665-10929493:26		SCC152	chr11	p	9401665	10929493	candidate_region_empty		empty_candidate_region	candidate_region	2	3	3	candidate_region_with_context	9486371	10929493	sv_attention	0.435	0.9446	mixed_HP	0.1211	0.3	8.0	15.0	3.8891	0.0554	C26			chromosome_arm	0	53714000	402	402	8	2	1	1527829	1.309047020314446e-06	3.9445566225016018	424311.25	763914.5	1103517.75	False	0.0	0.0	0	0	0	1	1	0	0	0	0	0	0	0	4	0					0	0		0	4	0	0	sample_residual	coords
SCC152:chr11:135076383-135086622:27		SCC152	chr11	q	135076383	135086622	candidate_region_empty		empty_candidate_region	candidate_region	1	0	0	candidate_region_with_context	135081822	135085182	cn_attention	0.2049	0.3282	mixed_HP	0.0	0.2	0.0	0.0	1.0	1.0	C27			chromosome_arm	53714000	135076382	402	402	8	1	0	10240	9.765625e-05	2.0	10240.0	10240.0	10240.0	False	0.0	0.0	0	0	1	0	0	0	0	0	0	0	0	0	1	0					0	0		1	0	0	1	sample_residual	coords
SCC152:chr12:57671836-58010199:28		SCC152	chr12	q	57671836	58010199	candidate_region_empty		empty_candidate_region	candidate_region	1	0	0	candidate_region_with_context	57822513	57924286	cn_attention	0.2041	0.3008	mixed_HP	0.0	0.2	0.0	0.0	1.0	1.0	C28			chromosome_arm	35807000	133250001	402	402	8	1	1	338364	2.9553971462685155e-06	2.0	338364.0	338364.0	338364.0	False	0.0	0.0	0	0	1	0	0	0	0	0	0	0	0	0	2	0					0	2		0	0	0	0	sample_residual	coords
SCC152:chr12:133250002-133275309:29		SCC152	chr12	q	133250002	133275309	candidate_region_empty		empty_candidate_region	candidate_region	1	0	0	candidate_region_with_context	133263446	133271750	cn_attention	0.2049	0.3281	mixed_HP	0.0	0.2	0.0	0.0	1.0	1.0	C29			chromosome_arm	35807000	133250001	402	402	8	1	0	25308	3.951319740793425e-05	2.0	25308.0	25308.0	25308.0	False	0.0	0.0	0	0	1	0	0	0	0	0	0	0	0	0	0	0					0	0		0	0	0	0	sample_residual	coords
SCC152:chr13:72909271-73218361:30		SCC152	chr13	q	72909271	73218361	candidate_region_empty		empty_candidate_region	candidate_region	1	0	0	candidate_region_with_context	73045705	73149540	cn_attention	0.2019	0.3359	HP1	1.0	1.0	0.0	0.0	3.0	0.0	C30			chromosome_arm	17900000	114350001	402	402	8	1	1	309091	3.235293166090245e-06	3.0	309091.0	309091.0	309091.0	False	0.0	0.0	0	0	0	1	0	0	0	0	0	0	0	0	2	0					0	2		0	0	0	0	sample_residual	coords
SCC152:chr13:114350002-114364328:31		SCC152	chr13	q	114350002	114364328	candidate_region_empty		empty_candidate_region	candidate_region	1	0	0	candidate_region_with_context	114357612	114362313	cn_attention	0.2049	0.3281	mixed_HP	0.0	0.2	0.0	0.0	1.0	1.0	C31			chromosome_arm	17900000	114350001	402	402	8	1	0	14327	6.979828296223913e-05	2.0	14327.0	14327.0	14327.0	False	0.0	0.0	0	0	1	0	0	0	0	0	0	0	0	0	0	0					0	0		0	0	0	0	sample_residual	coords
SCC152:chr14:91404278-91666087:32		SCC152	chr14	q	91404278	91666087	candidate_region_empty		empty_candidate_region	candidate_region	2	2	2	candidate_region_with_context	91666086	91666087	sv_attention	0.6025	0.0	HP1	0.2778	0.037	5.0	1.0	0.8308	2.4925	C32			chromosome_arm	17600000	107000001	402	402	8	2	1	261810	7.639127611626752e-06	3.323356632672549	87596.5	130905.0	174213.5	False	0.0	0.0	1	0	0	0	1	0	0	0	0	0	0	0	3	0					0	0		3	0	0	3	sample_residual	coords
SCC152:chr14:106075079-107043718:33		SCC152	chr14	q	106075079	107043718	candidate_region_empty		empty_candidate_region	candidate_region	2	1	1	candidate_region_with_context	106758468	107043718	sv_attention	0.3	0.2945	mixed_HP	0.0	0.2	0.0	0.0	0.0	0.0	C33			chromosome_arm	17600000	107000001	402	402	8	2	1	968640	2.064750578130162e-06	0.0902647010241162	264018.5	484320.0	704621.5	False	0.0	0.0	1	0	1	0	0	0	0	0	0	0	0	0	1	0					1	0		0	0	0	0	sample_residual	coords
SCC152:chr15:41456961-56139903:34		SCC152	chr15	q	41456961	56139903	candidate_region_empty		empty_candidate_region	candidate_region	6	6	6	candidate_region_with_context	41721357	56139902	sv_attention	0.5751	0.982	HP1	0.7909	0.7213	23.0	4.0	1.0885	0.0191	C34			chromosome_arm	19050000	101950001	402	402	8	4	4	14682943	4.0863742370994697e-07	1.1076428615162506	87673.25	254557.0	3822489.0	True	0.8333333333333334	0.8	0	2	0	3	0	1	0	0	0	0	0	0	7	0					4	3		0	0	0	0	sample_residual	coords
SCC152:chr15:74834670-74955943:35		SCC152	chr15	q	74834670	74955943	candidate_region_empty		empty_candidate_region	candidate_region	2	4	4	candidate_region_with_context	74857297	74879926	sv_attention	0.3578	0.1866	HP1	0.9167	0.8889	15.0	1.0	2.1866	0.0	C35			chromosome_arm	19050000	101950001	402	402	8	2	0	121274	1.649158104787506e-05	2.1865939937661825	41633.0	60637.0	79641.0	False	0.0	0.0	0	0	1	1	0	0	0	0	0	0	0	0	3	0					0	0		0	3	0	0	sample_residual	coords
SCC152:chr15:101950002-101991189:36		SCC152	chr15	q	101950002	101991189	candidate_region_empty		empty_candidate_region	candidate_region	1	0	0	candidate_region_with_context	101971882	101985397	cn_attention	0.2049	0.3281	mixed_HP	0.0	0.2	0.0	0.0	1.0	1.0	C36			chromosome_arm	19050000	101950001	402	402	8	1	0	41188	2.4278916189181315e-05	2.0	41188.0	41188.0	41188.0	False	0.0	0.0	0	0	1	0	0	0	0	0	0	0	0	0	0	0					0	0		0	0	0	0	sample_residual	coords
SCC152:chr16:90300002-90338345:37		SCC152	chr16	q	90300002	90338345	candidate_region_empty		empty_candidate_region	candidate_region	1	0	0	candidate_region_with_context	90320371	90332953	cn_attention	0.2049	0.3281	mixed_HP	0.0	0.2	0.0	0.0	1.0	1.0	C37			chromosome_arm	36800000	90300001	402	402	8	1	0	38344	2.6079699561861048e-05	2.0	38344.0	38344.0	38344.0	False	0.0	0.0	0	0	1	0	0	0	0	0	0	0	0	0	0	0					0	0		0	0	0	0	sample_residual	coords
SCC152:chr17:21795851-21999999:38		SCC152	chr17	p	21795851	21999999	candidate_region_empty		empty_candidate_region	candidate_region	1	0	0	candidate_region_with_context	21883570	21952949	cn_attention	0.2024	0.3398	HP1	1.0	1.0	0.0	0.0	2.0	0.0	C38			chromosome_arm	0	25150000	402	402	8	1	1	204149	4.898383043757256e-06	2.0	204150.0	204150.0	204150.0	False	0.0	0.0	0	0	1	0	0	0	0	0	0	0	0	0	1	0					0	0		1	0	0	1	sample_residual	coords
SCC152:chr17:48539679-48625674:39		SCC152	chr17	q	48539679	48625674	candidate_region_empty		empty_candidate_region	candidate_region	1	0	0	candidate_region_with_context	48578981	48604847	cn_attention	0.2035	0.3008	HP2	-0.3333	0.1111	0.0	0.0	1.0	2.0	C39			chromosome_arm	25150000	83250001	402	402	8	1	0	85996	1.1628447834783012e-05	3.0	85996.0	85996.0	85996.0	False	0.0	0.0	0	0	0	1	0	0	0	0	0	0	0	0	2	0					0	2		0	0	0	0	sample_residual	coords
SCC152:chr17:83250002-83257441:40		SCC152	chr17	q	83250002	83257441	candidate_region_empty		empty_candidate_region	candidate_region	1	0	0	candidate_region_with_context	83253953	83256394	cn_attention	0.2049	0.3281	mixed_HP	0.0	0.2	0.0	0.0	1.0	1.0	C40			chromosome_arm	25150000	83250001	402	402	8	1	0	7440	0.0001344086021505	2.0	7440.0	7440.0	7440.0	False	0.0	0.0	0	0	1	0	0	0	0	0	0	0	0	0	0	0					0	0		0	0	0	0	sample_residual	coords
SCC152:chr18:80350002-80373285:41		SCC152	chr18	q	80350002	80373285	candidate_region_empty		empty_candidate_region	candidate_region	1	0	0	candidate_region_with_context	80362371	80370010	cn_attention	0.2049	0.3281	mixed_HP	0.0	0.2	0.0	0.0	1.0	1.0	C41			chromosome_arm	18540000	80350001	402	402	8	1	0	23284	4.294794708812919e-05	2.0	23284.0	23284.0	23284.0	False	0.0	0.0	0	0	1	0	0	0	0	0	0	0	0	0	0	0					0	0		0	0	0	0	sample_residual	coords
SCC152:chr19:17304846-17356981:42		SCC152	chr19	p	17304846	17356981	candidate_region_empty		empty_candidate_region	candidate_region	1	2	2	candidate_region_with_context	17356980	17356981	sv_attention	0.3	0.0	HP1	0.3333	0.1111	18.0	0.0	0.0	4.0	C42			chromosome_arm	0	26260000	402	402	8	1	0	52136	1.918060457265613e-05	4.0	52136.0	52136.0	52136.0	False	0.0	0.0	0	0	0	0	1	0	0	0	0	0	0	0	2	0					0	1		0	1	0	0	sample_residual	coords
SCC152:chr19:32832827-33458207:43		SCC152	chr19	q	32832827	33458207	candidate_region_empty		empty_candidate_region	candidate_region	1	1	1	candidate_region_with_context	33458206	33458207	sv_attention	0.3	0.0	HP1	0.3333	0.1111	2.0	0.0	0.0	3.0	C42			chromosome_arm	26260000	58600001	402	402	8	1	1	625381	1.599025234217221e-06	3.0	625381.0	625381.0	625381.0	False	0.0	0.0	0	0	0	1	0	0	0	0	0	0	0	0	2	0					0	0		1	1	0	1	sample_residual	coords
SCC152:chr19:58600002-58617616:44		SCC152	chr19	q	58600002	58617616	candidate_region_empty		empty_candidate_region	candidate_region	1	0	0	candidate_region_with_context	58609359	58615139	cn_attention	0.2049	0.3281	mixed_HP	0.0	0.2	0.0	0.0	1.0	1.0	C43			chromosome_arm	26260000	58600001	402	402	8	1	0	17615	5.676979846721544e-05	2.0	17615.0	17615.0	17615.0	False	0.0	0.0	0	0	1	0	0	0	0	0	0	0	0	0	0	0					0	0		0	0	0	0	sample_residual	coords
SCC152:chr20:0-1586858:45		SCC152	chr20	p	0	1586858	candidate_region_empty		empty_candidate_region	candidate_region	1	3	3	candidate_region_with_context	1302443	1586858	sv_attention	0.7662	0.1792	HP1	0.4641	0.2854	13.0	4.0	2.0	1.0	C44			chromosome_arm	0	28120000	402	402	8	1	1	1586859	6.301757118937473e-07	3.0	1586859.0	1586859.0	1586859.0	False	0.0	0.0	0	0	0	1	0	0	0	0	0	0	0	0	1	0					0	1		0	0	0	0	sample_residual	coords
SCC152:chr20:14913191-14960863:46		SCC152	chr20	p	14913191	14960863	candidate_region_empty		empty_candidate_region	candidate_region	1	0	0	candidate_region_with_context	14933116	14949876	cn_attention	0.2024	0.3516	HP1	1.0	1.0	0.0	0.0	1.0	0.0	C45			chromosome_arm	0	28120000	402	402	8	1	0	47673	2.0976233926960756e-05	1.0	47673.0	47673.0	47673.0	False	0.0	0.0	0	1	0	0	0	0	0	0	0	0	0	0	2	0					2	0		0	0	0	0	sample_residual	coords
SCC152:chr20:37042729-37511969:47		SCC152	chr20	q	37042729	37511969	candidate_region_empty		empty_candidate_region	candidate_region	1	0	0	candidate_region_with_context	37264518	37473476	cn_attention	0.2019	0.4453	HP1	1.0	1.0	0.0	0.0	4.0	0.0	C46			chromosome_arm	28120000	64400001	402	402	8	1	1	469241	2.131101075992933e-06	4.0	469241.0	469241.0	469241.0	False	0.0	0.0	0	0	0	0	1	0	0	0	0	0	0	0	2	0					0	2		0	0	0	0	sample_residual	coords
SCC152:chr20:50003414-50162175:48		SCC152	chr20	q	50003414	50162175	candidate_region_empty		empty_candidate_region	candidate_region	1	1	1	candidate_region_with_context	50162174	50162175	sv_attention	0.3	0.0	HP2	-0.6667	0.5556	0.0	4.0	2.0	2.0	C47			chromosome_arm	28120000	64400001	402	402	8	1	1	158762	6.298736473463424e-06	4.0	158762.0	158762.0	158762.0	False	0.0	0.0	0	0	0	0	1	0	0	0	0	0	0	0	1	0					1	0		0	0	0	0	sample_residual	coords
SCC152:chr21:34724450-34811197:49		SCC152	chr21	q	34724450	34811197	candidate_region_empty		empty_candidate_region	candidate_region	1	3	3	candidate_region_with_context	34724637	34811197	sv_attention	0.4364	0.9978	HP2	-0.3333	0.1111	4.0	12.0	0.0	0.0	C48			chromosome_arm	12910000	46700001	402	402	8	1	0	86748	1.1527643288606076e-05	0.0	86748.0	86748.0	86748.0	False	0.0	0.0	1	0	0	0	0	0	0	0	0	0	0	0	2	0					0	0		0	2	0	0	sample_residual	coords
SCC152:chr21:46700002-46709983:50		SCC152	chr21	q	46700002	46709983	candidate_region_empty		empty_candidate_region	candidate_region	1	0	0	candidate_region_with_context	46705304	46708579	cn_attention	0.2049	0.3281	mixed_HP	0.0	0.2	0.0	0.0	1.0	1.0	C49			chromosome_arm	12910000	46700001	402	402	8	1	0	9982	0.0001001803245842	2.0	9982.0	9982.0	9982.0	False	0.0	0.0	0	0	1	0	0	0	0	0	0	0	0	0	0	0					0	0		0	0	0	0	sample_residual	coords
SCC152:chr22:50800002-50818468:51		SCC152	chr22	q	50800002	50818468	candidate_region_empty		empty_candidate_region	candidate_region	1	0	0	candidate_region_with_context	50809812	50815871	cn_attention	0.2049	0.3281	mixed_HP	0.0	0.2	0.0	0.0	1.0	1.0	C50			chromosome_arm	15050000	50800001	402	402	8	1	0	18467	5.415064710023285e-05	2.0	18467.0	18467.0	18467.0	False	0.0	0.0	0	0	1	0	0	0	0	0	0	0	0	0	0	0					0	0		0	0	0	0	sample_residual	coords
SCC152:chrX:49227472-49273295:52		SCC152	chrX	p	49227472	49273295	candidate_region_empty		empty_candidate_region	candidate_region	1	0	0	candidate_region_with_context	49247519	49263450	cn_attention	0.2024	0.3477	HP1	1.0	1.0	0.0	0.0	1.0	0.0	C51			chromosome_arm	0	61090000	402	402	8	1	0	45824	2.1822625698324023e-05	1.0	45824.0	45824.0	45824.0	False	0.0	0.0	0	1	0	0	0	0	0	0	0	0	0	0	2	0					0	2		0	0	0	0	sample_residual	coords
SCC152:chrX:156000002-156040895:53		SCC152	chrX	q	156000002	156040895	candidate_region_empty		empty_candidate_region	candidate_region	1	0	0	candidate_region_with_context	156021726	156035144	cn_attention	0.2049	0.3281	mixed_HP	0.0	0.2	0.0	0.0	1.0	1.0	C52			chromosome_arm	61090000	156000001	402	402	8	1	0	40894	2.445346505599844e-05	2.0	40894.0	40894.0	40894.0	False	0.0	0.0	0	0	1	0	0	0	0	0	0	0	0	0	0	0					0	0		0	0	0	0	sample_residual	coords
SIHA:chr8:122372903-132352646:1	SIHA:chr8:122372903-132352646:1	SIHA	chr8	q	122372903	132352646	candidate_region_label	Seismic_Amplification	region	candidate_region	8	8	8	candidate_region_with_context	130904491	132352646	sv_attention	0.9417	0.1451	mixed_HP	0.1921	0.2727	118.0	73.0	3.4802	2.818	C1	Seismic_Amplification	Seismic_Amplification:canonical	chromosome_arm	45644000	145100001	402	402	8	8	7	9979744	8.016237691067026e-07	6.298188310241224	493611.5	811912.5	1591591.25	False	0.625	0.2857142857142857	0	0	1	0	0	0	3	2	2	0	0	0	9	0					3	2	0.0	0	2	2	0	sample_residual	coords
SIHA:chr12:13391580-17305507:2	SIHA:chr12:13391580-17305507:2	SIHA	chr12	p	13391580	17305507	candidate_region_label	BFB	region	candidate_region	2	2	2	candidate_region_with_context	13397633	13403688	sv_attention	0.6214	0.0015	mixed_HP	-0.0796	0.4565	9.0	14.0	3.0	2.0172	C2	BFB	BFB:noncanonicalB	chromosome_arm	0	35807000	402	402	8	2	1	3913928	5.109956033938284e-07	5.017234859711267	1012210.0	1956964.0	2901718.0	False	0.0	0.0	0	0	0	0	0	1	1	0	0	0	0	0	3	0	1.0	1.0			2	0	1.0	0	0	0	0	sample_residual	coords
SIHA:chr14:99617761-107043718:3	SIHA:chr14:99617761-107043718:3	SIHA	chr14	q	99617761	107043718	candidate_region_label	chromothripsis	region	candidate_region	8	8	8	candidate_region_with_context	102403176	106195448	sv_attention	0.7129	0.5107	HP1	0.7284	0.6379	43.0	11.0	4.0544	0.0	C3	chromothripsis	chromothripsis:noncanonicalB	chromosome_arm	17600000	107000001	402	402	8	8	6	7425958	1.0773020800817888e-06	4.04228087473697	101001.25	304718.5	1282449.0	True	0.875	0.8571428571428571	0	0	1	0	4	3	0	0	0	0	0	0	8	0					0	3	0.0	3	2	0	3	sample_residual	coords
SIHA:chr15:56942785-59003347:4	SIHA:chr15:56942785-59003347:4	SIHA	chr15	q	56942785	59003347	candidate_region_label	chromothripsis	region	candidate_region	4	9	9	candidate_region_with_context	58384132	58387989	sv_attention	0.6744	0.0019	HP2	-0.6071	0.4761	0.0	66.0	3.0492	2.1245	C4	chromothripsis	chromothripsis:noncanonicalB	chromosome_arm	19050000	101950001	402	402	8	4	4	2060563	1.9412170363148325e-06	5.173656908330393	109770.75	178915.5	584285.5	True	1.0	1.0	0	0	0	0	0	2	2	0	0	0	0	0	4	0					0	4	0.0	0	0	0	0	sample_residual	coords
SIHA:chr16:0-12624669:5	SIHA:chr16:0-12624669:5	SIHA	chr16	p	0	12624669	candidate_region_label	Seismic_Amplification;BFB	region	candidate_region	12	15	15	candidate_region_with_context	1749172	11714216	sv_attention	0.9987	0.7893	HP1	0.4548	0.2731	107.0	34.0	3.2458	1.6385	C5	Seismic_Amplification;BFB	Seismic_Amplification:noncanonical;BFB:noncanonicalB	chromosome_arm	0	36800000	402	402	8	12	10	12624670	9.505198947774476e-07	4.884307867057119	183821.0	755765.0	1730987.25	False	0.5833333333333334	0.1818181818181818	0	0	0	2	4	3	2	1	0	0	0	0	12	0					2	5	0.0	0	5	0	0	sample_residual	coords
SIHA:chr16:46000001-83660982:6	SIHA:chr16:46000001-83660982:6	SIHA	chr16	q	46000001	83660982	candidate_region_label	Seismic_Amplification;BFB	region	candidate_region	60	113	113	candidate_region_with_context	49737013	83660982	sv_attention	1.0	0.9008	HP1	0.7163	0.6218	956.0	76.0	4.431	1.7079	C5	Seismic_Amplification;BFB	Seismic_Amplification:noncanonical;BFB:noncanonicalB	chromosome_arm	36800000	90300001	402	402	8	60	46	37660982	1.5931607943733384e-06	6.1388755874714045	115596.75	324709.0	671449.75	False	0.4166666666666667	0.135593220338983	2	0	0	4	6	8	11	14	15	0	0	0	61	0	3.0	3.0			25	7	1.0	3	20	5	3	sample_residual	coords
SIHA:chr17:41643122-51230020:7		SIHA	chr17	q	41643122	51230020	candidate_region_empty		empty_candidate_region	candidate_region	5	8	8	candidate_region_with_context	41722812	51230020	sv_attention	0.9052	0.9917	HP1	0.981	0.9746	69.0	1.0	3.5761	0.0	C6			chromosome_arm	25150000	83250001	402	402	8	5	4	9586899	5.21545079383855e-07	3.5760994248505176	163819.0	1188909.0	3202621.0	False	0.8	0.5	0	0	0	2	2	0	1	0	0	0	0	0	4	0					0	4	0.0	0	0	0	0	sample_residual	coords
SIHA:chr22:38424856-41465811:8		SIHA	chr22	q	38424856	41465811	candidate_region_empty		empty_candidate_region	candidate_region	4	13	13	candidate_region_with_context	38427501	41150982	sv_attention	0.9966	0.8956	HP1	1.0	1.0	110.0	0.0	4.3492	0.0	C7			chromosome_arm	15050000	50800001	402	402	8	4	4	3040956	1.3153758226031551e-06	4.349218140611045	261352.5	430055.5	928942.0	False	0.75	0.3333333333333333	0	0	0	0	1	2	1	0	0	0	0	0	4	0					0	1	0.0	0	1	2	0	sample_residual	coords
HT3:chr2:192896152-201173028:1	HT3:chr2:192896152-201173028:1	HT3	chr2	q	192896152	201173028	candidate_region_label	BFB	region	candidate_region	5	11	11	candidate_region_with_context	194217448	201173028	sv_attention	0.9889	0.8404	HP1	0.3903	0.1871	164.0	41.0	1.9521	2.0692	C1	BFB	BFB:noncanonicalB	chromosome_arm	93989000	242150001	402	402	8	5	4	8276877	6.040925822626094e-07	4.021208724015109	418099.0	1321298.0	1629561.0	False	0.6	0.25	0	1	0	0	1	1	2	0	0	0	0	0	6	0	3.0	3.0			1	0	1.0	0	4	0	0	sample_residual	coords
HT3:chr4:147311642-163986655:2	HT3:chr4:147311642-163986655:2	HT3	chr4	q	147311642	163986655	candidate_region_label	chromothripsis	region	candidate_region	21	49	49	candidate_region_with_context	147374470	163986655	sv_attention	1.0	0.9962	mixed_HP	0.2454	0.3	181.0	100.0	1.7647	1.2785	C2	chromothripsis	chromothripsis:noncanonical	chromosome_arm	50494000	190200001	402	402	8	21	17	16675014	1.259369257501073e-06	3.043193966733701	162938.0	298895.0	1079934.0	True	0.7619047619047619	0.6	0	2	8	3	8	0	0	0	0	0	0	0	23	0					5	9	0.0	0	9	0	0	sample_residual	coords
HT3:chr4:179056217-190214555:3	HT3:chr4:179056217-190214555:3	HT3	chr4	q	179056217	190214555	candidate_region_label	BFB	region	candidate_region	8	7	7	candidate_region_with_context	181975254	190214555	sv_attention	0.9179	0.7384	mixed_HP	0.3505	0.3	72.0	34.0	1.6545	0.8251	C3	BFB	BFB:noncanonicalB	chromosome_arm	50494000	190200001	402	402	8	8	7	11158339	7.169525858642581e-07	2.4789582033670063	480486.75	938966.5	1863332.75	False	0.625	0.2857142857142857	1	1	1	4	0	0	1	0	0	0	0	0	7	0	6.0	6.0			0	2	1.0	1	2	1	1	sample_residual	coords
HT3:chr9:0-9058989:4		HT3	chr9	p	0	9058989	candidate_region_empty		empty_candidate_region	candidate_region	5	12	12	candidate_region_with_context	5685338	9058989	sv_attention	0.9657	0.3724	HP2	-0.3333	0.1111	0.0	152.0	5.7403	0.0	C4			chromosome_arm	0	49224000	402	402	8	5	5	9058990	5.519379091929674e-07	5.740326570622111	537797.0	1047432.0	2962296.0	False	0.6	0.5	0	0	0	0	2	0	0	1	2	0	0	0	5	0					0	2	0.0	0	3	0	0	sample_residual	coords
HT3:chr16:0-2274184:5	HT3:chr16:0-2274184:5	HT3	chr16	p	0	2274184	candidate_region_label	BFB	region	candidate_region	2	3	3	candidate_region_with_context	2240543	2274184	sv_attention	0.4198	0.0148	mixed_HP	0.4667	0.5	3.0	2.0	2.9852	0.0	C5	BFB	BFB:noncanonicalB	chromosome_arm	0	36800000	402	402	8	2	1	2274185	8.794359297946298e-07	2.9852078876608545	585366.25	1137092.5	1688818.75	False	0.0	0.0	0	0	1	1	0	0	0	0	0	0	0	0	2	0	1.0	2.0			0	0	2.0	0	0	0	0	sample_residual	coords
HT3:chr17:36065957-43130302:6	HT3:chr17:36065957-43130302:6	HT3	chr17	q	36065957	43130302	candidate_region_label	chromothripsis	region	candidate_region	9	11	11	candidate_region_with_context	37126455	43130301	sv_attention	0.8669	0.8499	mixed_HP	-0.011	0.3557	36.0	61.0	2.8645	1.0	C6	chromothripsis	chromothripsis:canonical	chromosome_arm	25150000	83250001	402	402	8	9	8	7064346	1.2740032835311294e-06	3.8644794578295	194692.0	322900.0	555756.0	True	0.7777777777777778	0.625	0	0	0	3	4	1	1	0	0	0	0	0	10	0					2	3	0.0	0	4	1	0	sample_residual	coords
HT3:chr17:68545640-70759442:7	HT3:chr17:68545640-70759442:7	HT3	chr17	q	68545640	70759442	candidate_region_label	Seismic_Amplification;BFB	region	candidate_region	4	7	7	candidate_region_with_context	69872471	70759442	sv_attention	0.9182	0.4007	HP2	-0.3438	0.1251	0.0	58.0	7.6744	0.1227	C7	Seismic_Amplification;BFB	Seismic_Amplification:canonical;BFB:noncanonicalB	chromosome_arm	25150000	83250001	402	402	8	4	4	2213803	1.8068455052233645e-06	7.797054209430559	141130.25	380961.0	793281.5	False	0.5	0.3333333333333333	0	0	0	1	0	1	0	0	2	0	0	0	5	0	2.0	5.0			0	0	2.0	0	3	0	0	sample_residual	coords
SW756:chr2:46517143-51066702:1		SW756	chr2	p	46517143	51066702	candidate_region_empty		empty_candidate_region	candidate_region	4	4	4	candidate_region_with_context	50560317	51066702	sv_attention	0.3	0.1113	HP1	0.7717	0.6956	82.0	0.0	2.0789	1.083	C1			chromosome_arm	0	93989000	402	402	8	4	4	4549560	8.79205901230009e-07	3.161850596541204	177464.75	270514.5	1230439.75	False	0.5	0.3333333333333333	0	0	1	1	1	1	0	0	0	0	0	0	5	0					0	2	0.0	0	3	0	0	sample_residual	coords
SW756:chr7:69863045-74914782:2	SW756:chr7:69863045-74914782:2	SW756	chr7	q	69863045	74914782	candidate_region_label	chromothripsis	region	candidate_region	4	5	5	candidate_region_with_context	70069486	74914782	sv_attention	0.8466	0.9591	HP2	-0.3767	0.1689	4.0	29.0	2.2526	1.0	C2	chromothripsis	chromothripsis:noncanonicalB	chromosome_arm	59904000	159300001	402	402	8	4	4	5051738	7.918067009809297e-07	3.252616426267554	189970.0	638076.0	1711040.5	True	1.0	1.0	0	0	0	2	2	0	0	0	0	0	0	0	5	0					4	0	0.0	1	0	0	1	sample_residual	coords
SW756:chr11:55000001-62681904:3	SW756:chr11:55000001-62681904:3	SW756	chr11	q	55000001	62681904	candidate_region_label	chromothripsis	region	candidate_region	4	3	3	candidate_region_with_context	56375614	62681904	sv_attention	0.4117	0.8209	HP2	-0.3333	0.1111	0.0	30.0	3.2073	0.0	C3	chromothripsis	chromothripsis:noncanonicalB	chromosome_arm	53714000	135076382	402	402	8	4	4	7681904	5.207042420733194e-07	3.2073042047908955	963765.75	1294172.0	2250882.25	True	1.0	1.0	0	0	0	2	2	0	0	0	0	0	0	0	4	0					0	3	0.0	1	0	0	1	sample_residual	coords
SW756:chr12:110841681-121836136:4	SW756:chr12:110841681-121836136:4	SW756	chr12	q	110841681	121836136	candidate_region_label	chromothripsis	region	candidate_region	11	18	18	candidate_region_with_context	110858650	121836136	sv_attention	0.9177	0.9985	mixed_HP	0.0648	0.7807	31.0	26.0	1.4304	1.3771	C4	chromothripsis	chromothripsis:noncanonical	chromosome_arm	35807000	133265307	402	402	8	11	8	10994456	1.0005042541440883e-06	2.8074811523189505	98615.5	299550.0	1468737.0	True	0.8181818181818182	0.6	0	0	5	4	2	0	0	0	0	0	0	0	12	0					4	2	0.0	0	6	0	0	sample_residual	coords
SW756:chr13:63017873-70247578:5	SW756:chr13:63017873-70247578:5	SW756	chr13	q	63017873	70247578	candidate_region_label	chromothripsis	region	candidate_region	8	7	7	candidate_region_with_context	66384650	70247578	sv_attention	0.98	0.5343	mixed_HP	-0.3157	0.2026	15.0	44.0	2.8026	2.6079	C5	chromothripsis	chromothripsis:noncanonical	chromosome_arm	17900000	114350001	402	402	8	8	6	7229706	1.1065456880265948e-06	5.410554454081535	263901.75	501347.5	1137148.25	False	0.5	0.1428571428571428	0	0	0	2	2	2	2	0	0	0	0	0	9	0					4	2	0.0	0	3	0	0	sample_residual	coords
SW756:chr13:81829801-88210313:6	SW756:chr13:81829801-88210313:6	SW756	chr13	q	81829801	88210313	candidate_region_label	chromothripsis	region	candidate_region	4	7	7	candidate_region_with_context	85759860	87946239	sv_attention	0.918	0.3427	HP1	0.3068	0.0758	53.0	20.0	2.041	1.9751	C6	chromothripsis	chromothripsis:canonical	chromosome_arm	17900000	114350001	402	402	8	4	4	6380513	6.269088394616545e-07	4.016119393534658	860496.75	1225226.0	1959857.5	True	0.75	0.6666666666666666	0	0	0	2	1	1	0	0	0	0	0	0	5	0					2	1	0.0	0	2	0	0	sample_residual	coords
SW756:chr14:66576116-69905275:7		SW756	chr14	q	66576116	69905275	candidate_region_empty		empty_candidate_region	candidate_region	4	3	3	candidate_region_with_context	69758138	69905275	sv_attention	0.6446	0.0442	HP1	0.6667	0.5556	3.0	1.0	2.6779	0.0	C7			chromosome_arm	17600000	107000001	402	402	8	4	4	3329160	1.2015042833627705e-06	2.677863785459395	185103.25	807548.5	1454735.25	False	0.75	0.3333333333333333	0	0	1	1	2	0	0	0	0	0	0	0	5	0					1	4	0.0	0	0	0	0	sample_residual	coords
SW756:chr15:40377914-46639828:8		SW756	chr15	q	40377914	46639828	candidate_region_empty		empty_candidate_region	candidate_region	8	14	14	candidate_region_with_context	42827438	44060125	sv_attention	0.9975	0.1969	HP1	0.4155	0.2207	38.0	10.0	1.2714	1.0831	C8			chromosome_arm	19050000	101950001	402	402	8	8	6	6261915	1.2775644511303651e-06	2.354535952659849	127162.0	229358.0	971213.25	False	0.75	0.4285714285714285	0	0	3	1	3	1	0	0	0	0	0	0	10	0					0	7	0.0	1	2	0	1	sample_residual	coords
SW756:chr16:7234484-9323266:9	SW756:chr16:7234484-9323266:9	SW756	chr16	p	7234484	9323266	candidate_region_label	BFB	region	candidate_region	2	4	4	candidate_region_with_context	7235929	8046896	sv_attention	0.6138	0.3882	HP1	0.4238	0.2317	41.0	2.0	1.0	3.3721	C9	BFB	BFB:noncanonicalB	chromosome_arm	0	36800000	402	402	8	2	2	2088783	9.574953453757524e-07	4.372103756110616	910817.75	1044391.5	1177965.25	False	0.0	0.0	0	0	0	0	1	1	0	0	0	0	0	0	3	0	1.0	1.0			1	0	1.0	1	0	0	1	sample_residual	coords
SW756:chr21:13000001-24610447:10	SW756:chr21:13000001-24610447:10	SW756	chr21	q	13000001	24610447	candidate_region_label	chromothripsis	region	candidate_region	7	12	12	candidate_region_with_context	15500970	24610447	sv_attention	0.8527	0.7846	HP1	0.371	0.1613	34.0	9.0	2.0011	2.2111	C10	chromothripsis	chromothripsis:noncanonicalB	chromosome_arm	12910000	46700001	402	402	8	7	6	11610447	6.029052972723617e-07	4.212191313564413	225470.5	2000328.0	2474003.5	True	1.0	1.0	0	0	0	0	3	4	0	0	0	0	0	0	8	0					0	0	0.0	2	6	0	2	sample_residual	coords
SNU17:chr4:18359712-23939176:1	SNU17:chr4:18359712-23939176:1	SNU17	chr4	p	18359712	23939176	candidate_region_label	chromothripsis	region	candidate_region	5	12	12	candidate_region_with_context	20757906	23939176	sv_attention	0.9718	0.5702	HP2	-0.3127	0.0835	2.0	127.0	5.1671	0.0	C1	chromothripsis	chromothripsis:noncanonicalB	chromosome_arm	0	50494000	402	402	8	5	5	5579465	8.961432682165763e-07	5.167119965803173	221369.0	1037007.0	1748078.0	False	0.8	0.5	0	0	0	0	1	2	2	0	0	0	0	0	6	0					0	0	0.0	0	6	0	0	sample_residual	coords
SNU17:chr4:52000001-57201939:2	SNU17:chr4:52000001-57201939:2	SNU17	chr4	q	52000001	57201939	candidate_region_label	chromothripsis	region	candidate_region	4	7	7	candidate_region_with_context	52480356	57201939	sv_attention	0.9196	0.9077	mixed_HP	-0.2166	0.2	3.0	30.0	5.4683	0.0374	C1	chromothripsis	chromothripsis:noncanonicalB	chromosome_arm	50494000	190200001	402	402	8	4	4	5201939	7.689440418274801e-07	5.505705468672355	395735.0	1315324.5	2220074.25	True	1.0	1.0	0	0	0	0	0	2	2	0	0	0	0	0	4	0					0	1	0.0	0	3	0	0	sample_residual	coords
SNU17:chr4:144713083-168228294:3	SNU17:chr4:144713083-168228294:3	SNU17	chr4	q	144713083	168228294	candidate_region_label	chromothripsis	region	candidate_region	19	37	37	candidate_region_with_context	145250864	168228294	sv_attention	1.0	0.9771	HP2	-0.3333	0.1111	0.0	278.0	5.332	0.0	C2	chromothripsis	chromothripsis:canonical	chromosome_arm	50494000	190200001	402	402	8	18	15	23515212	8.079876124442339e-07	5.332044593091485	239234.5	810713.0	1306111.0	True	0.7894736842105263	0.5555555555555556	0	0	0	0	3	7	8	0	1	0	0	0	19	0					6	5	0.0	0	8	0	0	sample_residual	coords
SNU17:chr14:104704928-107043718:4	SNU17:chr14:104704928-107043718:4	SNU17	chr14	q	104704928	107043718	candidate_region_label	Seismic_Amplification;BFB	region	candidate_region	5	4	4	candidate_region_with_context	106364534	106451626	sv_attention	0.695	0.0372	HP2	-0.3333	0.1111	0.0	16.0	7.8431	0.0	C3	Seismic_Amplification;BFB	Seismic_Amplification:canonical;BFB:noncanonicalB	chromosome_arm	17600000	107000001	402	402	8	5	3	2338791	2.137856696045093e-06	7.73389413590184	43717.0	156046.0	591920.0	False	0.4	0.25	0	0	1	0	0	0	1	0	2	1	0	0	4	0	3.0	4.0			0	0	2.0	0	2	0	0	sample_residual	coords
H1395:chr3:57889659-86999999:1	H1395:chr3:57889659-86999999:1	H1395	chr3	p	57889659	86999999	candidate_region_label	chromothripsis	region	candidate_region	30	35	35	candidate_region_with_context	62761932	86999999	sv_attention	0.9875	0.8326	HP2	-0.3305	0.1073	108.0	864.0	1.9664	0.548	C1	chromothripsis	chromothripsis:canonical	chromosome_arm	0	90951000	402	402	8	29	27	29110341	1.0305616138265092e-06	2.5144344036847106	152239.75	361523.0	1332180.25	True	0.8666666666666667	0.7241379310344828	0	1	15	3	11	0	0	0	0	0	0	0	30	0					9	12	0.0	1	8	0	1	sample_residual	coords
H1395:chr4:128521930-140523510:2	H1395:chr4:128521930-140523510:2	H1395	chr4	q	128521930	140523510	candidate_region_label	chromothripsis	region	candidate_region	6	12	12	candidate_region_with_context	133413696	140523510	sv_attention	0.9026	0.5924	mixed_HP	0.1214	0.8707	61.0	55.0	1.9937	1.1687	C2	chromothripsis	chromothripsis:noncanonicalB	chromosome_arm	50494000	190200001	402	402	8	6	5	12001581	4.999341336778879e-07	3.162369524481816	362347.5	1729498.5	3240513.75	True	0.6666666666666666	0.6	0	0	2	1	2	1	0	0	0	0	0	0	6	0					0	4	0.0	1	1	0	1	sample_residual	coords
H1395:chr6:19728358-34969653:3	H1395:chr6:19728358-34969653:3	H1395	chr6	p	19728358	34969653	candidate_region_label	chromothripsis	region	candidate_region	16	69	69	candidate_region_with_context	19728359	34217033	sv_attention	1.0	0.9506	HP1	0.4069	0.2093	17.0	4.0	1.051	1.088	C3	chromothripsis	chromothripsis:noncanonical	chromosome_arm	0	60589000	402	402	8	15	10	15241296	1.0497794938173236e-06	2.1390042552811783	77307.0	340817.0	852344.5	False	0.4375	0.0666666666666666	2	2	2	4	3	3	0	0	0	0	0	0	18	0					5	5	0.0	5	1	2	5	sample_residual	coords
H1395:chr6:69531484-105846477:4	H1395:chr6:69531484-105846477:4	H1395	chr6	q	69531484	105846477	candidate_region_label	Seismic_Amplification;BFB	region	candidate_region	25	52	52	candidate_region_with_context	70468360	105846477	sv_attention	1.0	0.9742	mixed_HP	0.0736	0.6775	372.0	287.0	0.9475	1.0207	C4	Seismic_Amplification;BFB	Seismic_Amplification:noncanonical;BFB:noncanonicalB	chromosome_arm	60589000	170800001	402	402	8	24	19	36314994	6.884208765117792e-07	1.968222631774488	140520.0	578973.0	2021662.0	False	0.4	0.0	3	6	3	4	2	4	1	1	1	0	0	0	26	1	1.0	11.0	11.0	11.0	4	6	6.0	4	6	0	4	sample_residual	coords
H1395:chr7:144590243-152317108:5	H1395:chr7:144590243-152317108:5	H1395	chr7	q	144590243	152317108	candidate_region_label	BFB	region	candidate_region	2	4	4	candidate_region_with_context	152176787	152317108	sv_attention	0.6798	0.0182	HP2	-0.8968	0.8624	0.0	10.0	1.0	5.4584	C5	BFB	BFB:noncanonicalB	chromosome_arm	59904000	159300001	402	402	8	2	2	7726866	2.588371533814615e-07	6.458386103757979	3702660.5	3863433.0	4024205.5	False	0.0	0.0	0	0	0	0	0	0	1	1	0	0	0	0	3	0	1.0	1.0			0	1	1.0	1	0	0	1	sample_residual	coords
H1395:chr8:47000001-54212044:6		H1395	chr8	q	47000001	54212044	candidate_region_empty		empty_candidate_region	candidate_region	4	8	8	candidate_region_with_context	48434218	54212044	sv_attention	0.9963	0.8011	HP1	1.0	1.0	145.0	0.0	1.6174	0.0	C6			chromosome_arm	45644000	145100001	402	402	8	4	4	7212044	5.546277865193279e-07	1.6174402152843217	497166.5	1137975.0	2443819.5	False	0.75	0.3333333333333333	0	1	2	1	0	0	0	0	0	0	0	0	3	0					1	0	0.0	0	1	1	0	sample_residual	coords
H1395:chr8:120179944-127476886:7	H1395:chr8:120179944-127476886:7	H1395	chr8	q	120179944	127476886	candidate_region_label	Seismic_Amplification	region	candidate_region	11	23	23	candidate_region_with_context	120362666	126053476	sv_attention	0.9998	0.7799	HP1	1.0	1.0	144.0	0.0	5.785	0.0	C7	Seismic_Amplification	Seismic_Amplification:canonical	chromosome_arm	45644000	145100001	402	402	8	11	10	7296943	1.5074805983820897e-06	5.784998731660642	261111.5	453501.0	897694.0	False	0.5454545454545454	0.3	0	0	0	1	1	3	3	1	2	0	0	0	12	0					3	2	0.0	0	6	1	0	sample_residual	coords
H1395:chr11:55000001-62716861:8	H1395:chr11:55000001-62716861:8	H1395	chr11	q	55000001	62716861	candidate_region_label	chromothripsis	region	candidate_region	5	9	9	candidate_region_with_context	57887403	58622963	sv_attention	0.9878	0.0953	HP1	0.6368	0.5157	111.0	3.0	2.1616	2.0953	C8	chromothripsis	chromothripsis:noncanonicalB	chromosome_arm	53714000	135050001	402	402	8	5	5	7716861	6.479318468999247e-07	4.256903681432126	735559.0	1584655.0	2340381.0	True	0.8	0.75	0	0	1	0	2	2	0	0	0	0	0	0	4	0					2	0	0.0	1	0	1	1	sample_residual	coords
H1395:chr14:58867756-69539841:9	H1395:chr14:58867756-69539841:9	H1395	chr14	q	58867756	69539841	candidate_region_label	chromothripsis	region	candidate_region	5	8	8	candidate_region_with_context	60327694	69539841	sv_attention	0.9715	0.8632	mixed_HP	-0.0874	0.625	46.0	34.0	0.5556	1.983	C9	chromothripsis	chromothripsis:noncanonicalB	chromosome_arm	17600000	107000001	402	402	8	5	4	10672086	4.685119666389495e-07	2.5385848652269107	1459940.0	1506927.0	2962245.0	False	0.8	0.5	1	0	1	3	0	0	0	0	0	0	0	0	6	0					0	2	0.0	1	3	0	1	sample_residual	coords
H1395:chr14:90931441-101098629:10	H1395:chr14:90931441-101098629:10	H1395	chr14	q	90931441	101098629	candidate_region_label	Seismic_Amplification	region	candidate_region	8	9	9	candidate_region_with_context	96338654	97754891	sv_attention	0.9802	0.1393	mixed_HP	-0.3653	0.5068	118.0	176.0	0.795	4.5298	C10	Seismic_Amplification	Seismic_Amplification:noncanonical	chromosome_arm	17600000	107000001	402	402	8	8	5	10167189	7.868448201366179e-07	5.324807869707153	26352.75	464458.5	1699286.5	True	0.75	0.5714285714285714	0	0	0	0	1	1	3	3	0	0	0	0	9	0					0	4	0.0	5	0	0	5	sample_residual	coords
H1395:chr16:46000001-48363069:11	H1395:chr16:46000001-48363069:11	H1395	chr16	q	46000001	48363069	candidate_region_label	ecDNA	region	candidate_region	1	1	1	candidate_region_with_context	48363068	48363069	sv_attention	0.3	0.0	mixed_HP	-0.3949	1.0	0.0	0.0	59.0	136.0	C11	ecDNA	ecDNA	chromosome_arm	36800000	90300001	402	402	8	1	1	2363069	4.231785021935458e-07	195.0	2363069.0	2363069.0	2363069.0	False	0.0	0.0	0	0	0	0	0	0	0	0	0	0	0	1	1	0					1	0	0.0	0	0	0	0	sample_residual	coords
H1395:chr18:11457824-14999999:12	H1395:chr18:11457824-14999999:12	H1395	chr18	p	11457824	14999999	candidate_region_label	BFB	region	candidate_region	2	2	2	candidate_region_with_context	11458562	11459302	sv_attention	0.3423	0.0002	HP1	0.6616	0.5487	5.0	0.0	2.0	2.0623	C12	BFB	BFB:noncanonicalB	chromosome_arm	0	18540000	402	402	8	2	2	3542176	5.646246826809283e-07	4.062339081965436	940748.25	1771088.5	2601428.75	False	0.0	0.0	0	0	0	0	1	0	1	0	0	0	0	0	2	0	1.0	1.0			0	0	1.0	0	1	0	0	sample_residual	coords
H1395:chr18:48905542-58733200:13	H1395:chr18:48905542-58733200:13	H1395	chr18	q	48905542	58733200	candidate_region_label	BFB	region	candidate_region	5	15	15	candidate_region_with_context	53342459	58733200	sv_attention	0.9803	0.5485	HP1	0.5305	0.3739	318.0	14.0	1.799	2.9349	C13	BFB	BFB:noncanonicalB	chromosome_arm	18540000	80350001	402	402	8	5	5	9827659	5.087681613698644e-07	4.733901023631366	133819.0	987762.0	3981977.0	False	0.6	0.25	0	0	0	1	1	2	1	0	0	0	0	0	7	0	3.0	4.0			0	2	2.0	3	0	0	3	sample_residual	coords
H1395:chr19:34837816-38633983:14	H1395:chr19:34837816-38633983:14	H1395	chr19	q	34837816	38633983	candidate_region_label	BFB	region	candidate_region	1	2	2	candidate_region_with_context	34844297	34850780	sv_attention	0.6321	0.0017	HP2	-0.3333	0.1111	0.0	0.0	1.0	2.0	C14	BFB	BFB:noncanonicalB	chromosome_arm	26260000	58600001	402	402	8	1	1	3796168	2.634235365768849e-07	3.0	3796168.0	3796168.0	3796168.0	False	0.0	0.0	0	0	0	1	0	0	0	0	0	0	0	0	2	0	1.0	1.0			0	0	1.0	1	0	0	1	sample_residual	coords
H1437:chr1:111853551-119999999:1		H1437	chr1	p	111853551	119999999	candidate_region_empty		empty_candidate_region	candidate_region	4	4	4	candidate_region_with_context	114069487	119999999	sv_attention	0.6482	0.728	HP2	-0.5523	0.4031	13.0	92.0	1.6975	2.3073	C1			chromosome_arm	0	123459000	402	402	8	4	4	8146449	4.910114824262694e-07	4.0047389973226375	1590127.0	2268462.0	2714947.5	False	0.5	0.3333333333333333	0	0	0	1	1	1	0	1	0	0	0	0	4	0					1	2	0.0	1	0	0	1	sample_residual	coords
H1437:chr5:0-5829466:2	H1437:chr5:0-5829466:2	H1437	chr5	p	0	5829466	candidate_region_label	Seismic_Amplification;BFB	region	candidate_region	10	23	23	candidate_region_with_context	596855	5829466	sv_attention	0.9996	0.8976	HP1	1.0	1.0	1312.0	0.0	7.0824	0.0	C2	Seismic_Amplification;BFB	Seismic_Amplification:noncanonical;BFB:noncanonicalB	chromosome_arm	0	48464000	402	402	8	10	8	5829467	1.7154226964489206e-06	7.082447503348076	146909.25	425867.0	870955.75	False	0.4	0.1111111111111111	1	0	1	0	2	1	0	0	3	2	0	0	11	2	2.0	9.0	8.0	9.0	1	0	3.0	1	6	0	1	sample_residual	coords
H1437:chr8:38023108-42999999:3		H1437	chr8	p	38023108	42999999	candidate_region_empty		empty_candidate_region	candidate_region	5	4	4	candidate_region_with_context	39408564	42766270	sv_attention	0.8774	0.6747	HP2	-0.6876	0.5835	2.0	123.0	2.0	2.5813	C3			chromosome_arm	0	45644000	402	402	8	5	5	4976892	1.0046430583585097e-06	4.581271455395382	233730.0	382200.0	1205166.0	False	0.6	0.25	0	0	2	1	1	0	1	0	0	0	0	0	5	0					0	0	0.0	4	1	0	4	sample_residual	coords
H1437:chr8:124330148-127869979:4	H1437:chr8:124330148-127869979:4	H1437	chr8	q	124330148	127869979	candidate_region_label	BFB	region	candidate_region	2	3	3	candidate_region_with_context	127727587	127795249	sv_attention	0.4055	0.0191	mixed_HP	0.3605	0.3129	48.0	14.0	2.9387	3.0307	C4	BFB	BFB:noncanonicalB	chromosome_arm	45644000	145100001	402	402	8	2	2	3539832	5.649985649036451e-07	5.96933187789703	939238.0	1769916.0	2600594.0	False	0.0	0.0	0	0	0	0	0	1	1	0	0	0	0	0	3	0	2.0	2.0			0	1	1.0	1	0	0	1	sample_residual	coords
H1437:chr9:5537125-23084309:5	H1437:chr9:5537125-23084309:5	H1437	chr9	p	5537125	23084309	candidate_region_label	chromothripsis;BFB	region	candidate_region	10	53	53	candidate_region_with_context	10034999	21553197	sv_attention	1.0	0.6564	HP2	-0.9315	0.9086	22.0	406.0	0.0	0.8369	C5	chromothripsis;BFB	chromothripsis:noncanonical;BFB:noncanonicalB	chromosome_arm	0	49224000	402	402	8	10	10	17547185	5.698919798246842e-07	0.8368788101891852	775684.25	1636341.0	2142468.75	False	0.7	0.4444444444444444	3	4	3	0	0	0	0	0	0	0	0	0	13	0	5.0	5.0			2	3	1.0	0	5	2	0	sample_residual	coords
H1437:chr9:123944957-128643829:6	H1437:chr9:123944957-128643829:6	H1437	chr9	q	123944957	128643829	candidate_region_label	BFB	region	candidate_region	2	6	6	candidate_region_with_context	123945036	124008459	sv_attention	0.8683	0.0135	HP1	0.6786	0.5714	34.0	0.0	1.5423	1.4359	C6	BFB	BFB:noncanonicalB	chromosome_arm	49224000	138350001	402	402	8	2	1	4698873	4.256339764875535e-07	2.978210945475649	1191782.25	2349436.5	3507090.75	False	0.0	0.0	1	0	0	1	0	0	0	0	0	0	0	0	4	1	3.0	3.0	3.0	3.0	0	1	1.0	2	0	0	2	sample_residual	coords
H1437:chr12:29363617-32999999:7	H1437:chr12:29363617-32999999:7	H1437	chr12	p	29363617	32999999	candidate_region_label	chromothripsis	region	candidate_region	4	5	5	candidate_region_with_context	30992418	31594116	sv_attention	0.7462	0.1655	HP1	0.614	0.4853	165.0	0.0	1.4542	2.0	C7	chromothripsis	chromothripsis:noncanonicalB	chromosome_arm	0	35807000	402	402	8	4	4	3636383	1.099994142531191e-06	3.454175206517025	364933.75	909675.5	1453837.75	True	0.75	0.6666666666666666	0	0	1	0	2	0	1	0	0	0	0	0	4	0					0	0	0.0	1	3	0	1	sample_residual	coords
H2009:chr1:45850148-56986953:1	H2009:chr1:45850148-56986953:1	H2009	chr1	p	45850148	56986953	candidate_region_label	chromothripsis	region	candidate_region	10	16	16	candidate_region_with_context	46818761	56986953	sv_attention	0.9947	0.913	HP1	0.683	0.5773	569.0	102.0	2.8436	0.5888	C1	chromothripsis	chromothripsis:noncanonical	chromosome_arm	0	123459000	402	402	8	10	9	11136806	8.979235159524194e-07	3.432415990724809	470443.5	724068.0	1449355.5	True	0.8	0.5555555555555556	0	0	1	4	4	1	0	0	0	0	0	0	11	0					4	4	0.0	0	1	2	0	sample_residual	coords
H2009:chr1:151000001-156374139:2	H2009:chr1:151000001-156374139:2	H2009	chr1	q	151000001	156374139	candidate_region_label	chromothripsis	region	candidate_region	5	6	6	candidate_region_with_context	153837663	156374139	sv_attention	0.9842	0.472	HP1	0.4678	0.2904	240.0	46.0	2.1966	2.0	C1	chromothripsis	chromothripsis:noncanonical	chromosome_arm	123459000	248950001	402	402	8	5	5	5374139	9.303815922885508e-07	4.1965682316739485	559282.0	678165.0	1598973.0	True	1.0	1.0	0	0	0	0	3	2	0	0	0	0	0	0	5	0					2	0	0.0	0	3	0	0	sample_residual	coords
H2009:chr1:173590064-196663842:3	H2009:chr1:173590064-196663842:3	H2009	chr1	q	173590064	196663842	candidate_region_label	chromothripsis	region	candidate_region	20	53	53	candidate_region_with_context	175000038	196663842	sv_attention	0.9665	0.9389	HP2	-0.3368	0.1158	445.0	1237.0	2.0268	2.3259	C2	chromothripsis	chromothripsis:noncanonical	chromosome_arm	123459000	248950001	402	402	8	19	20	23073779	8.66784760311694e-07	4.352673538853471	376901.75	508249.0	1190259.5	True	0.9	0.7894736842105263	0	0	0	1	9	9	1	0	0	0	0	0	21	0					3	3	0.0	7	8	0	7	sample_residual	coords
H2009:chr3:56114072-61312739:4	H2009:chr3:56114072-61312739:4	H2009	chr3	p	56114072	61312739	candidate_region_label	chromothripsis	region	candidate_region	5	3	3	candidate_region_with_context	60039017	60439741	sv_attention	0.3	0.0771	HP1	1.0	1.0	188.0	0.0	2.0946	0.0	C3	chromothripsis	chromothripsis:noncanonicalB	chromosome_arm	0	90951000	402	402	8	5	5	5198668	9.617848264209217e-07	2.094613658729505	107489.0	176841.0	1066186.0	True	0.8	0.75	0	0	2	2	1	0	0	0	0	0	0	0	6	0					0	6	0.0	0	0	0	0	sample_residual	coords
H2009:chr12:101496434-105293022:5	H2009:chr12:101496434-105293022:5	H2009	chr12	q	101496434	105293022	candidate_region_label	BFB	region	candidate_region	2	6	6	candidate_region_with_context	104713178	104731698	sv_attention	0.8663	0.0049	HP2	-0.7885	0.7181	0.0	218.0	1.0	2.1527	C4	BFB	BFB:noncanonical	chromosome_arm	35807000	133250001	402	402	8	2	2	3796589	5.26788651602794e-07	3.1527273560556592	1239068.75	1898294.5	2557520.25	False	0.0	0.0	0	0	0	1	1	0	0	0	0	0	0	0	3	1	3.0	3.0	3.0	3.0	0	0	1.0	0	1	1	0	sample_residual	coords
H2009:chr13:48402084-58685643:6		H2009	chr13	q	48402084	58685643	candidate_region_empty		empty_candidate_region	candidate_region	8	13	13	candidate_region_with_context	48417591	58685643	sv_attention	0.9964	0.9985	mixed_HP	-0.0838	0.3557	1142.0	674.0	0.1989	1.5066	C5			chromosome_arm	17900000	114350001	402	402	8	8	7	10283560	7.779407131382517e-07	1.7055387606864705	302398.25	585673.0	1943798.75	False	0.625	0.2857142857142857	1	3	0	2	2	0	0	0	0	0	0	0	9	0					2	0	0.0	0	2	5	0	sample_residual	coords
H2009:chr13:93806668-107681239:7	H2009:chr13:93806668-107681239:7	H2009	chr13	q	93806668	107681239	candidate_region_label	chromothripsis	region	candidate_region	11	20	20	candidate_region_with_context	95298503	107681239	sv_attention	0.8811	0.8925	HP1	0.7306	0.6408	847.0	91.0	3.7592	1.0	C2	chromothripsis	chromothripsis:noncanonical	chromosome_arm	17900000	114350001	402	402	8	11	11	13874572	7.928172487050412e-07	4.759189616804036	365235.0	646317.0	1628778.0	True	0.7272727272727273	0.6	0	1	0	0	2	5	3	0	0	0	0	0	12	0					4	0	0.0	5	2	1	5	sample_residual	coords
HCC1937:chr3:185299317-198295559:1		HCC1937	chr3	q	185299317	198295559	candidate_region_empty		empty_candidate_region	candidate_region	6	4	4	candidate_region_with_context	188195205	189563317	sv_attention	0.8012	0.1053	mixed_HP	0.0614	0.912	240.0	228.0	6.1886	4.7359	C1			chromosome_arm	90951000	198250001	402	402	8	6	5	12996243	4.616718847131437e-07	10.893251089064572	476385.75	1789974.0	3841110.75	False	0.6666666666666666	0.4	0	0	1	0	0	0	1	0	0	4	0	0	5	0					2	2	0.0	1	0	0	1	sample_residual	coords
HCC1937:chr4:128186850-130366021:2	HCC1937:chr4:128186850-130366021:2	HCC1937	chr4	q	128186850	130366021	candidate_region_label	BFB	region	candidate_region	2	4	4	candidate_region_with_context	128232717	128236541	sv_attention	0.6304	0.0018	HP2	-1.0	1.0	0.0	109.0	0.0	3.0421	C2	BFB	BFB:noncanonicalB	chromosome_arm	50494000	190200001	402	402	8	2	1	2179172	9.1777978057721e-07	3.042098978787376	567728.25	1089586.5	1611444.75	False	0.0	0.0	0	0	0	1	0	1	0	0	0	0	0	0	3	1	2.0	2.0	2.0	2.0	0	0	1.0	1	1	0	1	sample_residual	coords
HCC1937:chr5:52000001-54211375:3	HCC1937:chr5:52000001-54211375:3	HCC1937	chr5	q	52000001	54211375	candidate_region_label	Seismic_Amplification;BFB	region	candidate_region	2	3	3	candidate_region_with_context	53632208	54211375	sv_attention	0.861	0.2619	mixed_HP	0.7053	0.6667	301.0	0.0	5.0476	4.0	C3	Seismic_Amplification;BFB	Seismic_Amplification:noncanonical;BFB:noncanonical	chromosome_arm	48464000	181500001	402	402	8	2	2	2211375	9.044146741280876e-07	9.047612458312136	842426.75	1105687.5	1368948.25	False	0.0	0.0	0	0	0	0	0	0	0	0	1	1	0	0	2	1	2.0	2.0	2.0	2.0	0	0	1.0	1	0	0	1	sample_residual	coords
HCC1937:chr6:18875101-23707534:4	HCC1937:chr6:18875101-23707534:4	HCC1937	chr6	p	18875101	23707534	candidate_region_label	Seismic_Amplification	region	candidate_region	9	68	68	candidate_region_with_context	21314688	23707534	sv_attention	1.0	0.4952	HP2	-0.6772	0.5697	17.0	395.0	2.0955	3.1222	C4	Seismic_Amplification	Seismic_Amplification:noncanonical	chromosome_arm	0	60589000	402	402	8	9	8	4832434	1.8624155032432928e-06	5.217706232511401	115264.0	346208.0	768656.0	False	0.5555555555555556	0.125	0	0	0	0	2	2	3	0	2	0	0	0	10	0					0	4	0.0	1	5	0	1	sample_residual	coords
HCC1937:chr8:136730189-145138636:5	HCC1937:chr8:136730189-145138636:5	HCC1937	chr8	q	136730189	145138636	candidate_region_label	Seismic_Amplification	region	candidate_region	8	7	7	candidate_region_with_context	140269025	145072537	sv_attention	0.9893	0.5713	mixed_HP	0.1797	0.2144	164.0	169.0	9.6274	2.6432	C5	Seismic_Amplification	Seismic_Amplification:noncanonical	chromosome_arm	45644000	145100001	402	402	8	8	4	8408448	9.514240915802772e-07	12.223409718416526	65583.25	273024.5	1983771.75	False	0.5	0.4285714285714285	0	0	1	0	0	0	0	0	1	6	0	0	7	0					2	2	0.0	3	0	0	3	sample_residual	coords
HCC1937:chr12:38000001-46021190:6	HCC1937:chr12:38000001-46021190:6	HCC1937	chr12	q	38000001	46021190	candidate_region_label	BFB	region	candidate_region	3	3	3	candidate_region_with_context	41137069	46021190	sv_attention	0.8612	0.6089	mixed_HP	-0.0167	0.4697	20.0	13.0	1.0696	3.0	C6	BFB	BFB:noncanonicalB	chromosome_arm	35807000	133250001	402	402	8	3	3	8021190	3.74009342753382e-07	4.069613610948002	1847727.0	3137070.0	3731403.0	True	1.0	1.0	0	0	0	0	2	1	0	0	0	0	0	0	4	0	4.0	4.0			0	2	1.0	1	0	0	1	sample_residual	coords
HCC1937:chr16:46000001-48375678:7	HCC1937:chr16:46000001-48375678:7	HCC1937	chr16	q	46000001	48375678	candidate_region_label	Seismic_Amplification	region	candidate_region	5	3	3	candidate_region_with_context	47156375	48375678	sv_attention	0.3304	0.5132	mixed_HP	0.0913	0.3596	49.0	28.0	3.0789	5.3732	C7	Seismic_Amplification	Seismic_Amplification:canonical	chromosome_arm	36800000	90300001	402	402	8	5	4	2375678	2.104662332184749e-06	8.452052885910561	143653.0	433076.0	571606.0	False	0.6	0.0	0	0	0	0	0	0	0	1	3	1	0	0	5	0					3	2	0.0	0	0	0	0	sample_residual	coords
HCC1954:chr1:151000001-157603647:1	HCC1954:chr1:151000001-157603647:1	HCC1954	chr1	q	151000001	157603647	candidate_region_label	Seismic_Amplification;BFB	region	candidate_region	5	9	9	candidate_region_with_context	151753364	157603647	sv_attention	0.9695	0.8859	HP1	0.5357	0.3809	135.0	0.0	2.1789	5.0	C1	Seismic_Amplification;BFB	Seismic_Amplification:canonical;BFB:noncanonical	chromosome_arm	123459000	248950001	402	402	8	5	3	6603647	7.571573707680014e-07	7.178905837940762	79399.0	614263.0	1018800.0	True	0.8	0.75	0	0	0	0	0	0	0	2	3	0	0	0	5	1	5.0	5.0	5.0	5.0	0	2	1.0	0	1	1	0	sample_residual	coords
HCC1954:chr2:96000001-100873753:2		HCC1954	chr2	q	96000001	100873753	candidate_region_empty		empty_candidate_region	candidate_region	5	6	6	candidate_region_with_context	97223028	98621162	sv_attention	0.4318	0.2869	HP1	0.2602	0.0136	87.0	30.0	2.031	3.0069	C2			chromosome_arm	93989000	242150001	402	402	8	5	5	4873753	1.0259034464815922e-06	5.037902002830262	253368.0	286910.0	2080884.0	False	0.8	0.5	0	0	0	0	1	2	2	0	0	0	0	0	5	0					0	2	0.0	3	0	0	3	sample_residual	coords
HCC1954:chr2:147926458-151799362:3	HCC1954:chr2:147926458-151799362:3	HCC1954	chr2	q	147926458	151799362	candidate_region_label	BFB	region	candidate_region	1	3	3	candidate_region_with_context	147929243	147963148	sv_attention	0.488	0.0088	mixed_HP	0.3344	0.3302	15.0	5.0	3.0095	2.9905	C3	BFB	BFB:noncanonicalB	chromosome_arm	93989000	242150001	402	402	8	1	1	3872905	2.582041129333149e-07	6.0	3872905.0	3872905.0	3872905.0	False	0.0	0.0	0	0	0	0	0	0	1	0	0	0	0	0	2	0	1.0	1.0			0	0	1.0	1	0	0	1	sample_residual	coords
HCC1954:chr2:198255428-205692703:4	HCC1954:chr2:198255428-205692703:4	HCC1954	chr2	q	198255428	205692703	candidate_region_label	chromothripsis;BFB	region	candidate_region	5	7	7	candidate_region_with_context	204631843	205692702	sv_attention	0.9187	0.1426	HP2	-0.5438	0.3917	0.0	80.0	2.0	0.9227	C4	chromothripsis;BFB	chromothripsis:noncanonicalB;BFB:noncanonicalB	chromosome_arm	93989000	242150001	402	402	8	5	5	7437276	6.722891553305269e-07	2.922704640421488	654238.0	822484.0	2334699.0	True	0.8	0.75	0	0	2	2	1	0	0	0	0	0	0	0	6	0	5.0	5.0			2	0	1.0	2	0	1	2	sample_residual	coords
HCC1954:chr4:0-4799073:5		HCC1954	chr4	p	0	4799073	candidate_region_empty		empty_candidate_region	candidate_region	6	8	8	candidate_region_with_context	1324114	1848952	sv_attention	0.9945	0.1094	mixed_HP	0.2872	0.543	55.0	38.0	2.9681	1.0	C5			chromosome_arm	0	50494000	402	402	8	6	5	4799074	1.25024119236336e-06	3.968093011276759	214636.25	764857.5	1342011.25	True	0.8333333333333334	0.6	0	0	0	2	3	1	0	0	0	0	0	0	7	0					4	3	0.0	0	0	0	0	sample_residual	coords
HCC1954:chr4:38478872-47999999:6	HCC1954:chr4:38478872-47999999:6	HCC1954	chr4	p	38478872	47999999	candidate_region_label	BFB	region	candidate_region	8	10	10	candidate_region_with_context	41750885	47999999	sv_attention	0.9818	0.6563	HP2	-0.6394	0.5192	10.0	127.0	1.9911	3.0511	C6	BFB	BFB:noncanonicalB	chromosome_arm	0	50494000	402	402	8	8	7	9521128	8.402365770106231e-07	5.042274288871174	193650.75	679488.0	1932207.5	False	0.5	0.1428571428571428	1	0	0	0	1	3	1	1	1	0	0	0	8	0	7.0	7.0			0	2	1.0	3	2	0	3	sample_residual	coords
HCC1954:chr4:113806267-124363472:7	HCC1954:chr4:113806267-124363472:7	HCC1954	chr4	q	113806267	124363472	candidate_region_label	chromothripsis;BFB	region	candidate_region	11	12	12	candidate_region_with_context	115745030	124363472	sv_attention	0.9933	0.8164	mixed_HP	-0.0612	0.7263	61.0	76.0	1.9075	1.7772	C7	chromothripsis;BFB	chromothripsis:noncanonical;BFB:noncanonicalB	chromosome_arm	50494000	190200001	402	402	8	11	9	10557206	1.0419423472460422e-06	3.6847497936954543	286922.0	903802.0	1198660.5	True	0.8181818181818182	0.7	0	0	1	4	5	1	0	0	0	0	0	0	12	0	9.0	9.0			2	4	1.0	0	4	1	0	sample_residual	coords
HCC1954:chr4:144179786-178151261:8	HCC1954:chr4:144179786-178151261:8	HCC1954	chr4	q	144179786	178151261	candidate_region_label	ecDNA;Seismic_Amplification;BFB	region	candidate_region	38	68	68	candidate_region_with_context	147291679	178151261	sv_attention	1.0	0.9084	mixed_HP	0.0378	0.9355	736.0	699.0	2.1212	1.8745	C8	ecDNA;Seismic_Amplification;BFB	ecDNA;Seismic_Amplification:noncanonical;BFB:noncanonical	chromosome_arm	50494000	190200001	402	402	8	38	28	33971476	1.1185854862473449e-06	3.995765536516776	94724.75	323457.0	1329490.5	False	0.5	0.1351351351351351	0	0	1	10	9	6	3	4	5	0	0	0	40	0					8	6	0.0	23	3	0	23	sample_residual	coords
HCC1954:chr5:0-3209105:9	HCC1954:chr5:0-3209105:9	HCC1954	chr5	p	0	3209105	candidate_region_label	ecDNA;Seismic_Amplification;BFB	region	candidate_region	25	49	49	candidate_region_with_context	379661	3209105	sv_attention	0.9996	0.8817	mixed_HP	0.7441	1.0	2701.0	212.0	25.2779	7.9107	C8	ecDNA;Seismic_Amplification;BFB	ecDNA;Seismic_Amplification:noncanonical;BFB:noncanonical	chromosome_arm	0	48464000	402	402	8	25	12	3209106	7.790331637533943e-06	33.18875126320188	51011.0	91793.0	180392.0	False	0.2	0.0416666666666666	0	0	0	0	0	0	0	1	0	2	13	9	25	0					0	1	0.0	19	5	0	19	sample_residual	coords
HCC1954:chr5:25588866-33474335:10	HCC1954:chr5:25588866-33474335:10	HCC1954	chr5	p	25588866	33474335	candidate_region_label	chromothripsis	region	candidate_region	4	5	5	candidate_region_with_context	32317426	33474335	sv_attention	0.7861	0.1467	mixed_HP	-0.4447	0.527	15.0	22.0	0.1467	6.4837	C9	chromothripsis	chromothripsis:noncanonicalB	chromosome_arm	0	48464000	402	402	8	4	4	7885470	5.072620909089756e-07	6.630441098572298	938328.0	1907208.0	2940247.5	True	0.75	0.6666666666666666	0	0	0	0	0	0	2	1	1	0	0	0	5	0					2	0	0.0	2	1	0	2	sample_residual	coords
HCC1954:chr5:102783181-117504971:11	HCC1954:chr5:102783181-117504971:11	HCC1954	chr5	q	102783181	117504971	candidate_region_label	ecDNA;Seismic_Amplification;BFB	region	candidate_region	72	180	180	candidate_region_with_context	104285693	117504971	sv_attention	1.0	0.8979	mixed_HP	0.2076	0.3222	2325.0	1028.0	2.9667	4.0211	C8	ecDNA;Seismic_Amplification;BFB	ecDNA;Seismic_Amplification:noncanonical;BFB:noncanonical	chromosome_arm	48464000	181500001	402	402	8	72	43	14721791	4.890709289379261e-06	6.987719771943571	62117.25	113461.0	220104.5	False	0.2916666666666667	0.0	0	0	0	1	9	9	4	5	28	15	1	0	73	0	15.0	15.0			13	13	1.0	16	29	1	16	sample_residual	coords
HCC1954:chr5:175753434-181538259:12	HCC1954:chr5:175753434-181538259:12	HCC1954	chr5	q	175753434	181538259	candidate_region_label	ecDNA;Seismic_Amplification;BFB	region	candidate_region	21	81	81	candidate_region_with_context	175790271	181538259	sv_attention	0.9999	0.9936	mixed_HP	-0.1472	0.3524	1526.0	1723.0	3.0571	5.94	C8	ecDNA;Seismic_Amplification;BFB	ecDNA;Seismic_Amplification:noncanonical;BFB:noncanonical	chromosome_arm	48464000	181500001	402	402	8	21	11	5784826	3.630186975373157e-06	8.950894494738826	38258.0	101424.0	203151.0	False	0.2857142857142857	0.05	0	0	1	0	2	1	1	1	0	8	7	0	23	1	5.0	18.0	5.0	5.0	3	1	2.0	12	5	0	12	sample_residual	coords
HCC1954:chr8:39339828-42999999:13	HCC1954:chr8:39339828-42999999:13	HCC1954	chr8	p	39339828	42999999	candidate_region_label	Seismic_Amplification;BFB	region	candidate_region	7	10	10	candidate_region_with_context	39371574	39444144	sv_attention	0.9817	0.0198	HP2	-0.7619	0.6825	15.0	69.0	0.0	7.91	C10	Seismic_Amplification;BFB	Seismic_Amplification:noncanonical;BFB:noncanonicalB	chromosome_arm	0	45644000	402	402	8	7	4	3660172	1.912478429975422e-06	7.909990320129677	46160.5	252196.0	297515.0	False	0.4285714285714285	0.0	0	0	0	1	0	1	0	0	3	2	0	0	7	0	1.0	3.0			0	2	2.0	2	0	1	2	sample_residual	coords
HCC1954:chr8:71218391-132804534:14	HCC1954:chr8:71218391-132804534:14	HCC1954	chr8	q	71218391	132804534	candidate_region_label	ecDNA;Seismic_Amplification;BFB	region	candidate_region	181	413	413	candidate_region_with_context	72099278	132804534	sv_attention	1.0	0.9857	mixed_HP	0.4892	0.6417	11606.0	3052.0	7.2983	3.9251	C8	ecDNA;Seismic_Amplification;BFB	ecDNA;Seismic_Amplification:noncanonical;BFB:noncanonical	chromosome_arm	45644000	145100001	402	402	8	181	110	61586144	2.938972766341728e-06	11.223467686090562	70240.0	138027.0	324017.0	False	0.1602209944751381	0.0111111111111111	2	0	0	0	4	7	7	11	42	68	38	2	193	1	8.0	184.0	153.0	153.0	36	22	7.0	64	60	4	64	sample_residual	coords
HCC1954:chr9:0-18581391:15	HCC1954:chr9:0-18581391:15	HCC1954	chr9	p	0	18581391	candidate_region_label	Seismic_Amplification;BFB	region	candidate_region	28	37	37	candidate_region_with_context	1133120	14802446	sv_attention	0.9994	0.7356	mixed_HP	-0.1003	0.1835	604.0	434.0	2.5506	11.1837	C11	Seismic_Amplification;BFB	Seismic_Amplification:noncanonical;BFB:noncanonicalB	chromosome_arm	0	49224000	402	402	8	28	26	18581392	1.506883876084203e-06	13.734265437330002	258420.0	519068.5	941492.5	False	0.3928571428571428	0.1481481481481481	0	0	0	0	0	0	0	1	1	25	1	0	27	0	1.0	23.0			4	4	4.0	13	2	0	13	sample_residual	coords
HCC1954:chr9:125674254-127832869:16	HCC1954:chr9:125674254-127832869:16	HCC1954	chr9	q	125674254	127832869	candidate_region_label	chromothripsis	region	candidate_region	5	3	3	candidate_region_with_context	126367239	127156923	sv_attention	0.6072	0.3658	HP1	0.8598	0.8131	78.0	0.0	3.7548	1.0	C12	chromothripsis	chromothripsis:noncanonicalB	chromosome_arm	49224000	138350001	402	402	8	5	5	2158616	2.316298961927457e-06	4.754803077527453	160591.0	515473.0	632084.0	True	0.8	0.75	0	0	0	0	2	2	0	1	0	0	0	0	6	0					3	3	0.0	0	0	0	0	sample_residual	coords
HCC1954:chr11:23782554-26756022:17	HCC1954:chr11:23782554-26756022:17	HCC1954	chr11	p	23782554	26756022	candidate_region_label	BFB	region	candidate_region	3	6	6	candidate_region_with_context	26059930	26148203	sv_attention	0.865	0.0297	HP1	0.4293	0.239	31.0	7.0	1.2965	1.2341	C13	BFB	BFB:noncanonicalB	chromosome_arm	0	53714000	402	402	8	3	3	2973469	1.0089225749452912e-06	2.530560432948856	440757.0	696091.0	1394023.0	False	0.6666666666666666	0.5	0	0	1	1	1	0	0	0	0	0	0	0	4	0	3.0	3.0			2	0	1.0	0	0	1	0	sample_residual	coords
HCC1954:chr11:44950563-50999999:18	HCC1954:chr11:44950563-50999999:18	HCC1954	chr11	p	44950563	50999999	candidate_region_label	chromothripsis	region	candidate_region	4	2	2	candidate_region_with_context	46499603	46616497	sv_attention	0.3	0.0193	mixed_HP	-0.1082	0.6429	3.0	4.0	1.9807	2.1409	C14	chromothripsis	chromothripsis:noncanonicalB	chromosome_arm	0	53714000	402	402	8	4	4	6049437	6.612185563714442e-07	4.121614953589896	668670.25	1200819.0	2044508.25	True	0.75	0.6666666666666666	0	0	0	1	2	1	0	0	0	0	0	0	4	0					3	0	0.0	1	0	0	1	sample_residual	coords
HCC1954:chr11:65787781-74859666:19	HCC1954:chr11:65787781-74859666:19	HCC1954	chr11	q	65787781	74859666	candidate_region_label	ecDNA;Seismic_Amplification;BFB	region	candidate_region	14	16	16	candidate_region_with_context	69092232	74859666	sv_attention	0.9991	0.6357	mixed_HP	0.5314	0.3488	569.0	79.0	3.5889	3.0464	C8	ecDNA;Seismic_Amplification;BFB	ecDNA;Seismic_Amplification:noncanonical;BFB:noncanonical	chromosome_arm	53714000	135050001	402	402	8	14	10	9071886	1.5432292689745e-06	6.635298076872202	105436.25	250574.0	812930.5	False	0.2857142857142857	0.0769230769230769	0	0	0	1	2	2	1	0	1	3	4	0	15	0	12.0	12.0			2	3	1.0	8	1	0	8	sample_residual	coords
HCC1954:chr11:85045948-104108535:20	HCC1954:chr11:85045948-104108535:20	HCC1954	chr11	q	85045948	104108535	candidate_region_label	ecDNA;Seismic_Amplification;BFB	region	candidate_region	26	47	47	candidate_region_with_context	88322434	104108535	sv_attention	1.0	0.8281	HP2	-0.6439	0.5253	143.0	1056.0	2.0037	4.776	C8	ecDNA;Seismic_Amplification;BFB	ecDNA;Seismic_Amplification:noncanonical;BFB:noncanonical	chromosome_arm	53714000	135050001	402	402	8	26	18	19062588	1.3639281298006336e-06	6.77967972782725	60608.0	180908.0	1038513.25	False	0.3846153846153846	0.16	1	0	0	0	0	6	3	4	4	8	0	0	27	1	5.0	27.0	27.0	27.0	4	1	5.0	14	2	1	14	sample_residual	coords
HCC1954:chr12:6941947-9032063:21	HCC1954:chr12:6941947-9032063:21	HCC1954	chr12	p	6941947	9032063	candidate_region_label	BFB	region	candidate_region	1	2	2	candidate_region_with_context	9032062	9032063	sv_attention	0.5218	0.0	HP1	0.6632	0.5509	36.0	2.0	3.0	2.0	C15	BFB	BFB:noncanonical	chromosome_arm	0	35807000	402	402	8	1	1	2090117	4.784421159198265e-07	5.0	2090117.0	2090117.0	2090117.0	False	0.0	0.0	0	0	0	0	0	1	0	0	0	0	0	0	2	1	2.0	2.0	2.0	2.0	0	0	1.0	1	0	0	1	sample_residual	coords
HCC1954:chr12:38000001-45355960:22	HCC1954:chr12:38000001-45355960:22	HCC1954	chr12	q	38000001	45355960	candidate_region_label	Seismic_Amplification;BFB	region	candidate_region	17	23	23	candidate_region_with_context	40326774	45355960	sv_attention	0.9977	0.6837	HP1	0.7765	0.702	626.0	51.0	8.8374	2.0	C16	Seismic_Amplification;BFB	Seismic_Amplification:noncanonical;BFB:noncanonicalB	chromosome_arm	35807000	133250001	402	402	8	17	16	7355960	2.311051174829662e-06	10.83746037226956	157441.0	210604.0	431179.0	False	0.2352941176470588	0.125	0	0	0	0	1	0	0	0	1	15	0	0	17	0	12.0	13.0			2	3	2.0	9	1	0	9	sample_residual	coords
HCC1954:chr14:30457625-37594904:23	HCC1954:chr14:30457625-37594904:23	HCC1954	chr14	q	30457625	37594904	candidate_region_label	BFB	region	candidate_region	6	8	8	candidate_region_with_context	36434639	37594904	sv_attention	0.6896	0.1626	mixed_HP	-0.6388	0.3088	2.0	126.0	3.0518	2.9263	C17	BFB	BFB:noncanonical	chromosome_arm	17600000	107000001	402	402	8	6	5	7137280	8.406563845050215e-07	5.978115612670373	353738.75	405899.0	1365456.5	True	0.8333333333333334	0.8	0	0	0	0	0	2	3	1	0	0	0	0	8	1	8.0	8.0	8.0	8.0	3	0	1.0	2	2	0	2	sample_residual	coords
HCC1954:chr15:21000001-27434570:24	HCC1954:chr15:21000001-27434570:24	HCC1954	chr15	q	21000001	27434570	candidate_region_label	Seismic_Amplification;BFB	region	candidate_region	10	16	16	candidate_region_with_context	24791616	27202624	sv_attention	0.9892	0.3747	HP1	0.4662	0.2882	303.0	92.0	3.893	1.9603	C18	Seismic_Amplification;BFB	Seismic_Amplification:noncanonical;BFB:noncanonical	chromosome_arm	19050000	101950001	402	402	8	10	9	6434570	1.5541054025366108e-06	5.853343269247207	268139.5	357704.5	748533.5	False	0.4	0.2222222222222222	0	0	0	1	1	2	2	1	1	2	0	0	9	1	4.0	9.0	9.0	9.0	1	0	2.0	4	1	1	4	sample_residual	coords
HCC1954:chr17:39095055-42947300:25	HCC1954:chr17:39095055-42947300:25	HCC1954	chr17	q	39095055	42947300	candidate_region_label	ecDNA;Seismic_Amplification	region	candidate_region	3	14	14	candidate_region_with_context	39482909	39493730	sv_attention	0.9893	0.0028	mixed_HP	0.9254	0.8968	2650.0	2.0	37.8125	4.6903	C19	ecDNA;Seismic_Amplification	ecDNA;Seismic_Amplification:canonical	chromosome_arm	25150000	83250001	402	402	8	3	3	3852246	7.787664650699878e-07	42.5029363381943	443233.0	531128.0	1748454.0	False	0.6666666666666666	0.5	0	0	0	0	0	1	0	0	1	0	0	1	4	0					0	0	0.0	0	2	2	0	sample_residual	coords
HCC1954:chr19:0-8064793:26		HCC1954	chr19	p	0	8064793	candidate_region_empty		empty_candidate_region	candidate_region	5	9	9	candidate_region_with_context	1814593	8064793	sv_attention	0.9987	0.775	mixed_HP	-0.3787	0.7185	67.0	84.0	0.1444	3.0978	C20			chromosome_arm	0	26260000	402	402	8	5	5	8064794	6.199786380160485e-07	3.242259692619627	394548.0	1164679.0	1814596.0	False	0.8	0.5	0	0	0	3	1	1	0	0	0	0	0	0	5	0					2	2	0.0	1	0	0	1	sample_residual	coords
HCC1954:chr19:28000001-58617616:27	HCC1954:chr19:28000001-58617616:27	HCC1954	chr19	q	28000001	58617616	candidate_region_label	Seismic_Amplification	region	candidate_region	34	38	38	candidate_region_with_context	29807938	58617616	sv_attention	1.0	0.941	HP1	0.3359	0.1145	406.0	169.0	3.4098	2.3535	C21	Seismic_Amplification	Seismic_Amplification:noncanonical	chromosome_arm	26260000	58600001	402	402	8	34	29	30617616	1.110471827721662e-06	5.7611247940442665	223721.0	455030.5	1153438.75	False	0.5882352941176471	0.303030303030303	0	0	1	1	1	6	14	5	6	0	0	0	32	0					1	11	0.0	3	13	4	3	sample_residual	coords
HCC1954:chr20:55358357-64444167:28	HCC1954:chr20:55358357-64444167:28	HCC1954	chr20	q	55358357	64444167	candidate_region_label	Seismic_Amplification;BFB	region	candidate_region	15	26	26	candidate_region_with_context	58118361	61406000	sv_attention	0.999	0.3618	mixed_HP	0.7104	0.3297	1148.0	87.0	7.1934	2.9891	C16	Seismic_Amplification;BFB	Seismic_Amplification:noncanonical;BFB:noncanonicalB	chromosome_arm	28120000	64400001	402	402	8	15	8	9085811	1.6509258226921077e-06	10.142738826506516	53726.5	183168.0	824823.5	False	0.3333333333333333	0.0	0	0	1	0	0	2	1	0	1	9	1	0	14	0	9.0	10.0			2	0	2.0	8	2	0	8	sample_residual	coords
HCC1954:chr21:13000001-46709983:29	HCC1954:chr21:13000001-46709983:29	HCC1954	chr21	q	13000001	46709983	candidate_region_label	Seismic_Amplification	region	candidate_region	131	261	261	candidate_region_with_context	17366951	46709983	sv_attention	1.0	0.8705	HP1	0.7388	0.6517	2782.0	56.0	3.6432	1.9825	C22	Seismic_Amplification	Seismic_Amplification:noncanonical	chromosome_arm	12910000	46700001	402	402	8	131	98	33709983	3.886089174236605e-06	5.624639316807765	97571.0	175437.0	367809.5	False	0.5267175572519084	0.3076923076923077	0	0	3	4	8	34	35	21	25	1	0	0	135	0					29	38	0.0	3	61	4	3	sample_residual	coords
HCC1954:chr22:19000001-50818468:30	HCC1954:chr22:19000001-50818468:30	HCC1954	chr22	q	19000001	50818468	candidate_region_label	BFB	region	candidate_region	21	37	37	candidate_region_with_context	21199247	47887204	sv_attention	1.0	0.8388	mixed_HP	0.3225	0.5934	386.0	278.0	3.5232	0.768	C23	BFB	BFB:noncanonicalB	chromosome_arm	15050000	50800001	402	402	8	21	17	31818468	6.599940638248202e-07	4.289856973647257	196854.0	1194590.0	2189787.0	False	0.4285714285714285	0.25	0	0	1	5	4	3	3	3	1	1	0	0	21	0	21.0	21.0			0	5	1.0	8	5	2	8	sample_residual	coords
