cluster_key	sample_id	cluster_id	n_rows	candidate_ids	chroms	arms	start_bp_min	end_bp_max	true_classes	raw_true_classes	predicted_classes	predicted_raw_classes	predicted_class	predicted_raw_class	called_complex_sv	class_exact_match	class_any_match	class_correctness	objectness_prob	top_type_class	max_type_probability	split	type_probability_ecDNA	type_probability_Seismic_Amplification	type_probability_chromothripsis	type_probability_BFB
AU565:C1	AU565	C1	4	AU565:chr3:0-19007244:1;AU565:chr3:36522773-39561702:2;AU565:chr3:151354228-158466862:3;AU565:chr3:178278467-198295559:4	chr3	p;q	0	198295559	Seismic_Amplification;BFB	Seismic_Amplification:noncanonical;BFB:noncanonicalB	Seismic_Amplification;chromothripsis	Seismic_Amplification:canonical;chromothripsis:canonical	Seismic_Amplification;chromothripsis	Seismic_Amplification:canonical;chromothripsis:canonical	True	False	True	partial_class	0.9908247436757405	chromothripsis	0.6795482255313894	train	0.12273177160931066	0.6687556159581676	0.6795482255313894	0.19859075917256866
AU565:C2	AU565	C2	2	AU565:chr5:138061704-142844456:5;AU565:chr5:155073273-164481680:6	chr5	q	138061704	164481680	BFB	BFB:noncanonical	BFB	BFB:canonical	BFB	BFB:canonical	True	False	True	wrong_level	0.9953583500724542	BFB	0.371200665309702	train	0.09146205189216948	0.08927453081407677	0.320847055689009	0.371200665309702
AU565:C3	AU565	C3	1	AU565:chr6:0-8775217:7	chr6	p	0	8775217	BFB	BFB:noncanonicalB	Seismic_Amplification	Seismic_Amplification:noncanonical	Seismic_Amplification	Seismic_Amplification:noncanonical	True	False	False	wrong	0.9976820834538788	Seismic_Amplification	0.3085955265074448	train	0.03259834505677168	0.3085955265074448	0.04344126917962113	0.1478707799836955
AU565:C4	AU565	C4	1	AU565:chr6:24684333-34294777:8	chr6	p	24684333	34294777	chromothripsis	chromothripsis:canonical	chromothripsis	chromothripsis:canonical	chromothripsis	chromothripsis:canonical	True	True	True	exact	0.923171116313734	chromothripsis	0.551858807294369	train	0.044189514561986484	0.05722677827245889	0.551858807294369	0.04944810319999362
AU565:C5	AU565	C5	1	AU565:chr7:114215974-133164006:9	chr7	q	114215974	133164006	Seismic_Amplification;BFB	Seismic_Amplification:noncanonical;BFB:noncanonicalB	Seismic_Amplification	Seismic_Amplification:canonical	Seismic_Amplification	Seismic_Amplification:canonical	True	False	True	partial_class	0.9882371716090347	Seismic_Amplification	0.6749405730107264	train	0.3866384202138628	0.6749405730107264	0.01812150062747288	0.2362861752759099
AU565:C6	AU565	C6	4	AU565:chr8:47000001-50494087:10;AU565:chr8:70898854-90691867:11;AU565:chr8:103691910-145138636:12;AU565:chr14:45524644-58036648:15	chr14;chr8	q	45524644	145138636	ecDNA;Seismic_Amplification;BFB	ecDNA;Seismic_Amplification:noncanonical;BFB:noncanonicalB	ecDNA;Seismic_Amplification;BFB	ecDNA;Seismic_Amplification:canonical;BFB:canonical	ecDNA;Seismic_Amplification;BFB	ecDNA;Seismic_Amplification:canonical;BFB:canonical	True	False	True	wrong_level	0.9983549131504182	ecDNA	0.9828493770312535	train	0.9828493770312535	0.7027637090375264	0.036443064613687896	0.3362513636267992
AU565:C7	AU565	C7	1	AU565:chr10:27994282-32989762:13	chr10	p	27994282	32989762					none	none	False	False	False	background	0.1341051686215316	chromothripsis	0.22553490533498327	train	0.18942025552816247	0.11110576537361967	0.22553490533498327	0.01627565143191266
AU565:C8	AU565	C8	1	AU565:chr10:55213168-71714103:14	chr10	q	55213168	71714103	BFB	BFB:noncanonicalB	BFB	BFB:noncanonicalB	BFB	BFB:noncanonicalB	True	True	True	exact	0.9966245973140735	BFB	0.16827335014013614	train	0.06276916249564216	0.06961998485845035	0.15488772364451692	0.16827335014013614
AU565:C9	AU565	C9	2	AU565:chr17:28000001-42420153:16;AU565:chr17:62570891-83257441:17	chr17	q	28000001	83257441	ecDNA;Seismic_Amplification;BFB	ecDNA;Seismic_Amplification:noncanonical;BFB:noncanonicalB	ecDNA;Seismic_Amplification	ecDNA;Seismic_Amplification:canonical	ecDNA;Seismic_Amplification	ecDNA;Seismic_Amplification:canonical	True	False	True	partial_class	0.9966710651345517	ecDNA	0.8753298470128754	train	0.8753298470128754	0.5281924925006178	0.08472860065207183	0.26304429104037613
AU565:C10	AU565	C10	1	AU565:chr18:47315093-56791383:18	chr18	q	47315093	56791383					none	none	False	False	False	background	0.26187464549828726	chromothripsis	0.34715674188948703	train	0.1825096365754454	0.1222060926056286	0.34715674188948703	0.01685452736330441
AU565:C11	AU565	C11	1	AU565:chr20:0-58962673:19	chr20	mixed	0	58962673	Seismic_Amplification;BFB	Seismic_Amplification:canonical;BFB:noncanonicalB	Seismic_Amplification	Seismic_Amplification:canonical	Seismic_Amplification	Seismic_Amplification:canonical	True	False	True	partial_class	0.9991685768016612	Seismic_Amplification	0.9892872122422698	train	0.017854983719505838	0.9892872122422698	0.1039220746335855	0.2016353286591989
AU565:C12	AU565	C12	1	AU565:chr22:46498609-50818468:20	chr22	q	46498609	50818468					none	none	False	False	False	background	0.12032272304555142	chromothripsis	0.3091707176114792	train	0.0562086529843661	0.2734365568790579	0.3091707176114792	0.015016109120003614
BT474:C1	BT474	C1	3	BT474:chr1:151000001-176668027:1;BT474:chr1:189780634-204485228:2;BT474:chr1:225071131-248956422:3	chr1	q	151000001	248956422	Seismic_Amplification;BFB	Seismic_Amplification:noncanonical;BFB:noncanonicalB	Seismic_Amplification	Seismic_Amplification:canonical	Seismic_Amplification	Seismic_Amplification:canonical	True	False	True	partial_class	0.9960532081436304	Seismic_Amplification	0.7412820705759715	train	0.6491199785551585	0.7412820705759715	0.042586684607912074	0.2499543121044623
BT474:C2	BT474	C2	1	BT474:chr2:0-12798428:4	chr2	p	0	12798428	chromothripsis;BFB	chromothripsis:noncanonical;BFB:noncanonicalB	chromothripsis	chromothripsis:noncanonical	chromothripsis	chromothripsis:noncanonical	True	False	True	partial_class	0.9819495719235313	chromothripsis	0.2985646738575404	train	0.0063609300176968335	0.05230416307302499	0.2985646738575404	0.07510701178528191
BT474:C3	BT474	C3	1	BT474:chr3:94000001-96109704:5	chr3	q	94000001	96109704	BFB	BFB:noncanonicalB	BFB	BFB:noncanonicalB	BFB	BFB:noncanonicalB	True	True	True	exact	0.9886352431974331	BFB	0.1797660957233106	train	0.0037643854057417634	0.028365040069259467	0.06908507836272716	0.1797660957233106
BT474:C4	BT474	C4	1	BT474:chr4:75139194-78870225:6	chr4	q	75139194	78870225	Seismic_Amplification	Seismic_Amplification:noncanonical	Seismic_Amplification	Seismic_Amplification:canonical	Seismic_Amplification	Seismic_Amplification:canonical	True	False	True	wrong_level	0.9870728783477659	Seismic_Amplification	0.580988426265134	train	0.07494463409167869	0.580988426265134	0.03327609618751665	0.08259375046903672
BT474:C5	BT474	C5	1	BT474:chr4:177350069-190214555:7	chr4	q	177350069	190214555	Seismic_Amplification;BFB	Seismic_Amplification:noncanonical;BFB:noncanonicalB	BFB	BFB:canonical	BFB	BFB:canonical	True	False	True	partial_class	0.9953610326005944	BFB	0.2609702844532917	train	0.22900263101186888	0.2170637949337634	0.054602968777506464	0.2609702844532917
BT474:C6	BT474	C6	1	BT474:chr5:175902457-181538259:8	chr5	q	175902457	181538259					none	none	False	False	False	background	0.26258108041641964	chromothripsis	0.277902620543373	train	0.06411428431102267	0.16445776237848572	0.277902620543373	0.024385353182492103
BT474:C7	BT474	C7	1	BT474:chr7:69449818-72861001:9	chr7	q	69449818	72861001	Seismic_Amplification	Seismic_Amplification:noncanonical	Seismic_Amplification	Seismic_Amplification:canonical	Seismic_Amplification	Seismic_Amplification:canonical	True	False	True	wrong_level	0.9698152780083582	Seismic_Amplification	0.7224750224760937	train	0.011658921386984567	0.7224750224760937	0.0487519234411675	0.05006942397801658
BT474:C8	BT474	C8	1	BT474:chr8:70366367-80940353:10	chr8	q	70366367	80940353					none	none	False	False	False	background	0.5000415220855712	Seismic_Amplification	0.41245105232520357	train	0.04760432143869414	0.41245105232520357	0.0956043700137433	0.02115747949228411
BT474:C9	BT474	C9	1	BT474:chr9:32557750-37999999:11	chr9	p	32557750	37999999	BFB	BFB:noncanonicalB	BFB	BFB:noncanonicalB	BFB	BFB:noncanonicalB	True	True	True	exact	0.9900940497430842	BFB	0.23290687484720735	train	0.006555712856797064	0.17140168280445903	0.02350561044495841	0.23290687484720735
BT474:C10	BT474	C10	1	BT474:chr9:114665482-133000833:12	chr9	q	114665482	133000833	Seismic_Amplification;BFB	Seismic_Amplification:noncanonical;BFB:noncanonicalB	Seismic_Amplification	Seismic_Amplification:noncanonical	Seismic_Amplification	Seismic_Amplification:noncanonical	True	False	True	partial_class	0.992824130481127	Seismic_Amplification	0.479820013757268	train	0.13665230635568773	0.479820013757268	0.0436007479461176	0.1761207079608648
BT474:C11	BT474	C11	1	BT474:chr11:0-4707947:13	chr11	p	0	4707947	BFB	BFB:noncanonicalB	BFB	BFB:noncanonicalB	BFB	BFB:noncanonicalB	True	True	True	exact	0.9836922524898911	BFB	0.1455784186777597	train	0.004896078514633596	0.021056578562498304	0.12908484450855584	0.1455784186777597
BT474:C12	BT474	C12	2	BT474:chr11:55000001-79871797:14;BT474:chr11:99415081-103035786:15	chr11	q	55000001	103035786	Seismic_Amplification	Seismic_Amplification:noncanonical	Seismic_Amplification	Seismic_Amplification:canonical	Seismic_Amplification	Seismic_Amplification:canonical	True	False	True	wrong_level	0.9786738143258346	Seismic_Amplification	0.7081468575616106	train	0.23942575161361937	0.7081468575616106	0.054640075520580464	0.08972136071094439
BT474:C13	BT474	C13	1	BT474:chr12:79130813-89476457:16	chr12	q	79130813	89476457	Seismic_Amplification;BFB	Seismic_Amplification:canonical;BFB:noncanonicalB	Seismic_Amplification	Seismic_Amplification:canonical	Seismic_Amplification	Seismic_Amplification:canonical	True	False	True	partial_class	0.9953449098359652	Seismic_Amplification	0.632261455375474	train	0.06853239428420799	0.632261455375474	0.016506805450986994	0.22268233072539645
BT474:C14	BT474	C14	1	BT474:chr14:86217710-91424394:17	chr14	q	86217710	91424394	Seismic_Amplification	Seismic_Amplification:noncanonical	Seismic_Amplification	Seismic_Amplification:canonical	Seismic_Amplification	Seismic_Amplification:canonical	True	False	True	wrong_level	0.9332519218462727	Seismic_Amplification	0.6422822080535849	train	0.05469448584147045	0.6422822080535849	0.03485111406186027	0.06493570097071867
BT474:C15	BT474	C15	1	BT474:chr15:21000001-34214736:18	chr15	q	21000001	34214736	ecDNA;Seismic_Amplification;BFB	ecDNA;Seismic_Amplification:noncanonical;BFB:noncanonicalB	ecDNA;Seismic_Amplification	ecDNA;Seismic_Amplification:canonical	ecDNA;Seismic_Amplification	ecDNA;Seismic_Amplification:canonical	True	False	True	partial_class	0.998230221015859	ecDNA	0.8482860995359944	train	0.8482860995359944	0.7297930925262011	0.0063996902628585504	0.24904407202530798
BT474:C16	BT474	C16	2	BT474:chr17:35844582-71997176:19;BT474:chr20:32000001-64444167:21	chr17;chr20	q	32000001	71997176	ecDNA;Seismic_Amplification;BFB	ecDNA;Seismic_Amplification:noncanonical;BFB:noncanonicalB	ecDNA;Seismic_Amplification	ecDNA;Seismic_Amplification:canonical	ecDNA;Seismic_Amplification	ecDNA;Seismic_Amplification:canonical	True	False	True	partial_class	0.99699171235583	ecDNA	0.9244551305858921	train	0.9244551305858921	0.6757963093662454	0.01863216133301961	0.2644434717935568
BT474:C17	BT474	C17	1	BT474:chr19:9837949-17541691:20	chr19	p	9837949	17541691	Seismic_Amplification;BFB	Seismic_Amplification:noncanonical;BFB:noncanonicalB	Seismic_Amplification	Seismic_Amplification:canonical	Seismic_Amplification	Seismic_Amplification:canonical	True	False	True	partial_class	0.9906842284210489	Seismic_Amplification	0.5986234675100328	train	0.01950816336617246	0.5986234675100328	0.022590385423162183	0.08308635393001308
C33A:C1	C33A	C1	1	C33A:chr4:89023117-91166470:1	chr4	q	89023117	91166470					none	none	False	False	False	background	0.34524473715226794	Seismic_Amplification	0.2973190693883962	train	0.05920759460448039	0.2973190693883962	0.29264642684445225	0.03380491367276211
C33A:C2	C33A	C2	1	C33A:chr5:92726384-94878736:2	chr5	q	92726384	94878736					none	none	False	False	False	background	0.3072880785477508	chromothripsis	0.39616604695211477	train	0.045984927144088	0.2775972989555444	0.39616604695211477	0.027478029498872392
C33A:C3	C33A	C3	1	C33A:chr7:124475765-131164398:3	chr7	q	124475765	131164398	chromothripsis;BFB	chromothripsis:noncanonical;BFB:noncanonicalB	chromothripsis	chromothripsis:noncanonicalB	chromothripsis	chromothripsis:noncanonicalB	True	False	True	partial_class	0.991043386022641	chromothripsis	0.27728001236774485	train	0.019535398293698946	0.056357755298862514	0.27728001236774485	0.14633887773996127
C33A:C4	C33A	C4	1	C33A:chr20:49956338-59003014:4	chr20	q	49956338	59003014					none	none	False	False	False	background	0.1156986241312451	chromothripsis	0.30528988244198335	train	0.10286966589649998	0.11745891618447618	0.30528988244198335	0.008035969608009735
C4I:C1	C4I	C1	1	C4I:chr11:100593185-103914705:1	chr11	q	100593185	103914705	BFB	BFB:noncanonicalB	BFB	BFB:canonical	BFB	BFB:canonical	True	False	True	wrong_level	0.9954848758747429	BFB	0.32919712600169104	train	0.03309382017044338	0.3227314025187222	0.011633459497972072	0.32919712600169104
C4I:C2	C4I	C2	1	C4I:chr17:16773785-21999999:2	chr17	p	16773785	21999999	BFB	BFB:noncanonicalB	BFB	BFB:noncanonicalB	BFB	BFB:noncanonicalB	True	True	True	exact	0.9899545995880455	BFB	0.19777877628632964	train	0.052258576051099584	0.07357226382088358	0.10377926886102441	0.19777877628632964
C4I:C3	C4I	C3	1	C4I:chr18:0-14999999:3	chr18	p	0	14999999	chromothripsis;BFB	chromothripsis:canonical;BFB:noncanonicalB	chromothripsis	chromothripsis:canonical	chromothripsis	chromothripsis:canonical	True	False	True	partial_class	0.9960943938970648	chromothripsis	0.653368669438413	train	0.005585309503921504	0.023350954418107125	0.653368669438413	0.10812481422604277
CAPAN1:C1	CAPAN1	C1	1	CAPAN1:chr3:48716345-60308344:1	chr3	p	48716345	60308344					none	none	False	False	False	background	0.1991200889948206	ecDNA	0.35398210166086663	train	0.35398210166086663	0.19344742056060096	0.15389711507516377	0.01702530762021019
CAPAN1:C2	CAPAN1	C2	1	CAPAN1:chr7:81569598-101063738:2	chr7	q	81569598	101063738					none	none	False	False	False	background	0.6258505741848426	Seismic_Amplification	0.522780037423904	train	0.16305931237940946	0.522780037423904	0.08871513019853654	0.022384353580973935
CAPAN1:C3	CAPAN1	C3	1	CAPAN1:chr8:37066357-40194350:3	chr8	p	37066357	40194350					none	none	False	False	False	background	0.062038037312068584	chromothripsis	0.31248668789710904	train	0.025859280403673406	0.19991183724161693	0.31248668789710904	0.010389441754119641
CAPAN1:C4	CAPAN1	C4	1	CAPAN1:chr17:39540592-43756142:4	chr17	q	39540592	43756142	Seismic_Amplification;chromothripsis	Seismic_Amplification:noncanonical;chromothripsis:noncanonicalB	Seismic_Amplification	Seismic_Amplification:canonical	Seismic_Amplification	Seismic_Amplification:canonical	True	False	True	partial_class	0.9605448044681223	Seismic_Amplification	0.5454967342840258	train	0.10168518740966927	0.5454967342840258	0.04652557820816118	0.049473043368484376
CAPAN2:C1	CAPAN2	C1	1	CAPAN2:chr3:171842933-174865042:1	chr3	q	171842933	174865042	BFB	BFB:noncanonical	BFB	BFB:canonical	BFB	BFB:canonical	True	False	True	wrong_level	0.9843453108754	BFB	0.3368071474749058	train	0.03420007039393308	0.04718571133318213	0.0350537245930091	0.3368071474749058
CAPAN2:C2	CAPAN2	C2	1	CAPAN2:chr11:0-17181454:2	chr11	p	0	17181454					none	none	False	False	False	background	0.174504792422384	ecDNA	0.2985150328015898	train	0.2985150328015898	0.20864524673819576	0.2685017416209529	0.010923419345454972
CAPAN2:C3	CAPAN2	C3	1	CAPAN2:chr19:10941884-15447707:3	chr19	p	10941884	15447707	BFB	BFB:noncanonicalB	BFB	BFB:noncanonicalB	BFB	BFB:noncanonicalB	True	True	True	exact	0.9924447612973111	BFB	0.19340927545375217	train	0.015505758522216556	0.06091843030795939	0.055888421293239884	0.19340927545375217
CERV186:C1	CERV186	C1	1	CERV186:chr1:151000001-161727469:1	chr1	q	151000001	161727469					none	none	False	False	False	background	0.5120968379377733	Seismic_Amplification	0.3394665075239921	train	0.04314450777814446	0.3394665075239921	0.270678409107747	0.023973842630895633
CERV186:C2	CERV186	C2	1	CERV186:chr17:0-5345937:2	chr17	p	0	5345937	chromothripsis	chromothripsis:noncanonicalB	chromothripsis	chromothripsis:noncanonical	chromothripsis	chromothripsis:noncanonical	True	False	True	wrong_level	0.9885975877310866	chromothripsis	0.3446945584508124	train	0.009422918870122692	0.03883307002294148	0.3446945584508124	0.04363690137265882
CERV186:C3	CERV186	C3	1	CERV186:chrX:81324920-84146119:3	chrX	q	81324920	84146119					none	none	False	False	False	background	0.2531949073027094	chromothripsis	0.28589688763405485	train	0.007282583413388443	0.18615302965506217	0.28589688763405485	0.020841075052002927
CERV186:C4	CERV186	C4	1	CERV186:chrX:144991991-156040895:4	chrX	q	144991991	156040895					none	none	False	False	False	background	0.2031561502367333	chromothripsis	0.35159965710258717	train	0.05338198903047148	0.1088230881604033	0.35159965710258717	0.01449198420971331
CERV196:C1	CERV196	C1	1	CERV196:chr11:31804012-50999999:1	chr11	p	31804012	50999999	Seismic_Amplification	Seismic_Amplification:noncanonical	Seismic_Amplification	Seismic_Amplification:noncanonical	Seismic_Amplification	Seismic_Amplification:noncanonical	True	True	True	exact	0.9587092347503228	Seismic_Amplification	0.42155065831854366	train	0.2024670986198715	0.42155065831854366	0.04424596127160029	0.04736303193802551
CERV196:C2	CERV196	C2	1	CERV196:chr13:19000001-36658956:2	chr13	q	19000001	36658956	BFB	BFB:noncanonicalB	BFB	BFB:noncanonicalB	BFB	BFB:noncanonicalB	True	True	True	exact	0.9988465371621261	BFB	0.2208163516993011	train	0.0814285103777159	0.15066273573561528	0.05742619940170553	0.2208163516993011
CERV215:C1	CERV215	C1	1	CERV215:chr8:36884526-42999999:1	chr8	p	36884526	42999999	chromothripsis;BFB	chromothripsis:noncanonicalB;BFB:noncanonical	BFB	BFB:noncanonicalB	BFB	BFB:noncanonicalB	True	False	True	partial_class	0.9936141272476435	chromothripsis	0.22528259926206404	train	0.021217119039242827	0.0427073498370252	0.22528259926206404	0.13692267494318716
CERV215:C2	CERV215	C2	1	CERV215:chr11:93422105-102966723:2	chr11	q	93422105	102966723	ecDNA;Seismic_Amplification;BFB	ecDNA;Seismic_Amplification:noncanonical;BFB:noncanonical	ecDNA;Seismic_Amplification;BFB	ecDNA;Seismic_Amplification:canonical;BFB:canonical	ecDNA;Seismic_Amplification;BFB	ecDNA;Seismic_Amplification:canonical;BFB:canonical	True	False	True	wrong_level	0.9960476030299119	ecDNA	0.8695432594680899	train	0.8695432594680899	0.5745995859792847	0.007302518703966212	0.4479907706202604
CERV215:C3	CERV215	C3	1	CERV215:chr17:36651110-47994380:3	chr17	q	36651110	47994380	BFB	BFB:noncanonicalB			none	none	False	False	False	wrong	0.9933786257339317	chromothripsis	0.17843515002095112	train	0.04089181801278851	0.09892367339797596	0.17843515002095112	0.11129894654504979
CERV215:C4	CERV215	C4	1	CERV215:chr22:19000001-26749456:4	chr22	q	19000001	26749456					none	none	False	False	False	background	0.1505507261785631	chromothripsis	0.3982768668712022	train	0.09257834239250311	0.10382668881216672	0.3982768668712022	0.008562239966247878
CFPAC1:C1	CFPAC1	C1	1	CFPAC1:chr4:169433769-174050891:1	chr4	q	169433769	174050891	chromothripsis	chromothripsis:noncanonicalB	chromothripsis	chromothripsis:noncanonical	chromothripsis	chromothripsis:noncanonical	True	False	True	wrong_level	0.9728249073090174	chromothripsis	0.38692727734738674	train	0.03171147159531702	0.05592166730619195	0.38692727734738674	0.0696480038508919
CFPAC1:C2	CFPAC1	C2	1	CFPAC1:chr8:34116445-37127717:2	chr8	p	34116445	37127717	BFB	BFB:noncanonicalB	BFB	BFB:noncanonicalB	BFB	BFB:noncanonicalB	True	True	True	exact	0.9722610692879381	BFB	0.20868185935834263	train	0.013049795174791243	0.02745934877637587	0.0582163861400408	0.20868185935834263
CFPAC1:C3	CFPAC1	C3	1	CFPAC1:chr8:125817166-128418242:3	chr8	q	125817166	128418242	BFB	BFB:noncanonical	BFB	BFB:canonical	BFB	BFB:canonical	True	False	True	wrong_level	0.9948766137187182	BFB	0.47075712583475826	train	0.062124344343947195	0.1560539441802628	0.017288846726469947	0.47075712583475826
CFPAC1:C4	CFPAC1	C4	3	CFPAC1:chr11:45868884-50999999:4;CFPAC1:chr11:79558920-116268542:5;CFPAC1:chr11:126340678-135086622:6	chr11	p;q	45868884	135086622	chromothripsis	chromothripsis:noncanonical	chromothripsis	chromothripsis:canonical	chromothripsis	chromothripsis:canonical	True	False	True	wrong_level	0.9775471338408847	chromothripsis	0.7658350122323505	train	0.062467148076684	0.10859633047543038	0.7658350122323505	0.07718629492551493
CFPAC1:C5	CFPAC1	C5	1	CFPAC1:chr12:23200844-26346628:7	chr12	p	23200844	26346628	BFB	BFB:noncanonical	BFB	BFB:canonical	BFB	BFB:canonical	True	False	True	wrong_level	0.9940301347287146	BFB	0.3243186606591656	train	0.007780705588044757	0.03994251605798216	0.04312837855721186	0.3243186606591656
CFPAC1:C6	CFPAC1	C6	1	CFPAC1:chr12:75477540-85934539:8	chr12	q	75477540	85934539	chromothripsis	chromothripsis:noncanonicalB	chromothripsis	chromothripsis:noncanonical	chromothripsis	chromothripsis:noncanonical	True	False	True	wrong_level	0.9855441265931367	chromothripsis	0.3926254355401141	train	0.06334424388332563	0.04518309837976176	0.3926254355401141	0.06043714089781166
CFPAC1:C7	CFPAC1	C7	2	CFPAC1:chr17:37492981-44235604:9;CFPAC1:chr17:68423151-72496082:10	chr17	q	37492981	72496082	Seismic_Amplification;BFB	Seismic_Amplification:noncanonical;BFB:noncanonicalB	Seismic_Amplification	Seismic_Amplification:noncanonical	Seismic_Amplification	Seismic_Amplification:noncanonical	True	False	True	partial_class	0.9978283686662818	Seismic_Amplification	0.2878044053220631	train	0.04045483896024587	0.2878044053220631	0.05733107163954895	0.23769538421269873
CaSki:C1	CaSki	C1	1	CaSki:chr5:23506772-35239312:1	chr5	p	23506772	35239312	BFB	BFB:noncanonicalB	Seismic_Amplification	Seismic_Amplification:noncanonical	Seismic_Amplification	Seismic_Amplification:noncanonical	True	False	False	wrong	0.9833717558469408	Seismic_Amplification	0.21294703898279652	train	0.17852443291963557	0.21294703898279652	0.02849540149212462	0.18103681303927474
CaSki:C2	CaSki	C2	1	CaSki:chr6:20537162-26063624:2	chr6	p	20537162	26063624	chromothripsis	chromothripsis:noncanonicalB	chromothripsis	chromothripsis:noncanonical	chromothripsis	chromothripsis:noncanonical	True	False	True	wrong_level	0.9612887424909331	chromothripsis	0.44743376614024305	train	0.023722269907644294	0.03378987191415636	0.44743376614024305	0.05326059279938274
CaSki:C3	CaSki	C3	1	CaSki:chr6:63000001-65710352:3	chr6	q	63000001	65710352	Seismic_Amplification	Seismic_Amplification:noncanonical	Seismic_Amplification	Seismic_Amplification:canonical	Seismic_Amplification	Seismic_Amplification:canonical	True	False	True	wrong_level	0.969706034261446	Seismic_Amplification	0.6984278376101231	train	0.025483721484827835	0.6984278376101231	0.04241758769851249	0.057564376628189515
CaSki:C4	CaSki	C4	1	CaSki:chr7:45937204-57999999:4	chr7	p	45937204	57999999	BFB	BFB:noncanonicalB	Seismic_Amplification	Seismic_Amplification:noncanonical	Seismic_Amplification	Seismic_Amplification:noncanonical	True	False	False	wrong	0.9892172942728665	Seismic_Amplification	0.3763259842966235	train	0.04175271817817777	0.3763259842966235	0.03319957691431067	0.18661608551662384
CaSki:C5	CaSki	C5	1	CaSki:chr11:99652394-104394528:5	chr11	q	99652394	104394528	Seismic_Amplification;BFB	Seismic_Amplification:canonical;BFB:noncanonical	Seismic_Amplification;BFB	Seismic_Amplification:canonical;BFB:canonical	Seismic_Amplification;BFB	Seismic_Amplification:canonical;BFB:canonical	True	False	True	wrong_level	0.9947430615335685	Seismic_Amplification	0.7588790946801697	train	0.6142793271768578	0.7588790946801697	0.0068843315464649744	0.37718710539886646
CaSki:C6	CaSki	C6	1	CaSki:chr22:19000001-28664067:6	chr22	q	19000001	28664067			chromothripsis	chromothripsis:canonical	chromothripsis	chromothripsis:canonical	True	False	False	background	0.9004149998274733	chromothripsis	0.5297409740995626	train	0.053491935986620616	0.03640611999620355	0.5297409740995626	0.04218486012452795
CaSki:C7	CaSki	C7	1	CaSki:chrX:80448062-86099488:7	chrX	q	80448062	86099488	Seismic_Amplification;BFB	Seismic_Amplification:noncanonical;BFB:noncanonicalB	Seismic_Amplification	Seismic_Amplification:canonical	Seismic_Amplification	Seismic_Amplification:canonical	True	False	True	partial_class	0.9936935081516064	Seismic_Amplification	0.6284979984848481	train	0.19752057565677283	0.6284979984848481	0.012807280324270037	0.24102230201713165
DOTC2:C1	DOTC2	C1	1	DOTC2:chr1:50777662-67572663:1	chr1	p	50777662	67572663	Seismic_Amplification;BFB	Seismic_Amplification:noncanonical;BFB:noncanonicalB	Seismic_Amplification	Seismic_Amplification:noncanonical	Seismic_Amplification	Seismic_Amplification:noncanonical	True	False	True	partial_class	0.9938263462593571	Seismic_Amplification	0.3142129192213523	train	0.20159959899360883	0.3142129192213523	0.028501045239867826	0.20333963984480485
DOTC2:C2	DOTC2	C2	1	DOTC2:chr1:151000001-157274177:2	chr1	q	151000001	157274177	chromothripsis	chromothripsis:noncanonicalB	chromothripsis	chromothripsis:canonical	chromothripsis	chromothripsis:canonical	True	False	True	wrong_level	0.9933168012691836	chromothripsis	0.46856486940556935	train	0.012030299202859536	0.03274069522444129	0.46856486940556935	0.04775451647075017
DOTC2:C3	DOTC2	C3	1	DOTC2:chr4:52000001-58379854:3	chr4	q	52000001	58379854	BFB	BFB:noncanonicalB	BFB	BFB:noncanonicalB	BFB	BFB:noncanonicalB	True	True	True	exact	0.9942509038899529	chromothripsis	0.13397179493912384	train	0.028039224605203243	0.03353393499073036	0.13397179493912384	0.12527242584482706
DOTC2:C4	DOTC2	C4	1	DOTC2:chr6:135706334-146381524:4	chr6	q	135706334	146381524					none	none	False	False	False	background	0.44307711225520974	ecDNA	0.7000573594099029	train	0.7000573594099029	0.27031526718236687	0.07720261641486163	0.02450947173877534
DOTC2:C5	DOTC2	C5	1	DOTC2:chr7:13518946-20269876:5	chr7	p	13518946	20269876	chromothripsis	chromothripsis:canonical	chromothripsis	chromothripsis:canonical	chromothripsis	chromothripsis:canonical	True	True	True	exact	0.9933502783341054	chromothripsis	0.5817851584085095	train	0.006689472508382523	0.03554873776447334	0.5817851584085095	0.04483753834558093
DOTC2:C6	DOTC2	C6	1	DOTC2:chr11:46374227-50999999:6	chr11	p	46374227	50999999	BFB	BFB:noncanonicalB	chromothripsis	chromothripsis:noncanonicalB	chromothripsis	chromothripsis:noncanonicalB	True	False	False	wrong	0.9888223853891517	chromothripsis	0.2474553697827634	train	0.012847137343931598	0.060609810847062816	0.2474553697827634	0.0891160536591592
DOTC2:C7	DOTC2	C7	1	DOTC2:chr11:111434427-114924453:7	chr11	q	111434427	114924453	BFB	BFB:noncanonical	BFB	BFB:canonical	BFB	BFB:canonical	True	False	True	wrong_level	0.9929267303230309	BFB	0.32509546826030356	train	0.009054438418172125	0.04204448480496226	0.048793524531244505	0.32509546826030356
DOTC2:C8	DOTC2	C8	1	DOTC2:chr12:60924479-74275376:8	chr12	q	60924479	74275376	chromothripsis	chromothripsis:noncanonicalB	chromothripsis	chromothripsis:noncanonical	chromothripsis	chromothripsis:noncanonical	True	False	True	wrong_level	0.988693950844257	chromothripsis	0.4542536952005513	train	0.025405043885808394	0.0356878459658532	0.4542536952005513	0.046179550918416586
DOTC2:C9	DOTC2	C9	1	DOTC2:chr17:59420854-63886034:9	chr17	q	59420854	63886034					none	none	False	False	False	background	0.19211594679388355	chromothripsis	0.4351449666587527	train	0.02360002502840121	0.12274424787899559	0.4351449666587527	0.008560382209209624
DOTC2:C10	DOTC2	C10	1	DOTC2:chr18:35372218-44136546:10	chr18	q	35372218	44136546	chromothripsis	chromothripsis:noncanonical			none	none	False	False	False	wrong	0.7553651109734671	chromothripsis	0.5145144110335327	train	0.04300472265405394	0.04375528850313231	0.5145144110335327	0.021991234981924776
DOTC2:C11	DOTC2	C11	1	DOTC2:chr20:20039636-24999999:11	chr20	p	20039636	24999999	chromothripsis	chromothripsis:noncanonicalB	chromothripsis	chromothripsis:noncanonical	chromothripsis	chromothripsis:noncanonical	True	False	True	wrong_level	0.9536472631089238	chromothripsis	0.3480571173299773	train	0.00780521315123386	0.03213831479744843	0.3480571173299773	0.02918857957620086
DOTC2:C12	DOTC2	C12	1	DOTC2:chrX:146763144-156040895:12	chrX	q	146763144	156040895					none	none	False	False	False	background	0.4304743362003933	chromothripsis	0.3081237035755343	train	0.15563225226481536	0.10010508077547758	0.3081237035755343	0.03050440056585891
HOKUG:C1	HOKUG	C1	1	HOKUG:chr4:141456616-145575189:1	chr4	q	141456616	145575189	BFB	BFB:noncanonicalB	BFB	BFB:noncanonicalB	BFB	BFB:noncanonicalB	True	True	True	exact	0.9896181888228478	BFB	0.20556270552714476	train	0.05605568273127069	0.049214738400885444	0.10190898272970152	0.20556270552714476
HOKUG:C2	HOKUG	C2	1	HOKUG:chr22:46755296-50818468:2	chr22	q	46755296	50818468	BFB	BFB:noncanonicalB	BFB	BFB:noncanonicalB	BFB	BFB:noncanonicalB	True	True	True	exact	0.9786299754366743	BFB	0.1265372498954939	train	0.04386760161148089	0.08042485266995753	0.061174094635063264	0.1265372498954939
HOS:C1	HOS	C1	1	HOS:chr1:151000001-156195938:1	chr1	q	151000001	156195938					none	none	False	False	False	background	0.3155041510879518	chromothripsis	0.22365330802602917	train	0.10614105861393287	0.12704206504776602	0.22365330802602917	0.013000259342740697
HOS:C2	HOS	C2	1	HOS:chr2:46988610-49699079:2	chr2	p	46988610	49699079	chromothripsis	chromothripsis:noncanonicalB			none	none	False	False	False	wrong	0.7076809769488689	chromothripsis	0.3687393214075837	train	0.02420566165018585	0.08360197364330813	0.3687393214075837	0.05567913038757592
HOS:C3	HOS	C3	1	HOS:chr6:16115965-25720586:3	chr6	p	16115965	25720586	chromothripsis;BFB	chromothripsis:noncanonical;BFB:noncanonicalB	chromothripsis	chromothripsis:noncanonicalB	chromothripsis	chromothripsis:noncanonicalB	True	False	True	partial_class	0.990751349618383	chromothripsis	0.2577540379042762	train	0.058379763425984096	0.07917157200581706	0.2577540379042762	0.10507237788030306
HOS:C4	HOS	C4	1	HOS:chr6:49170621-51360264:4	chr6	p	49170621	51360264	BFB	BFB:noncanonicalB	BFB	BFB:noncanonicalB	BFB	BFB:noncanonicalB	True	True	True	exact	0.9779444730699155	BFB	0.20955501090264345	train	0.024620215071110625	0.04915486397451579	0.040137719599447334	0.20955501090264345
HOS:C5	HOS	C5	1	HOS:chr7:19941203-28593136:5	chr7	p	19941203	28593136					none	none	False	False	False	background	0.07033255989108426	chromothripsis	0.28777916494765676	train	0.12805564714755502	0.15972169542392411	0.28777916494765676	0.010126180803528166
HOS:C6	HOS	C6	1	HOS:chr7:63000001-70353239:6	chr7	q	63000001	70353239	BFB	BFB:noncanonicalB	BFB	BFB:noncanonicalB	BFB	BFB:noncanonicalB	True	True	True	exact	0.9981513390628858	BFB	0.1764655051716181	train	0.03594506644949308	0.06564531872125921	0.08754648763039054	0.1764655051716181
HOS:C7	HOS	C7	1	HOS:chr7:131039415-141230513:7	chr7	q	131039415	141230513					none	none	False	False	False	background	0.41666634637986083	chromothripsis	0.4442689864809411	train	0.04417303284179473	0.1012870088480808	0.4442689864809411	0.024865471675994937
HOS:C8	HOS	C8	1	HOS:chr11:115215034-125184658:8	chr11	q	115215034	125184658	Seismic_Amplification;BFB	Seismic_Amplification:noncanonical;BFB:noncanonicalB	Seismic_Amplification	Seismic_Amplification:noncanonical	Seismic_Amplification	Seismic_Amplification:noncanonical	True	False	True	partial_class	0.9914184464839825	Seismic_Amplification	0.3706071499535827	train	0.07359220562765047	0.3706071499535827	0.057162355218886136	0.14182209417217664
HOS:C9	HOS	C9	1	HOS:chr12:126179644-133275309:9	chr12	q	126179644	133275309	chromothripsis	chromothripsis:canonical	chromothripsis	chromothripsis:canonical	chromothripsis	chromothripsis:canonical	True	True	True	exact	0.832035848618789	chromothripsis	0.5356349293693353	train	0.01655471387230085	0.07228659116288921	0.5356349293693353	0.03674626006162498
HOS:C10	HOS	C10	1	HOS:chrX:40892836-45441048:10	chrX	p	40892836	45441048	BFB	BFB:noncanonicalB	chromothripsis	chromothripsis:noncanonicalB	chromothripsis	chromothripsis:noncanonicalB	True	False	False	wrong	0.9915997341277678	chromothripsis	0.23723435356155423	train	0.011091740972119034	0.047371670872948114	0.23723435356155423	0.13703775446486255
HeLa:C1	HeLa	C1	1	HeLa:chr2:178861687-197623598:1	chr2	q	178861687	197623598	chromothripsis	chromothripsis:noncanonical	chromothripsis	chromothripsis:canonical	chromothripsis	chromothripsis:canonical	True	False	True	wrong_level	0.9731169322707981	chromothripsis	0.597029102012573	train	0.0609529878201262	0.11105030188349282	0.597029102012573	0.08073739752882247
HeLa:C2	HeLa	C2	1	HeLa:chr5:31906131-45999999:2	chr5	p	31906131	45999999	Seismic_Amplification	Seismic_Amplification:canonical	Seismic_Amplification	Seismic_Amplification:canonical	Seismic_Amplification	Seismic_Amplification:canonical	True	True	True	exact	0.9519459889179909	Seismic_Amplification	0.7022757747110788	train	0.028961715567181096	0.7022757747110788	0.040849078660828535	0.05100584570553833
HeLa:C3	HeLa	C3	1	HeLa:chr6:33257934-38053809:3	chr6	p	33257934	38053809					none	none	False	False	False	background	0.14271551971094804	chromothripsis	0.26560562639584745	train	0.03225733350966308	0.19323175560271566	0.26560562639584745	0.016100298390211872
HeLa:C4	HeLa	C4	1	HeLa:chr11:20400801-30278058:4	chr11	p	20400801	30278058	chromothripsis	chromothripsis:noncanonical	chromothripsis	chromothripsis:canonical	chromothripsis	chromothripsis:canonical	True	False	True	wrong_level	0.9397644566580818	chromothripsis	0.6395919829585877	train	0.016742481715722478	0.05438162343117215	0.6395919829585877	0.053232973015658276
HeLa:C5	HeLa	C5	1	HeLa:chr11:44892122-75358809:5	chr11	mixed	44892122	75358809	Seismic_Amplification;chromothripsis;BFB	Seismic_Amplification:canonical;chromothripsis:noncanonical;BFB:noncanonicalB	Seismic_Amplification;chromothripsis	Seismic_Amplification:canonical;chromothripsis:canonical	Seismic_Amplification;chromothripsis	Seismic_Amplification:canonical;chromothripsis:canonical	True	False	True	partial_class	0.999623955336862	Seismic_Amplification	0.953502039742682	train	0.001544920508278424	0.953502039742682	0.47478630138432215	0.1981667622795853
HeLa:C6	HeLa	C6	1	HeLa:chr12:44288126-56020661:6	chr12	q	44288126	56020661	Seismic_Amplification	Seismic_Amplification:noncanonical	Seismic_Amplification	Seismic_Amplification:canonical	Seismic_Amplification	Seismic_Amplification:canonical	True	False	True	wrong_level	0.9162118366928347	Seismic_Amplification	0.6113347854350537	train	0.026506963489660064	0.6113347854350537	0.08938890738469246	0.03258591142695983
HeLa:C7	HeLa	C7	1	HeLa:chr17:59834629-64566240:7	chr17	q	59834629	64566240	chromothripsis	chromothripsis:noncanonical	chromothripsis	chromothripsis:canonical	chromothripsis	chromothripsis:canonical	True	False	True	wrong_level	0.881206898987483	chromothripsis	0.5146721022368222	train	0.008775872883913573	0.11698630174296767	0.5146721022368222	0.05442404808777503
JHUS_nk1:C1	JHUS_nk1	C1	1	JHUS_nk1:chr4:52000001-57524617:1	chr4	q	52000001	57524617	BFB	BFB:noncanonicalB	BFB	BFB:noncanonicalB	BFB	BFB:noncanonicalB	True	True	True	exact	0.975830145010755	BFB	0.17940790047462613	train	0.06851618716657643	0.05673344101960293	0.10774544098774387	0.17940790047462613
JHUS_nk1:C2	JHUS_nk1	C2	1	JHUS_nk1:chr5:52000001-54127521:2	chr5	q	52000001	54127521	BFB	BFB:noncanonicalB	BFB	BFB:noncanonicalB	BFB	BFB:noncanonicalB	True	True	True	exact	0.9897778844869876	BFB	0.2443353591037919	train	0.007416653208512193	0.05252497312720193	0.0722944579711714	0.2443353591037919
JHUS_nk1:C3	JHUS_nk1	C3	1	JHUS_nk1:chr8:93211252-107679084:3	chr8	q	93211252	107679084	Seismic_Amplification;BFB	Seismic_Amplification:noncanonical;BFB:noncanonicalB	Seismic_Amplification;BFB	Seismic_Amplification:noncanonical;BFB:canonical	Seismic_Amplification;BFB	Seismic_Amplification:noncanonical;BFB:canonical	True	False	True	wrong_level	0.9967389456595807	Seismic_Amplification	0.44192409834844715	train	0.32896756401605687	0.44192409834844715	0.017707105975854592	0.3263489246785079
JHUS_nk1:C4	JHUS_nk1	C4	1	JHUS_nk1:chr18:22000001-30714668:4	chr18	q	22000001	30714668	chromothripsis	chromothripsis:noncanonicalB	chromothripsis	chromothripsis:canonical	chromothripsis	chromothripsis:canonical	True	False	True	wrong_level	0.9839874500522776	chromothripsis	0.4766720426612154	train	0.029650198974206395	0.04168292953107118	0.4766720426612154	0.05039202302526559
JHUS_nk1:C5	JHUS_nk1	C5	1	JHUS_nk1:chrX:0-3711885:5	chrX	p	0	3711885	chromothripsis	chromothripsis:noncanonicalB	chromothripsis	chromothripsis:noncanonicalB	chromothripsis	chromothripsis:noncanonicalB	True	True	True	exact	0.9770539633140656	chromothripsis	0.25487548660835263	train	0.025457043410834372	0.05403742328914249	0.25487548660835263	0.0651460140614641
MDA_MD_361:C1	MDA_MD_361	C1	1	MDA_MD_361:chr1:176691368-179785347:1	chr1	q	176691368	179785347	chromothripsis	chromothripsis:noncanonicalB	chromothripsis	chromothripsis:noncanonicalB	chromothripsis	chromothripsis:noncanonicalB	True	True	True	exact	0.9846337711884138	chromothripsis	0.25826259050645367	train	0.017189843179425148	0.07193808039259529	0.25826259050645367	0.0754775617801501
MDA_MD_361:C2	MDA_MD_361	C2	1	MDA_MD_361:chr2:104483566-107670061:2	chr2	q	104483566	107670061	BFB	BFB:noncanonicalB	BFB	BFB:noncanonicalB	BFB	BFB:noncanonicalB	True	True	True	exact	0.9959008514458415	BFB	0.21719354307674277	train	0.004708732253803213	0.04297516822286663	0.09773284789906321	0.21719354307674277
MDA_MD_361:C3	MDA_MD_361	C3	1	MDA_MD_361:chr2:155750530-163816134:3	chr2	q	155750530	163816134	chromothripsis	chromothripsis:noncanonicalB	chromothripsis	chromothripsis:noncanonical	chromothripsis	chromothripsis:noncanonical	True	False	True	wrong_level	0.9880598355882716	chromothripsis	0.3560819912386715	train	0.030286423510718894	0.07102071940893884	0.3560819912386715	0.08123805881723072
MDA_MD_361:C4	MDA_MD_361	C4	1	MDA_MD_361:chr6:0-45857529:4	chr6	p	0	45857529	chromothripsis	chromothripsis:noncanonical	chromothripsis	chromothripsis:noncanonical	chromothripsis	chromothripsis:noncanonical	True	True	True	exact	0.9774205459361719	chromothripsis	0.40531889605462107	train	0.1487639990958848	0.12772424695656767	0.40531889605462107	0.0417332629727984
MDA_MD_361:C5	MDA_MD_361	C5	1	MDA_MD_361:chr7:70333668-77065396:5	chr7	q	70333668	77065396	chromothripsis	chromothripsis:noncanonical	chromothripsis	chromothripsis:canonical	chromothripsis	chromothripsis:canonical	True	False	True	wrong_level	0.9930338332837234	chromothripsis	0.5281071102556043	train	0.022868892969445834	0.08210655517309177	0.5281071102556043	0.0648631532839819
MDA_MD_361:C6	MDA_MD_361	C6	2	MDA_MD_361:chr9:17274853-37999999:6;MDA_MD_361:chr11:67893669-71061827:8	chr11;chr9	p;q	17274853	71061827	Seismic_Amplification	Seismic_Amplification:noncanonical	Seismic_Amplification	Seismic_Amplification:noncanonical	Seismic_Amplification	Seismic_Amplification:noncanonical	True	True	True	exact	0.9814917174197975	Seismic_Amplification	0.4825083942851329	train	0.2014751577960887	0.4825083942851329	0.1331640118795759	0.075836621736921
MDA_MD_361:C7	MDA_MD_361	C7	2	MDA_MD_361:chr10:5169057-11665508:7;MDA_MD_361:chr16:51942547-78700068:11	chr10;chr16	p;q	5169057	78700068	chromothripsis;BFB	chromothripsis:noncanonical;BFB:noncanonicalB	chromothripsis	chromothripsis:noncanonical	chromothripsis	chromothripsis:noncanonical	True	False	True	partial_class	0.9946329430266752	chromothripsis	0.3993394104335639	train	0.0807520680300968	0.08183349001063998	0.3993394104335639	0.08926830857727981
MDA_MD_361:C8	MDA_MD_361	C8	1	MDA_MD_361:chr12:79507051-108683644:9	chr12	q	79507051	108683644	Seismic_Amplification;BFB	Seismic_Amplification:noncanonical;BFB:noncanonicalB	BFB	BFB:noncanonicalB	BFB	BFB:noncanonicalB	True	False	True	partial_class	0.9953746328706107	BFB	0.22164572913128017	train	0.1357901399453766	0.19108221257054092	0.15487467898200416	0.22164572913128017
MDA_MD_361:C9	MDA_MD_361	C9	1	MDA_MD_361:chr14:47643782-51330988:10	chr14	q	47643782	51330988	BFB	BFB:noncanonical	BFB	BFB:canonical	BFB	BFB:canonical	True	False	True	wrong_level	0.9887492400984711	BFB	0.2676137480582018	train	0.015619495033313951	0.10140385112216467	0.032782489879762754	0.2676137480582018
MDA_MD_361:C10	MDA_MD_361	C10	1	MDA_MD_361:chr17:28000001-83257441:12	chr17	q	28000001	83257441	Seismic_Amplification;BFB	Seismic_Amplification:noncanonical;BFB:noncanonicalB	Seismic_Amplification	Seismic_Amplification:noncanonical	Seismic_Amplification	Seismic_Amplification:noncanonical	True	False	True	partial_class	0.9971953347216732	Seismic_Amplification	0.4015001038917934	train	0.08193788175561643	0.4015001038917934	0.07412152248387364	0.12926806313622347
MDA_MD_361:C11	MDA_MD_361	C11	1	MDA_MD_361:chr20:32000001-64444167:13	chr20	q	32000001	64444167	BFB	BFB:noncanonicalB	BFB	BFB:noncanonicalB	BFB	BFB:noncanonicalB	True	True	True	exact	0.9985581656016723	chromothripsis	0.16077493593518316	train	0.04957913566101901	0.05374202299453763	0.16077493593518316	0.1503584645466074
MDA_MD_453:C1	MDA_MD_453	C1	3	MDA_MD_453:chr11:5412452-30053792:1;MDA_MD_453:chr11:65963805-104848322:2;MDA_MD_453:chr17:39541414-83257441:3	chr11;chr17	p;q	5412452	104848322	Seismic_Amplification	Seismic_Amplification:noncanonical	Seismic_Amplification	Seismic_Amplification:noncanonical	Seismic_Amplification	Seismic_Amplification:noncanonical	True	True	True	exact	0.9949871358511954	Seismic_Amplification	0.29003870390144737	train	0.22356833103901536	0.29003870390144737	0.18221262028388693	0.10178408227255747
MDA_MD_453:C2	MDA_MD_453	C2	1	MDA_MD_453:chr22:46258149-50818468:4	chr22	q	46258149	50818468					none	none	False	False	False	background	0.0762554881944301	chromothripsis	0.31351359882540275	train	0.015148367731823752	0.3030776922228899	0.31351359882540275	0.016733904072421302
ME180:C1	ME180	C1	1	ME180:chr7:10499860-18905252:1	chr7	p	10499860	18905252					none	none	False	False	False	background	0.1075969819779633	chromothripsis	0.28803248365851	test	0.10708247294793556	0.1635953060603161	0.28803248365851	0.01851523085826786
ME180:C2	ME180	C2	1	ME180:chr7:63000001-74291634:2	chr7	q	63000001	74291634	chromothripsis	chromothripsis:noncanonicalB	chromothripsis	chromothripsis:canonical	chromothripsis	chromothripsis:canonical	True	False	True	wrong_level	0.978898258363895	chromothripsis	0.4678486767863852	test	0.08289232040432386	0.04623729165941311	0.4678486767863852	0.07456748933897415
ME180:C3	ME180	C3	1	ME180:chr10:57791209-62454072:3	chr10	q	57791209	62454072	BFB	BFB:noncanonicalB	BFB	BFB:noncanonicalB	BFB	BFB:noncanonicalB	True	True	True	exact	0.9871051226727955	BFB	0.1714317364930175	test	0.012800584085624322	0.14489212180668887	0.10300107637263001	0.1714317364930175
ME180:C4	ME180	C4	1	ME180:chr17:28000001-32569913:4	chr17	q	28000001	32569913	chromothripsis	chromothripsis:noncanonicalB	chromothripsis	chromothripsis:noncanonical	chromothripsis	chromothripsis:noncanonical	True	False	True	wrong_level	0.9587514019890194	chromothripsis	0.4166710040339515	test	0.01785096208852476	0.04002249958774449	0.4166710040339515	0.04547808150025631
MS751:C1	MS751	C1	2	MS751:chr7:48283690-57999999:1;MS751:chr7:106848449-115027870:2	chr7	p;q	48283690	115027870	Seismic_Amplification	Seismic_Amplification:noncanonical	Seismic_Amplification	Seismic_Amplification:canonical	Seismic_Amplification	Seismic_Amplification:canonical	True	False	True	wrong_level	0.9646344310962575	Seismic_Amplification	0.6758632598713135	train	0.23551687273780875	0.6758632598713135	0.12612551758305512	0.1362919340448473
MS751:C2	MS751	C2	1	MS751:chr11:33747903-50999999:3	chr11	p	33747903	50999999	chromothripsis;BFB	chromothripsis:noncanonical;BFB:noncanonicalB	BFB	BFB:noncanonicalB	BFB	BFB:noncanonicalB	True	False	True	partial_class	0.993348684371272	BFB	0.18827964854698834	train	0.030732162318912633	0.046425278722314174	0.16996162846612695	0.18827964854698834
MS751:C3	MS751	C3	1	MS751:chr15:37362100-45708613:4	chr15	q	37362100	45708613	BFB	BFB:noncanonicalB	BFB	BFB:noncanonicalB	BFB	BFB:noncanonicalB	True	True	True	exact	0.9946571520424617	BFB	0.229099127694732	train	0.03990096509288978	0.10709945759073555	0.025199530776480995	0.229099127694732
MS751:C4	MS751	C4	1	MS751:chr16:69041496-72273989:5	chr16	q	69041496	72273989					none	none	False	False	False	background	0.25570683889915646	chromothripsis	0.5311751505935698	train	0.007672482921747137	0.17526223889659348	0.5311751505935698	0.011773852929865823
MS751:C5	MS751	C5	1	MS751:chr19:47170733-58617616:6	chr19	q	47170733	58617616	chromothripsis	chromothripsis:noncanonicalB	chromothripsis	chromothripsis:noncanonical	chromothripsis	chromothripsis:noncanonical	True	False	True	wrong_level	0.9882975307394933	chromothripsis	0.29307703845911637	train	0.024372514738575962	0.048641387027268376	0.29307703845911637	0.04508718825160054
MS751:C6	MS751	C6	1	MS751:chr21:19398366-46709983:7	chr21	q	19398366	46709983	chromothripsis	chromothripsis:noncanonical	chromothripsis	chromothripsis:noncanonical	chromothripsis	chromothripsis:noncanonical	True	True	True	exact	0.9915978393142902	chromothripsis	0.4028377438597818	train	0.06680159408086621	0.14206704841321563	0.4028377438597818	0.04965961428872672
QGU:C1	QGU	C1	1	QGU:chr2:115422297-144073596:1	chr2	q	115422297	144073596	chromothripsis	chromothripsis:canonical	chromothripsis	chromothripsis:canonical	chromothripsis	chromothripsis:canonical	True	True	True	exact	0.9734518777661425	chromothripsis	0.6096942556229574	train	0.06055999742053253	0.058169658870748396	0.6096942556229574	0.05191325047517604
QGU:C2	QGU	C2	1	QGU:chr3:172406302-179767780:2	chr3	q	172406302	179767780					none	none	False	False	False	background	0.08043728456515076	chromothripsis	0.2959116478861184	train	0.15701531906164085	0.22733399829036624	0.2959116478861184	0.012079899718925828
QGU:C3	QGU	C3	1	QGU:chr5:176778825-181538259:3	chr5	q	176778825	181538259	BFB	BFB:noncanonicalB	BFB	BFB:canonical	BFB	BFB:canonical	True	False	True	wrong_level	0.9937240961745849	BFB	0.29667447689057797	train	0.012079319295266039	0.049928138096422416	0.06642709321581237	0.29667447689057797
QGU:C4	QGU	C4	1	QGU:chr9:127119959-130795122:4	chr9	q	127119959	130795122	Seismic_Amplification;chromothripsis;BFB	Seismic_Amplification:noncanonical;chromothripsis:noncanonicalB;BFB:noncanonicalB	Seismic_Amplification	Seismic_Amplification:canonical	Seismic_Amplification	Seismic_Amplification:canonical	True	False	True	partial_class	0.9878472154714808	Seismic_Amplification	0.5065614697797887	train	0.028350915991581304	0.5065614697797887	0.027267349997279845	0.20078811366397203
QGU:C5	QGU	C5	1	QGU:chr11:93742459-102600648:5	chr11	q	93742459	102600648	ecDNA;Seismic_Amplification;BFB	ecDNA;Seismic_Amplification:noncanonical;BFB:noncanonical	ecDNA;Seismic_Amplification;BFB	ecDNA;Seismic_Amplification:canonical;BFB:canonical	ecDNA;Seismic_Amplification;BFB	ecDNA;Seismic_Amplification:canonical;BFB:canonical	True	False	True	wrong_level	0.9959261881356773	ecDNA	0.8589640382336907	train	0.8589640382336907	0.6884345316998467	0.004910696863117794	0.36234358632975466
QGU:C6	QGU	C6	1	QGU:chr15:39234408-44841817:6	chr15	q	39234408	44841817	BFB	BFB:noncanonicalB	BFB	BFB:noncanonicalB	BFB	BFB:noncanonicalB	True	True	True	exact	0.9968119629443924	BFB	0.22263640166116377	train	0.021526980591518547	0.21950993326189383	0.04055148817637761	0.22263640166116377
QGU:C7	QGU	C7	1	QGU:chr18:0-14999999:7	chr18	p	0	14999999	BFB	BFB:noncanonicalB	BFB	BFB:noncanonicalB	BFB	BFB:noncanonicalB	True	True	True	exact	0.996197303526505	BFB	0.1817059316565421	train	0.08413791487941083	0.15746547355570262	0.05030672958072516	0.1817059316565421
QGU:C8	QGU	C8	1	QGU:chr19:10628859-17258292:8	chr19	p	10628859	17258292					none	none	False	False	False	background	0.22217748285937552	chromothripsis	0.382337234465269	train	0.05397889306258337	0.08213469812926971	0.382337234465269	0.010571665645983521
SCC090:C1	SCC090	C1	1	SCC090:chr11:42492627-50999999:1	chr11	p	42492627	50999999	chromothripsis	chromothripsis:noncanonicalB			none	none	False	False	False	wrong	0.5915523122292499	chromothripsis	0.314986605051427	train	0.07277856356089016	0.08002637696764277	0.314986605051427	0.019904834536811432
SCC090:C2	SCC090	C2	1	SCC090:chr13:25010024-30018501:2	chr13	q	25010024	30018501	Seismic_Amplification;BFB	Seismic_Amplification:noncanonical;BFB:noncanonical	BFB	BFB:canonical	BFB	BFB:canonical	True	False	True	partial_class	0.9990144233069069	BFB	0.328221447197574	train	0.13210065045075825	0.20118590604141634	0.0196911175133561	0.328221447197574
SCC154:C1	SCC154	C1	1	SCC154:chr3:11563306-15377266:1	chr3	p	11563306	15377266	BFB	BFB:noncanonicalB	BFB	BFB:canonical	BFB	BFB:canonical	True	False	True	wrong_level	0.9935357262007987	BFB	0.3063205242882039	test	0.010343697465676118	0.03404408660304066	0.06461287035474626	0.3063205242882039
SCC154:C2	SCC154	C2	1	SCC154:chr8:7382377-18646857:2	chr8	p	7382377	18646857					none	none	False	False	False	background	0.4070787410149072	chromothripsis	0.4702305132818392	test	0.0658724373962841	0.11997493375916199	0.4702305132818392	0.023889663873451445
SCC154:C3	SCC154	C3	1	SCC154:chr10:0-7022269:3	chr10	p	0	7022269	chromothripsis	chromothripsis:noncanonicalB	chromothripsis	chromothripsis:noncanonicalB	chromothripsis	chromothripsis:noncanonicalB	True	True	True	exact	0.976676455605928	chromothripsis	0.2835331672428617	test	0.05256003386648377	0.047393011046354204	0.2835331672428617	0.05813293943804712
SCC154:C4	SCC154	C4	1	SCC154:chr11:101229977-104063433:4	chr11	q	101229977	104063433	Seismic_Amplification;BFB	Seismic_Amplification:canonical;BFB:noncanonical	Seismic_Amplification;BFB	Seismic_Amplification:noncanonical;BFB:canonical	Seismic_Amplification;BFB	Seismic_Amplification:noncanonical;BFB:canonical	True	False	True	wrong_level	0.9964076145931787	Seismic_Amplification	0.48738089110642835	test	0.22665671189783998	0.48738089110642835	0.01259112494047854	0.40640836631479804
SKBR3:C1	SKBR3	C1	3	SKBR3:chr3:0-39561702:1;SKBR3:chr3:151354228-158466862:2;SKBR3:chr3:178278467-198295559:3	chr3	p;q	0	198295559	Seismic_Amplification	Seismic_Amplification:noncanonical	Seismic_Amplification	Seismic_Amplification:canonical	Seismic_Amplification	Seismic_Amplification:canonical	True	False	True	wrong_level	0.9800407152163907	Seismic_Amplification	0.6554102204987243	train	0.14639790490898227	0.6554102204987243	0.11707371289930198	0.11278925076423389
SKBR3:C2	SKBR3	C2	1	SKBR3:chr5:138061704-142822544:4	chr5	q	138061704	142822544	chromothripsis;BFB	chromothripsis:noncanonicalB;BFB:noncanonicalB	BFB	BFB:noncanonicalB	BFB	BFB:noncanonicalB	True	False	True	partial_class	0.9923772750397652	chromothripsis	0.19421109469881143	train	0.016366621562637598	0.0781463076808422	0.19421109469881143	0.14059179004100245
SKBR3:C3	SKBR3	C3	1	SKBR3:chr5:155073273-164481680:5	chr5	q	155073273	164481680	chromothripsis;BFB	chromothripsis:noncanonicalB;BFB:noncanonical	BFB	BFB:canonical	BFB	BFB:canonical	True	False	True	partial_class	0.993721585786095	BFB	0.4117064328211607	train	0.18564345779950567	0.13364001751654075	0.035709726926926644	0.4117064328211607
SKBR3:C4	SKBR3	C4	1	SKBR3:chr6:0-8775217:6	chr6	p	0	8775217	chromothripsis	chromothripsis:noncanonical	chromothripsis	chromothripsis:canonical	chromothripsis	chromothripsis:canonical	True	False	True	wrong_level	0.9942711470026832	chromothripsis	0.4858605256224044	train	0.008726526009426373	0.0703595807907297	0.4858605256224044	0.048566440109964276
SKBR3:C5	SKBR3	C5	1	SKBR3:chr6:24683776-34294777:7	chr6	p	24683776	34294777	BFB	BFB:noncanonicalB	BFB	BFB:noncanonicalB	BFB	BFB:noncanonicalB	True	True	True	exact	0.9953130329219548	BFB	0.235986000753126	train	0.02524152176464822	0.03722693376585179	0.1090286509551343	0.235986000753126
SKBR3:C6	SKBR3	C6	2	SKBR3:chr7:114215974-117502838:8;SKBR3:chr7:128941972-133164006:9	chr7	q	114215974	133164006	Seismic_Amplification;BFB	Seismic_Amplification:noncanonical;BFB:noncanonicalB	Seismic_Amplification	Seismic_Amplification:canonical	Seismic_Amplification	Seismic_Amplification:canonical	True	False	True	partial_class	0.9900275510809033	Seismic_Amplification	0.6764256103139773	train	0.021263507115340228	0.6764256103139773	0.1798796388117833	0.12420980527181572
SKBR3:C7	SKBR3	C7	3	SKBR3:chr8:70318233-91550065:10;SKBR3:chr8:103691910-145138636:11;SKBR3:chr14:45524644-68507616:13	chr14;chr8	q	45524644	145138636	ecDNA;Seismic_Amplification;BFB	ecDNA;Seismic_Amplification:noncanonical;BFB:noncanonicalB	ecDNA;Seismic_Amplification;BFB	ecDNA;Seismic_Amplification:canonical;BFB:canonical	ecDNA;Seismic_Amplification;BFB	ecDNA;Seismic_Amplification:canonical;BFB:canonical	True	False	True	wrong_level	0.995803945223226	ecDNA	0.9694709466754491	train	0.9694709466754491	0.7323346363400938	0.03720799373170795	0.36041496936381645
SKBR3:C8	SKBR3	C8	1	SKBR3:chr10:55213168-71714103:12	chr10	q	55213168	71714103	Seismic_Amplification;BFB	Seismic_Amplification:noncanonical;BFB:noncanonicalB	Seismic_Amplification	Seismic_Amplification:noncanonical	Seismic_Amplification	Seismic_Amplification:noncanonical	True	False	True	partial_class	0.9964891156718897	Seismic_Amplification	0.4681028717161383	train	0.11815504112198821	0.4681028717161383	0.022786581488827153	0.2136303381354733
SKBR3:C9	SKBR3	C9	1	SKBR3:chr17:39120759-42420153:14	chr17	q	39120759	42420153	Seismic_Amplification;BFB	Seismic_Amplification:noncanonical;BFB:noncanonicalB	Seismic_Amplification	Seismic_Amplification:canonical	Seismic_Amplification	Seismic_Amplification:canonical	True	False	True	partial_class	0.997654526768151	Seismic_Amplification	0.49090367440317484	train	0.34892627073573673	0.49090367440317484	0.01136162306230896	0.21115259086799743
SKBR3:C10	SKBR3	C10	1	SKBR3:chr17:67753703-83257441:15	chr17	q	67753703	83257441	Seismic_Amplification	Seismic_Amplification:noncanonical	Seismic_Amplification	Seismic_Amplification:noncanonical	Seismic_Amplification	Seismic_Amplification:noncanonical	True	True	True	exact	0.9470465596094326	Seismic_Amplification	0.4860838550043875	train	0.1280388634204862	0.4860838550043875	0.059662122772724965	0.03903845298011632
SKBR3:C11	SKBR3	C11	1	SKBR3:chr18:47315093-56791383:16	chr18	q	47315093	56791383					none	none	False	False	False	background	0.2710397849955392	chromothripsis	0.34339197722565284	train	0.05014428545627379	0.0988778208228958	0.34339197722565284	0.01975885276894423
SKBR3:C12	SKBR3	C12	1	SKBR3:chr19:52741290-58617616:17	chr19	q	52741290	58617616	chromothripsis	chromothripsis:noncanonicalB	chromothripsis	chromothripsis:noncanonical	chromothripsis	chromothripsis:noncanonical	True	False	True	wrong_level	0.9839504209241607	chromothripsis	0.37366265920418223	train	0.007442977622540953	0.039635472033374156	0.37366265920418223	0.04046787199773874
SKBR3:C13	SKBR3	C13	1	SKBR3:chr20:9564034-58962673:18	chr20	mixed	9564034	58962673	Seismic_Amplification;BFB	Seismic_Amplification:canonical;BFB:noncanonicalB	Seismic_Amplification	Seismic_Amplification:canonical	Seismic_Amplification	Seismic_Amplification:canonical	True	False	True	partial_class	0.9993904304620098	Seismic_Amplification	0.9940515678491302	train	0.010114668342233476	0.9940515678491302	0.11369906538238601	0.19003933683987584
SKBR3:C14	SKBR3	C14	1	SKBR3:chr22:46498609-50818468:19	chr22	q	46498609	50818468					none	none	False	False	False	background	0.13452530967369442	chromothripsis	0.2835740947886183	train	0.02215314612947946	0.24420145140401775	0.2835740947886183	0.01173607483637818
SNU1000:C1	SNU1000	C1	1	SNU1000:chr2:189545608-197927733:1	chr2	q	189545608	197927733	BFB	BFB:noncanonical	BFB	BFB:noncanonicalB	BFB	BFB:noncanonicalB	True	False	True	wrong_level	0.9952965365288572	chromothripsis	0.2293848697052421	train	0.023119813351735154	0.061307104684971254	0.2293848697052421	0.21197752833243677
SNU1000:C2	SNU1000	C2	1	SNU1000:chr3:0-10257984:2	chr3	p	0	10257984					none	none	False	False	False	background	0.33011378971773664	chromothripsis	0.48079694892502706	train	0.09067087227167081	0.08706257739214548	0.48079694892502706	0.018211983085832956
SNU1000:C3	SNU1000	C3	1	SNU1000:chr6:63000001-65279176:3	chr6	q	63000001	65279176	Seismic_Amplification;BFB	Seismic_Amplification:canonical;BFB:noncanonical	Seismic_Amplification	Seismic_Amplification:canonical	Seismic_Amplification	Seismic_Amplification:canonical	True	False	True	partial_class	0.9966763134978445	Seismic_Amplification	0.5596285733326456	train	0.031982615873027156	0.5596285733326456	0.010446692969934553	0.25393735785615107
SNU1000:C4	SNU1000	C4	1	SNU1000:chr11:100077105-102913626:4	chr11	q	100077105	102913626	ecDNA;Seismic_Amplification;BFB	ecDNA;Seismic_Amplification:noncanonical;BFB:noncanonical	ecDNA;Seismic_Amplification;BFB	ecDNA;Seismic_Amplification:canonical;BFB:canonical	ecDNA;Seismic_Amplification;BFB	ecDNA;Seismic_Amplification:canonical;BFB:canonical	True	False	True	wrong_level	0.9954871450171543	ecDNA	0.8364307745658651	train	0.8364307745658651	0.7687432970029141	0.0045055688440542654	0.3652348476769739
SNU1000:C5	SNU1000	C5	1	SNU1000:chr16:46000001-57779990:5	chr16	q	46000001	57779990	chromothripsis	chromothripsis:noncanonicalB	chromothripsis	chromothripsis:noncanonical	chromothripsis	chromothripsis:noncanonical	True	False	True	wrong_level	0.9405776024557467	chromothripsis	0.45669847347067133	train	0.030875996127828566	0.028792172756183287	0.45669847347067133	0.03919872479129266
SNU1000:C6	SNU1000	C6	1	SNU1000:chr19:0-7902715:6	chr19	p	0	7902715	chromothripsis	chromothripsis:noncanonicalB	chromothripsis	chromothripsis:noncanonical	chromothripsis	chromothripsis:noncanonical	True	False	True	wrong_level	0.9594796682762006	chromothripsis	0.3445849468138073	train	0.01755152408221501	0.03130940806848733	0.3445849468138073	0.03673873316395397
SNU1005:C1	SNU1005	C1	1	SNU1005:chr1:164651675-169240920:1	chr1	q	164651675	169240920	BFB	BFB:canonical	BFB	BFB:canonical	BFB	BFB:canonical	True	True	True	exact	0.9898938740218048	BFB	0.34338293263805775	train	0.011157799757794983	0.02704228398156784	0.0702851055475771	0.34338293263805775
SNU1005:C2	SNU1005	C2	1	SNU1005:chr3:162515130-188635593:2	chr3	q	162515130	188635593					none	none	False	False	False	background	0.5359967929115101	Seismic_Amplification	0.4626141915384469	train	0.060753535639508326	0.4626141915384469	0.2074484838899904	0.026604391773525242
SNU1005:C3	SNU1005	C3	1	SNU1005:chr5:11163896-18765239:3	chr5	p	11163896	18765239	Seismic_Amplification	Seismic_Amplification:canonical	Seismic_Amplification	Seismic_Amplification:canonical	Seismic_Amplification	Seismic_Amplification:canonical	True	True	True	exact	0.9142344487426187	Seismic_Amplification	0.6888510722771893	train	0.04022656375532948	0.6888510722771893	0.047905357281425504	0.06684179434318381
SNU1005:C4	SNU1005	C4	1	SNU1005:chr5:52275188-56218111:4	chr5	q	52275188	56218111	Seismic_Amplification;BFB	Seismic_Amplification:canonical;BFB:noncanonical	Seismic_Amplification	Seismic_Amplification:canonical	Seismic_Amplification	Seismic_Amplification:canonical	True	False	True	partial_class	0.9981552503957164	Seismic_Amplification	0.6883155444298704	train	0.3859679490724924	0.6883155444298704	0.00705757376186034	0.2631087701148782
SNU1005:C5	SNU1005	C5	1	SNU1005:chr6:51101197-57999999:5	chr6	p	51101197	57999999	Seismic_Amplification	Seismic_Amplification:noncanonical	Seismic_Amplification	Seismic_Amplification:noncanonical	Seismic_Amplification	Seismic_Amplification:noncanonical	True	True	True	exact	0.967125474363318	Seismic_Amplification	0.48192429342073567	train	0.05986558661315723	0.48192429342073567	0.05372986342370408	0.08191912389514568
SNU1005:C6	SNU1005	C6	2	SNU1005:chrX:97585206-100505594:6;SNU1005:chrX:115725836-120929381:7	chrX	q	97585206	120929381	Seismic_Amplification;BFB	Seismic_Amplification:noncanonical;BFB:noncanonicalB	Seismic_Amplification	Seismic_Amplification:canonical	Seismic_Amplification	Seismic_Amplification:canonical	True	False	True	partial_class	0.9952571146590172	Seismic_Amplification	0.5944529238106926	train	0.1337959890938353	0.5944529238106926	0.024725224702873142	0.27110476094795677
SNU1299:C1	SNU1299	C1	1	SNU1299:chr11:99700441-104484500:1	chr11	q	99700441	104484500	Seismic_Amplification;BFB	Seismic_Amplification:noncanonical;BFB:noncanonical	Seismic_Amplification	Seismic_Amplification:canonical	Seismic_Amplification	Seismic_Amplification:canonical	True	False	True	partial_class	0.9940439163117984	Seismic_Amplification	0.6072469157520866	train	0.2621476551758779	0.6072469157520866	0.01060844804353409	0.3167293653758183
SNU1299:C2	SNU1299	C2	1	SNU1299:chr12:101817157-106306116:2	chr12	q	101817157	106306116	BFB	BFB:noncanonicalB	BFB	BFB:canonical	BFB	BFB:canonical	True	False	True	wrong_level	0.9932542660827728	BFB	0.35069873887811776	train	0.019344678756410157	0.042866651571793604	0.04659375933001767	0.35069873887811776
SNU1299:C3	SNU1299	C3	1	SNU1299:chr16:51419845-53976563:3	chr16	q	51419845	53976563	BFB	BFB:noncanonicalB	BFB	BFB:noncanonicalB	BFB	BFB:noncanonicalB	True	True	True	exact	0.9866158932753478	BFB	0.24087853579417592	train	0.0039443163504122684	0.08774041108594499	0.041953200162288706	0.24087853579417592
SNU1299:C4	SNU1299	C4	1	SNU1299:chr18:27518532-39718769:4	chr18	q	27518532	39718769	chromothripsis	chromothripsis:noncanonicalB	chromothripsis	chromothripsis:canonical	chromothripsis	chromothripsis:canonical	True	False	True	wrong_level	0.9463110938920626	chromothripsis	0.5164417313274114	train	0.06707663440167226	0.03675696228522415	0.5164417313274114	0.04985081554776899
SNU1299:C5	SNU1299	C5	1	SNU1299:chr20:32000001-42314643:5	chr20	q	32000001	42314643	Seismic_Amplification	Seismic_Amplification:noncanonical			none	none	False	False	False	wrong	0.7474510666604668	Seismic_Amplification	0.32112232286632764	train	0.06240336764758229	0.32112232286632764	0.10690506261109016	0.028853298154041158
SNU682:C1	SNU682	C1	1	SNU682:chr2:170519254-174396706:1	chr2	q	170519254	174396706					none	none	False	False	False	background	0.14023593876217058	chromothripsis	0.4003517813503516	train	0.08553122766955353	0.1117632313504574	0.4003517813503516	0.01636975386310937
SNU682:C2	SNU682	C2	1	SNU682:chr4:52000001-64307744:2	chr4	q	52000001	64307744	chromothripsis	chromothripsis:noncanonicalB	chromothripsis	chromothripsis:noncanonical	chromothripsis	chromothripsis:noncanonical	True	False	True	wrong_level	0.9838374095777476	chromothripsis	0.4049167457815707	train	0.030924745119424318	0.04751940951481478	0.4049167457815707	0.05003795412638084
SNU682:C3	SNU682	C3	1	SNU682:chr11:32506388-40107226:3	chr11	p	32506388	40107226	BFB	BFB:noncanonical	BFB	BFB:canonical	BFB	BFB:canonical	True	False	True	wrong_level	0.9912446480369996	BFB	0.28711330134269086	train	0.028913692581423803	0.1875682917014058	0.022974768808528844	0.28711330134269086
SNU682:C4	SNU682	C4	1	SNU682:chr16:78258738-83740189:4	chr16	q	78258738	83740189	BFB	BFB:noncanonicalB	BFB	BFB:noncanonicalB	BFB	BFB:noncanonicalB	True	True	True	exact	0.9950309411668521	BFB	0.255780627306207	train	0.05807557951639886	0.07422452208023794	0.04388808626871851	0.255780627306207
SNU682:C5	SNU682	C5	1	SNU682:chr22:19000001-25858892:5	chr22	q	19000001	25858892	BFB	BFB:noncanonicalB	BFB	BFB:noncanonicalB	BFB	BFB:noncanonicalB	True	True	True	exact	0.9969652378306039	BFB	0.2500757763400464	train	0.017811837390652206	0.037697601776150294	0.06294606580292986	0.2500757763400464
SNU703:C1	SNU703	C1	1	SNU703:chr8:34169414-42999999:1	chr8	p	34169414	42999999	BFB	BFB:noncanonicalB	BFB	BFB:noncanonicalB	BFB	BFB:noncanonicalB	True	True	True	exact	0.9969005137635674	BFB	0.233003624725767	train	0.08302480059480981	0.14808629531217904	0.04099499648517512	0.233003624725767
SNU703:C2	SNU703	C2	1	SNU703:chr11:34220392-42675400:2	chr11	p	34220392	42675400					none	none	False	False	False	background	0.09717846429338868	chromothripsis	0.38765277097567885	train	0.0932729317587916	0.17291080332998468	0.38765277097567885	0.010472534527189464
SNU703:C3	SNU703	C3	1	SNU703:chr12:64593784-76107212:3	chr12	q	64593784	76107212	BFB	BFB:noncanonicalB	Seismic_Amplification	Seismic_Amplification:noncanonical	Seismic_Amplification	Seismic_Amplification:noncanonical	True	False	False	wrong	0.9890460812089849	ecDNA	0.4440404362317247	train	0.4440404362317247	0.2309428613774105	0.021477439686099185	0.20298543531539934
SNU703:C4	SNU703	C4	1	SNU703:chr18:0-7107447:4	chr18	p	0	7107447	Seismic_Amplification;BFB	Seismic_Amplification:noncanonical;BFB:noncanonicalB	Seismic_Amplification	Seismic_Amplification:canonical	Seismic_Amplification	Seismic_Amplification:canonical	True	False	True	partial_class	0.9977480198696207	Seismic_Amplification	0.5765629290795504	train	0.09664620349610446	0.5765629290795504	0.02439821524523943	0.14116082658017523
SNU902:C1	SNU902	C1	1	SNU902:chr16:55273326-57412529:1	chr16	q	55273326	57412529	BFB	BFB:noncanonicalB	BFB	BFB:noncanonicalB	BFB	BFB:noncanonicalB	True	True	True	exact	0.9962888616471628	BFB	0.20383696469696339	train	0.009339887611774022	0.1701154117167989	0.024981591662055484	0.20383696469696339
SNU902:C2	SNU902	C2	1	SNU902:chr19:17718043-23999999:2	chr19	p	17718043	23999999					none	none	False	False	False	background	0.3937348541279803	Seismic_Amplification	0.4880035757500369	train	0.05741280524669105	0.4880035757500369	0.20467282981657042	0.020888360215285055
SNU902:C3	SNU902	C3	1	SNU902:chr21:41590199-46709983:3	chr21	q	41590199	46709983	chromothripsis	chromothripsis:noncanonicalB			none	none	False	False	False	wrong	0.6520519545540371	chromothripsis	0.4879442634141143	train	0.055235455870424714	0.09249309430094788	0.4879442634141143	0.036219673020204866
SUIT:C1	SUIT	C1	1	SUIT:chr3:55637719-60664161:1	chr3	p	55637719	60664161	chromothripsis	chromothripsis:noncanonical	chromothripsis	chromothripsis:noncanonical	chromothripsis	chromothripsis:noncanonical	True	True	True	exact	0.9676145263615515	chromothripsis	0.34046674323232307	train	0.077516599445772	0.10452002619437684	0.34046674323232307	0.06740351377558366
SUIT:C2	SUIT	C2	1	SUIT:chr6:156864594-162608624:2	chr6	q	156864594	162608624					none	none	False	False	False	background	0.15322908007998978	chromothripsis	0.28950489844249006	train	0.16503423940422796	0.21128542074925635	0.28950489844249006	0.017383359804503694
SUIT:C3	SUIT	C3	1	SUIT:chr8:32759576-34984208:3	chr8	p	32759576	34984208	Seismic_Amplification;BFB	Seismic_Amplification:canonical;BFB:noncanonicalB	Seismic_Amplification	Seismic_Amplification:canonical	Seismic_Amplification	Seismic_Amplification:canonical	True	False	True	partial_class	0.98761267488653	Seismic_Amplification	0.7001188199594834	train	0.017669110248460067	0.7001188199594834	0.013495666711579696	0.15498271458535892
SUIT:C4	SUIT	C4	1	SUIT:chr12:55349815-58993974:4	chr12	q	55349815	58993974	BFB	BFB:noncanonicalB	BFB	BFB:noncanonicalB	BFB	BFB:noncanonicalB	True	True	True	exact	0.9968379236805139	BFB	0.21903822772789136	train	0.08016490840328336	0.1990078940212119	0.02279575715951255	0.21903822772789136
SUIT:C5	SUIT	C5	1	SUIT:chr17:52259302-64570686:5	chr17	q	52259302	64570686					none	none	False	False	False	background	0.23325333961683614	chromothripsis	0.5882176363162843	train	0.15887419189602392	0.08910053338683277	0.5882176363162843	0.01065491827703618
ScaBER:C1	ScaBER	C1	1	ScaBER:chr1:91117935-109646786:1	chr1	p	91117935	109646786	BFB	BFB:noncanonical	BFB	BFB:canonical	BFB	BFB:canonical	True	False	True	wrong_level	0.9916044990806537	BFB	0.35503308872401484	train	0.15334182495626852	0.30587538097059086	0.022605857099604804	0.35503308872401484
ScaBER:C2	ScaBER	C2	1	ScaBER:chr3:10270628-18985001:2	chr3	p	10270628	18985001	chromothripsis	chromothripsis:noncanonical			none	none	False	False	False	wrong	0.5921702247656997	chromothripsis	0.3273339809168855	train	0.1246965376583552	0.06136412500119423	0.3273339809168855	0.022239571534904717
ScaBER:C3	ScaBER	C3	1	ScaBER:chr9:9094848-15433422:3	chr9	p	9094848	15433422	chromothripsis	chromothripsis:noncanonicalB	chromothripsis	chromothripsis:noncanonical	chromothripsis	chromothripsis:noncanonical	True	False	True	wrong_level	0.9814907645654821	chromothripsis	0.31062460054104407	train	0.012012176757798093	0.07105544355349908	0.31062460054104407	0.03851767089892942
ScaBER:C4	ScaBER	C4	1	ScaBER:chr11:100583104-104021457:4	chr11	q	100583104	104021457	BFB	BFB:noncanonicalB	BFB	BFB:canonical	BFB	BFB:canonical	True	False	True	wrong_level	0.9882028778002883	BFB	0.3058030118275124	train	0.02233093256357466	0.08199150489033402	0.02597269702689192	0.3058030118275124
ZR7530:C1	ZR7530	C1	1	ZR7530:chr6:100115301-111370648:1	chr6	q	100115301	111370648	chromothripsis	chromothripsis:noncanonicalB	chromothripsis	chromothripsis:noncanonical	chromothripsis	chromothripsis:noncanonical	True	False	True	wrong_level	0.9765546859613016	chromothripsis	0.3732150346161337	test	0.01487144323926084	0.05513775756988005	0.3732150346161337	0.06205975275461716
ZR7530:C2	ZR7530	C2	4	ZR7530:chr8:47000001-72913724:2;ZR7530:chr8:84292564-145138636:3;ZR7530:chr17:28000001-31100863:4;ZR7530:chr17:48045677-68434855:5	chr17;chr8	q	28000001	145138636	ecDNA;Seismic_Amplification;BFB	ecDNA;Seismic_Amplification:noncanonical;BFB:noncanonicalB	ecDNA;Seismic_Amplification	ecDNA;Seismic_Amplification:canonical	ecDNA;Seismic_Amplification	ecDNA;Seismic_Amplification:canonical	True	False	True	partial_class	0.996860595107929	ecDNA	0.6616403111123006	test	0.6616403111123006	0.520289151883694	0.38878420606019426	0.18418774191484574
SCC152:C1	SCC152	C1	1	SCC152:chr1:24012196-25424062:1	chr1	p	24012196	25424062			BFB	BFB:noncanonicalB	BFB	BFB:noncanonicalB	True	False	False	background	0.9692425233782003	BFB	0.13220868730900875	train	0.04400056409998823	0.10921277278892903	0.09371118510161955	0.13220868730900875
SCC152:C2	SCC152	C2	1	SCC152:chr1:170918867-171357168:2	chr1	q	170918867	171357168			Seismic_Amplification	Seismic_Amplification:canonical	Seismic_Amplification	Seismic_Amplification:canonical	True	False	False	background	0.933238420333991	Seismic_Amplification	0.5101533439918636	train	0.21126732384624383	0.5101533439918636	0.035090711047842456	0.08517219159383785
SCC152:C3	SCC152	C3	1	SCC152:chr1:232257800-232382315:3	chr1	q	232257800	232382315			Seismic_Amplification	Seismic_Amplification:canonical	Seismic_Amplification	Seismic_Amplification:canonical	True	False	False	background	0.8501773596480209	Seismic_Amplification	0.5096730970936567	train	0.37333505025665775	0.5096730970936567	0.041097719454120454	0.09280224865600338
SCC152:C4	SCC152	C4	1	SCC152:chr1:248950002-248956422:4	chr1	q	248950002	248956422					none	none	False	False	False	background	0.28134356253029685	ecDNA	0.4472163028845692	train	0.4472163028845692	0.2955022251445403	0.1850951144848363	0.032937211161101404
SCC152:C5	SCC152	C5	1	SCC152:chr2:42133920-43274065:5	chr2	p	42133920	43274065					none	none	False	False	False	background	0.8012275740481524	chromothripsis	0.16375357411502656	train	0.061429524578334956	0.04501038667752593	0.16375357411502656	0.08720281580725157
SCC152:C6	SCC152	C6	1	SCC152:chr2:141129231-141364775:6	chr2	q	141129231	141364775					none	none	False	False	False	background	0.6878634963452126	chromothripsis	0.20053925512136794	train	0.07241292319085535	0.06951920898146967	0.20053925512136794	0.05521236851845099
SCC152:C7	SCC152	C7	1	SCC152:chr2:242150002-242193529:7	chr2	q	242150002	242193529					none	none	False	False	False	background	0.28315149014410035	ecDNA	0.4730222289825409	train	0.4730222289825409	0.23594419936771527	0.20270537376101644	0.043610412581235394
SCC152:C8	SCC152	C8	1	SCC152:chr3:47192082-47216096:8	chr3	p	47192082	47216096					none	none	False	False	False	background	0.4116272581335786	ecDNA	0.31380049759549294	train	0.31380049759549294	0.18276548520126093	0.1670099199179777	0.04464275340193036
SCC152:C9	SCC152	C9	1	SCC152:chr3:82230375-82350839:9	chr3	p	82230375	82350839					none	none	False	False	False	background	0.48455964123760453	ecDNA	0.28514851847126343	train	0.28514851847126343	0.19375613927530538	0.14046469797789995	0.06121784410080729
SCC152:C10	SCC152	C10	1	SCC152:chr3:141240288-142026013:10	chr3	q	141240288	142026013					none	none	False	False	False	background	0.9687871264671561	chromothripsis	0.17128614625884728	train	0.05003117741145006	0.13207283986914956	0.17128614625884728	0.06348060450555039
SCC152:C11	SCC152	C11	1	SCC152:chr3:154744644-159753451:11	chr3	q	154744644	159753451	ecDNA	ecDNA	ecDNA	ecDNA	ecDNA	ecDNA	True	True	True	exact	0.9117798507569377	ecDNA	0.9090613908071988	train	0.9090613908071988	0.2592782903726283	0.03455641577739038	0.08907006114578622
SCC152:C12	SCC152	C12	1	SCC152:chr3:195744134-198295559:12	chr3	q	195744134	198295559	ecDNA	ecDNA	ecDNA	ecDNA	ecDNA	ecDNA	True	True	True	exact	0.9304473477863607	ecDNA	0.8679915222389675	train	0.8679915222389675	0.38695069901068935	0.0347084394786457	0.11668125076089822
SCC152:C13	SCC152	C13	1	SCC152:chr4:190200002-190214555:13	chr4	q	190200002	190214555					none	none	False	False	False	background	0.2755532987622232	ecDNA	0.45889041372080347	train	0.45889041372080347	0.27341081400614387	0.19330615793625802	0.0360787849400084
SCC152:C14	SCC152	C14	1	SCC152:chr5:29509639-36022279:14	chr5	p	29509639	36022279					none	none	False	False	False	background	0.08306022047036972	ecDNA	0.4874152378712462	train	0.4874152378712462	0.1363401161393004	0.32431172502666444	0.014298013508638671
SCC152:C15	SCC152	C15	1	SCC152:chr5:71095378-75128425:15	chr5	q	71095378	75128425					none	none	False	False	False	background	0.6487595118116605	ecDNA	0.1928105846699082	train	0.1928105846699082	0.05335455068074839	0.1116593932025352	0.044772244890113895
SCC152:C16	SCC152	C16	1	SCC152:chr6:0-2269575:16	chr6	p	0	2269575			chromothripsis	chromothripsis:noncanonicalB	chromothripsis	chromothripsis:noncanonicalB	True	False	False	background	0.9387005098293107	chromothripsis	0.2885899459665706	train	0.033410029887369824	0.04243369538863328	0.2885899459665706	0.07760243241409703
SCC152:C17	SCC152	C17	1	SCC152:chr6:134367044-134825955:17	chr6	q	134367044	134825955					none	none	False	False	False	background	0.7042623429585084	ecDNA	0.1678387574260752	train	0.1678387574260752	0.11108634097831248	0.10892526003695335	0.09206553892386758
SCC152:C18	SCC152	C18	1	SCC152:chr6:149770978-149966871:18	chr6	q	149770978	149966871					none	none	False	False	False	background	0.48323771666487386	chromothripsis	0.20826104083941424	train	0.13326554199742083	0.15485071409402743	0.20826104083941424	0.07504002950270784
SCC152:C19	SCC152	C19	1	SCC152:chr6:170800002-170805979:19	chr6	q	170800002	170805979					none	none	False	False	False	background	0.2825373699261349	ecDNA	0.4265776021578334	train	0.4265776021578334	0.2953047568303466	0.18390129344772443	0.03196826221527209
SCC152:C20	SCC152	C20	1	SCC152:chr7:159300002-159345973:20	chr7	q	159300002	159345973					none	none	False	False	False	background	0.2835753662636226	ecDNA	0.4268458344912346	train	0.4268458344912346	0.22751888428048558	0.1964950388543489	0.040658410178057124
SCC152:C21	SCC152	C21	1	SCC152:chr8:145100002-145138636:21	chr8	q	145100002	145138636					none	none	False	False	False	background	0.27612731900718673	ecDNA	0.42051340712525376	train	0.42051340712525376	0.232363810759932	0.19832427391315513	0.039197431783249435
SCC152:C22	SCC152	C22	1	SCC152:chr9:97818032-97942607:22	chr9	q	97818032	97942607					none	none	False	False	False	background	0.43823867299457214	chromothripsis	0.25916971649853615	train	0.14641810647080092	0.08439526233718446	0.25916971649853615	0.052797171282020286
SCC152:C23	SCC152	C23	1	SCC152:chr9:108230866-108585071:23	chr9	q	108230866	108585071					none	none	False	False	False	background	0.7631322084330875	Seismic_Amplification	0.22936851799250743	train	0.13319754976800818	0.22936851799250743	0.07416071918765725	0.08103485626183235
SCC152:C24	SCC152	C24	1	SCC152:chr10:61194154-61266447:24	chr10	q	61194154	61266447					none	none	False	False	False	background	0.7137591324844977	ecDNA	0.28503896475513063	train	0.28503896475513063	0.17617559974970376	0.15166967519525884	0.050389786915130234
SCC152:C25	SCC152	C25	1	SCC152:chr10:133750002-133797422:25	chr10	q	133750002	133797422					none	none	False	False	False	background	0.2852110208594241	ecDNA	0.419061235738181	train	0.419061235738181	0.22556224600146427	0.19564972049852686	0.04041408114989757
SCC152:C26	SCC152	C26	1	SCC152:chr11:9401665-10929493:26	chr11	p	9401665	10929493					none	none	False	False	False	background	0.7571384647008002	chromothripsis	0.25120101626471875	train	0.13322675846221033	0.04819160770752207	0.25120101626471875	0.0464536476688863
SCC152:C27	SCC152	C27	1	SCC152:chr11:135076383-135086622:27	chr11	q	135076383	135086622					none	none	False	False	False	background	0.3454081102896077	ecDNA	0.4326764200269073	train	0.4326764200269073	0.25785437754616725	0.16395759967295787	0.03684537009381226
SCC152:C28	SCC152	C28	1	SCC152:chr12:57671836-58010199:28	chr12	q	57671836	58010199					none	none	False	False	False	background	0.7867467138771641	chromothripsis	0.20738322470274023	train	0.0610180050274539	0.10395020803600818	0.20738322470274023	0.06354421956871703
SCC152:C29	SCC152	C29	1	SCC152:chr12:133250002-133275309:29	chr12	q	133250002	133275309					none	none	False	False	False	background	0.27030964751004155	ecDNA	0.41313129287719463	train	0.41313129287719463	0.24700526555838215	0.195617436427003	0.0360773090805971
SCC152:C30	SCC152	C30	1	SCC152:chr13:72909271-73218361:30	chr13	q	72909271	73218361					none	none	False	False	False	background	0.73340963833168	Seismic_Amplification	0.14761056593644822	train	0.12869634458901202	0.14761056593644822	0.10030345155276375	0.09218095457278432
SCC152:C31	SCC152	C31	1	SCC152:chr13:114350002-114364328:31	chr13	q	114350002	114364328					none	none	False	False	False	background	0.2743365393912339	ecDNA	0.411837342010936	train	0.411837342010936	0.26754043625766716	0.18906419962071871	0.033481307626059956
SCC152:C32	SCC152	C32	1	SCC152:chr14:91404278-91666087:32	chr14	q	91404278	91666087					none	none	False	False	False	background	0.2946701082016376	ecDNA	0.5522988329654818	train	0.5522988329654818	0.19850342444933097	0.1627838446614988	0.03266049914371125
SCC152:C33	SCC152	C33	1	SCC152:chr14:106075079-107043718:33	chr14	q	106075079	107043718					none	none	False	False	False	background	0.6632727837662458	chromothripsis	0.25472928561570624	train	0.11682200495032898	0.0857194995666095	0.25472928561570624	0.07490160375543169
SCC152:C34	SCC152	C34	1	SCC152:chr15:41456961-56139903:34	chr15	q	41456961	56139903			chromothripsis	chromothripsis:noncanonical	chromothripsis	chromothripsis:noncanonical	True	False	False	background	0.9469686684883782	chromothripsis	0.4457444465481913	train	0.1046577223966928	0.07871965364073624	0.4457444465481913	0.04140401858847107
SCC152:C35	SCC152	C35	1	SCC152:chr15:74834670-74955943:35	chr15	q	74834670	74955943					none	none	False	False	False	background	0.5306514045482494	ecDNA	0.4116598109432477	train	0.4116598109432477	0.2210374546130573	0.11947065302137602	0.060409595969843674
SCC152:C36	SCC152	C36	1	SCC152:chr15:101950002-101991189:36	chr15	q	101950002	101991189					none	none	False	False	False	background	0.2769678670921463	ecDNA	0.40730713258848533	train	0.40730713258848533	0.22846740895428755	0.195477335405148	0.03840577068054857
SCC152:C37	SCC152	C37	1	SCC152:chr16:90300002-90338345:37	chr16	q	90300002	90338345					none	none	False	False	False	background	0.2732456408996331	ecDNA	0.3513361939712775	train	0.3513361939712775	0.22425013861773066	0.19278756132210625	0.03476187834076271
SCC152:C38	SCC152	C38	1	SCC152:chr17:21795851-21999999:38	chr17	p	21795851	21999999					none	none	False	False	False	background	0.5172864639847422	chromothripsis	0.1718603242556716	train	0.17036540850426915	0.14556428826914855	0.1718603242556716	0.046080915040045044
SCC152:C39	SCC152	C39	1	SCC152:chr17:48539679-48625674:39	chr17	q	48539679	48625674					none	none	False	False	False	background	0.6858957548051817	ecDNA	0.237542552854679	train	0.237542552854679	0.16841377792864315	0.15154980022345746	0.050286617453329165
SCC152:C40	SCC152	C40	1	SCC152:chr17:83250002-83257441:40	chr17	q	83250002	83257441					none	none	False	False	False	background	0.2779270097382065	ecDNA	0.3522630893993172	train	0.3522630893993172	0.279038187615015	0.1793410795119886	0.028543563305236108
SCC152:C41	SCC152	C41	1	SCC152:chr18:80350002-80373285:41	chr18	q	80350002	80373285					none	none	False	False	False	background	0.26790485477670345	ecDNA	0.37166160159373696	train	0.37166160159373696	0.2442317055780724	0.18972156684527966	0.03283747091774914
SCC152:C42	SCC152	C42	2	SCC152:chr19:17304846-17356981:42;SCC152:chr19:32832827-33458207:43	chr19	p;q	17304846	33458207					none	none	False	False	False	background	0.8152931739839412	ecDNA	0.31135515977216843	train	0.31135515977216843	0.18427889919045642	0.17254273101647416	0.055314713566802724
SCC152:C43	SCC152	C43	1	SCC152:chr19:58600002-58617616:44	chr19	q	58600002	58617616					none	none	False	False	False	background	0.2748747701581111	ecDNA	0.2920012979024463	train	0.2920012979024463	0.24331043512875203	0.1827203707192966	0.027313431218938342
SCC152:C44	SCC152	C44	1	SCC152:chr20:0-1586858:45	chr20	p	0	1586858					none	none	False	False	False	background	0.9224339787580824	chromothripsis	0.11727523519681003	train	0.03890700798489531	0.031344229729719814	0.11727523519681003	0.08039007031645584
SCC152:C45	SCC152	C45	1	SCC152:chr20:14913191-14960863:46	chr20	p	14913191	14960863					none	none	False	False	False	background	0.2621270416611134	chromothripsis	0.24768831395535196	train	0.17956990969323472	0.1495386563028365	0.24768831395535196	0.022226018351837046
SCC152:C46	SCC152	C46	1	SCC152:chr20:37042729-37511969:47	chr20	q	37042729	37511969					none	none	False	False	False	background	0.7191651130081665	chromothripsis	0.19864041475036426	train	0.08750897550572896	0.06428110791329335	0.19864041475036426	0.04466345087064459
SCC152:C47	SCC152	C47	1	SCC152:chr20:50003414-50162175:48	chr20	q	50003414	50162175					none	none	False	False	False	background	0.22714829755523644	ecDNA	0.2511739076412368	train	0.2511739076412368	0.15961521777914034	0.21428652986874522	0.024885123003204508
SCC152:C48	SCC152	C48	1	SCC152:chr21:34724450-34811197:49	chr21	q	34724450	34811197					none	none	False	False	False	background	0.3102137761995911	chromothripsis	0.2752765901530642	train	0.13188269943117514	0.08860376519635497	0.2752765901530642	0.03950295884863813
SCC152:C49	SCC152	C49	1	SCC152:chr21:46700002-46709983:50	chr21	q	46700002	46709983					none	none	False	False	False	background	0.2799628521071861	ecDNA	0.2934879243386029	train	0.2934879243386029	0.26133380216128094	0.17774897472387194	0.02583838208425733
SCC152:C50	SCC152	C50	1	SCC152:chr22:50800002-50818468:51	chr22	q	50800002	50818468					none	none	False	False	False	background	0.2708801249387112	ecDNA	0.31241320249056737	train	0.31241320249056737	0.24480613522559802	0.18381630794485526	0.028592247795346134
SCC152:C51	SCC152	C51	1	SCC152:chrX:49227472-49273295:52	chrX	p	49227472	49273295					none	none	False	False	False	background	0.256741443319889	chromothripsis	0.20271876404230663	train	0.18918516846120523	0.20257370249081705	0.20271876404230663	0.03573235192043725
SCC152:C52	SCC152	C52	1	SCC152:chrX:156000002-156040895:53	chrX	q	156000002	156040895					none	none	False	False	False	background	0.2777558466969741	ecDNA	0.4189182687471112	train	0.4189182687471112	0.23038769778744075	0.19713069480025405	0.039311841449595465
SIHA:C1	SIHA	C1	1	SIHA:chr8:122372903-132352646:1	chr8	q	122372903	132352646	Seismic_Amplification	Seismic_Amplification:canonical	Seismic_Amplification	Seismic_Amplification:canonical	Seismic_Amplification	Seismic_Amplification:canonical	True	True	True	exact	0.9577929582763445	Seismic_Amplification	0.7783972505257786	train	0.11810675703919236	0.7783972505257786	0.04636233895103272	0.10145752438440575
SIHA:C2	SIHA	C2	1	SIHA:chr12:13391580-17305507:2	chr12	p	13391580	17305507	BFB	BFB:noncanonicalB	BFB	BFB:canonical	BFB	BFB:canonical	True	False	True	wrong_level	0.9917433933999098	BFB	0.29742571227699033	train	0.005674162471988323	0.05314240827801486	0.04395051666717235	0.29742571227699033
SIHA:C3	SIHA	C3	1	SIHA:chr14:99617761-107043718:3	chr14	q	99617761	107043718	chromothripsis	chromothripsis:noncanonicalB	chromothripsis	chromothripsis:noncanonical	chromothripsis	chromothripsis:noncanonical	True	False	True	wrong_level	0.9819467488214355	chromothripsis	0.4320551547576537	train	0.02693497803550656	0.039685470757753534	0.4320551547576537	0.07651930842673561
SIHA:C4	SIHA	C4	1	SIHA:chr15:56942785-59003347:4	chr15	q	56942785	59003347	chromothripsis	chromothripsis:noncanonicalB			none	none	False	False	False	wrong	0.9849263523013557	chromothripsis	0.17705467327483576	train	0.0068422933191645925	0.15162714731767366	0.17705467327483576	0.06692803892401702
SIHA:C5	SIHA	C5	2	SIHA:chr16:0-12624669:5;SIHA:chr16:46000001-83660982:6	chr16	p;q	0	83660982	Seismic_Amplification;BFB	Seismic_Amplification:noncanonical;BFB:noncanonicalB	Seismic_Amplification;chromothripsis	Seismic_Amplification:noncanonical;chromothripsis:noncanonical	Seismic_Amplification;chromothripsis	Seismic_Amplification:noncanonical;chromothripsis:noncanonical	True	False	True	partial_class	0.9956658134519709	Seismic_Amplification	0.4775674536575815	train	0.20475395511387037	0.4775674536575815	0.43791489989981536	0.14361775152539477
SIHA:C6	SIHA	C6	1	SIHA:chr17:41643122-51230020:7	chr17	q	41643122	51230020					none	none	False	False	False	background	0.17409757985342145	chromothripsis	0.3829678664141637	train	0.10946882614900795	0.10807203679216007	0.3829678664141637	0.013515456235691914
SIHA:C7	SIHA	C7	1	SIHA:chr22:38424856-41465811:8	chr22	q	38424856	41465811					none	none	False	False	False	background	0.3101329199100948	Seismic_Amplification	0.2533790886269036	train	0.03602262721060677	0.2533790886269036	0.22041616038626174	0.020259928757943645
HT3:C1	HT3	C1	1	HT3:chr2:192896152-201173028:1	chr2	q	192896152	201173028	BFB	BFB:noncanonicalB	BFB	BFB:canonical	BFB	BFB:canonical	True	False	True	wrong_level	0.9941143771463137	BFB	0.2906102112809774	train	0.019564646058750135	0.11222117955338098	0.03863703010796746	0.2906102112809774
HT3:C2	HT3	C2	1	HT3:chr4:147311642-163986655:2	chr4	q	147311642	163986655	chromothripsis	chromothripsis:noncanonical	chromothripsis	chromothripsis:canonical	chromothripsis	chromothripsis:canonical	True	False	True	wrong_level	0.9795546262998992	chromothripsis	0.5840896255899011	train	0.06559526511325971	0.08840825298623006	0.5840896255899011	0.07725102201879852
HT3:C3	HT3	C3	1	HT3:chr4:179056217-190214555:3	chr4	q	179056217	190214555	BFB	BFB:noncanonicalB	BFB	BFB:noncanonicalB	BFB	BFB:noncanonicalB	True	True	True	exact	0.9953287845079323	BFB	0.2214211080625605	train	0.049764496019920425	0.09004949701197301	0.14524781661382383	0.2214211080625605
HT3:C4	HT3	C4	1	HT3:chr9:0-9058989:4	chr9	p	0	9058989					none	none	False	False	False	background	0.3401960067883285	Seismic_Amplification	0.3100405232858241	train	0.10892914779221612	0.3100405232858241	0.18029805743256172	0.00919282087954228
HT3:C5	HT3	C5	1	HT3:chr16:0-2274184:5	chr16	p	0	2274184	BFB	BFB:noncanonicalB	BFB	BFB:noncanonicalB	BFB	BFB:noncanonicalB	True	True	True	exact	0.9975280106927586	BFB	0.19024998338528462	train	0.0077652815627769845	0.06401461523412613	0.06650887372286758	0.19024998338528462
HT3:C6	HT3	C6	1	HT3:chr17:36065957-43130302:6	chr17	q	36065957	43130302	chromothripsis	chromothripsis:canonical	chromothripsis	chromothripsis:canonical	chromothripsis	chromothripsis:canonical	True	True	True	exact	0.9892674855251089	chromothripsis	0.6139873337845826	train	0.010298478114776492	0.038640652321661445	0.6139873337845826	0.04146212110357906
HT3:C7	HT3	C7	1	HT3:chr17:68545640-70759442:7	chr17	q	68545640	70759442	Seismic_Amplification;BFB	Seismic_Amplification:canonical;BFB:noncanonicalB	Seismic_Amplification	Seismic_Amplification:canonical	Seismic_Amplification	Seismic_Amplification:canonical	True	False	True	partial_class	0.9904273680275993	Seismic_Amplification	0.6755510631266549	train	0.03184539371854921	0.6755510631266549	0.011217428080303023	0.20831409797480113
SW756:C1	SW756	C1	1	SW756:chr2:46517143-51066702:1	chr2	p	46517143	51066702			chromothripsis	chromothripsis:canonical	chromothripsis	chromothripsis:canonical	True	False	False	background	0.7905300225677113	chromothripsis	0.47917310973287314	train	0.030237104282574558	0.070445650034861	0.47917310973287314	0.06305595789551781
SW756:C2	SW756	C2	1	SW756:chr7:69863045-74914782:2	chr7	q	69863045	74914782	chromothripsis	chromothripsis:noncanonicalB	chromothripsis	chromothripsis:noncanonical	chromothripsis	chromothripsis:noncanonical	True	False	True	wrong_level	0.9800753043537076	chromothripsis	0.42515786513192055	train	0.02512364658639832	0.03200499638718879	0.42515786513192055	0.03647065222359662
SW756:C3	SW756	C3	1	SW756:chr11:55000001-62681904:3	chr11	q	55000001	62681904	chromothripsis	chromothripsis:noncanonicalB	chromothripsis	chromothripsis:canonical	chromothripsis	chromothripsis:canonical	True	False	True	wrong_level	0.9731583157289188	chromothripsis	0.4831132151679025	train	0.030667508282694402	0.029170816610598362	0.4831132151679025	0.03642238290041305
SW756:C4	SW756	C4	1	SW756:chr12:110841681-121836136:4	chr12	q	110841681	121836136	chromothripsis	chromothripsis:noncanonical	chromothripsis	chromothripsis:canonical	chromothripsis	chromothripsis:canonical	True	False	True	wrong_level	0.9822422551611649	chromothripsis	0.5848281900859073	train	0.033881655405849656	0.06376795258725457	0.5848281900859073	0.07289063800919189
SW756:C5	SW756	C5	1	SW756:chr13:63017873-70247578:5	chr13	q	63017873	70247578	chromothripsis	chromothripsis:noncanonical	chromothripsis	chromothripsis:noncanonical	chromothripsis	chromothripsis:noncanonical	True	True	True	exact	0.8848478532378404	chromothripsis	0.3615352338245816	train	0.019145247115276882	0.09432986589468417	0.3615352338245816	0.06479053656866382
SW756:C6	SW756	C6	1	SW756:chr13:81829801-88210313:6	chr13	q	81829801	88210313	chromothripsis	chromothripsis:canonical	chromothripsis	chromothripsis:canonical	chromothripsis	chromothripsis:canonical	True	True	True	exact	0.9662647674286019	chromothripsis	0.49564099785149385	train	0.026673742052494447	0.05056295221230051	0.49564099785149385	0.06171094725250519
SW756:C7	SW756	C7	1	SW756:chr14:66576116-69905275:7	chr14	q	66576116	69905275					none	none	False	False	False	background	0.21213819175071633	chromothripsis	0.4382897751634868	train	0.052474580897553844	0.12165967644280756	0.4382897751634868	0.025527774931914674
SW756:C8	SW756	C8	1	SW756:chr15:40377914-46639828:8	chr15	q	40377914	46639828			chromothripsis	chromothripsis:canonical	chromothripsis	chromothripsis:canonical	True	False	False	background	0.8812365208982388	chromothripsis	0.5586094857160281	train	0.0493505197421901	0.051976865072842354	0.5586094857160281	0.046605908961494025
SW756:C9	SW756	C9	1	SW756:chr16:7234484-9323266:9	chr16	p	7234484	9323266	BFB	BFB:noncanonicalB	BFB	BFB:noncanonicalB	BFB	BFB:noncanonicalB	True	True	True	exact	0.9932953303223018	BFB	0.21090576298337255	train	0.009866258245600595	0.03600095056888398	0.05835900659944341	0.21090576298337255
SW756:C10	SW756	C10	1	SW756:chr21:13000001-24610447:10	chr21	q	13000001	24610447	chromothripsis	chromothripsis:noncanonicalB	chromothripsis	chromothripsis:canonical	chromothripsis	chromothripsis:canonical	True	False	True	wrong_level	0.9636514800709595	chromothripsis	0.5770486656170182	train	0.035636108626468266	0.028524846719829387	0.5770486656170182	0.04414863817990509
SNU17:C1	SNU17	C1	2	SNU17:chr4:18359712-23939176:1;SNU17:chr4:52000001-57201939:2	chr4	p;q	18359712	57201939	chromothripsis	chromothripsis:noncanonicalB	chromothripsis	chromothripsis:noncanonical	chromothripsis	chromothripsis:noncanonical	True	False	True	wrong_level	0.9957313724408303	chromothripsis	0.35572855562665234	train	0.04390583767925283	0.10154621649677324	0.35572855562665234	0.05894151259204452
SNU17:C2	SNU17	C2	1	SNU17:chr4:144713083-168228294:3	chr4	q	144713083	168228294	chromothripsis	chromothripsis:canonical	chromothripsis	chromothripsis:canonical	chromothripsis	chromothripsis:canonical	True	True	True	exact	0.9737428766245407	chromothripsis	0.6854376371630928	train	0.051347273824306906	0.1554764609014147	0.6854376371630928	0.08140044531238458
SNU17:C3	SNU17	C3	1	SNU17:chr14:104704928-107043718:4	chr14	q	104704928	107043718	Seismic_Amplification;BFB	Seismic_Amplification:canonical;BFB:noncanonicalB	Seismic_Amplification	Seismic_Amplification:canonical	Seismic_Amplification	Seismic_Amplification:canonical	True	False	True	partial_class	0.9929251460977668	Seismic_Amplification	0.5806172819757077	train	0.04904878753940176	0.5806172819757077	0.0167960305296715	0.20355618294597116
H1395:C1	H1395	C1	1	H1395:chr3:57889659-86999999:1	chr3	p	57889659	86999999	chromothripsis	chromothripsis:canonical	chromothripsis	chromothripsis:canonical	chromothripsis	chromothripsis:canonical	True	True	True	exact	0.9815095572217848	chromothripsis	0.6169776521678152	test	0.04743975886978269	0.05778453896267358	0.6169776521678152	0.0669036252218474
H1395:C2	H1395	C2	1	H1395:chr4:128521930-140523510:2	chr4	q	128521930	140523510	chromothripsis	chromothripsis:noncanonicalB	chromothripsis	chromothripsis:canonical	chromothripsis	chromothripsis:canonical	True	False	True	wrong_level	0.9759284241945854	chromothripsis	0.5046608425098276	test	0.04265260317202551	0.05068080006190242	0.5046608425098276	0.07194966922120305
H1395:C3	H1395	C3	1	H1395:chr6:19728358-34969653:3	chr6	p	19728358	34969653	chromothripsis	chromothripsis:noncanonical	chromothripsis	chromothripsis:noncanonical	chromothripsis	chromothripsis:noncanonical	True	True	True	exact	0.939223114378388	chromothripsis	0.3117140464214089	test	0.26514143270452073	0.12371967675004449	0.3117140464214089	0.07108701883779589
H1395:C4	H1395	C4	1	H1395:chr6:69531484-105846477:4	chr6	q	69531484	105846477	Seismic_Amplification;BFB	Seismic_Amplification:noncanonical;BFB:noncanonicalB	Seismic_Amplification	Seismic_Amplification:noncanonical	Seismic_Amplification	Seismic_Amplification:noncanonical	True	False	True	partial_class	0.9930666005536943	Seismic_Amplification	0.22948057313815784	test	0.14962163440944445	0.22948057313815784	0.0632375976829287	0.21935532514503425
H1395:C5	H1395	C5	1	H1395:chr7:144590243-152317108:5	chr7	q	144590243	152317108	BFB	BFB:noncanonicalB	BFB	BFB:noncanonicalB	BFB	BFB:noncanonicalB	True	True	True	exact	0.9755795513343404	BFB	0.2175992174583904	test	0.0128413936850829	0.03276784228889371	0.06175319049647705	0.2175992174583904
H1395:C6	H1395	C6	1	H1395:chr8:47000001-54212044:6	chr8	q	47000001	54212044					none	none	False	False	False	background	0.47190081254263405	chromothripsis	0.40045082724713643	test	0.0498031361019446	0.08573276703265163	0.40045082724713643	0.012146649421297749
H1395:C7	H1395	C7	1	H1395:chr8:120179944-127476886:7	chr8	q	120179944	127476886	Seismic_Amplification	Seismic_Amplification:canonical	Seismic_Amplification	Seismic_Amplification:canonical	Seismic_Amplification	Seismic_Amplification:canonical	True	True	True	exact	0.9707212080913247	Seismic_Amplification	0.7607389309106823	test	0.053323370480514054	0.7607389309106823	0.05109064247806276	0.12824371050371627
H1395:C8	H1395	C8	1	H1395:chr11:55000001-62716861:8	chr11	q	55000001	62716861	chromothripsis	chromothripsis:noncanonicalB	chromothripsis	chromothripsis:noncanonical	chromothripsis	chromothripsis:noncanonical	True	False	True	wrong_level	0.9901933366307129	chromothripsis	0.45339740455489186	test	0.017082427239578035	0.03198434315973599	0.45339740455489186	0.04141166518055994
H1395:C9	H1395	C9	1	H1395:chr14:58867756-69539841:9	chr14	q	58867756	69539841	chromothripsis	chromothripsis:noncanonicalB			none	none	False	False	False	wrong	0.610490922821638	chromothripsis	0.5703911490221549	test	0.04483852880208547	0.058273457844514334	0.5703911490221549	0.027636478897758197
H1395:C10	H1395	C10	1	H1395:chr14:90931441-101098629:10	chr14	q	90931441	101098629	Seismic_Amplification	Seismic_Amplification:noncanonical	chromothripsis	chromothripsis:noncanonical	chromothripsis	chromothripsis:noncanonical	True	False	False	wrong	0.9482063115780954	chromothripsis	0.29332959104528106	test	0.03283058111746219	0.0520570104851655	0.29332959104528106	0.0477404673940619
H1395:C11	H1395	C11	1	H1395:chr16:46000001-48363069:11	chr16	q	46000001	48363069	ecDNA	ecDNA	Seismic_Amplification	Seismic_Amplification:noncanonical	Seismic_Amplification	Seismic_Amplification:noncanonical	True	False	False	wrong	0.957719444304229	ecDNA	0.5066340099692443	test	0.5066340099692443	0.4173779514313686	0.020301436339902643	0.08031128348163144
H1395:C12	H1395	C12	1	H1395:chr18:11457824-14999999:12	chr18	p	11457824	14999999	BFB	BFB:noncanonicalB	BFB	BFB:noncanonicalB	BFB	BFB:noncanonicalB	True	True	True	exact	0.9875225331352302	BFB	0.18022296401303897	test	0.001729473595796494	0.030058929214484557	0.06130877862465442	0.18022296401303897
H1395:C13	H1395	C13	1	H1395:chr18:48905542-58733200:13	chr18	q	48905542	58733200	BFB	BFB:noncanonicalB	BFB	BFB:noncanonicalB	BFB	BFB:noncanonicalB	True	True	True	exact	0.9927219174012233	BFB	0.25408987912992564	test	0.023242271204567014	0.03935098344618085	0.0742554263164297	0.25408987912992564
H1395:C14	H1395	C14	1	H1395:chr19:34837816-38633983:14	chr19	q	34837816	38633983	BFB	BFB:noncanonicalB	BFB	BFB:noncanonicalB	BFB	BFB:noncanonicalB	True	True	True	exact	0.9897841350937768	BFB	0.19716267679050775	test	0.0032849073580646184	0.023262176218964724	0.07974486050354457	0.19716267679050775
H1437:C1	H1437	C1	1	H1437:chr1:111853551-119999999:1	chr1	p	111853551	119999999					none	none	False	False	False	background	0.2150782478660194	ecDNA	0.2268937325492126	test	0.2268937325492126	0.09814493432823812	0.22256871710470585	0.028005859087728676
H1437:C2	H1437	C2	1	H1437:chr5:0-5829466:2	chr5	p	0	5829466	Seismic_Amplification;BFB	Seismic_Amplification:noncanonical;BFB:noncanonicalB	Seismic_Amplification	Seismic_Amplification:canonical	Seismic_Amplification	Seismic_Amplification:canonical	True	False	True	partial_class	0.9980204000396403	Seismic_Amplification	0.49642504976380436	test	0.09131851768076389	0.49642504976380436	0.01762817205643803	0.20742751306879886
H1437:C3	H1437	C3	1	H1437:chr8:38023108-42999999:3	chr8	p	38023108	42999999					none	none	False	False	False	background	0.5984082335020275	ecDNA	0.314018214271864	test	0.314018214271864	0.18779681642749244	0.1446488403706966	0.04171349240271861
H1437:C4	H1437	C4	1	H1437:chr8:124330148-127869979:4	chr8	q	124330148	127869979	BFB	BFB:noncanonicalB	BFB	BFB:canonical	BFB	BFB:canonical	True	False	True	wrong_level	0.9944131462620636	BFB	0.3329169061372707	test	0.018099077215502104	0.061957620221652576	0.03904492010891402	0.3329169061372707
H1437:C5	H1437	C5	1	H1437:chr9:5537125-23084309:5	chr9	p	5537125	23084309	chromothripsis;BFB	chromothripsis:noncanonical;BFB:noncanonicalB			none	none	False	False	False	wrong	0.9947042501166269	chromothripsis	0.19544567271476948	test	0.028137629545904406	0.11117173631435899	0.19544567271476948	0.10894981510717949
H1437:C6	H1437	C6	1	H1437:chr9:123944957-128643829:6	chr9	q	123944957	128643829	BFB	BFB:noncanonicalB	BFB	BFB:canonical	BFB	BFB:canonical	True	False	True	wrong_level	0.9933854627387164	BFB	0.40850905426765616	test	0.029907057356766676	0.03500581272826135	0.06450383255246435	0.40850905426765616
H1437:C7	H1437	C7	1	H1437:chr12:29363617-32999999:7	chr12	p	29363617	32999999	chromothripsis	chromothripsis:noncanonicalB	chromothripsis	chromothripsis:noncanonical	chromothripsis	chromothripsis:noncanonical	True	False	True	wrong_level	0.9703839219901473	chromothripsis	0.40097313658926714	test	0.015618241375412649	0.040532467031387666	0.40097313658926714	0.05504322296629275
H2009:C1	H2009	C1	2	H2009:chr1:45850148-56986953:1;H2009:chr1:151000001-156374139:2	chr1	p;q	45850148	156374139	chromothripsis	chromothripsis:noncanonical	chromothripsis	chromothripsis:canonical	chromothripsis	chromothripsis:canonical	True	False	True	wrong_level	0.9806811121032638	chromothripsis	0.5234461735428048	train	0.024766353279645	0.048593978459177976	0.5234461735428048	0.05527710075450193
H2009:C2	H2009	C2	2	H2009:chr1:173590064-196663842:3;H2009:chr13:93806668-107681239:7	chr1;chr13	q	93806668	196663842	chromothripsis	chromothripsis:noncanonical	chromothripsis	chromothripsis:canonical	chromothripsis	chromothripsis:canonical	True	False	True	wrong_level	0.9763875280986269	chromothripsis	0.5686186557347678	train	0.0897990452988063	0.04671849172894971	0.5686186557347678	0.055938297288881035
H2009:C3	H2009	C3	1	H2009:chr3:56114072-61312739:4	chr3	p	56114072	61312739	chromothripsis	chromothripsis:noncanonicalB	chromothripsis	chromothripsis:noncanonical	chromothripsis	chromothripsis:noncanonical	True	False	True	wrong_level	0.9806112007557555	chromothripsis	0.40606127383795143	train	0.00977935439480479	0.07216750235227867	0.40606127383795143	0.06334407413403746
H2009:C4	H2009	C4	1	H2009:chr12:101496434-105293022:5	chr12	q	101496434	105293022	BFB	BFB:noncanonical	BFB	BFB:canonical	BFB	BFB:canonical	True	False	True	wrong_level	0.9952871876129059	BFB	0.4121735401320327	train	0.01370204448754309	0.058012774252717086	0.04777786439738624	0.4121735401320327
H2009:C5	H2009	C5	1	H2009:chr13:48402084-58685643:6	chr13	q	48402084	58685643					none	none	False	False	False	background	0.08941402312321611	chromothripsis	0.2916883444849724	train	0.17441036415632946	0.1660532427112547	0.2916883444849724	0.008937464873186538
HCC1937:C1	HCC1937	C1	1	HCC1937:chr3:185299317-198295559:1	chr3	q	185299317	198295559					none	none	False	False	False	background	0.3492338448865207	Seismic_Amplification	0.349133784851376	train	0.043954684376539634	0.349133784851376	0.21148291161448735	0.017432019294884554
HCC1937:C2	HCC1937	C2	1	HCC1937:chr4:128186850-130366021:2	chr4	q	128186850	130366021	BFB	BFB:noncanonicalB	BFB	BFB:canonical	BFB	BFB:canonical	True	False	True	wrong_level	0.9953724985048198	BFB	0.43686115077393217	train	0.025104809548701926	0.07097008519901166	0.03675291905822574	0.43686115077393217
HCC1937:C3	HCC1937	C3	1	HCC1937:chr5:52000001-54211375:3	chr5	q	52000001	54211375	Seismic_Amplification;BFB	Seismic_Amplification:noncanonical;BFB:noncanonical	BFB	BFB:canonical	BFB	BFB:canonical	True	False	True	partial_class	0.9980289272488007	BFB	0.2947946497825963	train	0.0626323941999292	0.2894250175928831	0.011619399211426948	0.2947946497825963
HCC1937:C4	HCC1937	C4	1	HCC1937:chr6:18875101-23707534:4	chr6	p	18875101	23707534	Seismic_Amplification	Seismic_Amplification:noncanonical	Seismic_Amplification	Seismic_Amplification:canonical	Seismic_Amplification	Seismic_Amplification:canonical	True	False	True	wrong_level	0.8440661544993242	Seismic_Amplification	0.5473087478021443	train	0.018279383816552433	0.5473087478021443	0.1376265260030035	0.049151688212581195
HCC1937:C5	HCC1937	C5	1	HCC1937:chr8:136730189-145138636:5	chr8	q	136730189	145138636	Seismic_Amplification	Seismic_Amplification:noncanonical	Seismic_Amplification	Seismic_Amplification:canonical	Seismic_Amplification	Seismic_Amplification:canonical	True	False	True	wrong_level	0.9563253133690118	Seismic_Amplification	0.5249744666797433	train	0.2322773647282728	0.5249744666797433	0.04501304105970783	0.08566157431547262
HCC1937:C6	HCC1937	C6	1	HCC1937:chr12:38000001-46021190:6	chr12	q	38000001	46021190	BFB	BFB:noncanonicalB	chromothripsis	chromothripsis:noncanonical	chromothripsis	chromothripsis:noncanonical	True	False	False	wrong	0.9913243094241122	chromothripsis	0.30947618276478644	train	0.024841740241340733	0.030850273735087946	0.30947618276478644	0.09344131466394623
HCC1937:C7	HCC1937	C7	1	HCC1937:chr16:46000001-48375678:7	chr16	q	46000001	48375678	Seismic_Amplification	Seismic_Amplification:canonical	Seismic_Amplification	Seismic_Amplification:canonical	Seismic_Amplification	Seismic_Amplification:canonical	True	True	True	exact	0.8903535226344321	Seismic_Amplification	0.6459321589521472	train	0.018485039191727483	0.6459321589521472	0.06012154743506904	0.041729220430355506
HCC1954:C1	HCC1954	C1	1	HCC1954:chr1:151000001-157603647:1	chr1	q	151000001	157603647	Seismic_Amplification;BFB	Seismic_Amplification:canonical;BFB:noncanonical	Seismic_Amplification	Seismic_Amplification:noncanonical	Seismic_Amplification	Seismic_Amplification:noncanonical	True	False	True	partial_class	0.992553305036926	Seismic_Amplification	0.3900181178895735	train	0.16108689740781362	0.3900181178895735	0.06968496656284522	0.21571655006521134
HCC1954:C2	HCC1954	C2	1	HCC1954:chr2:96000001-100873753:2	chr2	q	96000001	100873753					none	none	False	False	False	background	0.17465941554568626	ecDNA	0.2681642501003297	train	0.2681642501003297	0.18948919582232243	0.20553716511603912	0.019708111724810316
HCC1954:C3	HCC1954	C3	1	HCC1954:chr2:147926458-151799362:3	chr2	q	147926458	151799362	BFB	BFB:noncanonicalB	BFB	BFB:canonical	BFB	BFB:canonical	True	False	True	wrong_level	0.9825648441711419	BFB	0.3383768359285467	train	0.019229721408268077	0.030766170411643617	0.06716578922459093	0.3383768359285467
HCC1954:C4	HCC1954	C4	1	HCC1954:chr2:198255428-205692703:4	chr2	q	198255428	205692703	chromothripsis;BFB	chromothripsis:noncanonicalB;BFB:noncanonicalB	chromothripsis	chromothripsis:noncanonical	chromothripsis	chromothripsis:noncanonical	True	False	True	partial_class	0.9929169413468454	chromothripsis	0.3325263914514392	train	0.052743768830351305	0.050019189968715794	0.3325263914514392	0.16175269190373454
HCC1954:C5	HCC1954	C5	1	HCC1954:chr4:0-4799073:5	chr4	p	0	4799073			chromothripsis	chromothripsis:canonical	chromothripsis	chromothripsis:canonical	True	False	False	background	0.9338678425047979	chromothripsis	0.5039707318574655	train	0.02505209592430338	0.051755389969388076	0.5039707318574655	0.043989593720674625
HCC1954:C6	HCC1954	C6	1	HCC1954:chr4:38478872-47999999:6	chr4	p	38478872	47999999	BFB	BFB:noncanonicalB	BFB	BFB:noncanonicalB	BFB	BFB:noncanonicalB	True	True	True	exact	0.9956978431635836	BFB	0.24527681783581987	train	0.028951458633634086	0.1430283176772728	0.04523005551234421	0.24527681783581987
HCC1954:C7	HCC1954	C7	1	HCC1954:chr4:113806267-124363472:7	chr4	q	113806267	124363472	chromothripsis;BFB	chromothripsis:noncanonical;BFB:noncanonicalB	chromothripsis	chromothripsis:noncanonical	chromothripsis	chromothripsis:noncanonical	True	False	True	partial_class	0.9908954701923206	chromothripsis	0.3934569783931257	train	0.05245020172738906	0.07021750506045556	0.3934569783931257	0.14519168944847033
HCC1954:C8	HCC1954	C8	7	HCC1954:chr4:144179786-178151261:8;HCC1954:chr5:0-3209105:9;HCC1954:chr5:102783181-117504971:11;HCC1954:chr5:175753434-181538259:12;HCC1954:chr8:71218391-132804534:14;HCC1954:chr11:65787781-74859666:19;HCC1954:chr11:85045948-104108535:20	chr11;chr4;chr5;chr8	p;q	0	181538259	ecDNA;Seismic_Amplification;BFB	ecDNA;Seismic_Amplification:noncanonical;BFB:noncanonical	ecDNA;Seismic_Amplification;BFB	ecDNA;Seismic_Amplification:canonical;BFB:canonical	ecDNA;Seismic_Amplification;BFB	ecDNA;Seismic_Amplification:canonical;BFB:canonical	True	False	True	wrong_level	0.9959485568656965	ecDNA	0.9401733020836162	train	0.9401733020836162	0.7242347146892838	0.047009459753976114	0.3608872595905654
HCC1954:C9	HCC1954	C9	1	HCC1954:chr5:25588866-33474335:10	chr5	p	25588866	33474335	chromothripsis	chromothripsis:noncanonicalB	chromothripsis	chromothripsis:noncanonical	chromothripsis	chromothripsis:noncanonical	True	False	True	wrong_level	0.9664128006043247	chromothripsis	0.311753678063138	train	0.025433134406087764	0.05722026987676082	0.311753678063138	0.052936942788797764
HCC1954:C10	HCC1954	C10	1	HCC1954:chr8:39339828-42999999:13	chr8	p	39339828	42999999	Seismic_Amplification;BFB	Seismic_Amplification:noncanonical;BFB:noncanonicalB	Seismic_Amplification	Seismic_Amplification:canonical	Seismic_Amplification	Seismic_Amplification:canonical	True	False	True	partial_class	0.993014718364411	Seismic_Amplification	0.5887449076331832	train	0.10291231564060922	0.5887449076331832	0.01645525913750618	0.194223314301595
HCC1954:C11	HCC1954	C11	1	HCC1954:chr9:0-18581391:15	chr9	p	0	18581391	Seismic_Amplification;BFB	Seismic_Amplification:noncanonical;BFB:noncanonicalB	Seismic_Amplification	Seismic_Amplification:canonical	Seismic_Amplification	Seismic_Amplification:canonical	True	False	True	partial_class	0.9832641422058913	Seismic_Amplification	0.5036063174254352	train	0.3118258635839003	0.5036063174254352	0.03481398649011825	0.13296697508128183
HCC1954:C12	HCC1954	C12	1	HCC1954:chr9:125674254-127832869:16	chr9	q	125674254	127832869	chromothripsis	chromothripsis:noncanonicalB	chromothripsis	chromothripsis:noncanonical	chromothripsis	chromothripsis:noncanonical	True	False	True	wrong_level	0.9631664395692453	chromothripsis	0.3375693185939727	train	0.017198054021761996	0.055306491491294435	0.3375693185939727	0.05749568185197661
HCC1954:C13	HCC1954	C13	1	HCC1954:chr11:23782554-26756022:17	chr11	p	23782554	26756022	BFB	BFB:noncanonicalB	BFB	BFB:noncanonicalB	BFB	BFB:noncanonicalB	True	True	True	exact	0.9945523582067572	BFB	0.24524599076391523	train	0.03404170319717333	0.06348548059783327	0.08923528493492631	0.24524599076391523
HCC1954:C14	HCC1954	C14	1	HCC1954:chr11:44950563-50999999:18	chr11	p	44950563	50999999	chromothripsis	chromothripsis:noncanonicalB	chromothripsis	chromothripsis:noncanonical	chromothripsis	chromothripsis:noncanonical	True	False	True	wrong_level	0.9561463263432636	chromothripsis	0.4560710873702981	train	0.018974929768778587	0.03371106295432104	0.4560710873702981	0.045016187566906646
HCC1954:C15	HCC1954	C15	1	HCC1954:chr12:6941947-9032063:21	chr12	p	6941947	9032063	BFB	BFB:noncanonical	BFB	BFB:canonical	BFB	BFB:canonical	True	False	True	wrong_level	0.9937219219504563	BFB	0.40391241734105626	train	0.016101507013230258	0.04936364189190948	0.03228733348230394	0.40391241734105626
HCC1954:C16	HCC1954	C16	2	HCC1954:chr12:38000001-45355960:22;HCC1954:chr20:55358357-64444167:28	chr12;chr20	q	38000001	64444167	Seismic_Amplification;BFB	Seismic_Amplification:noncanonical;BFB:noncanonicalB	Seismic_Amplification	Seismic_Amplification:canonical	Seismic_Amplification	Seismic_Amplification:canonical	True	False	True	partial_class	0.9952786605323494	Seismic_Amplification	0.49800765171870665	train	0.2826994963645223	0.49800765171870665	0.027560005995902664	0.19197104250749797
HCC1954:C17	HCC1954	C17	1	HCC1954:chr14:30457625-37594904:23	chr14	q	30457625	37594904	BFB	BFB:noncanonical	BFB	BFB:noncanonicalB	BFB	BFB:noncanonicalB	True	False	True	wrong_level	0.9951271472970753	BFB	0.2515797983833809	train	0.08588512105420798	0.09113763709979351	0.13360443972202515	0.2515797983833809
HCC1954:C18	HCC1954	C18	1	HCC1954:chr15:21000001-27434570:24	chr15	q	21000001	27434570	Seismic_Amplification;BFB	Seismic_Amplification:noncanonical;BFB:noncanonical	BFB	BFB:canonical	BFB	BFB:canonical	True	False	True	partial_class	0.9970062703538954	ecDNA	0.5653146574166328	train	0.5653146574166328	0.3921755696496279	0.010520912311283456	0.3971632197692599
HCC1954:C19	HCC1954	C19	1	HCC1954:chr17:39095055-42947300:25	chr17	q	39095055	42947300	ecDNA;Seismic_Amplification	ecDNA;Seismic_Amplification:canonical	ecDNA;Seismic_Amplification	ecDNA;Seismic_Amplification:canonical	ecDNA;Seismic_Amplification	ecDNA;Seismic_Amplification:canonical	True	True	True	exact	0.950514240965401	ecDNA	0.8518930097523616	train	0.8518930097523616	0.6451743419085538	0.014403271131543738	0.15323294696916895
HCC1954:C20	HCC1954	C20	1	HCC1954:chr19:0-8064793:26	chr19	p	0	8064793					none	none	False	False	False	background	0.2438463582329578	chromothripsis	0.3693916071145788	train	0.05800667701428495	0.06667120205441499	0.3693916071145788	0.013504163491208645
HCC1954:C21	HCC1954	C21	1	HCC1954:chr19:28000001-58617616:27	chr19	q	28000001	58617616	Seismic_Amplification	Seismic_Amplification:noncanonical	Seismic_Amplification	Seismic_Amplification:canonical	Seismic_Amplification	Seismic_Amplification:canonical	True	False	True	wrong_level	0.9948632724425985	Seismic_Amplification	0.490641108550533	train	0.0902444624012758	0.490641108550533	0.06891992293471678	0.08121160129793409
HCC1954:C22	HCC1954	C22	1	HCC1954:chr21:13000001-46709983:29	chr21	q	13000001	46709983	Seismic_Amplification	Seismic_Amplification:noncanonical	Seismic_Amplification	Seismic_Amplification:canonical	Seismic_Amplification	Seismic_Amplification:canonical	True	False	True	wrong_level	0.994818719372609	Seismic_Amplification	0.5249707506822737	train	0.13320456927040855	0.5249707506822737	0.062306529448649485	0.08360370891895572
HCC1954:C23	HCC1954	C23	1	HCC1954:chr22:19000001-50818468:30	chr22	q	19000001	50818468	BFB	BFB:noncanonicalB	BFB	BFB:noncanonicalB	BFB	BFB:noncanonicalB	True	True	True	exact	0.9977067176152317	BFB	0.1510049526003563	train	0.1410340266046358	0.11977764640947246	0.0860793314886136	0.1510049526003563
