candidate_id	label_id	sample_id	chrom	arm	start_bp	end_bp	evidence	sv_class	label_scope	candidate_scope	n_segments	n_sv_nodes	encoded_sv_nodes	embedding_mode	localized_start_bp	localized_end_bp	localization_method	localization_confidence	localization_span_fraction	haplotype	haplotype_score	haplotype_confidence	sv_hp1_support	sv_hp2_support	cn_hp1_mean	cn_hp2_mean	cluster_id	sv_classes	raw_sv_classes	context_scope	context_start_bp	context_end_bp	local_embedding_dim	context_embedding_dim	coordinate_feature_dim	n_windows	n_segments_ge_100kb	component_length	segment_frequency	ploidy	segment_len_q25	segment_len_q50	segment_len_q75	oscillating_two_state	oscillating_segment_fraction	oscillating_transition_fraction	n_TCN_0	n_TCN_1	n_TCN_2	n_TCN_3	n_TCN_4	n_TCN_5	n_TCN_6	n_TCN_7	n_TCN_7_10	n_TCN_11_20	n_TCN_20_40	n_TCN_gt_40	n_breakpoints	n_FB_lowCN_2Mb	FB_first_index	FB_last_index	FB_lowCN_first_index	FB_lowCN_last_index	n_DEL	n_DUP	n_FB	n_INTER_CHR	n_INV_LIKE	n_sBND	n_interchromosomal_SV	embedding_normalization	embedding_features	is_labeled	is_background_chromosome	raw_true_classes	true_classes	objectness_logit	objectness_prob	top_type_class	max_type_probability	max_type_logit	type_logit_ecDNA	type_probability_ecDNA	type_logit_Seismic_Amplification	type_probability_Seismic_Amplification	type_logit_chromothripsis	type_probability_chromothripsis	type_logit_BFB	type_probability_BFB	cluster_key	cluster_size	cluster_aggregation	held_out_sample	calibration_split	logo_fold	logo_train_n_labeled	logo_train_n_empty	objectness_tau	secondary_thresholding	secondary_min	secondary_delta	type_rescue	rescue_type_tau	rescue_objectness_floor	rescue_margin	type_threshold_ecDNA	secondary_threshold_ecDNA	type_threshold_Seismic_Amplification	secondary_threshold_Seismic_Amplification	type_threshold_chromothripsis	secondary_threshold_chromothripsis	type_threshold_BFB	secondary_threshold_BFB	primary_predicted_class	prediction_source	rescued_by_type_confidence	rescue_top_type_class	rescue_top_type_probability	rescue_type_margin	predicted_classes	predicted_class	predicted_raw_classes	predicted_raw_class	called_complex_sv	class_exact_match	class_any_match	class_base_exact_match	class_wrong_level_match	class_partial_class_match	class_correctness	objectness_correct	n_predicted_classes
AU565:chr3:0-19007244:1	AU565:chr3:0-19007244:1	AU565	chr3	p	0	19007244	candidate_region_label	Seismic_Amplification;BFB	region	candidate_region	13	17	17	candidate_region_with_context	12980560	19007244	sv_attention	0.8683	0.3171	HP2	-0.7032	0.6042	12.0	115.0	0.9972	2.8942	C1	Seismic_Amplification;BFB	Seismic_Amplification:noncanonical;BFB:noncanonicalB	chromosome_arm	0	90951000	402	402	8	13	13	19007245	6.839497254862553e-07	3.891396938377971	325693.0	510733.0	1691897.0	False	0.5384615384615384	0.1666666666666666	0	1	1	3	4	3	1	0	0	0	0	0	13	0					4	2	0.0	2	5	0	2	sample_residual	coords	1	0	Seismic_Amplification:noncanonical;BFB:noncanonicalB	Seismic_Amplification;BFB	4.751946926116943	0.9914390552442442	chromothripsis	0.7816507297957384	1.275312066078186	-2.6397032737731934	0.0666264858341077	1.0963481664657593	0.7495752368395873	1.275312066078186	0.7816507297957384	-1.3695167303085327	0.20269793714149564	AU565:C1	4	max	AU565	logo	1	220	96	0.7900000214576721	min_delta	0.30000001192092896	0.20000000298023224	type_confidence	0.9800000190734863	0.10000000149011612	0.30000001192092896	0.6399999856948853	0.8399999886751175	0.20999999344348907	0.4099999964237213	0.23000000417232513	0.4300000071525574	0.11999999731779099	0.3200000002980232	chromothripsis	objectness_type_threshold	False	chromothripsis	0.7816507297957384	0.032075492956151086	Seismic_Amplification;chromothripsis	Seismic_Amplification;chromothripsis	Seismic_Amplification:canonical;chromothripsis:canonical	Seismic_Amplification:canonical;chromothripsis:canonical	True	False	True	False	False	True	partial_class	True	2
AU565:chr3:36522773-39561702:2	AU565:chr3:36522773-39561702:2	AU565	chr3	p	36522773	39561702	candidate_region_label	Seismic_Amplification;BFB	region	candidate_region	6	11	11	candidate_region_with_context	37907000	39561702	sv_attention	0.9559	0.5445	mixed_HP	0.2097	0.3	37.0	18.0	1.9621	2.2205	C1	Seismic_Amplification;BFB	Seismic_Amplification:noncanonical;BFB:noncanonicalB	chromosome_arm	0	90951000	402	402	8	6	5	3038930	1.974379140026259e-06	4.182578736594788	214309.75	427872.0	689816.0	False	0.6666666666666666	0.4	0	2	0	0	0	2	1	0	1	0	0	0	8	0					2	4	0.0	0	2	0	0	sample_residual	coords	1	0	Seismic_Amplification:noncanonical;BFB:noncanonicalB	Seismic_Amplification;BFB	4.751946926116943	0.9914390552442442	chromothripsis	0.7816507297957384	1.275312066078186	-2.6397032737731934	0.0666264858341077	1.0963481664657593	0.7495752368395873	1.275312066078186	0.7816507297957384	-1.3695167303085327	0.20269793714149564	AU565:C1	4	max	AU565	logo	1	220	96	0.7900000214576721	min_delta	0.30000001192092896	0.20000000298023224	type_confidence	0.9800000190734863	0.10000000149011612	0.30000001192092896	0.6399999856948853	0.8399999886751175	0.20999999344348907	0.4099999964237213	0.23000000417232513	0.4300000071525574	0.11999999731779099	0.3200000002980232	chromothripsis	objectness_type_threshold	False	chromothripsis	0.7816507297957384	0.032075492956151086	Seismic_Amplification;chromothripsis	Seismic_Amplification;chromothripsis	Seismic_Amplification:canonical;chromothripsis:canonical	Seismic_Amplification:canonical;chromothripsis:canonical	True	False	True	False	False	True	partial_class	True	2
AU565:chr3:151354228-158466862:3	AU565:chr3:151354228-158466862:3	AU565	chr3	q	151354228	158466862	candidate_region_label	Seismic_Amplification;BFB	region	candidate_region	4	8	8	candidate_region_with_context	151911755	158466862	sv_attention	0.7134	0.9216	mixed_HP	0.2017	0.2	34.0	14.0	1.3861	2.2055	C1	Seismic_Amplification;BFB	Seismic_Amplification:noncanonical;BFB:noncanonicalB	chromosome_arm	90951000	198250001	402	402	8	4	4	7112635	5.623794838340503e-07	3.591606486203777	547225.25	962471.5	2193405.0	False	0.5	0.3333333333333333	0	1	1	0	1	0	0	0	1	0	0	0	6	0	1.0	1.0			2	2	1.0	0	1	0	0	sample_residual	coords	1	0	Seismic_Amplification:noncanonical;BFB:noncanonicalB	Seismic_Amplification;BFB	4.751946926116943	0.9914390552442442	chromothripsis	0.7816507297957384	1.275312066078186	-2.6397032737731934	0.0666264858341077	1.0963481664657593	0.7495752368395873	1.275312066078186	0.7816507297957384	-1.3695167303085327	0.20269793714149564	AU565:C1	4	max	AU565	logo	1	220	96	0.7900000214576721	min_delta	0.30000001192092896	0.20000000298023224	type_confidence	0.9800000190734863	0.10000000149011612	0.30000001192092896	0.6399999856948853	0.8399999886751175	0.20999999344348907	0.4099999964237213	0.23000000417232513	0.4300000071525574	0.11999999731779099	0.3200000002980232	chromothripsis	objectness_type_threshold	False	chromothripsis	0.7816507297957384	0.032075492956151086	Seismic_Amplification;chromothripsis	Seismic_Amplification;chromothripsis	Seismic_Amplification:canonical;chromothripsis:canonical	Seismic_Amplification:canonical;chromothripsis:canonical	True	False	True	False	False	True	partial_class	True	2
AU565:chr3:178278467-198295559:4	AU565:chr3:178278467-198295559:4	AU565	chr3	q	178278467	198295559	candidate_region_label	Seismic_Amplification;BFB	region	candidate_region	20	30	30	candidate_region_with_context	179003027	198295559	sv_attention	1.0	0.9638	HP2	-0.6223	0.4963	13.0	88.0	1.3391	2.992	C1	Seismic_Amplification;BFB	Seismic_Amplification:noncanonical;BFB:noncanonicalB	chromosome_arm	90951000	198250001	402	402	8	20	17	20017093	9.991460798028965e-07	4.325845616044248	337981.0	536771.5	1148481.25	True	0.8	0.631578947368421	0	0	1	2	9	7	1	0	0	0	0	0	19	0					3	5	0.0	0	11	0	0	sample_residual	coords	1	0	Seismic_Amplification:noncanonical;BFB:noncanonicalB	Seismic_Amplification;BFB	4.751946926116943	0.9914390552442442	chromothripsis	0.7816507297957384	1.275312066078186	-2.6397032737731934	0.0666264858341077	1.0963481664657593	0.7495752368395873	1.275312066078186	0.7816507297957384	-1.3695167303085327	0.20269793714149564	AU565:C1	4	max	AU565	logo	1	220	96	0.7900000214576721	min_delta	0.30000001192092896	0.20000000298023224	type_confidence	0.9800000190734863	0.10000000149011612	0.30000001192092896	0.6399999856948853	0.8399999886751175	0.20999999344348907	0.4099999964237213	0.23000000417232513	0.4300000071525574	0.11999999731779099	0.3200000002980232	chromothripsis	objectness_type_threshold	False	chromothripsis	0.7816507297957384	0.032075492956151086	Seismic_Amplification;chromothripsis	Seismic_Amplification;chromothripsis	Seismic_Amplification:canonical;chromothripsis:canonical	Seismic_Amplification:canonical;chromothripsis:canonical	True	False	True	False	False	True	partial_class	True	2
AU565:chr5:138061704-142844456:5	AU565:chr5:138061704-142844456:5	AU565	chr5	q	138061704	142844456	candidate_region_label	BFB	region	candidate_region	5	7	7	candidate_region_with_context	140116700	142844456	sv_attention	0.9179	0.5703	mixed_HP	0.0064	0.5	39.0	26.0	1.5703	3.5013	C2	BFB	BFB:noncanonical	chromosome_arm	48464000	181500001	402	402	8	5	5	4782753	1.0454230021914157e-06	5.071633847702359	487556.0	987072.0	1410036.0	True	0.8	0.75	0	0	0	1	0	2	2	0	0	0	0	0	6	0					2	0	0.0	1	3	0	1	sample_residual	coords	1	0	BFB:noncanonical	BFB	5.80794095993042	0.997005386386847	chromothripsis	0.41768316001649625	-0.33229154348373413	-0.9739605188369751	0.27409179103453535	-2.0569427013397217	0.11335273746058959	-0.33229154348373413	0.41768316001649625	-0.34628456830978394	0.41428369260086645	AU565:C2	2	max	AU565	logo	1	220	96	0.7900000214576721	min_delta	0.30000001192092896	0.20000000298023224	type_confidence	0.9800000190734863	0.10000000149011612	0.30000001192092896	0.6399999856948853	0.8399999886751175	0.20999999344348907	0.4099999964237213	0.23000000417232513	0.4300000071525574	0.11999999731779099	0.3200000002980232	chromothripsis	objectness_type_threshold	False	chromothripsis	0.41768316001649625	0.0033994674156297977	chromothripsis;BFB	chromothripsis;BFB	chromothripsis:noncanonical;BFB:canonical	chromothripsis:noncanonical;BFB:canonical	True	False	True	False	False	True	partial_class	True	2
AU565:chr5:155073273-164481680:6	AU565:chr5:155073273-164481680:6	AU565	chr5	q	155073273	164481680	candidate_region_label	BFB	region	candidate_region	10	53	53	candidate_region_with_context	155073325	164481680	sv_attention	1.0	1.0	mixed_HP	-0.4651	0.4087	92.0	149.0	0.1649	4.0752	C2	BFB	BFB:noncanonical	chromosome_arm	48464000	181500001	402	402	8	10	8	9408408	1.0628790758223922e-06	4.240131380356805	159205.25	253777.0	555745.25	False	0.4	0.1111111111111111	1	0	1	0	2	2	2	2	0	0	0	0	12	2	5.0	12.0	5.0	12.0	4	1	2.0	3	2	0	3	sample_residual	coords	1	0	BFB:noncanonical	BFB	5.80794095993042	0.997005386386847	chromothripsis	0.41768316001649625	-0.33229154348373413	-0.9739605188369751	0.27409179103453535	-2.0569427013397217	0.11335273746058959	-0.33229154348373413	0.41768316001649625	-0.34628456830978394	0.41428369260086645	AU565:C2	2	max	AU565	logo	1	220	96	0.7900000214576721	min_delta	0.30000001192092896	0.20000000298023224	type_confidence	0.9800000190734863	0.10000000149011612	0.30000001192092896	0.6399999856948853	0.8399999886751175	0.20999999344348907	0.4099999964237213	0.23000000417232513	0.4300000071525574	0.11999999731779099	0.3200000002980232	chromothripsis	objectness_type_threshold	False	chromothripsis	0.41768316001649625	0.0033994674156297977	chromothripsis;BFB	chromothripsis;BFB	chromothripsis:noncanonical;BFB:canonical	chromothripsis:noncanonical;BFB:canonical	True	False	True	False	False	True	partial_class	True	2
AU565:chr6:0-8775217:7	AU565:chr6:0-8775217:7	AU565	chr6	p	0	8775217	candidate_region_label	BFB	region	candidate_region	15	31	31	candidate_region_with_context	6709076	8775217	sv_attention	0.9994	0.2355	HP1	0.7112	0.615	345.0	35.0	1.7669	0.5856	C3	BFB	BFB:noncanonicalB	chromosome_arm	0	60589000	402	402	8	15	10	8775218	1.7093592432689422e-06	2.352533464125905	86499.5	191813.0	487362.0	False	0.4	0.0714285714285714	1	3	3	0	0	2	3	3	0	0	0	0	16	0	12.0	12.0			3	2	1.0	0	9	1	0	sample_residual	coords	1	0	BFB:noncanonicalB	BFB	7.133135795593262	0.9992024242070339	Seismic_Amplification	0.34462841523350135	-0.6427356004714966	-4.140048503875732	0.015672539783482566	-0.6427356004714966	0.34462841523350135	-2.552403211593628	0.07226520127383745	-1.7131000757217407	0.15276205390466155	AU565:C3	1	max	AU565	logo	1	220	96	0.7900000214576721	min_delta	0.30000001192092896	0.20000000298023224	type_confidence	0.9800000190734863	0.10000000149011612	0.30000001192092896	0.6399999856948853	0.8399999886751175	0.20999999344348907	0.4099999964237213	0.23000000417232513	0.4300000071525574	0.11999999731779099	0.3200000002980232	Seismic_Amplification	objectness_type_threshold	False	Seismic_Amplification	0.34462841523350135	0.1918663613288398	Seismic_Amplification	Seismic_Amplification	Seismic_Amplification:noncanonical	Seismic_Amplification:noncanonical	True	False	False	False	False	False	wrong	True	1
AU565:chr6:24684333-34294777:8	AU565:chr6:24684333-34294777:8	AU565	chr6	p	24684333	34294777	candidate_region_label	chromothripsis	region	candidate_region	10	24	24	candidate_region_with_context	26739554	32646123	sv_attention	0.9999	0.6146	mixed_HP	0.1607	0.4156	95.0	59.0	2.1711	2.1086	C4	chromothripsis	chromothripsis:canonical	chromosome_arm	0	60589000	402	402	8	10	5	9610445	1.0405345434056384e-06	4.279679869142376	65448.0	299870.0	1670832.25	False	0.6	0.2222222222222222	0	0	1	2	3	3	1	0	0	0	0	0	11	0					6	1	0.0	1	3	0	1	sample_residual	coords	1	0	chromothripsis:canonical	chromothripsis	2.4382107257843018	0.9196950382545516	chromothripsis	0.49615348571068524	-0.015386360697448254	-3.1573667526245117	0.04080198693597398	-2.6289243698120117	0.06729993718350237	-0.015386360697448254	0.49615348571068524	-3.41516375541687	0.03182490621406922	AU565:C4	1	max	AU565	logo	1	220	96	0.7900000214576721	min_delta	0.30000001192092896	0.20000000298023224	type_confidence	0.9800000190734863	0.10000000149011612	0.30000001192092896	0.6399999856948853	0.8399999886751175	0.20999999344348907	0.4099999964237213	0.23000000417232513	0.4300000071525574	0.11999999731779099	0.3200000002980232	chromothripsis	objectness_type_threshold	False	chromothripsis	0.49615348571068524	0.4288535485271829	chromothripsis	chromothripsis	chromothripsis:canonical	chromothripsis:canonical	True	True	True	True	False	False	exact	True	1
AU565:chr7:114215974-133164006:9	AU565:chr7:114215974-133164006:9	AU565	chr7	q	114215974	133164006	candidate_region_label	Seismic_Amplification;BFB	region	candidate_region	14	22	22	candidate_region_with_context	114409365	128945378	sv_attention	0.9998	0.7672	HP1	0.8616	0.8155	379.0	0.0	6.655	1.7436	C5	Seismic_Amplification;BFB	Seismic_Amplification:noncanonical;BFB:noncanonicalB	chromosome_arm	59904000	159300001	402	402	8	13	12	18948033	7.388629732701014e-07	8.39861214090138	197069.5	426320.5	2085418.0	False	0.4285714285714285	0.0	1	1	1	0	1	0	0	0	7	3	0	0	15	2	1.0	12.0	11.0	12.0	4	2	5.0	2	2	0	2	sample_residual	coords	1	0	Seismic_Amplification:noncanonical;BFB:noncanonicalB	Seismic_Amplification;BFB	5.223391532897949	0.9946398648257349	Seismic_Amplification	0.5476875354993258	0.19133169949054718	-0.48126426339149475	0.38195363231577445	0.19133169949054718	0.5476875354993258	-3.5472288131713867	0.02799789032318634	-1.2344759702682495	0.22539898651466267	AU565:C5	1	max	AU565	logo	1	220	96	0.7900000214576721	min_delta	0.30000001192092896	0.20000000298023224	type_confidence	0.9800000190734863	0.10000000149011612	0.30000001192092896	0.6399999856948853	0.8399999886751175	0.20999999344348907	0.4099999964237213	0.23000000417232513	0.4300000071525574	0.11999999731779099	0.3200000002980232	Seismic_Amplification	objectness_type_threshold	False	Seismic_Amplification	0.5476875354993258	0.16573390318355136	Seismic_Amplification	Seismic_Amplification	Seismic_Amplification:canonical	Seismic_Amplification:canonical	True	False	True	False	False	True	partial_class	True	1
AU565:chr8:47000001-50494087:10	AU565:chr8:47000001-50494087:10	AU565	chr8	q	47000001	50494087	candidate_region_label	ecDNA;Seismic_Amplification;BFB	region	candidate_region	7	23	23	candidate_region_with_context	48905178	50494087	sv_attention	0.9992	0.4547	mixed_HP	-0.0035	0.3	32.0	74.0	3.9766	0.4867	C6	ecDNA;Seismic_Amplification;BFB	ecDNA;Seismic_Amplification:noncanonical;BFB:noncanonicalB	chromosome_arm	45644000	145100001	402	402	8	7	5	3494087	2.003384575140802e-06	4.463317312934681	102772.5	204435.0	676022.5	False	0.5714285714285714	0.3333333333333333	1	0	2	2	0	0	0	0	1	0	0	1	8	1	4.0	5.0	4.0	4.0	0	0	2.0	2	4	0	2	sample_residual	coords	1	0	ecDNA;Seismic_Amplification:noncanonical;BFB:noncanonicalB	ecDNA;Seismic_Amplification;BFB	7.168791770935059	0.999230340021689	ecDNA	0.9799298058447191	3.888245105743408	3.888245105743408	0.9799298058447191	0.6431680917739868	0.6554692605446087	-2.0201048851013184	0.11710814596812512	-0.7677937150001526	0.31695656314312637	AU565:C6	4	max	AU565	logo	1	220	96	0.7900000214576721	min_delta	0.30000001192092896	0.20000000298023224	type_confidence	0.9800000190734863	0.10000000149011612	0.30000001192092896	0.6399999856948853	0.8399999886751175	0.20999999344348907	0.4099999964237213	0.23000000417232513	0.4300000071525574	0.11999999731779099	0.3200000002980232	ecDNA	objectness_type_threshold	False	ecDNA	0.9799298058447191	0.32446054530011037	ecDNA;Seismic_Amplification	ecDNA;Seismic_Amplification	ecDNA;Seismic_Amplification:canonical	ecDNA;Seismic_Amplification:canonical	True	False	True	False	False	True	partial_class	True	2
AU565:chr8:70898854-90691867:11	AU565:chr8:70898854-90691867:11	AU565	chr8	q	70898854	90691867	candidate_region_label	ecDNA;Seismic_Amplification;BFB	region	candidate_region	59	106	106	candidate_region_with_context	70977190	90691867	sv_attention	1.0	0.996	mixed_HP	-0.2224	0.2	115.0	1103.0	14.8725	0.3421	C6	ecDNA;Seismic_Amplification;BFB	ecDNA;Seismic_Amplification:noncanonical;BFB:noncanonicalB	chromosome_arm	45644000	145100001	402	402	8	59	42	19793014	2.980849707881781e-06	15.214586368705646	88076.5	186399.0	307138.0	False	0.1016949152542373	0.0172413793103448	2	0	0	3	2	1	1	3	7	16	20	4	61	0					12	7	0.0	13	27	2	13	sample_residual	coords	1	0	ecDNA;Seismic_Amplification:noncanonical;BFB:noncanonicalB	ecDNA;Seismic_Amplification;BFB	7.168791770935059	0.999230340021689	ecDNA	0.9799298058447191	3.888245105743408	3.888245105743408	0.9799298058447191	0.6431680917739868	0.6554692605446087	-2.0201048851013184	0.11710814596812512	-0.7677937150001526	0.31695656314312637	AU565:C6	4	max	AU565	logo	1	220	96	0.7900000214576721	min_delta	0.30000001192092896	0.20000000298023224	type_confidence	0.9800000190734863	0.10000000149011612	0.30000001192092896	0.6399999856948853	0.8399999886751175	0.20999999344348907	0.4099999964237213	0.23000000417232513	0.4300000071525574	0.11999999731779099	0.3200000002980232	ecDNA	objectness_type_threshold	False	ecDNA	0.9799298058447191	0.32446054530011037	ecDNA;Seismic_Amplification	ecDNA;Seismic_Amplification	ecDNA;Seismic_Amplification:canonical	ecDNA;Seismic_Amplification:canonical	True	False	True	False	False	True	partial_class	True	2
AU565:chr8:103691910-145138636:12	AU565:chr8:103691910-145138636:12	AU565	chr8	q	103691910	145138636	candidate_region_label	ecDNA;Seismic_Amplification;BFB	region	candidate_region	104	205	205	candidate_region_with_context	103694000	145138636	sv_attention	1.0	0.9999	mixed_HP	-0.1295	0.2	379.0	1777.0	11.1308	0.5341	C6	ecDNA;Seismic_Amplification;BFB	ecDNA;Seismic_Amplification:noncanonical;BFB:noncanonicalB	chromosome_arm	45644000	145100001	402	402	8	104	68	41446727	2.509245181169553e-06	11.655934520474922	78767.25	175732.5	443418.75	False	0.1826923076923076	0.0485436893203883	7	4	10	9	6	2	2	0	1	19	32	12	105	2	17.0	95.0	17.0	28.0	29	13	4.0	23	35	1	23	sample_residual	coords	1	0	ecDNA;Seismic_Amplification:noncanonical;BFB:noncanonicalB	ecDNA;Seismic_Amplification;BFB	7.168791770935059	0.999230340021689	ecDNA	0.9799298058447191	3.888245105743408	3.888245105743408	0.9799298058447191	0.6431680917739868	0.6554692605446087	-2.0201048851013184	0.11710814596812512	-0.7677937150001526	0.31695656314312637	AU565:C6	4	max	AU565	logo	1	220	96	0.7900000214576721	min_delta	0.30000001192092896	0.20000000298023224	type_confidence	0.9800000190734863	0.10000000149011612	0.30000001192092896	0.6399999856948853	0.8399999886751175	0.20999999344348907	0.4099999964237213	0.23000000417232513	0.4300000071525574	0.11999999731779099	0.3200000002980232	ecDNA	objectness_type_threshold	False	ecDNA	0.9799298058447191	0.32446054530011037	ecDNA;Seismic_Amplification	ecDNA;Seismic_Amplification	ecDNA;Seismic_Amplification:canonical	ecDNA;Seismic_Amplification:canonical	True	False	True	False	False	True	partial_class	True	2
AU565:chr10:27994282-32989762:13		AU565	chr10	p	27994282	32989762	candidate_region_empty		empty_candidate_region	candidate_region	5	14	14	candidate_region_with_context	27994482	29036260	sv_attention	0.8059	0.2085	HP2	-0.6369	0.5158	8.0	77.0	0.7159	1.2924	C7			chromosome_arm	0	40246000	402	402	8	5	4	4995481	1.0009046175933808e-06	2.008350747405505	471385.0	481285.0	508154.0	False	0.6	0.5	0	1	0	1	1	2	0	0	0	0	0	0	6	0					4	0	0.0	1	1	0	1	sample_residual	coords	0	1			-1.7751457691192627	0.14490356880793748	chromothripsis	0.26883668998152604	-1.0005327463150024	-2.9500083923339844	0.04973611491492864	-2.0767982006073	0.11137245032997864	-1.0005327463150024	0.26883668998152604	-3.256273031234741	0.03710212787708198	AU565:C7	1	max	AU565	logo	1	220	96	0.7900000214576721	min_delta	0.30000001192092896	0.20000000298023224	type_confidence	0.9800000190734863	0.10000000149011612	0.30000001192092896	0.6399999856948853	0.8399999886751175	0.20999999344348907	0.4099999964237213	0.23000000417232513	0.4300000071525574	0.11999999731779099	0.3200000002980232	none	none_objectness	False	chromothripsis	0.26883668998152604	0.1574642396515474		none		none	False	False	False	False	False	False	background	True	0
AU565:chr10:55213168-71714103:14	AU565:chr10:55213168-71714103:14	AU565	chr10	q	55213168	71714103	candidate_region_label	BFB	region	candidate_region	21	29	29	candidate_region_with_context	55266419	71714103	sv_attention	1.0	0.9968	HP1	0.4908	0.321	171.0	29.0	2.2314	2.0094	C8	BFB	BFB:noncanonicalB	chromosome_arm	40246000	133750001	402	402	8	21	17	16500936	1.2726550784755482e-06	4.240793310149194	136527.0	413819.0	567907.0	False	0.7142857142857143	0.5	0	0	0	2	10	2	5	2	0	0	0	0	23	0	15.0	15.0			5	4	1.0	2	11	0	2	sample_residual	coords	1	0	BFB:noncanonicalB	BFB	6.6734113693237305	0.9987375167322815	BFB	0.1675517938593179	-1.6030784845352173	-2.1827566623687744	0.10130966877267472	-1.8656741380691528	0.13404305475089334	-2.175633192062378	0.10196007683789501	-1.6030784845352173	0.1675517938593179	AU565:C8	1	max	AU565	logo	1	220	96	0.7900000214576721	min_delta	0.30000001192092896	0.20000000298023224	type_confidence	0.9800000190734863	0.10000000149011612	0.30000001192092896	0.6399999856948853	0.8399999886751175	0.20999999344348907	0.4099999964237213	0.23000000417232513	0.4300000071525574	0.11999999731779099	0.3200000002980232	BFB	objectness_type_threshold	False	BFB	0.1675517938593179	0.03350873910842456	BFB	BFB	BFB:noncanonicalB	BFB:noncanonicalB	True	True	True	True	False	False	exact	True	1
AU565:chr14:45524644-58036648:15	AU565:chr14:45524644-58036648:15	AU565	chr14	q	45524644	58036648	candidate_region_label	ecDNA;Seismic_Amplification;BFB	region	candidate_region	10	13	13	candidate_region_with_context	49692456	58036648	sv_attention	0.6623	0.6669	mixed_HP	-0.3008	0.7887	65.0	77.0	0.6006	3.9054	C6	ecDNA;Seismic_Amplification;BFB	ecDNA;Seismic_Amplification:noncanonical;BFB:noncanonicalB	chromosome_arm	17600000	107000001	402	402	8	10	8	12512005	7.992324171865341e-07	4.505988688463599	240669.25	824103.0	1004713.5	False	0.6	0.3333333333333333	0	0	1	0	3	1	1	0	4	0	0	0	12	0					0	0	0.0	9	3	0	9	sample_residual	coords	1	0	ecDNA;Seismic_Amplification:noncanonical;BFB:noncanonicalB	ecDNA;Seismic_Amplification;BFB	7.168791770935059	0.999230340021689	ecDNA	0.9799298058447191	3.888245105743408	3.888245105743408	0.9799298058447191	0.6431680917739868	0.6554692605446087	-2.0201048851013184	0.11710814596812512	-0.7677937150001526	0.31695656314312637	AU565:C6	4	max	AU565	logo	1	220	96	0.7900000214576721	min_delta	0.30000001192092896	0.20000000298023224	type_confidence	0.9800000190734863	0.10000000149011612	0.30000001192092896	0.6399999856948853	0.8399999886751175	0.20999999344348907	0.4099999964237213	0.23000000417232513	0.4300000071525574	0.11999999731779099	0.3200000002980232	ecDNA	objectness_type_threshold	False	ecDNA	0.9799298058447191	0.32446054530011037	ecDNA;Seismic_Amplification	ecDNA;Seismic_Amplification	ecDNA;Seismic_Amplification:canonical	ecDNA;Seismic_Amplification:canonical	True	False	True	False	False	True	partial_class	True	2
AU565:chr17:28000001-42420153:16	AU565:chr17:28000001-42420153:16	AU565	chr17	q	28000001	42420153	candidate_region_label	ecDNA;Seismic_Amplification;BFB	region	candidate_region	11	13	13	candidate_region_with_context	30641929	42420153	sv_attention	0.9959	0.8168	HP2	-0.2778	0.0371	38.0	348.0	5.6254	0.7208	C9	ecDNA;Seismic_Amplification;BFB	ecDNA;Seismic_Amplification:noncanonical;BFB:noncanonicalB	chromosome_arm	25150000	83250001	402	402	8	10	11	14420153	7.62821309870984e-07	6.346199031314023	325328.0	790663.0	1186888.5	False	0.2727272727272727	0.0	0	2	1	0	1	1	0	1	2	0	3	0	11	0	9.0	9.0			3	1	1.0	6	0	0	6	sample_residual	coords	1	0	ecDNA;Seismic_Amplification:noncanonical;BFB:noncanonicalB	ecDNA;Seismic_Amplification;BFB	6.463205337524414	0.99844264110787	ecDNA	0.6739004570183894	0.7258797287940979	0.7258797287940979	0.6739004570183894	-0.3018707036972046	0.42510023793011914	-2.467735528945923	0.07815122002836843	-0.7164890766143799	0.3281665802110775	AU565:C9	2	max	AU565	logo	1	220	96	0.7900000214576721	min_delta	0.30000001192092896	0.20000000298023224	type_confidence	0.9800000190734863	0.10000000149011612	0.30000001192092896	0.6399999856948853	0.8399999886751175	0.20999999344348907	0.4099999964237213	0.23000000417232513	0.4300000071525574	0.11999999731779099	0.3200000002980232	ecDNA	objectness_type_threshold	False	ecDNA	0.6739004570183894	0.24880021908827027	ecDNA;Seismic_Amplification;BFB	ecDNA;Seismic_Amplification;BFB	ecDNA;Seismic_Amplification:noncanonical;BFB:canonical	ecDNA;Seismic_Amplification:noncanonical;BFB:canonical	True	False	True	True	True	False	wrong_level	True	3
AU565:chr17:62570891-83257441:17	AU565:chr17:62570891-83257441:17	AU565	chr17	q	62570891	83257441	candidate_region_label	ecDNA;Seismic_Amplification;BFB	region	candidate_region	16	30	30	candidate_region_with_context	63555000	83257441	sv_attention	1.0	0.9524	mixed_HP	0.0105	0.7394	196.0	159.0	1.8133	2.5928	C9	ecDNA;Seismic_Amplification;BFB	ecDNA;Seismic_Amplification:noncanonical;BFB:noncanonicalB	chromosome_arm	25150000	83250001	402	402	8	15	16	20686551	7.734493778107332e-07	4.405269684637134	323655.0	580448.0	1495088.25	False	0.4375	0.2	0	0	2	4	2	3	2	1	1	1	0	0	16	0					4	5	0.0	5	2	0	5	sample_residual	coords	1	0	ecDNA;Seismic_Amplification:noncanonical;BFB:noncanonicalB	ecDNA;Seismic_Amplification;BFB	6.463205337524414	0.99844264110787	ecDNA	0.6739004570183894	0.7258797287940979	0.7258797287940979	0.6739004570183894	-0.3018707036972046	0.42510023793011914	-2.467735528945923	0.07815122002836843	-0.7164890766143799	0.3281665802110775	AU565:C9	2	max	AU565	logo	1	220	96	0.7900000214576721	min_delta	0.30000001192092896	0.20000000298023224	type_confidence	0.9800000190734863	0.10000000149011612	0.30000001192092896	0.6399999856948853	0.8399999886751175	0.20999999344348907	0.4099999964237213	0.23000000417232513	0.4300000071525574	0.11999999731779099	0.3200000002980232	ecDNA	objectness_type_threshold	False	ecDNA	0.6739004570183894	0.24880021908827027	ecDNA;Seismic_Amplification;BFB	ecDNA;Seismic_Amplification;BFB	ecDNA;Seismic_Amplification:noncanonical;BFB:canonical	ecDNA;Seismic_Amplification:noncanonical;BFB:canonical	True	False	True	True	True	False	wrong_level	True	3
AU565:chr18:47315093-56791383:18		AU565	chr18	q	47315093	56791383	candidate_region_empty		empty_candidate_region	candidate_region	4	6	6	candidate_region_with_context	51458064	56212928	sv_attention	0.8977	0.5018	mixed_HP	-0.245	0.3	14.0	27.0	0.8168	1.0	C10			chromosome_arm	18540000	80350001	402	402	8	4	4	9476291	4.221060750456059e-07	1.816798154467819	2007271.5	2666659.0	3028460.25	False	0.75	0.3333333333333333	0	1	2	1	0	0	0	0	0	0	0	0	5	0					1	0	0.0	1	3	0	1	sample_residual	coords	0	1			0.15203548967838287	0.5379358273314104	chromothripsis	0.3837127326381294	-0.4738190174102783	-3.6281230449676514	0.025878512253576916	-3.538168430328369	0.02824551694470561	-0.4738190174102783	0.3837127326381294	-3.379040002822876	0.03295697697605427	AU565:C10	1	max	AU565	logo	1	220	96	0.7900000214576721	min_delta	0.30000001192092896	0.20000000298023224	type_confidence	0.9800000190734863	0.10000000149011612	0.30000001192092896	0.6399999856948853	0.8399999886751175	0.20999999344348907	0.4099999964237213	0.23000000417232513	0.4300000071525574	0.11999999731779099	0.3200000002980232	none	none_objectness	False	chromothripsis	0.3837127326381294	0.3507557556620751		none		none	False	False	False	False	False	False	background	True	0
AU565:chr20:0-58962673:19	AU565:chr20:0-58962673:19	AU565	chr20	mixed	0	58962673	candidate_region_label	Seismic_Amplification;BFB	region	candidate_region	73	156	156	candidate_region_with_context	3073212	58962673	sv_attention	1.0	0.9479	mixed_HP	-0.0494	0.2968	351.0	406.0	2.8904	2.9074	C11	Seismic_Amplification;BFB	Seismic_Amplification:canonical;BFB:noncanonicalB	chromosome	0	64400001	402	402	8	71	53	58962674	1.2380713941162166e-06	5.797808881598551	91469.0	252095.0	746263.0	False	0.3424657534246575	0.0972222222222222	0	0	0	2	1	13	10	12	24	11	0	0	71	0	29.0	29.0			19	19	1.0	0	31	1	0	sample_residual	coords	1	0	Seismic_Amplification:canonical;BFB:noncanonicalB	Seismic_Amplification;BFB	6.80093240737915	0.9988884996680235	Seismic_Amplification	0.9747346683608766	3.6527321338653564	-2.8403077125549316	0.05518449171151074	3.6527321338653564	0.9747346683608766	-2.1822519302368164	0.10135563187261004	-1.1855777502059937	0.23405078440060106	AU565:C11	1	max	AU565	logo	1	220	96	0.7900000214576721	min_delta	0.30000001192092896	0.20000000298023224	type_confidence	0.9800000190734863	0.10000000149011612	0.30000001192092896	0.6399999856948853	0.8399999886751175	0.20999999344348907	0.4099999964237213	0.23000000417232513	0.4300000071525574	0.11999999731779099	0.3200000002980232	Seismic_Amplification	objectness_type_threshold	False	Seismic_Amplification	0.9747346683608766	0.7406838839602756	Seismic_Amplification	Seismic_Amplification	Seismic_Amplification:canonical	Seismic_Amplification:canonical	True	False	True	False	False	True	partial_class	True	1
AU565:chr22:46498609-50818468:20		AU565	chr22	q	46498609	50818468	candidate_region_empty		empty_candidate_region	candidate_region	6	4	4	candidate_region_with_context	47479650	49818212	sv_attention	0.7524	0.5414	mixed_HP	-0.1498	0.3571	13.0	22.0	1.8704	1.6423	C12			chromosome_arm	15050000	50800001	402	402	8	6	5	4319860	1.388933900635669e-06	3.5062559897774466	168166.75	490521.5	906843.75	False	0.5	0.0	0	1	1	1	2	0	1	0	0	0	0	0	5	0					2	2	0.0	0	0	1	0	sample_residual	coords	0	1			-2.148959159851074	0.10442852575866547	chromothripsis	0.2200440878506469	-1.2654094696044922	-2.445328950881958	0.07978080570061129	-1.4991014003753662	0.18255958500053324	-1.2654094696044922	0.2200440878506469	-4.243227958679199	0.014157836757924317	AU565:C12	1	max	AU565	logo	1	220	96	0.7900000214576721	min_delta	0.30000001192092896	0.20000000298023224	type_confidence	0.9800000190734863	0.10000000149011612	0.30000001192092896	0.6399999856948853	0.8399999886751175	0.20999999344348907	0.4099999964237213	0.23000000417232513	0.4300000071525574	0.11999999731779099	0.3200000002980232	none	none_objectness	False	chromothripsis	0.2200440878506469	0.03748450285011368		none		none	False	False	False	False	False	False	background	True	0
BT474:chr1:151000001-176668027:1	BT474:chr1:151000001-176668027:1	BT474	chr1	q	151000001	176668027	candidate_region_label	Seismic_Amplification;BFB	region	candidate_region	27	31	31	candidate_region_with_context	155554875	176668027	sv_attention	1.0	0.8225	mixed_HP	0.2453	0.2	224.0	53.0	1.8035	5.3925	C1	Seismic_Amplification;BFB	Seismic_Amplification:noncanonical;BFB:noncanonicalB	chromosome_arm	123459000	248950001	402	402	8	27	24	25668027	1.0518923016560642e-06	7.196018026629004	339333.0	700824.0	1189754.5	False	0.3703703703703703	0.0384615384615384	0	0	5	0	0	2	3	1	9	7	0	0	27	0					5	2	0.0	8	12	0	8	sample_residual	coords	1	0	Seismic_Amplification:noncanonical;BFB:noncanonicalB	Seismic_Amplification;BFB	6.521900653839111	0.9985312894558585	ecDNA	0.9259062228193359	2.5254414081573486	2.5254414081573486	0.9259062228193359	1.6351168155670166	0.8368693860333493	-3.3562397956848145	0.03369142725925088	-0.5458143353462219	0.3668360592920182	BT474:C1	3	max	BT474	logo	2	218	97	0.7900000214576721	min_delta	0.30000001192092896	0.20000000298023224	type_confidence	0.9800000190734863	0.10000000149011612	0.30000001192092896	0.6399999856948853	0.8399999886751175	0.20999999344348907	0.4099999964237213	0.23000000417232513	0.4300000071525574	0.11999999731779099	0.3200000002980232	ecDNA	objectness_type_threshold	False	ecDNA	0.9259062228193359	0.08903683678598662	ecDNA;Seismic_Amplification;BFB	ecDNA;Seismic_Amplification;BFB	ecDNA;Seismic_Amplification:canonical;BFB:canonical	ecDNA;Seismic_Amplification:canonical;BFB:canonical	True	False	True	False	False	True	partial_class	True	3
BT474:chr1:189780634-204485228:2	BT474:chr1:189780634-204485228:2	BT474	chr1	q	189780634	204485228	candidate_region_label	Seismic_Amplification;BFB	region	candidate_region	17	21	21	candidate_region_with_context	191518846	204485228	sv_attention	0.9999	0.8818	mixed_HP	0.0155	0.3	119.0	62.0	1.0991	4.1771	C1	Seismic_Amplification;BFB	Seismic_Amplification:noncanonical;BFB:noncanonicalB	chromosome_arm	123459000	248950001	402	402	8	17	12	14704595	1.1561012050994945e-06	5.276171156022999	95401.0	302931.0	1045981.0	False	0.3529411764705882	0.0	0	0	3	1	0	2	3	1	1	6	0	0	18	1	6.0	6.0	6.0	6.0	1	1	1.0	8	6	1	8	sample_residual	coords	1	0	Seismic_Amplification:noncanonical;BFB:noncanonicalB	Seismic_Amplification;BFB	6.521900653839111	0.9985312894558585	ecDNA	0.9259062228193359	2.5254414081573486	2.5254414081573486	0.9259062228193359	1.6351168155670166	0.8368693860333493	-3.3562397956848145	0.03369142725925088	-0.5458143353462219	0.3668360592920182	BT474:C1	3	max	BT474	logo	2	218	97	0.7900000214576721	min_delta	0.30000001192092896	0.20000000298023224	type_confidence	0.9800000190734863	0.10000000149011612	0.30000001192092896	0.6399999856948853	0.8399999886751175	0.20999999344348907	0.4099999964237213	0.23000000417232513	0.4300000071525574	0.11999999731779099	0.3200000002980232	ecDNA	objectness_type_threshold	False	ecDNA	0.9259062228193359	0.08903683678598662	ecDNA;Seismic_Amplification;BFB	ecDNA;Seismic_Amplification;BFB	ecDNA;Seismic_Amplification:canonical;BFB:canonical	ecDNA;Seismic_Amplification:canonical;BFB:canonical	True	False	True	False	False	True	partial_class	True	3
BT474:chr1:225071131-248956422:3	BT474:chr1:225071131-248956422:3	BT474	chr1	q	225071131	248956422	candidate_region_label	Seismic_Amplification;BFB	region	candidate_region	27	36	36	candidate_region_with_context	226784014	248956422	sv_attention	0.9997	0.9283	mixed_HP	0.2573	0.1667	405.0	128.0	2.5002	4.325	C1	Seismic_Amplification;BFB	Seismic_Amplification:noncanonical;BFB:noncanonicalB	chromosome_arm	123459000	248950001	402	402	8	27	21	23885292	1.1304027599913788e-06	6.823919422881663	145241.0	418782.0	1226364.0	False	0.2222222222222222	0.0384615384615384	0	0	3	2	0	2	3	3	2	8	4	0	26	0					3	3	0.0	9	11	0	9	sample_residual	coords	1	0	Seismic_Amplification:noncanonical;BFB:noncanonicalB	Seismic_Amplification;BFB	6.521900653839111	0.9985312894558585	ecDNA	0.9259062228193359	2.5254414081573486	2.5254414081573486	0.9259062228193359	1.6351168155670166	0.8368693860333493	-3.3562397956848145	0.03369142725925088	-0.5458143353462219	0.3668360592920182	BT474:C1	3	max	BT474	logo	2	218	97	0.7900000214576721	min_delta	0.30000001192092896	0.20000000298023224	type_confidence	0.9800000190734863	0.10000000149011612	0.30000001192092896	0.6399999856948853	0.8399999886751175	0.20999999344348907	0.4099999964237213	0.23000000417232513	0.4300000071525574	0.11999999731779099	0.3200000002980232	ecDNA	objectness_type_threshold	False	ecDNA	0.9259062228193359	0.08903683678598662	ecDNA;Seismic_Amplification;BFB	ecDNA;Seismic_Amplification;BFB	ecDNA;Seismic_Amplification:canonical;BFB:canonical	ecDNA;Seismic_Amplification:canonical;BFB:canonical	True	False	True	False	False	True	partial_class	True	3
BT474:chr2:0-12798428:4	BT474:chr2:0-12798428:4	BT474	chr2	p	0	12798428	candidate_region_label	chromothripsis;BFB	region	candidate_region	5	9	9	candidate_region_with_context	12623	12798428	sv_attention	0.9698	0.999	HP1	0.7702	0.6936	69.0	10.0	3.7037	0.3732	C2	chromothripsis;BFB	chromothripsis:noncanonical;BFB:noncanonicalB	chromosome_arm	0	93989000	402	402	8	5	4	12798429	3.9067294900022493e-07	4.076894125052379	1894228.0	2364656.0	3750724.0	False	0.6	0.0	1	0	2	0	1	0	1	0	0	0	0	0	5	0	1.0	1.0			1	1	1.0	0	2	0	0	sample_residual	coords	1	0	chromothripsis:noncanonical;BFB:noncanonicalB	chromothripsis;BFB	3.6772267818450928	0.9753309344577683	chromothripsis	0.31701166627473787	-0.7675392031669617	-5.569524765014648	0.003797813364063177	-2.217297315597534	0.09820790264839067	-0.7675392031669617	0.31701166627473787	-2.6455955505371094	0.06626099483789438	BT474:C2	1	max	BT474	logo	2	218	97	0.7900000214576721	min_delta	0.30000001192092896	0.20000000298023224	type_confidence	0.9800000190734863	0.10000000149011612	0.30000001192092896	0.6399999856948853	0.8399999886751175	0.20999999344348907	0.4099999964237213	0.23000000417232513	0.4300000071525574	0.11999999731779099	0.3200000002980232	chromothripsis	objectness_type_threshold	False	chromothripsis	0.31701166627473787	0.21880376362634718	chromothripsis	chromothripsis	chromothripsis:noncanonical	chromothripsis:noncanonical	True	False	True	False	False	True	partial_class	True	1
BT474:chr3:94000001-96109704:5	BT474:chr3:94000001-96109704:5	BT474	chr3	q	94000001	96109704	candidate_region_label	BFB	region	candidate_region	1	1	1	candidate_region_with_context	96109703	96109704	sv_attention	0.3	0.0	HP2	-0.5	0.3333	0.0	10.0	3.0	1.0	C3	BFB	BFB:noncanonicalB	chromosome_arm	90951000	198250001	402	402	8	1	1	2109704	4.740001440960438e-07	4.0	2109704.0	2109704.0	2109704.0	False	0.0	0.0	0	0	0	0	1	0	0	0	0	0	0	0	1	0	1.0	1.0			0	0	1.0	0	0	0	0	sample_residual	coords	1	0	BFB:noncanonicalB	BFB	4.148982524871826	0.9844646898614978	BFB	0.21291267618257628	-1.3074570894241333	-4.07261848449707	0.01674747490427293	-3.1291775703430176	0.04191962534113286	-3.0346498489379883	0.045884828999404804	-1.3074570894241333	0.21291267618257628	BT474:C3	1	max	BT474	logo	2	218	97	0.7900000214576721	min_delta	0.30000001192092896	0.20000000298023224	type_confidence	0.9800000190734863	0.10000000149011612	0.30000001192092896	0.6399999856948853	0.8399999886751175	0.20999999344348907	0.4099999964237213	0.23000000417232513	0.4300000071525574	0.11999999731779099	0.3200000002980232	BFB	objectness_type_threshold	False	BFB	0.21291267618257628	0.16702784718317149	BFB	BFB	BFB:noncanonicalB	BFB:noncanonicalB	True	True	True	True	False	False	exact	True	1
BT474:chr4:75139194-78870225:6	BT474:chr4:75139194-78870225:6	BT474	chr4	q	75139194	78870225	candidate_region_label	Seismic_Amplification	region	candidate_region	11	27	27	candidate_region_with_context	75832960	78870225	sv_attention	1.0	0.8141	mixed_HP	0.4732	0.7971	98.0	15.0	4.3914	4.8492	C4	Seismic_Amplification	Seismic_Amplification:noncanonical	chromosome_arm	50494000	190200001	402	402	8	11	8	3731032	2.9482459544705057e-06	9.240580622197829	112115.5	150782.0	506924.5	False	0.1818181818181818	0.1	0	0	1	0	0	1	0	1	2	6	0	0	14	0					0	0	0.0	9	5	0	9	sample_residual	coords	1	0	Seismic_Amplification:noncanonical	Seismic_Amplification	4.989965915679932	0.9932401106444224	Seismic_Amplification	0.7534019665909132	1.1168392896652222	-1.378523826599121	0.2012461843082761	1.1168392896652222	0.7534019665909132	-4.0073771476745605	0.017856371848512544	-1.749687671661377	0.148086596093549	BT474:C4	1	max	BT474	logo	2	218	97	0.7900000214576721	min_delta	0.30000001192092896	0.20000000298023224	type_confidence	0.9800000190734863	0.10000000149011612	0.30000001192092896	0.6399999856948853	0.8399999886751175	0.20999999344348907	0.4099999964237213	0.23000000417232513	0.4300000071525574	0.11999999731779099	0.3200000002980232	Seismic_Amplification	objectness_type_threshold	False	Seismic_Amplification	0.7534019665909132	0.5521557822826371	Seismic_Amplification	Seismic_Amplification	Seismic_Amplification:canonical	Seismic_Amplification:canonical	True	False	True	True	True	False	wrong_level	True	1
BT474:chr4:177350069-190214555:7	BT474:chr4:177350069-190214555:7	BT474	chr4	q	177350069	190214555	candidate_region_label	Seismic_Amplification;BFB	region	candidate_region	11	24	24	candidate_region_with_context	178536529	190119438	sv_attention	1.0	0.9004	HP1	0.3992	0.1989	181.0	58.0	2.338	1.6645	C5	Seismic_Amplification;BFB	Seismic_Amplification:noncanonical;BFB:noncanonicalB	chromosome_arm	50494000	190200001	402	402	8	11	8	12864487	8.550671317091773e-07	4.000243927332664	120612.0	303357.0	1346385.5	False	0.4545454545454545	0.2	0	0	3	0	1	2	1	1	0	3	0	0	10	0	10.0	10.0			0	0	1.0	9	0	0	9	sample_residual	coords	1	0	Seismic_Amplification:noncanonical;BFB:noncanonicalB	Seismic_Amplification;BFB	5.648138046264648	0.9964883031441335	BFB	0.3686139490303162	-0.5381675958633423	-1.4714010953903198	0.18672974777472984	-1.446487545967102	0.19054272478851242	-3.224130392074585	0.03826768333180555	-0.5381675958633423	0.3686139490303162	BT474:C5	1	max	BT474	logo	2	218	97	0.7900000214576721	min_delta	0.30000001192092896	0.20000000298023224	type_confidence	0.9800000190734863	0.10000000149011612	0.30000001192092896	0.6399999856948853	0.8399999886751175	0.20999999344348907	0.4099999964237213	0.23000000417232513	0.4300000071525574	0.11999999731779099	0.3200000002980232	BFB	objectness_type_threshold	False	BFB	0.3686139490303162	0.17807122424180377	BFB	BFB	BFB:canonical	BFB:canonical	True	False	True	False	False	True	partial_class	True	1
BT474:chr5:175902457-181538259:8		BT474	chr5	q	175902457	181538259	candidate_region_empty		empty_candidate_region	candidate_region	5	1	1	candidate_region_with_context	176370075	177719774	sv_attention	0.3	0.2395	HP1	0.4894	0.3192	7.0	0.0	1.0234	3.348	C6			chromosome_arm	48464000	181500001	402	402	8	5	4	5635803	8.871850204842149e-07	4.3553065996096745	168401.0	299219.0	1349698.0	False	0.4	0.25	0	0	1	1	1	1	0	1	0	0	0	0	4	0					0	4	0.0	0	0	0	0	sample_residual	coords	0	1			-0.4885120391845703	0.38024415579025816	chromothripsis	0.20599660900770367	-1.349228024482727	-1.4087910652160645	0.19642480714433228	-2.548637628555298	0.0725180640187913	-1.349228024482727	0.20599660900770367	-3.4928252696990967	0.029517064380262723	BT474:C6	1	max	BT474	logo	2	218	97	0.7900000214576721	min_delta	0.30000001192092896	0.20000000298023224	type_confidence	0.9800000190734863	0.10000000149011612	0.30000001192092896	0.6399999856948853	0.8399999886751175	0.20999999344348907	0.4099999964237213	0.23000000417232513	0.4300000071525574	0.11999999731779099	0.3200000002980232	none	none_objectness	False	chromothripsis	0.20599660900770367	0.009571801863371393		none		none	False	False	False	False	False	False	background	True	0
BT474:chr7:69449818-72861001:9	BT474:chr7:69449818-72861001:9	BT474	chr7	q	69449818	72861001	candidate_region_label	Seismic_Amplification	region	candidate_region	9	9	9	candidate_region_with_context	69988929	72861001	sv_attention	0.7447	0.842	HP1	0.4702	0.2936	45.0	0.0	1.7311	6.7013	C7	Seismic_Amplification	Seismic_Amplification:noncanonical	chromosome_arm	59904000	159300001	402	402	8	9	7	3411184	2.6383801049723496e-06	8.432390337196704	161710.0	210286.0	377403.0	False	0.4444444444444444	0.125	0	0	0	0	0	0	0	2	3	4	0	0	10	0					2	4	0.0	1	3	0	1	sample_residual	coords	1	0	Seismic_Amplification:noncanonical	Seismic_Amplification	3.879103183746338	0.9797492171055934	Seismic_Amplification	0.7512965682035941	1.105539321899414	-3.1494970321655273	0.04111110110897	1.105539321899414	0.7512965682035941	-3.499978542327881	0.029312841293179896	-2.6425654888153076	0.06644871276289359	BT474:C7	1	max	BT474	logo	2	218	97	0.7900000214576721	min_delta	0.30000001192092896	0.20000000298023224	type_confidence	0.9800000190734863	0.10000000149011612	0.30000001192092896	0.6399999856948853	0.8399999886751175	0.20999999344348907	0.4099999964237213	0.23000000417232513	0.4300000071525574	0.11999999731779099	0.3200000002980232	Seismic_Amplification	objectness_type_threshold	False	Seismic_Amplification	0.7512965682035941	0.6848478554407006	Seismic_Amplification	Seismic_Amplification	Seismic_Amplification:canonical	Seismic_Amplification:canonical	True	False	True	True	True	False	wrong_level	True	1
BT474:chr8:70366367-80940353:10		BT474	chr8	q	70366367	80940353	candidate_region_empty		empty_candidate_region	candidate_region	6	8	8	candidate_region_with_context	70858037	80940353	sv_attention	0.9608	0.9535	mixed_HP	0.2373	0.1706	49.0	18.0	2.5119	3.8752	C8			chromosome_arm	45644000	145100001	402	402	8	6	6	10573987	5.674302417810803e-07	6.387125405015157	497664.0	858782.5	2940124.25	False	0.5	0.2	0	0	0	0	2	1	0	1	2	0	0	0	8	0					4	3	0.0	0	1	0	0	sample_residual	coords	0	1			1.3106834888458252	0.787627505817955	Seismic_Amplification	0.5347795401916198	0.13934318721294403	-4.199510097503662	0.014781164291648425	0.13934318721294403	0.5347795401916198	-1.5396547317504883	0.17658547222753984	-3.6322412490844727	0.02577489966148515	BT474:C8	1	max	BT474	logo	2	218	97	0.7900000214576721	min_delta	0.30000001192092896	0.20000000298023224	type_confidence	0.9800000190734863	0.10000000149011612	0.30000001192092896	0.6399999856948853	0.8399999886751175	0.20999999344348907	0.4099999964237213	0.23000000417232513	0.4300000071525574	0.11999999731779099	0.3200000002980232	none	none_objectness	False	Seismic_Amplification	0.5347795401916198	0.35819406796407993		none		none	False	False	False	False	False	False	background	True	0
BT474:chr9:32557750-37999999:11	BT474:chr9:32557750-37999999:11	BT474	chr9	p	32557750	37999999	candidate_region_label	BFB	region	candidate_region	5	14	14	candidate_region_with_context	34393241	35447014	sv_attention	0.8532	0.1936	HP1	0.7338	0.6451	58.0	0.0	2.2269	1.4799	C9	BFB	BFB:noncanonicalB	chromosome_arm	0	49224000	402	402	8	5	4	5442250	9.187376544627682e-07	3.706792594974505	396935.0	593951.0	1835493.0	False	0.4	0.25	1	1	0	1	1	0	0	0	0	1	0	0	5	0	1.0	5.0			1	0	4.0	0	0	0	0	sample_residual	coords	1	0	BFB:noncanonicalB	BFB	4.183887004852295	0.9849895884129607	BFB	0.2651049448319585	-1.0196019411087036	-4.975932598114014	0.006854766927743071	-1.7001951932907104	0.15443977343739074	-3.038313865661621	0.04572468714052736	-1.0196019411087036	0.2651049448319585	BT474:C9	1	max	BT474	logo	2	218	97	0.7900000214576721	min_delta	0.30000001192092896	0.20000000298023224	type_confidence	0.9800000190734863	0.10000000149011612	0.30000001192092896	0.6399999856948853	0.8399999886751175	0.20999999344348907	0.4099999964237213	0.23000000417232513	0.4300000071525574	0.11999999731779099	0.3200000002980232	BFB	objectness_type_threshold	False	BFB	0.2651049448319585	0.11066517139456777	BFB	BFB	BFB:canonical	BFB:canonical	True	False	True	True	True	False	wrong_level	True	1
BT474:chr9:114665482-133000833:12	BT474:chr9:114665482-133000833:12	BT474	chr9	q	114665482	133000833	candidate_region_label	Seismic_Amplification;BFB	region	candidate_region	17	21	21	candidate_region_with_context	116953365	133000833	sv_attention	0.9999	0.8752	mixed_HP	0.0972	0.2679	115.0	62.0	2.8038	5.2903	C10	Seismic_Amplification;BFB	Seismic_Amplification:noncanonical;BFB:noncanonicalB	chromosome_arm	49224000	138350001	402	402	8	17	16	18335352	9.271706373567304e-07	8.094109510414635	256540.0	788531.0	1642662.0	False	0.2352941176470588	0.0	1	0	2	0	1	1	1	2	3	6	0	0	18	0	9.0	9.0			6	2	1.0	7	2	0	7	sample_residual	coords	1	0	Seismic_Amplification:noncanonical;BFB:noncanonicalB	Seismic_Amplification;BFB	5.782936096191406	0.9969297952435514	Seismic_Amplification	0.4434447448158488	-0.22719325125217438	-1.8632818460464478	0.13432098446581392	-0.22719325125217438	0.4434447448158488	-3.1483511924743652	0.04115629498936084	-1.035499930381775	0.2620192181959091	BT474:C10	1	max	BT474	logo	2	218	97	0.7900000214576721	min_delta	0.30000001192092896	0.20000000298023224	type_confidence	0.9800000190734863	0.10000000149011612	0.30000001192092896	0.6399999856948853	0.8399999886751175	0.20999999344348907	0.4099999964237213	0.23000000417232513	0.4300000071525574	0.11999999731779099	0.3200000002980232	Seismic_Amplification	objectness_type_threshold	False	Seismic_Amplification	0.4434447448158488	0.18142552661993966	Seismic_Amplification	Seismic_Amplification	Seismic_Amplification:noncanonical	Seismic_Amplification:noncanonical	True	False	True	False	False	True	partial_class	True	1
BT474:chr11:0-4707947:13	BT474:chr11:0-4707947:13	BT474	chr11	p	0	4707947	candidate_region_label	BFB	region	candidate_region	1	1	1	candidate_region_with_context	4707946	4707947	sv_attention	0.3	0.0	HP1	0.6667	0.5556	6.0	0.0	0.0	0.0	C11	BFB	BFB:noncanonicalB	chromosome_arm	0	53714000	402	402	8	1	1	4707948	2.1240676405091986e-07	0.0	4707948.0	4707948.0	4707948.0	False	0.0	0.0	1	0	0	0	0	0	0	0	0	0	0	0	1	0	1.0	1.0			0	0	1.0	0	0	0	0	sample_residual	coords	1	0	BFB:noncanonicalB	BFB	2.4319698810577393	0.9192329050159347	chromothripsis	0.12314392318190016	-1.962989091873169	-4.320673942565918	0.01311659159295153	-3.3032138347625732	0.03546110025702374	-1.962989091873169	0.12314392318190016	-1.9878076314926147	0.120488997589817	BT474:C11	1	max	BT474	logo	2	218	97	0.7900000214576721	min_delta	0.30000001192092896	0.20000000298023224	type_confidence	0.9800000190734863	0.10000000149011612	0.30000001192092896	0.6399999856948853	0.8399999886751175	0.20999999344348907	0.4099999964237213	0.23000000417232513	0.4300000071525574	0.11999999731779099	0.3200000002980232	BFB	objectness_type_threshold	False	chromothripsis	0.12314392318190016	0.0026549255920831627	BFB	BFB	BFB:noncanonicalB	BFB:noncanonicalB	True	True	True	True	False	False	exact	True	1
BT474:chr11:55000001-79871797:14	BT474:chr11:55000001-79871797:14	BT474	chr11	q	55000001	79871797	candidate_region_label	Seismic_Amplification	region	candidate_region	42	166	166	candidate_region_with_context	62274538	79871797	sv_attention	1.0	0.7075	mixed_HP	-0.2338	0.5887	226.0	448.0	3.766	4.1026	C12	Seismic_Amplification	Seismic_Amplification:noncanonical	chromosome_arm	53714000	135050001	402	402	8	42	30	24871797	1.6886596493208754e-06	7.86862424938576	77177.25	221991.5	741324.25	False	0.2619047619047619	0.073170731707317	1	2	1	1	1	4	0	0	12	20	0	0	45	0					9	17	0.0	10	9	0	10	sample_residual	coords	1	0	Seismic_Amplification:noncanonical	Seismic_Amplification	4.935007095336914	0.9928609229630638	Seismic_Amplification	0.7583950798849306	1.1439006328582764	-1.0883984565734863	0.2519199794132092	1.1439006328582764	0.7583950798849306	-1.7367420196533203	0.14972723155599854	-1.8325543403625488	0.1379342596494802	BT474:C12	2	max	BT474	logo	2	218	97	0.7900000214576721	min_delta	0.30000001192092896	0.20000000298023224	type_confidence	0.9800000190734863	0.10000000149011612	0.30000001192092896	0.6399999856948853	0.8399999886751175	0.20999999344348907	0.4099999964237213	0.23000000417232513	0.4300000071525574	0.11999999731779099	0.3200000002980232	Seismic_Amplification	objectness_type_threshold	False	Seismic_Amplification	0.7583950798849306	0.5064751004717214	Seismic_Amplification	Seismic_Amplification	Seismic_Amplification:canonical	Seismic_Amplification:canonical	True	False	True	True	True	False	wrong_level	True	1
BT474:chr11:99415081-103035786:15	BT474:chr11:99415081-103035786:15	BT474	chr11	q	99415081	103035786	candidate_region_label	Seismic_Amplification	region	candidate_region	4	5	5	candidate_region_with_context	99662802	103035786	sv_attention	0.7108	0.9316	mixed_HP	0.26	0.9772	59.0	15.0	4.9316	11.7636	C12	Seismic_Amplification	Seismic_Amplification:noncanonical	chromosome_arm	53714000	135050001	402	402	8	4	4	3620706	1.104756917573534e-06	16.695228223445923	621245.5	851279.0	1135210.0	False	0.75	0.3333333333333333	0	0	0	0	0	0	0	0	0	4	0	0	5	0					2	3	0.0	0	0	0	0	sample_residual	coords	1	0	Seismic_Amplification:noncanonical	Seismic_Amplification	4.935007095336914	0.9928609229630638	Seismic_Amplification	0.7583950798849306	1.1439006328582764	-1.0883984565734863	0.2519199794132092	1.1439006328582764	0.7583950798849306	-1.7367420196533203	0.14972723155599854	-1.8325543403625488	0.1379342596494802	BT474:C12	2	max	BT474	logo	2	218	97	0.7900000214576721	min_delta	0.30000001192092896	0.20000000298023224	type_confidence	0.9800000190734863	0.10000000149011612	0.30000001192092896	0.6399999856948853	0.8399999886751175	0.20999999344348907	0.4099999964237213	0.23000000417232513	0.4300000071525574	0.11999999731779099	0.3200000002980232	Seismic_Amplification	objectness_type_threshold	False	Seismic_Amplification	0.7583950798849306	0.5064751004717214	Seismic_Amplification	Seismic_Amplification	Seismic_Amplification:canonical	Seismic_Amplification:canonical	True	False	True	True	True	False	wrong_level	True	1
BT474:chr12:79130813-89476457:16	BT474:chr12:79130813-89476457:16	BT474	chr12	q	79130813	89476457	candidate_region_label	Seismic_Amplification;BFB	region	candidate_region	14	23	23	candidate_region_with_context	79926187	89476457	sv_attention	0.9802	0.9231	HP1	0.5966	0.4621	98.0	25.0	4.914	1.218	C13	Seismic_Amplification;BFB	Seismic_Amplification:canonical;BFB:noncanonicalB	chromosome_arm	35807000	133250001	402	402	8	14	10	10345645	1.3532264058934944e-06	6.131956586563718	80957.5	172424.5	793251.75	False	0.3571428571428571	0.1538461538461538	0	0	1	0	1	2	1	2	4	3	0	0	15	2	9.0	13.0	9.0	13.0	3	7	2.0	0	3	0	0	sample_residual	coords	1	0	Seismic_Amplification:canonical;BFB:noncanonicalB	Seismic_Amplification;BFB	5.978137969970703	0.9974728631714346	Seismic_Amplification	0.6295476353105153	0.5302766561508179	-2.3138535022735596	0.08998210046782638	0.5302766561508179	0.6295476353105153	-3.4882912635803223	0.02964722207163155	-0.8441542983055115	0.3006605627972153	BT474:C13	1	max	BT474	logo	2	218	97	0.7900000214576721	min_delta	0.30000001192092896	0.20000000298023224	type_confidence	0.9800000190734863	0.10000000149011612	0.30000001192092896	0.6399999856948853	0.8399999886751175	0.20999999344348907	0.4099999964237213	0.23000000417232513	0.4300000071525574	0.11999999731779099	0.3200000002980232	Seismic_Amplification	objectness_type_threshold	False	Seismic_Amplification	0.6295476353105153	0.32888707251329996	Seismic_Amplification	Seismic_Amplification	Seismic_Amplification:canonical	Seismic_Amplification:canonical	True	False	True	False	False	True	partial_class	True	1
BT474:chr14:86217710-91424394:17	BT474:chr14:86217710-91424394:17	BT474	chr14	q	86217710	91424394	candidate_region_label	Seismic_Amplification	region	candidate_region	5	22	22	candidate_region_with_context	89827748	91125401	sv_attention	0.9992	0.2492	mixed_HP	0.2908	0.836	42.0	14.0	4.508	5.8259	C14	Seismic_Amplification	Seismic_Amplification:noncanonical	chromosome_arm	17600000	107000001	402	402	8	5	5	5206685	9.60303916983647e-07	10.33392686517429	306428.0	1113060.0	1582718.0	False	0.6	0.5	0	0	0	0	0	0	0	0	2	3	0	0	6	0					1	1	0.0	2	2	0	2	sample_residual	coords	1	0	Seismic_Amplification:noncanonical	Seismic_Amplification	2.309558629989624	0.9096655926701306	Seismic_Amplification	0.6583609680899831	0.6559986472129822	-2.418752908706665	0.08175382595928793	0.6559986472129822	0.6583609680899831	-2.812044143676758	0.056676792528903404	-2.5292816162109375	0.07383075448709325	BT474:C14	1	max	BT474	logo	2	218	97	0.7900000214576721	min_delta	0.30000001192092896	0.20000000298023224	type_confidence	0.9800000190734863	0.10000000149011612	0.30000001192092896	0.6399999856948853	0.8399999886751175	0.20999999344348907	0.4099999964237213	0.23000000417232513	0.4300000071525574	0.11999999731779099	0.3200000002980232	Seismic_Amplification	objectness_type_threshold	False	Seismic_Amplification	0.6583609680899831	0.5766071421306952	Seismic_Amplification	Seismic_Amplification	Seismic_Amplification:canonical	Seismic_Amplification:canonical	True	False	True	True	True	False	wrong_level	True	1
BT474:chr15:21000001-34214736:18	BT474:chr15:21000001-34214736:18	BT474	chr15	q	21000001	34214736	candidate_region_label	ecDNA;Seismic_Amplification;BFB	region	candidate_region	27	48	48	candidate_region_with_context	23315940	33628116	sv_attention	0.9998	0.7804	mixed_HP	0.1856	0.7222	112.0	140.0	7.0041	0.8701	C15	ecDNA;Seismic_Amplification;BFB	ecDNA;Seismic_Amplification:noncanonical;BFB:noncanonicalB	chromosome_arm	19050000	101950001	402	402	8	27	25	13214736	2.0431736207215944e-06	7.874287159425659	159209.5	260739.0	500788.0	False	0.2962962962962963	0.1153846153846153	1	3	1	3	3	5	0	1	1	4	3	2	28	2	3.0	14.0	6.0	11.0	4	2	6.0	5	11	0	5	sample_residual	coords	1	0	ecDNA;Seismic_Amplification:noncanonical;BFB:noncanonicalB	ecDNA;Seismic_Amplification;BFB	6.981385231018066	0.9990718468580694	ecDNA	0.7344192301881344	1.0171610116958618	1.0171610116958618	0.7344192301881344	0.767209529876709	0.6829169501182363	-4.02055025100708	0.017626809605936444	-1.010187029838562	0.2669432503158258	BT474:C15	1	max	BT474	logo	2	218	97	0.7900000214576721	min_delta	0.30000001192092896	0.20000000298023224	type_confidence	0.9800000190734863	0.10000000149011612	0.30000001192092896	0.6399999856948853	0.8399999886751175	0.20999999344348907	0.4099999964237213	0.23000000417232513	0.4300000071525574	0.11999999731779099	0.3200000002980232	ecDNA	objectness_type_threshold	False	ecDNA	0.7344192301881344	0.0515022800698981	ecDNA;Seismic_Amplification	ecDNA;Seismic_Amplification	ecDNA;Seismic_Amplification:canonical	ecDNA;Seismic_Amplification:canonical	True	False	True	False	False	True	partial_class	True	2
BT474:chr17:35844582-71997176:19	BT474:chr17:35844582-71997176:19	BT474	chr17	q	35844582	71997176	candidate_region_label	ecDNA;Seismic_Amplification;BFB	region	candidate_region	106	168	168	candidate_region_with_context	37483134	71997176	sv_attention	1.0	0.9547	mixed_HP	0.0662	1.0	898.0	773.0	8.7143	7.9026	C16	ecDNA;Seismic_Amplification;BFB	ecDNA;Seismic_Amplification:noncanonical;BFB:noncanonicalB	chromosome_arm	25150000	83250001	402	402	8	105	64	36152595	2.932016360098079e-06	16.617031889412086	66729.5	136164.5	367607.0	False	0.1320754716981132	0.019047619047619	3	0	3	4	1	5	7	4	6	29	18	26	109	1	32.0	32.0	32.0	32.0	32	13	1.0	10	49	4	10	sample_residual	coords	1	0	ecDNA;Seismic_Amplification:noncanonical;BFB:noncanonicalB	ecDNA;Seismic_Amplification;BFB	6.386873722076416	0.9983193183396728	ecDNA	0.8243625643570773	1.5461885929107666	1.5461885929107666	0.8243625643570773	0.3686063289642334	0.5911221755006557	-3.1440744400024414	0.04132539772149366	-1.1782808303833008	0.2353614482936294	BT474:C16	2	max	BT474	logo	2	218	97	0.7900000214576721	min_delta	0.30000001192092896	0.20000000298023224	type_confidence	0.9800000190734863	0.10000000149011612	0.30000001192092896	0.6399999856948853	0.8399999886751175	0.20999999344348907	0.4099999964237213	0.23000000417232513	0.4300000071525574	0.11999999731779099	0.3200000002980232	ecDNA	objectness_type_threshold	False	ecDNA	0.8243625643570773	0.23324038885642162	ecDNA;Seismic_Amplification	ecDNA;Seismic_Amplification	ecDNA;Seismic_Amplification:canonical	ecDNA;Seismic_Amplification:canonical	True	False	True	False	False	True	partial_class	True	2
BT474:chr19:9837949-17541691:20	BT474:chr19:9837949-17541691:20	BT474	chr19	p	9837949	17541691	candidate_region_label	Seismic_Amplification;BFB	region	candidate_region	14	19	19	candidate_region_with_context	9838146	17541691	sv_attention	0.9998	1.0	mixed_HP	0.0699	0.8846	62.0	68.0	4.2038	2.254	C17	Seismic_Amplification;BFB	Seismic_Amplification:noncanonical;BFB:noncanonicalB	chromosome_arm	0	26260000	402	402	8	14	14	7703743	1.817298422338336e-06	6.45778772734241	179309.75	256192.5	507941.0	False	0.4285714285714285	0.2307692307692307	0	1	0	1	0	3	3	2	1	3	0	0	15	0	1.0	1.0			4	0	1.0	3	6	1	3	sample_residual	coords	1	0	Seismic_Amplification:noncanonical;BFB:noncanonicalB	Seismic_Amplification;BFB	4.681305885314941	0.9908181825575083	Seismic_Amplification	0.5650298344835943	0.2616010904312134	-3.4403340816497803	0.03105842879715299	0.2616010904312134	0.5650298344835943	-4.0135626792907715	0.017748215852800488	-1.6924537420272827	0.15545342166617332	BT474:C17	1	max	BT474	logo	2	218	97	0.7900000214576721	min_delta	0.30000001192092896	0.20000000298023224	type_confidence	0.9800000190734863	0.10000000149011612	0.30000001192092896	0.6399999856948853	0.8399999886751175	0.20999999344348907	0.4099999964237213	0.23000000417232513	0.4300000071525574	0.11999999731779099	0.3200000002980232	Seismic_Amplification	objectness_type_threshold	False	Seismic_Amplification	0.5650298344835943	0.409576412817421	Seismic_Amplification	Seismic_Amplification	Seismic_Amplification:canonical	Seismic_Amplification:canonical	True	False	True	False	False	True	partial_class	True	1
BT474:chr20:32000001-64444167:21	BT474:chr20:32000001-64444167:21	BT474	chr20	q	32000001	64444167	candidate_region_label	ecDNA;Seismic_Amplification;BFB	region	candidate_region	80	119	119	candidate_region_with_context	33431769	64444167	sv_attention	1.0	0.9559	mixed_HP	0.0933	0.1837	479.0	150.0	2.551	19.2644	C16	ecDNA;Seismic_Amplification;BFB	ecDNA;Seismic_Amplification:noncanonical;BFB:noncanonicalB	chromosome_arm	28120000	64400001	402	402	8	79	59	32444167	2.4657745104073714e-06	21.788406711135472	96589.5	186942.5	411424.75	False	0.125	0.0126582278481012	6	1	4	3	1	2	0	2	5	11	15	30	78	0					21	17	0.0	21	16	3	21	sample_residual	coords	1	0	ecDNA;Seismic_Amplification:noncanonical;BFB:noncanonicalB	ecDNA;Seismic_Amplification;BFB	6.386873722076416	0.9983193183396728	ecDNA	0.8243625643570773	1.5461885929107666	1.5461885929107666	0.8243625643570773	0.3686063289642334	0.5911221755006557	-3.1440744400024414	0.04132539772149366	-1.1782808303833008	0.2353614482936294	BT474:C16	2	max	BT474	logo	2	218	97	0.7900000214576721	min_delta	0.30000001192092896	0.20000000298023224	type_confidence	0.9800000190734863	0.10000000149011612	0.30000001192092896	0.6399999856948853	0.8399999886751175	0.20999999344348907	0.4099999964237213	0.23000000417232513	0.4300000071525574	0.11999999731779099	0.3200000002980232	ecDNA	objectness_type_threshold	False	ecDNA	0.8243625643570773	0.23324038885642162	ecDNA;Seismic_Amplification	ecDNA;Seismic_Amplification	ecDNA;Seismic_Amplification:canonical	ecDNA;Seismic_Amplification:canonical	True	False	True	False	False	True	partial_class	True	2
C33A:chr4:89023117-91166470:1		C33A	chr4	q	89023117	91166470	candidate_region_empty		empty_candidate_region	candidate_region	7	5	5	candidate_region_with_context	89992794	90506122	sv_attention	0.7279	0.2395	HP1	0.4152	0.2203	70.0	17.0	0.8929	0.8455	C1			chromosome_arm	50494000	190200001	402	402	8	7	6	2143354	3.265909411137871e-06	1.738382926945339	195575.5	234645.0	360174.0	False	0.7142857142857143	0.5	1	2	3	1	0	0	0	0	0	0	0	0	8	0					6	2	0.0	0	0	0	0	sample_residual	coords	0	1			0.5453632473945618	0.6330591614059394	Seismic_Amplification	0.3792283868781759	-0.49282461404800415	-3.101130723953247	0.043060637774982514	-0.49282461404800415	0.3792283868781759	-0.5167919993400574	0.37360267698917726	-3.716446876525879	0.023742797059423403	C33A:C1	1	max	C33A	logo	3	236	96	0.7900000214576721	min_delta	0.30000001192092896	0.20000000298023224	type_confidence	0.9800000190734863	0.10000000149011612	0.30000001192092896	0.6399999856948853	0.8399999886751175	0.20999999344348907	0.4099999964237213	0.23000000417232513	0.4300000071525574	0.11999999731779099	0.3200000002980232	none	none_objectness	False	Seismic_Amplification	0.3792283868781759	0.005625709888998631		none		none	False	False	False	False	False	False	background	True	0
C33A:chr5:92726384-94878736:2		C33A	chr5	q	92726384	94878736	candidate_region_empty		empty_candidate_region	candidate_region	8	13	13	candidate_region_with_context	94123157	94878736	sv_attention	0.9965	0.351	HP1	0.6588	0.5451	167.0	11.0	1.2502	0.7933	C2			chromosome_arm	48464000	181500001	402	402	8	8	6	2152353	3.716862429164733e-06	2.043500764047533	108798.25	161991.0	246190.75	False	0.5	0.1428571428571428	1	1	2	1	2	1	0	0	0	0	0	0	9	0					4	5	0.0	0	0	0	0	sample_residual	coords	0	1			-0.2502647042274475	0.43775834745465364	chromothripsis	0.5633741629208405	0.2548673748970032	-3.9594898223876953	0.018715877368612775	-1.431902289390564	0.19280245854349193	0.2548673748970032	0.5633741629208405	-3.5025594234466553	0.0292394950785035	C33A:C2	1	max	C33A	logo	3	236	96	0.7900000214576721	min_delta	0.30000001192092896	0.20000000298023224	type_confidence	0.9800000190734863	0.10000000149011612	0.30000001192092896	0.6399999856948853	0.8399999886751175	0.20999999344348907	0.4099999964237213	0.23000000417232513	0.4300000071525574	0.11999999731779099	0.3200000002980232	none	none_objectness	False	chromothripsis	0.5633741629208405	0.3705717043773486		none		none	False	False	False	False	False	False	background	True	0
C33A:chr7:124475765-131164398:3	C33A:chr7:124475765-131164398:3	C33A	chr7	q	124475765	131164398	candidate_region_label	chromothripsis;BFB	region	candidate_region	7	8	8	candidate_region_with_context	127935310	128770815	sv_attention	0.8043	0.1249	mixed_HP	0.0733	0.3304	71.0	41.0	1.0149	1.9524	C3	chromothripsis;BFB	chromothripsis:noncanonical;BFB:noncanonicalB	chromosome_arm	59904000	159300001	402	402	8	7	5	6688634	1.0465515081255755e-06	2.9673715141238106	137696.5	743841.0	1729773.5	False	0.5714285714285714	0.1666666666666666	0	0	1	3	1	1	1	0	0	0	0	0	8	0	3.0	3.0			1	2	1.0	1	3	0	1	sample_residual	coords	1	0	chromothripsis:noncanonical;BFB:noncanonicalB	chromothripsis;BFB	6.18776273727417	0.9979497940915546	BFB	0.17516802167224316	-1.5494340658187866	-3.429154872894287	0.031396623127246955	-2.5562937259674072	0.07200480340321669	-1.8413617610931396	0.1368903190793559	-1.5494340658187866	0.17516802167224316	C33A:C3	1	max	C33A	logo	3	236	96	0.7900000214576721	min_delta	0.30000001192092896	0.20000000298023224	type_confidence	0.9800000190734863	0.10000000149011612	0.30000001192092896	0.6399999856948853	0.8399999886751175	0.20999999344348907	0.4099999964237213	0.23000000417232513	0.4300000071525574	0.11999999731779099	0.3200000002980232	BFB	objectness_type_threshold	False	BFB	0.17516802167224316	0.038277702592887264	BFB	BFB	BFB:noncanonicalB	BFB:noncanonicalB	True	False	True	False	False	True	partial_class	True	1
C33A:chr20:49956338-59003014:4		C33A	chr20	q	49956338	59003014	candidate_region_empty		empty_candidate_region	candidate_region	4	7	7	candidate_region_with_context	53624475	59003014	sv_attention	0.9184	0.5945	HP1	0.4948	0.3264	87.0	24.0	1.9682	0.9491	C4			chromosome_arm	28120000	64400001	402	402	8	4	4	9046677	4.421513004167165e-07	2.9172778026672117	388459.75	1978030.0	3851239.5	False	0.75	0.3333333333333333	0	1	0	2	1	0	0	0	0	0	0	0	5	0					2	0	0.0	3	0	0	3	sample_residual	coords	0	1			-1.3816657066345215	0.20074161319497782	chromothripsis	0.16500033729481312	-1.6214838027954102	-2.162135601043701	0.10320263007789779	-2.3035409450531006	0.09083012575493957	-1.6214838027954102	0.16500033729481312	-3.3369882106781006	0.034323845726309886	C33A:C4	1	max	C33A	logo	3	236	96	0.7900000214576721	min_delta	0.30000001192092896	0.20000000298023224	type_confidence	0.9800000190734863	0.10000000149011612	0.30000001192092896	0.6399999856948853	0.8399999886751175	0.20999999344348907	0.4099999964237213	0.23000000417232513	0.4300000071525574	0.11999999731779099	0.3200000002980232	none	none_objectness	False	chromothripsis	0.16500033729481312	0.061797707216915326		none		none	False	False	False	False	False	False	background	True	0
C4I:chr11:100593185-103914705:1	C4I:chr11:100593185-103914705:1	C4I	chr11	q	100593185	103914705	candidate_region_label	BFB	region	candidate_region	2	3	3	candidate_region_with_context	102566220	103914705	sv_attention	0.8264	0.406	mixed_HP	-0.6559	0.6667	0.0	85.0	4.266	4.0	C1	BFB	BFB:noncanonicalB	chromosome_arm	53714000	135050001	402	402	8	2	2	3321521	6.021337814814358e-07	8.266029930263876	1272192.25	1660760.5	2049328.75	False	0.0	0.0	0	0	0	0	0	0	0	0	2	0	0	0	3	1	2.0	3.0	2.0	2.0	0	0	2.0	0	1	0	0	sample_residual	coords	1	0	BFB:noncanonicalB	BFB	5.645313739776611	0.9964784059937557	Seismic_Amplification	0.43066273760934104	-0.2791477143764496	-1.5879738330841064	0.16966915541283636	-0.2791477143764496	0.43066273760934104	-5.1578216552734375	0.005721299101665505	-0.4145025610923767	0.39783298446322196	C4I:C1	1	max	C4I	logo	4	234	99	0.7900000214576721	min_delta	0.30000001192092896	0.20000000298023224	type_confidence	0.9800000190734863	0.10000000149011612	0.30000001192092896	0.6399999856948853	0.8399999886751175	0.20999999344348907	0.4099999964237213	0.23000000417232513	0.4300000071525574	0.11999999731779099	0.3200000002980232	Seismic_Amplification	objectness_type_threshold	False	Seismic_Amplification	0.43066273760934104	0.03282975314611908	Seismic_Amplification;BFB	Seismic_Amplification;BFB	Seismic_Amplification:noncanonical;BFB:canonical	Seismic_Amplification:noncanonical;BFB:canonical	True	False	True	False	False	True	partial_class	True	2
C4I:chr17:16773785-21999999:2	C4I:chr17:16773785-21999999:2	C4I	chr17	p	16773785	21999999	candidate_region_label	BFB	region	candidate_region	3	4	4	candidate_region_with_context	17229792	21999999	sv_attention	0.8785	0.9127	mixed_HP	0.1343	0.2	52.0	14.0	0.3065	2.1312	C2	BFB	BFB:noncanonicalB	chromosome_arm	0	25150000	402	402	8	3	3	5226215	5.74029197038392e-07	2.4377230940556407	342956.0	456009.0	2498156.5	False	0.6666666666666666	0.5	0	0	1	0	0	1	1	0	0	0	0	0	4	0	1.0	1.0			0	0	1.0	0	2	1	0	sample_residual	coords	1	0	BFB:noncanonicalB	BFB	3.2185776233673096	0.9615274318584971	BFB	0.168044766734967	-1.5995482206344604	-2.499765396118164	0.07587462826188812	-2.4541590213775635	0.07913493948249514	-1.604904294013977	0.1672972878100952	-1.5995482206344604	0.168044766734967	C4I:C2	1	max	C4I	logo	4	234	99	0.7900000214576721	min_delta	0.30000001192092896	0.20000000298023224	type_confidence	0.9800000190734863	0.10000000149011612	0.30000001192092896	0.6399999856948853	0.8399999886751175	0.20999999344348907	0.4099999964237213	0.23000000417232513	0.4300000071525574	0.11999999731779099	0.3200000002980232	BFB	objectness_type_threshold	False	BFB	0.168044766734967	0.0007474789248717861	BFB	BFB	BFB:noncanonicalB	BFB:noncanonicalB	True	True	True	True	False	False	exact	True	1
C4I:chr18:0-14999999:3	C4I:chr18:0-14999999:3	C4I	chr18	p	0	14999999	candidate_region_label	chromothripsis;BFB	region	candidate_region	11	19	19	candidate_region_with_context	8350971	14999999	sv_attention	0.9998	0.4433	HP1	0.4471	0.2628	132.0	51.0	3.0512	1.1396	C3	chromothripsis;BFB	chromothripsis:canonical;BFB:noncanonicalB	chromosome_arm	0	18540000	402	402	8	11	10	15000000	7.333333333333333e-07	4.1908576	633822.5	865255.0	1294811.5	False	0.6363636363636364	0.5	0	0	1	2	4	1	3	0	0	0	0	0	10	0	3.0	3.0			3	3	1.0	0	3	0	0	sample_residual	coords	1	0	chromothripsis:canonical;BFB:noncanonicalB	chromothripsis;BFB	5.90128231048584	0.9972715306614651	chromothripsis	0.3269405883565973	-0.7220551371574402	-3.89323353767395	0.019972319286516087	-3.344381809234619	0.03407962156547545	-0.7220551371574402	0.3269405883565973	-2.182197332382202	0.10136060489909962	C4I:C3	1	max	C4I	logo	4	234	99	0.7900000214576721	min_delta	0.30000001192092896	0.20000000298023224	type_confidence	0.9800000190734863	0.10000000149011612	0.30000001192092896	0.6399999856948853	0.8399999886751175	0.20999999344348907	0.4099999964237213	0.23000000417232513	0.4300000071525574	0.11999999731779099	0.3200000002980232	chromothripsis	objectness_type_threshold	False	chromothripsis	0.3269405883565973	0.22557998345749766	chromothripsis	chromothripsis	chromothripsis:noncanonical	chromothripsis:noncanonical	True	False	True	False	False	True	partial_class	True	1
CAPAN1:chr3:48716345-60308344:1		CAPAN1	chr3	p	48716345	60308344	candidate_region_empty		empty_candidate_region	candidate_region	5	7	7	candidate_region_with_context	48717202	56759455	sv_attention	0.9682	0.6938	mixed_HP	-0.0594	0.2261	11.0	13.0	2.6782	2.7403	C1			chromosome_arm	0	90951000	402	402	8	5	4	11592000	4.313319530710835e-07	5.418550897170462	225967.0	2831874.0	3551796.0	False	0.6	0.25	0	0	0	0	1	2	1	0	1	0	0	0	4	0					1	0	0.0	3	0	0	3	sample_residual	coords	0	1			-0.3751024007797241	0.4073086794112054	ecDNA	0.15124821898673527	-1.7248444557189941	-1.7248444557189941	0.15124821898673527	-2.298387050628662	0.09125663291073123	-1.9484233856201172	0.12472537372058037	-3.197852849960327	0.039246603850106504	CAPAN1:C1	1	max	CAPAN1	logo	5	236	96	0.7900000214576721	min_delta	0.30000001192092896	0.20000000298023224	type_confidence	0.9800000190734863	0.10000000149011612	0.30000001192092896	0.6399999856948853	0.8399999886751175	0.20999999344348907	0.4099999964237213	0.23000000417232513	0.4300000071525574	0.11999999731779099	0.3200000002980232	none	none_objectness	False	ecDNA	0.15124821898673527	0.026522845266154893		none		none	False	False	False	False	False	False	background	True	0
CAPAN1:chr7:81569598-101063738:2		CAPAN1	chr7	q	81569598	101063738	candidate_region_empty		empty_candidate_region	candidate_region	10	30	30	candidate_region_with_context	85231736	101063738	sv_attention	1.0	0.8121	HP2	-0.5674	0.4232	12.0	73.0	2.377	4.1079	C2			chromosome_arm	59904000	159335973	402	402	8	10	8	19494141	5.129746419706311e-07	6.484882970734643	654583.5	1645980.0	3266897.5	False	0.5	0.0	0	0	0	0	2	1	1	2	3	1	0	0	11	0					2	4	0.0	2	2	1	2	sample_residual	coords	0	1			1.21687650680542	0.771513405584481	Seismic_Amplification	0.5518601155457151	0.20818917453289032	-2.688756227493286	0.0636400945665636	0.20818917453289032	0.5518601155457151	-2.6373064517974854	0.06677569286715006	-3.428280830383301	0.03142321441450081	CAPAN1:C2	1	max	CAPAN1	logo	5	236	96	0.7900000214576721	min_delta	0.30000001192092896	0.20000000298023224	type_confidence	0.9800000190734863	0.10000000149011612	0.30000001192092896	0.6399999856948853	0.8399999886751175	0.20999999344348907	0.4099999964237213	0.23000000417232513	0.4300000071525574	0.11999999731779099	0.3200000002980232	none	none_objectness	False	Seismic_Amplification	0.5518601155457151	0.48508442267856505		none		none	False	False	False	False	False	False	background	True	0
CAPAN1:chr8:37066357-40194350:3		CAPAN1	chr8	p	37066357	40194350	candidate_region_empty		empty_candidate_region	candidate_region	4	3	3	candidate_region_with_context	38702144	40194350	sv_attention	0.3463	0.477	HP1	0.5806	0.4408	0.0	0.0	1.6784	0.4454	C3			chromosome_arm	0	45644000	402	402	8	4	4	3127994	1.278774831409523e-06	2.1237256209570736	425250.75	696555.0	1053302.75	False	0.5	0.3333333333333333	0	1	1	1	1	0	0	0	0	0	0	0	5	0					4	0	0.0	0	1	0	0	sample_residual	coords	0	1			-1.3823225498199463	0.20063624708758798	Seismic_Amplification	0.2764267664266336	-0.9622558355331421	-4.344482421875	0.012811947433907652	-0.9622558355331421	0.2764267664266336	-1.3958542346954346	0.19847480604209333	-3.7132980823516846	0.023815892757472007	CAPAN1:C3	1	max	CAPAN1	logo	5	236	96	0.7900000214576721	min_delta	0.30000001192092896	0.20000000298023224	type_confidence	0.9800000190734863	0.10000000149011612	0.30000001192092896	0.6399999856948853	0.8399999886751175	0.20999999344348907	0.4099999964237213	0.23000000417232513	0.4300000071525574	0.11999999731779099	0.3200000002980232	none	none_objectness	False	Seismic_Amplification	0.2764267664266336	0.07795196038454028		none		none	False	False	False	False	False	False	background	True	0
CAPAN1:chr17:39540592-43756142:4	CAPAN1:chr17:39540592-43756142:4	CAPAN1	chr17	q	39540592	43756142	candidate_region_label	Seismic_Amplification;chromothripsis	region	candidate_region	7	8	8	candidate_region_with_context	40485144	42996538	sv_attention	0.9103	0.5957	mixed_HP	-0.3468	0.3309	6.0	13.0	2.9928	5.6032	C4	Seismic_Amplification;chromothripsis	Seismic_Amplification:noncanonical;chromothripsis:noncanonicalB	chromosome_arm	25150000	83250001	402	402	8	7	4	4215551	1.660518399611344e-06	8.596020306716726	33003.5	684071.0	863159.5	False	0.7142857142857143	0.3333333333333333	0	0	0	0	0	1	0	0	5	1	0	0	8	0					3	0	0.0	5	0	0	5	sample_residual	coords	1	0	Seismic_Amplification:noncanonical;chromothripsis:noncanonicalB	Seismic_Amplification;chromothripsis	3.8183369636535645	0.9785077639135971	Seismic_Amplification	0.593622088175753	0.3789593577384949	-1.6525144577026367	0.1607694029527427	0.3789593577384949	0.593622088175753	-4.188722133636475	0.014939091113193241	-2.320361375808716	0.0894506211931106	CAPAN1:C4	1	max	CAPAN1	logo	5	236	96	0.7900000214576721	min_delta	0.30000001192092896	0.20000000298023224	type_confidence	0.9800000190734863	0.10000000149011612	0.30000001192092896	0.6399999856948853	0.8399999886751175	0.20999999344348907	0.4099999964237213	0.23000000417232513	0.4300000071525574	0.11999999731779099	0.3200000002980232	Seismic_Amplification	objectness_type_threshold	False	Seismic_Amplification	0.593622088175753	0.43285268522301035	Seismic_Amplification	Seismic_Amplification	Seismic_Amplification:canonical	Seismic_Amplification:canonical	True	False	True	False	False	True	partial_class	True	1
CAPAN2:chr3:171842933-174865042:1	CAPAN2:chr3:171842933-174865042:1	CAPAN2	chr3	q	171842933	174865042	candidate_region_label	BFB	region	candidate_region	1	1	1	candidate_region_with_context	174865041	174865042	sv_attention	0.3	0.0	HP1	0.8095	0.746	13.0	0.0	5.0	2.0	C1	BFB	BFB:noncanonical	chromosome_arm	90951000	198250001	402	402	8	1	1	3022110	3.308946398377293e-07	7.0	3022110.0	3022110.0	3022110.0	False	0.0	0.0	0	0	0	0	0	0	0	1	0	0	0	0	2	1	2.0	2.0	2.0	2.0	0	0	1.0	1	0	0	1	sample_residual	coords	1	0	BFB:noncanonical	BFB	4.700733661651611	0.9909932520963916	BFB	0.37140183258055903	-0.5262076258659363	-3.1622653007507324	0.04061070221175872	-2.39402174949646	0.08362970543899037	-3.4539098739624023	0.03065247223766023	-0.5262076258659363	0.37140183258055903	CAPAN2:C1	1	max	CAPAN2	logo	6	235	98	0.7900000214576721	min_delta	0.30000001192092896	0.20000000298023224	type_confidence	0.9800000190734863	0.10000000149011612	0.30000001192092896	0.6399999856948853	0.8399999886751175	0.20999999344348907	0.4099999964237213	0.23000000417232513	0.4300000071525574	0.11999999731779099	0.3200000002980232	BFB	objectness_type_threshold	False	BFB	0.37140183258055903	0.28777212714156863	BFB	BFB	BFB:canonical	BFB:canonical	True	False	True	True	True	False	wrong_level	True	1
CAPAN2:chr11:0-17181454:2		CAPAN2	chr11	p	0	17181454	candidate_region_empty		empty_candidate_region	candidate_region	10	16	16	candidate_region_with_context	3997118	17181454	sv_attention	0.9991	0.7674	mixed_HP	-0.1152	0.2	44.0	225.0	6.0656	0.0	C2			chromosome_arm	0	53714000	402	402	8	10	10	17181455	5.820228845577979e-07	6.065618540455392	748762.25	1452430.0	2965840.25	False	0.6	0.4444444444444444	0	0	0	1	1	2	3	3	0	0	0	0	9	0					2	0	0.0	0	7	0	0	sample_residual	coords	0	1			1.2431453466415405	0.7761110328017051	chromothripsis	0.26279811611394344	-1.0314756631851196	-4.097637176513672	0.016340434667022712	-1.7702797651290894	0.145507540862799	-1.0314756631851196	0.26279811611394344	-3.3996078968048096	0.032307721138409344	CAPAN2:C2	1	max	CAPAN2	logo	6	235	98	0.7900000214576721	min_delta	0.30000001192092896	0.20000000298023224	type_confidence	0.9800000190734863	0.10000000149011612	0.30000001192092896	0.6399999856948853	0.8399999886751175	0.20999999344348907	0.4099999964237213	0.23000000417232513	0.4300000071525574	0.11999999731779099	0.3200000002980232	none	none_objectness	False	chromothripsis	0.26279811611394344	0.11729057525114445		none		none	False	False	False	False	False	False	background	True	0
CAPAN2:chr19:10941884-15447707:3	CAPAN2:chr19:10941884-15447707:3	CAPAN2	chr19	p	10941884	15447707	candidate_region_label	BFB	region	candidate_region	3	4	4	candidate_region_with_context	15019700	15021398	sv_attention	0.6322	0.0004	HP1	0.8288	0.7717	38.0	0.0	1.0996	0.38	C3	BFB	BFB:noncanonicalB	chromosome_arm	0	26260000	402	402	8	3	2	4505824	6.658049670826024e-07	1.479534486921815	224337.0	428006.0	2242578.0	False	0.6666666666666666	0.5	0	1	1	0	0	0	1	0	0	0	0	0	4	0	3.0	3.0			2	0	1.0	0	1	0	0	sample_residual	coords	1	0	BFB:noncanonicalB	BFB	3.4349493980407715	0.9687791157721876	BFB	0.14642290393614366	-1.7629368305206299	-3.9374992847442627	0.019124050167880918	-1.8583178520202637	0.13489924049969343	-2.3918964862823486	0.08379272082883366	-1.7629368305206299	0.14642290393614366	CAPAN2:C3	1	max	CAPAN2	logo	6	235	98	0.7900000214576721	min_delta	0.30000001192092896	0.20000000298023224	type_confidence	0.9800000190734863	0.10000000149011612	0.30000001192092896	0.6399999856948853	0.8399999886751175	0.20999999344348907	0.4099999964237213	0.23000000417232513	0.4300000071525574	0.11999999731779099	0.3200000002980232	BFB	objectness_type_threshold	False	BFB	0.14642290393614366	0.011523663436450227	BFB	BFB	BFB:noncanonicalB	BFB:noncanonicalB	True	True	True	True	False	False	exact	True	1
CERV186:chr1:151000001-161727469:1		CERV186	chr1	q	151000001	161727469	candidate_region_empty		empty_candidate_region	candidate_region	7	17	17	candidate_region_with_context	155604037	161727469	sv_attention	0.9992	0.5708	HP2	-0.3137	0.085	5.0	335.0	7.4552	0.0	C1			chromosome_arm	123459000	248950001	402	402	8	7	5	10727469	6.525304337863852e-07	7.455178197205697	172961.0	731958.0	2520846.5	False	0.5714285714285714	0.1666666666666666	0	0	2	1	2	0	0	0	0	2	0	0	8	0					2	3	0.0	1	2	0	1	sample_residual	coords	0	1			1.1486114263534546	0.7592571969144043	chromothripsis	0.36272469425960885	-0.5635576248168945	-4.381304740905762	0.01235448435248087	-1.1176754236221313	0.24644272313483015	-0.5635576248168945	0.36272469425960885	-3.9850409030914307	0.018252342076436442	CERV186:C1	1	max	CERV186	logo	7	236	96	0.7900000214576721	min_delta	0.30000001192092896	0.20000000298023224	type_confidence	0.9800000190734863	0.10000000149011612	0.30000001192092896	0.6399999856948853	0.8399999886751175	0.20999999344348907	0.4099999964237213	0.23000000417232513	0.4300000071525574	0.11999999731779099	0.3200000002980232	none	none_objectness	False	chromothripsis	0.36272469425960885	0.1162819711247787		none		none	False	False	False	False	False	False	background	True	0
CERV186:chr17:0-5345937:2	CERV186:chr17:0-5345937:2	CERV186	chr17	p	0	5345937	candidate_region_label	chromothripsis	region	candidate_region	5	9	9	candidate_region_with_context	165958	5345937	sv_attention	0.6696	0.969	mixed_HP	0.1673	0.4792	58.0	38.0	1.16	0.9776	C2	chromothripsis	chromothripsis:noncanonicalB	chromosome_arm	0	25150000	402	402	8	5	4	5345938	9.352895600360498e-07	2.1376712561948903	132285.0	557298.0	826074.0	True	1.0	1.0	0	0	2	3	0	0	0	0	0	0	0	0	6	0					3	0	0.0	3	0	0	3	sample_residual	coords	1	0	chromothripsis:noncanonicalB	chromothripsis	4.683613300323486	0.9908391505364937	chromothripsis	0.4170524605383702	-0.3348851799964905	-4.95328426361084	0.007010686574945701	-3.4630446434020996	0.030382212349895046	-0.3348851799964905	0.4170524605383702	-2.7833080291748047	0.05823287191010001	CERV186:C2	1	max	CERV186	logo	7	236	96	0.7900000214576721	min_delta	0.30000001192092896	0.20000000298023224	type_confidence	0.9800000190734863	0.10000000149011612	0.30000001192092896	0.6399999856948853	0.8399999886751175	0.20999999344348907	0.4099999964237213	0.23000000417232513	0.4300000071525574	0.11999999731779099	0.3200000002980232	chromothripsis	objectness_type_threshold	False	chromothripsis	0.4170524605383702	0.3588195886282702	chromothripsis	chromothripsis	chromothripsis:noncanonical	chromothripsis:noncanonical	True	False	True	True	True	False	wrong_level	True	1
CERV186:chrX:81324920-84146119:3		CERV186	chrX	q	81324920	84146119	candidate_region_empty		empty_candidate_region	candidate_region	4	5	5	candidate_region_with_context	82620148	84146119	sv_attention	0.7223	0.5409	HP2	-0.3333	0.1111	0.0	19.0	1.6573	0.0	C3			chromosome_arm	61090000	156000001	402	402	8	4	4	2821200	1.417836381681554e-06	1.6572550687650645	281541.75	692318.5	1116076.75	False	0.75	0.3333333333333333	0	1	2	1	0	0	0	0	0	0	0	0	5	0					1	1	0.0	2	0	1	2	sample_residual	coords	0	1			-0.3141579329967499	0.4221001603944272	chromothripsis	0.3023409664921039	-0.8361750841140747	-5.543604373931885	0.003897152424716347	-1.9996637105941772	0.11923823477431654	-0.8361750841140747	0.3023409664921039	-4.340852737426758	0.012857936235383621	CERV186:C3	1	max	CERV186	logo	7	236	96	0.7900000214576721	min_delta	0.30000001192092896	0.20000000298023224	type_confidence	0.9800000190734863	0.10000000149011612	0.30000001192092896	0.6399999856948853	0.8399999886751175	0.20999999344348907	0.4099999964237213	0.23000000417232513	0.4300000071525574	0.11999999731779099	0.3200000002980232	none	none_objectness	False	chromothripsis	0.3023409664921039	0.18310273171778735		none		none	False	False	False	False	False	False	background	True	0
CERV186:chrX:144991991-156040895:4		CERV186	chrX	q	144991991	156040895	candidate_region_empty		empty_candidate_region	candidate_region	5	2	2	candidate_region_with_context	151174611	151174612	sv_attention	0.3314	0.0	mixed_HP	0.1667	0.375	3.0	5.0	1.5134	0.0	C4			chromosome_arm	61090000	156000001	402	402	8	5	5	11048905	4.52533531603358e-07	1.515194401617174	589848.0	933823.0	4551179.0	False	0.8	0.5	1	2	2	0	0	0	0	0	0	0	0	0	5	0					2	2	0.0	1	0	0	1	sample_residual	coords	0	1			-1.5572699308395386	0.1740387432694201	chromothripsis	0.26193052793211447	-1.0359586477279663	-4.6967573165893555	0.00904230865453742	-2.0811240673065186	0.11094504443975163	-1.0359586477279663	0.26193052793211447	-4.70649528503418	0.0089554670171566	CERV186:C4	1	max	CERV186	logo	7	236	96	0.7900000214576721	min_delta	0.30000001192092896	0.20000000298023224	type_confidence	0.9800000190734863	0.10000000149011612	0.30000001192092896	0.6399999856948853	0.8399999886751175	0.20999999344348907	0.4099999964237213	0.23000000417232513	0.4300000071525574	0.11999999731779099	0.3200000002980232	none	none_objectness	False	chromothripsis	0.26193052793211447	0.15098548349236285		none		none	False	False	False	False	False	False	background	True	0
CERV196:chr11:31804012-50999999:1	CERV196:chr11:31804012-50999999:1	CERV196	chr11	p	31804012	50999999	candidate_region_label	Seismic_Amplification	region	candidate_region	23	56	56	candidate_region_with_context	31804846	49747804	sv_attention	1.0	0.9347	HP1	0.9277	0.9036	1566.0	69.0	10.686	0.2627	C1	Seismic_Amplification	Seismic_Amplification:noncanonical	chromosome_arm	0	53714000	402	402	8	23	20	19195988	1.1981670336530738e-06	10.948722358026062	340194.0	667111.0	1191307.5	False	0.3043478260869565	0.1363636363636363	0	2	3	0	1	1	1	1	0	13	1	0	24	0					7	3	0.0	9	3	2	9	sample_residual	coords	1	0	Seismic_Amplification:noncanonical	Seismic_Amplification	2.7449231147766113	0.9396259852342252	ecDNA	0.30335064529734956	-0.8313928246498108	-0.8313928246498108	0.30335064529734956	-0.9371646642684937	0.2814734228146584	-2.9669699668884277	0.048940564459082764	-2.9456629753112793	0.049941892196052357	CERV196:C1	1	max	CERV196	logo	8	235	99	0.7900000214576721	min_delta	0.30000001192092896	0.20000000298023224	type_confidence	0.9800000190734863	0.10000000149011612	0.30000001192092896	0.6399999856948853	0.8399999886751175	0.20999999344348907	0.4099999964237213	0.23000000417232513	0.4300000071525574	0.11999999731779099	0.3200000002980232	Seismic_Amplification	objectness_type_threshold	False	ecDNA	0.30335064529734956	0.02187722248269114	Seismic_Amplification	Seismic_Amplification	Seismic_Amplification:noncanonical	Seismic_Amplification:noncanonical	True	True	True	True	False	False	exact	True	1
CERV196:chr13:19000001-36658956:2	CERV196:chr13:19000001-36658956:2	CERV196	chr13	q	19000001	36658956	candidate_region_label	BFB	region	candidate_region	11	17	17	candidate_region_with_context	23594957	34731602	sv_attention	0.9975	0.6307	HP1	0.7958	0.7278	459.0	69.0	3.7178	0.1748	C2	BFB	BFB:noncanonicalB	chromosome_arm	17900000	114350001	402	402	8	10	9	17658956	6.229133817423861e-07	3.892593480611198	236716.0	715766.0	1571399.5	False	0.4545454545454545	0.2	2	0	3	2	1	1	0	0	2	0	0	0	12	1	9.0	11.0	11.0	11.0	2	2	3.0	2	2	1	2	sample_residual	coords	1	0	BFB:noncanonicalB	BFB	7.937912940979004	0.9996431766897471	Seismic_Amplification	0.29970287132825996	-0.8487131595611572	-2.128655433654785	0.10634270348611664	-0.8487131595611572	0.29970287132825996	-2.883533477783203	0.05297359078310827	-1.4881247282028198	0.1842033623019396	CERV196:C2	1	max	CERV196	logo	8	235	99	0.7900000214576721	min_delta	0.30000001192092896	0.20000000298023224	type_confidence	0.9800000190734863	0.10000000149011612	0.30000001192092896	0.6399999856948853	0.8399999886751175	0.20999999344348907	0.4099999964237213	0.23000000417232513	0.4300000071525574	0.11999999731779099	0.3200000002980232	Seismic_Amplification	objectness_type_threshold	False	Seismic_Amplification	0.29970287132825996	0.11549950902632036	Seismic_Amplification	Seismic_Amplification	Seismic_Amplification:noncanonical	Seismic_Amplification:noncanonical	True	False	False	False	False	False	wrong	True	1
CERV215:chr8:36884526-42999999:1	CERV215:chr8:36884526-42999999:1	CERV215	chr8	p	36884526	42999999	candidate_region_label	chromothripsis;BFB	region	candidate_region	4	5	5	candidate_region_with_context	37504924	38878405	sv_attention	0.7769	0.2246	mixed_HP	-0.0475	0.3	4.0	8.0	2.0865	0.6512	C1	chromothripsis;BFB	chromothripsis:noncanonicalB;BFB:noncanonical	chromosome_arm	0	45644000	402	402	8	4	4	6115474	6.540784900728872e-07	2.7376895069785268	594919.5	731243.0	1665192.25	True	0.75	0.6666666666666666	0	0	1	0	2	1	0	0	0	0	0	0	4	1	4.0	4.0	4.0	4.0	0	0	1.0	1	0	2	1	sample_residual	coords	1	0	chromothripsis:noncanonicalB;BFB:noncanonical	chromothripsis;BFB	5.487577438354492	0.9958791950447806	BFB	0.1628722447845521	-1.6370105743408203	-3.912827253341675	0.019592388749221378	-2.8881676197052	0.05274158900680059	-2.097437620162964	0.10934612051983615	-1.6370105743408203	0.1628722447845521	CERV215:C1	1	max	CERV215	logo	9	234	98	0.7900000214576721	min_delta	0.30000001192092896	0.20000000298023224	type_confidence	0.9800000190734863	0.10000000149011612	0.30000001192092896	0.6399999856948853	0.8399999886751175	0.20999999344348907	0.4099999964237213	0.23000000417232513	0.4300000071525574	0.11999999731779099	0.3200000002980232	BFB	objectness_type_threshold	False	BFB	0.1628722447845521	0.05352612426471594	BFB	BFB	BFB:noncanonicalB	BFB:noncanonicalB	True	False	True	False	False	True	partial_class	True	1
CERV215:chr11:93422105-102966723:2	CERV215:chr11:93422105-102966723:2	CERV215	chr11	q	93422105	102966723	candidate_region_label	ecDNA;Seismic_Amplification;BFB	region	candidate_region	7	14	14	candidate_region_with_context	101295179	102447260	sv_attention	0.9617	0.1207	mixed_HP	-0.5189	0.2388	75.0	258.0	2.7164	7.301	C2	ecDNA;Seismic_Amplification;BFB	ecDNA;Seismic_Amplification:noncanonical;BFB:noncanonical	chromosome_arm	53714000	135050001	402	402	8	7	7	9544619	7.333975300637983e-07	10.017447632011294	443252.5	593254.0	2140843.5	False	0.2857142857142857	0.1666666666666666	0	0	0	0	1	1	1	0	1	0	2	1	8	2	4.0	8.0	7.0	8.0	0	0	5.0	3	0	0	3	sample_residual	coords	1	0	ecDNA;Seismic_Amplification:noncanonical;BFB:noncanonical	ecDNA;Seismic_Amplification;BFB	5.20901346206665	0.9945626617841115	ecDNA	0.846940427608603	1.7108031511306763	1.7108031511306763	0.846940427608603	-0.3327162265777588	0.4175798705344321	-4.735705375671387	0.00869990350922256	-0.440039724111557	0.3917315038335957	CERV215:C2	1	max	CERV215	logo	9	234	98	0.7900000214576721	min_delta	0.30000001192092896	0.20000000298023224	type_confidence	0.9800000190734863	0.10000000149011612	0.30000001192092896	0.6399999856948853	0.8399999886751175	0.20999999344348907	0.4099999964237213	0.23000000417232513	0.4300000071525574	0.11999999731779099	0.3200000002980232	ecDNA	objectness_type_threshold	False	ecDNA	0.846940427608603	0.4293605570741709	ecDNA;Seismic_Amplification;BFB	ecDNA;Seismic_Amplification;BFB	ecDNA;Seismic_Amplification:noncanonical;BFB:canonical	ecDNA;Seismic_Amplification:noncanonical;BFB:canonical	True	False	True	True	True	False	wrong_level	True	3
CERV215:chr17:36651110-47994380:3	CERV215:chr17:36651110-47994380:3	CERV215	chr17	q	36651110	47994380	candidate_region_label	BFB	region	candidate_region	11	20	20	candidate_region_with_context	36656119	47994380	sv_attention	0.9999	0.9996	HP2	-0.4723	0.2964	8.0	112.0	1.5408	0.8001	C3	BFB	BFB:noncanonicalB	chromosome_arm	25150000	83250001	402	402	8	11	11	11343271	9.697379177487693e-07	2.3409416031760157	234593.0	444301.0	1549450.0	False	0.5454545454545454	0.4	0	3	2	3	2	1	0	0	0	0	0	0	12	0	1.0	1.0			6	0	1.0	0	5	0	0	sample_residual	coords	1	0	BFB:noncanonicalB	BFB	5.418749809265137	0.9955868770964393	BFB	0.1487094509044489	-1.7447590827941895	-2.6241791248321533	0.0675984116099121	-2.3613638877868652	0.08616673856667799	-1.8169504404067993	0.1398001984396638	-1.7447590827941895	0.1487094509044489	CERV215:C3	1	max	CERV215	logo	9	234	98	0.7900000214576721	min_delta	0.30000001192092896	0.20000000298023224	type_confidence	0.9800000190734863	0.10000000149011612	0.30000001192092896	0.6399999856948853	0.8399999886751175	0.20999999344348907	0.4099999964237213	0.23000000417232513	0.4300000071525574	0.11999999731779099	0.3200000002980232	BFB	objectness_type_threshold	False	BFB	0.1487094509044489	0.008909252464785106	BFB	BFB	BFB:noncanonicalB	BFB:noncanonicalB	True	True	True	True	False	False	exact	True	1
CERV215:chr22:19000001-26749456:4		CERV215	chr22	q	19000001	26749456	candidate_region_empty		empty_candidate_region	candidate_region	9	14	14	candidate_region_with_context	19034297	26749456	sv_attention	0.9975	0.9956	mixed_HP	-0.009	0.2	36.0	112.0	4.8615	0.0	C4			chromosome_arm	15050000	50807217	402	402	8	9	6	7749456	1.1613718433913297e-06	4.861458662388689	43711.0	280930.0	930412.0	False	0.5555555555555556	0.125	1	0	0	1	2	3	1	1	0	0	0	0	6	0					0	1	0.0	2	3	0	2	sample_residual	coords	0	1			-0.29814204573631287	0.42601173824854377	ecDNA	0.3104806204282692	-0.797873318195343	-0.797873318195343	0.3104806204282692	-1.6210132837295532	0.16506517338395288	-0.957508385181427	0.2773773349032685	-3.474386215209961	0.03004987314045768	CERV215:C4	1	max	CERV215	logo	9	234	98	0.7900000214576721	min_delta	0.30000001192092896	0.20000000298023224	type_confidence	0.9800000190734863	0.10000000149011612	0.30000001192092896	0.6399999856948853	0.8399999886751175	0.20999999344348907	0.4099999964237213	0.23000000417232513	0.4300000071525574	0.11999999731779099	0.3200000002980232	none	none_objectness	False	ecDNA	0.3104806204282692	0.03310328552500069		none		none	False	False	False	False	False	False	background	True	0
CFPAC1:chr4:169433769-174050891:1	CFPAC1:chr4:169433769-174050891:1	CFPAC1	chr4	q	169433769	174050891	candidate_region_label	chromothripsis	region	candidate_region	4	10	10	candidate_region_with_context	173701222	174050890	sv_attention	0.9817	0.0757	HP2	-0.4957	0.3276	0.0	85.0	1.8225	0.5869	C1	chromothripsis	chromothripsis:noncanonicalB	chromosome_arm	50494000	190200001	402	402	8	4	4	4617123	8.663403595702346e-07	2.409419242242409	1020498.0	1175942.5	1309725.25	True	0.75	0.6666666666666666	0	1	1	2	0	0	0	0	0	0	0	0	5	0					2	0	0.0	1	2	0	1	sample_residual	coords	1	0	chromothripsis:noncanonicalB	chromothripsis	3.5183887481689453	0.9712064804908717	chromothripsis	0.41189222146934296	-0.35614851117134094	-3.332937240600586	0.03445837163466628	-2.745692491531372	0.06033038355704309	-0.35614851117134094	0.41189222146934296	-2.3597629070281982	0.08629288659543385	CFPAC1:C1	1	max	CFPAC1	logo	10	227	99	0.7900000214576721	min_delta	0.30000001192092896	0.20000000298023224	type_confidence	0.9800000190734863	0.10000000149011612	0.30000001192092896	0.6399999856948853	0.8399999886751175	0.20999999344348907	0.4099999964237213	0.23000000417232513	0.4300000071525574	0.11999999731779099	0.3200000002980232	chromothripsis	objectness_type_threshold	False	chromothripsis	0.41189222146934296	0.32559933487390913	chromothripsis	chromothripsis	chromothripsis:noncanonical	chromothripsis:noncanonical	True	False	True	True	True	False	wrong_level	True	1
CFPAC1:chr8:34116445-37127717:2	CFPAC1:chr8:34116445-37127717:2	CFPAC1	chr8	p	34116445	37127717	candidate_region_label	BFB	region	candidate_region	1	4	4	candidate_region_with_context	34146806	34147348	sv_attention	0.6235	0.0002	mixed_HP	0.2381	0.3	19.0	9.0	2.0	2.0	C2	BFB	BFB:noncanonicalB	chromosome_arm	0	45644000	402	402	8	1	1	3011273	3.320854668440889e-07	4.0	3011273.0	3011273.0	3011273.0	False	0.0	0.0	0	0	0	0	1	0	0	0	0	0	0	0	2	0	1.0	1.0			0	0	1.0	1	0	0	1	sample_residual	coords	1	0	BFB:noncanonicalB	BFB	3.424572706222534	0.9684637295650466	BFB	0.1837091669281777	-1.4914168119430542	-4.272119998931885	0.013760188650508454	-3.9612298011779785	0.018683948371963563	-3.0572845935821533	0.04490401663039944	-1.4914168119430542	0.1837091669281777	CFPAC1:C2	1	max	CFPAC1	logo	10	227	99	0.7900000214576721	min_delta	0.30000001192092896	0.20000000298023224	type_confidence	0.9800000190734863	0.10000000149011612	0.30000001192092896	0.6399999856948853	0.8399999886751175	0.20999999344348907	0.4099999964237213	0.23000000417232513	0.4300000071525574	0.11999999731779099	0.3200000002980232	BFB	objectness_type_threshold	False	BFB	0.1837091669281777	0.13880515029777826	BFB	BFB	BFB:noncanonicalB	BFB:noncanonicalB	True	True	True	True	False	False	exact	True	1
CFPAC1:chr8:125817166-128418242:3	CFPAC1:chr8:125817166-128418242:3	CFPAC1	chr8	q	125817166	128418242	candidate_region_label	BFB	region	candidate_region	3	3	3	candidate_region_with_context	126163566	127915578	sv_attention	0.3	0.6736	HP1	0.8927	0.857	6.0	0.0	4.5197	0.8668	C3	BFB	BFB:noncanonical	chromosome_arm	45644000	145100001	402	402	8	3	3	2601077	1.1533683931694448e-06	5.386503744410488	611204.0	876006.0	1127337.5	False	0.6666666666666666	0.5	0	0	0	1	0	1	0	1	0	0	0	0	4	1	4.0	4.0	4.0	4.0	2	0	1.0	0	1	0	0	sample_residual	coords	1	0	BFB:noncanonical	BFB	4.9600019454956055	0.9930359242764764	BFB	0.37166299353763355	-0.5250891447067261	-3.1284406185150146	0.04194923306711097	-1.8338630199432373	0.13777872037593494	-3.863999128341675	0.020552639316568706	-0.5250891447067261	0.37166299353763355	CFPAC1:C3	1	max	CFPAC1	logo	10	227	99	0.7900000214576721	min_delta	0.30000001192092896	0.20000000298023224	type_confidence	0.9800000190734863	0.10000000149011612	0.30000001192092896	0.6399999856948853	0.8399999886751175	0.20999999344348907	0.4099999964237213	0.23000000417232513	0.4300000071525574	0.11999999731779099	0.3200000002980232	BFB	objectness_type_threshold	False	BFB	0.37166299353763355	0.2338842731616986	BFB	BFB	BFB:canonical	BFB:canonical	True	False	True	True	True	False	wrong_level	True	1
CFPAC1:chr11:45868884-50999999:4	CFPAC1:chr11:45868884-50999999:4	CFPAC1	chr11	p	45868884	50999999	candidate_region_label	chromothripsis	region	candidate_region	6	9	9	candidate_region_with_context	45884966	50999999	sv_attention	0.924	0.9969	mixed_HP	-0.0975	0.4608	80.0	124.0	2.0495	1.5497	C4	chromothripsis	chromothripsis:noncanonical	chromosome_arm	0	53714000	402	402	8	6	5	5131116	1.1693362613513318e-06	3.5992487794078327	377103.75	864966.5	1240974.25	True	0.8333333333333334	0.6	0	0	0	2	3	1	0	0	0	0	0	0	4	0					0	1	0.0	0	3	0	0	sample_residual	coords	1	0	chromothripsis:noncanonical	chromothripsis	3.8729560375213623	0.9796268931319899	chromothripsis	0.7397281134859325	1.044555902481079	-2.4798471927642822	0.07728309818111553	-2.7227864265441895	0.06164209580833686	1.044555902481079	0.7397281134859325	-3.0408902168273926	0.04561240226527999	CFPAC1:C4	3	max	CFPAC1	logo	10	227	99	0.7900000214576721	min_delta	0.30000001192092896	0.20000000298023224	type_confidence	0.9800000190734863	0.10000000149011612	0.30000001192092896	0.6399999856948853	0.8399999886751175	0.20999999344348907	0.4099999964237213	0.23000000417232513	0.4300000071525574	0.11999999731779099	0.3200000002980232	chromothripsis	objectness_type_threshold	False	chromothripsis	0.7397281134859325	0.6624450153048169	chromothripsis	chromothripsis	chromothripsis:canonical	chromothripsis:canonical	True	False	True	True	True	False	wrong_level	True	1
CFPAC1:chr11:79558920-116268542:5	CFPAC1:chr11:79558920-116268542:5	CFPAC1	chr11	q	79558920	116268542	candidate_region_label	chromothripsis	region	candidate_region	50	106	106	candidate_region_with_context	79562454	116268542	sv_attention	1.0	0.9999	HP2	-0.3981	0.1974	107.0	581.0	1.872	1.2909	C4	chromothripsis	chromothripsis:noncanonical	chromosome_arm	53714000	135050001	402	402	8	50	37	36709623	1.3620406834469534e-06	3.162834633305823	115985.25	470350.0	791763.5	True	0.76	0.5510204081632653	2	3	5	22	16	2	0	0	0	0	0	0	51	0					8	15	0.0	0	28	0	0	sample_residual	coords	1	0	chromothripsis:noncanonical	chromothripsis	3.8729560375213623	0.9796268931319899	chromothripsis	0.7397281134859325	1.044555902481079	-2.4798471927642822	0.07728309818111553	-2.7227864265441895	0.06164209580833686	1.044555902481079	0.7397281134859325	-3.0408902168273926	0.04561240226527999	CFPAC1:C4	3	max	CFPAC1	logo	10	227	99	0.7900000214576721	min_delta	0.30000001192092896	0.20000000298023224	type_confidence	0.9800000190734863	0.10000000149011612	0.30000001192092896	0.6399999856948853	0.8399999886751175	0.20999999344348907	0.4099999964237213	0.23000000417232513	0.4300000071525574	0.11999999731779099	0.3200000002980232	chromothripsis	objectness_type_threshold	False	chromothripsis	0.7397281134859325	0.6624450153048169	chromothripsis	chromothripsis	chromothripsis:canonical	chromothripsis:canonical	True	False	True	True	True	False	wrong_level	True	1
CFPAC1:chr11:126340678-135086622:6	CFPAC1:chr11:126340678-135086622:6	CFPAC1	chr11	q	126340678	135086622	candidate_region_label	chromothripsis	region	candidate_region	19	40	40	candidate_region_with_context	127035792	135086622	sv_attention	1.0	0.9205	HP2	-0.4963	0.3284	23.0	194.0	2.0351	1.7088	C4	chromothripsis	chromothripsis:noncanonical	chromosome_arm	53714000	135050001	402	402	8	19	11	8745945	2.172435340034725e-06	3.7365428207014793	58502.5	173180.0	569143.0	False	0.7368421052631579	0.5	0	0	1	8	6	4	0	0	0	0	0	0	23	0					10	7	0.0	0	6	0	0	sample_residual	coords	1	0	chromothripsis:noncanonical	chromothripsis	3.8729560375213623	0.9796268931319899	chromothripsis	0.7397281134859325	1.044555902481079	-2.4798471927642822	0.07728309818111553	-2.7227864265441895	0.06164209580833686	1.044555902481079	0.7397281134859325	-3.0408902168273926	0.04561240226527999	CFPAC1:C4	3	max	CFPAC1	logo	10	227	99	0.7900000214576721	min_delta	0.30000001192092896	0.20000000298023224	type_confidence	0.9800000190734863	0.10000000149011612	0.30000001192092896	0.6399999856948853	0.8399999886751175	0.20999999344348907	0.4099999964237213	0.23000000417232513	0.4300000071525574	0.11999999731779099	0.3200000002980232	chromothripsis	objectness_type_threshold	False	chromothripsis	0.7397281134859325	0.6624450153048169	chromothripsis	chromothripsis	chromothripsis:canonical	chromothripsis:canonical	True	False	True	True	True	False	wrong_level	True	1
CFPAC1:chr12:23200844-26346628:7	CFPAC1:chr12:23200844-26346628:7	CFPAC1	chr12	p	23200844	26346628	candidate_region_label	BFB	region	candidate_region	1	8	8	candidate_region_with_context	23220204	25551766	sv_attention	0.7468	0.7412	mixed_HP	0.0598	0.359	98.0	58.0	2.0	4.0	C5	BFB	BFB:noncanonical	chromosome_arm	0	35807000	402	402	8	1	1	3145785	3.178856787733428e-07	6.0	3145785.0	3145785.0	3145785.0	False	0.0	0.0	0	0	0	0	0	0	1	0	0	0	0	0	2	1	2.0	2.0	2.0	2.0	0	0	1.0	0	1	0	0	sample_residual	coords	1	0	BFB:noncanonical	BFB	4.762681484222412	0.9915296874799306	BFB	0.29284562115592594	-0.8816034197807312	-5.31058931350708	0.0049147412495968434	-3.5616116523742676	0.027609121563644663	-3.283003807067871	0.036158883453374785	-0.8816034197807312	0.29284562115592594	CFPAC1:C5	1	max	CFPAC1	logo	10	227	99	0.7900000214576721	min_delta	0.30000001192092896	0.20000000298023224	type_confidence	0.9800000190734863	0.10000000149011612	0.30000001192092896	0.6399999856948853	0.8399999886751175	0.20999999344348907	0.4099999964237213	0.23000000417232513	0.4300000071525574	0.11999999731779099	0.3200000002980232	BFB	objectness_type_threshold	False	BFB	0.29284562115592594	0.2566867377025511	BFB	BFB	BFB:canonical	BFB:canonical	True	False	True	True	True	False	wrong_level	True	1
CFPAC1:chr12:75477540-85934539:8	CFPAC1:chr12:75477540-85934539:8	CFPAC1	chr12	q	75477540	85934539	candidate_region_label	chromothripsis	region	candidate_region	6	12	12	candidate_region_with_context	75532746	85934539	sv_attention	0.9933	0.9947	HP2	-0.9407	0.921	6.0	129.0	0.0	3.5053	C6	chromothripsis	chromothripsis:noncanonicalB	chromosome_arm	35807000	133250001	402	402	8	6	5	10457000	5.737783303050588e-07	3.5053045806636702	742280.0	955768.0	2462913.75	True	0.8333333333333334	0.8	0	0	3	0	2	1	0	0	0	0	0	0	8	0					3	0	0.0	4	1	0	4	sample_residual	coords	1	0	chromothripsis:noncanonicalB	chromothripsis	4.677796363830566	0.9907861995858213	chromothripsis	0.3445227978181225	-0.6432032585144043	-2.68289852142334	0.06399004897078739	-3.363402843475342	0.033459002157040264	-0.6432032585144043	0.3445227978181225	-2.3162648677825928	0.08978484015395916	CFPAC1:C6	1	max	CFPAC1	logo	10	227	99	0.7900000214576721	min_delta	0.30000001192092896	0.20000000298023224	type_confidence	0.9800000190734863	0.10000000149011612	0.30000001192092896	0.6399999856948853	0.8399999886751175	0.20999999344348907	0.4099999964237213	0.23000000417232513	0.4300000071525574	0.11999999731779099	0.3200000002980232	chromothripsis	objectness_type_threshold	False	chromothripsis	0.3445227978181225	0.25473795766416335	chromothripsis	chromothripsis	chromothripsis:noncanonical	chromothripsis:noncanonical	True	False	True	True	True	False	wrong_level	True	1
CFPAC1:chr17:37492981-44235604:9	CFPAC1:chr17:37492981-44235604:9	CFPAC1	chr17	q	37492981	44235604	candidate_region_label	Seismic_Amplification;BFB	region	candidate_region	7	11	11	candidate_region_with_context	37493676	44235604	sv_attention	0.9895	0.9999	mixed_HP	0.0559	0.4304	97.0	61.0	2.1226	3.841	C7	Seismic_Amplification;BFB	Seismic_Amplification:noncanonical;BFB:noncanonicalB	chromosome_arm	25150000	83250001	402	402	8	7	6	6742624	1.0381714893192917e-06	5.963621877773401	413458.0	808033.0	1538104.5	False	0.4285714285714285	0.0	0	0	0	1	1	1	1	2	1	0	0	0	8	1	3.0	3.0	3.0	3.0	1	3	1.0	1	2	0	1	sample_residual	coords	1	0	Seismic_Amplification:noncanonical;BFB:noncanonicalB	Seismic_Amplification;BFB	5.872625827789307	0.997192433941841	Seismic_Amplification	0.23802064302933418	-1.1635620594024658	-3.3913869857788086	0.03256572969693813	-1.1635620594024658	0.23802064302933418	-2.287398099899292	0.09217203653652473	-1.459163784980774	0.18859525544004463	CFPAC1:C7	2	max	CFPAC1	logo	10	227	99	0.7900000214576721	min_delta	0.30000001192092896	0.20000000298023224	type_confidence	0.9800000190734863	0.10000000149011612	0.30000001192092896	0.6399999856948853	0.8399999886751175	0.20999999344348907	0.4099999964237213	0.23000000417232513	0.4300000071525574	0.11999999731779099	0.3200000002980232	Seismic_Amplification	objectness_type_threshold	False	Seismic_Amplification	0.23802064302933418	0.04942538758928955	Seismic_Amplification	Seismic_Amplification	Seismic_Amplification:noncanonical	Seismic_Amplification:noncanonical	True	False	True	False	False	True	partial_class	True	1
CFPAC1:chr17:68423151-72496082:10	CFPAC1:chr17:68423151-72496082:10	CFPAC1	chr17	q	68423151	72496082	candidate_region_label	Seismic_Amplification;BFB	region	candidate_region	4	13	13	candidate_region_with_context	68423193	69115243	sv_attention	0.9955	0.1699	HP1	0.3551	0.1402	41.0	9.0	1.8416	2.8478	C7	Seismic_Amplification;BFB	Seismic_Amplification:noncanonical;BFB:noncanonicalB	chromosome_arm	25150000	83250001	402	402	8	4	2	4072932	9.820934894076309e-07	4.689454918471509	40048.75	335219.0	1313403.25	False	0.5	0.3333333333333333	0	0	1	1	0	1	1	0	0	0	0	0	8	0	7.0	7.0			2	1	1.0	0	3	1	0	sample_residual	coords	1	0	Seismic_Amplification:noncanonical;BFB:noncanonicalB	Seismic_Amplification;BFB	5.872625827789307	0.997192433941841	Seismic_Amplification	0.23802064302933418	-1.1635620594024658	-3.3913869857788086	0.03256572969693813	-1.1635620594024658	0.23802064302933418	-2.287398099899292	0.09217203653652473	-1.459163784980774	0.18859525544004463	CFPAC1:C7	2	max	CFPAC1	logo	10	227	99	0.7900000214576721	min_delta	0.30000001192092896	0.20000000298023224	type_confidence	0.9800000190734863	0.10000000149011612	0.30000001192092896	0.6399999856948853	0.8399999886751175	0.20999999344348907	0.4099999964237213	0.23000000417232513	0.4300000071525574	0.11999999731779099	0.3200000002980232	Seismic_Amplification	objectness_type_threshold	False	Seismic_Amplification	0.23802064302933418	0.04942538758928955	Seismic_Amplification	Seismic_Amplification	Seismic_Amplification:noncanonical	Seismic_Amplification:noncanonical	True	False	True	False	False	True	partial_class	True	1
CaSki:chr5:23506772-35239312:1	CaSki:chr5:23506772-35239312:1	CaSki	chr5	p	23506772	35239312	candidate_region_label	BFB	region	candidate_region	4	7	7	candidate_region_with_context	27795095	27955455	sv_attention	0.918	0.0137	mixed_HP	0.5137	0.45	23.0	5.0	5.6474	3.3499	C1	BFB	BFB:noncanonicalB	chromosome_arm	0	48464000	402	402	8	4	4	11732541	3.409321135123244e-07	8.997265894915689	2430759.5	3648111.0	4150486.75	False	0.75	0.3333333333333333	0	0	0	0	0	0	0	0	4	0	0	0	5	0	3.0	3.0			0	0	1.0	4	0	0	4	sample_residual	coords	1	0	BFB:noncanonicalB	BFB	5.399561405181885	0.9955017632370806	ecDNA	0.40298370367760095	-0.3930482864379883	-0.3930482864379883	0.40298370367760095	-0.4674254357814789	0.38522578916792	-4.513078212738037	0.010845736849095412	-1.0585010051727295	0.257596018752346	CaSki:C1	1	max	CaSki	logo	11	231	98	0.7900000214576721	min_delta	0.30000001192092896	0.20000000298023224	type_confidence	0.9800000190734863	0.10000000149011612	0.30000001192092896	0.6399999856948853	0.8399999886751175	0.20999999344348907	0.4099999964237213	0.23000000417232513	0.4300000071525574	0.11999999731779099	0.3200000002980232	Seismic_Amplification	objectness_type_threshold	False	ecDNA	0.40298370367760095	0.01775791450968095	Seismic_Amplification	Seismic_Amplification	Seismic_Amplification:noncanonical	Seismic_Amplification:noncanonical	True	False	False	False	False	False	wrong	True	1
CaSki:chr6:20537162-26063624:2	CaSki:chr6:20537162-26063624:2	CaSki	chr6	p	20537162	26063624	candidate_region_label	chromothripsis	region	candidate_region	4	2	2	candidate_region_with_context	23447076	23447077	sv_attention	0.3	0.0	mixed_HP	0.2222	0.2021	6.0	3.0	2.6064	2.6064	C2	chromothripsis	chromothripsis:noncanonicalB	chromosome_arm	0	60589000	402	402	8	4	4	5526463	7.237902434160873e-07	5.212805369365542	711767.5	1133495.5	1803343.75	True	1.0	1.0	0	0	0	0	2	0	2	0	0	0	0	0	5	0					0	3	0.0	1	1	0	1	sample_residual	coords	1	0	chromothripsis:noncanonicalB	chromothripsis	4.284738540649414	0.986410009104062	chromothripsis	0.4811417979297009	-0.07546860724687576	-4.076903343200684	0.016677062058318048	-3.4595892429351807	0.030484170801943992	-0.07546860724687576	0.4811417979297009	-2.445190191268921	0.07979099344662394	CaSki:C2	1	max	CaSki	logo	11	231	98	0.7900000214576721	min_delta	0.30000001192092896	0.20000000298023224	type_confidence	0.9800000190734863	0.10000000149011612	0.30000001192092896	0.6399999856948853	0.8399999886751175	0.20999999344348907	0.4099999964237213	0.23000000417232513	0.4300000071525574	0.11999999731779099	0.3200000002980232	chromothripsis	objectness_type_threshold	False	chromothripsis	0.4811417979297009	0.401350804483077	chromothripsis	chromothripsis	chromothripsis:canonical	chromothripsis:canonical	True	False	True	True	True	False	wrong_level	True	1
CaSki:chr6:63000001-65710352:3	CaSki:chr6:63000001-65710352:3	CaSki	chr6	q	63000001	65710352	candidate_region_label	Seismic_Amplification	region	candidate_region	9	11	11	candidate_region_with_context	63679868	65385358	sv_attention	0.9237	0.6293	mixed_HP	-0.5436	0.8301	7.0	87.0	5.1796	4.4904	C3	Seismic_Amplification	Seismic_Amplification:noncanonical	chromosome_arm	60589000	170800001	402	402	8	9	7	2710352	3.320601899679451e-06	9.670066471070916	104255.0	278971.0	394193.0	False	0.4444444444444444	0.125	0	0	0	0	0	0	0	2	3	4	0	0	9	0					0	5	0.0	1	3	0	1	sample_residual	coords	1	0	Seismic_Amplification:noncanonical	Seismic_Amplification	2.9603066444396973	0.9507483548090129	Seismic_Amplification	0.7237668497487634	0.9632240533828735	-3.3917245864868164	0.032555095196408035	0.9632240533828735	0.7237668497487634	-4.03670597076416	0.017349224743558565	-2.7791526317596436	0.058461180184006145	CaSki:C3	1	max	CaSki	logo	11	231	98	0.7900000214576721	min_delta	0.30000001192092896	0.20000000298023224	type_confidence	0.9800000190734863	0.10000000149011612	0.30000001192092896	0.6399999856948853	0.8399999886751175	0.20999999344348907	0.4099999964237213	0.23000000417232513	0.4300000071525574	0.11999999731779099	0.3200000002980232	Seismic_Amplification	objectness_type_threshold	False	Seismic_Amplification	0.7237668497487634	0.6653056695647572	Seismic_Amplification	Seismic_Amplification	Seismic_Amplification:canonical	Seismic_Amplification:canonical	True	False	True	True	True	False	wrong_level	True	1
CaSki:chr7:45937204-57999999:4	CaSki:chr7:45937204-57999999:4	CaSki	chr7	p	45937204	57999999	candidate_region_label	BFB	region	candidate_region	8	13	13	candidate_region_with_context	50305770	57999999	sv_attention	0.9959	0.6378	HP1	0.6588	0.5451	35.0	8.0	5.5158	0.8955	C4	BFB	BFB:noncanonicalB	chromosome_arm	0	59904000	402	402	8	8	7	12062796	6.631961611553408e-07	6.411267586718701	489757.75	786635.5	2023042.75	False	0.625	0.1428571428571428	0	0	0	0	0	1	3	1	3	0	0	0	9	0	1.0	4.0			1	1	2.0	3	2	0	3	sample_residual	coords	1	0	BFB:noncanonicalB	BFB	5.12032413482666	0.9940613915866443	Seismic_Amplification	0.478234307074797	-0.08711782842874527	-2.6244630813598633	0.06758051634923423	-0.08711782842874527	0.478234307074797	-3.7582712173461914	0.022792416755266703	-1.3349988460540771	0.20833369959127018	CaSki:C4	1	max	CaSki	logo	11	231	98	0.7900000214576721	min_delta	0.30000001192092896	0.20000000298023224	type_confidence	0.9800000190734863	0.10000000149011612	0.30000001192092896	0.6399999856948853	0.8399999886751175	0.20999999344348907	0.4099999964237213	0.23000000417232513	0.4300000071525574	0.11999999731779099	0.3200000002980232	Seismic_Amplification	objectness_type_threshold	False	Seismic_Amplification	0.478234307074797	0.26990060748352684	Seismic_Amplification	Seismic_Amplification	Seismic_Amplification:noncanonical	Seismic_Amplification:noncanonical	True	False	False	False	False	False	wrong	True	1
CaSki:chr11:99652394-104394528:5	CaSki:chr11:99652394-104394528:5	CaSki	chr11	q	99652394	104394528	candidate_region_label	Seismic_Amplification;BFB	region	candidate_region	4	7	7	candidate_region_with_context	100567651	101989131	sv_attention	0.8825	0.2998	HP1	0.9827	0.9769	45.0	0.0	19.1709	0.512	C5	Seismic_Amplification;BFB	Seismic_Amplification:canonical;BFB:noncanonical	chromosome_arm	53714000	135050001	402	402	8	4	4	4742135	8.435019247659546e-07	19.682881444750095	736224.0	1052496.0	1501805.75	False	0.5	0.3333333333333333	0	0	0	0	0	0	0	0	1	1	2	0	5	1	1.0	5.0	5.0	5.0	0	0	3.0	0	1	1	0	sample_residual	coords	1	0	Seismic_Amplification:canonical;BFB:noncanonical	Seismic_Amplification;BFB	5.733609676361084	0.9967750564451304	Seismic_Amplification	0.6509689298030991	0.6233009696006775	0.48342129588127136	0.618555437855882	0.6233009696006775	0.6509689298030991	-4.655837535858154	0.009416436178577963	-0.5110378861427307	0.37495025232558327	CaSki:C5	1	max	CaSki	logo	11	231	98	0.7900000214576721	min_delta	0.30000001192092896	0.20000000298023224	type_confidence	0.9800000190734863	0.10000000149011612	0.30000001192092896	0.6399999856948853	0.8399999886751175	0.20999999344348907	0.4099999964237213	0.23000000417232513	0.4300000071525574	0.11999999731779099	0.3200000002980232	Seismic_Amplification	objectness_type_threshold	False	Seismic_Amplification	0.6509689298030991	0.0324134919472171	Seismic_Amplification;BFB	Seismic_Amplification;BFB	Seismic_Amplification:canonical;BFB:canonical	Seismic_Amplification:canonical;BFB:canonical	True	False	True	True	True	False	wrong_level	True	2
CaSki:chr22:19000001-28664067:6		CaSki	chr22	q	19000001	28664067	candidate_region_empty		empty_candidate_region	candidate_region	6	5	5	candidate_region_with_context	24685816	28664067	sv_attention	0.3	0.4117	mixed_HP	0.1164	0.5833	28.0	20.0	2.0	1.9375	C6			chromosome_arm	15050000	50800001	402	402	8	6	5	9664067	6.208566227862451e-07	3.937540685510562	1523131.75	1689033.5	2089431.0	True	0.8333333333333334	0.6	0	0	0	1	3	2	0	0	0	0	0	0	6	0					0	2	0.0	3	1	0	3	sample_residual	coords	0	1			4.10601282119751	0.9837936466863522	chromothripsis	0.533070574931322	0.13247570395469666	-3.8373193740844727	0.02109663513667141	-3.829169750213623	0.021265596140828572	0.13247570395469666	0.533070574931322	-2.8381216526031494	0.05529858194409614	CaSki:C6	1	max	CaSki	logo	11	231	98	0.7900000214576721	min_delta	0.30000001192092896	0.20000000298023224	type_confidence	0.9800000190734863	0.10000000149011612	0.30000001192092896	0.6399999856948853	0.8399999886751175	0.20999999344348907	0.4099999964237213	0.23000000417232513	0.4300000071525574	0.11999999731779099	0.3200000002980232	chromothripsis	objectness_type_threshold	False	chromothripsis	0.533070574931322	0.4777719929872259	chromothripsis	chromothripsis	chromothripsis:canonical	chromothripsis:canonical	True	False	False	False	False	False	background	False	1
CaSki:chrX:80448062-86099488:7	CaSki:chrX:80448062-86099488:7	CaSki	chrX	q	80448062	86099488	candidate_region_label	Seismic_Amplification;BFB	region	candidate_region	6	7	7	candidate_region_with_context	80507539	85738904	sv_attention	0.9179	0.9257	HP1	0.8863	0.8484	118.0	11.0	5.0908	0.0	C7	Seismic_Amplification;BFB	Seismic_Amplification:noncanonical;BFB:noncanonicalB	chromosome_arm	61090000	156000001	402	402	8	6	4	5651427	1.0616787583029917e-06	5.090849974705503	195717.0	807461.0	1251325.75	False	0.5	0.0	0	0	1	1	0	0	0	0	3	1	0	0	7	1	2.0	2.0	2.0	2.0	2	0	1.0	2	2	0	2	sample_residual	coords	1	0	Seismic_Amplification:noncanonical;BFB:noncanonicalB	Seismic_Amplification;BFB	5.863812446594238	0.9971676508249047	Seismic_Amplification	0.41636143644994345	-0.3377281725406647	-1.370173454284668	0.20259182372748386	-0.3377281725406647	0.41636143644994345	-3.962425708770752	0.018662034192158852	-0.8919796347618103	0.2907014693126892	CaSki:C7	1	max	CaSki	logo	11	231	98	0.7900000214576721	min_delta	0.30000001192092896	0.20000000298023224	type_confidence	0.9800000190734863	0.10000000149011612	0.30000001192092896	0.6399999856948853	0.8399999886751175	0.20999999344348907	0.4099999964237213	0.23000000417232513	0.4300000071525574	0.11999999731779099	0.3200000002980232	Seismic_Amplification	objectness_type_threshold	False	Seismic_Amplification	0.41636143644994345	0.12565996713725425	Seismic_Amplification	Seismic_Amplification	Seismic_Amplification:noncanonical	Seismic_Amplification:noncanonical	True	False	True	False	False	True	partial_class	True	1
DOTC2:chr1:50777662-67572663:1	DOTC2:chr1:50777662-67572663:1	DOTC2	chr1	p	50777662	67572663	candidate_region_label	Seismic_Amplification;BFB	region	candidate_region	12	36	36	candidate_region_with_context	64409477	67572663	sv_attention	1.0	0.1883	HP2	-0.3293	0.1057	38.0	159.0	3.3916	2.0759	C1	Seismic_Amplification;BFB	Seismic_Amplification:noncanonical;BFB:noncanonicalB	chromosome_arm	0	123459000	402	402	8	11	10	16795002	7.144982775232775e-07	5.467586309307971	153306.5	723948.5	1818625.75	False	0.5	0.2727272727272727	0	0	0	0	3	3	2	2	2	0	0	0	13	0	1.0	11.0			1	1	2.0	4	5	0	4	sample_residual	coords	1	0	Seismic_Amplification:noncanonical;BFB:noncanonicalB	Seismic_Amplification;BFB	5.554666042327881	0.9961455537853138	BFB	0.3107376842007742	-0.7966728210449219	-2.115877389907837	0.10756317380522559	-1.8062560558319092	0.14109122432808807	-3.2669951915740967	0.036720968143217604	-0.7966728210449219	0.3107376842007742	DOTC2:C1	1	max	DOTC2	logo	12	228	96	0.7900000214576721	min_delta	0.30000001192092896	0.20000000298023224	type_confidence	0.9800000190734863	0.10000000149011612	0.30000001192092896	0.6399999856948853	0.8399999886751175	0.20999999344348907	0.4099999964237213	0.23000000417232513	0.4300000071525574	0.11999999731779099	0.3200000002980232	BFB	objectness_type_threshold	False	BFB	0.3107376842007742	0.16964645987268612	BFB	BFB	BFB:canonical	BFB:canonical	True	False	True	False	False	True	partial_class	True	1
DOTC2:chr1:151000001-157274177:2	DOTC2:chr1:151000001-157274177:2	DOTC2	chr1	q	151000001	157274177	candidate_region_label	chromothripsis	region	candidate_region	4	6	6	candidate_region_with_context	152139659	155869543	sv_attention	0.7642	0.5945	mixed_HP	-0.0684	0.5455	18.0	26.0	1.5842	1.1506	C2	chromothripsis	chromothripsis:noncanonicalB	chromosome_arm	123459000	248950001	402	402	8	4	4	6274177	6.375338151920164e-07	2.7347456088663105	1150739.75	1602645.5	2020450.0	True	1.0	1.0	0	0	2	2	0	0	0	0	0	0	0	0	4	0					2	1	0.0	1	0	0	1	sample_residual	coords	1	0	chromothripsis:noncanonicalB	chromothripsis	5.863269329071045	0.9971661164691645	chromothripsis	0.4448955620046037	-0.22131671011447906	-4.19854736328125	0.014795190834704122	-3.3939497470855713	0.032485086030862	-0.22131671011447906	0.4448955620046037	-2.840567111968994	0.05517096840348794	DOTC2:C2	1	max	DOTC2	logo	12	228	96	0.7900000214576721	min_delta	0.30000001192092896	0.20000000298023224	type_confidence	0.9800000190734863	0.10000000149011612	0.30000001192092896	0.6399999856948853	0.8399999886751175	0.20999999344348907	0.4099999964237213	0.23000000417232513	0.4300000071525574	0.11999999731779099	0.3200000002980232	chromothripsis	objectness_type_threshold	False	chromothripsis	0.4448955620046037	0.3897245936011157	chromothripsis	chromothripsis	chromothripsis:noncanonical	chromothripsis:noncanonical	True	False	True	True	True	False	wrong_level	True	1
DOTC2:chr4:52000001-58379854:3	DOTC2:chr4:52000001-58379854:3	DOTC2	chr4	q	52000001	58379854	candidate_region_label	BFB	region	candidate_region	7	14	14	candidate_region_with_context	53228550	58379854	sv_attention	0.9514	0.8074	HP2	-0.2748	0.0331	29.0	85.0	2.0154	1.4655	C3	BFB	BFB:noncanonicalB	chromosome_arm	50494000	190200001	402	402	8	7	4	6379854	1.0972037918109097e-06	3.480859593338656	49274.5	1119358.0	1423146.5	False	0.7142857142857143	0.3333333333333333	0	0	0	2	3	1	1	0	0	0	0	0	7	0	2.0	2.0			2	1	1.0	3	0	0	3	sample_residual	coords	1	0	BFB:noncanonicalB	BFB	6.308303356170654	0.9981821900385632	chromothripsis	0.1675481525569051	-1.603104591369629	-3.308290719985962	0.035287861392139644	-3.486478090286255	0.029699428429070265	-1.603104591369629	0.1675481525569051	-1.8653745651245117	0.13407783164684897	DOTC2:C3	1	max	DOTC2	logo	12	228	96	0.7900000214576721	min_delta	0.30000001192092896	0.20000000298023224	type_confidence	0.9800000190734863	0.10000000149011612	0.30000001192092896	0.6399999856948853	0.8399999886751175	0.20999999344348907	0.4099999964237213	0.23000000417232513	0.4300000071525574	0.11999999731779099	0.3200000002980232	BFB	objectness_type_threshold	False	chromothripsis	0.1675481525569051	0.03347032091005614	BFB	BFB	BFB:noncanonicalB	BFB:noncanonicalB	True	True	True	True	False	False	exact	True	1
DOTC2:chr6:135706334-146381524:4		DOTC2	chr6	q	135706334	146381524	candidate_region_empty		empty_candidate_region	candidate_region	5	9	9	candidate_region_with_context	138755144	145190767	sv_attention	0.9062	0.6029	HP2	-0.5529	0.4039	9.0	30.0	1.2856	4.8626	C4			chromosome_arm	60589000	170800001	402	402	8	5	5	10675191	4.6837569463628333e-07	6.148239876925856	1386642.0	1938867.0	2723954.0	False	0.6	0.5	0	0	0	1	1	0	0	1	2	0	0	0	6	0					0	0	0.0	6	0	0	6	sample_residual	coords	0	1			-0.10832919925451279	0.47294415386135974	ecDNA	0.6472469163092756	0.6069595217704773	0.6069595217704773	0.6472469163092756	-0.6035523414611816	0.3535313951856694	-2.275501012802124	0.09317238323467743	-2.682465076446533	0.06401601520436057	DOTC2:C4	1	max	DOTC2	logo	12	228	96	0.7900000214576721	min_delta	0.30000001192092896	0.20000000298023224	type_confidence	0.9800000190734863	0.10000000149011612	0.30000001192092896	0.6399999856948853	0.8399999886751175	0.20999999344348907	0.4099999964237213	0.23000000417232513	0.4300000071525574	0.11999999731779099	0.3200000002980232	none	none_objectness	False	ecDNA	0.6472469163092756	0.29371552112360616		none		none	False	False	False	False	False	False	background	True	0
DOTC2:chr7:13518946-20269876:5	DOTC2:chr7:13518946-20269876:5	DOTC2	chr7	p	13518946	20269876	candidate_region_label	chromothripsis	region	candidate_region	4	7	7	candidate_region_with_context	14558761	20269876	sv_attention	0.9181	0.846	HP1	0.4971	0.3295	49.0	4.0	0.8382	1.2751	C5	chromothripsis	chromothripsis:canonical	chromosome_arm	0	59904000	402	402	8	4	4	6750931	5.925108699822291e-07	2.1132069043514146	1079416.25	1380815.0	1989131.5	True	0.75	0.6666666666666666	1	0	2	1	0	0	0	0	0	0	0	0	6	0					2	2	0.0	0	2	0	0	sample_residual	coords	1	0	chromothripsis:canonical	chromothripsis	5.79590368270874	0.9969692314759238	chromothripsis	0.48025871516691376	-0.07900620996952057	-4.904271125793457	0.0073602703353656705	-3.3439297676086426	0.034094505097008954	-0.07900620996952057	0.48025871516691376	-3.113786220550537	0.04254215527422525	DOTC2:C5	1	max	DOTC2	logo	12	228	96	0.7900000214576721	min_delta	0.30000001192092896	0.20000000298023224	type_confidence	0.9800000190734863	0.10000000149011612	0.30000001192092896	0.6399999856948853	0.8399999886751175	0.20999999344348907	0.4099999964237213	0.23000000417232513	0.4300000071525574	0.11999999731779099	0.3200000002980232	chromothripsis	objectness_type_threshold	False	chromothripsis	0.48025871516691376	0.43771655989268854	chromothripsis	chromothripsis	chromothripsis:canonical	chromothripsis:canonical	True	True	True	True	False	False	exact	True	1
DOTC2:chr11:46374227-50999999:6	DOTC2:chr11:46374227-50999999:6	DOTC2	chr11	p	46374227	50999999	candidate_region_label	BFB	region	candidate_region	3	11	11	candidate_region_with_context	46374231	49747804	sv_attention	0.9756	0.7293	mixed_HP	0.1212	0.2	37.0	7.0	0.0	2.0959	C6	BFB	BFB:noncanonicalB	chromosome_arm	0	53714000	402	402	8	3	3	4625773	6.485402547855245e-07	2.09590202545607	853837.5	1264054.0	2091076.5	True	1.0	1.0	0	0	2	1	0	0	0	0	0	0	0	0	3	0	2.0	2.0			0	0	1.0	2	0	0	2	sample_residual	coords	1	0	BFB:noncanonicalB	BFB	5.1753034591674805	0.9943772928582293	chromothripsis	0.2260425790283917	-1.2307934761047363	-4.494936943054199	0.011042095405453024	-2.599527359008789	0.06916884490884058	-1.2307934761047363	0.2260425790283917	-2.0858616828918457	0.11047860445575403	DOTC2:C6	1	max	DOTC2	logo	12	228	96	0.7900000214576721	min_delta	0.30000001192092896	0.20000000298023224	type_confidence	0.9800000190734863	0.10000000149011612	0.30000001192092896	0.6399999856948853	0.8399999886751175	0.20999999344348907	0.4099999964237213	0.23000000417232513	0.4300000071525574	0.11999999731779099	0.3200000002980232	none	none_type_threshold	False	chromothripsis	0.2260425790283917	0.11556397457263767		none		none	False	False	False	False	False	False	wrong	False	0
DOTC2:chr11:111434427-114924453:7	DOTC2:chr11:111434427-114924453:7	DOTC2	chr11	q	111434427	114924453	candidate_region_label	BFB	region	candidate_region	2	4	4	candidate_region_with_context	111434511	114843329	sv_attention	0.9502	0.9767	HP2	-0.8925	0.8566	5.0	57.0	0.0	3.0232	C7	BFB	BFB:noncanonical	chromosome_arm	53714000	135050001	402	402	8	2	1	3490027	5.730614691519579e-07	3.0232445193117417	913068.75	1745013.5	2576958.25	False	0.0	0.0	0	0	0	1	1	0	0	0	0	0	0	0	4	1	1.0	2.0	1.0	1.0	0	0	2.0	2	0	0	2	sample_residual	coords	1	0	BFB:noncanonical	BFB	4.64752721786499	0.9905057302400393	BFB	0.24080719768935172	-1.148259162902832	-3.12876033782959	0.04193638559093701	-3.3939294815063477	0.032485722980104326	-2.975804090499878	0.04853101138478234	-1.148259162902832	0.24080719768935172	DOTC2:C7	1	max	DOTC2	logo	12	228	96	0.7900000214576721	min_delta	0.30000001192092896	0.20000000298023224	type_confidence	0.9800000190734863	0.10000000149011612	0.30000001192092896	0.6399999856948853	0.8399999886751175	0.20999999344348907	0.4099999964237213	0.23000000417232513	0.4300000071525574	0.11999999731779099	0.3200000002980232	BFB	objectness_type_threshold	False	BFB	0.24080719768935172	0.19227618630456939	BFB	BFB	BFB:noncanonicalB	BFB:noncanonicalB	True	False	True	True	True	False	wrong_level	True	1
DOTC2:chr12:60924479-74275376:8	DOTC2:chr12:60924479-74275376:8	DOTC2	chr12	q	60924479	74275376	candidate_region_label	chromothripsis	region	candidate_region	5	11	11	candidate_region_with_context	62478238	74275376	sv_attention	0.9992	0.8836	mixed_HP	-0.0482	0.8889	47.0	43.0	1.234	1.9856	C8	chromothripsis	chromothripsis:noncanonicalB	chromosome_arm	35807000	133250001	402	402	8	5	5	13350898	3.745066436729575e-07	3.219650543356709	1553761.0	2685467.0	4241267.0	True	0.8	0.75	0	0	2	2	1	0	0	0	0	0	0	0	6	0					2	0	0.0	3	1	0	3	sample_residual	coords	1	0	chromothripsis:noncanonicalB	chromothripsis	4.801964282989502	0.9918533162170866	chromothripsis	0.449459737406875	-0.20285381376743317	-3.425265073776245	0.031515131186581335	-3.4627182483673096	0.03039182913879087	-0.20285381376743317	0.449459737406875	-2.9366343021392822	0.050372026867649404	DOTC2:C8	1	max	DOTC2	logo	12	228	96	0.7900000214576721	min_delta	0.30000001192092896	0.20000000298023224	type_confidence	0.9800000190734863	0.10000000149011612	0.30000001192092896	0.6399999856948853	0.8399999886751175	0.20999999344348907	0.4099999964237213	0.23000000417232513	0.4300000071525574	0.11999999731779099	0.3200000002980232	chromothripsis	objectness_type_threshold	False	chromothripsis	0.449459737406875	0.3990877105392256	chromothripsis	chromothripsis	chromothripsis:noncanonical	chromothripsis:noncanonical	True	False	True	True	True	False	wrong_level	True	1
DOTC2:chr17:59420854-63886034:9		DOTC2	chr17	q	59420854	63886034	candidate_region_empty		empty_candidate_region	candidate_region	5	10	10	candidate_region_with_context	59421340	63886034	sv_attention	0.908	0.9999	HP1	0.3099	0.0799	65.0	27.0	1.9717	1.6013	C9			chromosome_arm	25150000	83250001	402	402	8	5	5	4465181	1.119775435755012e-06	3.573002303825981	295866.0	498829.0	1653920.0	False	0.8	0.5	0	0	1	1	3	0	0	0	0	0	0	0	5	0					4	0	0.0	0	1	0	0	sample_residual	coords	0	1			-1.6628217697143555	0.15938357150223215	chromothripsis	0.6244495971260627	0.5084779262542725	-4.76235294342041	0.008473072237420987	-2.184375524520874	0.10116237291769364	0.5084779262542725	0.6244495971260627	-4.754406929016113	0.00854009032220332	DOTC2:C9	1	max	DOTC2	logo	12	228	96	0.7900000214576721	min_delta	0.30000001192092896	0.20000000298023224	type_confidence	0.9800000190734863	0.10000000149011612	0.30000001192092896	0.6399999856948853	0.8399999886751175	0.20999999344348907	0.4099999964237213	0.23000000417232513	0.4300000071525574	0.11999999731779099	0.3200000002980232	none	none_objectness	False	chromothripsis	0.6244495971260627	0.523287224208369		none		none	False	False	False	False	False	False	background	True	0
DOTC2:chr18:35372218-44136546:10	DOTC2:chr18:35372218-44136546:10	DOTC2	chr18	q	35372218	44136546	candidate_region_label	chromothripsis	region	candidate_region	5	11	11	candidate_region_with_context	40501427	43944393	sv_attention	0.9957	0.3928	HP1	0.425	0.2334	63.0	24.0	2.2183	1.0	C10	chromothripsis	chromothripsis:noncanonical	chromosome_arm	18540000	80350001	402	402	8	5	5	8764329	5.704943299139045e-07	3.2182529889053684	265817.0	2053953.0	2668329.0	False	0.8	0.5	0	0	1	3	1	0	0	0	0	0	0	0	6	0					2	1	0.0	2	1	0	2	sample_residual	coords	1	0	chromothripsis:noncanonical	chromothripsis	0.46671661734580994	0.6146063299223324	chromothripsis	0.63994764109673	0.5751368999481201	-3.1384522914886475	0.04154870907730024	-2.9870967864990234	0.04801221315468999	0.5751368999481201	0.63994764109673	-4.6341233253479	0.009621154013381341	DOTC2:C10	1	max	DOTC2	logo	12	228	96	0.7900000214576721	min_delta	0.30000001192092896	0.20000000298023224	type_confidence	0.9800000190734863	0.10000000149011612	0.30000001192092896	0.6399999856948853	0.8399999886751175	0.20999999344348907	0.4099999964237213	0.23000000417232513	0.4300000071525574	0.11999999731779099	0.3200000002980232	none	none_objectness	False	chromothripsis	0.63994764109673	0.59193542794204		none		none	False	False	False	False	False	False	wrong	False	0
DOTC2:chr20:20039636-24999999:11	DOTC2:chr20:20039636-24999999:11	DOTC2	chr20	p	20039636	24999999	candidate_region_label	chromothripsis	region	candidate_region	4	11	11	candidate_region_with_context	23821005	23862272	sv_attention	0.7733	0.0083	mixed_HP	0.0204	1.0	19.0	19.0	2.0	1.7693	C11	chromothripsis	chromothripsis:noncanonicalB	chromosome_arm	0	28120000	402	402	8	4	4	4960364	8.063924341036262e-07	3.769302212498921	790272.75	1327582.5	1777401.0	True	1.0	1.0	0	0	0	2	2	0	0	0	0	0	0	0	4	0					2	0	0.0	2	0	0	2	sample_residual	coords	1	0	chromothripsis:noncanonicalB	chromothripsis	2.931285858154297	0.9493715158752978	chromothripsis	0.432925727434299	-0.2699241042137146	-4.803592681884766	0.00813353633949452	-3.2238495349884033	0.03827802113089219	-0.2699241042137146	0.432925727434299	-3.216710329055786	0.03854170345619073	DOTC2:C11	1	max	DOTC2	logo	12	228	96	0.7900000214576721	min_delta	0.30000001192092896	0.20000000298023224	type_confidence	0.9800000190734863	0.10000000149011612	0.30000001192092896	0.6399999856948853	0.8399999886751175	0.20999999344348907	0.4099999964237213	0.23000000417232513	0.4300000071525574	0.11999999731779099	0.3200000002980232	chromothripsis	objectness_type_threshold	False	chromothripsis	0.432925727434299	0.3943840239781083	chromothripsis	chromothripsis	chromothripsis:noncanonical	chromothripsis:noncanonical	True	False	True	True	True	False	wrong_level	True	1
DOTC2:chrX:146763144-156040895:12		DOTC2	chrX	q	146763144	156040895	candidate_region_empty		empty_candidate_region	candidate_region	5	7	7	candidate_region_with_context	148902125	150806278	sv_attention	0.9179	0.2052	mixed_HP	0.2297	0.3	12.0	6.0	1.7684	1.6912	C12			chromosome_arm	61090000	156000001	402	402	8	5	4	9277752	5.389236530573354e-07	3.4531595584792525	437530.0	1903833.0	2138983.0	False	0.6	0.25	0	0	1	2	1	1	0	0	0	0	0	0	5	0					1	0	0.0	3	1	0	3	sample_residual	coords	0	1			-0.062480248510837555	0.4843850173317935	chromothripsis	0.3885345608580168	-0.45347630977630615	-2.1751914024353027	0.10200053607440689	-2.610938787460327	0.06843772800955225	-0.45347630977630615	0.3885345608580168	-3.763596296310425	0.022674112594535566	DOTC2:C12	1	max	DOTC2	logo	12	228	96	0.7900000214576721	min_delta	0.30000001192092896	0.20000000298023224	type_confidence	0.9800000190734863	0.10000000149011612	0.30000001192092896	0.6399999856948853	0.8399999886751175	0.20999999344348907	0.4099999964237213	0.23000000417232513	0.4300000071525574	0.11999999731779099	0.3200000002980232	none	none_objectness	False	chromothripsis	0.3885345608580168	0.2865340247836099		none		none	False	False	False	False	False	False	background	True	0
H2009:chr1:45850148-56986953:1	H2009:chr1:45850148-56986953:1	H2009	chr1	p	45850148	56986953	candidate_region_label	chromothripsis	region	candidate_region	10	16	16	candidate_region_with_context	46818761	56986953	sv_attention	0.9947	0.913	HP1	0.683	0.5773	569.0	102.0	2.8436	0.5888	C1	chromothripsis	chromothripsis:noncanonical	chromosome_arm	0	123459000	402	402	8	10	9	11136806	8.979235159524194e-07	3.432415990724809	470443.5	724068.0	1449355.5	True	0.8	0.5555555555555556	0	0	1	4	4	1	0	0	0	0	0	0	11	0					4	4	0.0	0	1	2	0	sample_residual	coords	1	0	chromothripsis:noncanonical	chromothripsis	4.431252479553223	0.9882403583939032	chromothripsis	0.5816574006060719	0.3295809030532837	-3.7364661693573	0.02328316596262991	-3.0403084754943848	0.04563773327241188	0.3295809030532837	0.5816574006060719	-2.6065168380737305	0.0687201835574096	H2009:C1	2	max	H2009	logo	13	231	98	0.7900000214576721	min_delta	0.30000001192092896	0.20000000298023224	type_confidence	0.9800000190734863	0.10000000149011612	0.30000001192092896	0.6399999856948853	0.8399999886751175	0.20999999344348907	0.4099999964237213	0.23000000417232513	0.4300000071525574	0.11999999731779099	0.3200000002980232	chromothripsis	objectness_type_threshold	False	chromothripsis	0.5816574006060719	0.5129372170486622	chromothripsis	chromothripsis	chromothripsis:canonical	chromothripsis:canonical	True	False	True	True	True	False	wrong_level	True	1
H2009:chr1:151000001-156374139:2	H2009:chr1:151000001-156374139:2	H2009	chr1	q	151000001	156374139	candidate_region_label	chromothripsis	region	candidate_region	5	6	6	candidate_region_with_context	153837663	156374139	sv_attention	0.9842	0.472	HP1	0.4678	0.2904	240.0	46.0	2.1966	2.0	C1	chromothripsis	chromothripsis:noncanonical	chromosome_arm	123459000	248950001	402	402	8	5	5	5374139	9.303815922885508e-07	4.1965682316739485	559282.0	678165.0	1598973.0	True	1.0	1.0	0	0	0	0	3	2	0	0	0	0	0	0	5	0					2	0	0.0	0	3	0	0	sample_residual	coords	1	0	chromothripsis:noncanonical	chromothripsis	4.431252479553223	0.9882403583939032	chromothripsis	0.5816574006060719	0.3295809030532837	-3.7364661693573	0.02328316596262991	-3.0403084754943848	0.04563773327241188	0.3295809030532837	0.5816574006060719	-2.6065168380737305	0.0687201835574096	H2009:C1	2	max	H2009	logo	13	231	98	0.7900000214576721	min_delta	0.30000001192092896	0.20000000298023224	type_confidence	0.9800000190734863	0.10000000149011612	0.30000001192092896	0.6399999856948853	0.8399999886751175	0.20999999344348907	0.4099999964237213	0.23000000417232513	0.4300000071525574	0.11999999731779099	0.3200000002980232	chromothripsis	objectness_type_threshold	False	chromothripsis	0.5816574006060719	0.5129372170486622	chromothripsis	chromothripsis	chromothripsis:canonical	chromothripsis:canonical	True	False	True	True	True	False	wrong_level	True	1
H2009:chr1:173590064-196663842:3	H2009:chr1:173590064-196663842:3	H2009	chr1	q	173590064	196663842	candidate_region_label	chromothripsis	region	candidate_region	20	53	53	candidate_region_with_context	175000038	196663842	sv_attention	0.9665	0.9389	HP2	-0.3368	0.1158	445.0	1237.0	2.0268	2.3259	C2	chromothripsis	chromothripsis:noncanonical	chromosome_arm	123459000	248950001	402	402	8	19	20	23073779	8.66784760311694e-07	4.352673538853471	376901.75	508249.0	1190259.5	True	0.9	0.7894736842105263	0	0	0	1	9	9	1	0	0	0	0	0	21	0					3	3	0.0	7	8	0	7	sample_residual	coords	1	0	chromothripsis:noncanonical	chromothripsis	3.561779260635376	0.9723953778352782	chromothripsis	0.544126478098679	0.17696630954742432	-2.653564214706421	0.06576967057145287	-3.4629290103912354	0.030385618983189415	0.17696630954742432	0.544126478098679	-2.546947717666626	0.07263180820624494	H2009:C2	2	max	H2009	logo	13	231	98	0.7900000214576721	min_delta	0.30000001192092896	0.20000000298023224	type_confidence	0.9800000190734863	0.10000000149011612	0.30000001192092896	0.6399999856948853	0.8399999886751175	0.20999999344348907	0.4099999964237213	0.23000000417232513	0.4300000071525574	0.11999999731779099	0.3200000002980232	chromothripsis	objectness_type_threshold	False	chromothripsis	0.544126478098679	0.47149466989243405	chromothripsis	chromothripsis	chromothripsis:canonical	chromothripsis:canonical	True	False	True	True	True	False	wrong_level	True	1
H2009:chr3:56114072-61312739:4	H2009:chr3:56114072-61312739:4	H2009	chr3	p	56114072	61312739	candidate_region_label	chromothripsis	region	candidate_region	5	3	3	candidate_region_with_context	60039017	60439741	sv_attention	0.3	0.0771	HP1	1.0	1.0	188.0	0.0	2.0946	0.0	C3	chromothripsis	chromothripsis:noncanonicalB	chromosome_arm	0	90951000	402	402	8	5	5	5198668	9.617848264209217e-07	2.094613658729505	107489.0	176841.0	1066186.0	True	0.8	0.75	0	0	2	2	1	0	0	0	0	0	0	0	6	0					0	6	0.0	0	0	0	0	sample_residual	coords	1	0	chromothripsis:noncanonicalB	chromothripsis	4.198843002319336	0.9852091178684901	chromothripsis	0.5015527537466925	0.006211034953594208	-4.624716758728027	0.009711200004132258	-2.551602602005005	0.07231889488045046	0.006211034953594208	0.5015527537466925	-3.1746881008148193	0.04012944430215009	H2009:C3	1	max	H2009	logo	13	231	98	0.7900000214576721	min_delta	0.30000001192092896	0.20000000298023224	type_confidence	0.9800000190734863	0.10000000149011612	0.30000001192092896	0.6399999856948853	0.8399999886751175	0.20999999344348907	0.4099999964237213	0.23000000417232513	0.4300000071525574	0.11999999731779099	0.3200000002980232	chromothripsis	objectness_type_threshold	False	chromothripsis	0.5015527537466925	0.42923385886624205	chromothripsis	chromothripsis	chromothripsis:canonical	chromothripsis:canonical	True	False	True	True	True	False	wrong_level	True	1
H2009:chr12:101496434-105293022:5	H2009:chr12:101496434-105293022:5	H2009	chr12	q	101496434	105293022	candidate_region_label	BFB	region	candidate_region	2	6	6	candidate_region_with_context	104713178	104731698	sv_attention	0.8663	0.0049	HP2	-0.7885	0.7181	0.0	218.0	1.0	2.1527	C4	BFB	BFB:noncanonical	chromosome_arm	35807000	133250001	402	402	8	2	2	3796589	5.26788651602794e-07	3.1527273560556592	1239068.75	1898294.5	2557520.25	False	0.0	0.0	0	0	0	1	1	0	0	0	0	0	0	0	3	1	3.0	3.0	3.0	3.0	0	0	1.0	0	1	1	0	sample_residual	coords	1	0	BFB:noncanonical	BFB	4.9213056564331055	0.9927631469058199	BFB	0.3395861754213981	-0.6651389002799988	-3.7177302837371826	0.02371306704132008	-2.256178617477417	0.09481784090339555	-3.063734531402588	0.0446282045396139	-0.6651389002799988	0.3395861754213981	H2009:C4	1	max	H2009	logo	13	231	98	0.7900000214576721	min_delta	0.30000001192092896	0.20000000298023224	type_confidence	0.9800000190734863	0.10000000149011612	0.30000001192092896	0.6399999856948853	0.8399999886751175	0.20999999344348907	0.4099999964237213	0.23000000417232513	0.4300000071525574	0.11999999731779099	0.3200000002980232	BFB	objectness_type_threshold	False	BFB	0.3395861754213981	0.2447683345180025	BFB	BFB	BFB:canonical	BFB:canonical	True	False	True	True	True	False	wrong_level	True	1
H2009:chr13:48402084-58685643:6		H2009	chr13	q	48402084	58685643	candidate_region_empty		empty_candidate_region	candidate_region	8	13	13	candidate_region_with_context	48417591	58685643	sv_attention	0.9964	0.9985	mixed_HP	-0.0838	0.3557	1142.0	674.0	0.1989	1.5066	C5			chromosome_arm	17900000	114350001	402	402	8	8	7	10283560	7.779407131382517e-07	1.7055387606864705	302398.25	585673.0	1943798.75	False	0.625	0.2857142857142857	1	3	0	2	2	0	0	0	0	0	0	0	9	0					2	0	0.0	0	2	5	0	sample_residual	coords	0	1			-1.331365704536438	0.20893355139851805	chromothripsis	0.26978487372364035	-0.9957143068313599	-2.4855289459228516	0.07687890184707816	-2.047532081604004	0.11430198832206284	-0.9957143068313599	0.26978487372364035	-3.1607747077941895	0.040668817693644214	H2009:C5	1	max	H2009	logo	13	231	98	0.7900000214576721	min_delta	0.30000001192092896	0.20000000298023224	type_confidence	0.9800000190734863	0.10000000149011612	0.30000001192092896	0.6399999856948853	0.8399999886751175	0.20999999344348907	0.4099999964237213	0.23000000417232513	0.4300000071525574	0.11999999731779099	0.3200000002980232	none	none_objectness	False	chromothripsis	0.26978487372364035	0.1554828854015775		none		none	False	False	False	False	False	False	background	True	0
H2009:chr13:93806668-107681239:7	H2009:chr13:93806668-107681239:7	H2009	chr13	q	93806668	107681239	candidate_region_label	chromothripsis	region	candidate_region	11	20	20	candidate_region_with_context	95298503	107681239	sv_attention	0.8811	0.8925	HP1	0.7306	0.6408	847.0	91.0	3.7592	1.0	C2	chromothripsis	chromothripsis:noncanonical	chromosome_arm	17900000	114350001	402	402	8	11	11	13874572	7.928172487050412e-07	4.759189616804036	365235.0	646317.0	1628778.0	True	0.7272727272727273	0.6	0	1	0	0	2	5	3	0	0	0	0	0	12	0					4	0	0.0	5	2	1	5	sample_residual	coords	1	0	chromothripsis:noncanonical	chromothripsis	3.561779260635376	0.9723953778352782	chromothripsis	0.544126478098679	0.17696630954742432	-2.653564214706421	0.06576967057145287	-3.4629290103912354	0.030385618983189415	0.17696630954742432	0.544126478098679	-2.546947717666626	0.07263180820624494	H2009:C2	2	max	H2009	logo	13	231	98	0.7900000214576721	min_delta	0.30000001192092896	0.20000000298023224	type_confidence	0.9800000190734863	0.10000000149011612	0.30000001192092896	0.6399999856948853	0.8399999886751175	0.20999999344348907	0.4099999964237213	0.23000000417232513	0.4300000071525574	0.11999999731779099	0.3200000002980232	chromothripsis	objectness_type_threshold	False	chromothripsis	0.544126478098679	0.47149466989243405	chromothripsis	chromothripsis	chromothripsis:canonical	chromothripsis:canonical	True	False	True	True	True	False	wrong_level	True	1
HCC1937:chr3:185299317-198295559:1		HCC1937	chr3	q	185299317	198295559	candidate_region_empty		empty_candidate_region	candidate_region	6	4	4	candidate_region_with_context	188195205	189563317	sv_attention	0.8012	0.1053	mixed_HP	0.0614	0.912	240.0	228.0	6.1886	4.7359	C1			chromosome_arm	90951000	198250001	402	402	8	6	5	12996243	4.616718847131437e-07	10.893251089064572	476385.75	1789974.0	3841110.75	False	0.6666666666666666	0.4	0	0	1	0	0	0	1	0	0	4	0	0	5	0					2	2	0.0	1	0	0	1	sample_residual	coords	0	1			2.756065845489502	0.9402550132417108	Seismic_Amplification	0.30404619021130747	-0.8281036615371704	-2.6282365322113037	0.06734312605315872	-0.8281036615371704	0.30404619021130747	-2.47759747505188	0.07744367914188474	-2.184927463531494	0.10111219695201416	HCC1937:C1	1	max	HCC1937	logo	14	231	98	0.7900000214576721	min_delta	0.30000001192092896	0.20000000298023224	type_confidence	0.9800000190734863	0.10000000149011612	0.30000001192092896	0.6399999856948853	0.8399999886751175	0.20999999344348907	0.4099999964237213	0.23000000417232513	0.4300000071525574	0.11999999731779099	0.3200000002980232	Seismic_Amplification	objectness_type_threshold	False	Seismic_Amplification	0.30404619021130747	0.2029339932592933	Seismic_Amplification	Seismic_Amplification	Seismic_Amplification:noncanonical	Seismic_Amplification:noncanonical	True	False	False	False	False	False	background	False	1
HCC1937:chr4:128186850-130366021:2	HCC1937:chr4:128186850-130366021:2	HCC1937	chr4	q	128186850	130366021	candidate_region_label	BFB	region	candidate_region	2	4	4	candidate_region_with_context	128232717	128236541	sv_attention	0.6304	0.0018	HP2	-1.0	1.0	0.0	109.0	0.0	3.0421	C2	BFB	BFB:noncanonicalB	chromosome_arm	50494000	190200001	402	402	8	2	1	2179172	9.1777978057721e-07	3.042098978787376	567728.25	1089586.5	1611444.75	False	0.0	0.0	0	0	0	1	0	1	0	0	0	0	0	0	3	1	2.0	2.0	2.0	2.0	0	0	1.0	1	1	0	1	sample_residual	coords	1	0	BFB:noncanonicalB	BFB	5.573660373687744	0.9962178011914881	BFB	0.3886122841481833	-0.4531491696834564	-2.9245102405548096	0.0509551491857415	-2.4763588905334473	0.07753221757143089	-3.599046230316162	0.026621697438633747	-0.4531491696834564	0.3886122841481833	HCC1937:C2	1	max	HCC1937	logo	14	231	98	0.7900000214576721	min_delta	0.30000001192092896	0.20000000298023224	type_confidence	0.9800000190734863	0.10000000149011612	0.30000001192092896	0.6399999856948853	0.8399999886751175	0.20999999344348907	0.4099999964237213	0.23000000417232513	0.4300000071525574	0.11999999731779099	0.3200000002980232	BFB	objectness_type_threshold	False	BFB	0.3886122841481833	0.31108006657675236	BFB	BFB	BFB:canonical	BFB:canonical	True	False	True	True	True	False	wrong_level	True	1
HCC1937:chr5:52000001-54211375:3	HCC1937:chr5:52000001-54211375:3	HCC1937	chr5	q	52000001	54211375	candidate_region_label	Seismic_Amplification;BFB	region	candidate_region	2	3	3	candidate_region_with_context	53632208	54211375	sv_attention	0.861	0.2619	mixed_HP	0.7053	0.6667	301.0	0.0	5.0476	4.0	C3	Seismic_Amplification;BFB	Seismic_Amplification:noncanonical;BFB:noncanonical	chromosome_arm	48464000	181500001	402	402	8	2	2	2211375	9.044146741280876e-07	9.047612458312136	842426.75	1105687.5	1368948.25	False	0.0	0.0	0	0	0	0	0	0	0	0	1	1	0	0	2	1	2.0	2.0	2.0	2.0	0	0	1.0	1	0	0	1	sample_residual	coords	1	0	Seismic_Amplification:noncanonical;BFB:noncanonical	Seismic_Amplification;BFB	6.299174785614014	0.9981655506415291	BFB	0.23229960128391647	-1.1953716278076172	-2.699909210205078	0.06297871356768099	-1.5100451707839966	0.18093209894085982	-4.310520172119141	0.01324867941588788	-1.1953716278076172	0.23229960128391647	HCC1937:C3	1	max	HCC1937	logo	14	231	98	0.7900000214576721	min_delta	0.30000001192092896	0.20000000298023224	type_confidence	0.9800000190734863	0.10000000149011612	0.30000001192092896	0.6399999856948853	0.8399999886751175	0.20999999344348907	0.4099999964237213	0.23000000417232513	0.4300000071525574	0.11999999731779099	0.3200000002980232	BFB	objectness_type_threshold	False	BFB	0.23229960128391647	0.05136750234305665	BFB	BFB	BFB:noncanonicalB	BFB:noncanonicalB	True	False	True	False	False	True	partial_class	True	1
HCC1937:chr6:18875101-23707534:4	HCC1937:chr6:18875101-23707534:4	HCC1937	chr6	p	18875101	23707534	candidate_region_label	Seismic_Amplification	region	candidate_region	9	68	68	candidate_region_with_context	21314688	23707534	sv_attention	1.0	0.4952	HP2	-0.6772	0.5697	17.0	395.0	2.0955	3.1222	C4	Seismic_Amplification	Seismic_Amplification:noncanonical	chromosome_arm	0	60589000	402	402	8	9	8	4832434	1.8624155032432928e-06	5.217706232511401	115264.0	346208.0	768656.0	False	0.5555555555555556	0.125	0	0	0	0	2	2	3	0	2	0	0	0	10	0					0	4	0.0	1	5	0	1	sample_residual	coords	1	0	Seismic_Amplification:noncanonical	Seismic_Amplification	-0.0794558897614479	0.4801464714656957	Seismic_Amplification	0.41026931512421133	-0.36285215616226196	-2.5567281246185303	0.07197578223291853	-0.36285215616226196	0.41026931512421133	-1.31880521774292	0.21101714279063852	-3.083444356918335	0.04379534811125826	HCC1937:C4	1	max	HCC1937	logo	14	231	98	0.7900000214576721	min_delta	0.30000001192092896	0.20000000298023224	type_confidence	0.9800000190734863	0.10000000149011612	0.30000001192092896	0.6399999856948853	0.8399999886751175	0.20999999344348907	0.4099999964237213	0.23000000417232513	0.4300000071525574	0.11999999731779099	0.3200000002980232	none	none_objectness	False	Seismic_Amplification	0.41026931512421133	0.1992521723335728		none		none	False	False	False	False	False	False	wrong	False	0
HCC1937:chr8:136730189-145138636:5	HCC1937:chr8:136730189-145138636:5	HCC1937	chr8	q	136730189	145138636	candidate_region_label	Seismic_Amplification	region	candidate_region	8	7	7	candidate_region_with_context	140269025	145072537	sv_attention	0.9893	0.5713	mixed_HP	0.1797	0.2144	164.0	169.0	9.6274	2.6432	C5	Seismic_Amplification	Seismic_Amplification:noncanonical	chromosome_arm	45644000	145100001	402	402	8	8	4	8408448	9.514240915802772e-07	12.223409718416526	65583.25	273024.5	1983771.75	False	0.5	0.4285714285714285	0	0	1	0	0	0	0	0	1	6	0	0	7	0					2	2	0.0	3	0	0	3	sample_residual	coords	1	0	Seismic_Amplification:noncanonical	Seismic_Amplification	4.453187465667725	0.9884925615054332	Seismic_Amplification	0.6171789286217587	0.47759127616882324	-1.3546717166900635	0.20510765272751874	0.47759127616882324	0.6171789286217587	-3.534205198287964	0.028354502203451013	-1.949090600013733	0.12465255285877207	HCC1937:C5	1	max	HCC1937	logo	14	231	98	0.7900000214576721	min_delta	0.30000001192092896	0.20000000298023224	type_confidence	0.9800000190734863	0.10000000149011612	0.30000001192092896	0.6399999856948853	0.8399999886751175	0.20999999344348907	0.4099999964237213	0.23000000417232513	0.4300000071525574	0.11999999731779099	0.3200000002980232	Seismic_Amplification	objectness_type_threshold	False	Seismic_Amplification	0.6171789286217587	0.41207127589424	Seismic_Amplification	Seismic_Amplification	Seismic_Amplification:canonical	Seismic_Amplification:canonical	True	False	True	True	True	False	wrong_level	True	1
HCC1937:chr12:38000001-46021190:6	HCC1937:chr12:38000001-46021190:6	HCC1937	chr12	q	38000001	46021190	candidate_region_label	BFB	region	candidate_region	3	3	3	candidate_region_with_context	41137069	46021190	sv_attention	0.8612	0.6089	mixed_HP	-0.0167	0.4697	20.0	13.0	1.0696	3.0	C6	BFB	BFB:noncanonicalB	chromosome_arm	35807000	133250001	402	402	8	3	3	8021190	3.74009342753382e-07	4.069613610948002	1847727.0	3137070.0	3731403.0	True	1.0	1.0	0	0	0	0	2	1	0	0	0	0	0	0	4	0	4.0	4.0			0	2	1.0	1	0	0	1	sample_residual	coords	1	0	BFB:noncanonicalB	BFB	5.161503314971924	0.9942996061955612	chromothripsis	0.21709935206340775	-1.2826507091522217	-4.1353678703308105	0.015744911433375742	-3.6053004264831543	0.026460111479995448	-1.2826507091522217	0.21709935206340775	-1.9106132984161377	0.12891196693996107	HCC1937:C6	1	max	HCC1937	logo	14	231	98	0.7900000214576721	min_delta	0.30000001192092896	0.20000000298023224	type_confidence	0.9800000190734863	0.10000000149011612	0.30000001192092896	0.6399999856948853	0.8399999886751175	0.20999999344348907	0.4099999964237213	0.23000000417232513	0.4300000071525574	0.11999999731779099	0.3200000002980232	BFB	objectness_type_threshold	False	chromothripsis	0.21709935206340775	0.08818738512344668	BFB	BFB	BFB:noncanonicalB	BFB:noncanonicalB	True	True	True	True	False	False	exact	True	1
HCC1937:chr16:46000001-48375678:7	HCC1937:chr16:46000001-48375678:7	HCC1937	chr16	q	46000001	48375678	candidate_region_label	Seismic_Amplification	region	candidate_region	5	3	3	candidate_region_with_context	47156375	48375678	sv_attention	0.3304	0.5132	mixed_HP	0.0913	0.3596	49.0	28.0	3.0789	5.3732	C7	Seismic_Amplification	Seismic_Amplification:canonical	chromosome_arm	36800000	90300001	402	402	8	5	4	2375678	2.104662332184749e-06	8.452052885910561	143653.0	433076.0	571606.0	False	0.6	0.0	0	0	0	0	0	0	0	1	3	1	0	0	5	0					3	2	0.0	0	0	0	0	sample_residual	coords	1	0	Seismic_Amplification:canonical	Seismic_Amplification	0.9400821328163147	0.7191162475639967	Seismic_Amplification	0.4920892797839227	-0.0316455215215683	-3.156996488571167	0.040816480492748226	-0.0316455215215683	0.4920892797839227	-2.3716630935668945	0.08535920713971072	-3.2065436840057373	0.038920213614372375	HCC1937:C7	1	max	HCC1937	logo	14	231	98	0.7900000214576721	min_delta	0.30000001192092896	0.20000000298023224	type_confidence	0.9800000190734863	0.10000000149011612	0.30000001192092896	0.6399999856948853	0.8399999886751175	0.20999999344348907	0.4099999964237213	0.23000000417232513	0.4300000071525574	0.11999999731779099	0.3200000002980232	none	none_objectness	False	Seismic_Amplification	0.4920892797839227	0.40673007264421196		none		none	False	False	False	False	False	False	wrong	False	0
HCC1954:chr1:151000001-157603647:1	HCC1954:chr1:151000001-157603647:1	HCC1954	chr1	q	151000001	157603647	candidate_region_label	Seismic_Amplification;BFB	region	candidate_region	5	9	9	candidate_region_with_context	151753364	157603647	sv_attention	0.9695	0.8859	HP1	0.5357	0.3809	135.0	0.0	2.1789	5.0	C1	Seismic_Amplification;BFB	Seismic_Amplification:canonical;BFB:noncanonical	chromosome_arm	123459000	248950001	402	402	8	5	3	6603647	7.571573707680014e-07	7.178905837940762	79399.0	614263.0	1018800.0	True	0.8	0.75	0	0	0	0	0	0	0	2	3	0	0	0	5	1	5.0	5.0	5.0	5.0	0	2	1.0	0	1	1	0	sample_residual	coords	1	0	Seismic_Amplification:canonical;BFB:noncanonical	Seismic_Amplification;BFB	5.982239723205566	0.9974831815982456	Seismic_Amplification	0.23687039893840514	-1.169914722442627	-2.8540732860565186	0.054471145406913946	-1.169914722442627	0.23687039893840514	-2.8694851398468018	0.05368280138683652	-1.18821120262146	0.23357901339821657	HCC1954:C1	1	max	HCC1954	logo	15	210	96	0.7900000214576721	min_delta	0.30000001192092896	0.20000000298023224	type_confidence	0.9800000190734863	0.10000000149011612	0.30000001192092896	0.6399999856948853	0.8399999886751175	0.20999999344348907	0.4099999964237213	0.23000000417232513	0.4300000071525574	0.11999999731779099	0.3200000002980232	Seismic_Amplification	objectness_type_threshold	False	Seismic_Amplification	0.23687039893840514	0.0032913855401885683	Seismic_Amplification	Seismic_Amplification	Seismic_Amplification:noncanonical	Seismic_Amplification:noncanonical	True	False	True	False	False	True	partial_class	True	1
HCC1954:chr2:96000001-100873753:2		HCC1954	chr2	q	96000001	100873753	candidate_region_empty		empty_candidate_region	candidate_region	5	6	6	candidate_region_with_context	97223028	98621162	sv_attention	0.4318	0.2869	HP1	0.2602	0.0136	87.0	30.0	2.031	3.0069	C2			chromosome_arm	93989000	242150001	402	402	8	5	5	4873753	1.0259034464815922e-06	5.037902002830262	253368.0	286910.0	2080884.0	False	0.8	0.5	0	0	0	0	1	2	2	0	0	0	0	0	5	0					0	2	0.0	3	0	0	3	sample_residual	coords	0	1			-1.308179497718811	0.21279163948072166	chromothripsis	0.17256254286762754	-1.5675737857818604	-2.678359270095825	0.06426246758535085	-2.451906442642212	0.07929924645226473	-1.5675737857818604	0.17256254286762754	-3.1179733276367188	0.04237193098781198	HCC1954:C2	1	max	HCC1954	logo	15	210	96	0.7900000214576721	min_delta	0.30000001192092896	0.20000000298023224	type_confidence	0.9800000190734863	0.10000000149011612	0.30000001192092896	0.6399999856948853	0.8399999886751175	0.20999999344348907	0.4099999964237213	0.23000000417232513	0.4300000071525574	0.11999999731779099	0.3200000002980232	none	none_objectness	False	chromothripsis	0.17256254286762754	0.09326329641536281		none		none	False	False	False	False	False	False	background	True	0
HCC1954:chr2:147926458-151799362:3	HCC1954:chr2:147926458-151799362:3	HCC1954	chr2	q	147926458	151799362	candidate_region_label	BFB	region	candidate_region	1	3	3	candidate_region_with_context	147929243	147963148	sv_attention	0.488	0.0088	mixed_HP	0.3344	0.3302	15.0	5.0	3.0095	2.9905	C3	BFB	BFB:noncanonicalB	chromosome_arm	93989000	242150001	402	402	8	1	1	3872905	2.582041129333149e-07	6.0	3872905.0	3872905.0	3872905.0	False	0.0	0.0	0	0	0	0	0	0	1	0	0	0	0	0	2	0	1.0	1.0			0	0	1.0	1	0	0	1	sample_residual	coords	1	0	BFB:noncanonicalB	BFB	4.336999893188477	0.987093069220027	BFB	0.3385873187313044	-0.6695959568023682	-2.826166868209839	0.05592643803658659	-2.9761524200439453	0.04851492953522424	-3.3182802200317383	0.03494936674478117	-0.6695959568023682	0.3385873187313044	HCC1954:C3	1	max	HCC1954	logo	15	210	96	0.7900000214576721	min_delta	0.30000001192092896	0.20000000298023224	type_confidence	0.9800000190734863	0.10000000149011612	0.30000001192092896	0.6399999856948853	0.8399999886751175	0.20999999344348907	0.4099999964237213	0.23000000417232513	0.4300000071525574	0.11999999731779099	0.3200000002980232	BFB	objectness_type_threshold	False	BFB	0.3385873187313044	0.2826608806947178	BFB	BFB	BFB:canonical	BFB:canonical	True	False	True	True	True	False	wrong_level	True	1
HCC1954:chr2:198255428-205692703:4	HCC1954:chr2:198255428-205692703:4	HCC1954	chr2	q	198255428	205692703	candidate_region_label	chromothripsis;BFB	region	candidate_region	5	7	7	candidate_region_with_context	204631843	205692702	sv_attention	0.9187	0.1426	HP2	-0.5438	0.3917	0.0	80.0	2.0	0.9227	C4	chromothripsis;BFB	chromothripsis:noncanonicalB;BFB:noncanonicalB	chromosome_arm	93989000	242150001	402	402	8	5	5	7437276	6.722891553305269e-07	2.922704640421488	654238.0	822484.0	2334699.0	True	0.8	0.75	0	0	2	2	1	0	0	0	0	0	0	0	6	0	5.0	5.0			2	0	1.0	2	0	1	2	sample_residual	coords	1	0	chromothripsis:noncanonicalB;BFB:noncanonicalB	chromothripsis;BFB	4.952634334564209	0.992984787470054	chromothripsis	0.26073616330549193	-1.042145848274231	-4.056916236877441	0.017008015436158153	-2.7326416969299316	0.06107450051341118	-1.042145848274231	0.26073616330549193	-1.771475076675415	0.1453589846516928	HCC1954:C4	1	max	HCC1954	logo	15	210	96	0.7900000214576721	min_delta	0.30000001192092896	0.20000000298023224	type_confidence	0.9800000190734863	0.10000000149011612	0.30000001192092896	0.6399999856948853	0.8399999886751175	0.20999999344348907	0.4099999964237213	0.23000000417232513	0.4300000071525574	0.11999999731779099	0.3200000002980232	chromothripsis	objectness_type_threshold	False	chromothripsis	0.26073616330549193	0.11537717865379912	chromothripsis	chromothripsis	chromothripsis:noncanonicalB	chromothripsis:noncanonicalB	True	False	True	False	False	True	partial_class	True	1
HCC1954:chr4:0-4799073:5		HCC1954	chr4	p	0	4799073	candidate_region_empty		empty_candidate_region	candidate_region	6	8	8	candidate_region_with_context	1324114	1848952	sv_attention	0.9945	0.1094	mixed_HP	0.2872	0.543	55.0	38.0	2.9681	1.0	C5			chromosome_arm	0	50494000	402	402	8	6	5	4799074	1.25024119236336e-06	3.968093011276759	214636.25	764857.5	1342011.25	True	0.8333333333333334	0.6	0	0	0	2	3	1	0	0	0	0	0	0	7	0					4	3	0.0	0	0	0	0	sample_residual	coords	0	1			3.2396693229675293	0.9623001148240947	chromothripsis	0.5104157922912964	0.041669197380542755	-4.43168306350708	0.011754638690048568	-3.680588722229004	0.024588304701046712	0.041669197380542755	0.5104157922912964	-2.6939210891723633	0.06333301305311059	HCC1954:C5	1	max	HCC1954	logo	15	210	96	0.7900000214576721	min_delta	0.30000001192092896	0.20000000298023224	type_confidence	0.9800000190734863	0.10000000149011612	0.30000001192092896	0.6399999856948853	0.8399999886751175	0.20999999344348907	0.4099999964237213	0.23000000417232513	0.4300000071525574	0.11999999731779099	0.3200000002980232	chromothripsis	objectness_type_threshold	False	chromothripsis	0.5104157922912964	0.44708277923818585	chromothripsis	chromothripsis	chromothripsis:canonical	chromothripsis:canonical	True	False	False	False	False	False	background	False	1
HCC1954:chr4:38478872-47999999:6	HCC1954:chr4:38478872-47999999:6	HCC1954	chr4	p	38478872	47999999	candidate_region_label	BFB	region	candidate_region	8	10	10	candidate_region_with_context	41750885	47999999	sv_attention	0.9818	0.6563	HP2	-0.6394	0.5192	10.0	127.0	1.9911	3.0511	C6	BFB	BFB:noncanonicalB	chromosome_arm	0	50494000	402	402	8	8	7	9521128	8.402365770106231e-07	5.042274288871174	193650.75	679488.0	1932207.5	False	0.5	0.1428571428571428	1	0	0	0	1	3	1	1	1	0	0	0	8	0	7.0	7.0			0	2	1.0	3	2	0	3	sample_residual	coords	1	0	BFB:noncanonicalB	BFB	5.399078369140625	0.9954995996826237	BFB	0.219961770856616	-1.2658891677856445	-4.228460311889648	0.0143654403291173	-1.5902968645095825	0.16934213427706593	-2.7437236309051514	0.06044209617086575	-1.2658891677856445	0.219961770856616	HCC1954:C6	1	max	HCC1954	logo	15	210	96	0.7900000214576721	min_delta	0.30000001192092896	0.20000000298023224	type_confidence	0.9800000190734863	0.10000000149011612	0.30000001192092896	0.6399999856948853	0.8399999886751175	0.20999999344348907	0.4099999964237213	0.23000000417232513	0.4300000071525574	0.11999999731779099	0.3200000002980232	BFB	objectness_type_threshold	False	BFB	0.219961770856616	0.05061963657955007	BFB	BFB	BFB:noncanonicalB	BFB:noncanonicalB	True	True	True	True	False	False	exact	True	1
HCC1954:chr4:113806267-124363472:7	HCC1954:chr4:113806267-124363472:7	HCC1954	chr4	q	113806267	124363472	candidate_region_label	chromothripsis;BFB	region	candidate_region	11	12	12	candidate_region_with_context	115745030	124363472	sv_attention	0.9933	0.8164	mixed_HP	-0.0612	0.7263	61.0	76.0	1.9075	1.7772	C7	chromothripsis;BFB	chromothripsis:noncanonical;BFB:noncanonicalB	chromosome_arm	50494000	190200001	402	402	8	11	9	10557206	1.0419423472460422e-06	3.6847497936954543	286922.0	903802.0	1198660.5	True	0.8181818181818182	0.7	0	0	1	4	5	1	0	0	0	0	0	0	12	0	9.0	9.0			2	4	1.0	0	4	1	0	sample_residual	coords	1	0	chromothripsis:noncanonical;BFB:noncanonicalB	chromothripsis;BFB	5.152673244476318	0.9942493391711588	chromothripsis	0.31412635848974796	-0.7808980941772461	-3.8971168994903564	0.01989645011701691	-2.6328506469726562	0.06705390049979175	-0.7808980941772461	0.31412635848974796	-1.9383876323699951	0.12582509892922444	HCC1954:C7	1	max	HCC1954	logo	15	210	96	0.7900000214576721	min_delta	0.30000001192092896	0.20000000298023224	type_confidence	0.9800000190734863	0.10000000149011612	0.30000001192092896	0.6399999856948853	0.8399999886751175	0.20999999344348907	0.4099999964237213	0.23000000417232513	0.4300000071525574	0.11999999731779099	0.3200000002980232	chromothripsis	objectness_type_threshold	False	chromothripsis	0.31412635848974796	0.18830125956052352	chromothripsis	chromothripsis	chromothripsis:noncanonical	chromothripsis:noncanonical	True	False	True	False	False	True	partial_class	True	1
HCC1954:chr4:144179786-178151261:8	HCC1954:chr4:144179786-178151261:8	HCC1954	chr4	q	144179786	178151261	candidate_region_label	ecDNA;Seismic_Amplification;BFB	region	candidate_region	38	68	68	candidate_region_with_context	147291679	178151261	sv_attention	1.0	0.9084	mixed_HP	0.0378	0.9355	736.0	699.0	2.1212	1.8745	C8	ecDNA;Seismic_Amplification;BFB	ecDNA;Seismic_Amplification:noncanonical;BFB:noncanonical	chromosome_arm	50494000	190200001	402	402	8	38	28	33971476	1.1185854862473449e-06	3.995765536516776	94724.75	323457.0	1329490.5	False	0.5	0.1351351351351351	0	0	1	10	9	6	3	4	5	0	0	0	40	0					8	6	0.0	23	3	0	23	sample_residual	coords	1	0	ecDNA;Seismic_Amplification:noncanonical;BFB:noncanonical	ecDNA;Seismic_Amplification;BFB	5.912868499755859	0.9973028760233428	ecDNA	0.8077777543642876	1.435634732246399	1.435634732246399	0.8077777543642876	0.8708934783935547	0.7049315782501518	-2.7504942417144775	0.06005874332620049	-1.0059349536895752	0.2677761400477158	HCC1954:C8	7	max	HCC1954	logo	15	210	96	0.7900000214576721	min_delta	0.30000001192092896	0.20000000298023224	type_confidence	0.9800000190734863	0.10000000149011612	0.30000001192092896	0.6399999856948853	0.8399999886751175	0.20999999344348907	0.4099999964237213	0.23000000417232513	0.4300000071525574	0.11999999731779099	0.3200000002980232	ecDNA	objectness_type_threshold	False	ecDNA	0.8077777543642876	0.10284617611413571	ecDNA;Seismic_Amplification	ecDNA;Seismic_Amplification	ecDNA;Seismic_Amplification:canonical	ecDNA;Seismic_Amplification:canonical	True	False	True	False	False	True	partial_class	True	2
HCC1954:chr5:0-3209105:9	HCC1954:chr5:0-3209105:9	HCC1954	chr5	p	0	3209105	candidate_region_label	ecDNA;Seismic_Amplification;BFB	region	candidate_region	25	49	49	candidate_region_with_context	379661	3209105	sv_attention	0.9996	0.8817	mixed_HP	0.7441	1.0	2701.0	212.0	25.2779	7.9107	C8	ecDNA;Seismic_Amplification;BFB	ecDNA;Seismic_Amplification:noncanonical;BFB:noncanonical	chromosome_arm	0	48464000	402	402	8	25	12	3209106	7.790331637533943e-06	33.18875126320188	51011.0	91793.0	180392.0	False	0.2	0.0416666666666666	0	0	0	0	0	0	0	1	0	2	13	9	25	0					0	1	0.0	19	5	0	19	sample_residual	coords	1	0	ecDNA;Seismic_Amplification:noncanonical;BFB:noncanonical	ecDNA;Seismic_Amplification;BFB	5.912868499755859	0.9973028760233428	ecDNA	0.8077777543642876	1.435634732246399	1.435634732246399	0.8077777543642876	0.8708934783935547	0.7049315782501518	-2.7504942417144775	0.06005874332620049	-1.0059349536895752	0.2677761400477158	HCC1954:C8	7	max	HCC1954	logo	15	210	96	0.7900000214576721	min_delta	0.30000001192092896	0.20000000298023224	type_confidence	0.9800000190734863	0.10000000149011612	0.30000001192092896	0.6399999856948853	0.8399999886751175	0.20999999344348907	0.4099999964237213	0.23000000417232513	0.4300000071525574	0.11999999731779099	0.3200000002980232	ecDNA	objectness_type_threshold	False	ecDNA	0.8077777543642876	0.10284617611413571	ecDNA;Seismic_Amplification	ecDNA;Seismic_Amplification	ecDNA;Seismic_Amplification:canonical	ecDNA;Seismic_Amplification:canonical	True	False	True	False	False	True	partial_class	True	2
HCC1954:chr5:25588866-33474335:10	HCC1954:chr5:25588866-33474335:10	HCC1954	chr5	p	25588866	33474335	candidate_region_label	chromothripsis	region	candidate_region	4	5	5	candidate_region_with_context	32317426	33474335	sv_attention	0.7861	0.1467	mixed_HP	-0.4447	0.527	15.0	22.0	0.1467	6.4837	C9	chromothripsis	chromothripsis:noncanonicalB	chromosome_arm	0	48464000	402	402	8	4	4	7885470	5.072620909089756e-07	6.630441098572298	938328.0	1907208.0	2940247.5	True	0.75	0.6666666666666666	0	0	0	0	0	0	2	1	1	0	0	0	5	0					2	0	0.0	2	1	0	2	sample_residual	coords	1	0	chromothripsis:noncanonicalB	chromothripsis	3.9707396030426025	0.9814896167452436	chromothripsis	0.28426265963574854	-0.9234145879745483	-4.668340682983398	0.009300522243977939	-3.376077175140381	0.03305153548581454	-0.9234145879745483	0.28426265963574854	-2.4038655757904053	0.08287840157294718	HCC1954:C9	1	max	HCC1954	logo	15	210	96	0.7900000214576721	min_delta	0.30000001192092896	0.20000000298023224	type_confidence	0.9800000190734863	0.10000000149011612	0.30000001192092896	0.6399999856948853	0.8399999886751175	0.20999999344348907	0.4099999964237213	0.23000000417232513	0.4300000071525574	0.11999999731779099	0.3200000002980232	chromothripsis	objectness_type_threshold	False	chromothripsis	0.28426265963574854	0.20138425806280136	chromothripsis	chromothripsis	chromothripsis:noncanonicalB	chromothripsis:noncanonicalB	True	True	True	True	False	False	exact	True	1
HCC1954:chr5:102783181-117504971:11	HCC1954:chr5:102783181-117504971:11	HCC1954	chr5	q	102783181	117504971	candidate_region_label	ecDNA;Seismic_Amplification;BFB	region	candidate_region	72	180	180	candidate_region_with_context	104285693	117504971	sv_attention	1.0	0.8979	mixed_HP	0.2076	0.3222	2325.0	1028.0	2.9667	4.0211	C8	ecDNA;Seismic_Amplification;BFB	ecDNA;Seismic_Amplification:noncanonical;BFB:noncanonical	chromosome_arm	48464000	181500001	402	402	8	72	43	14721791	4.890709289379261e-06	6.987719771943571	62117.25	113461.0	220104.5	False	0.2916666666666667	0.0	0	0	0	1	9	9	4	5	28	15	1	0	73	0	15.0	15.0			13	13	1.0	16	29	1	16	sample_residual	coords	1	0	ecDNA;Seismic_Amplification:noncanonical;BFB:noncanonical	ecDNA;Seismic_Amplification;BFB	5.912868499755859	0.9973028760233428	ecDNA	0.8077777543642876	1.435634732246399	1.435634732246399	0.8077777543642876	0.8708934783935547	0.7049315782501518	-2.7504942417144775	0.06005874332620049	-1.0059349536895752	0.2677761400477158	HCC1954:C8	7	max	HCC1954	logo	15	210	96	0.7900000214576721	min_delta	0.30000001192092896	0.20000000298023224	type_confidence	0.9800000190734863	0.10000000149011612	0.30000001192092896	0.6399999856948853	0.8399999886751175	0.20999999344348907	0.4099999964237213	0.23000000417232513	0.4300000071525574	0.11999999731779099	0.3200000002980232	ecDNA	objectness_type_threshold	False	ecDNA	0.8077777543642876	0.10284617611413571	ecDNA;Seismic_Amplification	ecDNA;Seismic_Amplification	ecDNA;Seismic_Amplification:canonical	ecDNA;Seismic_Amplification:canonical	True	False	True	False	False	True	partial_class	True	2
HCC1954:chr5:175753434-181538259:12	HCC1954:chr5:175753434-181538259:12	HCC1954	chr5	q	175753434	181538259	candidate_region_label	ecDNA;Seismic_Amplification;BFB	region	candidate_region	21	81	81	candidate_region_with_context	175790271	181538259	sv_attention	0.9999	0.9936	mixed_HP	-0.1472	0.3524	1526.0	1723.0	3.0571	5.94	C8	ecDNA;Seismic_Amplification;BFB	ecDNA;Seismic_Amplification:noncanonical;BFB:noncanonical	chromosome_arm	48464000	181500001	402	402	8	21	11	5784826	3.630186975373157e-06	8.950894494738826	38258.0	101424.0	203151.0	False	0.2857142857142857	0.05	0	0	1	0	2	1	1	1	0	8	7	0	23	1	5.0	18.0	5.0	5.0	3	1	2.0	12	5	0	12	sample_residual	coords	1	0	ecDNA;Seismic_Amplification:noncanonical;BFB:noncanonical	ecDNA;Seismic_Amplification;BFB	5.912868499755859	0.9973028760233428	ecDNA	0.8077777543642876	1.435634732246399	1.435634732246399	0.8077777543642876	0.8708934783935547	0.7049315782501518	-2.7504942417144775	0.06005874332620049	-1.0059349536895752	0.2677761400477158	HCC1954:C8	7	max	HCC1954	logo	15	210	96	0.7900000214576721	min_delta	0.30000001192092896	0.20000000298023224	type_confidence	0.9800000190734863	0.10000000149011612	0.30000001192092896	0.6399999856948853	0.8399999886751175	0.20999999344348907	0.4099999964237213	0.23000000417232513	0.4300000071525574	0.11999999731779099	0.3200000002980232	ecDNA	objectness_type_threshold	False	ecDNA	0.8077777543642876	0.10284617611413571	ecDNA;Seismic_Amplification	ecDNA;Seismic_Amplification	ecDNA;Seismic_Amplification:canonical	ecDNA;Seismic_Amplification:canonical	True	False	True	False	False	True	partial_class	True	2
HCC1954:chr8:39339828-42999999:13	HCC1954:chr8:39339828-42999999:13	HCC1954	chr8	p	39339828	42999999	candidate_region_label	Seismic_Amplification;BFB	region	candidate_region	7	10	10	candidate_region_with_context	39371574	39444144	sv_attention	0.9817	0.0198	HP2	-0.7619	0.6825	15.0	69.0	0.0	7.91	C10	Seismic_Amplification;BFB	Seismic_Amplification:noncanonical;BFB:noncanonicalB	chromosome_arm	0	45644000	402	402	8	7	4	3660172	1.912478429975422e-06	7.909990320129677	46160.5	252196.0	297515.0	False	0.4285714285714285	0.0	0	0	0	1	0	1	0	0	3	2	0	0	7	0	1.0	3.0			0	2	2.0	2	0	1	2	sample_residual	coords	1	0	Seismic_Amplification:noncanonical;BFB:noncanonicalB	Seismic_Amplification;BFB	5.94441556930542	0.997386415361758	Seismic_Amplification	0.5922594838716033	0.37331387400627136	-3.334569215774536	0.034404115434606	0.37331387400627136	0.5922594838716033	-3.604186534881592	0.02648882043887532	-1.545119285583496	0.1757923132067871	HCC1954:C10	1	max	HCC1954	logo	15	210	96	0.7900000214576721	min_delta	0.30000001192092896	0.20000000298023224	type_confidence	0.9800000190734863	0.10000000149011612	0.30000001192092896	0.6399999856948853	0.8399999886751175	0.20999999344348907	0.4099999964237213	0.23000000417232513	0.4300000071525574	0.11999999731779099	0.3200000002980232	Seismic_Amplification	objectness_type_threshold	False	Seismic_Amplification	0.5922594838716033	0.4164671706648162	Seismic_Amplification	Seismic_Amplification	Seismic_Amplification:canonical	Seismic_Amplification:canonical	True	False	True	False	False	True	partial_class	True	1
HCC1954:chr8:71218391-132804534:14	HCC1954:chr8:71218391-132804534:14	HCC1954	chr8	q	71218391	132804534	candidate_region_label	ecDNA;Seismic_Amplification;BFB	region	candidate_region	181	413	413	candidate_region_with_context	72099278	132804534	sv_attention	1.0	0.9857	mixed_HP	0.4892	0.6417	11606.0	3052.0	7.2983	3.9251	C8	ecDNA;Seismic_Amplification;BFB	ecDNA;Seismic_Amplification:noncanonical;BFB:noncanonical	chromosome_arm	45644000	145100001	402	402	8	181	110	61586144	2.938972766341728e-06	11.223467686090562	70240.0	138027.0	324017.0	False	0.1602209944751381	0.0111111111111111	2	0	0	0	4	7	7	11	42	68	38	2	193	1	8.0	184.0	153.0	153.0	36	22	7.0	64	60	4	64	sample_residual	coords	1	0	ecDNA;Seismic_Amplification:noncanonical;BFB:noncanonical	ecDNA;Seismic_Amplification;BFB	5.912868499755859	0.9973028760233428	ecDNA	0.8077777543642876	1.435634732246399	1.435634732246399	0.8077777543642876	0.8708934783935547	0.7049315782501518	-2.7504942417144775	0.06005874332620049	-1.0059349536895752	0.2677761400477158	HCC1954:C8	7	max	HCC1954	logo	15	210	96	0.7900000214576721	min_delta	0.30000001192092896	0.20000000298023224	type_confidence	0.9800000190734863	0.10000000149011612	0.30000001192092896	0.6399999856948853	0.8399999886751175	0.20999999344348907	0.4099999964237213	0.23000000417232513	0.4300000071525574	0.11999999731779099	0.3200000002980232	ecDNA	objectness_type_threshold	False	ecDNA	0.8077777543642876	0.10284617611413571	ecDNA;Seismic_Amplification	ecDNA;Seismic_Amplification	ecDNA;Seismic_Amplification:canonical	ecDNA;Seismic_Amplification:canonical	True	False	True	False	False	True	partial_class	True	2
HCC1954:chr9:0-18581391:15	HCC1954:chr9:0-18581391:15	HCC1954	chr9	p	0	18581391	candidate_region_label	Seismic_Amplification;BFB	region	candidate_region	28	37	37	candidate_region_with_context	1133120	14802446	sv_attention	0.9994	0.7356	mixed_HP	-0.1003	0.1835	604.0	434.0	2.5506	11.1837	C11	Seismic_Amplification;BFB	Seismic_Amplification:noncanonical;BFB:noncanonicalB	chromosome_arm	0	49224000	402	402	8	28	26	18581392	1.506883876084203e-06	13.734265437330002	258420.0	519068.5	941492.5	False	0.3928571428571428	0.1481481481481481	0	0	0	0	0	0	0	1	1	25	1	0	27	0	1.0	23.0			4	4	4.0	13	2	0	13	sample_residual	coords	1	0	Seismic_Amplification:noncanonical;BFB:noncanonicalB	Seismic_Amplification;BFB	5.396964073181152	0.9954901173961056	Seismic_Amplification	0.643888228669484	0.5922805070877075	-0.79747474193573	0.31056595503727974	0.5922805070877075	0.643888228669484	-3.611452579498291	0.026302093030350502	-1.7464418411254883	0.1484965481024245	HCC1954:C11	1	max	HCC1954	logo	15	210	96	0.7900000214576721	min_delta	0.30000001192092896	0.20000000298023224	type_confidence	0.9800000190734863	0.10000000149011612	0.30000001192092896	0.6399999856948853	0.8399999886751175	0.20999999344348907	0.4099999964237213	0.23000000417232513	0.4300000071525574	0.11999999731779099	0.3200000002980232	Seismic_Amplification	objectness_type_threshold	False	Seismic_Amplification	0.643888228669484	0.3333222736322043	Seismic_Amplification	Seismic_Amplification	Seismic_Amplification:canonical	Seismic_Amplification:canonical	True	False	True	False	False	True	partial_class	True	1
HCC1954:chr9:125674254-127832869:16	HCC1954:chr9:125674254-127832869:16	HCC1954	chr9	q	125674254	127832869	candidate_region_label	chromothripsis	region	candidate_region	5	3	3	candidate_region_with_context	126367239	127156923	sv_attention	0.6072	0.3658	HP1	0.8598	0.8131	78.0	0.0	3.7548	1.0	C12	chromothripsis	chromothripsis:noncanonicalB	chromosome_arm	49224000	138350001	402	402	8	5	5	2158616	2.316298961927457e-06	4.754803077527453	160591.0	515473.0	632084.0	True	0.8	0.75	0	0	0	0	2	2	0	1	0	0	0	0	6	0					3	3	0.0	0	0	0	0	sample_residual	coords	1	0	chromothripsis:noncanonicalB	chromothripsis	3.388972282409668	0.9673581086555669	chromothripsis	0.34576702863368286	-0.6376982927322388	-5.9120965003967285	0.002699201336177907	-3.2467565536499023	0.0374436110779141	-0.6376982927322388	0.34576702863368286	-2.735246181488037	0.06092531851915844	HCC1954:C12	1	max	HCC1954	logo	15	210	96	0.7900000214576721	min_delta	0.30000001192092896	0.20000000298023224	type_confidence	0.9800000190734863	0.10000000149011612	0.30000001192092896	0.6399999856948853	0.8399999886751175	0.20999999344348907	0.4099999964237213	0.23000000417232513	0.4300000071525574	0.11999999731779099	0.3200000002980232	chromothripsis	objectness_type_threshold	False	chromothripsis	0.34576702863368286	0.2848417101145244	chromothripsis	chromothripsis	chromothripsis:noncanonical	chromothripsis:noncanonical	True	False	True	True	True	False	wrong_level	True	1
HCC1954:chr11:23782554-26756022:17	HCC1954:chr11:23782554-26756022:17	HCC1954	chr11	p	23782554	26756022	candidate_region_label	BFB	region	candidate_region	3	6	6	candidate_region_with_context	26059930	26148203	sv_attention	0.865	0.0297	HP1	0.4293	0.239	31.0	7.0	1.2965	1.2341	C13	BFB	BFB:noncanonicalB	chromosome_arm	0	53714000	402	402	8	3	3	2973469	1.0089225749452912e-06	2.530560432948856	440757.0	696091.0	1394023.0	False	0.6666666666666666	0.5	0	0	1	1	1	0	0	0	0	0	0	0	4	0	3.0	3.0			2	0	1.0	0	0	1	0	sample_residual	coords	1	0	BFB:noncanonicalB	BFB	4.781487941741943	0.9916861835096077	BFB	0.19818992931892426	-1.3976459503173828	-3.479090452194214	0.029913062026146842	-2.7410569190979004	0.06059371329733944	-1.6989002227783203	0.1546089568990892	-1.3976459503173828	0.19818992931892426	HCC1954:C13	1	max	HCC1954	logo	15	210	96	0.7900000214576721	min_delta	0.30000001192092896	0.20000000298023224	type_confidence	0.9800000190734863	0.10000000149011612	0.30000001192092896	0.6399999856948853	0.8399999886751175	0.20999999344348907	0.4099999964237213	0.23000000417232513	0.4300000071525574	0.11999999731779099	0.3200000002980232	BFB	objectness_type_threshold	False	BFB	0.19818992931892426	0.04358097241983505	BFB	BFB	BFB:noncanonicalB	BFB:noncanonicalB	True	True	True	True	False	False	exact	True	1
HCC1954:chr11:44950563-50999999:18	HCC1954:chr11:44950563-50999999:18	HCC1954	chr11	p	44950563	50999999	candidate_region_label	chromothripsis	region	candidate_region	4	2	2	candidate_region_with_context	46499603	46616497	sv_attention	0.3	0.0193	mixed_HP	-0.1082	0.6429	3.0	4.0	1.9807	2.1409	C14	chromothripsis	chromothripsis:noncanonicalB	chromosome_arm	0	53714000	402	402	8	4	4	6049437	6.612185563714442e-07	4.121614953589896	668670.25	1200819.0	2044508.25	True	0.75	0.6666666666666666	0	0	0	1	2	1	0	0	0	0	0	0	4	0					3	0	0.0	1	0	0	1	sample_residual	coords	1	0	chromothripsis:noncanonicalB	chromothripsis	3.0326783657073975	0.954028783311815	chromothripsis	0.5061089504320047	0.024437017738819122	-5.043001651763916	0.006412954093536412	-4.219452857971191	0.014493537010974727	0.024437017738819122	0.5061089504320047	-2.487840175628662	0.0767150375785451	HCC1954:C14	1	max	HCC1954	logo	15	210	96	0.7900000214576721	min_delta	0.30000001192092896	0.20000000298023224	type_confidence	0.9800000190734863	0.10000000149011612	0.30000001192092896	0.6399999856948853	0.8399999886751175	0.20999999344348907	0.4099999964237213	0.23000000417232513	0.4300000071525574	0.11999999731779099	0.3200000002980232	chromothripsis	objectness_type_threshold	False	chromothripsis	0.5061089504320047	0.42939391285345957	chromothripsis	chromothripsis	chromothripsis:canonical	chromothripsis:canonical	True	False	True	True	True	False	wrong_level	True	1
HCC1954:chr11:65787781-74859666:19	HCC1954:chr11:65787781-74859666:19	HCC1954	chr11	q	65787781	74859666	candidate_region_label	ecDNA;Seismic_Amplification;BFB	region	candidate_region	14	16	16	candidate_region_with_context	69092232	74859666	sv_attention	0.9991	0.6357	mixed_HP	0.5314	0.3488	569.0	79.0	3.5889	3.0464	C8	ecDNA;Seismic_Amplification;BFB	ecDNA;Seismic_Amplification:noncanonical;BFB:noncanonical	chromosome_arm	53714000	135050001	402	402	8	14	10	9071886	1.5432292689745e-06	6.635298076872202	105436.25	250574.0	812930.5	False	0.2857142857142857	0.0769230769230769	0	0	0	1	2	2	1	0	1	3	4	0	15	0	12.0	12.0			2	3	1.0	8	1	0	8	sample_residual	coords	1	0	ecDNA;Seismic_Amplification:noncanonical;BFB:noncanonical	ecDNA;Seismic_Amplification;BFB	5.912868499755859	0.9973028760233428	ecDNA	0.8077777543642876	1.435634732246399	1.435634732246399	0.8077777543642876	0.8708934783935547	0.7049315782501518	-2.7504942417144775	0.06005874332620049	-1.0059349536895752	0.2677761400477158	HCC1954:C8	7	max	HCC1954	logo	15	210	96	0.7900000214576721	min_delta	0.30000001192092896	0.20000000298023224	type_confidence	0.9800000190734863	0.10000000149011612	0.30000001192092896	0.6399999856948853	0.8399999886751175	0.20999999344348907	0.4099999964237213	0.23000000417232513	0.4300000071525574	0.11999999731779099	0.3200000002980232	ecDNA	objectness_type_threshold	False	ecDNA	0.8077777543642876	0.10284617611413571	ecDNA;Seismic_Amplification	ecDNA;Seismic_Amplification	ecDNA;Seismic_Amplification:canonical	ecDNA;Seismic_Amplification:canonical	True	False	True	False	False	True	partial_class	True	2
HCC1954:chr11:85045948-104108535:20	HCC1954:chr11:85045948-104108535:20	HCC1954	chr11	q	85045948	104108535	candidate_region_label	ecDNA;Seismic_Amplification;BFB	region	candidate_region	26	47	47	candidate_region_with_context	88322434	104108535	sv_attention	1.0	0.8281	HP2	-0.6439	0.5253	143.0	1056.0	2.0037	4.776	C8	ecDNA;Seismic_Amplification;BFB	ecDNA;Seismic_Amplification:noncanonical;BFB:noncanonical	chromosome_arm	53714000	135050001	402	402	8	26	18	19062588	1.3639281298006336e-06	6.77967972782725	60608.0	180908.0	1038513.25	False	0.3846153846153846	0.16	1	0	0	0	0	6	3	4	4	8	0	0	27	1	5.0	27.0	27.0	27.0	4	1	5.0	14	2	1	14	sample_residual	coords	1	0	ecDNA;Seismic_Amplification:noncanonical;BFB:noncanonical	ecDNA;Seismic_Amplification;BFB	5.912868499755859	0.9973028760233428	ecDNA	0.8077777543642876	1.435634732246399	1.435634732246399	0.8077777543642876	0.8708934783935547	0.7049315782501518	-2.7504942417144775	0.06005874332620049	-1.0059349536895752	0.2677761400477158	HCC1954:C8	7	max	HCC1954	logo	15	210	96	0.7900000214576721	min_delta	0.30000001192092896	0.20000000298023224	type_confidence	0.9800000190734863	0.10000000149011612	0.30000001192092896	0.6399999856948853	0.8399999886751175	0.20999999344348907	0.4099999964237213	0.23000000417232513	0.4300000071525574	0.11999999731779099	0.3200000002980232	ecDNA	objectness_type_threshold	False	ecDNA	0.8077777543642876	0.10284617611413571	ecDNA;Seismic_Amplification	ecDNA;Seismic_Amplification	ecDNA;Seismic_Amplification:canonical	ecDNA;Seismic_Amplification:canonical	True	False	True	False	False	True	partial_class	True	2
HCC1954:chr12:6941947-9032063:21	HCC1954:chr12:6941947-9032063:21	HCC1954	chr12	p	6941947	9032063	candidate_region_label	BFB	region	candidate_region	1	2	2	candidate_region_with_context	9032062	9032063	sv_attention	0.5218	0.0	HP1	0.6632	0.5509	36.0	2.0	3.0	2.0	C15	BFB	BFB:noncanonical	chromosome_arm	0	35807000	402	402	8	1	1	2090117	4.784421159198265e-07	5.0	2090117.0	2090117.0	2090117.0	False	0.0	0.0	0	0	0	0	0	1	0	0	0	0	0	0	2	1	2.0	2.0	2.0	2.0	0	0	1.0	1	0	0	1	sample_residual	coords	1	0	BFB:noncanonical	BFB	4.77121639251709	0.9916010685848047	BFB	0.36416640663295524	-0.5573259592056274	-2.8489277362823486	0.05473677036361285	-2.987440347671509	0.047996512428499144	-3.2184207439422607	0.038478371912801596	-0.5573259592056274	0.36416640663295524	HCC1954:C15	1	max	HCC1954	logo	15	210	96	0.7900000214576721	min_delta	0.30000001192092896	0.20000000298023224	type_confidence	0.9800000190734863	0.10000000149011612	0.30000001192092896	0.6399999856948853	0.8399999886751175	0.20999999344348907	0.4099999964237213	0.23000000417232513	0.4300000071525574	0.11999999731779099	0.3200000002980232	BFB	objectness_type_threshold	False	BFB	0.36416640663295524	0.3094296362693424	BFB	BFB	BFB:canonical	BFB:canonical	True	False	True	True	True	False	wrong_level	True	1
HCC1954:chr12:38000001-45355960:22	HCC1954:chr12:38000001-45355960:22	HCC1954	chr12	q	38000001	45355960	candidate_region_label	Seismic_Amplification;BFB	region	candidate_region	17	23	23	candidate_region_with_context	40326774	45355960	sv_attention	0.9977	0.6837	HP1	0.7765	0.702	626.0	51.0	8.8374	2.0	C16	Seismic_Amplification;BFB	Seismic_Amplification:noncanonical;BFB:noncanonicalB	chromosome_arm	35807000	133250001	402	402	8	17	16	7355960	2.311051174829662e-06	10.83746037226956	157441.0	210604.0	431179.0	False	0.2352941176470588	0.125	0	0	0	0	1	0	0	0	1	15	0	0	17	0	12.0	13.0			2	3	2.0	9	1	0	9	sample_residual	coords	1	0	Seismic_Amplification:noncanonical;BFB:noncanonicalB	Seismic_Amplification;BFB	5.967941761016846	0.9974470302641402	Seismic_Amplification	0.4851915868910071	-0.059250980615615845	-1.7320003509521484	0.15033189173182238	-0.059250980615615845	0.4851915868910071	-3.6618430614471436	0.02504192471562486	-1.203080415725708	0.23092768100528194	HCC1954:C16	2	max	HCC1954	logo	15	210	96	0.7900000214576721	min_delta	0.30000001192092896	0.20000000298023224	type_confidence	0.9800000190734863	0.10000000149011612	0.30000001192092896	0.6399999856948853	0.8399999886751175	0.20999999344348907	0.4099999964237213	0.23000000417232513	0.4300000071525574	0.11999999731779099	0.3200000002980232	Seismic_Amplification	objectness_type_threshold	False	Seismic_Amplification	0.4851915868910071	0.25426390588572517	Seismic_Amplification	Seismic_Amplification	Seismic_Amplification:noncanonical	Seismic_Amplification:noncanonical	True	False	True	False	False	True	partial_class	True	1
HCC1954:chr14:30457625-37594904:23	HCC1954:chr14:30457625-37594904:23	HCC1954	chr14	q	30457625	37594904	candidate_region_label	BFB	region	candidate_region	6	8	8	candidate_region_with_context	36434639	37594904	sv_attention	0.6896	0.1626	mixed_HP	-0.6388	0.3088	2.0	126.0	3.0518	2.9263	C17	BFB	BFB:noncanonical	chromosome_arm	17600000	107000001	402	402	8	6	5	7137280	8.406563845050215e-07	5.978115612670373	353738.75	405899.0	1365456.5	True	0.8333333333333334	0.8	0	0	0	0	0	2	3	1	0	0	0	0	8	1	8.0	8.0	8.0	8.0	3	0	1.0	2	2	0	2	sample_residual	coords	1	0	BFB:noncanonical	BFB	5.140012741088867	0.9941764967599342	BFB	0.21590370905316678	-1.2896993160247803	-3.0020272731781006	0.04733437173014616	-2.5793800354003906	0.07047733413353122	-2.1335675716400146	0.1058767855762514	-1.2896993160247803	0.21590370905316678	HCC1954:C17	1	max	HCC1954	logo	15	210	96	0.7900000214576721	min_delta	0.30000001192092896	0.20000000298023224	type_confidence	0.9800000190734863	0.10000000149011612	0.30000001192092896	0.6399999856948853	0.8399999886751175	0.20999999344348907	0.4099999964237213	0.23000000417232513	0.4300000071525574	0.11999999731779099	0.3200000002980232	BFB	objectness_type_threshold	False	BFB	0.21590370905316678	0.11002692347691538	BFB	BFB	BFB:noncanonicalB	BFB:noncanonicalB	True	False	True	True	True	False	wrong_level	True	1
HCC1954:chr15:21000001-27434570:24	HCC1954:chr15:21000001-27434570:24	HCC1954	chr15	q	21000001	27434570	candidate_region_label	Seismic_Amplification;BFB	region	candidate_region	10	16	16	candidate_region_with_context	24791616	27202624	sv_attention	0.9892	0.3747	HP1	0.4662	0.2882	303.0	92.0	3.893	1.9603	C18	Seismic_Amplification;BFB	Seismic_Amplification:noncanonical;BFB:noncanonical	chromosome_arm	19050000	101950001	402	402	8	10	9	6434570	1.5541054025366108e-06	5.853343269247207	268139.5	357704.5	748533.5	False	0.4	0.2222222222222222	0	0	0	1	1	2	2	1	1	2	0	0	9	1	4.0	9.0	9.0	9.0	1	0	2.0	4	1	1	4	sample_residual	coords	1	0	Seismic_Amplification:noncanonical;BFB:noncanonical	Seismic_Amplification;BFB	5.796571254730225	0.996971247931113	BFB	0.37870192360814525	-0.4950615465641022	-1.1174254417419434	0.24648914988916573	-0.6522430181503296	0.34248425647279346	-4.228524208068848	0.014364535646431526	-0.4950615465641022	0.37870192360814525	HCC1954:C18	1	max	HCC1954	logo	15	210	96	0.7900000214576721	min_delta	0.30000001192092896	0.20000000298023224	type_confidence	0.9800000190734863	0.10000000149011612	0.30000001192092896	0.6399999856948853	0.8399999886751175	0.20999999344348907	0.4099999964237213	0.23000000417232513	0.4300000071525574	0.11999999731779099	0.3200000002980232	BFB	objectness_type_threshold	False	BFB	0.37870192360814525	0.036217667135351794	BFB	BFB	BFB:canonical	BFB:canonical	True	False	True	False	False	True	partial_class	True	1
HCC1954:chr17:39095055-42947300:25	HCC1954:chr17:39095055-42947300:25	HCC1954	chr17	q	39095055	42947300	candidate_region_label	ecDNA;Seismic_Amplification	region	candidate_region	3	14	14	candidate_region_with_context	39482909	39493730	sv_attention	0.9893	0.0028	mixed_HP	0.9254	0.8968	2650.0	2.0	37.8125	4.6903	C19	ecDNA;Seismic_Amplification	ecDNA;Seismic_Amplification:canonical	chromosome_arm	25150000	83250001	402	402	8	3	3	3852246	7.787664650699878e-07	42.5029363381943	443233.0	531128.0	1748454.0	False	0.6666666666666666	0.5	0	0	0	0	0	1	0	0	1	0	0	1	4	0					0	0	0.0	0	2	2	0	sample_residual	coords	1	0	ecDNA;Seismic_Amplification:canonical	ecDNA;Seismic_Amplification	1.6964837312698364	0.8450749318286588	ecDNA	0.607167909779765	0.4354231059551239	0.4354231059551239	0.607167909779765	-2.204667091369629	0.09933216496830016	-1.5761075019836426	0.171347461286093	-2.3002333641052246	0.09110363574476159	HCC1954:C19	1	max	HCC1954	logo	15	210	96	0.7900000214576721	min_delta	0.30000001192092896	0.20000000298023224	type_confidence	0.9800000190734863	0.10000000149011612	0.30000001192092896	0.6399999856948853	0.8399999886751175	0.20999999344348907	0.4099999964237213	0.23000000417232513	0.4300000071525574	0.11999999731779099	0.3200000002980232	none	none_type_threshold	False	ecDNA	0.607167909779765	0.43582044849367196		none		none	False	False	False	False	False	False	wrong	False	0
HCC1954:chr19:0-8064793:26		HCC1954	chr19	p	0	8064793	candidate_region_empty		empty_candidate_region	candidate_region	5	9	9	candidate_region_with_context	1814593	8064793	sv_attention	0.9987	0.775	mixed_HP	-0.3787	0.7185	67.0	84.0	0.1444	3.0978	C20			chromosome_arm	0	26260000	402	402	8	5	5	8064794	6.199786380160485e-07	3.242259692619627	394548.0	1164679.0	1814596.0	False	0.8	0.5	0	0	0	3	1	1	0	0	0	0	0	0	5	0					2	2	0.0	1	0	0	1	sample_residual	coords	0	1			-0.7933883666992188	0.311441584824561	chromothripsis	0.3627528568417692	-0.5634357929229736	-2.9229342937469482	0.05103141391377893	-2.8001630306243896	0.05731536666705844	-0.5634357929229736	0.3627528568417692	-3.795530080795288	0.02197714303023369	HCC1954:C20	1	max	HCC1954	logo	15	210	96	0.7900000214576721	min_delta	0.30000001192092896	0.20000000298023224	type_confidence	0.9800000190734863	0.10000000149011612	0.30000001192092896	0.6399999856948853	0.8399999886751175	0.20999999344348907	0.4099999964237213	0.23000000417232513	0.4300000071525574	0.11999999731779099	0.3200000002980232	none	none_objectness	False	chromothripsis	0.3627528568417692	0.3054374901747108		none		none	False	False	False	False	False	False	background	True	0
HCC1954:chr19:28000001-58617616:27	HCC1954:chr19:28000001-58617616:27	HCC1954	chr19	q	28000001	58617616	candidate_region_label	Seismic_Amplification	region	candidate_region	34	38	38	candidate_region_with_context	29807938	58617616	sv_attention	1.0	0.941	HP1	0.3359	0.1145	406.0	169.0	3.4098	2.3535	C21	Seismic_Amplification	Seismic_Amplification:noncanonical	chromosome_arm	26260000	58600001	402	402	8	34	29	30617616	1.110471827721662e-06	5.7611247940442665	223721.0	455030.5	1153438.75	False	0.5882352941176471	0.303030303030303	0	0	1	1	1	6	14	5	6	0	0	0	32	0					1	11	0.0	3	13	4	3	sample_residual	coords	1	0	Seismic_Amplification:noncanonical	Seismic_Amplification	6.939906597137451	0.9990325767734576	Seismic_Amplification	0.5442040396742457	0.17727899551391602	-1.9613640308380127	0.12331950394516415	0.17727899551391602	0.5442040396742457	-2.0635499954223633	0.1126903732204668	-2.0404810905456543	0.11501775340839653	HCC1954:C21	1	max	HCC1954	logo	15	210	96	0.7900000214576721	min_delta	0.30000001192092896	0.20000000298023224	type_confidence	0.9800000190734863	0.10000000149011612	0.30000001192092896	0.6399999856948853	0.8399999886751175	0.20999999344348907	0.4099999964237213	0.23000000417232513	0.4300000071525574	0.11999999731779099	0.3200000002980232	Seismic_Amplification	objectness_type_threshold	False	Seismic_Amplification	0.5442040396742457	0.4208845357290815	Seismic_Amplification	Seismic_Amplification	Seismic_Amplification:canonical	Seismic_Amplification:canonical	True	False	True	True	True	False	wrong_level	True	1
HCC1954:chr20:55358357-64444167:28	HCC1954:chr20:55358357-64444167:28	HCC1954	chr20	q	55358357	64444167	candidate_region_label	Seismic_Amplification;BFB	region	candidate_region	15	26	26	candidate_region_with_context	58118361	61406000	sv_attention	0.999	0.3618	mixed_HP	0.7104	0.3297	1148.0	87.0	7.1934	2.9891	C16	Seismic_Amplification;BFB	Seismic_Amplification:noncanonical;BFB:noncanonicalB	chromosome_arm	28120000	64400001	402	402	8	15	8	9085811	1.6509258226921077e-06	10.142738826506516	53726.5	183168.0	824823.5	False	0.3333333333333333	0.0	0	0	1	0	0	2	1	0	1	9	1	0	14	0	9.0	10.0			2	0	2.0	8	2	0	8	sample_residual	coords	1	0	Seismic_Amplification:noncanonical;BFB:noncanonicalB	Seismic_Amplification;BFB	5.967941761016846	0.9974470302641402	Seismic_Amplification	0.4851915868910071	-0.059250980615615845	-1.7320003509521484	0.15033189173182238	-0.059250980615615845	0.4851915868910071	-3.6618430614471436	0.02504192471562486	-1.203080415725708	0.23092768100528194	HCC1954:C16	2	max	HCC1954	logo	15	210	96	0.7900000214576721	min_delta	0.30000001192092896	0.20000000298023224	type_confidence	0.9800000190734863	0.10000000149011612	0.30000001192092896	0.6399999856948853	0.8399999886751175	0.20999999344348907	0.4099999964237213	0.23000000417232513	0.4300000071525574	0.11999999731779099	0.3200000002980232	Seismic_Amplification	objectness_type_threshold	False	Seismic_Amplification	0.4851915868910071	0.25426390588572517	Seismic_Amplification	Seismic_Amplification	Seismic_Amplification:noncanonical	Seismic_Amplification:noncanonical	True	False	True	False	False	True	partial_class	True	1
HCC1954:chr21:13000001-46709983:29	HCC1954:chr21:13000001-46709983:29	HCC1954	chr21	q	13000001	46709983	candidate_region_label	Seismic_Amplification	region	candidate_region	131	261	261	candidate_region_with_context	17366951	46709983	sv_attention	1.0	0.8705	HP1	0.7388	0.6517	2782.0	56.0	3.6432	1.9825	C22	Seismic_Amplification	Seismic_Amplification:noncanonical	chromosome_arm	12910000	46700001	402	402	8	131	98	33709983	3.886089174236605e-06	5.624639316807765	97571.0	175437.0	367809.5	False	0.5267175572519084	0.3076923076923077	0	0	3	4	8	34	35	21	25	1	0	0	135	0					29	38	0.0	3	61	4	3	sample_residual	coords	1	0	Seismic_Amplification:noncanonical	Seismic_Amplification	7.047720432281494	0.9991313666496788	Seismic_Amplification	0.5282700879991387	0.1132010817527771	-1.8967866897583008	0.13047259011526743	0.1132010817527771	0.5282700879991387	-2.2283239364624023	0.09723566805409985	-1.9671213626861572	0.12269841706439957	HCC1954:C22	1	max	HCC1954	logo	15	210	96	0.7900000214576721	min_delta	0.30000001192092896	0.20000000298023224	type_confidence	0.9800000190734863	0.10000000149011612	0.30000001192092896	0.6399999856948853	0.8399999886751175	0.20999999344348907	0.4099999964237213	0.23000000417232513	0.4300000071525574	0.11999999731779099	0.3200000002980232	Seismic_Amplification	objectness_type_threshold	False	Seismic_Amplification	0.5282700879991387	0.3977974978838712	Seismic_Amplification	Seismic_Amplification	Seismic_Amplification:canonical	Seismic_Amplification:canonical	True	False	True	True	True	False	wrong_level	True	1
HCC1954:chr22:19000001-50818468:30	HCC1954:chr22:19000001-50818468:30	HCC1954	chr22	q	19000001	50818468	candidate_region_label	BFB	region	candidate_region	21	37	37	candidate_region_with_context	21199247	47887204	sv_attention	1.0	0.8388	mixed_HP	0.3225	0.5934	386.0	278.0	3.5232	0.768	C23	BFB	BFB:noncanonicalB	chromosome_arm	15050000	50800001	402	402	8	21	17	31818468	6.599940638248202e-07	4.289856973647257	196854.0	1194590.0	2189787.0	False	0.4285714285714285	0.25	0	0	1	5	4	3	3	3	1	1	0	0	21	0	21.0	21.0			0	5	1.0	8	5	2	8	sample_residual	coords	1	0	BFB:noncanonicalB	BFB	6.551721096038818	0.9985743789480203	BFB	0.20177954267346332	-1.375209093093872	-1.6442450284957886	0.16188826817190563	-1.3826576471328735	0.2005825091216369	-2.3174350261688232	0.08968925658121717	-1.375209093093872	0.20177954267346332	HCC1954:C23	1	max	HCC1954	logo	15	210	96	0.7900000214576721	min_delta	0.30000001192092896	0.20000000298023224	type_confidence	0.9800000190734863	0.10000000149011612	0.30000001192092896	0.6399999856948853	0.8399999886751175	0.20999999344348907	0.4099999964237213	0.23000000417232513	0.4300000071525574	0.11999999731779099	0.3200000002980232	BFB	objectness_type_threshold	False	BFB	0.20177954267346332	0.001197033551826432	BFB	BFB	BFB:noncanonicalB	BFB:noncanonicalB	True	True	True	True	False	False	exact	True	1
HOKUG:chr4:141456616-145575189:1	HOKUG:chr4:141456616-145575189:1	HOKUG	chr4	q	141456616	145575189	candidate_region_label	BFB	region	candidate_region	3	3	3	candidate_region_with_context	145474188	145496774	sv_attention	0.3948	0.0055	HP2	-0.4408	0.2544	8.0	41.0	1.0281	0.979	C1	BFB	BFB:noncanonicalB	chromosome_arm	50494000	190200001	402	402	8	3	2	4118574	7.284074536477917e-07	2.007085947709086	93704.0	101000.0	2016083.0	False	0.6666666666666666	0.5	1	0	1	0	1	0	0	0	0	0	0	0	4	0	3.0	3.0			2	0	1.0	1	0	0	1	sample_residual	coords	1	0	BFB:noncanonicalB	BFB	4.722701072692871	0.9911872250367253	BFB	0.15349595906220365	-1.707440733909607	-3.5677578449249268	0.02744459381384917	-3.4861927032470703	0.029707653637563527	-1.9093246459960938	0.12905674366447842	-1.707440733909607	0.15349595906220365	HOKUG:C1	1	max	HOKUG	logo	16	235	99	0.7900000214576721	min_delta	0.30000001192092896	0.20000000298023224	type_confidence	0.9800000190734863	0.10000000149011612	0.30000001192092896	0.6399999856948853	0.8399999886751175	0.20999999344348907	0.4099999964237213	0.23000000417232513	0.4300000071525574	0.11999999731779099	0.3200000002980232	BFB	objectness_type_threshold	False	BFB	0.15349595906220365	0.024439215397725228	BFB	BFB	BFB:noncanonicalB	BFB:noncanonicalB	True	True	True	True	False	False	exact	True	1
HOKUG:chr22:46755296-50818468:2	HOKUG:chr22:46755296-50818468:2	HOKUG	chr22	q	46755296	50818468	candidate_region_label	BFB	region	candidate_region	3	2	2	candidate_region_with_context	49996510	49999604	sv_attention	0.3	0.0008	HP1	0.5895	0.4526	36.0	0.0	1.0	1.6027	C2	BFB	BFB:noncanonicalB	chromosome_arm	15050000	50800001	402	402	8	3	2	4063173	7.383392240497759e-07	2.599956241095321	410978.5	803490.0	2022353.0	False	0.6666666666666666	0.5	0	1	1	1	0	0	0	0	0	0	0	0	2	0	2.0	2.0			0	0	1.0	1	0	0	1	sample_residual	coords	1	0	BFB:noncanonicalB	BFB	3.8485469818115234	0.9791339900774968	BFB	0.14794424759572253	-1.7508164644241333	-4.028176307678223	0.017495240634390133	-3.5222396850585938	0.028686025356731117	-2.927952289581299	0.050788953136322916	-1.7508164644241333	0.14794424759572253	HOKUG:C2	1	max	HOKUG	logo	16	235	99	0.7900000214576721	min_delta	0.30000001192092896	0.20000000298023224	type_confidence	0.9800000190734863	0.10000000149011612	0.30000001192092896	0.6399999856948853	0.8399999886751175	0.20999999344348907	0.4099999964237213	0.23000000417232513	0.4300000071525574	0.11999999731779099	0.3200000002980232	BFB	objectness_type_threshold	False	BFB	0.14794424759572253	0.0971552944593996	BFB	BFB	BFB:noncanonicalB	BFB:noncanonicalB	True	True	True	True	False	False	exact	True	1
HOS:chr1:151000001-156195938:1		HOS	chr1	q	151000001	156195938	candidate_region_empty		empty_candidate_region	candidate_region	4	13	13	candidate_region_with_context	154196090	155392740	sv_attention	0.9959	0.2303	mixed_HP	0.0809	0.3	54.0	116.0	3.8587	0.0544	C1			chromosome_arm	123459000	248950001	402	402	8	4	4	5195938	7.698321265573223e-07	3.913122904853753	239441.5	1003302.5	2062845.5	False	0.5	0.3333333333333333	1	0	0	0	1	1	1	0	0	0	0	0	4	0					0	0	0.0	4	0	0	4	sample_residual	coords	0	1			0.5728691816329956	0.6394249599022067	chromothripsis	0.11595016007246658	-2.031352996826172	-3.253387689590454	0.03720534611164457	-2.465374231338501	0.07832150596931536	-2.031352996826172	0.11595016007246658	-3.793321371078491	0.02202466752193977	HOS:C1	1	max	HOS	logo	17	230	96	0.7900000214576721	min_delta	0.30000001192092896	0.20000000298023224	type_confidence	0.9800000190734863	0.10000000149011612	0.30000001192092896	0.6399999856948853	0.8399999886751175	0.20999999344348907	0.4099999964237213	0.23000000417232513	0.4300000071525574	0.11999999731779099	0.3200000002980232	none	none_objectness	False	chromothripsis	0.11595016007246658	0.03762865410315122		none		none	False	False	False	False	False	False	background	True	0
HOS:chr2:46988610-49699079:2	HOS:chr2:46988610-49699079:2	HOS	chr2	p	46988610	49699079	candidate_region_label	chromothripsis	region	candidate_region	5	21	21	candidate_region_with_context	49196622	49211287	sv_attention	0.9999	0.0054	HP1	0.3078	0.077	53.0	3.0	0.1838	2.4873	C2	chromothripsis	chromothripsis:noncanonicalB	chromosome_arm	0	93989000	402	402	8	5	4	2710470	1.844698520920726e-06	2.671103535549185	177094.0	321048.0	612145.0	False	0.8	0.5	0	0	2	2	1	0	0	0	0	0	0	0	6	0					0	2	0.0	1	3	0	1	sample_residual	coords	1	0	chromothripsis:noncanonicalB	chromothripsis	0.20861127972602844	0.5519645043174127	chromothripsis	0.2728049438428768	-0.980437695980072	-3.5496108531951904	0.027933138298951003	-2.1723430156707764	0.10226173405610638	-0.980437695980072	0.2728049438428768	-4.153102397918701	0.015472426547676417	HOS:C2	1	max	HOS	logo	17	230	96	0.7900000214576721	min_delta	0.30000001192092896	0.20000000298023224	type_confidence	0.9800000190734863	0.10000000149011612	0.30000001192092896	0.6399999856948853	0.8399999886751175	0.20999999344348907	0.4099999964237213	0.23000000417232513	0.4300000071525574	0.11999999731779099	0.3200000002980232	none	none_objectness	False	chromothripsis	0.2728049438428768	0.1705432097867704		none		none	False	False	False	False	False	False	wrong	False	0
HOS:chr6:16115965-25720586:3	HOS:chr6:16115965-25720586:3	HOS	chr6	p	16115965	25720586	candidate_region_label	chromothripsis;BFB	region	candidate_region	15	28	28	candidate_region_with_context	17630065	24152376	sv_attention	1.0	0.6791	HP1	0.4418	0.2557	138.0	24.0	1.2624	1.4881	C3	chromothripsis;BFB	chromothripsis:noncanonical;BFB:noncanonicalB	chromosome_arm	0	60589000	402	402	8	15	11	9604622	1.561748083370694e-06	2.7505022061253426	100733.0	245796.0	703980.0	True	0.7333333333333333	0.5714285714285714	0	1	3	7	4	0	0	0	0	0	0	0	21	0	15.0	15.0			4	2	1.0	9	5	0	9	sample_residual	coords	1	0	chromothripsis:noncanonical;BFB:noncanonicalB	chromothripsis;BFB	5.168550968170166	0.9943394127473497	chromothripsis	0.18896433582720742	-1.4567537307739258	-2.260324239730835	0.09446263001747005	-2.0970242023468018	0.1093863895964595	-1.4567537307739258	0.18896433582720742	-1.724419355392456	0.15130279813963313	HOS:C3	1	max	HOS	logo	17	230	96	0.7900000214576721	min_delta	0.30000001192092896	0.20000000298023224	type_confidence	0.9800000190734863	0.10000000149011612	0.30000001192092896	0.6399999856948853	0.8399999886751175	0.20999999344348907	0.4099999964237213	0.23000000417232513	0.4300000071525574	0.11999999731779099	0.3200000002980232	BFB	objectness_type_threshold	False	chromothripsis	0.18896433582720742	0.0376615376875743	BFB	BFB	BFB:noncanonicalB	BFB:noncanonicalB	True	False	True	False	False	True	partial_class	True	1
HOS:chr6:49170621-51360264:4	HOS:chr6:49170621-51360264:4	HOS	chr6	p	49170621	51360264	candidate_region_label	BFB	region	candidate_region	2	7	7	candidate_region_with_context	49170806	50182688	sv_attention	0.918	0.4621	HP1	0.4749	0.2998	73.0	16.0	2.567	1.9221	C4	BFB	BFB:noncanonicalB	chromosome_arm	0	60589000	402	402	8	2	2	2189644	9.133904872207536e-07	4.489117865735252	725910.0	1094822.0	1463734.0	False	0.0	0.0	0	0	0	0	1	0	0	1	0	0	0	0	3	1	2.0	2.0	2.0	2.0	0	0	1.0	2	0	0	2	sample_residual	coords	1	0	BFB:noncanonicalB	BFB	3.679723024368286	0.9753909240965217	BFB	0.23433224801060962	-1.1840083599090576	-3.157910108566284	0.04078072681916134	-2.993123769760132	0.04773748680634898	-2.9749555587768555	0.04857020798876819	-1.1840083599090576	0.23433224801060962	HOS:C4	1	max	HOS	logo	17	230	96	0.7900000214576721	min_delta	0.30000001192092896	0.20000000298023224	type_confidence	0.9800000190734863	0.10000000149011612	0.30000001192092896	0.6399999856948853	0.8399999886751175	0.20999999344348907	0.4099999964237213	0.23000000417232513	0.4300000071525574	0.11999999731779099	0.3200000002980232	BFB	objectness_type_threshold	False	BFB	0.23433224801060962	0.18576204002184143	BFB	BFB	BFB:noncanonicalB	BFB:noncanonicalB	True	True	True	True	False	False	exact	True	1
HOS:chr7:19941203-28593136:5		HOS	chr7	p	19941203	28593136	candidate_region_empty		empty_candidate_region	candidate_region	5	5	5	candidate_region_with_context	20352832	28593136	sv_attention	0.5611	0.9524	HP1	0.5821	0.4429	59.0	0.0	0.8646	1.452	C5			chromosome_arm	0	59904000	402	402	8	5	5	8651934	5.779054717708203e-07	2.316576270692772	760179.0	1312417.0	1404569.0	False	0.8	0.5	1	2	0	2	0	0	0	0	0	0	0	0	6	0					2	0	0.0	2	2	0	2	sample_residual	coords	0	1			-2.241241693496704	0.09610762051249809	chromothripsis	0.3397309858636254	-0.6644932627677917	-3.4628264904022217	0.030388639606684326	-1.130207896232605	0.24412273643257001	-0.6644932627677917	0.3397309858636254	-4.550404071807861	0.010452525980986243	HOS:C5	1	max	HOS	logo	17	230	96	0.7900000214576721	min_delta	0.30000001192092896	0.20000000298023224	type_confidence	0.9800000190734863	0.10000000149011612	0.30000001192092896	0.6399999856948853	0.8399999886751175	0.20999999344348907	0.4099999964237213	0.23000000417232513	0.4300000071525574	0.11999999731779099	0.3200000002980232	none	none_objectness	False	chromothripsis	0.3397309858636254	0.09560824943105536		none		none	False	False	False	False	False	False	background	True	0
HOS:chr7:63000001-70353239:6	HOS:chr7:63000001-70353239:6	HOS	chr7	q	63000001	70353239	candidate_region_label	BFB	region	candidate_region	5	9	9	candidate_region_with_context	66303524	66780492	sv_attention	0.9616	0.0649	HP2	-0.3734	0.1645	18.0	45.0	0.7624	1.3065	C6	BFB	BFB:noncanonicalB	chromosome_arm	59904000	159300001	402	402	8	5	3	7353239	6.799724583955451e-07	2.068846803429074	57102.0	419282.0	3303525.0	False	0.6	0.25	0	1	2	1	1	0	0	0	0	0	0	0	5	0	3.0	3.0			2	0	1.0	0	1	1	0	sample_residual	coords	1	0	BFB:noncanonicalB	BFB	6.1502766609191895	0.9978716479435722	BFB	0.21119381560662537	-1.3177443742752075	-3.9916672706604004	0.01813398117902085	-2.7106196880340576	0.0623496132651562	-2.196640968322754	0.10005253707416473	-1.3177443742752075	0.21119381560662537	HOS:C6	1	max	HOS	logo	17	230	96	0.7900000214576721	min_delta	0.30000001192092896	0.20000000298023224	type_confidence	0.9800000190734863	0.10000000149011612	0.30000001192092896	0.6399999856948853	0.8399999886751175	0.20999999344348907	0.4099999964237213	0.23000000417232513	0.4300000071525574	0.11999999731779099	0.3200000002980232	BFB	objectness_type_threshold	False	BFB	0.21119381560662537	0.11114127853246064	BFB	BFB	BFB:noncanonicalB	BFB:noncanonicalB	True	True	True	True	False	False	exact	True	1
HOS:chr7:131039415-141230513:7		HOS	chr7	q	131039415	141230513	candidate_region_empty		empty_candidate_region	candidate_region	10	27	27	candidate_region_with_context	133004341	141230513	sv_attention	0.9979	0.8072	mixed_HP	-0.3333	1.0	28.0	28.0	0.0	0.6093	C7			chromosome_arm	59904000	159300001	402	402	8	10	10	10191099	9.8124844042826e-07	0.6092988597206248	229731.25	638715.5	1879282.0	False	0.6	0.3333333333333333	3	3	2	2	0	0	0	0	0	0	0	0	11	0					0	2	0.0	6	3	0	6	sample_residual	coords	0	1			0.19601458311080933	0.5488473459311022	chromothripsis	0.23717167271143288	-1.1682487726211548	-3.2939321994781494	0.035779938134411146	-1.5151698589324951	0.18017388375885635	-1.1682487726211548	0.23717167271143288	-3.864100456237793	0.02055059966197428	HOS:C7	1	max	HOS	logo	17	230	96	0.7900000214576721	min_delta	0.30000001192092896	0.20000000298023224	type_confidence	0.9800000190734863	0.10000000149011612	0.30000001192092896	0.6399999856948853	0.8399999886751175	0.20999999344348907	0.4099999964237213	0.23000000417232513	0.4300000071525574	0.11999999731779099	0.3200000002980232	none	none_objectness	False	chromothripsis	0.23717167271143288	0.05699778895257654		none		none	False	False	False	False	False	False	background	True	0
HOS:chr11:115215034-125184658:8	HOS:chr11:115215034-125184658:8	HOS	chr11	q	115215034	125184658	candidate_region_label	Seismic_Amplification;BFB	region	candidate_region	37	86	86	candidate_region_with_context	116499926	125184658	sv_attention	1.0	0.8711	HP1	0.4591	0.2788	741.0	92.0	1.5059	2.1712	C8	Seismic_Amplification;BFB	Seismic_Amplification:noncanonical;BFB:noncanonicalB	chromosome_arm	53714000	135050001	402	402	8	37	22	9969625	3.7112729917123262e-06	3.677196684930476	60873.0	176080.0	418622.0	False	0.2972972972972973	0.0555555555555555	4	2	5	3	6	4	5	3	4	1	0	0	42	0	1.0	30.0			12	8	6.0	5	10	1	5	sample_residual	coords	1	0	Seismic_Amplification:noncanonical;BFB:noncanonicalB	Seismic_Amplification;BFB	5.553064823150635	0.9961394008742489	Seismic_Amplification	0.2876679568646703	-0.9067372679710388	-2.2724218368530273	0.09343287289144932	-0.9067372679710388	0.2876679568646703	-2.2782692909240723	0.09293875111291665	-1.8415488004684448	0.13686822162369175	HOS:C8	1	max	HOS	logo	17	230	96	0.7900000214576721	min_delta	0.30000001192092896	0.20000000298023224	type_confidence	0.9800000190734863	0.10000000149011612	0.30000001192092896	0.6399999856948853	0.8399999886751175	0.20999999344348907	0.4099999964237213	0.23000000417232513	0.4300000071525574	0.11999999731779099	0.3200000002980232	Seismic_Amplification	objectness_type_threshold	False	Seismic_Amplification	0.2876679568646703	0.15079973524097853	Seismic_Amplification	Seismic_Amplification	Seismic_Amplification:noncanonical	Seismic_Amplification:noncanonical	True	False	True	False	False	True	partial_class	True	1
HOS:chr12:126179644-133275309:9	HOS:chr12:126179644-133275309:9	HOS	chr12	q	126179644	133275309	candidate_region_label	chromothripsis	region	candidate_region	8	13	13	candidate_region_with_context	126540473	133275309	sv_attention	0.9271	0.9491	HP2	-0.2816	0.0421	4.0	99.0	1.8379	0.0	C9	chromothripsis	chromothripsis:canonical	chromosome_arm	35807000	133265182	402	402	8	8	6	7095666	1.127448783525042e-06	1.8381702295457536	113039.5	358911.5	1457335.5	False	0.75	0.4285714285714285	1	1	4	2	0	0	0	0	0	0	0	0	7	0					3	1	0.0	1	2	0	1	sample_residual	coords	1	0	chromothripsis:canonical	chromothripsis	1.159242868423462	0.7611951128693676	chromothripsis	0.3196420485712373	-0.7554172873497009	-3.4266324043273926	0.03147342434516949	-2.059884548187256	0.11305740653500178	-0.7554172873497009	0.3196420485712373	-4.142994403839111	0.015627158428148026	HOS:C9	1	max	HOS	logo	17	230	96	0.7900000214576721	min_delta	0.30000001192092896	0.20000000298023224	type_confidence	0.9800000190734863	0.10000000149011612	0.30000001192092896	0.6399999856948853	0.8399999886751175	0.20999999344348907	0.4099999964237213	0.23000000417232513	0.4300000071525574	0.11999999731779099	0.3200000002980232	none	none_objectness	False	chromothripsis	0.3196420485712373	0.2065846420362355		none		none	False	False	False	False	False	False	wrong	False	0
HOS:chrX:40892836-45441048:10	HOS:chrX:40892836-45441048:10	HOS	chrX	p	40892836	45441048	candidate_region_label	BFB	region	candidate_region	3	8	8	candidate_region_with_context	41788423	43154488	sv_attention	0.9412	0.3004	HP2	-0.9744	0.9658	1.0	51.0	0.0	2.5992	C10	BFB	BFB:noncanonicalB	chromosome_arm	0	61090000	402	402	8	3	3	4548213	6.595997153167628e-07	2.5991773032617425	1129091.0	1362593.0	1826312.0	True	1.0	1.0	0	0	2	0	1	0	0	0	0	0	0	0	5	1	1.0	4.0	4.0	4.0	1	0	4.0	0	0	0	0	sample_residual	coords	1	0	BFB:noncanonicalB	BFB	4.85654878616333	0.9922827405979501	chromothripsis	0.1682210849367583	-1.598287582397461	-4.355753421783447	0.012670174057213154	-3.152618646621704	0.04098822013629689	-1.598287582397461	0.1682210849367583	-1.646508812904358	0.16158135191772988	HOS:C10	1	max	HOS	logo	17	230	96	0.7900000214576721	min_delta	0.30000001192092896	0.20000000298023224	type_confidence	0.9800000190734863	0.10000000149011612	0.30000001192092896	0.6399999856948853	0.8399999886751175	0.20999999344348907	0.4099999964237213	0.23000000417232513	0.4300000071525574	0.11999999731779099	0.3200000002980232	BFB	objectness_type_threshold	False	chromothripsis	0.1682210849367583	0.0066397330190284265	BFB	BFB	BFB:noncanonicalB	BFB:noncanonicalB	True	True	True	True	False	False	exact	True	1
HT3:chr2:192896152-201173028:1	HT3:chr2:192896152-201173028:1	HT3	chr2	q	192896152	201173028	candidate_region_label	BFB	region	candidate_region	5	11	11	candidate_region_with_context	194217448	201173028	sv_attention	0.9889	0.8404	HP1	0.3903	0.1871	164.0	41.0	1.9521	2.0692	C1	BFB	BFB:noncanonicalB	chromosome_arm	93989000	242150001	402	402	8	5	4	8276877	6.040925822626094e-07	4.021208724015109	418099.0	1321298.0	1629561.0	False	0.6	0.25	0	1	0	0	1	1	2	0	0	0	0	0	6	0	3.0	3.0			1	0	1.0	0	4	0	0	sample_residual	coords	1	0	BFB:noncanonicalB	BFB	4.700258255004883	0.9909890078036478	BFB	0.27858815967016687	-0.9514756202697754	-3.803399085998535	0.02180864016993799	-1.9153575897216797	0.12838015033665456	-2.3636474609375	0.08598709522154417	-0.9514756202697754	0.27858815967016687	HT3:C1	1	max	HT3	logo	18	231	98	0.7900000214576721	min_delta	0.30000001192092896	0.20000000298023224	type_confidence	0.9800000190734863	0.10000000149011612	0.30000001192092896	0.6399999856948853	0.8399999886751175	0.20999999344348907	0.4099999964237213	0.23000000417232513	0.4300000071525574	0.11999999731779099	0.3200000002980232	BFB	objectness_type_threshold	False	BFB	0.27858815967016687	0.1502080093335123	BFB	BFB	BFB:canonical	BFB:canonical	True	False	True	True	True	False	wrong_level	True	1
HT3:chr4:147311642-163986655:2	HT3:chr4:147311642-163986655:2	HT3	chr4	q	147311642	163986655	candidate_region_label	chromothripsis	region	candidate_region	21	49	49	candidate_region_with_context	147374470	163986655	sv_attention	1.0	0.9962	mixed_HP	0.2454	0.3	181.0	100.0	1.7647	1.2785	C2	chromothripsis	chromothripsis:noncanonical	chromosome_arm	50494000	190200001	402	402	8	21	17	16675014	1.259369257501073e-06	3.043193966733701	162938.0	298895.0	1079934.0	True	0.7619047619047619	0.6	0	2	8	3	8	0	0	0	0	0	0	0	23	0					5	9	0.0	0	9	0	0	sample_residual	coords	1	0	chromothripsis:noncanonical	chromothripsis	3.870363473892212	0.979575086243659	chromothripsis	0.5234803038343215	0.09399034827947617	-2.164806842803955	0.10295566363549243	-2.0221056938171387	0.1169014331259641	0.09399034827947617	0.5234803038343215	-2.3984248638153076	0.08329288738984943	HT3:C2	1	max	HT3	logo	18	231	98	0.7900000214576721	min_delta	0.30000001192092896	0.20000000298023224	type_confidence	0.9800000190734863	0.10000000149011612	0.30000001192092896	0.6399999856948853	0.8399999886751175	0.20999999344348907	0.4099999964237213	0.23000000417232513	0.4300000071525574	0.11999999731779099	0.3200000002980232	chromothripsis	objectness_type_threshold	False	chromothripsis	0.5234803038343215	0.4065788707083574	chromothripsis	chromothripsis	chromothripsis:canonical	chromothripsis:canonical	True	False	True	True	True	False	wrong_level	True	1
HT3:chr4:179056217-190214555:3	HT3:chr4:179056217-190214555:3	HT3	chr4	q	179056217	190214555	candidate_region_label	BFB	region	candidate_region	8	7	7	candidate_region_with_context	181975254	190214555	sv_attention	0.9179	0.7384	mixed_HP	0.3505	0.3	72.0	34.0	1.6545	0.8251	C3	BFB	BFB:noncanonicalB	chromosome_arm	50494000	190200001	402	402	8	8	7	11158339	7.169525858642581e-07	2.4789582033670063	480486.75	938966.5	1863332.75	False	0.625	0.2857142857142857	1	1	1	4	0	0	1	0	0	0	0	0	7	0	6.0	6.0			0	2	1.0	1	2	1	1	sample_residual	coords	1	0	BFB:noncanonicalB	BFB	5.283630847930908	0.9949516407686859	BFB	0.293934548963662	-0.8763508200645447	-2.39589524269104	0.08348624078480035	-2.155745029449463	0.103795590873195	-1.3903071880340576	0.199358720557287	-0.8763508200645447	0.293934548963662	HT3:C3	1	max	HT3	logo	18	231	98	0.7900000214576721	min_delta	0.30000001192092896	0.20000000298023224	type_confidence	0.9800000190734863	0.10000000149011612	0.30000001192092896	0.6399999856948853	0.8399999886751175	0.20999999344348907	0.4099999964237213	0.23000000417232513	0.4300000071525574	0.11999999731779099	0.3200000002980232	BFB	objectness_type_threshold	False	BFB	0.293934548963662	0.09457582840637499	BFB	BFB	BFB:canonical	BFB:canonical	True	False	True	True	True	False	wrong_level	True	1
HT3:chr9:0-9058989:4		HT3	chr9	p	0	9058989	candidate_region_empty		empty_candidate_region	candidate_region	5	12	12	candidate_region_with_context	5685338	9058989	sv_attention	0.9657	0.3724	HP2	-0.3333	0.1111	0.0	152.0	5.7403	0.0	C4			chromosome_arm	0	49224000	402	402	8	5	5	9058990	5.519379091929674e-07	5.740326570622111	537797.0	1047432.0	2962296.0	False	0.6	0.5	0	0	0	0	2	0	0	1	2	0	0	0	5	0					0	2	0.0	0	3	0	0	sample_residual	coords	0	1			2.79233980178833	0.9422604750198	Seismic_Amplification	0.4026957797101025	-0.3942451775074005	-2.312662124633789	0.09007970447622017	-0.3942451775074005	0.4026957797101025	-3.383166551589966	0.032825713672033914	-3.4615824222564697	0.030425317709990254	HT3:C4	1	max	HT3	logo	18	231	98	0.7900000214576721	min_delta	0.30000001192092896	0.20000000298023224	type_confidence	0.9800000190734863	0.10000000149011612	0.30000001192092896	0.6399999856948853	0.8399999886751175	0.20999999344348907	0.4099999964237213	0.23000000417232513	0.4300000071525574	0.11999999731779099	0.3200000002980232	Seismic_Amplification	objectness_type_threshold	False	Seismic_Amplification	0.4026957797101025	0.31261607523388235	Seismic_Amplification	Seismic_Amplification	Seismic_Amplification:noncanonical	Seismic_Amplification:noncanonical	True	False	False	False	False	False	background	False	1
HT3:chr16:0-2274184:5	HT3:chr16:0-2274184:5	HT3	chr16	p	0	2274184	candidate_region_label	BFB	region	candidate_region	2	3	3	candidate_region_with_context	2240543	2274184	sv_attention	0.4198	0.0148	mixed_HP	0.4667	0.5	3.0	2.0	2.9852	0.0	C5	BFB	BFB:noncanonicalB	chromosome_arm	0	36800000	402	402	8	2	1	2274185	8.794359297946298e-07	2.9852078876608545	585366.25	1137092.5	1688818.75	False	0.0	0.0	0	0	1	1	0	0	0	0	0	0	0	0	2	0	1.0	2.0			0	0	2.0	0	0	0	0	sample_residual	coords	1	0	BFB:noncanonicalB	BFB	7.068169116973877	0.9991489337183282	BFB	0.2279696563992993	-1.2198113203048706	-4.038309097290039	0.01732191541164945	-2.452414035797119	0.07926219454443006	-2.8036394119262695	0.05712782549242692	-1.2198113203048706	0.2279696563992993	HT3:C5	1	max	HT3	logo	18	231	98	0.7900000214576721	min_delta	0.30000001192092896	0.20000000298023224	type_confidence	0.9800000190734863	0.10000000149011612	0.30000001192092896	0.6399999856948853	0.8399999886751175	0.20999999344348907	0.4099999964237213	0.23000000417232513	0.4300000071525574	0.11999999731779099	0.3200000002980232	BFB	objectness_type_threshold	False	BFB	0.2279696563992993	0.14870746185486924	BFB	BFB	BFB:noncanonicalB	BFB:noncanonicalB	True	True	True	True	False	False	exact	True	1
HT3:chr17:36065957-43130302:6	HT3:chr17:36065957-43130302:6	HT3	chr17	q	36065957	43130302	candidate_region_label	chromothripsis	region	candidate_region	9	11	11	candidate_region_with_context	37126455	43130301	sv_attention	0.8669	0.8499	mixed_HP	-0.011	0.3557	36.0	61.0	2.8645	1.0	C6	chromothripsis	chromothripsis:canonical	chromosome_arm	25150000	83250001	402	402	8	9	8	7064346	1.2740032835311294e-06	3.8644794578295	194692.0	322900.0	555756.0	True	0.7777777777777778	0.625	0	0	0	3	4	1	1	0	0	0	0	0	10	0					2	3	0.0	0	4	1	0	sample_residual	coords	1	0	chromothripsis:canonical	chromothripsis	4.869004249572754	0.9923775383529272	chromothripsis	0.5650454796579878	0.2616647481918335	-4.6210761070251465	0.009746274328450374	-3.433567762374878	0.03126270045140394	0.2616647481918335	0.5650454796579878	-3.1595940589904785	0.04071490553577667	HT3:C6	1	max	HT3	logo	18	231	98	0.7900000214576721	min_delta	0.30000001192092896	0.20000000298023224	type_confidence	0.9800000190734863	0.10000000149011612	0.30000001192092896	0.6399999856948853	0.8399999886751175	0.20999999344348907	0.4099999964237213	0.23000000417232513	0.4300000071525574	0.11999999731779099	0.3200000002980232	chromothripsis	objectness_type_threshold	False	chromothripsis	0.5650454796579878	0.5243305741222111	chromothripsis	chromothripsis	chromothripsis:canonical	chromothripsis:canonical	True	True	True	True	False	False	exact	True	1
HT3:chr17:68545640-70759442:7	HT3:chr17:68545640-70759442:7	HT3	chr17	q	68545640	70759442	candidate_region_label	Seismic_Amplification;BFB	region	candidate_region	4	7	7	candidate_region_with_context	69872471	70759442	sv_attention	0.9182	0.4007	HP2	-0.3438	0.1251	0.0	58.0	7.6744	0.1227	C7	Seismic_Amplification;BFB	Seismic_Amplification:canonical;BFB:noncanonicalB	chromosome_arm	25150000	83250001	402	402	8	4	4	2213803	1.8068455052233645e-06	7.797054209430559	141130.25	380961.0	793281.5	False	0.5	0.3333333333333333	0	0	0	1	0	1	0	0	2	0	0	0	5	0	2.0	5.0			0	0	2.0	0	3	0	0	sample_residual	coords	1	0	Seismic_Amplification:canonical;BFB:noncanonicalB	Seismic_Amplification;BFB	5.662801265716553	0.9965392433354724	Seismic_Amplification	0.38303910272676983	-0.4766685664653778	-4.142253875732422	0.015638554022228527	-0.4766685664653778	0.38303910272676983	-3.779510021209717	0.0223241303576513	-1.1360749006271362	0.2430417426579472	HT3:C7	1	max	HT3	logo	18	231	98	0.7900000214576721	min_delta	0.30000001192092896	0.20000000298023224	type_confidence	0.9800000190734863	0.10000000149011612	0.30000001192092896	0.6399999856948853	0.8399999886751175	0.20999999344348907	0.4099999964237213	0.23000000417232513	0.4300000071525574	0.11999999731779099	0.3200000002980232	Seismic_Amplification	objectness_type_threshold	False	Seismic_Amplification	0.38303910272676983	0.13999736006882263	Seismic_Amplification	Seismic_Amplification	Seismic_Amplification:noncanonical	Seismic_Amplification:noncanonical	True	False	True	False	False	True	partial_class	True	1
HeLa:chr2:178861687-197623598:1	HeLa:chr2:178861687-197623598:1	HeLa	chr2	q	178861687	197623598	candidate_region_label	chromothripsis	region	candidate_region	18	64	64	candidate_region_with_context	179401176	197623598	sv_attention	1.0	0.9712	HP2	-0.5176	0.3568	46.0	174.0	1.0538	2.3972	C1	chromothripsis	chromothripsis:noncanonical	chromosome_arm	93989000	242150001	402	402	8	17	12	18761912	9.593904928239724e-07	3.4509764783034904	67205.75	232167.5	845448.5	False	0.6111111111111112	0.2941176470588235	0	0	5	4	6	3	0	0	0	0	0	0	19	0					2	6	0.0	0	11	0	0	sample_residual	coords	1	0	chromothripsis:noncanonical	chromothripsis	2.882796287536621	0.9469894141168637	chromothripsis	0.5182597050121482	0.07307131588459015	-2.2819602489471436	0.09262806628503563	-2.4629080295562744	0.07849971953001966	0.07307131588459015	0.5182597050121482	-2.736514091491699	0.06085281741801681	HeLa:C1	1	max	HeLa	logo	19	231	98	0.7900000214576721	min_delta	0.30000001192092896	0.20000000298023224	type_confidence	0.9800000190734863	0.10000000149011612	0.30000001192092896	0.6399999856948853	0.8399999886751175	0.20999999344348907	0.4099999964237213	0.23000000417232513	0.4300000071525574	0.11999999731779099	0.3200000002980232	chromothripsis	objectness_type_threshold	False	chromothripsis	0.5182597050121482	0.4256316387271126	chromothripsis	chromothripsis	chromothripsis:canonical	chromothripsis:canonical	True	False	True	True	True	False	wrong_level	True	1
HeLa:chr5:31906131-45999999:2	HeLa:chr5:31906131-45999999:2	HeLa	chr5	p	31906131	45999999	candidate_region_label	Seismic_Amplification	region	candidate_region	16	34	34	candidate_region_with_context	34087958	45999999	sv_attention	0.9855	0.8452	mixed_HP	-0.387	0.5093	43.0	64.0	0.9747	7.4459	C2	Seismic_Amplification	Seismic_Amplification:canonical	chromosome_arm	0	48464000	402	402	8	16	13	14093869	1.1352454035155286e-06	8.420673201943341	115396.75	428698.5	1605651.5	False	0.4375	0.1333333333333333	1	0	0	0	0	0	2	4	6	3	0	0	17	0					5	4	0.0	0	8	0	0	sample_residual	coords	1	0	Seismic_Amplification:canonical	Seismic_Amplification	2.590747833251953	0.9302637470037319	Seismic_Amplification	0.6971058606484523	0.8335539102554321	-3.7085800170898438	0.023925828407439606	0.8335539102554321	0.6971058606484523	-3.584343671798706	0.027005347829336796	-3.1473331451416016	0.04119648840764207	HeLa:C2	1	max	HeLa	logo	19	231	98	0.7900000214576721	min_delta	0.30000001192092896	0.20000000298023224	type_confidence	0.9800000190734863	0.10000000149011612	0.30000001192092896	0.6399999856948853	0.8399999886751175	0.20999999344348907	0.4099999964237213	0.23000000417232513	0.4300000071525574	0.11999999731779099	0.3200000002980232	Seismic_Amplification	objectness_type_threshold	False	Seismic_Amplification	0.6971058606484523	0.6559093722408101	Seismic_Amplification	Seismic_Amplification	Seismic_Amplification:canonical	Seismic_Amplification:canonical	True	True	True	True	False	False	exact	True	1
HeLa:chr6:33257934-38053809:3		HeLa	chr6	p	33257934	38053809	candidate_region_empty		empty_candidate_region	candidate_region	4	4	4	candidate_region_with_context	37646120	38053809	sv_attention	0.6086	0.085	mixed_HP	-0.25	0.2	1.0	15.0	4.9627	0.0	C3			chromosome_arm	0	60589000	402	402	8	4	4	4795876	8.34049921223985e-07	4.962686691649242	346490.5	578612.0	1431090.5	False	0.75	0.3333333333333333	0	0	0	0	1	1	2	0	0	0	0	0	5	0					0	4	0.0	1	0	0	1	sample_residual	coords	0	1			-2.049208879470825	0.11413234401809527	chromothripsis	0.36420104887571797	-0.5571763515472412	-4.720454692840576	0.008832419005137326	-2.139551877975464	0.10531160459216467	-0.5571763515472412	0.36420104887571797	-4.414398670196533	0.011957126031950474	HeLa:C3	1	max	HeLa	logo	19	231	98	0.7900000214576721	min_delta	0.30000001192092896	0.20000000298023224	type_confidence	0.9800000190734863	0.10000000149011612	0.30000001192092896	0.6399999856948853	0.8399999886751175	0.20999999344348907	0.4099999964237213	0.23000000417232513	0.4300000071525574	0.11999999731779099	0.3200000002980232	none	none_objectness	False	chromothripsis	0.36420104887571797	0.2588894442835533		none		none	False	False	False	False	False	False	background	True	0
HeLa:chr11:20400801-30278058:4	HeLa:chr11:20400801-30278058:4	HeLa	chr11	p	20400801	30278058	candidate_region_label	chromothripsis	region	candidate_region	10	15	15	candidate_region_with_context	25240276	30278058	sv_attention	0.9965	0.51	HP1	0.4627	0.2837	93.0	16.0	1.8445	1.9376	C4	chromothripsis	chromothripsis:noncanonical	chromosome_arm	0	53714000	402	402	8	10	9	9877258	1.0124267281466172e-06	3.782091851807455	411898.5	982488.5	1335461.0	False	0.6	0.2222222222222222	0	0	2	1	4	2	1	0	0	0	0	0	11	0					5	2	0.0	0	3	1	0	sample_residual	coords	1	0	chromothripsis:noncanonical	chromothripsis	1.7650516033172607	0.8538412096283454	chromothripsis	0.5919737858226514	0.3721309304237366	-3.621628522872925	0.02604273655966447	-2.913132667541504	0.051508173533774605	0.3721309304237366	0.5919737858226514	-3.47951602935791	0.029900714983101605	HeLa:C4	1	max	HeLa	logo	19	231	98	0.7900000214576721	min_delta	0.30000001192092896	0.20000000298023224	type_confidence	0.9800000190734863	0.10000000149011612	0.30000001192092896	0.6399999856948853	0.8399999886751175	0.20999999344348907	0.4099999964237213	0.23000000417232513	0.4300000071525574	0.11999999731779099	0.3200000002980232	chromothripsis	objectness_type_threshold	False	chromothripsis	0.5919737858226514	0.5404656122888768	chromothripsis	chromothripsis	chromothripsis:canonical	chromothripsis:canonical	True	False	True	True	True	False	wrong_level	True	1
HeLa:chr11:44892122-75358809:5	HeLa:chr11:44892122-75358809:5	HeLa	chr11	mixed	44892122	75358809	candidate_region_label	Seismic_Amplification;chromothripsis;BFB	region	candidate_region	22	42	42	candidate_region_with_context	44942904	75358809	sv_attention	1.0	0.9983	HP1	0.317	0.0893	183.0	72.0	1.8356	1.5627	C5	Seismic_Amplification;chromothripsis;BFB	Seismic_Amplification:canonical;chromothripsis:noncanonical;BFB:noncanonicalB	chromosome	0	135050001	402	402	8	19	16	30466688	7.221001508270279e-07	3.398280968380941	97899.0	537343.5	2181391.75	False	0.5454545454545454	0.2857142857142857	1	0	1	2	7	5	4	1	1	0	0	0	19	0	17.0	17.0			1	7	1.0	0	10	0	0	sample_residual	coords	1	0	Seismic_Amplification:canonical;chromothripsis:noncanonical;BFB:noncanonicalB	Seismic_Amplification;chromothripsis;BFB	7.957411766052246	0.9996500645198052	Seismic_Amplification	0.8230260285676465	1.536985158920288	-7.438554763793945	0.00058778887804274	1.536985158920288	0.8230260285676465	-2.779378652572632	0.058448740455532534	-0.9635134339332581	0.27617529860820467	HeLa:C5	1	max	HeLa	logo	19	231	98	0.7900000214576721	min_delta	0.30000001192092896	0.20000000298023224	type_confidence	0.9800000190734863	0.10000000149011612	0.30000001192092896	0.6399999856948853	0.8399999886751175	0.20999999344348907	0.4099999964237213	0.23000000417232513	0.4300000071525574	0.11999999731779099	0.3200000002980232	Seismic_Amplification	objectness_type_threshold	False	Seismic_Amplification	0.8230260285676465	0.5468507299594418	Seismic_Amplification	Seismic_Amplification	Seismic_Amplification:canonical	Seismic_Amplification:canonical	True	False	True	False	False	True	partial_class	True	1
HeLa:chr12:44288126-56020661:6	HeLa:chr12:44288126-56020661:6	HeLa	chr12	q	44288126	56020661	candidate_region_label	Seismic_Amplification	region	candidate_region	11	18	18	candidate_region_with_context	48210126	51883100	sv_attention	0.9469	0.3131	HP2	-0.5232	0.3642	4.0	76.0	3.4213	2.1398	C6	Seismic_Amplification	Seismic_Amplification:noncanonical	chromosome_arm	35807000	133250001	402	402	8	11	8	11732536	9.375637117158644e-07	5.561089776327982	103645.0	731541.0	1891924.5	False	0.6363636363636364	0.3	0	0	0	0	1	4	3	1	2	0	0	0	12	0					2	9	0.0	1	0	0	1	sample_residual	coords	1	0	Seismic_Amplification:noncanonical	Seismic_Amplification	1.6195311546325684	0.8347304601536044	Seismic_Amplification	0.45422843132553903	-0.1836002916097641	-4.0323615074157715	0.01742344566426794	-0.1836002916097641	0.45422843132553903	-1.3299957513809204	0.2091600679853432	-3.830188274383545	0.02124440755329533	HeLa:C6	1	max	HeLa	logo	19	231	98	0.7900000214576721	min_delta	0.30000001192092896	0.20000000298023224	type_confidence	0.9800000190734863	0.10000000149011612	0.30000001192092896	0.6399999856948853	0.8399999886751175	0.20999999344348907	0.4099999964237213	0.23000000417232513	0.4300000071525574	0.11999999731779099	0.3200000002980232	Seismic_Amplification	objectness_type_threshold	False	Seismic_Amplification	0.45422843132553903	0.24506836334019583	Seismic_Amplification	Seismic_Amplification	Seismic_Amplification:noncanonical	Seismic_Amplification:noncanonical	True	True	True	True	False	False	exact	True	1
HeLa:chr17:59834629-64566240:7	HeLa:chr17:59834629-64566240:7	HeLa	chr17	q	59834629	64566240	candidate_region_label	chromothripsis	region	candidate_region	8	13	13	candidate_region_with_context	63799201	64566240	sv_attention	0.8941	0.1621	mixed_HP	0.1219	0.9545	28.0	27.0	2.0635	1.0411	C7	chromothripsis	chromothripsis:noncanonical	chromosome_arm	25150000	83250001	402	402	8	8	4	4731612	1.6907557086253058e-06	3.1045459771426738	32495.5	98503.5	245052.0	False	0.5	0.1428571428571428	1	0	1	3	1	1	1	0	0	0	0	0	9	0					1	2	0.0	3	3	0	3	sample_residual	coords	1	0	chromothripsis:noncanonical	chromothripsis	2.2776360511779785	0.9070078522926981	chromothripsis	0.5381824830332126	0.15302786231040955	-4.64767599105835	0.00949287077980977	-2.6447432041168213	0.06631374941608076	0.15302786231040955	0.5381824830332126	-3.3311071395874023	0.03451931281546726	HeLa:C7	1	max	HeLa	logo	19	231	98	0.7900000214576721	min_delta	0.30000001192092896	0.20000000298023224	type_confidence	0.9800000190734863	0.10000000149011612	0.30000001192092896	0.6399999856948853	0.8399999886751175	0.20999999344348907	0.4099999964237213	0.23000000417232513	0.4300000071525574	0.11999999731779099	0.3200000002980232	chromothripsis	objectness_type_threshold	False	chromothripsis	0.5381824830332126	0.47186873361713183	chromothripsis	chromothripsis	chromothripsis:canonical	chromothripsis:canonical	True	False	True	True	True	False	wrong_level	True	1
JHUS_nk1:chr4:52000001-57524617:1	JHUS_nk1:chr4:52000001-57524617:1	JHUS_nk1	chr4	q	52000001	57524617	candidate_region_label	BFB	region	candidate_region	5	7	7	candidate_region_with_context	53635459	55783094	sv_attention	0.9082	0.3887	HP1	0.664	0.5519	43.0	5.0	2.3814	1.0	C1	BFB	BFB:noncanonicalB	chromosome_arm	50494000	190200001	402	402	8	5	5	5524617	9.05040114092977e-07	3.3813791978701877	738681.0	1260432.0	1402448.0	False	0.6	0.0	0	0	1	1	2	1	0	0	0	0	0	0	5	0	1.0	3.0			0	0	2.0	2	0	1	2	sample_residual	coords	1	0	BFB:noncanonicalB	BFB	2.661193609237671	0.9346975599452579	chromothripsis	0.26759187934188294	-1.006874918937683	-3.617457866668701	0.026148732590873996	-3.5322163105010986	0.02840934853548893	-1.006874918937683	0.26759187934188294	-1.7682136297225952	0.14576462221025924	JHUS_nk1:C1	1	max	JHUS_nk1	logo	20	232	99	0.7900000214576721	min_delta	0.30000001192092896	0.20000000298023224	type_confidence	0.9800000190734863	0.10000000149011612	0.30000001192092896	0.6399999856948853	0.8399999886751175	0.20999999344348907	0.4099999964237213	0.23000000417232513	0.4300000071525574	0.11999999731779099	0.3200000002980232	chromothripsis	objectness_type_threshold	False	chromothripsis	0.26759187934188294	0.1218272571316237	chromothripsis	chromothripsis	chromothripsis:noncanonicalB	chromothripsis:noncanonicalB	True	False	False	False	False	False	wrong	True	1
JHUS_nk1:chr5:52000001-54127521:2	JHUS_nk1:chr5:52000001-54127521:2	JHUS_nk1	chr5	q	52000001	54127521	candidate_region_label	BFB	region	candidate_region	2	3	3	candidate_region_with_context	53028878	53033834	sv_attention	0.3933	0.0023	mixed_HP	-0.1957	0.8913	12.0	11.0	0.4836	2.4836	C2	BFB	BFB:noncanonicalB	chromosome_arm	48464000	181500001	402	402	8	2	2	2127521	9.400612261876616e-07	2.967209254338735	1046319.75	1063760.5	1081201.25	False	0.0	0.0	0	0	1	0	1	0	0	0	0	0	0	0	2	0	1.0	1.0			0	0	1.0	0	1	0	0	sample_residual	coords	1	0	BFB:noncanonicalB	BFB	3.9150431156158447	0.9804501294224982	BFB	0.2751239823647148	-0.9687787890434265	-3.2990336418151855	0.03560435592309932	-2.4869298934936523	0.07677953756501249	-2.994778633117676	0.04766231528119678	-0.9687787890434265	0.2751239823647148	JHUS_nk1:C2	1	max	JHUS_nk1	logo	20	232	99	0.7900000214576721	min_delta	0.30000001192092896	0.20000000298023224	type_confidence	0.9800000190734863	0.10000000149011612	0.30000001192092896	0.6399999856948853	0.8399999886751175	0.20999999344348907	0.4099999964237213	0.23000000417232513	0.4300000071525574	0.11999999731779099	0.3200000002980232	BFB	objectness_type_threshold	False	BFB	0.2751239823647148	0.1983444447997023	BFB	BFB	BFB:canonical	BFB:canonical	True	False	True	True	True	False	wrong_level	True	1
JHUS_nk1:chr8:93211252-107679084:3	JHUS_nk1:chr8:93211252-107679084:3	JHUS_nk1	chr8	q	93211252	107679084	candidate_region_label	Seismic_Amplification;BFB	region	candidate_region	17	31	31	candidate_region_with_context	97159664	107679084	sv_attention	1.0	0.7271	HP1	0.5235	0.3647	228.0	10.0	2.3198	3.9622	C3	Seismic_Amplification;BFB	Seismic_Amplification:noncanonical;BFB:noncanonicalB	chromosome_arm	45644000	145100001	402	402	8	17	15	14467833	1.1750204747317722e-06	6.281936831866942	303561.0	414881.0	1000499.0	False	0.4117647058823529	0.0625	1	0	0	1	1	4	2	1	6	1	0	0	17	1	12.0	12.0	12.0	12.0	3	0	1.0	5	8	0	5	sample_residual	coords	1	0	Seismic_Amplification:noncanonical;BFB:noncanonicalB	Seismic_Amplification;BFB	5.3870134353637695	0.9954452225933327	ecDNA	0.5873035027910058	0.3528292775154114	0.3528292775154114	0.5873035027910058	-0.33663010597229004	0.41662829614870917	-3.944920063018799	0.01898534443218274	-0.5035787224769592	0.37670002503872896	JHUS_nk1:C3	1	max	JHUS_nk1	logo	20	232	99	0.7900000214576721	min_delta	0.30000001192092896	0.20000000298023224	type_confidence	0.9800000190734863	0.10000000149011612	0.30000001192092896	0.6399999856948853	0.8399999886751175	0.20999999344348907	0.4099999964237213	0.23000000417232513	0.4300000071525574	0.11999999731779099	0.3200000002980232	Seismic_Amplification	objectness_type_threshold	False	ecDNA	0.5873035027910058	0.17067520664229668	Seismic_Amplification;BFB	Seismic_Amplification;BFB	Seismic_Amplification:noncanonical;BFB:canonical	Seismic_Amplification:noncanonical;BFB:canonical	True	False	True	True	True	False	wrong_level	True	2
JHUS_nk1:chr18:22000001-30714668:4	JHUS_nk1:chr18:22000001-30714668:4	JHUS_nk1	chr18	q	22000001	30714668	candidate_region_label	chromothripsis	region	candidate_region	9	16	16	candidate_region_with_context	28206935	30714668	sv_attention	0.9991	0.2878	HP1	0.3795	0.1726	82.0	17.0	0.9924	1.4126	C4	chromothripsis	chromothripsis:noncanonicalB	chromosome_arm	18540000	80350001	402	402	8	9	9	8714668	1.0327415800578978e-06	2.405044231174384	388287.0	748173.0	893605.0	True	0.8888888888888888	0.75	0	0	3	5	1	0	0	0	0	0	0	0	9	0					3	0	0.0	2	3	1	2	sample_residual	coords	1	0	chromothripsis:noncanonicalB	chromothripsis	4.368548393249512	0.987488892430515	chromothripsis	0.5717250372292426	0.2888927459716797	-3.5317349433898926	0.028422638371066438	-2.9236903190612793	0.05099481414295615	0.2888927459716797	0.5717250372292426	-3.566200017929077	0.02748620500282318	JHUS_nk1:C4	1	max	JHUS_nk1	logo	20	232	99	0.7900000214576721	min_delta	0.30000001192092896	0.20000000298023224	type_confidence	0.9800000190734863	0.10000000149011612	0.30000001192092896	0.6399999856948853	0.8399999886751175	0.20999999344348907	0.4099999964237213	0.23000000417232513	0.4300000071525574	0.11999999731779099	0.3200000002980232	chromothripsis	objectness_type_threshold	False	chromothripsis	0.5717250372292426	0.5207302230862865	chromothripsis	chromothripsis	chromothripsis:canonical	chromothripsis:canonical	True	False	True	True	True	False	wrong_level	True	1
JHUS_nk1:chrX:0-3711885:5	JHUS_nk1:chrX:0-3711885:5	JHUS_nk1	chrX	p	0	3711885	candidate_region_label	chromothripsis	region	candidate_region	4	5	5	candidate_region_with_context	522242	2319651	sv_attention	0.8495	0.4842	HP1	0.5507	0.401	40.0	1.0	1.0	1.6675	C5	chromothripsis	chromothripsis:noncanonicalB	chromosome_arm	0	61090000	402	402	8	4	4	3711886	1.0776193018858875e-06	2.6675210391698454	664471.0	898704.0	1162204.5	True	1.0	1.0	0	0	2	2	0	0	0	0	0	0	0	0	4	0					0	0	0.0	4	0	0	4	sample_residual	coords	1	0	chromothripsis:noncanonicalB	chromothripsis	3.9543614387512207	0.981189703985144	chromothripsis	0.3168910783932431	-0.7680962085723877	-3.488757848739624	0.029633802171822248	-2.437804698944092	0.0803349544047165	-0.7680962085723877	0.3168910783932431	-3.033090353012085	0.04595315118451954	JHUS_nk1:C5	1	max	JHUS_nk1	logo	20	232	99	0.7900000214576721	min_delta	0.30000001192092896	0.20000000298023224	type_confidence	0.9800000190734863	0.10000000149011612	0.30000001192092896	0.6399999856948853	0.8399999886751175	0.20999999344348907	0.4099999964237213	0.23000000417232513	0.4300000071525574	0.11999999731779099	0.3200000002980232	chromothripsis	objectness_type_threshold	False	chromothripsis	0.3168910783932431	0.2365561239885266	chromothripsis	chromothripsis	chromothripsis:noncanonical	chromothripsis:noncanonical	True	False	True	True	True	False	wrong_level	True	1
MDA_MD_361:chr1:176691368-179785347:1	MDA_MD_361:chr1:176691368-179785347:1	MDA_MD_361	chr1	q	176691368	179785347	candidate_region_label	chromothripsis	region	candidate_region	4	4	4	candidate_region_with_context	177862139	178038239	sv_attention	0.8612	0.0569	HP1	0.4753	0.3004	29.0	4.0	1.0	1.1961	C1	chromothripsis	chromothripsis:noncanonicalB	chromosome_arm	123459000	248950001	402	402	8	4	4	3093980	1.292833179270713e-06	2.196050717845623	366883.25	585386.5	991998.25	True	1.0	1.0	0	0	2	2	0	0	0	0	0	0	0	0	5	0					0	0	0.0	4	1	0	4	sample_residual	coords	1	0	chromothripsis:noncanonicalB	chromothripsis	4.158479690551758	0.9846092728550662	chromothripsis	0.1904527212952209	-1.4470711946487427	-3.999363422393799	0.017997457096013445	-1.8294546604156494	0.1383032514510376	-1.4470711946487427	0.1904527212952209	-2.3729724884033203	0.08525703422694593	MDA_MD_361:C1	1	max	MDA_MD_361	logo	21	224	99	0.7900000214576721	min_delta	0.30000001192092896	0.20000000298023224	type_confidence	0.9800000190734863	0.10000000149011612	0.30000001192092896	0.6399999856948853	0.8399999886751175	0.20999999344348907	0.4099999964237213	0.23000000417232513	0.4300000071525574	0.11999999731779099	0.3200000002980232	none	none_type_threshold	False	chromothripsis	0.1904527212952209	0.05214946984418328		none		none	False	False	False	False	False	False	wrong	False	0
MDA_MD_361:chr2:104483566-107670061:2	MDA_MD_361:chr2:104483566-107670061:2	MDA_MD_361	chr2	q	104483566	107670061	candidate_region_label	BFB	region	candidate_region	2	3	3	candidate_region_with_context	105451153	105452383	sv_attention	0.3935	0.0004	HP1	0.7693	0.6924	38.0	1.0	2.3927	1.0	C2	BFB	BFB:noncanonicalB	chromosome_arm	93989000	242150001	402	402	8	2	2	3186496	6.276486774187069e-07	3.3926940438651108	1280418.5	1593248.0	1906077.5	False	0.0	0.0	0	0	1	0	1	0	0	0	0	0	0	0	3	0	2.0	2.0			0	0	1.0	0	2	0	0	sample_residual	coords	1	0	BFB:noncanonicalB	BFB	5.692599773406982	0.9966405060388117	BFB	0.32814936542907014	-0.7165671586990356	-3.6152329444885254	0.02620544995433708	-3.0003440380096436	0.047410333109254514	-2.698045253753662	0.0630887997455145	-0.7165671586990356	0.32814936542907014	MDA_MD_361:C2	1	max	MDA_MD_361	logo	21	224	99	0.7900000214576721	min_delta	0.30000001192092896	0.20000000298023224	type_confidence	0.9800000190734863	0.10000000149011612	0.30000001192092896	0.6399999856948853	0.8399999886751175	0.20999999344348907	0.4099999964237213	0.23000000417232513	0.4300000071525574	0.11999999731779099	0.3200000002980232	BFB	objectness_type_threshold	False	BFB	0.32814936542907014	0.2650605656835556	BFB	BFB	BFB:canonical	BFB:canonical	True	False	True	True	True	False	wrong_level	True	1
MDA_MD_361:chr2:155750530-163816134:3	MDA_MD_361:chr2:155750530-163816134:3	MDA_MD_361	chr2	q	155750530	163816134	candidate_region_label	chromothripsis	region	candidate_region	6	9	9	candidate_region_with_context	155752450	163816134	sv_attention	0.9698	0.9998	mixed_HP	0.0222	0.9074	26.0	28.0	1.5094	1.1368	C3	chromothripsis	chromothripsis:noncanonicalB	chromosome_arm	93989000	242150001	402	402	8	6	6	8065605	7.438995586815868e-07	2.6462016178575567	743264.5	1029560.0	1195207.5	True	1.0	1.0	0	0	3	3	0	0	0	0	0	0	0	0	7	0					0	2	0.0	4	1	0	4	sample_residual	coords	1	0	chromothripsis:noncanonicalB	chromothripsis	4.382832050323486	0.9876641377764571	chromothripsis	0.29415229865069337	-0.8753018379211426	-3.7094249725341797	0.023906103774842823	-2.0241997241973877	0.11668542824002745	-0.8753018379211426	0.29415229865069337	-2.509528636932373	0.07519288099411613	MDA_MD_361:C3	1	max	MDA_MD_361	logo	21	224	99	0.7900000214576721	min_delta	0.30000001192092896	0.20000000298023224	type_confidence	0.9800000190734863	0.10000000149011612	0.30000001192092896	0.6399999856948853	0.8399999886751175	0.20999999344348907	0.4099999964237213	0.23000000417232513	0.4300000071525574	0.11999999731779099	0.3200000002980232	chromothripsis	objectness_type_threshold	False	chromothripsis	0.29415229865069337	0.17746687041066592	chromothripsis	chromothripsis	chromothripsis:noncanonical	chromothripsis:noncanonical	True	False	True	True	True	False	wrong_level	True	1
MDA_MD_361:chr6:0-45857529:4	MDA_MD_361:chr6:0-45857529:4	MDA_MD_361	chr6	p	0	45857529	candidate_region_label	chromothripsis	region	candidate_region	24	76	76	candidate_region_with_context	1637831	45857529	sv_attention	1.0	0.9643	HP1	0.512	0.3494	349.0	70.0	1.8837	1.2444	C4	chromothripsis	chromothripsis:noncanonical	chromosome_arm	0	60589000	402	402	8	24	24	45857530	5.233600675832301e-07	3.1281659304371603	661767.75	1561175.5	2772103.5	False	0.7083333333333334	0.4347826086956521	0	3	3	11	6	1	0	0	0	0	0	0	25	0					3	5	0.0	10	6	1	10	sample_residual	coords	1	0	chromothripsis:noncanonical	chromothripsis	3.0315678119659424	0.9539800522306001	chromothripsis	0.4139468552123165	-0.34767287969589233	-1.1565260887145996	0.2392990858870065	-1.4992402791976929	0.18253886080771758	-0.34767287969589233	0.4139468552123165	-3.8911142349243164	0.020013843529591742	MDA_MD_361:C4	1	max	MDA_MD_361	logo	21	224	99	0.7900000214576721	min_delta	0.30000001192092896	0.20000000298023224	type_confidence	0.9800000190734863	0.10000000149011612	0.30000001192092896	0.6399999856948853	0.8399999886751175	0.20999999344348907	0.4099999964237213	0.23000000417232513	0.4300000071525574	0.11999999731779099	0.3200000002980232	chromothripsis	objectness_type_threshold	False	chromothripsis	0.4139468552123165	0.17464776932531	chromothripsis	chromothripsis	chromothripsis:noncanonical	chromothripsis:noncanonical	True	True	True	True	False	False	exact	True	1
MDA_MD_361:chr7:70333668-77065396:5	MDA_MD_361:chr7:70333668-77065396:5	MDA_MD_361	chr7	q	70333668	77065396	candidate_region_label	chromothripsis	region	candidate_region	12	39	39	candidate_region_with_context	70674729	77065396	sv_attention	1.0	0.9493	mixed_HP	0.2344	0.2	181.0	52.0	0.9658	2.2757	C5	chromothripsis	chromothripsis:noncanonical	chromosome_arm	59904000	159300001	402	402	8	12	12	6731729	1.7826029538622246e-06	3.241510464844916	290145.25	436864.5	941292.5	False	0.5	0.1818181818181818	1	0	2	4	2	2	1	0	0	0	0	0	13	0					3	2	0.0	3	4	1	3	sample_residual	coords	1	0	chromothripsis:noncanonical	chromothripsis	5.643043518066406	0.996470430362989	chromothripsis	0.41651357923048515	-0.33710211515426636	-4.267465591430664	0.013823496057662494	-2.1273152828216553	0.1064701304968118	-0.33710211515426636	0.41651357923048515	-3.2325387001037598	0.037959428700196814	MDA_MD_361:C5	1	max	MDA_MD_361	logo	21	224	99	0.7900000214576721	min_delta	0.30000001192092896	0.20000000298023224	type_confidence	0.9800000190734863	0.10000000149011612	0.30000001192092896	0.6399999856948853	0.8399999886751175	0.20999999344348907	0.4099999964237213	0.23000000417232513	0.4300000071525574	0.11999999731779099	0.3200000002980232	chromothripsis	objectness_type_threshold	False	chromothripsis	0.41651357923048515	0.31004344873367334	chromothripsis	chromothripsis	chromothripsis:noncanonical	chromothripsis:noncanonical	True	True	True	True	False	False	exact	True	1
MDA_MD_361:chr9:17274853-37999999:6	MDA_MD_361:chr9:17274853-37999999:6	MDA_MD_361	chr9	p	17274853	37999999	candidate_region_label	Seismic_Amplification	region	candidate_region	19	38	38	candidate_region_with_context	18995938	37999999	sv_attention	0.9989	0.917	mixed_HP	-0.0415	0.9174	117.0	125.0	1.0151	1.1412	C6	Seismic_Amplification	Seismic_Amplification:noncanonical	chromosome_arm	0	49224000	402	402	8	18	17	20725147	9.167606869085174e-07	2.15634263052513	135271.0	227206.0	1241660.0	False	0.4210526315789473	0.2777777777777778	1	3	5	2	3	2	1	1	1	0	0	0	19	0					6	8	0.0	3	2	0	3	sample_residual	coords	1	0	Seismic_Amplification:noncanonical	Seismic_Amplification	4.37522029876709	0.9875710534874033	Seismic_Amplification	0.3525100000103478	-0.6080243587493896	-1.2770450115203857	0.21805364780126257	-0.6080243587493896	0.3525100000103478	-1.408871054649353	0.19641218175060834	-2.7311525344848633	0.06115995148675828	MDA_MD_361:C6	2	max	MDA_MD_361	logo	21	224	99	0.7900000214576721	min_delta	0.30000001192092896	0.20000000298023224	type_confidence	0.9800000190734863	0.10000000149011612	0.30000001192092896	0.6399999856948853	0.8399999886751175	0.20999999344348907	0.4099999964237213	0.23000000417232513	0.4300000071525574	0.11999999731779099	0.3200000002980232	Seismic_Amplification	objectness_type_threshold	False	Seismic_Amplification	0.3525100000103478	0.13445635220908525	Seismic_Amplification	Seismic_Amplification	Seismic_Amplification:noncanonical	Seismic_Amplification:noncanonical	True	True	True	True	False	False	exact	True	1
MDA_MD_361:chr10:5169057-11665508:7	MDA_MD_361:chr10:5169057-11665508:7	MDA_MD_361	chr10	p	5169057	11665508	candidate_region_label	chromothripsis;BFB	region	candidate_region	5	7	7	candidate_region_with_context	8944539	11665508	sv_attention	0.8417	0.4188	HP1	0.5434	0.3912	97.0	4.0	1.1271	1.7314	C7	chromothripsis;BFB	chromothripsis:noncanonical;BFB:noncanonicalB	chromosome_arm	0	40246000	402	402	8	5	5	6496452	7.696508802035326e-07	2.858574187879784	651473.0	826006.0	976196.0	True	1.0	1.0	0	0	2	3	0	0	0	0	0	0	0	0	6	0					1	1	0.0	4	0	0	4	sample_residual	coords	1	0	chromothripsis:noncanonical;BFB:noncanonicalB	chromothripsis;BFB	6.173068046569824	0.997919507649173	chromothripsis	0.3607895743978098	-0.5719388127326965	-2.332679271697998	0.08845239906940708	-2.4803497791290283	0.07724726614923069	-0.5719388127326965	0.3607895743978098	-2.786907911300659	0.058035761557538534	MDA_MD_361:C7	2	max	MDA_MD_361	logo	21	224	99	0.7900000214576721	min_delta	0.30000001192092896	0.20000000298023224	type_confidence	0.9800000190734863	0.10000000149011612	0.30000001192092896	0.6399999856948853	0.8399999886751175	0.20999999344348907	0.4099999964237213	0.23000000417232513	0.4300000071525574	0.11999999731779099	0.3200000002980232	chromothripsis	objectness_type_threshold	False	chromothripsis	0.3607895743978098	0.27233717532840274	chromothripsis	chromothripsis	chromothripsis:noncanonical	chromothripsis:noncanonical	True	False	True	False	False	True	partial_class	True	1
MDA_MD_361:chr11:67893669-71061827:8	MDA_MD_361:chr11:67893669-71061827:8	MDA_MD_361	chr11	q	67893669	71061827	candidate_region_label	Seismic_Amplification	region	candidate_region	8	10	10	candidate_region_with_context	68549516	71061827	sv_attention	0.6758	0.793	mixed_HP	-0.201	0.5423	58.0	84.0	1.667	2.7011	C6	Seismic_Amplification	Seismic_Amplification:noncanonical	chromosome_arm	53714000	135076622	402	402	8	8	8	3168159	2.5251257907194684e-06	4.368086323950282	246690.25	337237.0	476589.25	False	0.5	0.1428571428571428	0	0	2	1	2	0	2	0	1	0	0	0	9	0					1	4	0.0	4	0	0	4	sample_residual	coords	1	0	Seismic_Amplification:noncanonical	Seismic_Amplification	4.37522029876709	0.9875710534874033	Seismic_Amplification	0.3525100000103478	-0.6080243587493896	-1.2770450115203857	0.21805364780126257	-0.6080243587493896	0.3525100000103478	-1.408871054649353	0.19641218175060834	-2.7311525344848633	0.06115995148675828	MDA_MD_361:C6	2	max	MDA_MD_361	logo	21	224	99	0.7900000214576721	min_delta	0.30000001192092896	0.20000000298023224	type_confidence	0.9800000190734863	0.10000000149011612	0.30000001192092896	0.6399999856948853	0.8399999886751175	0.20999999344348907	0.4099999964237213	0.23000000417232513	0.4300000071525574	0.11999999731779099	0.3200000002980232	Seismic_Amplification	objectness_type_threshold	False	Seismic_Amplification	0.3525100000103478	0.13445635220908525	Seismic_Amplification	Seismic_Amplification	Seismic_Amplification:noncanonical	Seismic_Amplification:noncanonical	True	True	True	True	False	False	exact	True	1
MDA_MD_361:chr12:79507051-108683644:9	MDA_MD_361:chr12:79507051-108683644:9	MDA_MD_361	chr12	q	79507051	108683644	candidate_region_label	Seismic_Amplification;BFB	region	candidate_region	27	54	54	candidate_region_with_context	82555304	108683644	sv_attention	1.0	0.8955	mixed_HP	0.0384	0.4965	343.0	228.0	2.0045	3.6223	C8	Seismic_Amplification;BFB	Seismic_Amplification:noncanonical;BFB:noncanonicalB	chromosome_arm	35807000	133250001	402	402	8	26	22	29176594	9.253993115166218e-07	5.626816618828092	159152.0	790018.0	1524278.0	False	0.5185185185185185	0.2307692307692307	0	1	2	2	4	9	4	5	0	0	0	0	28	0	5.0	24.0			10	9	2.0	3	3	1	3	sample_residual	coords	1	0	Seismic_Amplification:noncanonical;BFB:noncanonicalB	Seismic_Amplification;BFB	5.573612213134766	0.9962176197233032	chromothripsis	0.31805356239863825	-0.7627313137054443	-1.7037850618362427	0.15397156054604869	-2.2185966968536377	0.0980928854670989	-0.7627313137054443	0.31805356239863825	-1.8009816408157349	0.14173161241752272	MDA_MD_361:C8	1	max	MDA_MD_361	logo	21	224	99	0.7900000214576721	min_delta	0.30000001192092896	0.20000000298023224	type_confidence	0.9800000190734863	0.10000000149011612	0.30000001192092896	0.6399999856948853	0.8399999886751175	0.20999999344348907	0.4099999964237213	0.23000000417232513	0.4300000071525574	0.11999999731779099	0.3200000002980232	chromothripsis	objectness_type_threshold	False	chromothripsis	0.31805356239863825	0.16408200185258956	chromothripsis	chromothripsis	chromothripsis:noncanonical	chromothripsis:noncanonical	True	False	False	False	False	False	wrong	True	1
MDA_MD_361:chr14:47643782-51330988:10	MDA_MD_361:chr14:47643782-51330988:10	MDA_MD_361	chr14	q	47643782	51330988	candidate_region_label	BFB	region	candidate_region	3	16	16	candidate_region_with_context	49315739	51330988	sv_attention	0.9991	0.5466	HP1	0.2808	0.0411	58.0	6.0	0.6161	5.0524	C9	BFB	BFB:noncanonical	chromosome_arm	17600000	107000001	402	402	8	3	3	3687207	8.136239706639741e-07	5.668465860473795	1007624.0	1493340.0	1582649.5	False	0.6666666666666666	0.5	0	0	0	0	1	1	0	1	0	0	0	0	4	1	1.0	4.0	4.0	4.0	0	0	2.0	0	2	0	0	sample_residual	coords	1	0	BFB:noncanonical	BFB	4.903866767883301	0.9926367747980414	BFB	0.34455607251252174	-0.6430559158325195	-4.883986473083496	0.007509962717813454	-1.2875076532363892	0.2162749651183882	-3.082341432571411	0.043841558868896145	-0.6430559158325195	0.34455607251252174	MDA_MD_361:C9	1	max	MDA_MD_361	logo	21	224	99	0.7900000214576721	min_delta	0.30000001192092896	0.20000000298023224	type_confidence	0.9800000190734863	0.10000000149011612	0.30000001192092896	0.6399999856948853	0.8399999886751175	0.20999999344348907	0.4099999964237213	0.23000000417232513	0.4300000071525574	0.11999999731779099	0.3200000002980232	BFB	objectness_type_threshold	False	BFB	0.34455607251252174	0.12828110739413354	BFB	BFB	BFB:canonical	BFB:canonical	True	False	True	True	True	False	wrong_level	True	1
MDA_MD_361:chr16:51942547-78700068:11	MDA_MD_361:chr16:51942547-78700068:11	MDA_MD_361	chr16	q	51942547	78700068	candidate_region_label	chromothripsis;BFB	region	candidate_region	24	44	44	candidate_region_with_context	51943027	78700068	sv_attention	1.0	1.0	mixed_HP	0.1596	0.5968	234.0	169.0	2.07	1.5102	C7	chromothripsis;BFB	chromothripsis:noncanonical;BFB:noncanonicalB	chromosome_arm	36800000	90300001	402	402	8	23	24	26757522	8.96944044370028e-07	3.5802590015622524	320176.0	502373.5	1251290.25	False	0.5833333333333334	0.1304347826086956	0	0	3	6	8	6	1	0	0	0	0	0	27	0	1.0	1.0			5	2	1.0	7	11	1	7	sample_residual	coords	1	0	chromothripsis:noncanonical;BFB:noncanonicalB	chromothripsis;BFB	6.173068046569824	0.997919507649173	chromothripsis	0.3607895743978098	-0.5719388127326965	-2.332679271697998	0.08845239906940708	-2.4803497791290283	0.07724726614923069	-0.5719388127326965	0.3607895743978098	-2.786907911300659	0.058035761557538534	MDA_MD_361:C7	2	max	MDA_MD_361	logo	21	224	99	0.7900000214576721	min_delta	0.30000001192092896	0.20000000298023224	type_confidence	0.9800000190734863	0.10000000149011612	0.30000001192092896	0.6399999856948853	0.8399999886751175	0.20999999344348907	0.4099999964237213	0.23000000417232513	0.4300000071525574	0.11999999731779099	0.3200000002980232	chromothripsis	objectness_type_threshold	False	chromothripsis	0.3607895743978098	0.27233717532840274	chromothripsis	chromothripsis	chromothripsis:noncanonical	chromothripsis:noncanonical	True	False	True	False	False	True	partial_class	True	1
MDA_MD_361:chr17:28000001-83257441:12	MDA_MD_361:chr17:28000001-83257441:12	MDA_MD_361	chr17	q	28000001	83257441	candidate_region_label	Seismic_Amplification;BFB	region	candidate_region	100	203	203	candidate_region_with_context	35534892	83257441	sv_attention	1.0	0.8636	HP1	0.5555	0.4074	1536.0	284.0	3.4426	1.8914	C10	Seismic_Amplification;BFB	Seismic_Amplification:noncanonical;BFB:noncanonicalB	chromosome_arm	25150000	83250001	402	402	8	100	73	55257441	1.8097110215436868e-06	5.333532274865932	95306.75	217469.5	598888.25	False	0.28	0.0404040404040404	7	1	3	3	7	6	13	9	33	18	0	0	102	0	88.0	91.0			21	28	3.0	13	34	3	13	sample_residual	coords	1	0	Seismic_Amplification:noncanonical;BFB:noncanonicalB	Seismic_Amplification;BFB	6.541973114013672	0.9985604341688689	Seismic_Amplification	0.37373772614107953	-0.5162149667739868	-1.5272811651229858	0.17839183209892817	-0.5162149667739868	0.37373772614107953	-2.8171629905700684	0.05640373601095877	-1.906340479850769	0.12939253868474498	MDA_MD_361:C10	1	max	MDA_MD_361	logo	21	224	99	0.7900000214576721	min_delta	0.30000001192092896	0.20000000298023224	type_confidence	0.9800000190734863	0.10000000149011612	0.30000001192092896	0.6399999856948853	0.8399999886751175	0.20999999344348907	0.4099999964237213	0.23000000417232513	0.4300000071525574	0.11999999731779099	0.3200000002980232	Seismic_Amplification	objectness_type_threshold	False	Seismic_Amplification	0.37373772614107953	0.19534589404215136	Seismic_Amplification	Seismic_Amplification	Seismic_Amplification:noncanonical	Seismic_Amplification:noncanonical	True	False	True	False	False	True	partial_class	True	1
MDA_MD_361:chr20:32000001-64444167:13	MDA_MD_361:chr20:32000001-64444167:13	MDA_MD_361	chr20	q	32000001	64444167	candidate_region_label	BFB	region	candidate_region	22	44	44	candidate_region_with_context	44194276	64444167	sv_attention	1.0	0.6241	HP2	-0.5223	0.3631	135.0	383.0	0.6953	2.865	C11	BFB	BFB:noncanonicalB	chromosome_arm	28120000	64400001	402	402	8	21	20	32444167	6.780879903620271e-07	3.55823797232951	218764.5	861159.5	2271656.5	False	0.5454545454545454	0.3333333333333333	0	0	3	6	6	4	2	1	0	0	0	0	20	1	13.0	13.0	13.0	13.0	5	2	1.0	4	6	2	4	sample_residual	coords	1	0	BFB:noncanonicalB	BFB	7.070655822753906	0.9991510456461244	chromothripsis	0.1373838627023656	-1.837190866470337	-1.8806089162826538	0.1323189478182946	-1.959821343421936	0.12348638360527539	-1.837190866470337	0.1373838627023656	-2.0598809719085693	0.11305776514837886	MDA_MD_361:C11	1	max	MDA_MD_361	logo	21	224	99	0.7900000214576721	min_delta	0.30000001192092896	0.20000000298023224	type_confidence	0.9800000190734863	0.10000000149011612	0.30000001192092896	0.6399999856948853	0.8399999886751175	0.20999999344348907	0.4099999964237213	0.23000000417232513	0.4300000071525574	0.11999999731779099	0.3200000002980232	none	none_type_threshold	False	chromothripsis	0.1373838627023656	0.0050649148840710145		none		none	False	False	False	False	False	False	wrong	False	0
MDA_MD_453:chr11:5412452-30053792:1	MDA_MD_453:chr11:5412452-30053792:1	MDA_MD_453	chr11	p	5412452	30053792	candidate_region_label	Seismic_Amplification	region	candidate_region	29	49	49	candidate_region_with_context	22485532	30053792	sv_attention	1.0	0.3071	HP1	0.4095	0.2127	190.0	80.0	1.1961	0.496	C1	Seismic_Amplification	Seismic_Amplification:noncanonical	chromosome_arm	0	53714000	402	402	8	28	22	24641341	1.1768840015646876e-06	1.6921665910958337	103741.0	231893.0	887738.0	False	0.5172413793103449	0.25	0	5	6	9	6	1	2	0	0	0	0	0	30	0					9	5	0.0	8	8	0	8	sample_residual	coords	1	0	Seismic_Amplification:noncanonical	Seismic_Amplification	6.049722671508789	0.9976470335096295	chromothripsis	0.3701693741947248	-0.5314902663230896	-0.834255039691925	0.30274611683834696	-1.2748104333877563	0.21843489738947952	-0.5314902663230896	0.3701693741947248	-2.112281322479248	0.1079088597890367	MDA_MD_453:C1	3	max	MDA_MD_453	logo	22	234	98	0.7900000214576721	min_delta	0.30000001192092896	0.20000000298023224	type_confidence	0.9800000190734863	0.10000000149011612	0.30000001192092896	0.6399999856948853	0.8399999886751175	0.20999999344348907	0.4099999964237213	0.23000000417232513	0.4300000071525574	0.11999999731779099	0.3200000002980232	chromothripsis	objectness_type_threshold	False	chromothripsis	0.3701693741947248	0.06742325735637783	chromothripsis	chromothripsis	chromothripsis:noncanonical	chromothripsis:noncanonical	True	False	False	False	False	False	wrong	True	1
MDA_MD_453:chr11:65963805-104848322:2	MDA_MD_453:chr11:65963805-104848322:2	MDA_MD_453	chr11	q	65963805	104848322	candidate_region_label	Seismic_Amplification	region	candidate_region	48	81	81	candidate_region_with_context	67992151	104848322	sv_attention	1.0	0.9478	mixed_HP	-0.0672	0.8422	261.0	230.0	1.0095	1.9949	C1	Seismic_Amplification	Seismic_Amplification:noncanonical	chromosome_arm	53714000	135076382	402	402	8	48	45	38884518	1.2344244565407757e-06	3.0043789921736974	219883.0	433696.0	935148.0	False	0.6666666666666666	0.3617021276595745	0	1	12	19	13	3	0	0	0	0	0	0	52	0					22	2	0.0	7	21	0	7	sample_residual	coords	1	0	Seismic_Amplification:noncanonical	Seismic_Amplification	6.049722671508789	0.9976470335096295	chromothripsis	0.3701693741947248	-0.5314902663230896	-0.834255039691925	0.30274611683834696	-1.2748104333877563	0.21843489738947952	-0.5314902663230896	0.3701693741947248	-2.112281322479248	0.1079088597890367	MDA_MD_453:C1	3	max	MDA_MD_453	logo	22	234	98	0.7900000214576721	min_delta	0.30000001192092896	0.20000000298023224	type_confidence	0.9800000190734863	0.10000000149011612	0.30000001192092896	0.6399999856948853	0.8399999886751175	0.20999999344348907	0.4099999964237213	0.23000000417232513	0.4300000071525574	0.11999999731779099	0.3200000002980232	chromothripsis	objectness_type_threshold	False	chromothripsis	0.3701693741947248	0.06742325735637783	chromothripsis	chromothripsis	chromothripsis:noncanonical	chromothripsis:noncanonical	True	False	False	False	False	False	wrong	True	1
MDA_MD_453:chr17:39541414-83257441:3	MDA_MD_453:chr17:39541414-83257441:3	MDA_MD_453	chr17	q	39541414	83257441	candidate_region_label	Seismic_Amplification	region	candidate_region	53	79	79	candidate_region_with_context	45819434	83257441	sv_attention	0.9996	0.8564	mixed_HP	0.1634	0.3	450.0	229.0	1.1647	1.6112	C1	Seismic_Amplification	Seismic_Amplification:noncanonical	chromosome_arm	25150000	83250001	402	402	8	53	46	43716028	1.212369980182097e-06	2.7757872238529995	126033.0	418842.0	1036728.0	False	0.4339622641509434	0.1153846153846153	2	2	9	8	12	11	2	3	4	0	0	0	52	0					9	16	0.0	8	18	1	8	sample_residual	coords	1	0	Seismic_Amplification:noncanonical	Seismic_Amplification	6.049722671508789	0.9976470335096295	chromothripsis	0.3701693741947248	-0.5314902663230896	-0.834255039691925	0.30274611683834696	-1.2748104333877563	0.21843489738947952	-0.5314902663230896	0.3701693741947248	-2.112281322479248	0.1079088597890367	MDA_MD_453:C1	3	max	MDA_MD_453	logo	22	234	98	0.7900000214576721	min_delta	0.30000001192092896	0.20000000298023224	type_confidence	0.9800000190734863	0.10000000149011612	0.30000001192092896	0.6399999856948853	0.8399999886751175	0.20999999344348907	0.4099999964237213	0.23000000417232513	0.4300000071525574	0.11999999731779099	0.3200000002980232	chromothripsis	objectness_type_threshold	False	chromothripsis	0.3701693741947248	0.06742325735637783	chromothripsis	chromothripsis	chromothripsis:noncanonical	chromothripsis:noncanonical	True	False	False	False	False	False	wrong	True	1
MDA_MD_453:chr22:46258149-50818468:4		MDA_MD_453	chr22	q	46258149	50818468	candidate_region_empty		empty_candidate_region	candidate_region	5	2	2	candidate_region_with_context	47424043	47560789	sv_attention	0.5569	0.03	mixed_HP	-0.1674	0.8077	12.0	14.0	1.0	2.0695	C2			chromosome_arm	15050000	50800001	402	402	8	5	4	4560320	1.0964142867167215e-06	3.065144112693846	136745.0	576861.0	589035.0	False	0.6	0.25	0	1	1	2	1	0	0	0	0	0	0	0	4	0					2	2	0.0	0	0	0	0	sample_residual	coords	0	1			-1.9507591724395752	0.12447060175383716	chromothripsis	0.5025555194414438	0.010222166776657104	-5.244045734405518	0.005251136724802965	-2.2688305377960205	0.09373751178723422	0.010222166776657104	0.5025555194414438	-4.907501697540283	0.007336704990536089	MDA_MD_453:C2	1	max	MDA_MD_453	logo	22	234	98	0.7900000214576721	min_delta	0.30000001192092896	0.20000000298023224	type_confidence	0.9800000190734863	0.10000000149011612	0.30000001192092896	0.6399999856948853	0.8399999886751175	0.20999999344348907	0.4099999964237213	0.23000000417232513	0.4300000071525574	0.11999999731779099	0.3200000002980232	none	none_objectness	False	chromothripsis	0.5025555194414438	0.4088180076542096		none		none	False	False	False	False	False	False	background	True	0
MS751:chr7:48283690-57999999:1	MS751:chr7:48283690-57999999:1	MS751	chr7	p	48283690	57999999	candidate_region_label	Seismic_Amplification	region	candidate_region	11	15	15	candidate_region_with_context	52251606	57999999	sv_attention	0.9986	0.5916	HP1	0.254	0.0053	127.0	21.0	2.1513	10.9037	C1	Seismic_Amplification	Seismic_Amplification:noncanonical	chromosome_arm	0	59904000	402	402	8	11	9	9716310	1.1321170279663782e-06	13.055025827706196	255742.0	691826.0	917646.0	False	0.2727272727272727	0.0	1	0	1	1	0	2	0	1	1	3	1	0	11	0					4	4	0.0	2	1	0	2	sample_residual	coords	1	0	Seismic_Amplification:noncanonical	Seismic_Amplification	3.982560873031616	0.9817031646481078	Seismic_Amplification	0.7225703695843	0.9572474956512451	-0.7218575477600098	0.326984069477132	0.9572474956512451	0.7225703695843	-0.5688815116882324	0.3614949502273933	-2.345525026321411	0.08742212507029416	MS751:C1	2	max	MS751	logo	23	231	98	0.7900000214576721	min_delta	0.30000001192092896	0.20000000298023224	type_confidence	0.9800000190734863	0.10000000149011612	0.30000001192092896	0.6399999856948853	0.8399999886751175	0.20999999344348907	0.4099999964237213	0.23000000417232513	0.4300000071525574	0.11999999731779099	0.3200000002980232	Seismic_Amplification	objectness_type_threshold	False	Seismic_Amplification	0.7225703695843	0.3610754193569067	Seismic_Amplification	Seismic_Amplification	Seismic_Amplification:canonical	Seismic_Amplification:canonical	True	False	True	True	True	False	wrong_level	True	1
MS751:chr7:106848449-115027870:2	MS751:chr7:106848449-115027870:2	MS751	chr7	q	106848449	115027870	candidate_region_label	Seismic_Amplification	region	candidate_region	4	4	4	candidate_region_with_context	111163946	111441501	sv_attention	0.8544	0.0339	HP1	0.5143	0.3524	23.0	1.0	2.2967	4.1769	C1	Seismic_Amplification	Seismic_Amplification:noncanonical	chromosome_arm	59904000	159300001	402	402	8	4	4	8179422	4.890321100928648e-07	6.473626009270582	1093784.75	2157749.5	3108820.25	False	0.5	0.3333333333333333	1	0	0	0	1	1	0	0	1	0	0	0	5	0					3	1	0.0	0	0	1	0	sample_residual	coords	1	0	Seismic_Amplification:noncanonical	Seismic_Amplification	3.982560873031616	0.9817031646481078	Seismic_Amplification	0.7225703695843	0.9572474956512451	-0.7218575477600098	0.326984069477132	0.9572474956512451	0.7225703695843	-0.5688815116882324	0.3614949502273933	-2.345525026321411	0.08742212507029416	MS751:C1	2	max	MS751	logo	23	231	98	0.7900000214576721	min_delta	0.30000001192092896	0.20000000298023224	type_confidence	0.9800000190734863	0.10000000149011612	0.30000001192092896	0.6399999856948853	0.8399999886751175	0.20999999344348907	0.4099999964237213	0.23000000417232513	0.4300000071525574	0.11999999731779099	0.3200000002980232	Seismic_Amplification	objectness_type_threshold	False	Seismic_Amplification	0.7225703695843	0.3610754193569067	Seismic_Amplification	Seismic_Amplification	Seismic_Amplification:canonical	Seismic_Amplification:canonical	True	False	True	True	True	False	wrong_level	True	1
MS751:chr11:33747903-50999999:3	MS751:chr11:33747903-50999999:3	MS751	chr11	p	33747903	50999999	candidate_region_label	chromothripsis;BFB	region	candidate_region	9	13	13	candidate_region_with_context	36367554	50999999	sv_attention	0.993	0.8482	mixed_HP	0.2516	0.9766	54.0	53.0	2.9625	0.4502	C2	chromothripsis;BFB	chromothripsis:noncanonical;BFB:noncanonicalB	chromosome_arm	0	53714000	402	402	8	9	9	17252097	5.216757128133467e-07	3.4127167845161086	492516.0	1285157.0	2619653.0	False	0.6666666666666666	0.375	0	1	0	3	3	2	0	0	0	0	0	0	9	0	2.0	5.0			1	2	2.0	0	2	2	0	sample_residual	coords	1	0	chromothripsis:noncanonical;BFB:noncanonicalB	chromothripsis;BFB	4.841631889343262	0.992167668549434	BFB	0.2698396074986524	-0.9954364895820618	-3.699749708175659	0.02413291521767308	-3.8297860622406006	0.02125277239427891	-1.829742431640625	0.13826895975184478	-0.9954364895820618	0.2698396074986524	MS751:C2	1	max	MS751	logo	23	231	98	0.7900000214576721	min_delta	0.30000001192092896	0.20000000298023224	type_confidence	0.9800000190734863	0.10000000149011612	0.30000001192092896	0.6399999856948853	0.8399999886751175	0.20999999344348907	0.4099999964237213	0.23000000417232513	0.4300000071525574	0.11999999731779099	0.3200000002980232	BFB	objectness_type_threshold	False	BFB	0.2698396074986524	0.1315706477468076	BFB	BFB	BFB:canonical	BFB:canonical	True	False	True	False	False	True	partial_class	True	1
MS751:chr15:37362100-45708613:4	MS751:chr15:37362100-45708613:4	MS751	chr15	q	37362100	45708613	candidate_region_label	BFB	region	candidate_region	4	7	7	candidate_region_with_context	40704202	40879455	sv_attention	0.822	0.021	mixed_HP	0.4769	0.3314	50.0	8.0	2.9942	3.1018	C3	BFB	BFB:noncanonicalB	chromosome_arm	19050000	101950001	402	402	8	4	3	8346514	4.792419925252627e-07	6.09597803346403	106174.75	1733782.5	3714236.25	False	0.75	0.3333333333333333	0	0	0	0	0	0	2	1	0	1	0	0	5	1	2.0	4.0	4.0	4.0	0	0	3.0	1	0	1	1	sample_residual	coords	1	0	BFB:noncanonicalB	BFB	5.092528343200684	0.9938950296316177	BFB	0.2272491626142665	-1.223909616470337	-4.0855865478515625	0.016535262719839423	-1.8078581094741821	0.14089719188173383	-3.3000338077545166	0.035570029486084814	-1.223909616470337	0.2272491626142665	MS751:C3	1	max	MS751	logo	23	231	98	0.7900000214576721	min_delta	0.30000001192092896	0.20000000298023224	type_confidence	0.9800000190734863	0.10000000149011612	0.30000001192092896	0.6399999856948853	0.8399999886751175	0.20999999344348907	0.4099999964237213	0.23000000417232513	0.4300000071525574	0.11999999731779099	0.3200000002980232	BFB	objectness_type_threshold	False	BFB	0.2272491626142665	0.08635197073253267	BFB	BFB	BFB:noncanonicalB	BFB:noncanonicalB	True	True	True	True	False	False	exact	True	1
MS751:chr16:69041496-72273989:5		MS751	chr16	q	69041496	72273989	candidate_region_empty		empty_candidate_region	candidate_region	6	6	6	candidate_region_with_context	69456209	72273989	sv_attention	0.9457	0.8717	mixed_HP	-0.6526	0.2396	0.0	37.0	2.9585	2.7187	C4			chromosome_arm	36800000	90300001	402	402	8	6	4	3232494	1.8561519371729687e-06	5.677221365298744	95072.0	150931.0	263368.5	False	0.6666666666666666	0.4	0	0	1	0	2	1	2	0	0	0	0	0	7	0					4	0	0.0	0	3	0	0	sample_residual	coords	0	1			2.6220622062683105	0.9322680392172801	chromothripsis	0.5275016599046497	0.11011777818202972	-5.013752460479736	0.006602041288442569	-1.7561843395233154	0.147268868668276	0.11011777818202972	0.5275016599046497	-3.4817662239074707	0.02983551334862718	MS751:C4	1	max	MS751	logo	23	231	98	0.7900000214576721	min_delta	0.30000001192092896	0.20000000298023224	type_confidence	0.9800000190734863	0.10000000149011612	0.30000001192092896	0.6399999856948853	0.8399999886751175	0.20999999344348907	0.4099999964237213	0.23000000417232513	0.4300000071525574	0.11999999731779099	0.3200000002980232	chromothripsis	objectness_type_threshold	False	chromothripsis	0.5275016599046497	0.3802327912363737	chromothripsis	chromothripsis	chromothripsis:canonical	chromothripsis:canonical	True	False	False	False	False	False	background	False	1
MS751:chr19:47170733-58617616:6	MS751:chr19:47170733-58617616:6	MS751	chr19	q	47170733	58617616	candidate_region_label	chromothripsis	region	candidate_region	7	12	12	candidate_region_with_context	53631664	54888031	sv_attention	0.9973	0.1098	mixed_HP	0.2532	0.3207	67.0	25.0	2.9621	4.0364	C5	chromothripsis	chromothripsis:noncanonicalB	chromosome_arm	26260000	58600001	402	402	8	7	6	11446884	6.115201307185432e-07	6.990889747812592	216304.5	1083679.0	2832397.5	True	0.7142857142857143	0.6666666666666666	0	0	1	3	0	0	2	0	0	1	0	0	7	0					0	0	0.0	6	1	0	6	sample_residual	coords	1	0	chromothripsis:noncanonicalB	chromothripsis	5.082958221435547	0.9938366856813099	chromothripsis	0.2441173471314477	-1.130237102508545	-3.1721537113189697	0.04022718049196781	-2.9247639179229736	0.05094288306975753	-1.130237102508545	0.2441173471314477	-2.6652207374572754	0.06505706196240622	MS751:C5	1	max	MS751	logo	23	231	98	0.7900000214576721	min_delta	0.30000001192092896	0.20000000298023224	type_confidence	0.9800000190734863	0.10000000149011612	0.30000001192092896	0.6399999856948853	0.8399999886751175	0.20999999344348907	0.4099999964237213	0.23000000417232513	0.4300000071525574	0.11999999731779099	0.3200000002980232	chromothripsis	objectness_type_threshold	False	chromothripsis	0.2441173471314477	0.1790602851690415	chromothripsis	chromothripsis	chromothripsis:noncanonicalB	chromothripsis:noncanonicalB	True	True	True	True	False	False	exact	True	1
MS751:chr21:19398366-46709983:7	MS751:chr21:19398366-46709983:7	MS751	chr21	q	19398366	46709983	candidate_region_label	chromothripsis	region	candidate_region	24	25	25	candidate_region_with_context	23871052	46709983	sv_attention	0.9727	0.8362	mixed_HP	-0.2598	0.3	93.0	197.0	2.0212	2.2892	C6	chromothripsis	chromothripsis:noncanonical	chromosome_arm	12910000	46700001	402	402	8	24	19	27311618	8.787469127607159e-07	4.309493088252772	170777.75	772574.5	1756691.5	False	0.4166666666666667	0.1304347826086956	0	4	3	3	4	3	6	1	0	0	0	0	23	0					3	7	0.0	6	6	1	6	sample_residual	coords	1	0	chromothripsis:noncanonical	chromothripsis	6.0250043869018555	0.9975882894472231	chromothripsis	0.24090499973068896	-1.1477242708206177	-2.637756586074829	0.06674764745414458	-1.3526781797409058	0.20543286708734065	-1.1477242708206177	0.24090499973068896	-2.2159335613250732	0.09832874716622887	MS751:C6	1	max	MS751	logo	23	231	98	0.7900000214576721	min_delta	0.30000001192092896	0.20000000298023224	type_confidence	0.9800000190734863	0.10000000149011612	0.30000001192092896	0.6399999856948853	0.8399999886751175	0.20999999344348907	0.4099999964237213	0.23000000417232513	0.4300000071525574	0.11999999731779099	0.3200000002980232	chromothripsis	objectness_type_threshold	False	chromothripsis	0.24090499973068896	0.03547213264334831	chromothripsis	chromothripsis	chromothripsis:noncanonicalB	chromothripsis:noncanonicalB	True	False	True	True	True	False	wrong_level	True	1
QGU:chr2:115422297-144073596:1	QGU:chr2:115422297-144073596:1	QGU	chr2	q	115422297	144073596	candidate_region_label	chromothripsis	region	candidate_region	19	40	40	candidate_region_with_context	116176514	144073596	sv_attention	1.0	0.9737	mixed_HP	0.3082	0.3	116.0	52.0	2.111	1.52	C1	chromothripsis	chromothripsis:canonical	chromosome_arm	93989000	242150001	402	402	8	19	17	28651300	6.631461748681561e-07	3.6310865475563054	505738.0	1108829.0	2895774.5	True	0.8947368421052632	0.8333333333333334	0	0	1	8	9	1	0	0	0	0	0	0	20	0					7	7	0.0	1	5	0	1	sample_residual	coords	1	0	chromothripsis:canonical	chromothripsis	3.7898614406585693	0.9779006836477646	chromothripsis	0.5772304384679586	0.31141430139541626	-2.8282625675201416	0.05581589081764124	-3.408698558807373	0.03202471647781201	0.31141430139541626	0.5772304384679586	-2.926152467727661	0.05087579171720215	QGU:C1	1	max	QGU	logo	24	231	97	0.7900000214576721	min_delta	0.30000001192092896	0.20000000298023224	type_confidence	0.9800000190734863	0.10000000149011612	0.30000001192092896	0.6399999856948853	0.8399999886751175	0.20999999344348907	0.4099999964237213	0.23000000417232513	0.4300000071525574	0.11999999731779099	0.3200000002980232	chromothripsis	objectness_type_threshold	False	chromothripsis	0.5772304384679586	0.5214145476503174	chromothripsis	chromothripsis	chromothripsis:canonical	chromothripsis:canonical	True	True	True	True	False	False	exact	True	1
QGU:chr3:172406302-179767780:2		QGU	chr3	q	172406302	179767780	candidate_region_empty		empty_candidate_region	candidate_region	5	4	4	candidate_region_with_context	174551816	175245224	sv_attention	0.6331	0.0942	mixed_HP	0.1821	0.2	30.0	12.0	2.0467	3.8937	C2			chromosome_arm	90951000	198250001	402	402	8	5	4	7361479	6.792113378303463e-07	5.940381545610603	346704.0	388292.0	1757224.0	False	0.6	0.25	1	0	0	0	1	0	2	1	0	0	0	0	6	0					4	0	0.0	1	1	0	1	sample_residual	coords	0	1			-1.5191857814788818	0.17958144851627075	chromothripsis	0.3447156964691189	-0.6423491835594177	-3.64115047454834	0.025552126756747295	-2.320611000061035	0.08943029157911819	-0.6423491835594177	0.3447156964691189	-3.2464754581451416	0.037453743523402576	QGU:C2	1	max	QGU	logo	24	231	97	0.7900000214576721	min_delta	0.30000001192092896	0.20000000298023224	type_confidence	0.9800000190734863	0.10000000149011612	0.30000001192092896	0.6399999856948853	0.8399999886751175	0.20999999344348907	0.4099999964237213	0.23000000417232513	0.4300000071525574	0.11999999731779099	0.3200000002980232	none	none_objectness	False	chromothripsis	0.3447156964691189	0.25528540489000073		none		none	False	False	False	False	False	False	background	True	0
QGU:chr5:176778825-181538259:3	QGU:chr5:176778825-181538259:3	QGU	chr5	q	176778825	181538259	candidate_region_label	BFB	region	candidate_region	2	2	2	candidate_region_with_context	176783944	176789065	sv_attention	0.5582	0.0011	HP1	0.7778	0.7037	1.0	0.0	4.0	2.0	C3	BFB	BFB:noncanonicalB	chromosome_arm	48464000	181500001	402	402	8	2	1	4759435	4.202179460377125e-07	5.967846603640979	1208987.75	2379717.5	3550447.25	False	0.0	0.0	0	0	1	0	0	0	1	0	0	0	0	0	1	0	1.0	1.0			0	0	1.0	0	0	0	0	sample_residual	coords	1	0	BFB:noncanonicalB	BFB	4.391775131225586	0.9877726236366952	BFB	0.35488999669373605	-0.5976129770278931	-2.764141798019409	0.059292925649231436	-2.730260133743286	0.06121121268401703	-3.4727587699890137	0.030097344384583658	-0.5976129770278931	0.35488999669373605	QGU:C3	1	max	QGU	logo	24	231	97	0.7900000214576721	min_delta	0.30000001192092896	0.20000000298023224	type_confidence	0.9800000190734863	0.10000000149011612	0.30000001192092896	0.6399999856948853	0.8399999886751175	0.20999999344348907	0.4099999964237213	0.23000000417232513	0.4300000071525574	0.11999999731779099	0.3200000002980232	BFB	objectness_type_threshold	False	BFB	0.35488999669373605	0.29367878400971903	BFB	BFB	BFB:canonical	BFB:canonical	True	False	True	True	True	False	wrong_level	True	1
QGU:chr9:127119959-130795122:4	QGU:chr9:127119959-130795122:4	QGU	chr9	q	127119959	130795122	candidate_region_label	Seismic_Amplification;chromothripsis;BFB	region	candidate_region	6	12	12	candidate_region_with_context	127199799	128999477	sv_attention	0.8818	0.4897	mixed_HP	-0.1247	0.5968	36.0	26.0	1.0186	5.6986	C4	Seismic_Amplification;chromothripsis;BFB	Seismic_Amplification:noncanonical;chromothripsis:noncanonicalB;BFB:noncanonicalB	chromosome_arm	49224000	138350001	402	402	8	6	4	3675164	1.6325802059445511e-06	6.717168267865053	89691.0	262582.5	1079381.25	False	0.6666666666666666	0.2	0	0	0	0	2	2	0	0	2	0	0	0	7	0	2.0	3.0			0	3	2.0	1	1	0	1	sample_residual	coords	1	0	Seismic_Amplification:noncanonical;chromothripsis:noncanonicalB;BFB:noncanonicalB	Seismic_Amplification;chromothripsis;BFB	5.295283794403076	0.9950098357359526	Seismic_Amplification	0.5162567749167554	0.06505002826452255	-3.826643705368042	0.021318235277012574	0.06505002826452255	0.5162567749167554	-3.9545068740844727	0.018807611980007286	-1.1870917081832886	0.23377948490451125	QGU:C4	1	max	QGU	logo	24	231	97	0.7900000214576721	min_delta	0.30000001192092896	0.20000000298023224	type_confidence	0.9800000190734863	0.10000000149011612	0.30000001192092896	0.6399999856948853	0.8399999886751175	0.20999999344348907	0.4099999964237213	0.23000000417232513	0.4300000071525574	0.11999999731779099	0.3200000002980232	Seismic_Amplification	objectness_type_threshold	False	Seismic_Amplification	0.5162567749167554	0.2824772900122441	Seismic_Amplification	Seismic_Amplification	Seismic_Amplification:canonical	Seismic_Amplification:canonical	True	False	True	False	False	True	partial_class	True	1
QGU:chr11:93742459-102600648:5	QGU:chr11:93742459-102600648:5	QGU	chr11	q	93742459	102600648	candidate_region_label	ecDNA;Seismic_Amplification;BFB	region	candidate_region	8	11	11	candidate_region_with_context	97399342	101664969	sv_attention	0.9877	0.4815	mixed_HP	-0.4433	0.4071	11.0	850.0	13.684	3.2213	C5	ecDNA;Seismic_Amplification;BFB	ecDNA;Seismic_Amplification:noncanonical;BFB:noncanonical	chromosome_arm	53714000	135050001	402	402	8	8	6	8858190	9.031190344754402e-07	16.905357527892267	280878.5	544546.5	1582918.5	False	0.375	0.2857142857142857	0	0	0	0	0	1	2	0	1	1	1	2	9	1	1.0	9.0	9.0	9.0	2	0	6.0	1	0	0	1	sample_residual	coords	1	0	ecDNA;Seismic_Amplification:noncanonical;BFB:noncanonical	ecDNA;Seismic_Amplification;BFB	7.089224338531494	0.9991666509991732	ecDNA	0.7108654393941888	0.8995909690856934	0.8995909690856934	0.7108654393941888	0.46454259753227234	0.6140912517410256	-4.656688213348389	0.009408504567799647	-0.5761909484863281	0.35980952651316395	QGU:C5	1	max	QGU	logo	24	231	97	0.7900000214576721	min_delta	0.30000001192092896	0.20000000298023224	type_confidence	0.9800000190734863	0.10000000149011612	0.30000001192092896	0.6399999856948853	0.8399999886751175	0.20999999344348907	0.4099999964237213	0.23000000417232513	0.4300000071525574	0.11999999731779099	0.3200000002980232	ecDNA	objectness_type_threshold	False	ecDNA	0.7108654393941888	0.09677418765316315	ecDNA;Seismic_Amplification;BFB	ecDNA;Seismic_Amplification;BFB	ecDNA;Seismic_Amplification:canonical;BFB:canonical	ecDNA;Seismic_Amplification:canonical;BFB:canonical	True	False	True	True	True	False	wrong_level	True	3
QGU:chr15:39234408-44841817:6	QGU:chr15:39234408-44841817:6	QGU	chr15	q	39234408	44841817	candidate_region_label	BFB	region	candidate_region	5	4	4	candidate_region_with_context	39564008	39591714	sv_attention	0.6321	0.0049	HP2	-0.2638	0.0184	11.0	39.0	2.2351	1.1296	C6	BFB	BFB:noncanonicalB	chromosome_arm	19050000	101950001	402	402	8	5	5	5607410	8.916772627648058e-07	3.3646888670527035	312631.0	329602.0	1910304.0	False	0.6	0.25	0	0	1	2	1	0	0	0	1	0	0	0	6	1	2.0	2.0	2.0	2.0	2	3	1.0	0	0	0	0	sample_residual	coords	1	0	BFB:noncanonicalB	BFB	6.102108001708984	0.9977668533750669	Seismic_Amplification	0.33786243618489314	-0.6728345155715942	-3.797847032546997	0.021927397244369172	-0.6728345155715942	0.33786243618489314	-3.226490020751953	0.03818093583891738	-1.1188081502914429	0.24623242635134665	QGU:C6	1	max	QGU	logo	24	231	97	0.7900000214576721	min_delta	0.30000001192092896	0.20000000298023224	type_confidence	0.9800000190734863	0.10000000149011612	0.30000001192092896	0.6399999856948853	0.8399999886751175	0.20999999344348907	0.4099999964237213	0.23000000417232513	0.4300000071525574	0.11999999731779099	0.3200000002980232	Seismic_Amplification	objectness_type_threshold	False	Seismic_Amplification	0.33786243618489314	0.0916300098335465	Seismic_Amplification	Seismic_Amplification	Seismic_Amplification:noncanonical	Seismic_Amplification:noncanonical	True	False	False	False	False	False	wrong	True	1
QGU:chr18:0-14999999:7	QGU:chr18:0-14999999:7	QGU	chr18	p	0	14999999	candidate_region_label	BFB	region	candidate_region	8	16	16	candidate_region_with_context	4009693	5086135	sv_attention	0.8113	0.0718	mixed_HP	0.1745	0.938	59.0	62.0	4.2414	1.1509	C7	BFB	BFB:noncanonicalB	chromosome_arm	0	18540000	402	402	8	8	7	15000000	5.333333333333333e-07	5.3922984	733344.5	1547474.0	2936361.75	False	0.375	0.0	0	0	1	1	2	0	0	0	1	2	1	0	8	2	1.0	6.0	5.0	6.0	0	0	5.0	2	1	0	2	sample_residual	coords	1	0	BFB:noncanonicalB	BFB	7.496740341186523	0.9994454175543026	Seismic_Amplification	0.26334643661337076	-1.0286473035812378	-1.840868353843689	0.13694862626191295	-1.0286473035812378	0.26334643661337076	-2.740663766860962	0.06061609622070548	-1.1016203165054321	0.24943641902227032	QGU:C7	1	max	QGU	logo	24	231	97	0.7900000214576721	min_delta	0.30000001192092896	0.20000000298023224	type_confidence	0.9800000190734863	0.10000000149011612	0.30000001192092896	0.6399999856948853	0.8399999886751175	0.20999999344348907	0.4099999964237213	0.23000000417232513	0.4300000071525574	0.11999999731779099	0.3200000002980232	Seismic_Amplification	objectness_type_threshold	False	Seismic_Amplification	0.26334643661337076	0.013910017591100443	Seismic_Amplification	Seismic_Amplification	Seismic_Amplification:noncanonical	Seismic_Amplification:noncanonical	True	False	False	False	False	False	wrong	True	1
QGU:chr19:10628859-17258292:8		QGU	chr19	p	10628859	17258292	candidate_region_empty		empty_candidate_region	candidate_region	6	10	10	candidate_region_with_context	11042859	15120256	sv_attention	0.7935	0.615	mixed_HP	-0.0661	0.3119	79.0	139.0	2.536	1.2146	C8			chromosome_arm	0	26260000	402	402	8	6	6	6629434	9.050546396570204e-07	3.750677961346323	534129.5	949735.5	1667359.75	False	0.6666666666666666	0.4	0	0	1	0	3	0	1	1	0	0	0	0	7	0					3	2	0.0	0	0	2	0	sample_residual	coords	0	1			-0.19695523381233215	0.4509197465644195	chromothripsis	0.5148421736476911	0.05938614159822464	-4.009510517120361	0.017818996293594784	-2.5248374938964844	0.07413521870575163	0.05938614159822464	0.5148421736476911	-4.3229498863220215	0.013087163155821707	QGU:C8	1	max	QGU	logo	24	231	97	0.7900000214576721	min_delta	0.30000001192092896	0.20000000298023224	type_confidence	0.9800000190734863	0.10000000149011612	0.30000001192092896	0.6399999856948853	0.8399999886751175	0.20999999344348907	0.4099999964237213	0.23000000417232513	0.4300000071525574	0.11999999731779099	0.3200000002980232	none	none_objectness	False	chromothripsis	0.5148421736476911	0.4407069549419395		none		none	False	False	False	False	False	False	background	True	0
SCC090:chr11:42492627-50999999:1	SCC090:chr11:42492627-50999999:1	SCC090	chr11	p	42492627	50999999	candidate_region_label	chromothripsis	region	candidate_region	7	8	8	candidate_region_with_context	46414182	48181254	sv_attention	0.9752	0.2077	HP1	1.0	1.0	5.0	0.0	2.0877	0.0	C1	chromothripsis	chromothripsis:noncanonicalB	chromosome_arm	0	53714000	402	402	8	7	6	8507373	8.228156917534943e-07	2.087652910011116	258330.0	643691.0	1927695.0	False	0.7142857142857143	0.5	1	2	3	0	1	0	0	0	0	0	0	0	7	0					2	2	0.0	1	0	2	1	sample_residual	coords	1	0	chromothripsis:noncanonicalB	chromothripsis	-2.2222206592559814	0.09777273772501231	Seismic_Amplification	0.4212003622163186	-0.31784772872924805	-1.761218547821045	0.1466377909710178	-0.31784772872924805	0.4212003622163186	-0.9402008056640625	0.28085978255983923	-4.398742198944092	0.012143514372816907	SCC090:C1	1	max	SCC090	logo	25	235	99	0.7900000214576721	min_delta	0.30000001192092896	0.20000000298023224	type_confidence	0.9800000190734863	0.10000000149011612	0.30000001192092896	0.6399999856948853	0.8399999886751175	0.20999999344348907	0.4099999964237213	0.23000000417232513	0.4300000071525574	0.11999999731779099	0.3200000002980232	none	none_objectness	False	Seismic_Amplification	0.4212003622163186	0.1403405796564794		none		none	False	False	False	False	False	False	wrong	False	0
SCC090:chr13:25010024-30018501:2	SCC090:chr13:25010024-30018501:2	SCC090	chr13	q	25010024	30018501	candidate_region_label	Seismic_Amplification;BFB	region	candidate_region	4	5	5	candidate_region_with_context	29085611	30018501	sv_attention	0.7943	0.1863	HP2	-0.7367	0.6489	0.0	35.0	2.0037	3.069	C2	Seismic_Amplification;BFB	Seismic_Amplification:noncanonical;BFB:noncanonical	chromosome_arm	17900000	114350001	402	402	8	4	3	5008478	7.98645816154129e-07	5.072672177056583	651683.5	888487.5	1488923.5	False	0.5	0.3333333333333333	0	0	0	0	1	0	1	0	2	0	0	0	5	1	5.0	5.0	5.0	5.0	0	0	1.0	2	2	0	2	sample_residual	coords	1	0	Seismic_Amplification:noncanonical;BFB:noncanonical	Seismic_Amplification;BFB	7.056534767150879	0.9991389828673375	BFB	0.34825713961311594	-0.626708984375	-1.967322587966919	0.12267675811224546	-1.5820727348327637	0.1705021324988542	-4.167393207550049	0.015256234861327923	-0.626708984375	0.34825713961311594	SCC090:C2	1	max	SCC090	logo	25	235	99	0.7900000214576721	min_delta	0.30000001192092896	0.20000000298023224	type_confidence	0.9800000190734863	0.10000000149011612	0.30000001192092896	0.6399999856948853	0.8399999886751175	0.20999999344348907	0.4099999964237213	0.23000000417232513	0.4300000071525574	0.11999999731779099	0.3200000002980232	BFB	objectness_type_threshold	False	BFB	0.34825713961311594	0.17775500711426173	BFB	BFB	BFB:canonical	BFB:canonical	True	False	True	False	False	True	partial_class	True	1
SCC152:chr1:24012196-25424062:1		SCC152	chr1	p	24012196	25424062	candidate_region_empty		empty_candidate_region	candidate_region	2	2	2	candidate_region_with_context	24168953	24325712	sv_attention	0.3	0.111	HP1	0.6923	0.5897	10.0	3.0	3.2221	0.0	C1			chromosome_arm	0	123459000	402	402	8	2	2	1411867	1.41656402479837e-06	3.222059159963368	431346.25	705933.5	980520.75	False	0.0	0.0	0	0	0	1	0	1	0	0	0	0	0	0	3	0					0	2		0	1	0	0	sample_residual	coords	0	1			5.261341094970703	0.9948384379575286	BFB	0.146281001715469	-1.7640726566314697	-3.1523187160491943	0.0410000114862585	-2.2647554874420166	0.09408426411937273	-3.2394049167633057	0.03770947863644049	-1.7640726566314697	0.146281001715469	SCC152:C1	1	max	SCC152	logo	26	235	48	0.7900000214576721	min_delta	0.30000001192092896	0.20000000298023224	type_confidence	0.9800000190734863	0.10000000149011612	0.30000001192092896	0.6399999856948853	0.8399999886751175	0.20999999344348907	0.4099999964237213	0.23000000417232513	0.4300000071525574	0.11999999731779099	0.3200000002980232	BFB	objectness_type_threshold	False	BFB	0.146281001715469	0.052196737596096277	BFB	BFB	BFB:noncanonicalB	BFB:noncanonicalB	True	False	False	False	False	False	background	False	1
SCC152:chr1:170918867-171357168:2		SCC152	chr1	q	170918867	171357168	candidate_region_empty		empty_candidate_region	candidate_region	2	2	2	candidate_region_with_context	170935729	170959684	sv_attention	0.3	0.0547	HP1	0.5685	0.4246	13.0	4.0	5.0931	1.0931	C2			chromosome_arm	123459000	248950001	402	402	8	2	1	438302	4.563063823573701e-06	6.186255139150632	129984.5	219151.0	308317.5	False	0.0	0.0	0	0	0	0	0	0	1	0	1	0	0	0	3	0					1	2		0	0	0	0	sample_residual	coords	0	1			5.63280725479126	0.9964342447012474	Seismic_Amplification	0.49716492148524083	-0.011340435594320297	-2.3385064601898193	0.08798368655800846	-0.011340435594320297	0.49716492148524083	-4.579627513885498	0.010154544220840158	-1.5332056283950806	0.17752514813839193	SCC152:C2	1	max	SCC152	logo	26	235	48	0.7900000214576721	min_delta	0.30000001192092896	0.20000000298023224	type_confidence	0.9800000190734863	0.10000000149011612	0.30000001192092896	0.6399999856948853	0.8399999886751175	0.20999999344348907	0.4099999964237213	0.23000000417232513	0.4300000071525574	0.11999999731779099	0.3200000002980232	Seismic_Amplification	objectness_type_threshold	False	Seismic_Amplification	0.49716492148524083	0.3196397733468489	Seismic_Amplification	Seismic_Amplification	Seismic_Amplification:canonical	Seismic_Amplification:canonical	True	False	False	False	False	False	background	False	1
SCC152:chr1:232257800-232382315:3		SCC152	chr1	q	232257800	232382315	candidate_region_empty		empty_candidate_region	candidate_region	1	1	1	candidate_region_with_context	232382314	232382315	sv_attention	0.3	0.0	mixed_HP	0.75	0.3333	16.0	0.0	5.0	3.0	C3			chromosome_arm	123459000	248950001	402	402	8	1	1	124516	8.03109640528125e-06	8.0	124516.0	124516.0	124516.0	False	0.0	0.0	0	0	0	0	0	0	0	0	1	0	0	0	2	0					0	2		0	0	0	0	sample_residual	coords	0	1			4.777425765991211	0.9916526251210529	Seismic_Amplification	0.6403405668980815	0.5768426060676575	-1.5700807571411133	0.17220487946967974	0.5768426060676575	0.6403405668980815	-4.305877208709717	0.013309514958978984	-1.455997347831726	0.18908028394097803	SCC152:C3	1	max	SCC152	logo	26	235	48	0.7900000214576721	min_delta	0.30000001192092896	0.20000000298023224	type_confidence	0.9800000190734863	0.10000000149011612	0.30000001192092896	0.6399999856948853	0.8399999886751175	0.20999999344348907	0.4099999964237213	0.23000000417232513	0.4300000071525574	0.11999999731779099	0.3200000002980232	Seismic_Amplification	objectness_type_threshold	False	Seismic_Amplification	0.6403405668980815	0.45126028295710346	Seismic_Amplification	Seismic_Amplification	Seismic_Amplification:canonical	Seismic_Amplification:canonical	True	False	False	False	False	False	background	False	1
SCC152:chr1:248950002-248956422:4		SCC152	chr1	q	248950002	248956422	candidate_region_empty		empty_candidate_region	candidate_region	1	0	0	candidate_region_with_context	248953412	248955519	cn_attention	0.2049	0.3282	mixed_HP	0.0	0.2	0.0	0.0	1.0	1.0	C4			chromosome_arm	123459000	248950001	402	402	8	1	0	6421	0.000155738981467	2.0	6421.0	6421.0	6421.0	False	0.0	0.0	0	0	1	0	0	0	0	0	0	0	0	0	0	0					0	0		0	0	0	0	sample_residual	coords	0	1			2.58001708984375	0.9295643880632869	Seismic_Amplification	0.7617979774266058	1.1625622510910034	-2.443049192428589	0.0799483364784326	1.1625622510910034	0.7617979774266058	-4.09633731842041	0.016361340979036465	-2.1976540088653564	0.099961357800643	SCC152:C4	1	max	SCC152	logo	26	235	48	0.7900000214576721	min_delta	0.30000001192092896	0.20000000298023224	type_confidence	0.9800000190734863	0.10000000149011612	0.30000001192092896	0.6399999856948853	0.8399999886751175	0.20999999344348907	0.4099999964237213	0.23000000417232513	0.4300000071525574	0.11999999731779099	0.3200000002980232	Seismic_Amplification	objectness_type_threshold	False	Seismic_Amplification	0.7617979774266058	0.6618366196259629	Seismic_Amplification	Seismic_Amplification	Seismic_Amplification:canonical	Seismic_Amplification:canonical	True	False	False	False	False	False	background	False	1
SCC152:chr2:42133920-43274065:5		SCC152	chr2	p	42133920	43274065	candidate_region_empty		empty_candidate_region	candidate_region	1	0	0	candidate_region_with_context	42632733	43002389	cn_attention	0.2036	0.3242	mixed_HP	0.0	0.2	0.0	0.0	0.0	0.0	C5			chromosome_arm	0	93989000	402	402	8	1	1	1140146	8.770806545828341e-07	0.0	1140146.0	1140146.0	1140146.0	False	0.0	0.0	1	0	0	0	0	0	0	0	0	0	0	0	2	0					2	0		0	0	0	0	sample_residual	coords	0	1			2.035789966583252	0.8845038802715223	Seismic_Amplification	0.10534126082658067	-2.13923716545105	-4.2104668617248535	0.01462244980631725	-2.13923716545105	0.10534126082658067	-2.356846332550049	0.08652312570935208	-2.299038887023926	0.09120259126209188	SCC152:C5	1	max	SCC152	logo	26	235	48	0.7900000214576721	min_delta	0.30000001192092896	0.20000000298023224	type_confidence	0.9800000190734863	0.10000000149011612	0.30000001192092896	0.6399999856948853	0.8399999886751175	0.20999999344348907	0.4099999964237213	0.23000000417232513	0.4300000071525574	0.11999999731779099	0.3200000002980232	none	none_type_threshold	False	Seismic_Amplification	0.10534126082658067	0.014138669564488796		none		none	False	False	False	False	False	False	background	True	0
SCC152:chr2:141129231-141364775:6		SCC152	chr2	q	141129231	141364775	candidate_region_empty		empty_candidate_region	candidate_region	1	0	0	candidate_region_with_context	141234121	141310489	cn_attention	0.2036	0.3242	mixed_HP	0.0	0.2	0.0	0.0	0.0	0.0	C6			chromosome_arm	93989000	242150001	402	402	8	1	1	235545	4.245473264132119e-06	0.0	235545.0	235545.0	235545.0	False	0.0	0.0	1	0	0	0	0	0	0	0	0	0	0	0	2	0					2	0		0	0	0	0	sample_residual	coords	0	1			2.4621853828430176	0.9214479900784007	Seismic_Amplification	0.14607457753626765	-1.7657265663146973	-4.592068672180176	0.010030251867155858	-1.7657265663146973	0.14607457753626765	-2.608426809310913	0.06859805039522723	-2.6628165245056152	0.06520345035840552	SCC152:C6	1	max	SCC152	logo	26	235	48	0.7900000214576721	min_delta	0.30000001192092896	0.20000000298023224	type_confidence	0.9800000190734863	0.10000000149011612	0.30000001192092896	0.6399999856948853	0.8399999886751175	0.20999999344348907	0.4099999964237213	0.23000000417232513	0.4300000071525574	0.11999999731779099	0.3200000002980232	none	none_type_threshold	False	Seismic_Amplification	0.14607457753626765	0.07747652714104042		none		none	False	False	False	False	False	False	background	True	0
SCC152:chr2:242150002-242193529:7		SCC152	chr2	q	242150002	242193529	candidate_region_empty		empty_candidate_region	candidate_region	1	0	0	candidate_region_with_context	242173125	242187408	cn_attention	0.2049	0.3281	mixed_HP	0.0	0.2	0.0	0.0	1.0	1.0	C7			chromosome_arm	93989000	242150001	402	402	8	1	0	43528	2.297371806653189e-05	2.0	43528.0	43528.0	43528.0	False	0.0	0.0	0	0	1	0	0	0	0	0	0	0	0	0	0	0					0	0		0	0	0	0	sample_residual	coords	0	1			3.5292553901672363	0.9715088091590791	Seismic_Amplification	0.5993453958234042	0.4027383327484131	-2.778738260269165	0.05848399280245323	0.4027383327484131	0.5993453958234042	-4.071796894073486	0.016761009404221566	-1.716711163520813	0.15229527175415514	SCC152:C7	1	max	SCC152	logo	26	235	48	0.7900000214576721	min_delta	0.30000001192092896	0.20000000298023224	type_confidence	0.9800000190734863	0.10000000149011612	0.30000001192092896	0.6399999856948853	0.8399999886751175	0.20999999344348907	0.4099999964237213	0.23000000417232513	0.4300000071525574	0.11999999731779099	0.3200000002980232	Seismic_Amplification	objectness_type_threshold	False	Seismic_Amplification	0.5993453958234042	0.44705012406924904	Seismic_Amplification	Seismic_Amplification	Seismic_Amplification:canonical	Seismic_Amplification:canonical	True	False	False	False	False	False	background	False	1
SCC152:chr3:47192082-47216096:8		SCC152	chr3	p	47192082	47216096	candidate_region_empty		empty_candidate_region	candidate_region	1	0	0	candidate_region_with_context	47202775	47209998	cn_attention	0.204	0.3008	mixed_HP	0.0	0.2	0.0	0.0	1.0	1.0	C8			chromosome_arm	0	90951000	402	402	8	1	0	24015	4.164064126587549e-05	2.0	24015.0	24015.0	24015.0	False	0.0	0.0	0	0	1	0	0	0	0	0	0	0	0	0	2	0					0	2		0	0	0	0	sample_residual	coords	0	1			3.306410789489746	0.9646480848927187	Seismic_Amplification	0.6367879907206111	0.5614500641822815	-3.0232346057891846	0.04638718027738655	0.5614500641822815	0.6367879907206111	-4.1732940673828125	0.015167836510495886	-2.047771453857422	0.11427775722002395	SCC152:C8	1	max	SCC152	logo	26	235	48	0.7900000214576721	min_delta	0.30000001192092896	0.20000000298023224	type_confidence	0.9800000190734863	0.10000000149011612	0.30000001192092896	0.6399999856948853	0.8399999886751175	0.20999999344348907	0.4099999964237213	0.23000000417232513	0.4300000071525574	0.11999999731779099	0.3200000002980232	Seismic_Amplification	objectness_type_threshold	False	Seismic_Amplification	0.6367879907206111	0.5225102335005871	Seismic_Amplification	Seismic_Amplification	Seismic_Amplification:canonical	Seismic_Amplification:canonical	True	False	False	False	False	False	background	False	1
SCC152:chr3:82230375-82350839:9		SCC152	chr3	p	82230375	82350839	candidate_region_empty		empty_candidate_region	candidate_region	1	2	2	candidate_region_with_context	82230615	82350838	sv_attention	0.3	0.998	HP2	-0.3333	0.1111	0.0	8.0	3.0	0.0	C9			chromosome_arm	0	90951000	402	402	8	1	1	120465	8.301166313867098e-06	3.0	120465.0	120465.0	120465.0	False	0.0	0.0	0	0	0	1	0	0	0	0	0	0	0	0	2	0					0	0		0	2	0	0	sample_residual	coords	0	1			3.5633792877197266	0.9724382942861348	Seismic_Amplification	0.44761647587414194	-0.2103058099746704	-2.969273090362549	0.048833475984597724	-0.2103058099746704	0.44761647587414194	-3.778519868850708	0.02234575141331391	-1.8330641984939575	0.13787364442603287	SCC152:C9	1	max	SCC152	logo	26	235	48	0.7900000214576721	min_delta	0.30000001192092896	0.20000000298023224	type_confidence	0.9800000190734863	0.10000000149011612	0.30000001192092896	0.6399999856948853	0.8399999886751175	0.20999999344348907	0.4099999964237213	0.23000000417232513	0.4300000071525574	0.11999999731779099	0.3200000002980232	Seismic_Amplification	objectness_type_threshold	False	Seismic_Amplification	0.44761647587414194	0.3097428314481091	Seismic_Amplification	Seismic_Amplification	Seismic_Amplification:noncanonical	Seismic_Amplification:noncanonical	True	False	False	False	False	False	background	False	1
SCC152:chr3:141240288-142026013:10		SCC152	chr3	q	141240288	142026013	candidate_region_empty		empty_candidate_region	candidate_region	3	3	3	candidate_region_with_context	141869463	142026013	sv_attention	0.454	0.1992	HP2	-0.4922	0.3229	0.0	12.0	2.8222	0.8827	C10			chromosome_arm	90951000	198250001	402	402	8	3	3	785726	3.81812489341068e-06	3.704969671361263	212536.5	268524.0	314588.5	True	1.0	1.0	0	1	0	0	0	0	2	0	0	0	0	0	4	0					0	4		0	0	0	0	sample_residual	coords	0	1			4.309082508087158	0.9867325126255416	chromothripsis	0.19756740266958836	-1.401568055152893	-3.2008159160614014	0.03913502997432345	-1.4628039598464966	0.1880388414385817	-1.401568055152893	0.19756740266958836	-2.5299675464630127	0.07378386444020234	SCC152:C10	1	max	SCC152	logo	26	235	48	0.7900000214576721	min_delta	0.30000001192092896	0.20000000298023224	type_confidence	0.9800000190734863	0.10000000149011612	0.30000001192092896	0.6399999856948853	0.8399999886751175	0.20999999344348907	0.4099999964237213	0.23000000417232513	0.4300000071525574	0.11999999731779099	0.3200000002980232	none	none_type_threshold	False	chromothripsis	0.19756740266958836	0.00952856123100665		none		none	False	False	False	False	False	False	background	True	0
SCC152:chr3:154744644-159753451:11	SCC152:chr3:154744644-159753451:11	SCC152	chr3	q	154744644	159753451	candidate_region_label	ecDNA	region	candidate_region	2	4	4	candidate_region_with_context	159732166	159753451	sv_attention	0.6774	0.0042	mixed_HP	0.083	0.3	21.0	9.0	2.0266	7.0	C11	ecDNA	ecDNA	chromosome_arm	90951000	198250001	402	402	8	2	1	5008808	3.9929659911100603e-07	9.026566799925252	1268835.5	2504404.0	3739972.5	False	0.0	0.0	0	0	0	0	0	0	0	0	1	1	0	0	3	0					0	0		1	0	2	1	sample_residual	coords	1	0	ecDNA	ecDNA	3.8243672847747803	0.9786342182215942	BFB	0.24383840140090102	-1.1317493915557861	-2.2358474731445312	0.09657724355800651	-1.6885344982147217	0.1559686651027517	-3.039397954940796	0.04567740734257694	-1.1317493915557861	0.24383840140090102	SCC152:C11	1	max	SCC152	logo	26	235	48	0.7900000214576721	min_delta	0.30000001192092896	0.20000000298023224	type_confidence	0.9800000190734863	0.10000000149011612	0.30000001192092896	0.6399999856948853	0.8399999886751175	0.20999999344348907	0.4099999964237213	0.23000000417232513	0.4300000071525574	0.11999999731779099	0.3200000002980232	BFB	objectness_type_threshold	False	BFB	0.24383840140090102	0.08786973629814931	BFB	BFB	BFB:noncanonicalB	BFB:noncanonicalB	True	False	False	False	False	False	wrong	True	1
SCC152:chr3:195744134-198295559:12	SCC152:chr3:195744134-198295559:12	SCC152	chr3	q	195744134	198295559	candidate_region_label	ecDNA	region	candidate_region	2	0	0	candidate_region_with_context	196023196	197737434	cn_attention	0.2017	0.6719	mixed_HP	-0.4545	0.3333	0.0	0.0	3.0	8.0	C12	ecDNA	ecDNA	chromosome_arm	90951000	198250001	402	402	8	2	1	2551426	7.838753700871591e-07	10.839296926503062	660635.5	1275713.0	1890790.5	False	0.0	0.0	0	0	1	0	0	0	0	0	0	1	0	0	1	0					0	0		0	0	1	0	sample_residual	coords	1	0	ecDNA	ecDNA	4.890810012817383	0.9925407264278542	BFB	0.23116048106197531	-1.2017700672149658	-2.2727489471435547	0.09340516929713581	-1.4656941890716553	0.1875979583840707	-2.8287930488586426	0.05578794078454347	-1.2017700672149658	0.23116048106197531	SCC152:C12	1	max	SCC152	logo	26	235	48	0.7900000214576721	min_delta	0.30000001192092896	0.20000000298023224	type_confidence	0.9800000190734863	0.10000000149011612	0.30000001192092896	0.6399999856948853	0.8399999886751175	0.20999999344348907	0.4099999964237213	0.23000000417232513	0.4300000071525574	0.11999999731779099	0.3200000002980232	BFB	objectness_type_threshold	False	BFB	0.23116048106197531	0.043562522677904614	BFB	BFB	BFB:noncanonicalB	BFB:noncanonicalB	True	False	False	False	False	False	wrong	True	1
SCC152:chr4:190200002-190214555:13		SCC152	chr4	q	190200002	190214555	candidate_region_empty		empty_candidate_region	candidate_region	1	0	0	candidate_region_with_context	190207733	190212508	cn_attention	0.2049	0.3281	mixed_HP	0.0	0.2	0.0	0.0	1.0	1.0	C13			chromosome_arm	50494000	190200001	402	402	8	1	0	14554	6.87096330905593e-05	2.0	14554.0	14554.0	14554.0	False	0.0	0.0	0	0	1	0	0	0	0	0	0	0	0	0	0	0					0	0		0	0	0	0	sample_residual	coords	0	1			2.931997299194336	0.9494057005298236	Seismic_Amplification	0.729799298459182	0.9936045408248901	-2.485870122909546	0.07685469251078875	0.9936045408248901	0.729799298459182	-4.138290882110596	0.015699677552950632	-2.0146985054016113	0.1176682904290991	SCC152:C13	1	max	SCC152	logo	26	235	48	0.7900000214576721	min_delta	0.30000001192092896	0.20000000298023224	type_confidence	0.9800000190734863	0.10000000149011612	0.30000001192092896	0.6399999856948853	0.8399999886751175	0.20999999344348907	0.4099999964237213	0.23000000417232513	0.4300000071525574	0.11999999731779099	0.3200000002980232	Seismic_Amplification	objectness_type_threshold	False	Seismic_Amplification	0.729799298459182	0.6121310080300829	Seismic_Amplification	Seismic_Amplification	Seismic_Amplification:canonical	Seismic_Amplification:canonical	True	False	False	False	False	False	background	False	1
SCC152:chr5:29509639-36022279:14		SCC152	chr5	p	29509639	36022279	candidate_region_empty		empty_candidate_region	candidate_region	3	3	3	candidate_region_with_context	31103344	36022279	sv_attention	0.3	0.7553	HP1	0.4947	0.3263	19.0	1.0	1.0245	1.9704	C14			chromosome_arm	0	48464000	402	402	8	2	2	6512641	4.6064261794869394e-07	2.9948956191505105	127999.5	159585.0	3208113.5	False	0.6666666666666666	0.5	0	1	0	1	1	0	0	0	0	0	0	0	4	0					4	0		0	0	0	0	sample_residual	coords	0	1			-2.5923683643341064	0.06963119738195962	chromothripsis	0.3040615524161933	-0.828031063079834	-2.8769540786743164	0.05330463452074324	-0.9343284964561462	0.2820473821357465	-0.828031063079834	0.3040615524161933	-3.077939748764038	0.04402644608028234	SCC152:C14	1	max	SCC152	logo	26	235	48	0.7900000214576721	min_delta	0.30000001192092896	0.20000000298023224	type_confidence	0.9800000190734863	0.10000000149011612	0.30000001192092896	0.6399999856948853	0.8399999886751175	0.20999999344348907	0.4099999964237213	0.23000000417232513	0.4300000071525574	0.11999999731779099	0.3200000002980232	none	none_objectness	False	chromothripsis	0.3040615524161933	0.022014170280446832		none		none	False	False	False	False	False	False	background	True	0
SCC152:chr5:71095378-75128425:15		SCC152	chr5	q	71095378	75128425	candidate_region_empty		empty_candidate_region	candidate_region	1	1	1	candidate_region_with_context	75128424	75128425	sv_attention	0.3	0.0	HP2	-1.0	1.0	0.0	0.0	0.0	1.0	C15			chromosome_arm	48464000	181500001	402	402	8	1	1	4033048	2.4795142532397335e-07	1.0	4033048.0	4033048.0	4033048.0	False	0.0	0.0	0	1	0	0	0	0	0	0	0	0	0	0	2	0					0	0		1	0	1	1	sample_residual	coords	0	1			2.2598700523376465	0.9054985118899561	BFB	0.10030469946034046	-2.1938436031341553	-3.8666512966156006	0.020499318396443356	-2.527212619781494	0.07397235680200205	-2.5616846084594727	0.07164541411213861	-2.1938436031341553	0.10030469946034046	SCC152:C15	1	max	SCC152	logo	26	235	48	0.7900000214576721	min_delta	0.30000001192092896	0.20000000298023224	type_confidence	0.9800000190734863	0.10000000149011612	0.30000001192092896	0.6399999856948853	0.8399999886751175	0.20999999344348907	0.4099999964237213	0.23000000417232513	0.4300000071525574	0.11999999731779099	0.3200000002980232	none	none_type_threshold	False	BFB	0.10030469946034046	0.026332342658338406		none		none	False	False	False	False	False	False	background	True	0
SCC152:chr6:0-2269575:16		SCC152	chr6	p	0	2269575	candidate_region_empty		empty_candidate_region	candidate_region	2	1	1	candidate_region_with_context	2245299	2269575	sv_attention	0.3	0.0107	HP2	-0.3333	0.1111	0.0	11.0	0.0214	0.0	C16			chromosome_arm	0	60589000	402	402	8	2	1	2269576	8.812218669918963e-07	0.0213916608212282	579531.5	1134788.0	1690044.5	False	0.0	0.0	1	0	1	0	0	0	0	0	0	0	0	0	2	0					0	2		0	0	0	0	sample_residual	coords	0	1			3.8366620540618896	0.9788897859006908	chromothripsis	0.11489346105999133	-2.0417027473449707	-4.19257926940918	0.014882435901362194	-2.948387622833252	0.04981277235196419	-2.0417027473449707	0.11489346105999133	-2.4080615043640137	0.08256002852496576	SCC152:C16	1	max	SCC152	logo	26	235	48	0.7900000214576721	min_delta	0.30000001192092896	0.20000000298023224	type_confidence	0.9800000190734863	0.10000000149011612	0.30000001192092896	0.6399999856948853	0.8399999886751175	0.20999999344348907	0.4099999964237213	0.23000000417232513	0.4300000071525574	0.11999999731779099	0.3200000002980232	none	none_type_threshold	False	chromothripsis	0.11489346105999133	0.032333432535025575		none		none	False	False	False	False	False	False	background	True	0
SCC152:chr6:134367044-134825955:17		SCC152	chr6	q	134367044	134825955	candidate_region_empty		empty_candidate_region	candidate_region	1	1	1	candidate_region_with_context	134825954	134825955	sv_attention	0.3	0.0	HP2	-0.5556	0.4074	0.0	8.0	2.0	1.0	C17			chromosome_arm	60589000	170800001	402	402	8	1	1	458912	2.179067010668712e-06	3.0	458912.0	458912.0	458912.0	False	0.0	0.0	0	0	0	1	0	0	0	0	0	0	0	0	2	0					0	0		0	2	0	0	sample_residual	coords	0	1			3.444563627243042	0.9690686021700234	BFB	0.19247812750450966	-1.4339876174926758	-3.199712038040161	0.03917656075285632	-1.4744689464569092	0.18626430623118384	-3.30263352394104	0.035480954334049644	-1.4339876174926758	0.19247812750450966	SCC152:C17	1	max	SCC152	logo	26	235	48	0.7900000214576721	min_delta	0.30000001192092896	0.20000000298023224	type_confidence	0.9800000190734863	0.10000000149011612	0.30000001192092896	0.6399999856948853	0.8399999886751175	0.20999999344348907	0.4099999964237213	0.23000000417232513	0.4300000071525574	0.11999999731779099	0.3200000002980232	BFB	objectness_type_threshold	False	BFB	0.19247812750450966	0.006213821273325815	BFB	BFB	BFB:noncanonicalB	BFB:noncanonicalB	True	False	False	False	False	False	background	False	1
SCC152:chr6:149770978-149966871:18		SCC152	chr6	q	149770978	149966871	candidate_region_empty		empty_candidate_region	candidate_region	1	0	0	candidate_region_with_context	149858211	149917897	cn_attention	0.2041	0.3047	mixed_HP	0.0	0.2	0.0	0.0	1.0	1.0	C18			chromosome_arm	60589000	170800001	402	402	8	1	1	195894	5.104801576362727e-06	2.0	195894.0	195894.0	195894.0	False	0.0	0.0	0	0	1	0	0	0	0	0	0	0	0	0	2	0					0	2		0	0	0	0	sample_residual	coords	0	1			3.8668155670166016	0.9795039797449698	Seismic_Amplification	0.2698198316046655	-0.9955368638038635	-3.1059768199920654	0.04286138911049467	-0.9955368638038635	0.2698198316046655	-3.3236324787139893	0.034769294895172456	-1.7041678428649902	0.15392170444018427	SCC152:C18	1	max	SCC152	logo	26	235	48	0.7900000214576721	min_delta	0.30000001192092896	0.20000000298023224	type_confidence	0.9800000190734863	0.10000000149011612	0.30000001192092896	0.6399999856948853	0.8399999886751175	0.20999999344348907	0.4099999964237213	0.23000000417232513	0.4300000071525574	0.11999999731779099	0.3200000002980232	Seismic_Amplification	objectness_type_threshold	False	Seismic_Amplification	0.2698198316046655	0.11589812716448122	Seismic_Amplification	Seismic_Amplification	Seismic_Amplification:noncanonical	Seismic_Amplification:noncanonical	True	False	False	False	False	False	background	False	1
SCC152:chr6:170800002-170805979:19		SCC152	chr6	q	170800002	170805979	candidate_region_empty		empty_candidate_region	candidate_region	1	0	0	candidate_region_with_context	170803177	170805138	cn_attention	0.2049	0.3281	mixed_HP	0.0	0.2	0.0	0.0	1.0	1.0	C19			chromosome_arm	60589000	170800001	402	402	8	1	0	5978	0.0001672800267648	2.0	5978.0	5978.0	5978.0	False	0.0	0.0	0	0	1	0	0	0	0	0	0	0	0	0	0	0					0	0		0	0	0	0	sample_residual	coords	0	1			2.5454673767089844	0.9272684182100736	Seismic_Amplification	0.7560168094964473	1.1309642791748047	-2.5411489009857178	0.07302336505887044	1.1309642791748047	0.7560168094964473	-4.084800720214844	0.01654804658545773	-2.2461743354797363	0.09567997009460218	SCC152:C19	1	max	SCC152	logo	26	235	48	0.7900000214576721	min_delta	0.30000001192092896	0.20000000298023224	type_confidence	0.9800000190734863	0.10000000149011612	0.30000001192092896	0.6399999856948853	0.8399999886751175	0.20999999344348907	0.4099999964237213	0.23000000417232513	0.4300000071525574	0.11999999731779099	0.3200000002980232	Seismic_Amplification	objectness_type_threshold	False	Seismic_Amplification	0.7560168094964473	0.6603368394018452	Seismic_Amplification	Seismic_Amplification	Seismic_Amplification:canonical	Seismic_Amplification:canonical	True	False	False	False	False	False	background	False	1
SCC152:chr7:159300002-159345973:20		SCC152	chr7	q	159300002	159345973	candidate_region_empty		empty_candidate_region	candidate_region	1	0	0	candidate_region_with_context	159324424	159339508	cn_attention	0.2049	0.3281	mixed_HP	0.0	0.2	0.0	0.0	1.0	1.0	C20			chromosome_arm	59904000	159300001	402	402	8	1	0	45972	2.175237100843992e-05	2.0	45972.0	45972.0	45972.0	False	0.0	0.0	0	0	1	0	0	0	0	0	0	0	0	0	0	0					0	0		0	0	0	0	sample_residual	coords	0	1			3.528388023376465	0.9714847911083507	Seismic_Amplification	0.5741854333889912	0.2989484369754791	-3.0798542499542236	0.04394593863256367	0.2989484369754791	0.5741854333889912	-4.094298839569092	0.016394179903209335	-1.8224495649337769	0.13914020412347894	SCC152:C20	1	max	SCC152	logo	26	235	48	0.7900000214576721	min_delta	0.30000001192092896	0.20000000298023224	type_confidence	0.9800000190734863	0.10000000149011612	0.30000001192092896	0.6399999856948853	0.8399999886751175	0.20999999344348907	0.4099999964237213	0.23000000417232513	0.4300000071525574	0.11999999731779099	0.3200000002980232	Seismic_Amplification	objectness_type_threshold	False	Seismic_Amplification	0.5741854333889912	0.43504522926551226	Seismic_Amplification	Seismic_Amplification	Seismic_Amplification:canonical	Seismic_Amplification:canonical	True	False	False	False	False	False	background	False	1
SCC152:chr8:145100002-145138636:21		SCC152	chr8	q	145100002	145138636	candidate_region_empty		empty_candidate_region	candidate_region	1	0	0	candidate_region_with_context	145120526	145133203	cn_attention	0.2049	0.3281	mixed_HP	0.0	0.2	0.0	0.0	1.0	1.0	C21			chromosome_arm	45644000	145100001	402	402	8	1	0	38635	2.588326646822829e-05	2.0	38635.0	38635.0	38635.0	False	0.0	0.0	0	0	1	0	0	0	0	0	0	0	0	0	0	0					0	0		0	0	0	0	sample_residual	coords	0	1			3.4427146911621094	0.9690131328731824	Seismic_Amplification	0.5999010660527465	0.40505290031433105	-3.0273258686065674	0.046206537088630706	0.40505290031433105	0.5999010660527465	-4.114683628082275	0.016068686862462257	-1.8636661767959595	0.13427630120573184	SCC152:C21	1	max	SCC152	logo	26	235	48	0.7900000214576721	min_delta	0.30000001192092896	0.20000000298023224	type_confidence	0.9800000190734863	0.10000000149011612	0.30000001192092896	0.6399999856948853	0.8399999886751175	0.20999999344348907	0.4099999964237213	0.23000000417232513	0.4300000071525574	0.11999999731779099	0.3200000002980232	Seismic_Amplification	objectness_type_threshold	False	Seismic_Amplification	0.5999010660527465	0.46562476484701465	Seismic_Amplification	Seismic_Amplification	Seismic_Amplification:canonical	Seismic_Amplification:canonical	True	False	False	False	False	False	background	False	1
SCC152:chr9:97818032-97942607:22		SCC152	chr9	q	97818032	97942607	candidate_region_empty		empty_candidate_region	candidate_region	1	6	6	candidate_region_with_context	97856422	97942607	sv_attention	0.5409	0.6918	mixed_HP	0.0	0.2	0.0	0.0	0.0	0.0	C22			chromosome_arm	49224000	138350001	402	402	8	1	1	124576	8.027228358592345e-06	0.0	124576.0	124576.0	124576.0	False	0.0	0.0	1	0	0	0	0	0	0	0	0	0	0	0	3	0					0	1		1	0	1	1	sample_residual	coords	0	1			0.9083582162857056	0.7126640855721044	Seismic_Amplification	0.1835340941959668	-1.4925847053527832	-4.311123371124268	0.013240796018528993	-1.4925847053527832	0.1835340941959668	-2.511507272720337	0.07505540441410487	-2.3538320064544678	0.08676166574719414	SCC152:C22	1	max	SCC152	logo	26	235	48	0.7900000214576721	min_delta	0.30000001192092896	0.20000000298023224	type_confidence	0.9800000190734863	0.10000000149011612	0.30000001192092896	0.6399999856948853	0.8399999886751175	0.20999999344348907	0.4099999964237213	0.23000000417232513	0.4300000071525574	0.11999999731779099	0.3200000002980232	none	none_objectness	False	Seismic_Amplification	0.1835340941959668	0.09677242844877267		none		none	False	False	False	False	False	False	background	True	0
SCC152:chr9:108230866-108585071:23		SCC152	chr9	q	108230866	108585071	candidate_region_empty		empty_candidate_region	candidate_region	1	0	0	candidate_region_with_context	108388597	108506205	cn_attention	0.2024	0.332	HP2	-0.3333	0.1111	0.0	0.0	2.0	4.0	C23			chromosome_arm	49224000	138350001	402	402	8	1	1	354206	2.823215868731755e-06	6.0	354206.0	354206.0	354206.0	False	0.0	0.0	0	0	0	0	0	0	1	0	0	0	0	0	2	0					0	2		0	0	0	0	sample_residual	coords	0	1			4.0567169189453125	0.9829886518977685	Seismic_Amplification	0.267709437026292	-1.0062751770019531	-3.004410743713379	0.047227007804839	-1.0062751770019531	0.267709437026292	-3.631420135498047	0.02579552630941543	-1.4019370079040527	0.19750891744741803	SCC152:C23	1	max	SCC152	logo	26	235	48	0.7900000214576721	min_delta	0.30000001192092896	0.20000000298023224	type_confidence	0.9800000190734863	0.10000000149011612	0.30000001192092896	0.6399999856948853	0.8399999886751175	0.20999999344348907	0.4099999964237213	0.23000000417232513	0.4300000071525574	0.11999999731779099	0.3200000002980232	Seismic_Amplification	objectness_type_threshold	False	Seismic_Amplification	0.267709437026292	0.070200519578874	Seismic_Amplification	Seismic_Amplification	Seismic_Amplification:noncanonical	Seismic_Amplification:noncanonical	True	False	False	False	False	False	background	False	1
SCC152:chr10:61194154-61266447:24		SCC152	chr10	q	61194154	61266447	candidate_region_empty		empty_candidate_region	candidate_region	1	0	0	candidate_region_with_context	61226346	61248373	cn_attention	0.2034	0.3047	HP2	-0.3333	0.1111	0.0	0.0	1.0	2.0	C24			chromosome_arm	40246000	133750001	402	402	8	1	0	72294	1.3832406562093672e-05	3.0	72294.0	72294.0	72294.0	False	0.0	0.0	0	0	0	1	0	0	0	0	0	0	0	0	2	0					0	2		0	0	0	0	sample_residual	coords	0	1			5.099994659423828	0.9939401663416119	Seismic_Amplification	0.41697861593885216	-0.33518892526626587	-3.066983461380005	0.0444898862056326	-0.33518892526626587	0.41697861593885216	-4.185079097747803	0.014992796561665255	-2.124157190322876	0.10677094683789849	SCC152:C24	1	max	SCC152	logo	26	235	48	0.7900000214576721	min_delta	0.30000001192092896	0.20000000298023224	type_confidence	0.9800000190734863	0.10000000149011612	0.30000001192092896	0.6399999856948853	0.8399999886751175	0.20999999344348907	0.4099999964237213	0.23000000417232513	0.4300000071525574	0.11999999731779099	0.3200000002980232	Seismic_Amplification	objectness_type_threshold	False	Seismic_Amplification	0.41697861593885216	0.31020766910095365	Seismic_Amplification	Seismic_Amplification	Seismic_Amplification:noncanonical	Seismic_Amplification:noncanonical	True	False	False	False	False	False	background	False	1
SCC152:chr10:133750002-133797422:25		SCC152	chr10	q	133750002	133797422	candidate_region_empty		empty_candidate_region	candidate_region	1	0	0	candidate_region_with_context	133775193	133790753	cn_attention	0.2049	0.3281	mixed_HP	0.0	0.2	0.0	0.0	1.0	1.0	C25			chromosome_arm	40246000	133750001	402	402	8	1	0	47421	2.108770375993758e-05	2.0	47421.0	47421.0	47421.0	False	0.0	0.0	0	0	1	0	0	0	0	0	0	0	0	0	0	0					0	0		0	0	0	0	sample_residual	coords	0	1			3.537951946258545	0.9717485404569418	Seismic_Amplification	0.5655809995071446	0.26384401321411133	-3.135733127593994	0.04165712783571934	0.26384401321411133	0.5655809995071446	-4.091156482696533	0.016444928777941164	-1.8327349424362183	0.13791278595014386	SCC152:C25	1	max	SCC152	logo	26	235	48	0.7900000214576721	min_delta	0.30000001192092896	0.20000000298023224	type_confidence	0.9800000190734863	0.10000000149011612	0.30000001192092896	0.6399999856948853	0.8399999886751175	0.20999999344348907	0.4099999964237213	0.23000000417232513	0.4300000071525574	0.11999999731779099	0.3200000002980232	Seismic_Amplification	objectness_type_threshold	False	Seismic_Amplification	0.5655809995071446	0.4276682135570007	Seismic_Amplification	Seismic_Amplification	Seismic_Amplification:canonical	Seismic_Amplification:canonical	True	False	False	False	False	False	background	False	1
SCC152:chr11:9401665-10929493:26		SCC152	chr11	p	9401665	10929493	candidate_region_empty		empty_candidate_region	candidate_region	2	3	3	candidate_region_with_context	9486371	10929493	sv_attention	0.435	0.9446	mixed_HP	0.1211	0.3	8.0	15.0	3.8891	0.0554	C26			chromosome_arm	0	53714000	402	402	8	2	1	1527829	1.309047020314446e-06	3.9445566225016018	424311.25	763914.5	1103517.75	False	0.0	0.0	0	0	0	1	1	0	0	0	0	0	0	0	4	0					0	0		0	4	0	0	sample_residual	coords	0	1			4.233205795288086	0.9857015967062438	BFB	0.12652769783930212	-1.9320151805877686	-3.3880951404571533	0.03266959968503257	-2.3768844604492188	0.0849524408655079	-2.7101805210113525	0.06237529284392161	-1.9320151805877686	0.12652769783930212	SCC152:C26	1	max	SCC152	logo	26	235	48	0.7900000214576721	min_delta	0.30000001192092896	0.20000000298023224	type_confidence	0.9800000190734863	0.10000000149011612	0.30000001192092896	0.6399999856948853	0.8399999886751175	0.20999999344348907	0.4099999964237213	0.23000000417232513	0.4300000071525574	0.11999999731779099	0.3200000002980232	BFB	objectness_type_threshold	False	BFB	0.12652769783930212	0.04157525697379422	BFB	BFB	BFB:noncanonicalB	BFB:noncanonicalB	True	False	False	False	False	False	background	False	1
SCC152:chr11:135076383-135086622:27		SCC152	chr11	q	135076383	135086622	candidate_region_empty		empty_candidate_region	candidate_region	1	0	0	candidate_region_with_context	135081822	135085182	cn_attention	0.2049	0.3282	mixed_HP	0.0	0.2	0.0	0.0	1.0	1.0	C27			chromosome_arm	53714000	135076382	402	402	8	1	0	10240	9.765625e-05	2.0	10240.0	10240.0	10240.0	False	0.0	0.0	0	0	1	0	0	0	0	0	0	0	0	0	1	0					0	0		1	0	0	1	sample_residual	coords	0	1			2.653331756591797	0.9342160448254409	Seismic_Amplification	0.7321186422113238	1.0053983926773071	-2.242208242416382	0.09602368826584251	1.0053983926773071	0.7321186422113238	-4.200681209564209	0.014764119447346903	-2.1704397201538086	0.10243659703591118	SCC152:C27	1	max	SCC152	logo	26	235	48	0.7900000214576721	min_delta	0.30000001192092896	0.20000000298023224	type_confidence	0.9800000190734863	0.10000000149011612	0.30000001192092896	0.6399999856948853	0.8399999886751175	0.20999999344348907	0.4099999964237213	0.23000000417232513	0.4300000071525574	0.11999999731779099	0.3200000002980232	Seismic_Amplification	objectness_type_threshold	False	Seismic_Amplification	0.7321186422113238	0.6296820451754126	Seismic_Amplification	Seismic_Amplification	Seismic_Amplification:canonical	Seismic_Amplification:canonical	True	False	False	False	False	False	background	False	1
SCC152:chr12:57671836-58010199:28		SCC152	chr12	q	57671836	58010199	candidate_region_empty		empty_candidate_region	candidate_region	1	0	0	candidate_region_with_context	57822513	57924286	cn_attention	0.2041	0.3008	mixed_HP	0.0	0.2	0.0	0.0	1.0	1.0	C28			chromosome_arm	35807000	133250001	402	402	8	1	1	338364	2.9553971462685155e-06	2.0	338364.0	338364.0	338364.0	False	0.0	0.0	0	0	1	0	0	0	0	0	0	0	0	0	2	0					0	2		0	0	0	0	sample_residual	coords	0	1			5.3155035972595215	0.9951092341004901	Seismic_Amplification	0.11891509980107969	-2.002744197845459	-3.692462205886841	0.02430513614849688	-2.002744197845459	0.11891509980107969	-3.16668438911438	0.040438877118085	-2.0696051120758057	0.11208633296298418	SCC152:C28	1	max	SCC152	logo	26	235	48	0.7900000214576721	min_delta	0.30000001192092896	0.20000000298023224	type_confidence	0.9800000190734863	0.10000000149011612	0.30000001192092896	0.6399999856948853	0.8399999886751175	0.20999999344348907	0.4099999964237213	0.23000000417232513	0.4300000071525574	0.11999999731779099	0.3200000002980232	none	none_type_threshold	False	Seismic_Amplification	0.11891509980107969	0.00682876683809551		none		none	False	False	False	False	False	False	background	True	0
SCC152:chr12:133250002-133275309:29		SCC152	chr12	q	133250002	133275309	candidate_region_empty		empty_candidate_region	candidate_region	1	0	0	candidate_region_with_context	133263446	133271750	cn_attention	0.2049	0.3281	mixed_HP	0.0	0.2	0.0	0.0	1.0	1.0	C29			chromosome_arm	35807000	133250001	402	402	8	1	0	25308	3.951319740793425e-05	2.0	25308.0	25308.0	25308.0	False	0.0	0.0	0	0	1	0	0	0	0	0	0	0	0	0	0	0					0	0		0	0	0	0	sample_residual	coords	0	1			3.2051103115081787	0.9610261350212136	Seismic_Amplification	0.6591937657578087	0.6597034335136414	-2.8997342586517334	0.05216670118518265	0.6597034335136414	0.6591937657578087	-4.153011322021484	0.015473813970826734	-1.9848145246505737	0.12080654177614066	SCC152:C29	1	max	SCC152	logo	26	235	48	0.7900000214576721	min_delta	0.30000001192092896	0.20000000298023224	type_confidence	0.9800000190734863	0.10000000149011612	0.30000001192092896	0.6399999856948853	0.8399999886751175	0.20999999344348907	0.4099999964237213	0.23000000417232513	0.4300000071525574	0.11999999731779099	0.3200000002980232	Seismic_Amplification	objectness_type_threshold	False	Seismic_Amplification	0.6591937657578087	0.538387223981668	Seismic_Amplification	Seismic_Amplification	Seismic_Amplification:canonical	Seismic_Amplification:canonical	True	False	False	False	False	False	background	False	1
SCC152:chr13:72909271-73218361:30		SCC152	chr13	q	72909271	73218361	candidate_region_empty		empty_candidate_region	candidate_region	1	0	0	candidate_region_with_context	73045705	73149540	cn_attention	0.2019	0.3359	HP1	1.0	1.0	0.0	0.0	3.0	0.0	C30			chromosome_arm	17900000	114350001	402	402	8	1	1	309091	3.235293166090245e-06	3.0	309091.0	309091.0	309091.0	False	0.0	0.0	0	0	0	1	0	0	0	0	0	0	0	0	2	0					0	2		0	0	0	0	sample_residual	coords	0	1			3.546907424926758	0.9719933620875069	Seismic_Amplification	0.20122161918791825	-1.3786766529083252	-3.1960535049438477	0.03931450678428255	-1.3786766529083252	0.20122161918791825	-3.4657468795776367	0.03030270775474551	-1.5450769662857056	0.17579844490755678	SCC152:C30	1	max	SCC152	logo	26	235	48	0.7900000214576721	min_delta	0.30000001192092896	0.20000000298023224	type_confidence	0.9800000190734863	0.10000000149011612	0.30000001192092896	0.6399999856948853	0.8399999886751175	0.20999999344348907	0.4099999964237213	0.23000000417232513	0.4300000071525574	0.11999999731779099	0.3200000002980232	BFB	objectness_type_threshold	False	Seismic_Amplification	0.20122161918791825	0.025423174280361477	BFB	BFB	BFB:noncanonicalB	BFB:noncanonicalB	True	False	False	False	False	False	background	False	1
SCC152:chr13:114350002-114364328:31		SCC152	chr13	q	114350002	114364328	candidate_region_empty		empty_candidate_region	candidate_region	1	0	0	candidate_region_with_context	114357612	114362313	cn_attention	0.2049	0.3281	mixed_HP	0.0	0.2	0.0	0.0	1.0	1.0	C31			chromosome_arm	17900000	114350001	402	402	8	1	0	14327	6.979828296223913e-05	2.0	14327.0	14327.0	14327.0	False	0.0	0.0	0	0	1	0	0	0	0	0	0	0	0	0	0	0					0	0		0	0	0	0	sample_residual	coords	0	1			2.898317813873291	0.947763217783289	Seismic_Amplification	0.7147845803342777	0.918736457824707	-2.7466022968292236	0.06027882674999511	0.918736457824707	0.7147845803342777	-4.155879020690918	0.015430187022217027	-2.1237170696258545	0.10681292881512258	SCC152:C31	1	max	SCC152	logo	26	235	48	0.7900000214576721	min_delta	0.30000001192092896	0.20000000298023224	type_confidence	0.9800000190734863	0.10000000149011612	0.30000001192092896	0.6399999856948853	0.8399999886751175	0.20999999344348907	0.4099999964237213	0.23000000417232513	0.4300000071525574	0.11999999731779099	0.3200000002980232	Seismic_Amplification	objectness_type_threshold	False	Seismic_Amplification	0.7147845803342777	0.6079716515191551	Seismic_Amplification	Seismic_Amplification	Seismic_Amplification:canonical	Seismic_Amplification:canonical	True	False	False	False	False	False	background	False	1
SCC152:chr14:91404278-91666087:32		SCC152	chr14	q	91404278	91666087	candidate_region_empty		empty_candidate_region	candidate_region	2	2	2	candidate_region_with_context	91666086	91666087	sv_attention	0.6025	0.0	HP1	0.2778	0.037	5.0	1.0	0.8308	2.4925	C32			chromosome_arm	17600000	107000001	402	402	8	2	1	261810	7.639127611626752e-06	3.323356632672549	87596.5	130905.0	174213.5	False	0.0	0.0	1	0	0	0	1	0	0	0	0	0	0	0	3	0					0	0		3	0	0	3	sample_residual	coords	0	1			1.1777294874191284	0.7645393140006479	Seismic_Amplification	0.3449263292972526	-0.6414168477058411	-2.0707435607910156	0.11197308117285103	-0.6414168477058411	0.3449263292972526	-2.798405408859253	0.05741040544796366	-2.2258005142211914	0.09745740155158218	SCC152:C32	1	max	SCC152	logo	26	235	48	0.7900000214576721	min_delta	0.30000001192092896	0.20000000298023224	type_confidence	0.9800000190734863	0.10000000149011612	0.30000001192092896	0.6399999856948853	0.8399999886751175	0.20999999344348907	0.4099999964237213	0.23000000417232513	0.4300000071525574	0.11999999731779099	0.3200000002980232	none	none_objectness	False	Seismic_Amplification	0.3449263292972526	0.23295324812440155		none		none	False	False	False	False	False	False	background	True	0
SCC152:chr14:106075079-107043718:33		SCC152	chr14	q	106075079	107043718	candidate_region_empty		empty_candidate_region	candidate_region	2	1	1	candidate_region_with_context	106758468	107043718	sv_attention	0.3	0.2945	mixed_HP	0.0	0.2	0.0	0.0	0.0	0.0	C33			chromosome_arm	17600000	107000001	402	402	8	2	1	968640	2.064750578130162e-06	0.0902647010241162	264018.5	484320.0	704621.5	False	0.0	0.0	1	0	1	0	0	0	0	0	0	0	0	0	1	0					1	0		0	0	0	0	sample_residual	coords	0	1			2.3234963417053223	0.9108043908706509	BFB	0.11365236755247807	-2.053964853286743	-4.03278112411499	0.01741626333576755	-2.0634379386901855	0.11270157839982511	-2.0840792655944824	0.11065388975007538	-2.053964853286743	0.11365236755247807	SCC152:C33	1	max	SCC152	logo	26	235	48	0.7900000214576721	min_delta	0.30000001192092896	0.20000000298023224	type_confidence	0.9800000190734863	0.10000000149011612	0.30000001192092896	0.6399999856948853	0.8399999886751175	0.20999999344348907	0.4099999964237213	0.23000000417232513	0.4300000071525574	0.11999999731779099	0.3200000002980232	none	none_type_threshold	False	BFB	0.11365236755247807	0.0009507891526529533		none		none	False	False	False	False	False	False	background	True	0
SCC152:chr15:41456961-56139903:34		SCC152	chr15	q	41456961	56139903	candidate_region_empty		empty_candidate_region	candidate_region	6	6	6	candidate_region_with_context	41721357	56139902	sv_attention	0.5751	0.982	HP1	0.7909	0.7213	23.0	4.0	1.0885	0.0191	C34			chromosome_arm	19050000	101950001	402	402	8	4	4	14682943	4.0863742370994697e-07	1.1076428615162506	87673.25	254557.0	3822489.0	True	0.8333333333333334	0.8	0	2	0	3	0	1	0	0	0	0	0	0	7	0					4	3		0	0	0	0	sample_residual	coords	0	1			3.6149191856384277	0.9737865421296868	chromothripsis	0.4072746209584863	-0.37524348497390747	-2.9885756969451904	0.04794466170201232	-2.906999111175537	0.051808654566687325	-0.37524348497390747	0.4072746209584863	-2.5295345783233643	0.07381345885961137	SCC152:C34	1	max	SCC152	logo	26	235	48	0.7900000214576721	min_delta	0.30000001192092896	0.20000000298023224	type_confidence	0.9800000190734863	0.10000000149011612	0.30000001192092896	0.6399999856948853	0.8399999886751175	0.20999999344348907	0.4099999964237213	0.23000000417232513	0.4300000071525574	0.11999999731779099	0.3200000002980232	chromothripsis	objectness_type_threshold	False	chromothripsis	0.4072746209584863	0.33346116209887494	chromothripsis	chromothripsis	chromothripsis:noncanonical	chromothripsis:noncanonical	True	False	False	False	False	False	background	False	1
SCC152:chr15:74834670-74955943:35		SCC152	chr15	q	74834670	74955943	candidate_region_empty		empty_candidate_region	candidate_region	2	4	4	candidate_region_with_context	74857297	74879926	sv_attention	0.3578	0.1866	HP1	0.9167	0.8889	15.0	1.0	2.1866	0.0	C35			chromosome_arm	19050000	101950001	402	402	8	2	0	121274	1.649158104787506e-05	2.1865939937661825	41633.0	60637.0	79641.0	False	0.0	0.0	0	0	1	1	0	0	0	0	0	0	0	0	3	0					0	0		0	3	0	0	sample_residual	coords	0	1			3.907447099685669	0.9803039988701856	Seismic_Amplification	0.635390301181814	0.5554119944572449	-2.7283565998077393	0.061320689527147136	0.5554119944572449	0.635390301181814	-4.160531520843506	0.015359664908200815	-1.8328777551651	0.13789580741587354	SCC152:C35	1	max	SCC152	logo	26	235	48	0.7900000214576721	min_delta	0.30000001192092896	0.20000000298023224	type_confidence	0.9800000190734863	0.10000000149011612	0.30000001192092896	0.6399999856948853	0.8399999886751175	0.20999999344348907	0.4099999964237213	0.23000000417232513	0.4300000071525574	0.11999999731779099	0.3200000002980232	Seismic_Amplification	objectness_type_threshold	False	Seismic_Amplification	0.635390301181814	0.4974944937659405	Seismic_Amplification	Seismic_Amplification	Seismic_Amplification:canonical	Seismic_Amplification:canonical	True	False	False	False	False	False	background	False	1
SCC152:chr15:101950002-101991189:36		SCC152	chr15	q	101950002	101991189	candidate_region_empty		empty_candidate_region	candidate_region	1	0	0	candidate_region_with_context	101971882	101985397	cn_attention	0.2049	0.3281	mixed_HP	0.0	0.2	0.0	0.0	1.0	1.0	C36			chromosome_arm	19050000	101950001	402	402	8	1	0	41188	2.4278916189181315e-05	2.0	41188.0	41188.0	41188.0	False	0.0	0.0	0	0	1	0	0	0	0	0	0	0	0	0	0	0					0	0		0	0	0	0	sample_residual	coords	0	1			3.464722156524658	0.9696671668211715	Seismic_Amplification	0.585848755448629	0.34683042764663696	-3.147979259490967	0.04117097488283598	0.34683042764663696	0.585848755448629	-4.134226322174072	0.015762611798508516	-1.887640357017517	0.13151374860141193	SCC152:C36	1	max	SCC152	logo	26	235	48	0.7900000214576721	min_delta	0.30000001192092896	0.20000000298023224	type_confidence	0.9800000190734863	0.10000000149011612	0.30000001192092896	0.6399999856948853	0.8399999886751175	0.20999999344348907	0.4099999964237213	0.23000000417232513	0.4300000071525574	0.11999999731779099	0.3200000002980232	Seismic_Amplification	objectness_type_threshold	False	Seismic_Amplification	0.585848755448629	0.45433500684721706	Seismic_Amplification	Seismic_Amplification	Seismic_Amplification:canonical	Seismic_Amplification:canonical	True	False	False	False	False	False	background	False	1
SCC152:chr16:90300002-90338345:37		SCC152	chr16	q	90300002	90338345	candidate_region_empty		empty_candidate_region	candidate_region	1	0	0	candidate_region_with_context	90320371	90332953	cn_attention	0.2049	0.3281	mixed_HP	0.0	0.2	0.0	0.0	1.0	1.0	C37			chromosome_arm	36800000	90300001	402	402	8	1	0	38344	2.6079699561861048e-05	2.0	38344.0	38344.0	38344.0	False	0.0	0.0	0	0	1	0	0	0	0	0	0	0	0	0	0	0					0	0		0	0	0	0	sample_residual	coords	0	1			3.4061036109924316	0.967894744628179	Seismic_Amplification	0.5698827192088562	0.28137266635894775	-3.457977771759033	0.03053183370103086	0.28137266635894775	0.5698827192088562	-4.1913676261901855	0.014900210186167525	-2.0244455337524414	0.11666009505124464	SCC152:C37	1	max	SCC152	logo	26	235	48	0.7900000214576721	min_delta	0.30000001192092896	0.20000000298023224	type_confidence	0.9800000190734863	0.10000000149011612	0.30000001192092896	0.6399999856948853	0.8399999886751175	0.20999999344348907	0.4099999964237213	0.23000000417232513	0.4300000071525574	0.11999999731779099	0.3200000002980232	Seismic_Amplification	objectness_type_threshold	False	Seismic_Amplification	0.5698827192088562	0.4532226241576116	Seismic_Amplification	Seismic_Amplification	Seismic_Amplification:canonical	Seismic_Amplification:canonical	True	False	False	False	False	False	background	False	1
SCC152:chr17:21795851-21999999:38		SCC152	chr17	p	21795851	21999999	candidate_region_empty		empty_candidate_region	candidate_region	1	0	0	candidate_region_with_context	21883570	21952949	cn_attention	0.2024	0.3398	HP1	1.0	1.0	0.0	0.0	2.0	0.0	C38			chromosome_arm	0	25150000	402	402	8	1	1	204149	4.898383043757256e-06	2.0	204150.0	204150.0	204150.0	False	0.0	0.0	0	0	1	0	0	0	0	0	0	0	0	0	1	0					0	0		1	0	0	1	sample_residual	coords	0	1			3.1874423027038574	0.96035896444301	Seismic_Amplification	0.21797836993138753	-1.2774865627288818	-3.985994815826416	0.018235256581850982	-1.2774865627288818	0.21797836993138753	-3.585988998413086	0.02696214875870142	-2.058206558227539	0.11322577697970915	SCC152:C38	1	max	SCC152	logo	26	235	48	0.7900000214576721	min_delta	0.30000001192092896	0.20000000298023224	type_confidence	0.9800000190734863	0.10000000149011612	0.30000001192092896	0.6399999856948853	0.8399999886751175	0.20999999344348907	0.4099999964237213	0.23000000417232513	0.4300000071525574	0.11999999731779099	0.3200000002980232	Seismic_Amplification	objectness_type_threshold	False	Seismic_Amplification	0.21797836993138753	0.10475259295167838	Seismic_Amplification	Seismic_Amplification	Seismic_Amplification:noncanonical	Seismic_Amplification:noncanonical	True	False	False	False	False	False	background	False	1
SCC152:chr17:48539679-48625674:39		SCC152	chr17	q	48539679	48625674	candidate_region_empty		empty_candidate_region	candidate_region	1	0	0	candidate_region_with_context	48578981	48604847	cn_attention	0.2035	0.3008	HP2	-0.3333	0.1111	0.0	0.0	1.0	2.0	C39			chromosome_arm	25150000	83250001	402	402	8	1	0	85996	1.1628447834783012e-05	3.0	85996.0	85996.0	85996.0	False	0.0	0.0	0	0	0	1	0	0	0	0	0	0	0	0	2	0					0	2		0	0	0	0	sample_residual	coords	0	1			4.61297607421875	0.9901752387025413	Seismic_Amplification	0.3980762524773627	-0.41348719596862793	-3.4430735111236572	0.030976094767236395	-0.41348719596862793	0.3980762524773627	-4.031710147857666	0.017434600360579228	-2.0253782272338867	0.11656401486486713	SCC152:C39	1	max	SCC152	logo	26	235	48	0.7900000214576721	min_delta	0.30000001192092896	0.20000000298023224	type_confidence	0.9800000190734863	0.10000000149011612	0.30000001192092896	0.6399999856948853	0.8399999886751175	0.20999999344348907	0.4099999964237213	0.23000000417232513	0.4300000071525574	0.11999999731779099	0.3200000002980232	Seismic_Amplification	objectness_type_threshold	False	Seismic_Amplification	0.3980762524773627	0.2815122376124956	Seismic_Amplification	Seismic_Amplification	Seismic_Amplification:noncanonical	Seismic_Amplification:noncanonical	True	False	False	False	False	False	background	False	1
SCC152:chr17:83250002-83257441:40		SCC152	chr17	q	83250002	83257441	candidate_region_empty		empty_candidate_region	candidate_region	1	0	0	candidate_region_with_context	83253953	83256394	cn_attention	0.2049	0.3281	mixed_HP	0.0	0.2	0.0	0.0	1.0	1.0	C40			chromosome_arm	25150000	83250001	402	402	8	1	0	7440	0.0001344086021505	2.0	7440.0	7440.0	7440.0	False	0.0	0.0	0	0	1	0	0	0	0	0	0	0	0	0	0	0					0	0		0	0	0	0	sample_residual	coords	0	1			2.5887293815612793	0.9301326899950435	Seismic_Amplification	0.7215371129705195	0.9520990252494812	-3.02925181388855	0.046121731948907695	0.9520990252494812	0.7215371129705195	-4.186143398284912	0.014977087068529269	-2.3844153881073	0.08436884715345244	SCC152:C40	1	max	SCC152	logo	26	235	48	0.7900000214576721	min_delta	0.30000001192092896	0.20000000298023224	type_confidence	0.9800000190734863	0.10000000149011612	0.30000001192092896	0.6399999856948853	0.8399999886751175	0.20999999344348907	0.4099999964237213	0.23000000417232513	0.4300000071525574	0.11999999731779099	0.3200000002980232	Seismic_Amplification	objectness_type_threshold	False	Seismic_Amplification	0.7215371129705195	0.637168265817067	Seismic_Amplification	Seismic_Amplification	Seismic_Amplification:canonical	Seismic_Amplification:canonical	True	False	False	False	False	False	background	False	1
SCC152:chr18:80350002-80373285:41		SCC152	chr18	q	80350002	80373285	candidate_region_empty		empty_candidate_region	candidate_region	1	0	0	candidate_region_with_context	80362371	80370010	cn_attention	0.2049	0.3281	mixed_HP	0.0	0.2	0.0	0.0	1.0	1.0	C41			chromosome_arm	18540000	80350001	402	402	8	1	0	23284	4.294794708812919e-05	2.0	23284.0	23284.0	23284.0	False	0.0	0.0	0	0	1	0	0	0	0	0	0	0	0	0	0	0					0	0		0	0	0	0	sample_residual	coords	0	1			3.130558967590332	0.958135819752746	Seismic_Amplification	0.6558868458263906	0.6450177431106567	-3.1434056758880615	0.04135190068550758	0.6450177431106567	0.6558868458263906	-4.213296413421631	0.014581735776039724	-2.112513780593872	0.10788648435558643	SCC152:C41	1	max	SCC152	logo	26	235	48	0.7900000214576721	min_delta	0.30000001192092896	0.20000000298023224	type_confidence	0.9800000190734863	0.10000000149011612	0.30000001192092896	0.6399999856948853	0.8399999886751175	0.20999999344348907	0.4099999964237213	0.23000000417232513	0.4300000071525574	0.11999999731779099	0.3200000002980232	Seismic_Amplification	objectness_type_threshold	False	Seismic_Amplification	0.6558868458263906	0.5480003614708041	Seismic_Amplification	Seismic_Amplification	Seismic_Amplification:canonical	Seismic_Amplification:canonical	True	False	False	False	False	False	background	False	1
SCC152:chr19:17304846-17356981:42		SCC152	chr19	p	17304846	17356981	candidate_region_empty		empty_candidate_region	candidate_region	1	2	2	candidate_region_with_context	17356980	17356981	sv_attention	0.3	0.0	HP1	0.3333	0.1111	18.0	0.0	0.0	4.0	C42			chromosome_arm	0	26260000	402	402	8	1	0	52136	1.918060457265613e-05	4.0	52136.0	52136.0	52136.0	False	0.0	0.0	0	0	0	0	1	0	0	0	0	0	0	0	2	0					0	1		0	1	0	0	sample_residual	coords	0	1			4.197829246520996	0.9851943380368291	Seismic_Amplification	0.5147228294175982	0.05890834704041481	-3.6083056926727295	0.02638280597383346	0.05890834704041481	0.5147228294175982	-2.815065860748291	0.056515454085952856	-1.8554189205169678	0.13523790817669368	SCC152:C42	2	max	SCC152	logo	26	235	48	0.7900000214576721	min_delta	0.30000001192092896	0.20000000298023224	type_confidence	0.9800000190734863	0.10000000149011612	0.30000001192092896	0.6399999856948853	0.8399999886751175	0.20999999344348907	0.4099999964237213	0.23000000417232513	0.4300000071525574	0.11999999731779099	0.3200000002980232	Seismic_Amplification	objectness_type_threshold	False	Seismic_Amplification	0.5147228294175982	0.3794849212409045	Seismic_Amplification	Seismic_Amplification	Seismic_Amplification:canonical	Seismic_Amplification:canonical	True	False	False	False	False	False	background	False	1
SCC152:chr19:32832827-33458207:43		SCC152	chr19	q	32832827	33458207	candidate_region_empty		empty_candidate_region	candidate_region	1	1	1	candidate_region_with_context	33458206	33458207	sv_attention	0.3	0.0	HP1	0.3333	0.1111	2.0	0.0	0.0	3.0	C42			chromosome_arm	26260000	58600001	402	402	8	1	1	625381	1.599025234217221e-06	3.0	625381.0	625381.0	625381.0	False	0.0	0.0	0	0	0	1	0	0	0	0	0	0	0	0	2	0					0	0		1	1	0	1	sample_residual	coords	0	1			4.197829246520996	0.9851943380368291	Seismic_Amplification	0.5147228294175982	0.05890834704041481	-3.6083056926727295	0.02638280597383346	0.05890834704041481	0.5147228294175982	-2.815065860748291	0.056515454085952856	-1.8554189205169678	0.13523790817669368	SCC152:C42	2	max	SCC152	logo	26	235	48	0.7900000214576721	min_delta	0.30000001192092896	0.20000000298023224	type_confidence	0.9800000190734863	0.10000000149011612	0.30000001192092896	0.6399999856948853	0.8399999886751175	0.20999999344348907	0.4099999964237213	0.23000000417232513	0.4300000071525574	0.11999999731779099	0.3200000002980232	Seismic_Amplification	objectness_type_threshold	False	Seismic_Amplification	0.5147228294175982	0.3794849212409045	Seismic_Amplification	Seismic_Amplification	Seismic_Amplification:canonical	Seismic_Amplification:canonical	True	False	False	False	False	False	background	False	1
SCC152:chr19:58600002-58617616:44		SCC152	chr19	q	58600002	58617616	candidate_region_empty		empty_candidate_region	candidate_region	1	0	0	candidate_region_with_context	58609359	58615139	cn_attention	0.2049	0.3281	mixed_HP	0.0	0.2	0.0	0.0	1.0	1.0	C43			chromosome_arm	26260000	58600001	402	402	8	1	0	17615	5.676979846721544e-05	2.0	17615.0	17615.0	17615.0	False	0.0	0.0	0	0	1	0	0	0	0	0	0	0	0	0	0	0					0	0		0	0	0	0	sample_residual	coords	0	1			2.959138870239258	0.9506936439148995	Seismic_Amplification	0.649356838573906	0.616213321685791	-3.5456316471099854	0.028041388396355185	0.616213321685791	0.649356838573906	-4.310423374176025	0.013249944929728393	-2.3400838375091553	0.08785719600092548	SCC152:C43	1	max	SCC152	logo	26	235	48	0.7900000214576721	min_delta	0.30000001192092896	0.20000000298023224	type_confidence	0.9800000190734863	0.10000000149011612	0.30000001192092896	0.6399999856948853	0.8399999886751175	0.20999999344348907	0.4099999964237213	0.23000000417232513	0.4300000071525574	0.11999999731779099	0.3200000002980232	Seismic_Amplification	objectness_type_threshold	False	Seismic_Amplification	0.649356838573906	0.5614996425729806	Seismic_Amplification	Seismic_Amplification	Seismic_Amplification:canonical	Seismic_Amplification:canonical	True	False	False	False	False	False	background	False	1
SCC152:chr20:0-1586858:45		SCC152	chr20	p	0	1586858	candidate_region_empty		empty_candidate_region	candidate_region	1	3	3	candidate_region_with_context	1302443	1586858	sv_attention	0.7662	0.1792	HP1	0.4641	0.2854	13.0	4.0	2.0	1.0	C44			chromosome_arm	0	28120000	402	402	8	1	1	1586859	6.301757118937473e-07	3.0	1586859.0	1586859.0	1586859.0	False	0.0	0.0	0	0	0	1	0	0	0	0	0	0	0	0	1	0					0	1		0	0	0	0	sample_residual	coords	0	1			4.791852951049805	0.9917712058071614	BFB	0.138409467462173	-1.8285636901855469	-3.9737160205841064	0.01845638587231912	-2.8836476802825928	0.052967861834321624	-2.7940995693206787	0.05764385812449494	-1.8285636901855469	0.138409467462173	SCC152:C44	1	max	SCC152	logo	26	235	48	0.7900000214576721	min_delta	0.30000001192092896	0.20000000298023224	type_confidence	0.9800000190734863	0.10000000149011612	0.30000001192092896	0.6399999856948853	0.8399999886751175	0.20999999344348907	0.4099999964237213	0.23000000417232513	0.4300000071525574	0.11999999731779099	0.3200000002980232	BFB	objectness_type_threshold	False	BFB	0.138409467462173	0.08076560933767807	BFB	BFB	BFB:noncanonicalB	BFB:noncanonicalB	True	False	False	False	False	False	background	False	1
SCC152:chr20:14913191-14960863:46		SCC152	chr20	p	14913191	14960863	candidate_region_empty		empty_candidate_region	candidate_region	1	0	0	candidate_region_with_context	14933116	14949876	cn_attention	0.2024	0.3516	HP1	1.0	1.0	0.0	0.0	1.0	0.0	C45			chromosome_arm	0	28120000	402	402	8	1	0	47673	2.0976233926960756e-05	1.0	47673.0	47673.0	47673.0	False	0.0	0.0	0	1	0	0	0	0	0	0	0	0	0	0	2	0					2	0		0	0	0	0	sample_residual	coords	0	1			2.007704496383667	0.8816036303836975	Seismic_Amplification	0.5128164531837257	0.051277045160532	-4.691305637359619	0.009091289651758129	0.051277045160532	0.5128164531837257	-3.945610523223877	0.01897248894922239	-2.448002815246582	0.07958472217040805	SCC152:C45	1	max	SCC152	logo	26	235	48	0.7900000214576721	min_delta	0.30000001192092896	0.20000000298023224	type_confidence	0.9800000190734863	0.10000000149011612	0.30000001192092896	0.6399999856948853	0.8399999886751175	0.20999999344348907	0.4099999964237213	0.23000000417232513	0.4300000071525574	0.11999999731779099	0.3200000002980232	Seismic_Amplification	objectness_type_threshold	False	Seismic_Amplification	0.5128164531837257	0.4332317310133177	Seismic_Amplification	Seismic_Amplification	Seismic_Amplification:canonical	Seismic_Amplification:canonical	True	False	False	False	False	False	background	False	1
SCC152:chr20:37042729-37511969:47		SCC152	chr20	q	37042729	37511969	candidate_region_empty		empty_candidate_region	candidate_region	1	0	0	candidate_region_with_context	37264518	37473476	cn_attention	0.2019	0.4453	HP1	1.0	1.0	0.0	0.0	4.0	0.0	C46			chromosome_arm	28120000	64400001	402	402	8	1	1	469241	2.131101075992933e-06	4.0	469241.0	469241.0	469241.0	False	0.0	0.0	0	0	0	0	1	0	0	0	0	0	0	0	2	0					0	2		0	0	0	0	sample_residual	coords	0	1			3.621945858001709	0.9739653112806655	BFB	0.09726369504728126	-2.2280046939849854	-4.088326930999756	0.01649075801733186	-2.3545761108398438	0.08670272544787865	-2.587337017059326	0.06995784823092868	-2.2280046939849854	0.09726369504728126	SCC152:C46	1	max	SCC152	logo	26	235	48	0.7900000214576721	min_delta	0.30000001192092896	0.20000000298023224	type_confidence	0.9800000190734863	0.10000000149011612	0.30000001192092896	0.6399999856948853	0.8399999886751175	0.20999999344348907	0.4099999964237213	0.23000000417232513	0.4300000071525574	0.11999999731779099	0.3200000002980232	none	none_type_threshold	False	BFB	0.09726369504728126	0.010560969599402614		none		none	False	False	False	False	False	False	background	True	0
SCC152:chr20:50003414-50162175:48		SCC152	chr20	q	50003414	50162175	candidate_region_empty		empty_candidate_region	candidate_region	1	1	1	candidate_region_with_context	50162174	50162175	sv_attention	0.3	0.0	HP2	-0.6667	0.5556	0.0	4.0	2.0	2.0	C47			chromosome_arm	28120000	64400001	402	402	8	1	1	158762	6.298736473463424e-06	4.0	158762.0	158762.0	158762.0	False	0.0	0.0	0	0	0	0	1	0	0	0	0	0	0	0	1	0					1	0		0	0	0	0	sample_residual	coords	0	1			1.7170900106430054	0.8477536315055622	Seismic_Amplification	0.3256715723133707	-0.7278278470039368	-4.173189640045166	0.01516939650136684	-0.7278278470039368	0.3256715723133707	-3.2479639053344727	0.0374001205004428	-2.3837599754333496	0.08441949206501924	SCC152:C47	1	max	SCC152	logo	26	235	48	0.7900000214576721	min_delta	0.30000001192092896	0.20000000298023224	type_confidence	0.9800000190734863	0.10000000149011612	0.30000001192092896	0.6399999856948853	0.8399999886751175	0.20999999344348907	0.4099999964237213	0.23000000417232513	0.4300000071525574	0.11999999731779099	0.3200000002980232	Seismic_Amplification	objectness_type_threshold	False	Seismic_Amplification	0.3256715723133707	0.24125208024835143	Seismic_Amplification	Seismic_Amplification	Seismic_Amplification:noncanonical	Seismic_Amplification:noncanonical	True	False	False	False	False	False	background	False	1
SCC152:chr21:34724450-34811197:49		SCC152	chr21	q	34724450	34811197	candidate_region_empty		empty_candidate_region	candidate_region	1	3	3	candidate_region_with_context	34724637	34811197	sv_attention	0.4364	0.9978	HP2	-0.3333	0.1111	4.0	12.0	0.0	0.0	C48			chromosome_arm	12910000	46700001	402	402	8	1	0	86748	1.1527643288606076e-05	0.0	86748.0	86748.0	86748.0	False	0.0	0.0	1	0	0	0	0	0	0	0	0	0	0	0	2	0					0	0		0	2	0	0	sample_residual	coords	0	1			1.7669916152954102	0.8540831499786793	Seismic_Amplification	0.23428002107014914	-1.1842994689941406	-5.330628395080566	0.004817704342002125	-1.1842994689941406	0.23428002107014914	-3.1152663230895996	0.04248190806697891	-2.538806676864624	0.07318207108764116	SCC152:C48	1	max	SCC152	logo	26	235	48	0.7900000214576721	min_delta	0.30000001192092896	0.20000000298023224	type_confidence	0.9800000190734863	0.10000000149011612	0.30000001192092896	0.6399999856948853	0.8399999886751175	0.20999999344348907	0.4099999964237213	0.23000000417232513	0.4300000071525574	0.11999999731779099	0.3200000002980232	Seismic_Amplification	objectness_type_threshold	False	Seismic_Amplification	0.23428002107014914	0.16109794998250798	Seismic_Amplification	Seismic_Amplification	Seismic_Amplification:noncanonical	Seismic_Amplification:noncanonical	True	False	False	False	False	False	background	False	1
SCC152:chr21:46700002-46709983:50		SCC152	chr21	q	46700002	46709983	candidate_region_empty		empty_candidate_region	candidate_region	1	0	0	candidate_region_with_context	46705304	46708579	cn_attention	0.2049	0.3281	mixed_HP	0.0	0.2	0.0	0.0	1.0	1.0	C49			chromosome_arm	12910000	46700001	402	402	8	1	0	9982	0.0001001803245842	2.0	9982.0	9982.0	9982.0	False	0.0	0.0	0	0	1	0	0	0	0	0	0	0	0	0	0	0					0	0		0	0	0	0	sample_residual	coords	0	1			2.6824281215667725	0.9359817704987714	Seismic_Amplification	0.6887403117214694	0.7942367196083069	-3.418419361114502	0.03172474697631615	0.7942367196083069	0.6887403117214694	-4.2874226570129395	0.013554056439601092	-2.451612949371338	0.07932067729903458	SCC152:C49	1	max	SCC152	logo	26	235	48	0.7900000214576721	min_delta	0.30000001192092896	0.20000000298023224	type_confidence	0.9800000190734863	0.10000000149011612	0.30000001192092896	0.6399999856948853	0.8399999886751175	0.20999999344348907	0.4099999964237213	0.23000000417232513	0.4300000071525574	0.11999999731779099	0.3200000002980232	Seismic_Amplification	objectness_type_threshold	False	Seismic_Amplification	0.6887403117214694	0.6094196344224349	Seismic_Amplification	Seismic_Amplification	Seismic_Amplification:canonical	Seismic_Amplification:canonical	True	False	False	False	False	False	background	False	1
SCC152:chr22:50800002-50818468:51		SCC152	chr22	q	50800002	50818468	candidate_region_empty		empty_candidate_region	candidate_region	1	0	0	candidate_region_with_context	50809812	50815871	cn_attention	0.2049	0.3281	mixed_HP	0.0	0.2	0.0	0.0	1.0	1.0	C50			chromosome_arm	15050000	50800001	402	402	8	1	0	18467	5.415064710023285e-05	2.0	18467.0	18467.0	18467.0	False	0.0	0.0	0	0	1	0	0	0	0	0	0	0	0	0	0	0					0	0		0	0	0	0	sample_residual	coords	0	1			2.98567271232605	0.9519226547171425	Seismic_Amplification	0.6540205382361652	0.636759340763092	-3.45737886428833	0.030549566132317265	0.636759340763092	0.6540205382361652	-4.291192531585693	0.013503744243863499	-2.297964334487915	0.09129169433580377	SCC152:C50	1	max	SCC152	logo	26	235	48	0.7900000214576721	min_delta	0.30000001192092896	0.20000000298023224	type_confidence	0.9800000190734863	0.10000000149011612	0.30000001192092896	0.6399999856948853	0.8399999886751175	0.20999999344348907	0.4099999964237213	0.23000000417232513	0.4300000071525574	0.11999999731779099	0.3200000002980232	Seismic_Amplification	objectness_type_threshold	False	Seismic_Amplification	0.6540205382361652	0.5627288439003615	Seismic_Amplification	Seismic_Amplification	Seismic_Amplification:canonical	Seismic_Amplification:canonical	True	False	False	False	False	False	background	False	1
SCC152:chrX:49227472-49273295:52		SCC152	chrX	p	49227472	49273295	candidate_region_empty		empty_candidate_region	candidate_region	1	0	0	candidate_region_with_context	49247519	49263450	cn_attention	0.2024	0.3477	HP1	1.0	1.0	0.0	0.0	1.0	0.0	C51			chromosome_arm	0	61090000	402	402	8	1	0	45824	2.1822625698324023e-05	1.0	45824.0	45824.0	45824.0	False	0.0	0.0	0	1	0	0	0	0	0	0	0	0	0	0	2	0					0	2		0	0	0	0	sample_residual	coords	0	1			2.5130600929260254	0.9250523245031025	Seismic_Amplification	0.5233230636675191	0.09336000680923462	-3.709563732147217	0.023902866088397295	0.09336000680923462	0.5233230636675191	-4.012242794036865	0.017771240350575705	-2.244765043258667	0.09580197904685316	SCC152:C51	1	max	SCC152	logo	26	235	48	0.7900000214576721	min_delta	0.30000001192092896	0.20000000298023224	type_confidence	0.9800000190734863	0.10000000149011612	0.30000001192092896	0.6399999856948853	0.8399999886751175	0.20999999344348907	0.4099999964237213	0.23000000417232513	0.4300000071525574	0.11999999731779099	0.3200000002980232	Seismic_Amplification	objectness_type_threshold	False	Seismic_Amplification	0.5233230636675191	0.42752108462066596	Seismic_Amplification	Seismic_Amplification	Seismic_Amplification:canonical	Seismic_Amplification:canonical	True	False	False	False	False	False	background	False	1
SCC152:chrX:156000002-156040895:53		SCC152	chrX	q	156000002	156040895	candidate_region_empty		empty_candidate_region	candidate_region	1	0	0	candidate_region_with_context	156021726	156035144	cn_attention	0.2049	0.3281	mixed_HP	0.0	0.2	0.0	0.0	1.0	1.0	C52			chromosome_arm	61090000	156000001	402	402	8	1	0	40894	2.445346505599844e-05	2.0	40894.0	40894.0	40894.0	False	0.0	0.0	0	0	1	0	0	0	0	0	0	0	0	0	0	0					0	0		0	0	0	0	sample_residual	coords	0	1			3.47080659866333	0.969845616511802	Seismic_Amplification	0.5900876427711176	0.36432769894599915	-3.07034969329834	0.04434700510374884	0.36432769894599915	0.5900876427711176	-4.1165666580200195	0.01603894236112791	-1.8585807085037231	0.13486856771458253	SCC152:C52	1	max	SCC152	logo	26	235	48	0.7900000214576721	min_delta	0.30000001192092896	0.20000000298023224	type_confidence	0.9800000190734863	0.10000000149011612	0.30000001192092896	0.6399999856948853	0.8399999886751175	0.20999999344348907	0.4099999964237213	0.23000000417232513	0.4300000071525574	0.11999999731779099	0.3200000002980232	Seismic_Amplification	objectness_type_threshold	False	Seismic_Amplification	0.5900876427711176	0.455219075056535	Seismic_Amplification	Seismic_Amplification	Seismic_Amplification:canonical	Seismic_Amplification:canonical	True	False	False	False	False	False	background	False	1
SIHA:chr8:122372903-132352646:1	SIHA:chr8:122372903-132352646:1	SIHA	chr8	q	122372903	132352646	candidate_region_label	Seismic_Amplification	region	candidate_region	8	8	8	candidate_region_with_context	130904491	132352646	sv_attention	0.9417	0.1451	mixed_HP	0.1921	0.2727	118.0	73.0	3.4802	2.818	C1	Seismic_Amplification	Seismic_Amplification:canonical	chromosome_arm	45644000	145100001	402	402	8	8	7	9979744	8.016237691067026e-07	6.298188310241224	493611.5	811912.5	1591591.25	False	0.625	0.2857142857142857	0	0	1	0	0	0	3	2	2	0	0	0	9	0					3	2	0.0	0	2	2	0	sample_residual	coords	1	0	Seismic_Amplification:canonical	Seismic_Amplification	4.068293571472168	0.9831811577175987	Seismic_Amplification	0.7028168331280974	0.8607476353645325	-3.132141351699829	0.04180075432888926	0.8607476353645325	0.7028168331280974	-2.867969274520874	0.053759860918320766	-2.607569694519043	0.06865283373363895	SIHA:C1	1	max	SIHA	logo	27	231	97	0.7900000214576721	min_delta	0.30000001192092896	0.20000000298023224	type_confidence	0.9800000190734863	0.10000000149011612	0.30000001192092896	0.6399999856948853	0.8399999886751175	0.20999999344348907	0.4099999964237213	0.23000000417232513	0.4300000071525574	0.11999999731779099	0.3200000002980232	Seismic_Amplification	objectness_type_threshold	False	Seismic_Amplification	0.7028168331280974	0.6341639993944584	Seismic_Amplification	Seismic_Amplification	Seismic_Amplification:canonical	Seismic_Amplification:canonical	True	True	True	True	False	False	exact	True	1
SIHA:chr12:13391580-17305507:2	SIHA:chr12:13391580-17305507:2	SIHA	chr12	p	13391580	17305507	candidate_region_label	BFB	region	candidate_region	2	2	2	candidate_region_with_context	13397633	13403688	sv_attention	0.6214	0.0015	mixed_HP	-0.0796	0.4565	9.0	14.0	3.0	2.0172	C2	BFB	BFB:noncanonicalB	chromosome_arm	0	35807000	402	402	8	2	1	3913928	5.109956033938284e-07	5.017234859711267	1012210.0	1956964.0	2901718.0	False	0.0	0.0	0	0	0	0	0	1	1	0	0	0	0	0	3	0	1.0	1.0			2	0	1.0	0	0	0	0	sample_residual	coords	1	0	BFB:noncanonicalB	BFB	4.312136650085449	0.9867724364270999	BFB	0.28092714457378254	-0.9398673176765442	-4.624669075012207	0.009711658584026964	-3.1673171520233154	0.04041433079423524	-2.6687583923339844	0.06484221617833118	-0.9398673176765442	0.28092714457378254	SIHA:C2	1	max	SIHA	logo	27	231	97	0.7900000214576721	min_delta	0.30000001192092896	0.20000000298023224	type_confidence	0.9800000190734863	0.10000000149011612	0.30000001192092896	0.6399999856948853	0.8399999886751175	0.20999999344348907	0.4099999964237213	0.23000000417232513	0.4300000071525574	0.11999999731779099	0.3200000002980232	BFB	objectness_type_threshold	False	BFB	0.28092714457378254	0.21608492839545135	BFB	BFB	BFB:canonical	BFB:canonical	True	False	True	True	True	False	wrong_level	True	1
SIHA:chr14:99617761-107043718:3	SIHA:chr14:99617761-107043718:3	SIHA	chr14	q	99617761	107043718	candidate_region_label	chromothripsis	region	candidate_region	8	8	8	candidate_region_with_context	102403176	106195448	sv_attention	0.7129	0.5107	HP1	0.7284	0.6379	43.0	11.0	4.0544	0.0	C3	chromothripsis	chromothripsis:noncanonicalB	chromosome_arm	17600000	107000001	402	402	8	8	6	7425958	1.0773020800817888e-06	4.04228087473697	101001.25	304718.5	1282449.0	True	0.875	0.8571428571428571	0	0	1	0	4	3	0	0	0	0	0	0	8	0					0	3	0.0	3	2	0	3	sample_residual	coords	1	0	chromothripsis:noncanonicalB	chromothripsis	3.307349920272827	0.9646800973068598	chromothripsis	0.500411131792245	0.0016445275396108627	-4.225924491882324	0.0144013894448201	-3.4689781665802	0.030207902123098904	0.0016445275396108627	0.500411131792245	-2.450590133666992	0.0793954045593855	SIHA:C3	1	max	SIHA	logo	27	231	97	0.7900000214576721	min_delta	0.30000001192092896	0.20000000298023224	type_confidence	0.9800000190734863	0.10000000149011612	0.30000001192092896	0.6399999856948853	0.8399999886751175	0.20999999344348907	0.4099999964237213	0.23000000417232513	0.4300000071525574	0.11999999731779099	0.3200000002980232	chromothripsis	objectness_type_threshold	False	chromothripsis	0.500411131792245	0.42101572723285946	chromothripsis	chromothripsis	chromothripsis:canonical	chromothripsis:canonical	True	False	True	True	True	False	wrong_level	True	1
SIHA:chr15:56942785-59003347:4	SIHA:chr15:56942785-59003347:4	SIHA	chr15	q	56942785	59003347	candidate_region_label	chromothripsis	region	candidate_region	4	9	9	candidate_region_with_context	58384132	58387989	sv_attention	0.6744	0.0019	HP2	-0.6071	0.4761	0.0	66.0	3.0492	2.1245	C4	chromothripsis	chromothripsis:noncanonicalB	chromosome_arm	19050000	101950001	402	402	8	4	4	2060563	1.9412170363148325e-06	5.173656908330393	109770.75	178915.5	584285.5	True	1.0	1.0	0	0	0	0	0	2	2	0	0	0	0	0	4	0					0	4	0.0	0	0	0	0	sample_residual	coords	1	0	chromothripsis:noncanonicalB	chromothripsis	4.535048961639404	0.9893874522095307	Seismic_Amplification	0.18967603161309057	-1.45211660861969	-5.343509197235107	0.004756339666022226	-1.45211660861969	0.18967603161309057	-1.8648039102554321	0.13414409906465583	-2.2527554035186768	0.09511205431267457	SIHA:C4	1	max	SIHA	logo	27	231	97	0.7900000214576721	min_delta	0.30000001192092896	0.20000000298023224	type_confidence	0.9800000190734863	0.10000000149011612	0.30000001192092896	0.6399999856948853	0.8399999886751175	0.20999999344348907	0.4099999964237213	0.23000000417232513	0.4300000071525574	0.11999999731779099	0.3200000002980232	none	none_type_threshold	False	Seismic_Amplification	0.18967603161309057	0.05553193254843475		none		none	False	False	False	False	False	False	wrong	False	0
SIHA:chr16:0-12624669:5	SIHA:chr16:0-12624669:5	SIHA	chr16	p	0	12624669	candidate_region_label	Seismic_Amplification;BFB	region	candidate_region	12	15	15	candidate_region_with_context	1749172	11714216	sv_attention	0.9987	0.7893	HP1	0.4548	0.2731	107.0	34.0	3.2458	1.6385	C5	Seismic_Amplification;BFB	Seismic_Amplification:noncanonical;BFB:noncanonicalB	chromosome_arm	0	36800000	402	402	8	12	10	12624670	9.505198947774476e-07	4.884307867057119	183821.0	755765.0	1730987.25	False	0.5833333333333334	0.1818181818181818	0	0	0	2	4	3	2	1	0	0	0	0	12	0					2	5	0.0	0	5	0	0	sample_residual	coords	1	0	Seismic_Amplification:noncanonical;BFB:noncanonicalB	Seismic_Amplification;BFB	7.046759128570557	0.9991305319541057	chromothripsis	0.6147824333588787	0.46746015548706055	-1.7423760890960693	0.14901137848047882	-0.28071290254592896	0.4302790071762115	0.46746015548706055	0.6147824333588787	-2.198694944381714	0.0998677447752229	SIHA:C5	2	max	SIHA	logo	27	231	97	0.7900000214576721	min_delta	0.30000001192092896	0.20000000298023224	type_confidence	0.9800000190734863	0.10000000149011612	0.30000001192092896	0.6399999856948853	0.8399999886751175	0.20999999344348907	0.4099999964237213	0.23000000417232513	0.4300000071525574	0.11999999731779099	0.3200000002980232	chromothripsis	objectness_type_threshold	False	chromothripsis	0.6147824333588787	0.18450342618266724	Seismic_Amplification;chromothripsis	Seismic_Amplification;chromothripsis	Seismic_Amplification:noncanonical;chromothripsis:canonical	Seismic_Amplification:noncanonical;chromothripsis:canonical	True	False	True	False	False	True	partial_class	True	2
SIHA:chr16:46000001-83660982:6	SIHA:chr16:46000001-83660982:6	SIHA	chr16	q	46000001	83660982	candidate_region_label	Seismic_Amplification;BFB	region	candidate_region	60	113	113	candidate_region_with_context	49737013	83660982	sv_attention	1.0	0.9008	HP1	0.7163	0.6218	956.0	76.0	4.431	1.7079	C5	Seismic_Amplification;BFB	Seismic_Amplification:noncanonical;BFB:noncanonicalB	chromosome_arm	36800000	90300001	402	402	8	60	46	37660982	1.5931607943733384e-06	6.1388755874714045	115596.75	324709.0	671449.75	False	0.4166666666666667	0.135593220338983	2	0	0	4	6	8	11	14	15	0	0	0	61	0	3.0	3.0			25	7	1.0	3	20	5	3	sample_residual	coords	1	0	Seismic_Amplification:noncanonical;BFB:noncanonicalB	Seismic_Amplification;BFB	7.046759128570557	0.9991305319541057	chromothripsis	0.6147824333588787	0.46746015548706055	-1.7423760890960693	0.14901137848047882	-0.28071290254592896	0.4302790071762115	0.46746015548706055	0.6147824333588787	-2.198694944381714	0.0998677447752229	SIHA:C5	2	max	SIHA	logo	27	231	97	0.7900000214576721	min_delta	0.30000001192092896	0.20000000298023224	type_confidence	0.9800000190734863	0.10000000149011612	0.30000001192092896	0.6399999856948853	0.8399999886751175	0.20999999344348907	0.4099999964237213	0.23000000417232513	0.4300000071525574	0.11999999731779099	0.3200000002980232	chromothripsis	objectness_type_threshold	False	chromothripsis	0.6147824333588787	0.18450342618266724	Seismic_Amplification;chromothripsis	Seismic_Amplification;chromothripsis	Seismic_Amplification:noncanonical;chromothripsis:canonical	Seismic_Amplification:noncanonical;chromothripsis:canonical	True	False	True	False	False	True	partial_class	True	2
SIHA:chr17:41643122-51230020:7		SIHA	chr17	q	41643122	51230020	candidate_region_empty		empty_candidate_region	candidate_region	5	8	8	candidate_region_with_context	41722812	51230020	sv_attention	0.9052	0.9917	HP1	0.981	0.9746	69.0	1.0	3.5761	0.0	C6			chromosome_arm	25150000	83250001	402	402	8	5	4	9586899	5.21545079383855e-07	3.5760994248505176	163819.0	1188909.0	3202621.0	False	0.8	0.5	0	0	0	2	2	0	1	0	0	0	0	0	4	0					0	4	0.0	0	0	0	0	sample_residual	coords	0	1			-1.4620654582977295	0.18815162200669075	chromothripsis	0.39990552128722345	-0.4058587849140167	-2.7659478187561035	0.059192270875758214	-2.7106480598449707	0.06234795460899872	-0.4058587849140167	0.39990552128722345	-3.6962058544158936	0.024216515704735788	SIHA:C6	1	max	SIHA	logo	27	231	97	0.7900000214576721	min_delta	0.30000001192092896	0.20000000298023224	type_confidence	0.9800000190734863	0.10000000149011612	0.30000001192092896	0.6399999856948853	0.8399999886751175	0.20999999344348907	0.4099999964237213	0.23000000417232513	0.4300000071525574	0.11999999731779099	0.3200000002980232	none	none_objectness	False	chromothripsis	0.39990552128722345	0.33755756667822473		none		none	False	False	False	False	False	False	background	True	0
SIHA:chr22:38424856-41465811:8		SIHA	chr22	q	38424856	41465811	candidate_region_empty		empty_candidate_region	candidate_region	4	13	13	candidate_region_with_context	38427501	41150982	sv_attention	0.9966	0.8956	HP1	1.0	1.0	110.0	0.0	4.3492	0.0	C7			chromosome_arm	15050000	50800001	402	402	8	4	4	3040956	1.3153758226031551e-06	4.349218140611045	261352.5	430055.5	928942.0	False	0.75	0.3333333333333333	0	0	0	0	1	2	1	0	0	0	0	0	4	0					0	1	0.0	0	1	2	0	sample_residual	coords	0	1			1.0183717012405396	0.7346553052788021	Seismic_Amplification	0.20852408483623885	-1.3338449001312256	-2.3332436084747314	0.08840690796745859	-1.3338449001312256	0.20852408483623885	-1.5634254217147827	0.17315567064737036	-3.4680609703063965	0.03023478332184904	SIHA:C7	1	max	SIHA	logo	27	231	97	0.7900000214576721	min_delta	0.30000001192092896	0.20000000298023224	type_confidence	0.9800000190734863	0.10000000149011612	0.30000001192092896	0.6399999856948853	0.8399999886751175	0.20999999344348907	0.4099999964237213	0.23000000417232513	0.4300000071525574	0.11999999731779099	0.3200000002980232	none	none_objectness	False	Seismic_Amplification	0.20852408483623885	0.03536841418886849		none		none	False	False	False	False	False	False	background	True	0
SKBR3:chr3:0-39561702:1	SKBR3:chr3:0-39561702:1	SKBR3	chr3	p	0	39561702	candidate_region_label	Seismic_Amplification	region	candidate_region	24	35	35	candidate_region_with_context	3811036	39561702	sv_attention	0.9987	0.9037	mixed_HP	-0.2457	0.3	222.0	410.0	2.0686	2.7535	C1	Seismic_Amplification	Seismic_Amplification:noncanonical	chromosome_arm	0	90951000	402	402	8	23	23	39561703	6.066472922057982e-07	4.822114836664134	381415.5	844298.0	1690386.5	False	0.4583333333333333	0.1304347826086956	0	1	3	6	0	4	3	5	1	1	0	0	25	0					9	6	0.0	0	10	0	0	sample_residual	coords	1	0	Seismic_Amplification:noncanonical	Seismic_Amplification	3.693838357925415	0.9757274771118823	Seismic_Amplification	0.635932143535863	0.5577515959739685	-1.6551777124404907	0.16041039425495135	0.5577515959739685	0.635932143535863	-2.3862695693969727	0.08422572061012612	-2.059858798980713	0.11305998857346955	SKBR3:C1	3	max	SKBR3	logo	28	220	97	0.7900000214576721	min_delta	0.30000001192092896	0.20000000298023224	type_confidence	0.9800000190734863	0.10000000149011612	0.30000001192092896	0.6399999856948853	0.8399999886751175	0.20999999344348907	0.4099999964237213	0.23000000417232513	0.4300000071525574	0.11999999731779099	0.3200000002980232	Seismic_Amplification	objectness_type_threshold	False	Seismic_Amplification	0.635932143535863	0.4755217492809117	Seismic_Amplification	Seismic_Amplification	Seismic_Amplification:canonical	Seismic_Amplification:canonical	True	False	True	True	True	False	wrong_level	True	1
SKBR3:chr3:151354228-158466862:2	SKBR3:chr3:151354228-158466862:2	SKBR3	chr3	q	151354228	158466862	candidate_region_label	Seismic_Amplification	region	candidate_region	4	9	9	candidate_region_with_context	151357525	158466862	sv_attention	0.9172	0.9995	mixed_HP	-0.1412	0.179	74.0	109.0	2.5371	2.7542	C1	Seismic_Amplification	Seismic_Amplification:noncanonical	chromosome_arm	90951000	198250001	402	402	8	4	4	7112635	5.623794838340503e-07	5.291284031867233	547225.25	962471.5	2193405.0	False	0.5	0.3333333333333333	0	1	0	1	0	0	1	0	0	1	0	0	6	0					2	2	0.0	0	2	0	0	sample_residual	coords	1	0	Seismic_Amplification:noncanonical	Seismic_Amplification	3.693838357925415	0.9757274771118823	Seismic_Amplification	0.635932143535863	0.5577515959739685	-1.6551777124404907	0.16041039425495135	0.5577515959739685	0.635932143535863	-2.3862695693969727	0.08422572061012612	-2.059858798980713	0.11305998857346955	SKBR3:C1	3	max	SKBR3	logo	28	220	97	0.7900000214576721	min_delta	0.30000001192092896	0.20000000298023224	type_confidence	0.9800000190734863	0.10000000149011612	0.30000001192092896	0.6399999856948853	0.8399999886751175	0.20999999344348907	0.4099999964237213	0.23000000417232513	0.4300000071525574	0.11999999731779099	0.3200000002980232	Seismic_Amplification	objectness_type_threshold	False	Seismic_Amplification	0.635932143535863	0.4755217492809117	Seismic_Amplification	Seismic_Amplification	Seismic_Amplification:canonical	Seismic_Amplification:canonical	True	False	True	True	True	False	wrong_level	True	1
SKBR3:chr3:178278467-198295559:3	SKBR3:chr3:178278467-198295559:3	SKBR3	chr3	q	178278467	198295559	candidate_region_label	Seismic_Amplification	region	candidate_region	23	47	47	candidate_region_with_context	179003027	198295559	sv_attention	1.0	0.9638	mixed_HP	0.1403	0.3436	225.0	141.0	3.0308	3.2701	C1	Seismic_Amplification	Seismic_Amplification:noncanonical	chromosome_arm	90951000	198250001	402	402	8	23	21	20017093	1.149017991773331e-06	6.291104657404549	264867.0	475611.0	902960.0	False	0.4782608695652174	0.0454545454545454	0	0	1	0	2	5	6	5	4	0	0	0	24	0					4	6	0.0	2	10	2	2	sample_residual	coords	1	0	Seismic_Amplification:noncanonical	Seismic_Amplification	3.693838357925415	0.9757274771118823	Seismic_Amplification	0.635932143535863	0.5577515959739685	-1.6551777124404907	0.16041039425495135	0.5577515959739685	0.635932143535863	-2.3862695693969727	0.08422572061012612	-2.059858798980713	0.11305998857346955	SKBR3:C1	3	max	SKBR3	logo	28	220	97	0.7900000214576721	min_delta	0.30000001192092896	0.20000000298023224	type_confidence	0.9800000190734863	0.10000000149011612	0.30000001192092896	0.6399999856948853	0.8399999886751175	0.20999999344348907	0.4099999964237213	0.23000000417232513	0.4300000071525574	0.11999999731779099	0.3200000002980232	Seismic_Amplification	objectness_type_threshold	False	Seismic_Amplification	0.635932143535863	0.4755217492809117	Seismic_Amplification	Seismic_Amplification	Seismic_Amplification:canonical	Seismic_Amplification:canonical	True	False	True	True	True	False	wrong_level	True	1
SKBR3:chr5:138061704-142822544:4	SKBR3:chr5:138061704-142822544:4	SKBR3	chr5	q	138061704	142822544	candidate_region_label	chromothripsis;BFB	region	candidate_region	5	7	7	candidate_region_with_context	138543674	140117514	sv_attention	0.9179	0.3306	mixed_HP	0.0087	0.4101	34.0	55.0	3.7952	1.2722	C2	chromothripsis;BFB	chromothripsis:noncanonicalB;BFB:noncanonicalB	chromosome_arm	48464000	181500001	402	402	8	5	5	4760841	1.0502346119099546e-06	5.067360997773292	487556.0	965160.0	1410036.0	True	0.8	0.75	0	0	0	1	0	2	2	0	0	0	0	0	6	0	3.0	3.0			1	0	1.0	2	2	0	2	sample_residual	coords	1	0	chromothripsis:noncanonicalB;BFB:noncanonicalB	chromothripsis;BFB	4.5351080894470215	0.9893880730289117	chromothripsis	0.18349717336079488	-1.4928311109542847	-4.970726490020752	0.006890300108075014	-2.5298774242401123	0.07379002361199172	-1.4928311109542847	0.18349717336079488	-1.8495508432388306	0.1359256417825173	SKBR3:C2	1	max	SKBR3	logo	28	220	97	0.7900000214576721	min_delta	0.30000001192092896	0.20000000298023224	type_confidence	0.9800000190734863	0.10000000149011612	0.30000001192092896	0.6399999856948853	0.8399999886751175	0.20999999344348907	0.4099999964237213	0.23000000417232513	0.4300000071525574	0.11999999731779099	0.3200000002980232	BFB	objectness_type_threshold	False	chromothripsis	0.18349717336079488	0.04757153157827759	BFB	BFB	BFB:noncanonicalB	BFB:noncanonicalB	True	False	True	False	False	True	partial_class	True	1
SKBR3:chr5:155073273-164481680:5	SKBR3:chr5:155073273-164481680:5	SKBR3	chr5	q	155073273	164481680	candidate_region_label	chromothripsis;BFB	region	candidate_region	10	51	51	candidate_region_with_context	155101794	164481680	sv_attention	1.0	0.997	HP1	0.5895	0.4527	430.0	176.0	4.0082	0.1446	C3	chromothripsis;BFB	chromothripsis:noncanonicalB;BFB:noncanonical	chromosome_arm	48464000	181500001	402	402	8	10	7	9408408	1.0628790758223922e-06	4.152769416462381	83882.75	197913.5	544094.75	False	0.6	0.3333333333333333	1	0	0	0	3	0	3	2	1	0	0	0	12	2	5.0	12.0	5.0	12.0	4	0	2.0	5	1	0	5	sample_residual	coords	1	0	chromothripsis:noncanonicalB;BFB:noncanonical	chromothripsis;BFB	5.5556840896606445	0.996149460695405	BFB	0.40732611906518673	-0.37503015995025635	-1.7385035753250122	0.14950310803444977	-1.2219833135604858	0.2275876125693879	-3.4774980545043945	0.02995930525975675	-0.37503015995025635	0.40732611906518673	SKBR3:C3	1	max	SKBR3	logo	28	220	97	0.7900000214576721	min_delta	0.30000001192092896	0.20000000298023224	type_confidence	0.9800000190734863	0.10000000149011612	0.30000001192092896	0.6399999856948853	0.8399999886751175	0.20999999344348907	0.4099999964237213	0.23000000417232513	0.4300000071525574	0.11999999731779099	0.3200000002980232	BFB	objectness_type_threshold	False	BFB	0.40732611906518673	0.17973850649579884	BFB	BFB	BFB:canonical	BFB:canonical	True	False	True	False	False	True	partial_class	True	1
SKBR3:chr6:0-8775217:6	SKBR3:chr6:0-8775217:6	SKBR3	chr6	p	0	8775217	candidate_region_label	chromothripsis	region	candidate_region	13	27	27	candidate_region_with_context	6709076	8775217	sv_attention	1.0	0.2355	mixed_HP	0.1205	0.541	249.0	361.0	2.0755	0.3258	C4	chromothripsis	chromothripsis:noncanonical	chromosome_arm	0	60589000	402	402	8	13	11	8775218	1.48144467749975e-06	2.4013658692011983	103590.0	191813.0	498817.0	False	0.6153846153846154	0.3333333333333333	2	0	4	1	0	1	4	1	0	0	0	0	14	0					3	2	0.0	0	7	2	0	sample_residual	coords	1	0	chromothripsis:noncanonical	chromothripsis	4.9182305335998535	0.9927410202328232	chromothripsis	0.30845426565324735	-0.8073557019233704	-5.229736804962158	0.005326411922380097	-1.9431148767471313	0.1253060535230288	-0.8073557019233704	0.30845426565324735	-3.2457540035247803	0.03747976133668533	SKBR3:C4	1	max	SKBR3	logo	28	220	97	0.7900000214576721	min_delta	0.30000001192092896	0.20000000298023224	type_confidence	0.9800000190734863	0.10000000149011612	0.30000001192092896	0.6399999856948853	0.8399999886751175	0.20999999344348907	0.4099999964237213	0.23000000417232513	0.4300000071525574	0.11999999731779099	0.3200000002980232	chromothripsis	objectness_type_threshold	False	chromothripsis	0.30845426565324735	0.18314821213021856	chromothripsis	chromothripsis	chromothripsis:noncanonical	chromothripsis:noncanonical	True	True	True	True	False	False	exact	True	1
SKBR3:chr6:24683776-34294777:7	SKBR3:chr6:24683776-34294777:7	SKBR3	chr6	p	24683776	34294777	candidate_region_label	BFB	region	candidate_region	9	16	16	candidate_region_with_context	26739554	34294777	sv_attention	0.9987	0.7861	mixed_HP	0.1305	0.5833	119.0	85.0	2.1756	1.9359	C5	BFB	BFB:noncanonicalB	chromosome_arm	0	60589000	402	402	8	9	8	9611002	9.364268158512504e-07	4.111555798240391	275477.0	1341969.0	1478155.0	False	0.6666666666666666	0.375	0	0	0	2	2	4	1	0	0	0	0	0	11	0	6.0	6.0			5	0	1.0	3	2	0	3	sample_residual	coords	1	0	BFB:noncanonicalB	BFB	5.882075309753418	0.997218765594225	BFB	0.2891629099812812	-0.8994530439376831	-4.235759735107422	0.014262452785208338	-3.05759334564209	0.04489077684182754	-2.0009241104125977	0.11910593049466998	-0.8994530439376831	0.2891629099812812	SKBR3:C5	1	max	SKBR3	logo	28	220	97	0.7900000214576721	min_delta	0.30000001192092896	0.20000000298023224	type_confidence	0.9800000190734863	0.10000000149011612	0.30000001192092896	0.6399999856948853	0.8399999886751175	0.20999999344348907	0.4099999964237213	0.23000000417232513	0.4300000071525574	0.11999999731779099	0.3200000002980232	BFB	objectness_type_threshold	False	BFB	0.2891629099812812	0.1700569794866112	BFB	BFB	BFB:canonical	BFB:canonical	True	False	True	True	True	False	wrong_level	True	1
SKBR3:chr7:114215974-117502838:8	SKBR3:chr7:114215974-117502838:8	SKBR3	chr7	q	114215974	117502838	candidate_region_label	Seismic_Amplification;BFB	region	candidate_region	6	10	10	candidate_region_with_context	114219432	115616501	sv_attention	0.9983	0.425	HP2	-0.8807	0.8409	39.0	629.0	0.709	10.6848	C6	Seismic_Amplification;BFB	Seismic_Amplification:noncanonical;BFB:noncanonicalB	chromosome_arm	59904000	159300001	402	402	8	6	4	3286865	1.8254476530067408e-06	11.393817817281818	85020.0	150863.0	401194.0	False	0.5	0.0	0	0	1	0	1	0	0	0	0	4	0	0	7	0	1.0	1.0			3	1	1.0	0	2	0	0	sample_residual	coords	1	0	Seismic_Amplification:noncanonical;BFB:noncanonicalB	Seismic_Amplification;BFB	4.7671074867248535	0.9915667788023528	Seismic_Amplification	0.5538864164378903	0.21638604998588562	-4.151430606842041	0.015497913631582224	0.21638604998588562	0.5538864164378903	-1.8588645458221436	0.1348354532816934	-1.8600131273269653	0.13470152186255455	SKBR3:C6	2	max	SKBR3	logo	28	220	97	0.7900000214576721	min_delta	0.30000001192092896	0.20000000298023224	type_confidence	0.9800000190734863	0.10000000149011612	0.30000001192092896	0.6399999856948853	0.8399999886751175	0.20999999344348907	0.4099999964237213	0.23000000417232513	0.4300000071525574	0.11999999731779099	0.3200000002980232	Seismic_Amplification	objectness_type_threshold	False	Seismic_Amplification	0.5538864164378903	0.41905096315619683	Seismic_Amplification	Seismic_Amplification	Seismic_Amplification:canonical	Seismic_Amplification:canonical	True	False	True	False	False	True	partial_class	True	1
SKBR3:chr7:128941972-133164006:9	SKBR3:chr7:128941972-133164006:9	SKBR3	chr7	q	128941972	133164006	candidate_region_label	Seismic_Amplification;BFB	region	candidate_region	3	4	4	candidate_region_with_context	129509162	133164006	sv_attention	0.6156	0.8657	HP2	-0.6404	0.5206	40.0	200.0	1.7313	6.6724	C6	Seismic_Amplification;BFB	Seismic_Amplification:noncanonical;BFB:noncanonicalB	chromosome_arm	59904000	159300001	402	402	8	3	3	4222035	7.105578234192753e-07	8.403718585942562	882075.5	1196959.0	1827421.5	True	1.0	1.0	0	0	2	0	0	0	0	0	0	1	0	0	4	1	1.0	1.0	1.0	1.0	1	1	1.0	1	0	0	1	sample_residual	coords	1	0	Seismic_Amplification:noncanonical;BFB:noncanonicalB	Seismic_Amplification;BFB	4.7671074867248535	0.9915667788023528	Seismic_Amplification	0.5538864164378903	0.21638604998588562	-4.151430606842041	0.015497913631582224	0.21638604998588562	0.5538864164378903	-1.8588645458221436	0.1348354532816934	-1.8600131273269653	0.13470152186255455	SKBR3:C6	2	max	SKBR3	logo	28	220	97	0.7900000214576721	min_delta	0.30000001192092896	0.20000000298023224	type_confidence	0.9800000190734863	0.10000000149011612	0.30000001192092896	0.6399999856948853	0.8399999886751175	0.20999999344348907	0.4099999964237213	0.23000000417232513	0.4300000071525574	0.11999999731779099	0.3200000002980232	Seismic_Amplification	objectness_type_threshold	False	Seismic_Amplification	0.5538864164378903	0.41905096315619683	Seismic_Amplification	Seismic_Amplification	Seismic_Amplification:canonical	Seismic_Amplification:canonical	True	False	True	False	False	True	partial_class	True	1
SKBR3:chr8:70318233-91550065:10	SKBR3:chr8:70318233-91550065:10	SKBR3	chr8	q	70318233	91550065	candidate_region_label	ecDNA;Seismic_Amplification;BFB	region	candidate_region	73	129	129	candidate_region_with_context	70941166	91550065	sv_attention	1.0	0.9707	HP2	-0.2918	0.0557	227.0	5424.0	15.5726	0.2854	C7	ecDNA;Seismic_Amplification;BFB	ecDNA;Seismic_Amplification:noncanonical;BFB:noncanonicalB	chromosome_arm	45644000	145100001	402	402	8	73	49	21231833	3.4382335241615737e-06	15.858015509070745	83221.0	171336.0	303280.0	False	0.1095890410958904	0.0	4	0	0	3	3	1	1	2	6	28	18	7	74	1	70.0	73.0	70.0	70.0	14	11	2.0	13	29	5	13	sample_residual	coords	1	0	ecDNA;Seismic_Amplification:noncanonical;BFB:noncanonicalB	ecDNA;Seismic_Amplification;BFB	6.1598896980285645	0.9978919669206548	ecDNA	0.9706670989438082	3.4992737770080566	3.4992737770080566	0.9706670989438082	0.7729716897010803	0.6841633790316443	-2.471003293991089	0.07791612273967027	-0.6505205631256104	0.34287223920571086	SKBR3:C7	3	max	SKBR3	logo	28	220	97	0.7900000214576721	min_delta	0.30000001192092896	0.20000000298023224	type_confidence	0.9800000190734863	0.10000000149011612	0.30000001192092896	0.6399999856948853	0.8399999886751175	0.20999999344348907	0.4099999964237213	0.23000000417232513	0.4300000071525574	0.11999999731779099	0.3200000002980232	ecDNA	objectness_type_threshold	False	ecDNA	0.9706670989438082	0.28650371991216395	ecDNA;Seismic_Amplification;BFB	ecDNA;Seismic_Amplification;BFB	ecDNA;Seismic_Amplification:canonical;BFB:canonical	ecDNA;Seismic_Amplification:canonical;BFB:canonical	True	False	True	True	True	False	wrong_level	True	3
SKBR3:chr8:103691910-145138636:11	SKBR3:chr8:103691910-145138636:11	SKBR3	chr8	q	103691910	145138636	candidate_region_label	ecDNA;Seismic_Amplification;BFB	region	candidate_region	108	203	203	candidate_region_with_context	108858627	145138636	sv_attention	1.0	0.8753	mixed_HP	-0.246	0.2	605.0	6454.0	12.0959	0.5102	C7	ecDNA;Seismic_Amplification;BFB	ecDNA;Seismic_Amplification:noncanonical;BFB:noncanonicalB	chromosome_arm	45644000	145100001	402	402	8	108	70	41446727	2.6057546112145355e-06	12.596301922706708	75864.5	159089.0	354920.75	False	0.1574074074074074	0.0841121495327102	6	3	6	11	4	3	2	0	3	15	42	13	111	2	19.0	93.0	19.0	36.0	28	15	4.0	23	37	4	23	sample_residual	coords	1	0	ecDNA;Seismic_Amplification:noncanonical;BFB:noncanonicalB	ecDNA;Seismic_Amplification;BFB	6.1598896980285645	0.9978919669206548	ecDNA	0.9706670989438082	3.4992737770080566	3.4992737770080566	0.9706670989438082	0.7729716897010803	0.6841633790316443	-2.471003293991089	0.07791612273967027	-0.6505205631256104	0.34287223920571086	SKBR3:C7	3	max	SKBR3	logo	28	220	97	0.7900000214576721	min_delta	0.30000001192092896	0.20000000298023224	type_confidence	0.9800000190734863	0.10000000149011612	0.30000001192092896	0.6399999856948853	0.8399999886751175	0.20999999344348907	0.4099999964237213	0.23000000417232513	0.4300000071525574	0.11999999731779099	0.3200000002980232	ecDNA	objectness_type_threshold	False	ecDNA	0.9706670989438082	0.28650371991216395	ecDNA;Seismic_Amplification;BFB	ecDNA;Seismic_Amplification;BFB	ecDNA;Seismic_Amplification:canonical;BFB:canonical	ecDNA;Seismic_Amplification:canonical;BFB:canonical	True	False	True	True	True	False	wrong_level	True	3
SKBR3:chr10:55213168-71714103:12	SKBR3:chr10:55213168-71714103:12	SKBR3	chr10	q	55213168	71714103	candidate_region_label	Seismic_Amplification;BFB	region	candidate_region	19	30	30	candidate_region_with_context	55266330	70051894	sv_attention	1.0	0.896	HP2	-0.5306	0.3741	12.0	414.0	3.9499	2.1477	C8	Seismic_Amplification;BFB	Seismic_Amplification:noncanonical;BFB:noncanonicalB	chromosome_arm	40246000	133750001	402	402	8	18	16	16500936	1.1514498329064483e-06	6.0975542841933335	181287.5	400932.0	868343.5	False	0.631578947368421	0.3888888888888889	1	0	0	0	1	1	7	4	5	0	0	0	20	1	8.0	12.0	8.0	8.0	3	6	2.0	1	8	0	1	sample_residual	coords	1	0	Seismic_Amplification:noncanonical;BFB:noncanonicalB	Seismic_Amplification;BFB	6.5221052169799805	0.9985315894280423	Seismic_Amplification	0.4862667246358191	-0.05494692176580429	-1.1838128566741943	0.23436732714907677	-0.05494692176580429	0.4862667246358191	-3.607349395751953	0.026407381265867627	-1.0884671211242676	0.2519070393662251	SKBR3:C8	1	max	SKBR3	logo	28	220	97	0.7900000214576721	min_delta	0.30000001192092896	0.20000000298023224	type_confidence	0.9800000190734863	0.10000000149011612	0.30000001192092896	0.6399999856948853	0.8399999886751175	0.20999999344348907	0.4099999964237213	0.23000000417232513	0.4300000071525574	0.11999999731779099	0.3200000002980232	Seismic_Amplification	objectness_type_threshold	False	Seismic_Amplification	0.4862667246358191	0.234359685269594	Seismic_Amplification	Seismic_Amplification	Seismic_Amplification:noncanonical	Seismic_Amplification:noncanonical	True	False	True	False	False	True	partial_class	True	1
SKBR3:chr14:45524644-68507616:13	SKBR3:chr14:45524644-68507616:13	SKBR3	chr14	q	45524644	68507616	candidate_region_label	ecDNA;Seismic_Amplification;BFB	region	candidate_region	15	19	19	candidate_region_with_context	49692456	68507616	sv_attention	0.9998	0.8187	HP2	-0.6589	0.5452	64.0	341.0	0.7564	3.1109	C7	ecDNA;Seismic_Amplification;BFB	ecDNA;Seismic_Amplification:noncanonical;BFB:noncanonicalB	chromosome_arm	17600000	107000001	402	402	8	14	11	22982973	6.526570779158989e-07	3.867233103393543	121532.5	765168.0	2483336.5	False	0.5333333333333333	0.1428571428571428	0	1	1	4	4	1	1	0	3	0	0	0	19	0	18.0	18.0			1	0	1.0	14	3	0	14	sample_residual	coords	1	0	ecDNA;Seismic_Amplification:noncanonical;BFB:noncanonicalB	ecDNA;Seismic_Amplification;BFB	6.1598896980285645	0.9978919669206548	ecDNA	0.9706670989438082	3.4992737770080566	3.4992737770080566	0.9706670989438082	0.7729716897010803	0.6841633790316443	-2.471003293991089	0.07791612273967027	-0.6505205631256104	0.34287223920571086	SKBR3:C7	3	max	SKBR3	logo	28	220	97	0.7900000214576721	min_delta	0.30000001192092896	0.20000000298023224	type_confidence	0.9800000190734863	0.10000000149011612	0.30000001192092896	0.6399999856948853	0.8399999886751175	0.20999999344348907	0.4099999964237213	0.23000000417232513	0.4300000071525574	0.11999999731779099	0.3200000002980232	ecDNA	objectness_type_threshold	False	ecDNA	0.9706670989438082	0.28650371991216395	ecDNA;Seismic_Amplification;BFB	ecDNA;Seismic_Amplification;BFB	ecDNA;Seismic_Amplification:canonical;BFB:canonical	ecDNA;Seismic_Amplification:canonical;BFB:canonical	True	False	True	True	True	False	wrong_level	True	3
SKBR3:chr17:39120759-42420153:14	SKBR3:chr17:39120759-42420153:14	SKBR3	chr17	q	39120759	42420153	candidate_region_label	Seismic_Amplification;BFB	region	candidate_region	5	6	6	candidate_region_with_context	41115866	41385941	sv_attention	0.8648	0.0819	HP2	-0.297	0.0627	13.0	464.0	19.2123	0.0	C9	Seismic_Amplification;BFB	Seismic_Amplification:noncanonical;BFB:noncanonicalB	chromosome_arm	25150000	83250001	402	402	8	5	5	3299395	1.515429343864557e-06	19.21230558935805	406718.0	790663.0	797728.0	False	0.4	0.25	0	0	0	0	0	0	0	0	1	2	2	0	6	0	4.0	4.0			0	0	1.0	5	0	0	5	sample_residual	coords	1	0	Seismic_Amplification:noncanonical;BFB:noncanonicalB	Seismic_Amplification;BFB	6.249972820281982	0.9980732130687595	Seismic_Amplification	0.6384762681114766	0.5687568187713623	0.3985690474510193	0.5983438098869654	0.5687568187713623	0.6384762681114766	-4.442766189575195	0.011626586159561636	-1.2170766592025757	0.22845131337419194	SKBR3:C9	1	max	SKBR3	logo	28	220	97	0.7900000214576721	min_delta	0.30000001192092896	0.20000000298023224	type_confidence	0.9800000190734863	0.10000000149011612	0.30000001192092896	0.6399999856948853	0.8399999886751175	0.20999999344348907	0.4099999964237213	0.23000000417232513	0.4300000071525574	0.11999999731779099	0.3200000002980232	Seismic_Amplification	objectness_type_threshold	False	Seismic_Amplification	0.6384762681114766	0.04013245822451117	Seismic_Amplification	Seismic_Amplification	Seismic_Amplification:canonical	Seismic_Amplification:canonical	True	False	True	False	False	True	partial_class	True	1
SKBR3:chr17:67753703-83257441:15	SKBR3:chr17:67753703-83257441:15	SKBR3	chr17	q	67753703	83257441	candidate_region_label	Seismic_Amplification	region	candidate_region	13	18	18	candidate_region_with_context	68253907	83257441	sv_attention	0.9997	0.9677	mixed_HP	-0.2807	0.3	161.0	323.0	2.4851	3.522	C10	Seismic_Amplification	Seismic_Amplification:noncanonical	chromosome_arm	25150000	83250001	402	402	8	13	12	15503739	8.385074077936942e-07	6.005218741104969	264204.0	500206.0	2075381.0	False	0.4615384615384615	0.1666666666666666	0	0	1	1	1	4	1	2	1	2	0	0	11	0					2	3	0.0	4	2	0	4	sample_residual	coords	1	0	Seismic_Amplification:noncanonical	Seismic_Amplification	2.9307024478912354	0.9493434667677837	Seismic_Amplification	0.5441625756939437	0.17711183428764343	-2.5221052169799805	0.07432297833147089	0.17711183428764343	0.5441625756939437	-3.077542543411255	0.04404316673423417	-2.7742927074432373	0.05872926201969671	SKBR3:C10	1	max	SKBR3	logo	28	220	97	0.7900000214576721	min_delta	0.30000001192092896	0.20000000298023224	type_confidence	0.9800000190734863	0.10000000149011612	0.30000001192092896	0.6399999856948853	0.8399999886751175	0.20999999344348907	0.4099999964237213	0.23000000417232513	0.4300000071525574	0.11999999731779099	0.3200000002980232	Seismic_Amplification	objectness_type_threshold	False	Seismic_Amplification	0.5441625756939437	0.46983959736247277	Seismic_Amplification	Seismic_Amplification	Seismic_Amplification:canonical	Seismic_Amplification:canonical	True	False	True	True	True	False	wrong_level	True	1
SKBR3:chr18:47315093-56791383:16		SKBR3	chr18	q	47315093	56791383	candidate_region_empty		empty_candidate_region	candidate_region	4	5	5	candidate_region_with_context	51458064	56212928	sv_attention	0.8536	0.5018	HP1	0.4228	0.2304	53.0	10.0	0.8235	1.0	C11			chromosome_arm	18540000	80350001	402	402	8	4	4	9476291	4.221060750456059e-07	1.823536866902884	1959378.0	2666659.0	3076353.75	False	0.75	0.3333333333333333	0	1	2	1	0	0	0	0	0	0	0	0	5	0					2	0	0.0	0	3	0	0	sample_residual	coords	0	1			-0.9112387895584106	0.28674640948993946	chromothripsis	0.43775374833618563	-0.2502833902835846	-5.15487003326416	0.005738114117415346	-2.323530673980713	0.08919282002313303	-0.2502833902835846	0.43775374833618563	-3.3606555461883545	0.03354796233701725	SKBR3:C11	1	max	SKBR3	logo	28	220	97	0.7900000214576721	min_delta	0.30000001192092896	0.20000000298023224	type_confidence	0.9800000190734863	0.10000000149011612	0.30000001192092896	0.6399999856948853	0.8399999886751175	0.20999999344348907	0.4099999964237213	0.23000000417232513	0.4300000071525574	0.11999999731779099	0.3200000002980232	none	none_objectness	False	chromothripsis	0.43775374833618563	0.34856092831305263		none		none	False	False	False	False	False	False	background	True	0
SKBR3:chr19:52741290-58617616:17	SKBR3:chr19:52741290-58617616:17	SKBR3	chr19	q	52741290	58617616	candidate_region_label	chromothripsis	region	candidate_region	6	6	6	candidate_region_with_context	53991152	58549277	sv_attention	0.8654	0.7757	HP1	0.4666	0.2888	24.0	9.0	2.9268	1.0	C12	chromothripsis	chromothripsis:noncanonicalB	chromosome_arm	26260000	58600001	402	402	8	6	4	5876327	1.0210459697018223e-06	3.921026859124756	79901.5	181266.5	725961.75	True	0.8333333333333334	0.8	0	0	1	3	2	0	0	0	0	0	0	0	5	0					2	0	0.0	1	2	0	1	sample_residual	coords	1	0	chromothripsis:noncanonicalB	chromothripsis	4.023955821990967	0.9824320648461797	chromothripsis	0.43207969003299557	-0.2733710706233978	-4.787609100341797	0.00826350098391558	-3.213690996170044	0.03865374460329626	-0.2733710706233978	0.43207969003299557	-3.5690524578094482	0.027410059930764664	SKBR3:C12	1	max	SKBR3	logo	28	220	97	0.7900000214576721	min_delta	0.30000001192092896	0.20000000298023224	type_confidence	0.9800000190734863	0.10000000149011612	0.30000001192092896	0.6399999856948853	0.8399999886751175	0.20999999344348907	0.4099999964237213	0.23000000417232513	0.4300000071525574	0.11999999731779099	0.3200000002980232	chromothripsis	objectness_type_threshold	False	chromothripsis	0.43207969003299557	0.39342594542969933	chromothripsis	chromothripsis	chromothripsis:noncanonical	chromothripsis:noncanonical	True	False	True	True	True	False	wrong_level	True	1
SKBR3:chr20:9564034-58962673:18	SKBR3:chr20:9564034-58962673:18	SKBR3	chr20	mixed	9564034	58962673	candidate_region_label	Seismic_Amplification;BFB	region	candidate_region	55	132	132	candidate_region_with_context	14443096	58962673	sv_attention	1.0	0.9012	mixed_HP	-0.3052	0.5002	268.0	778.0	3.9432	3.5007	C13	Seismic_Amplification;BFB	Seismic_Amplification:canonical;BFB:noncanonicalB	chromosome	0	64400001	402	402	8	54	41	49398640	1.1133909759458965e-06	7.443901107398908	107848.0	380533.0	961066.5	False	0.3272727272727272	0.0185185185185185	0	0	0	2	2	2	6	10	15	18	0	0	57	0	22.0	22.0			21	14	1.0	0	18	3	0	sample_residual	coords	1	0	Seismic_Amplification:canonical;BFB:noncanonicalB	Seismic_Amplification;BFB	6.912377834320068	0.9990056017000191	Seismic_Amplification	0.9889953694739987	4.498373508453369	-3.696253776550293	0.024215383326873473	4.498373508453369	0.9889953694739987	-1.9878239631652832	0.12048726691034237	-1.5098333358764648	0.18096349407973827	SKBR3:C13	1	max	SKBR3	logo	28	220	97	0.7900000214576721	min_delta	0.30000001192092896	0.20000000298023224	type_confidence	0.9800000190734863	0.10000000149011612	0.30000001192092896	0.6399999856948853	0.8399999886751175	0.20999999344348907	0.4099999964237213	0.23000000417232513	0.4300000071525574	0.11999999731779099	0.3200000002980232	Seismic_Amplification	objectness_type_threshold	False	Seismic_Amplification	0.9889953694739987	0.8080318753942604	Seismic_Amplification	Seismic_Amplification	Seismic_Amplification:canonical	Seismic_Amplification:canonical	True	False	True	False	False	True	partial_class	True	1
SKBR3:chr22:46498609-50818468:19		SKBR3	chr22	q	46498609	50818468	candidate_region_empty		empty_candidate_region	candidate_region	6	4	4	candidate_region_with_context	47180615	47862623	sv_attention	0.4589	0.1579	mixed_HP	-0.2429	0.3	19.0	44.0	1.8704	1.6423	C14			chromosome_arm	15050000	50800001	402	402	8	6	5	4319860	1.388933900635669e-06	3.5062559897774466	168166.75	490521.5	906843.75	False	0.5	0.0	0	1	1	1	2	0	1	0	0	0	0	0	5	0					2	2	0.0	0	0	1	0	sample_residual	coords	0	1			-1.7042466402053833	0.15391144295708947	chromothripsis	0.30942038232230773	-0.8028304576873779	-3.9533138275146484	0.01882964096895306	-1.4301282167434692	0.19307870736564364	-0.8028304576873779	0.30942038232230773	-4.450436115264893	0.011538777253113012	SKBR3:C14	1	max	SKBR3	logo	28	220	97	0.7900000214576721	min_delta	0.30000001192092896	0.20000000298023224	type_confidence	0.9800000190734863	0.10000000149011612	0.30000001192092896	0.6399999856948853	0.8399999886751175	0.20999999344348907	0.4099999964237213	0.23000000417232513	0.4300000071525574	0.11999999731779099	0.3200000002980232	none	none_objectness	False	chromothripsis	0.30942038232230773	0.11634167495666409		none		none	False	False	False	False	False	False	background	True	0
SNU1000:chr2:189545608-197927733:1	SNU1000:chr2:189545608-197927733:1	SNU1000	chr2	q	189545608	197927733	candidate_region_label	BFB	region	candidate_region	4	5	5	candidate_region_with_context	194547462	194557219	sv_attention	0.7774	0.0012	mixed_HP	-0.2864	0.3	14.0	29.0	2.0247	2.8054	C1	BFB	BFB:noncanonical	chromosome_arm	93989000	242150001	402	402	8	4	3	8382126	4.772059021780393e-07	4.830087975294096	157777.5	1788816.0	3726570.0	True	0.75	0.6666666666666666	0	0	0	0	1	2	1	0	0	0	0	0	5	1	5.0	5.0	5.0	5.0	0	2	1.0	0	1	1	0	sample_residual	coords	1	0	BFB:noncanonical	BFB	5.169264316558838	0.9943434264453137	chromothripsis	0.20481180542908392	-1.3564872741699219	-4.7147040367126465	0.008882905052100334	-2.6428768634796143	0.06642939977809091	-1.3564872741699219	0.20481180542908392	-1.522244930267334	0.17913117986231894	SNU1000:C1	1	max	SNU1000	logo	29	232	98	0.7900000214576721	min_delta	0.30000001192092896	0.20000000298023224	type_confidence	0.9800000190734863	0.10000000149011612	0.30000001192092896	0.6399999856948853	0.8399999886751175	0.20999999344348907	0.4099999964237213	0.23000000417232513	0.4300000071525574	0.11999999731779099	0.3200000002980232	BFB	objectness_type_threshold	False	chromothripsis	0.20481180542908392	0.02568062556676498	BFB	BFB	BFB:noncanonicalB	BFB:noncanonicalB	True	False	True	True	True	False	wrong_level	True	1
SNU1000:chr3:0-10257984:2		SNU1000	chr3	p	0	10257984	candidate_region_empty		empty_candidate_region	candidate_region	8	8	8	candidate_region_with_context	3842167	6163195	sv_attention	0.7903	0.2263	HP2	-0.2645	0.0193	10.0	73.0	3.0411	0.4854	C2			chromosome_arm	0	90951000	402	402	8	8	7	10257985	7.798802591347131e-07	3.5265007698880435	222257.5	790977.5	2257319.5	False	0.75	0.4285714285714285	0	0	0	3	3	2	0	0	0	0	0	0	8	0					0	2	0.0	1	5	0	1	sample_residual	coords	0	1			0.8531202077865601	0.7012212673752288	chromothripsis	0.5590615391480305	0.23735423386096954	-3.8600051403045654	0.020633193354127263	-2.429103136062622	0.08098018890154861	0.23735423386096954	0.5590615391480305	-3.9468703269958496	0.018949055013242594	SNU1000:C2	1	max	SNU1000	logo	29	232	98	0.7900000214576721	min_delta	0.30000001192092896	0.20000000298023224	type_confidence	0.9800000190734863	0.10000000149011612	0.30000001192092896	0.6399999856948853	0.8399999886751175	0.20999999344348907	0.4099999964237213	0.23000000417232513	0.4300000071525574	0.11999999731779099	0.3200000002980232	none	none_objectness	False	chromothripsis	0.5590615391480305	0.47808135024648185		none		none	False	False	False	False	False	False	background	True	0
SNU1000:chr6:63000001-65279176:3	SNU1000:chr6:63000001-65279176:3	SNU1000	chr6	q	63000001	65279176	candidate_region_label	Seismic_Amplification;BFB	region	candidate_region	3	4	4	candidate_region_with_context	63873674	63905828	sv_attention	0.6319	0.0141	HP2	-0.5183	0.3578	0.0	90.0	5.2078	2.0	C3	Seismic_Amplification;BFB	Seismic_Amplification:canonical;BFB:noncanonical	chromosome_arm	60589000	170800001	402	402	8	3	3	2279176	1.3162651765374857e-06	7.207781233217619	436837.5	502698.0	954099.5	False	0.6666666666666666	0.5	0	0	0	0	0	0	1	0	2	0	0	0	3	2	2.0	3.0	2.0	3.0	0	0	2.0	0	0	1	0	sample_residual	coords	1	0	Seismic_Amplification:canonical;BFB:noncanonical	Seismic_Amplification;BFB	6.147241115570068	0.9978651912319019	Seismic_Amplification	0.38257956732897674	-0.47861355543136597	-4.454265117645264	0.011495186635491298	-0.47861355543136597	0.38257956732897674	-3.849608898162842	0.02084432534868659	-1.0339694023132324	0.2623152767590955	SNU1000:C3	1	max	SNU1000	logo	29	232	98	0.7900000214576721	min_delta	0.30000001192092896	0.20000000298023224	type_confidence	0.9800000190734863	0.10000000149011612	0.30000001192092896	0.6399999856948853	0.8399999886751175	0.20999999344348907	0.4099999964237213	0.23000000417232513	0.4300000071525574	0.11999999731779099	0.3200000002980232	Seismic_Amplification	objectness_type_threshold	False	Seismic_Amplification	0.38257956732897674	0.12026429056988125	Seismic_Amplification	Seismic_Amplification	Seismic_Amplification:noncanonical	Seismic_Amplification:noncanonical	True	False	True	False	False	True	partial_class	True	1
SNU1000:chr11:100077105-102913626:4	SNU1000:chr11:100077105-102913626:4	SNU1000	chr11	q	100077105	102913626	candidate_region_label	ecDNA;Seismic_Amplification;BFB	region	candidate_region	6	9	9	candidate_region_with_context	100309454	102913626	sv_attention	0.9588	0.9181	HP2	-0.3333	0.1111	0.0	594.0	26.6214	0.0	C4	ecDNA;Seismic_Amplification;BFB	ecDNA;Seismic_Amplification:noncanonical;BFB:noncanonical	chromosome_arm	53714000	135050001	402	402	8	6	5	2836522	2.115266513004306e-06	26.62138562648201	233620.25	278654.0	353876.75	False	0.3333333333333333	0.2	0	0	0	1	0	0	0	0	0	1	2	2	7	3	1.0	7.0	5.0	7.0	0	0	5.0	1	0	1	1	sample_residual	coords	1	0	ecDNA;Seismic_Amplification:noncanonical;BFB:noncanonical	ecDNA;Seismic_Amplification;BFB	5.801070213317871	0.9969848025617453	Seismic_Amplification	0.6725518551407689	0.7197495102882385	-0.14469090104103088	0.4638902506108824	0.7197495102882385	0.6725518551407689	-4.254032611846924	0.014007820919699359	-1.2354061603546143	0.2252366221277424	SNU1000:C4	1	max	SNU1000	logo	29	232	98	0.7900000214576721	min_delta	0.30000001192092896	0.20000000298023224	type_confidence	0.9800000190734863	0.10000000149011612	0.30000001192092896	0.6399999856948853	0.8399999886751175	0.20999999344348907	0.4099999964237213	0.23000000417232513	0.4300000071525574	0.11999999731779099	0.3200000002980232	Seismic_Amplification	objectness_type_threshold	False	Seismic_Amplification	0.6725518551407689	0.20866160452988647	Seismic_Amplification	Seismic_Amplification	Seismic_Amplification:canonical	Seismic_Amplification:canonical	True	False	True	False	False	True	partial_class	True	1
SNU1000:chr16:46000001-57779990:5	SNU1000:chr16:46000001-57779990:5	SNU1000	chr16	q	46000001	57779990	candidate_region_label	chromothripsis	region	candidate_region	4	4	4	candidate_region_with_context	50824942	56215604	sv_attention	0.7739	0.4576	mixed_HP	0.0768	0.9194	16.0	15.0	2.0	1.4311	C5	chromothripsis	chromothripsis:noncanonicalB	chromosome_arm	36800000	90300001	402	402	8	4	4	11779990	3.395588621042972e-07	3.4311040162173314	2226169.5	3350794.5	4069622.5	True	1.0	1.0	0	0	0	2	2	0	0	0	0	0	0	0	4	0					2	0	0.0	1	0	1	1	sample_residual	coords	1	0	chromothripsis:noncanonicalB	chromothripsis	2.0589280128479004	0.8868466409661118	chromothripsis	0.4823392406937166	-0.07067243754863739	-4.084773063659668	0.016548496680027697	-3.198774814605713	0.03921185473111074	-0.07067243754863739	0.4823392406937166	-3.136068820953369	0.04164372841048944	SNU1000:C5	1	max	SNU1000	logo	29	232	98	0.7900000214576721	min_delta	0.30000001192092896	0.20000000298023224	type_confidence	0.9800000190734863	0.10000000149011612	0.30000001192092896	0.6399999856948853	0.8399999886751175	0.20999999344348907	0.4099999964237213	0.23000000417232513	0.4300000071525574	0.11999999731779099	0.3200000002980232	chromothripsis	objectness_type_threshold	False	chromothripsis	0.4823392406937166	0.4406955122832271	chromothripsis	chromothripsis	chromothripsis:canonical	chromothripsis:canonical	True	False	True	True	True	False	wrong_level	True	1
SNU1000:chr19:0-7902715:6	SNU1000:chr19:0-7902715:6	SNU1000	chr19	p	0	7902715	candidate_region_label	chromothripsis	region	candidate_region	4	7	7	candidate_region_with_context	5881828	6076645	sv_attention	0.8061	0.0247	mixed_HP	0.5733	0.3	17.0	8.0	1.6716	0.0	C6	chromothripsis	chromothripsis:noncanonicalB	chromosome_arm	0	26260000	402	402	8	4	4	7902716	5.061550990823914e-07	1.671621250213218	1418256.5	2113169.0	2670591.5	True	1.0	1.0	0	2	2	0	0	0	0	0	0	0	0	0	5	0					0	1	0.0	3	1	0	3	sample_residual	coords	1	0	chromothripsis:noncanonicalB	chromothripsis	3.054128408432007	0.9549604274228352	chromothripsis	0.3096311182740653	-0.8018444180488586	-4.53135347366333	0.010651420382397829	-3.115051746368408	0.042490637303167614	-0.8018444180488586	0.3096311182740653	-2.6486098766326904	0.06607474070476572	SNU1000:C6	1	max	SNU1000	logo	29	232	98	0.7900000214576721	min_delta	0.30000001192092896	0.20000000298023224	type_confidence	0.9800000190734863	0.10000000149011612	0.30000001192092896	0.6399999856948853	0.8399999886751175	0.20999999344348907	0.4099999964237213	0.23000000417232513	0.4300000071525574	0.11999999731779099	0.3200000002980232	chromothripsis	objectness_type_threshold	False	chromothripsis	0.3096311182740653	0.2435563775692996	chromothripsis	chromothripsis	chromothripsis:noncanonical	chromothripsis:noncanonical	True	False	True	True	True	False	wrong_level	True	1
SNU1005:chr1:164651675-169240920:1	SNU1005:chr1:164651675-169240920:1	SNU1005	chr1	q	164651675	169240920	candidate_region_label	BFB	region	candidate_region	1	2	2	candidate_region_with_context	169240919	169240920	sv_attention	0.5822	0.0	mixed_HP	-0.1515	0.3182	14.0	8.0	0.0	2.0	C1	BFB	BFB:canonical	chromosome_arm	123459000	248950001	402	402	8	1	1	4589246	2.1790071833150805e-07	2.0	4589246.0	4589246.0	4589246.0	False	0.0	0.0	0	0	1	0	0	0	0	0	0	0	0	0	2	1	1.0	2.0	1.0	1.0	0	0	2.0	0	0	0	0	sample_residual	coords	1	0	BFB:canonical	BFB	3.500427007675171	0.9706999164666011	BFB	0.23030525306118707	-1.2065883874893188	-2.890876531600952	0.05260641585824299	-3.3066835403442383	0.03534261489346662	-2.1621525287628174	0.10320106339674755	-1.2065883874893188	0.23030525306118707	SNU1005:C1	1	max	SNU1005	logo	30	231	98	0.7900000214576721	min_delta	0.30000001192092896	0.20000000298023224	type_confidence	0.9800000190734863	0.10000000149011612	0.30000001192092896	0.6399999856948853	0.8399999886751175	0.20999999344348907	0.4099999964237213	0.23000000417232513	0.4300000071525574	0.11999999731779099	0.3200000002980232	BFB	objectness_type_threshold	False	BFB	0.23030525306118707	0.12710418966443954	BFB	BFB	BFB:noncanonicalB	BFB:noncanonicalB	True	False	True	True	True	False	wrong_level	True	1
SNU1005:chr3:162515130-188635593:2		SNU1005	chr3	q	162515130	188635593	candidate_region_empty		empty_candidate_region	candidate_region	14	19	19	candidate_region_with_context	175523892	187886378	sv_attention	0.9998	0.4733	mixed_HP	-0.1748	1.0	69.0	124.0	8.5968	7.8489	C2			chromosome_arm	90951000	198250001	402	402	8	14	14	26120464	5.359782276455732e-07	16.44568297102226	869376.5	1270803.0	2349153.5	False	0.5	0.1538461538461538	0	0	0	0	0	0	0	0	0	14	0	0	15	0					4	2	0.0	3	5	1	3	sample_residual	coords	0	1			3.874523401260376	0.9796581511408915	Seismic_Amplification	0.4808410844470421	-0.07667320221662521	-1.6533814668655396	0.1606524582231486	-0.07667320221662521	0.4808410844470421	-2.6273677349090576	0.06739771401538079	-2.4428939819335938	0.07995975397908185	SNU1005:C2	1	max	SNU1005	logo	30	231	98	0.7900000214576721	min_delta	0.30000001192092896	0.20000000298023224	type_confidence	0.9800000190734863	0.10000000149011612	0.30000001192092896	0.6399999856948853	0.8399999886751175	0.20999999344348907	0.4099999964237213	0.23000000417232513	0.4300000071525574	0.11999999731779099	0.3200000002980232	Seismic_Amplification	objectness_type_threshold	False	Seismic_Amplification	0.4808410844470421	0.3201886262238935	Seismic_Amplification	Seismic_Amplification	Seismic_Amplification:noncanonical	Seismic_Amplification:noncanonical	True	False	False	False	False	False	background	False	1
SNU1005:chr5:11163896-18765239:3	SNU1005:chr5:11163896-18765239:3	SNU1005	chr5	p	11163896	18765239	candidate_region_label	Seismic_Amplification	region	candidate_region	11	17	17	candidate_region_with_context	12991651	18765239	sv_attention	0.9851	0.7595	mixed_HP	-0.2432	1.0	35.0	70.0	6.4395	7.3055	C3	Seismic_Amplification	Seismic_Amplification:canonical	chromosome_arm	0	48464000	402	402	8	11	11	7601344	1.4471125106296993e-06	13.745016144513391	224024.5	311078.0	805433.0	False	0.5454545454545454	0.3	0	0	0	0	0	0	0	0	1	10	0	0	12	0					1	2	0.0	0	9	0	0	sample_residual	coords	1	0	Seismic_Amplification:canonical	Seismic_Amplification	3.109219551086426	0.9572714446055972	Seismic_Amplification	0.6670434870023583	0.6948433518409729	-1.8319644927978516	0.13800441245949666	0.6948433518409729	0.6670434870023583	-3.437835693359375	0.031133702953582976	-2.2192037105560303	0.09803919565734968	SNU1005:C3	1	max	SNU1005	logo	30	231	98	0.7900000214576721	min_delta	0.30000001192092896	0.20000000298023224	type_confidence	0.9800000190734863	0.10000000149011612	0.30000001192092896	0.6399999856948853	0.8399999886751175	0.20999999344348907	0.4099999964237213	0.23000000417232513	0.4300000071525574	0.11999999731779099	0.3200000002980232	Seismic_Amplification	objectness_type_threshold	False	Seismic_Amplification	0.6670434870023583	0.5290390745428616	Seismic_Amplification	Seismic_Amplification	Seismic_Amplification:canonical	Seismic_Amplification:canonical	True	True	True	True	False	False	exact	True	1
SNU1005:chr5:52275188-56218111:4	SNU1005:chr5:52275188-56218111:4	SNU1005	chr5	q	52275188	56218111	candidate_region_label	Seismic_Amplification;BFB	region	candidate_region	8	11	11	candidate_region_with_context	54536225	55137578	sv_attention	0.792	0.1525	HP1	1.0	1.0	216.0	0.0	13.9917	0.0	C4	Seismic_Amplification;BFB	Seismic_Amplification:canonical;BFB:noncanonical	chromosome_arm	48464000	181500001	402	402	8	8	7	3942924	2.0289511032928864e-06	13.991709959410834	123364.25	234682.0	500920.5	False	0.25	0.1428571428571428	0	0	0	0	1	0	0	0	0	3	4	0	9	2	2.0	9.0	5.0	9.0	1	0	5.0	0	3	0	0	sample_residual	coords	1	0	Seismic_Amplification:canonical;BFB:noncanonical	Seismic_Amplification;BFB	6.6450371742248535	0.9987012289261582	ecDNA	0.6320936268867591	0.5412090420722961	0.5412090420722961	0.6320936268867591	0.08159578591585159	0.520387636210778	-4.203266143798828	0.014726565756111898	-0.9036635160446167	0.28829822591133974	SNU1005:C4	1	max	SNU1005	logo	30	231	98	0.7900000214576721	min_delta	0.30000001192092896	0.20000000298023224	type_confidence	0.9800000190734863	0.10000000149011612	0.30000001192092896	0.6399999856948853	0.8399999886751175	0.20999999344348907	0.4099999964237213	0.23000000417232513	0.4300000071525574	0.11999999731779099	0.3200000002980232	Seismic_Amplification	objectness_type_threshold	False	ecDNA	0.6320936268867591	0.11170599067598108	Seismic_Amplification	Seismic_Amplification	Seismic_Amplification:canonical	Seismic_Amplification:canonical	True	False	True	False	False	True	partial_class	True	1
SNU1005:chr6:51101197-57999999:5	SNU1005:chr6:51101197-57999999:5	SNU1005	chr6	p	51101197	57999999	candidate_region_label	Seismic_Amplification	region	candidate_region	7	7	7	candidate_region_with_context	51227338	57999999	sv_attention	0.7064	0.9817	HP1	0.8426	0.7901	146.0	0.0	4.1016	1.2682	C5	Seismic_Amplification	Seismic_Amplification:noncanonical	chromosome_arm	0	60589000	402	402	8	7	7	6898803	1.0146687765979113e-06	5.36985111765041	147844.0	495130.0	1005329.5	False	0.2857142857142857	0.1666666666666666	0	0	1	1	0	0	0	0	1	4	0	0	7	0					4	0	0.0	1	2	0	1	sample_residual	coords	1	0	Seismic_Amplification:noncanonical	Seismic_Amplification	4.248287200927734	0.9859126037788578	Seismic_Amplification	0.29577908514467155	-0.8674792647361755	-1.9122765064239502	0.1287253144502376	-0.8674792647361755	0.29577908514467155	-3.061042308807373	0.04474313239119459	-1.8563621044158936	0.13512764206860917	SNU1005:C5	1	max	SNU1005	logo	30	231	98	0.7900000214576721	min_delta	0.30000001192092896	0.20000000298023224	type_confidence	0.9800000190734863	0.10000000149011612	0.30000001192092896	0.6399999856948853	0.8399999886751175	0.20999999344348907	0.4099999964237213	0.23000000417232513	0.4300000071525574	0.11999999731779099	0.3200000002980232	Seismic_Amplification	objectness_type_threshold	False	Seismic_Amplification	0.29577908514467155	0.16065144307606238	Seismic_Amplification	Seismic_Amplification	Seismic_Amplification:noncanonical	Seismic_Amplification:noncanonical	True	True	True	True	False	False	exact	True	1
SNU1005:chrX:97585206-100505594:6	SNU1005:chrX:97585206-100505594:6	SNU1005	chrX	q	97585206	100505594	candidate_region_label	Seismic_Amplification;BFB	region	candidate_region	5	8	8	candidate_region_with_context	98265833	100505594	sv_attention	0.9505	0.7669	mixed_HP	-0.2441	0.9775	20.0	38.0	4.9325	6.1716	C6	Seismic_Amplification;BFB	Seismic_Amplification:noncanonical;BFB:noncanonicalB	chromosome_arm	61090000	156000001	402	402	8	5	4	2920389	1.712100682477574e-06	11.104120033324328	122826.0	582037.0	761948.0	False	0.4	0.25	0	0	0	0	0	0	1	0	2	2	0	0	6	2	4.0	6.0	4.0	6.0	0	1	2.0	3	0	0	3	sample_residual	coords	1	0	Seismic_Amplification:noncanonical;BFB:noncanonicalB	Seismic_Amplification;BFB	5.28078031539917	0.9949373026853949	Seismic_Amplification	0.5351680182066685	0.1409047394990921	-1.499527931213379	0.1824959417465525	0.1409047394990921	0.5351680182066685	-3.160897731781006	0.04066401820063102	-0.7387617826461792	0.3232749671236314	SNU1005:C6	2	max	SNU1005	logo	30	231	98	0.7900000214576721	min_delta	0.30000001192092896	0.20000000298023224	type_confidence	0.9800000190734863	0.10000000149011612	0.30000001192092896	0.6399999856948853	0.8399999886751175	0.20999999344348907	0.4099999964237213	0.23000000417232513	0.4300000071525574	0.11999999731779099	0.3200000002980232	Seismic_Amplification	objectness_type_threshold	False	Seismic_Amplification	0.5351680182066685	0.21189305108303708	Seismic_Amplification;BFB	Seismic_Amplification;BFB	Seismic_Amplification:canonical;BFB:canonical	Seismic_Amplification:canonical;BFB:canonical	True	False	True	True	True	False	wrong_level	True	2
SNU1005:chrX:115725836-120929381:7	SNU1005:chrX:115725836-120929381:7	SNU1005	chrX	q	115725836	120929381	candidate_region_label	Seismic_Amplification;BFB	region	candidate_region	5	5	5	candidate_region_with_context	116252155	120929381	sv_attention	0.7769	0.8989	HP2	-0.5145	0.3527	0.0	48.0	3.6799	1.3736	C6	Seismic_Amplification;BFB	Seismic_Amplification:noncanonical;BFB:noncanonicalB	chromosome_arm	61090000	156000001	402	402	8	5	4	5203546	9.608832131012198e-07	5.053501785128833	113114.0	413207.0	1191299.0	False	0.4	0.25	1	1	1	0	1	0	0	0	1	0	0	0	7	0	4.0	4.0			4	1	1.0	0	0	1	0	sample_residual	coords	1	0	Seismic_Amplification:noncanonical;BFB:noncanonicalB	Seismic_Amplification;BFB	5.28078031539917	0.9949373026853949	Seismic_Amplification	0.5351680182066685	0.1409047394990921	-1.499527931213379	0.1824959417465525	0.1409047394990921	0.5351680182066685	-3.160897731781006	0.04066401820063102	-0.7387617826461792	0.3232749671236314	SNU1005:C6	2	max	SNU1005	logo	30	231	98	0.7900000214576721	min_delta	0.30000001192092896	0.20000000298023224	type_confidence	0.9800000190734863	0.10000000149011612	0.30000001192092896	0.6399999856948853	0.8399999886751175	0.20999999344348907	0.4099999964237213	0.23000000417232513	0.4300000071525574	0.11999999731779099	0.3200000002980232	Seismic_Amplification	objectness_type_threshold	False	Seismic_Amplification	0.5351680182066685	0.21189305108303708	Seismic_Amplification;BFB	Seismic_Amplification;BFB	Seismic_Amplification:canonical;BFB:canonical	Seismic_Amplification:canonical;BFB:canonical	True	False	True	True	True	False	wrong_level	True	2
SNU1299:chr11:99700441-104484500:1	SNU1299:chr11:99700441-104484500:1	SNU1299	chr11	q	99700441	104484500	candidate_region_label	Seismic_Amplification;BFB	region	candidate_region	5	7	7	candidate_region_with_context	103612582	103884684	sv_attention	0.7595	0.0569	mixed_HP	-0.4053	0.867	37.0	169.0	5.2469	4.6011	C1	Seismic_Amplification;BFB	Seismic_Amplification:noncanonical;BFB:noncanonical	chromosome_arm	53714000	135050001	402	402	8	5	4	4784060	1.045137393761784e-06	9.848014866034289	215980.0	235416.0	618158.0	False	0.4	0.25	0	0	0	0	0	0	1	0	2	1	1	0	6	3	1.0	6.0	4.0	6.0	0	0	5.0	1	0	0	1	sample_residual	coords	1	0	Seismic_Amplification:noncanonical;BFB:noncanonical	Seismic_Amplification;BFB	6.7164082527160645	0.9987905848698925	Seismic_Amplification	0.6608374018921389	0.6670281887054443	-0.7811699509620667	0.31406778963638954	0.6670281887054443	0.6608374018921389	-4.626195430755615	0.009696990078503297	-0.8446096181869507	0.30056483420412716	SNU1299:C1	1	max	SNU1299	logo	31	232	99	0.7900000214576721	min_delta	0.30000001192092896	0.20000000298023224	type_confidence	0.9800000190734863	0.10000000149011612	0.30000001192092896	0.6399999856948853	0.8399999886751175	0.20999999344348907	0.4099999964237213	0.23000000417232513	0.4300000071525574	0.11999999731779099	0.3200000002980232	Seismic_Amplification	objectness_type_threshold	False	Seismic_Amplification	0.6608374018921389	0.34676961225574937	Seismic_Amplification	Seismic_Amplification	Seismic_Amplification:canonical	Seismic_Amplification:canonical	True	False	True	False	False	True	partial_class	True	1
SNU1299:chr12:101817157-106306116:2	SNU1299:chr12:101817157-106306116:2	SNU1299	chr12	q	101817157	106306116	candidate_region_label	BFB	region	candidate_region	2	6	6	candidate_region_with_context	101829876	101882609	sv_attention	0.8742	0.0117	mixed_HP	-0.1296	0.3333	52.0	77.0	3.0	3.0081	C2	BFB	BFB:noncanonicalB	chromosome_arm	35807000	133250001	402	402	8	2	1	4488960	4.455374964357e-07	6.008125712859994	1140478.0	2244480.0	3348482.0	False	0.0	0.0	0	0	0	0	0	0	1	1	0	0	0	0	3	0	2.0	2.0			0	0	1.0	1	1	0	1	sample_residual	coords	1	0	BFB:noncanonicalB	BFB	4.782855033874512	0.9916974471969546	BFB	0.30799992844484625	-0.8094865083694458	-3.3035941123962402	0.03544809568637511	-2.7689061164855957	0.05902774224871585	-3.0307750701904297	0.04605476333566996	-0.8094865083694458	0.30799992844484625	SNU1299:C2	1	max	SNU1299	logo	31	232	99	0.7900000214576721	min_delta	0.30000001192092896	0.20000000298023224	type_confidence	0.9800000190734863	0.10000000149011612	0.30000001192092896	0.6399999856948853	0.8399999886751175	0.20999999344348907	0.4099999964237213	0.23000000417232513	0.4300000071525574	0.11999999731779099	0.3200000002980232	BFB	objectness_type_threshold	False	BFB	0.30799992844484625	0.2489721861961304	BFB	BFB	BFB:canonical	BFB:canonical	True	False	True	True	True	False	wrong_level	True	1
SNU1299:chr16:51419845-53976563:3	SNU1299:chr16:51419845-53976563:3	SNU1299	chr16	q	51419845	53976563	candidate_region_label	BFB	region	candidate_region	2	6	6	candidate_region_with_context	51431416	51491484	sv_attention	0.8647	0.0235	HP2	-0.3139	0.0852	8.0	24.0	2.2479	2.0	C3	BFB	BFB:noncanonicalB	chromosome_arm	36800000	90300001	402	402	8	2	1	2556719	7.822525666684528e-07	4.247877455441916	674388.25	1278359.5	1882330.75	False	0.0	0.0	0	0	0	0	1	0	0	0	0	1	0	0	3	0	1.0	1.0			0	0	1.0	0	2	0	0	sample_residual	coords	1	0	BFB:noncanonicalB	BFB	3.0316879749298096	0.9539853273507468	BFB	0.19537480660513515	-1.415456771850586	-4.169837951660156	0.015219549784625122	-2.4836959838867188	0.07700908540922599	-2.8753914833068848	0.05338354322468015	-1.415456771850586	0.19537480660513515	SNU1299:C3	1	max	SNU1299	logo	31	232	99	0.7900000214576721	min_delta	0.30000001192092896	0.20000000298023224	type_confidence	0.9800000190734863	0.10000000149011612	0.30000001192092896	0.6399999856948853	0.8399999886751175	0.20999999344348907	0.4099999964237213	0.23000000417232513	0.4300000071525574	0.11999999731779099	0.3200000002980232	BFB	objectness_type_threshold	False	BFB	0.19537480660513515	0.11836572119590916	BFB	BFB	BFB:noncanonicalB	BFB:noncanonicalB	True	True	True	True	False	False	exact	True	1
SNU1299:chr18:27518532-39718769:4	SNU1299:chr18:27518532-39718769:4	SNU1299	chr18	q	27518532	39718769	candidate_region_label	chromothripsis	region	candidate_region	5	5	5	candidate_region_with_context	29347890	36436148	sv_attention	0.8435	0.581	mixed_HP	0.4742	0.3	50.0	22.0	2.581	0.5574	C4	chromothripsis	chromothripsis:noncanonicalB	chromosome_arm	18540000	80350001	402	402	8	5	5	12200238	4.0982807056714806e-07	3.1383536944115358	1829360.0	2117688.0	3282621.0	True	0.8	0.75	0	0	1	2	2	0	0	0	0	0	0	0	6	0					5	0	0.0	1	0	0	1	sample_residual	coords	1	0	chromothripsis:noncanonicalB	chromothripsis	2.405937671661377	0.9172789614799092	chromothripsis	0.5387769840983189	0.15542003512382507	-3.1575334072113037	0.04079546504373217	-3.4404025077819824	0.031056369660698357	0.15542003512382507	0.5387769840983189	-2.8823769092559814	0.05303164281425069	SNU1299:C4	1	max	SNU1299	logo	31	232	99	0.7900000214576721	min_delta	0.30000001192092896	0.20000000298023224	type_confidence	0.9800000190734863	0.10000000149011612	0.30000001192092896	0.6399999856948853	0.8399999886751175	0.20999999344348907	0.4099999964237213	0.23000000417232513	0.4300000071525574	0.11999999731779099	0.3200000002980232	chromothripsis	objectness_type_threshold	False	chromothripsis	0.5387769840983189	0.48574534128406816	chromothripsis	chromothripsis	chromothripsis:canonical	chromothripsis:canonical	True	False	True	True	True	False	wrong_level	True	1
SNU1299:chr20:32000001-42314643:5	SNU1299:chr20:32000001-42314643:5	SNU1299	chr20	q	32000001	42314643	candidate_region_label	Seismic_Amplification	region	candidate_region	7	17	17	candidate_region_with_context	33155138	33634643	sv_attention	0.9994	0.0465	mixed_HP	-0.5281	1.0	18.0	124.0	5.2958	6.3602	C5	Seismic_Amplification	Seismic_Amplification:noncanonical	chromosome_arm	28120000	64400001	402	402	8	7	5	10314643	6.786468518590513e-07	11.656057412748073	151194.0	1155139.0	2342259.5	False	0.4285714285714285	0.1666666666666666	0	0	0	0	0	1	0	0	0	6	0	0	7	0					0	2	0.0	3	2	0	3	sample_residual	coords	1	0	Seismic_Amplification:noncanonical	Seismic_Amplification	-0.9787289500236511	0.27314406054664675	Seismic_Amplification	0.2988558378206443	-0.8527522087097168	-2.128312826156616	0.1063752672156589	-0.8527522087097168	0.2988558378206443	-1.5525442361831665	0.17471910513379735	-3.713076591491699	0.023821042674287595	SNU1299:C5	1	max	SNU1299	logo	31	232	99	0.7900000214576721	min_delta	0.30000001192092896	0.20000000298023224	type_confidence	0.9800000190734863	0.10000000149011612	0.30000001192092896	0.6399999856948853	0.8399999886751175	0.20999999344348907	0.4099999964237213	0.23000000417232513	0.4300000071525574	0.11999999731779099	0.3200000002980232	none	none_objectness	False	Seismic_Amplification	0.2988558378206443	0.12413673268684694		none		none	False	False	False	False	False	False	wrong	False	0
SNU17:chr4:18359712-23939176:1	SNU17:chr4:18359712-23939176:1	SNU17	chr4	p	18359712	23939176	candidate_region_label	chromothripsis	region	candidate_region	5	12	12	candidate_region_with_context	20757906	23939176	sv_attention	0.9718	0.5702	HP2	-0.3127	0.0835	2.0	127.0	5.1671	0.0	C1	chromothripsis	chromothripsis:noncanonicalB	chromosome_arm	0	50494000	402	402	8	5	5	5579465	8.961432682165763e-07	5.167119965803173	221369.0	1037007.0	1748078.0	False	0.8	0.5	0	0	0	0	1	2	2	0	0	0	0	0	6	0					0	0	0.0	0	6	0	0	sample_residual	coords	1	0	chromothripsis:noncanonicalB	chromothripsis	5.082302093505859	0.9938326653800984	chromothripsis	0.31976605851269635	-0.7548471093177795	-3.013031244277954	0.04684062493322756	-1.0571565628051758	0.2578532141080848	-0.7548471093177795	0.31976605851269635	-2.640643358230591	0.06656804824076515	SNU17:C1	2	max	SNU17	logo	32	233	99	0.7900000214576721	min_delta	0.30000001192092896	0.20000000298023224	type_confidence	0.9800000190734863	0.10000000149011612	0.30000001192092896	0.6399999856948853	0.8399999886751175	0.20999999344348907	0.4099999964237213	0.23000000417232513	0.4300000071525574	0.11999999731779099	0.3200000002980232	chromothripsis	objectness_type_threshold	False	chromothripsis	0.31976605851269635	0.06191284440461153	chromothripsis	chromothripsis	chromothripsis:noncanonical	chromothripsis:noncanonical	True	False	True	True	True	False	wrong_level	True	1
SNU17:chr4:52000001-57201939:2	SNU17:chr4:52000001-57201939:2	SNU17	chr4	q	52000001	57201939	candidate_region_label	chromothripsis	region	candidate_region	4	7	7	candidate_region_with_context	52480356	57201939	sv_attention	0.9196	0.9077	mixed_HP	-0.2166	0.2	3.0	30.0	5.4683	0.0374	C1	chromothripsis	chromothripsis:noncanonicalB	chromosome_arm	50494000	190200001	402	402	8	4	4	5201939	7.689440418274801e-07	5.505705468672355	395735.0	1315324.5	2220074.25	True	1.0	1.0	0	0	0	0	0	2	2	0	0	0	0	0	4	0					0	1	0.0	0	3	0	0	sample_residual	coords	1	0	chromothripsis:noncanonicalB	chromothripsis	5.082302093505859	0.9938326653800984	chromothripsis	0.31976605851269635	-0.7548471093177795	-3.013031244277954	0.04684062493322756	-1.0571565628051758	0.2578532141080848	-0.7548471093177795	0.31976605851269635	-2.640643358230591	0.06656804824076515	SNU17:C1	2	max	SNU17	logo	32	233	99	0.7900000214576721	min_delta	0.30000001192092896	0.20000000298023224	type_confidence	0.9800000190734863	0.10000000149011612	0.30000001192092896	0.6399999856948853	0.8399999886751175	0.20999999344348907	0.4099999964237213	0.23000000417232513	0.4300000071525574	0.11999999731779099	0.3200000002980232	chromothripsis	objectness_type_threshold	False	chromothripsis	0.31976605851269635	0.06191284440461153	chromothripsis	chromothripsis	chromothripsis:noncanonical	chromothripsis:noncanonical	True	False	True	True	True	False	wrong_level	True	1
SNU17:chr4:144713083-168228294:3	SNU17:chr4:144713083-168228294:3	SNU17	chr4	q	144713083	168228294	candidate_region_label	chromothripsis	region	candidate_region	19	37	37	candidate_region_with_context	145250864	168228294	sv_attention	1.0	0.9771	HP2	-0.3333	0.1111	0.0	278.0	5.332	0.0	C2	chromothripsis	chromothripsis:canonical	chromosome_arm	50494000	190200001	402	402	8	18	15	23515212	8.079876124442339e-07	5.332044593091485	239234.5	810713.0	1306111.0	True	0.7894736842105263	0.5555555555555556	0	0	0	0	3	7	8	0	1	0	0	0	19	0					6	5	0.0	0	8	0	0	sample_residual	coords	1	0	chromothripsis:canonical	chromothripsis	2.798610210418701	0.9426006762714283	chromothripsis	0.29142414162043245	-0.8884773850440979	-2.2396292686462402	0.09624778463524805	-2.1882169246673584	0.10081361474256488	-0.8884773850440979	0.29142414162043245	-2.1316144466400146	0.10606182422813343	SNU17:C2	1	max	SNU17	logo	32	233	99	0.7900000214576721	min_delta	0.30000001192092896	0.20000000298023224	type_confidence	0.9800000190734863	0.10000000149011612	0.30000001192092896	0.6399999856948853	0.8399999886751175	0.20999999344348907	0.4099999964237213	0.23000000417232513	0.4300000071525574	0.11999999731779099	0.3200000002980232	chromothripsis	objectness_type_threshold	False	chromothripsis	0.29142414162043245	0.18536231739229903	chromothripsis	chromothripsis	chromothripsis:noncanonical	chromothripsis:noncanonical	True	False	True	True	True	False	wrong_level	True	1
SNU17:chr14:104704928-107043718:4	SNU17:chr14:104704928-107043718:4	SNU17	chr14	q	104704928	107043718	candidate_region_label	Seismic_Amplification;BFB	region	candidate_region	5	4	4	candidate_region_with_context	106364534	106451626	sv_attention	0.695	0.0372	HP2	-0.3333	0.1111	0.0	16.0	7.8431	0.0	C3	Seismic_Amplification;BFB	Seismic_Amplification:canonical;BFB:noncanonicalB	chromosome_arm	17600000	107000001	402	402	8	5	3	2338791	2.137856696045093e-06	7.73389413590184	43717.0	156046.0	591920.0	False	0.4	0.25	0	0	1	0	0	0	1	0	2	1	0	0	4	0	3.0	4.0			0	0	2.0	0	2	0	0	sample_residual	coords	1	0	Seismic_Amplification:canonical;BFB:noncanonicalB	Seismic_Amplification;BFB	5.925385475158691	0.9973363360867085	Seismic_Amplification	0.5914328458386714	0.36989185214042664	-3.3290371894836426	0.03458836606299849	0.36989185214042664	0.5914328458386714	-3.5310356616973877	0.028441955258808094	-1.5567216873168945	0.17411756695391503	SNU17:C3	1	max	SNU17	logo	32	233	99	0.7900000214576721	min_delta	0.30000001192092896	0.20000000298023224	type_confidence	0.9800000190734863	0.10000000149011612	0.30000001192092896	0.6399999856948853	0.8399999886751175	0.20999999344348907	0.4099999964237213	0.23000000417232513	0.4300000071525574	0.11999999731779099	0.3200000002980232	Seismic_Amplification	objectness_type_threshold	False	Seismic_Amplification	0.5914328458386714	0.4173152788847564	Seismic_Amplification	Seismic_Amplification	Seismic_Amplification:canonical	Seismic_Amplification:canonical	True	False	True	False	False	True	partial_class	True	1
SNU682:chr2:170519254-174396706:1		SNU682	chr2	q	170519254	174396706	candidate_region_empty		empty_candidate_region	candidate_region	6	13	13	candidate_region_with_context	170925184	174396706	sv_attention	0.9959	0.8953	mixed_HP	-0.2028	0.3	32.0	72.0	2.5425	1.838	C1			chromosome_arm	93989000	242150001	402	402	8	6	5	3877453	1.5474075378863392e-06	4.380546456655955	206051.75	447238.0	914431.5	False	0.6666666666666666	0.4	0	0	0	2	2	2	0	0	0	0	0	0	8	0					2	0	0.0	1	5	0	1	sample_residual	coords	0	1			-0.4155845642089844	0.39757380641591883	chromothripsis	0.3488761850286865	-0.6239827275276184	-1.9862123727798462	0.12065815176060171	-2.575840711593628	0.07070954900060664	-0.6239827275276184	0.3488761850286865	-2.469007968902588	0.07805959805735861	SNU682:C1	1	max	SNU682	logo	33	233	98	0.7900000214576721	min_delta	0.30000001192092896	0.20000000298023224	type_confidence	0.9800000190734863	0.10000000149011612	0.30000001192092896	0.6399999856948853	0.8399999886751175	0.20999999344348907	0.4099999964237213	0.23000000417232513	0.4300000071525574	0.11999999731779099	0.3200000002980232	none	none_objectness	False	chromothripsis	0.3488761850286865	0.2282180332680848		none		none	False	False	False	False	False	False	background	True	0
SNU682:chr4:52000001-64307744:2	SNU682:chr4:52000001-64307744:2	SNU682	chr4	q	52000001	64307744	candidate_region_label	chromothripsis	region	candidate_region	6	13	13	candidate_region_with_context	56368538	64307744	sv_attention	0.9959	0.6451	HP1	0.5336	0.3782	77.0	9.0	2.1576	2.075	C2	chromothripsis	chromothripsis:noncanonicalB	chromosome_arm	50494000	190200001	402	402	8	6	6	12307744	4.874979525085994e-07	4.23267399776921	1481753.75	1687227.5	2415115.25	True	0.8333333333333334	0.8	0	0	0	1	2	3	0	0	0	0	0	0	6	0					3	1	0.0	1	0	1	1	sample_residual	coords	1	0	chromothripsis:noncanonicalB	chromothripsis	4.222909927368164	0.9855557591619928	chromothripsis	0.4361819881516169	-0.2566719651222229	-3.707484722137451	0.02395142059238913	-3.912332773208618	0.01960188924090144	-0.2566719651222229	0.4361819881516169	-2.9905426502227783	0.04785495800043316	SNU682:C2	1	max	SNU682	logo	33	233	98	0.7900000214576721	min_delta	0.30000001192092896	0.20000000298023224	type_confidence	0.9800000190734863	0.10000000149011612	0.30000001192092896	0.6399999856948853	0.8399999886751175	0.20999999344348907	0.4099999964237213	0.23000000417232513	0.4300000071525574	0.11999999731779099	0.3200000002980232	chromothripsis	objectness_type_threshold	False	chromothripsis	0.4361819881516169	0.38832703015118375	chromothripsis	chromothripsis	chromothripsis:noncanonical	chromothripsis:noncanonical	True	False	True	True	True	False	wrong_level	True	1
SNU682:chr11:32506388-40107226:3	SNU682:chr11:32506388-40107226:3	SNU682	chr11	p	32506388	40107226	candidate_region_label	BFB	region	candidate_region	3	6	6	candidate_region_with_context	32508435	37347804	sv_attention	0.8647	0.6367	mixed_HP	0.5374	0.2123	28.0	8.0	7.9349	2.6368	C3	BFB	BFB:noncanonical	chromosome_arm	0	53714000	402	402	8	3	3	7600839	3.9469327004558313e-07	10.571717411722574	1380429.5	2326345.0	3583162.5	False	0.6666666666666666	0.5	0	0	0	0	0	0	1	0	1	1	0	0	4	2	1.0	2.0	1.0	2.0	0	1	2.0	1	0	0	1	sample_residual	coords	1	0	BFB:noncanonical	BFB	3.8679285049438477	0.979526311093074	Seismic_Amplification	0.33996790483260575	-0.6634372472763062	-2.8848037719726562	0.052909899615689496	-0.6634372472763062	0.33996790483260575	-3.2740352153778076	0.03647275519971642	-1.5093395709991455	0.18103668931944883	SNU682:C3	1	max	SNU682	logo	33	233	98	0.7900000214576721	min_delta	0.30000001192092896	0.20000000298023224	type_confidence	0.9800000190734863	0.10000000149011612	0.30000001192092896	0.6399999856948853	0.8399999886751175	0.20999999344348907	0.4099999964237213	0.23000000417232513	0.4300000071525574	0.11999999731779099	0.3200000002980232	Seismic_Amplification	objectness_type_threshold	False	Seismic_Amplification	0.33996790483260575	0.15893121551315692	Seismic_Amplification	Seismic_Amplification	Seismic_Amplification:noncanonical	Seismic_Amplification:noncanonical	True	False	False	False	False	False	wrong	True	1
SNU682:chr16:78258738-83740189:4	SNU682:chr16:78258738-83740189:4	SNU682	chr16	q	78258738	83740189	candidate_region_label	BFB	region	candidate_region	6	8	8	candidate_region_with_context	78391111	78753247	sv_attention	0.9504	0.0661	HP2	-0.4458	0.261	9.0	45.0	1.9736	1.9895	C4	BFB	BFB:noncanonicalB	chromosome_arm	36800000	90300001	402	402	8	6	4	5481452	1.0946004817701588e-06	3.963101017759528	82306.0	156357.5	225979.5	False	0.6666666666666666	0.4	0	0	0	2	2	2	0	0	0	0	0	0	7	0	4.0	4.0			4	0	1.0	2	0	0	2	sample_residual	coords	1	0	BFB:noncanonicalB	BFB	5.038635730743408	0.9935591669744077	BFB	0.1722281785691817	-1.5699173212051392	-3.10084867477417	0.043072261509687085	-2.738389253616333	0.060745740573753614	-2.0881175994873047	0.11025710331139789	-1.5699173212051392	0.1722281785691817	SNU682:C4	1	max	SNU682	logo	33	233	98	0.7900000214576721	min_delta	0.30000001192092896	0.20000000298023224	type_confidence	0.9800000190734863	0.10000000149011612	0.30000001192092896	0.6399999856948853	0.8399999886751175	0.20999999344348907	0.4099999964237213	0.23000000417232513	0.4300000071525574	0.11999999731779099	0.3200000002980232	BFB	objectness_type_threshold	False	BFB	0.1722281785691817	0.06197107525778382	BFB	BFB	BFB:noncanonicalB	BFB:noncanonicalB	True	True	True	True	False	False	exact	True	1
SNU682:chr22:19000001-25858892:5	SNU682:chr22:19000001-25858892:5	SNU682	chr22	q	19000001	25858892	candidate_region_label	BFB	region	candidate_region	5	8	8	candidate_region_with_context	20390218	23869485	sv_attention	0.9479	0.5073	HP1	0.396	0.1947	54.0	0.0	0.493	4.7521	C5	BFB	BFB:noncanonicalB	chromosome_arm	15050000	50800001	402	402	8	5	5	6858892	7.289807158357356e-07	5.245059260300351	234246.0	1390219.0	1990960.0	False	0.4	0.25	0	0	0	1	1	1	1	1	0	0	0	0	5	0	1.0	1.0			2	0	1.0	0	1	1	0	sample_residual	coords	1	0	BFB:noncanonicalB	BFB	4.720173358917236	0.991165117742727	BFB	0.2389060551541767	-1.1586863994598389	-3.311779499053955	0.03516928654640639	-3.365150213241577	0.033402539141273224	-1.9672329425811768	0.12268640671787825	-1.1586863994598389	0.2389060551541767	SNU682:C5	1	max	SNU682	logo	33	233	98	0.7900000214576721	min_delta	0.30000001192092896	0.20000000298023224	type_confidence	0.9800000190734863	0.10000000149011612	0.30000001192092896	0.6399999856948853	0.8399999886751175	0.20999999344348907	0.4099999964237213	0.23000000417232513	0.4300000071525574	0.11999999731779099	0.3200000002980232	BFB	objectness_type_threshold	False	BFB	0.2389060551541767	0.11621964843629845	BFB	BFB	BFB:noncanonicalB	BFB:noncanonicalB	True	True	True	True	False	False	exact	True	1
SNU703:chr8:34169414-42999999:1	SNU703:chr8:34169414-42999999:1	SNU703	chr8	p	34169414	42999999	candidate_region_label	BFB	region	candidate_region	12	18	18	candidate_region_with_context	35424586	41365743	sv_attention	0.9983	0.6728	mixed_HP	0.2271	0.3354	50.0	29.0	2.8355	2.0977	C1	BFB	BFB:noncanonicalB	chromosome_arm	0	45644000	402	402	8	12	10	8830586	1.3589132136870644e-06	4.933200809096928	233131.75	390069.5	1307985.25	False	0.5	0.3636363636363636	0	0	1	0	2	3	3	2	1	0	0	0	12	0	10.0	10.0			5	2	1.0	3	1	0	3	sample_residual	coords	1	0	BFB:noncanonicalB	BFB	7.060181617736816	0.9991421144607137	BFB	0.26225913382652577	-1.034259557723999	-3.0798356533050537	0.043946719971698	-1.8861243724822998	0.13168699789221777	-3.3352653980255127	0.034380995426482326	-1.034259557723999	0.26225913382652577	SNU703:C1	1	max	SNU703	logo	34	234	98	0.7900000214576721	min_delta	0.30000001192092896	0.20000000298023224	type_confidence	0.9800000190734863	0.10000000149011612	0.30000001192092896	0.6399999856948853	0.8399999886751175	0.20999999344348907	0.4099999964237213	0.23000000417232513	0.4300000071525574	0.11999999731779099	0.3200000002980232	BFB	objectness_type_threshold	False	BFB	0.26225913382652577	0.130572135934308	BFB	BFB	BFB:canonical	BFB:canonical	True	False	True	True	True	False	wrong_level	True	1
SNU703:chr11:34220392-42675400:2		SNU703	chr11	p	34220392	42675400	candidate_region_empty		empty_candidate_region	candidate_region	6	19	19	candidate_region_with_context	39128098	42675400	sv_attention	0.9995	0.4196	HP2	-0.3652	0.1536	14.0	79.0	1.947	1.0431	C2			chromosome_arm	0	53714000	402	402	8	6	5	8455009	7.096385113250619e-07	2.9901204126453327	351279.5	876913.5	1788025.75	False	0.6666666666666666	0.2	0	1	0	3	1	0	1	0	0	0	0	0	7	0					1	0	0.0	0	5	1	0	sample_residual	coords	0	1			-1.2394263744354248	0.2245358493458797	chromothripsis	0.4445202548890723	-0.22283652424812317	-4.060009479522705	0.01695637749665215	-1.8874683380126953	0.13153339749332638	-0.22283652424812317	0.4445202548890723	-4.019948482513428	0.017637232917805015	SNU703:C2	1	max	SNU703	logo	34	234	98	0.7900000214576721	min_delta	0.30000001192092896	0.20000000298023224	type_confidence	0.9800000190734863	0.10000000149011612	0.30000001192092896	0.6399999856948853	0.8399999886751175	0.20999999344348907	0.4099999964237213	0.23000000417232513	0.4300000071525574	0.11999999731779099	0.3200000002980232	none	none_objectness	False	chromothripsis	0.4445202548890723	0.31298685739574594		none		none	False	False	False	False	False	False	background	True	0
SNU703:chr12:64593784-76107212:3	SNU703:chr12:64593784-76107212:3	SNU703	chr12	q	64593784	76107212	candidate_region_label	BFB	region	candidate_region	7	11	11	candidate_region_with_context	68778802	76107212	sv_attention	0.5794	0.6365	HP1	0.9875	0.9834	26.0	0.0	10.9405	0.2082	C3	BFB	BFB:noncanonicalB	chromosome_arm	35807000	133250001	402	402	8	7	6	11513429	6.079856835005453e-07	11.148690802713944	600910.5	946518.0	2573699.0	False	0.2857142857142857	0.1666666666666666	1	0	0	1	0	1	0	0	0	3	1	0	8	0	1.0	1.0			0	0	1.0	5	2	0	5	sample_residual	coords	1	0	BFB:noncanonicalB	BFB	5.413081169128418	0.9955619009927136	ecDNA	0.7510328365959101	1.104128360748291	1.104128360748291	0.7510328365959101	-0.057017892599105835	0.48574938741709917	-4.249070167541504	0.0140765257799068	-1.3747366666793823	0.20185564454585964	SNU703:C3	1	max	SNU703	logo	34	234	98	0.7900000214576721	min_delta	0.30000001192092896	0.20000000298023224	type_confidence	0.9800000190734863	0.10000000149011612	0.30000001192092896	0.6399999856948853	0.8399999886751175	0.20999999344348907	0.4099999964237213	0.23000000417232513	0.4300000071525574	0.11999999731779099	0.3200000002980232	ecDNA	objectness_type_threshold	False	ecDNA	0.7510328365959101	0.26528344917881097	ecDNA;Seismic_Amplification	ecDNA;Seismic_Amplification	ecDNA;Seismic_Amplification:noncanonical	ecDNA;Seismic_Amplification:noncanonical	True	False	False	False	False	False	wrong	True	2
SNU703:chr18:0-7107447:4	SNU703:chr18:0-7107447:4	SNU703	chr18	p	0	7107447	candidate_region_label	Seismic_Amplification;BFB	region	candidate_region	14	22	22	candidate_region_with_context	1919086	7107447	sv_attention	0.9884	0.73	mixed_HP	-0.0872	0.2	58.0	174.0	7.5148	1.1309	C4	Seismic_Amplification;BFB	Seismic_Amplification:noncanonical;BFB:noncanonicalB	chromosome_arm	0	18540000	402	402	8	14	12	7107448	1.969764675028224e-06	8.645695613953137	229058.5	278518.5	663534.0	False	0.2857142857142857	0.0769230769230769	0	0	0	1	2	2	1	1	2	4	1	0	14	0	1.0	4.0			1	3	2.0	1	5	2	1	sample_residual	coords	1	0	Seismic_Amplification:noncanonical;BFB:noncanonicalB	Seismic_Amplification;BFB	7.406737327575684	0.9993932200126856	Seismic_Amplification	0.6631123127570934	0.6771947741508484	-1.8286068439483643	0.1384043213575745	0.6771947741508484	0.6631123127570934	-3.288564682006836	0.03596557817560007	-1.8808789253234863	0.1322879509839343	SNU703:C4	1	max	SNU703	logo	34	234	98	0.7900000214576721	min_delta	0.30000001192092896	0.20000000298023224	type_confidence	0.9800000190734863	0.10000000149011612	0.30000001192092896	0.6399999856948853	0.8399999886751175	0.20999999344348907	0.4099999964237213	0.23000000417232513	0.4300000071525574	0.11999999731779099	0.3200000002980232	Seismic_Amplification	objectness_type_threshold	False	Seismic_Amplification	0.6631123127570934	0.5247079913995188	Seismic_Amplification	Seismic_Amplification	Seismic_Amplification:canonical	Seismic_Amplification:canonical	True	False	True	False	False	True	partial_class	True	1
SNU902:chr16:55273326-57412529:1	SNU902:chr16:55273326-57412529:1	SNU902	chr16	q	55273326	57412529	candidate_region_label	BFB	region	candidate_region	2	2	2	candidate_region_with_context	55275058	55276792	sv_attention	0.6216	0.0008	HP2	-0.8085	0.7447	0.0	14.0	2.0	4.963	C1	BFB	BFB:noncanonicalB	chromosome_arm	36800000	90300001	402	402	8	2	1	2139204	9.349271972191524e-07	6.963043262821124	554565.5	1069602.0	1584638.5	False	0.0	0.0	0	0	0	0	0	1	0	1	0	0	0	0	3	0	1.0	1.0			0	2	1.0	0	0	0	0	sample_residual	coords	1	0	BFB:noncanonicalB	BFB	5.64021110534668	0.9964604544292802	BFB	0.18440983758712537	-1.4867513179779053	-4.044516563415527	0.017216568729806266	-2.0469610691070557	0.1143598086719091	-3.1405203342437744	0.04146643265818219	-1.4867513179779053	0.18440983758712537	SNU902:C1	1	max	SNU902	logo	35	235	98	0.7900000214576721	min_delta	0.30000001192092896	0.20000000298023224	type_confidence	0.9800000190734863	0.10000000149011612	0.30000001192092896	0.6399999856948853	0.8399999886751175	0.20999999344348907	0.4099999964237213	0.23000000417232513	0.4300000071525574	0.11999999731779099	0.3200000002980232	BFB	objectness_type_threshold	False	BFB	0.18440983758712537	0.07005002891521626	BFB	BFB	BFB:noncanonicalB	BFB:noncanonicalB	True	True	True	True	False	False	exact	True	1
SNU902:chr19:17718043-23999999:2		SNU902	chr19	p	17718043	23999999	candidate_region_empty		empty_candidate_region	candidate_region	13	10	10	candidate_region_with_context	17812500	23999999	sv_attention	0.972	0.985	mixed_HP	0.2649	0.3	32.0	16.0	2.5459	1.9681	C2			chromosome_arm	0	26260000	402	402	8	13	11	6281957	2.069418813277455e-06	4.513935545881641	109704.0	201288.0	410206.0	False	0.6923076923076923	0.5	0	1	0	0	2	5	4	0	1	0	0	0	13	0					5	1	0.0	1	6	0	1	sample_residual	coords	0	1			4.006057262420654	0.9821204658985311	Seismic_Amplification	0.5361770990381973	0.14496171474456787	-2.1742541790008545	0.10208641441961115	0.14496171474456787	0.5361770990381973	-2.863177537918091	0.054004137165177504	-1.4879562854766846	0.1842286759552091	SNU902:C2	1	max	SNU902	logo	35	235	98	0.7900000214576721	min_delta	0.30000001192092896	0.20000000298023224	type_confidence	0.9800000190734863	0.10000000149011612	0.30000001192092896	0.6399999856948853	0.8399999886751175	0.20999999344348907	0.4099999964237213	0.23000000417232513	0.4300000071525574	0.11999999731779099	0.3200000002980232	Seismic_Amplification	objectness_type_threshold	False	Seismic_Amplification	0.5361770990381973	0.35194842308298824	Seismic_Amplification	Seismic_Amplification	Seismic_Amplification:canonical	Seismic_Amplification:canonical	True	False	False	False	False	False	background	False	1
SNU902:chr21:41590199-46709983:3	SNU902:chr21:41590199-46709983:3	SNU902	chr21	q	41590199	46709983	candidate_region_label	chromothripsis	region	candidate_region	7	6	6	candidate_region_with_context	41769576	44424664	sv_attention	0.9006	0.5186	HP1	0.4393	0.2524	30.0	6.0	1.9911	2.0537	C3	chromothripsis	chromothripsis:noncanonicalB	chromosome_arm	12910000	46700001	402	402	8	7	5	5119785	1.3672449136047705e-06	4.040846441793943	92992.5	179379.0	1422781.0	False	0.7142857142857143	0.5	0	0	2	0	3	2	0	0	0	0	0	0	6	0					0	2	0.0	0	4	0	0	sample_residual	coords	1	0	chromothripsis:noncanonicalB	chromothripsis	0.08935044705867767	0.5223227625879922	chromothripsis	0.3961133628727966	-0.421686053276062	-2.9228947162628174	0.051033330574920065	-1.7758456468582153	0.14481687093973816	-0.421686053276062	0.3961133628727966	-3.469799757003784	0.030183842603281837	SNU902:C3	1	max	SNU902	logo	35	235	98	0.7900000214576721	min_delta	0.30000001192092896	0.20000000298023224	type_confidence	0.9800000190734863	0.10000000149011612	0.30000001192092896	0.6399999856948853	0.8399999886751175	0.20999999344348907	0.4099999964237213	0.23000000417232513	0.4300000071525574	0.11999999731779099	0.3200000002980232	none	none_objectness	False	chromothripsis	0.3961133628727966	0.2512964919330584		none		none	False	False	False	False	False	False	wrong	False	0
SUIT:chr3:55637719-60664161:1	SUIT:chr3:55637719-60664161:1	SUIT	chr3	p	55637719	60664161	candidate_region_label	chromothripsis	region	candidate_region	9	12	12	candidate_region_with_context	60174420	60664161	sv_attention	0.8693	0.0974	HP2	-0.2793	0.0391	11.0	150.0	3.8599	0.2274	C1	chromothripsis	chromothripsis:noncanonical	chromosome_arm	0	90951000	402	402	8	9	4	5026443	1.79053059986953e-06	4.087246786644154	52309.0	89909.0	116125.0	False	0.4444444444444444	0.25	0	1	2	2	2	1	1	0	0	0	0	0	10	0					6	1	0.0	0	2	1	0	sample_residual	coords	1	0	chromothripsis:noncanonical	chromothripsis	3.081486940383911	0.956122607300591	chromothripsis	0.1911221820955136	-1.442734956741333	-2.6011762619018555	0.06906275648358487	-1.4501080513000488	0.1899849373723303	-1.442734956741333	0.1911221820955136	-2.776911973953247	0.058584635853747596	SUIT:C1	1	max	SUIT	logo	36	234	97	0.7900000214576721	min_delta	0.30000001192092896	0.20000000298023224	type_confidence	0.9800000190734863	0.10000000149011612	0.30000001192092896	0.6399999856948853	0.8399999886751175	0.20999999344348907	0.4099999964237213	0.23000000417232513	0.4300000071525574	0.11999999731779099	0.3200000002980232	none	none_type_threshold	False	chromothripsis	0.1911221820955136	0.0011372447231833005		none		none	False	False	False	False	False	False	wrong	False	0
SUIT:chr6:156864594-162608624:2		SUIT	chr6	q	156864594	162608624	candidate_region_empty		empty_candidate_region	candidate_region	4	4	4	candidate_region_with_context	162200156	162608624	sv_attention	0.7576	0.0711	HP2	-0.3894	0.1858	4.0	31.0	1.8147	0.8252	C2			chromosome_arm	60589000	170800001	402	402	8	4	4	5744031	6.963750717919176e-07	2.63993073853536	322784.75	378176.5	1491399.5	False	0.5	0.3333333333333333	1	1	1	1	0	0	0	0	0	0	0	0	5	0					4	0	0.0	1	0	0	1	sample_residual	coords	0	1			-1.7974330186843872	0.1421638292143304	chromothripsis	0.32443771477936334	-0.733451783657074	-3.163386106491089	0.04056705644625026	-2.4610726833343506	0.07863258666081786	-0.733451783657074	0.32443771477936334	-4.299262046813965	0.01339666799887587	SUIT:C2	1	max	SUIT	logo	36	234	97	0.7900000214576721	min_delta	0.30000001192092896	0.20000000298023224	type_confidence	0.9800000190734863	0.10000000149011612	0.30000001192092896	0.6399999856948853	0.8399999886751175	0.20999999344348907	0.4099999964237213	0.23000000417232513	0.4300000071525574	0.11999999731779099	0.3200000002980232	none	none_objectness	False	chromothripsis	0.32443771477936334	0.2458051281185455		none		none	False	False	False	False	False	False	background	True	0
SUIT:chr8:32759576-34984208:3	SUIT:chr8:32759576-34984208:3	SUIT	chr8	p	32759576	34984208	candidate_region_label	Seismic_Amplification;BFB	region	candidate_region	5	9	9	candidate_region_with_context	32760769	34221042	sv_attention	0.9473	0.6564	mixed_HP	0.1168	0.8512	60.0	41.0	4.5537	4.7951	C3	Seismic_Amplification;BFB	Seismic_Amplification:canonical;BFB:noncanonicalB	chromosome_arm	0	45644000	402	402	8	5	4	2224633	2.24756173265433e-06	9.348827874080804	200069.0	372837.0	606784.0	False	0.4	0.25	0	0	0	0	0	0	1	1	1	2	0	0	6	1	1.0	2.0	2.0	2.0	0	0	2.0	0	4	0	0	sample_residual	coords	1	0	Seismic_Amplification:canonical;BFB:noncanonicalB	Seismic_Amplification;BFB	5.360684394836426	0.9953242751730372	Seismic_Amplification	0.7115121625496912	0.9027395844459534	-4.335507869720459	0.012925953490412544	0.9027395844459534	0.7115121625496912	-4.432249069213867	0.011748065520012483	-1.5972282886505127	0.16836935632881198	SUIT:C3	1	max	SUIT	logo	36	234	97	0.7900000214576721	min_delta	0.30000001192092896	0.20000000298023224	type_confidence	0.9800000190734863	0.10000000149011612	0.30000001192092896	0.6399999856948853	0.8399999886751175	0.20999999344348907	0.4099999964237213	0.23000000417232513	0.4300000071525574	0.11999999731779099	0.3200000002980232	Seismic_Amplification	objectness_type_threshold	False	Seismic_Amplification	0.7115121625496912	0.5431428062208792	Seismic_Amplification	Seismic_Amplification	Seismic_Amplification:canonical	Seismic_Amplification:canonical	True	False	True	False	False	True	partial_class	True	1
SUIT:chr12:55349815-58993974:4	SUIT:chr12:55349815-58993974:4	SUIT	chr12	q	55349815	58993974	candidate_region_label	BFB	region	candidate_region	4	8	8	candidate_region_with_context	56212645	58993974	sv_attention	0.9502	0.7632	mixed_HP	0.2808	0.4764	56.0	25.0	4.0	3.4291	C4	BFB	BFB:noncanonicalB	chromosome_arm	35807000	133265306	402	402	8	4	3	3644160	1.0976466455918511e-06	7.42913977432385	797207.0	1164993.5	1278826.5	False	0.75	0.3333333333333333	0	0	0	0	0	0	2	1	1	0	0	0	5	1	4.0	4.0	4.0	4.0	0	0	1.0	3	1	0	3	sample_residual	coords	1	0	BFB:noncanonicalB	BFB	6.175375461578369	0.9979242927211963	Seismic_Amplification	0.39599651120425056	-0.4221745729446411	-2.696394205093384	0.06318646135261384	-0.4221745729446411	0.39599651120425056	-3.4893460273742676	0.029616893397241675	-1.4932003021240234	0.1834418654024618	SUIT:C4	1	max	SUIT	logo	36	234	97	0.7900000214576721	min_delta	0.30000001192092896	0.20000000298023224	type_confidence	0.9800000190734863	0.10000000149011612	0.30000001192092896	0.6399999856948853	0.8399999886751175	0.20999999344348907	0.4099999964237213	0.23000000417232513	0.4300000071525574	0.11999999731779099	0.3200000002980232	Seismic_Amplification	objectness_type_threshold	False	Seismic_Amplification	0.39599651120425056	0.21255464580178876	Seismic_Amplification	Seismic_Amplification	Seismic_Amplification:noncanonical	Seismic_Amplification:noncanonical	True	False	False	False	False	False	wrong	True	1
SUIT:chr17:52259302-64570686:5		SUIT	chr17	q	52259302	64570686	candidate_region_empty		empty_candidate_region	candidate_region	9	15	15	candidate_region_with_context	58549031	64570686	sv_attention	0.9889	0.4891	HP2	-0.3522	0.1362	22.0	68.0	1.4109	1.5111	C5			chromosome_arm	25150000	83250001	402	402	8	9	8	12311385	7.310306679549052e-07	2.921990661489345	300630.0	866941.0	1654271.0	False	0.5555555555555556	0.25	1	1	0	1	1	2	3	0	0	0	0	0	11	0					0	0	0.0	1	9	1	1	sample_residual	coords	0	1			0.5488264560699463	0.6338632770145838	chromothripsis	0.6394682338626506	0.5730568766593933	-3.301114797592163	0.035532964954850046	-3.158487558364868	0.04075814432373535	0.5730568766593933	0.6394682338626506	-3.596614122390747	0.026684793220663732	SUIT:C5	1	max	SUIT	logo	36	234	97	0.7900000214576721	min_delta	0.30000001192092896	0.20000000298023224	type_confidence	0.9800000190734863	0.10000000149011612	0.30000001192092896	0.6399999856948853	0.8399999886751175	0.20999999344348907	0.4099999964237213	0.23000000417232513	0.4300000071525574	0.11999999731779099	0.3200000002980232	none	none_objectness	False	chromothripsis	0.6394682338626506	0.5987100895389152		none		none	False	False	False	False	False	False	background	True	0
SW756:chr2:46517143-51066702:1		SW756	chr2	p	46517143	51066702	candidate_region_empty		empty_candidate_region	candidate_region	4	4	4	candidate_region_with_context	50560317	51066702	sv_attention	0.3	0.1113	HP1	0.7717	0.6956	82.0	0.0	2.0789	1.083	C1			chromosome_arm	0	93989000	402	402	8	4	4	4549560	8.79205901230009e-07	3.161850596541204	177464.75	270514.5	1230439.75	False	0.5	0.3333333333333333	0	0	1	1	1	1	0	0	0	0	0	0	5	0					0	2	0.0	0	3	0	0	sample_residual	coords	0	1			2.7118711471557617	0.9377235096528779	chromothripsis	0.30135323527357605	-0.8408621549606323	-4.223679542541504	0.014433288993741123	-1.8157933950424194	0.13993939820453727	-0.8408621549606323	0.30135323527357605	-3.009681463241577	0.04699040843188994	SW756:C1	1	max	SW756	logo	37	230	96	0.7900000214576721	min_delta	0.30000001192092896	0.20000000298023224	type_confidence	0.9800000190734863	0.10000000149011612	0.30000001192092896	0.6399999856948853	0.8399999886751175	0.20999999344348907	0.4099999964237213	0.23000000417232513	0.4300000071525574	0.11999999731779099	0.3200000002980232	chromothripsis	objectness_type_threshold	False	chromothripsis	0.30135323527357605	0.16141383706903878	chromothripsis	chromothripsis	chromothripsis:noncanonical	chromothripsis:noncanonical	True	False	False	False	False	False	background	False	1
SW756:chr7:69863045-74914782:2	SW756:chr7:69863045-74914782:2	SW756	chr7	q	69863045	74914782	candidate_region_label	chromothripsis	region	candidate_region	4	5	5	candidate_region_with_context	70069486	74914782	sv_attention	0.8466	0.9591	HP2	-0.3767	0.1689	4.0	29.0	2.2526	1.0	C2	chromothripsis	chromothripsis:noncanonicalB	chromosome_arm	59904000	159300001	402	402	8	4	4	5051738	7.918067009809297e-07	3.252616426267554	189970.0	638076.0	1711040.5	True	1.0	1.0	0	0	0	2	2	0	0	0	0	0	0	0	5	0					4	0	0.0	1	0	0	1	sample_residual	coords	1	0	chromothripsis:noncanonicalB	chromothripsis	3.5992050170898438	0.9733824168910127	chromothripsis	0.45563261639619695	-0.17793753743171692	-4.60180139541626	0.009934068802908714	-3.7488768100738525	0.023002598376046863	-0.17793753743171692	0.45563261639619695	-2.915445327758789	0.05139530544828475	SW756:C2	1	max	SW756	logo	37	230	96	0.7900000214576721	min_delta	0.30000001192092896	0.20000000298023224	type_confidence	0.9800000190734863	0.10000000149011612	0.30000001192092896	0.6399999856948853	0.8399999886751175	0.20999999344348907	0.4099999964237213	0.23000000417232513	0.4300000071525574	0.11999999731779099	0.3200000002980232	chromothripsis	objectness_type_threshold	False	chromothripsis	0.45563261639619695	0.4042373109479122	chromothripsis	chromothripsis	chromothripsis:noncanonical	chromothripsis:noncanonical	True	False	True	True	True	False	wrong_level	True	1
SW756:chr11:55000001-62681904:3	SW756:chr11:55000001-62681904:3	SW756	chr11	q	55000001	62681904	candidate_region_label	chromothripsis	region	candidate_region	4	3	3	candidate_region_with_context	56375614	62681904	sv_attention	0.4117	0.8209	HP2	-0.3333	0.1111	0.0	30.0	3.2073	0.0	C3	chromothripsis	chromothripsis:noncanonicalB	chromosome_arm	53714000	135076382	402	402	8	4	4	7681904	5.207042420733194e-07	3.2073042047908955	963765.75	1294172.0	2250882.25	True	1.0	1.0	0	0	0	2	2	0	0	0	0	0	0	0	4	0					0	3	0.0	1	0	0	1	sample_residual	coords	1	0	chromothripsis:noncanonicalB	chromothripsis	3.1783342361450195	0.9600107661938416	chromothripsis	0.5102607337979869	0.041048698127269745	-4.623660087585449	0.00972136716341762	-3.808748722076416	0.021694807730297434	0.041048698127269745	0.5102607337979869	-3.066126823425293	0.044526316557603	SW756:C3	1	max	SW756	logo	37	230	96	0.7900000214576721	min_delta	0.30000001192092896	0.20000000298023224	type_confidence	0.9800000190734863	0.10000000149011612	0.30000001192092896	0.6399999856948853	0.8399999886751175	0.20999999344348907	0.4099999964237213	0.23000000417232513	0.4300000071525574	0.11999999731779099	0.3200000002980232	chromothripsis	objectness_type_threshold	False	chromothripsis	0.5102607337979869	0.4657344172403839	chromothripsis	chromothripsis	chromothripsis:canonical	chromothripsis:canonical	True	False	True	True	True	False	wrong_level	True	1
SW756:chr12:110841681-121836136:4	SW756:chr12:110841681-121836136:4	SW756	chr12	q	110841681	121836136	candidate_region_label	chromothripsis	region	candidate_region	11	18	18	candidate_region_with_context	110858650	121836136	sv_attention	0.9177	0.9985	mixed_HP	0.0648	0.7807	31.0	26.0	1.4304	1.3771	C4	chromothripsis	chromothripsis:noncanonical	chromosome_arm	35807000	133265307	402	402	8	11	8	10994456	1.0005042541440883e-06	2.8074811523189505	98615.5	299550.0	1468737.0	True	0.8181818181818182	0.6	0	0	5	4	2	0	0	0	0	0	0	0	12	0					4	2	0.0	0	6	0	0	sample_residual	coords	1	0	chromothripsis:noncanonical	chromothripsis	4.208458423614502	0.985348583115664	chromothripsis	0.6080688978461886	0.43920212984085083	-3.7873332500457764	0.022154018983098406	-2.683398962020874	0.06396008145920315	0.43920212984085083	0.6080688978461886	-2.8030200004577637	0.05716119877249074	SW756:C4	1	max	SW756	logo	37	230	96	0.7900000214576721	min_delta	0.30000001192092896	0.20000000298023224	type_confidence	0.9800000190734863	0.10000000149011612	0.30000001192092896	0.6399999856948853	0.8399999886751175	0.20999999344348907	0.4099999964237213	0.23000000417232513	0.4300000071525574	0.11999999731779099	0.3200000002980232	chromothripsis	objectness_type_threshold	False	chromothripsis	0.6080688978461886	0.5441088163869854	chromothripsis	chromothripsis	chromothripsis:canonical	chromothripsis:canonical	True	False	True	True	True	False	wrong_level	True	1
SW756:chr13:63017873-70247578:5	SW756:chr13:63017873-70247578:5	SW756	chr13	q	63017873	70247578	candidate_region_label	chromothripsis	region	candidate_region	8	7	7	candidate_region_with_context	66384650	70247578	sv_attention	0.98	0.5343	mixed_HP	-0.3157	0.2026	15.0	44.0	2.8026	2.6079	C5	chromothripsis	chromothripsis:noncanonical	chromosome_arm	17900000	114350001	402	402	8	8	6	7229706	1.1065456880265948e-06	5.410554454081535	263901.75	501347.5	1137148.25	False	0.5	0.1428571428571428	0	0	0	2	2	2	2	0	0	0	0	0	9	0					4	2	0.0	0	3	0	0	sample_residual	coords	1	0	chromothripsis:noncanonical	chromothripsis	0.0624636746942997	0.5156108432541561	chromothripsis	0.4870469985627345	-0.05182360112667084	-4.307528018951416	0.01328785331377609	-2.0245213508605957	0.11665228228610293	-0.05182360112667084	0.4870469985627345	-3.5442910194396973	0.028077950424000995	SW756:C5	1	max	SW756	logo	37	230	96	0.7900000214576721	min_delta	0.30000001192092896	0.20000000298023224	type_confidence	0.9800000190734863	0.10000000149011612	0.30000001192092896	0.6399999856948853	0.8399999886751175	0.20999999344348907	0.4099999964237213	0.23000000417232513	0.4300000071525574	0.11999999731779099	0.3200000002980232	none	none_objectness	False	chromothripsis	0.4870469985627345	0.37039471627663156		none		none	False	False	False	False	False	False	wrong	False	0
SW756:chr13:81829801-88210313:6	SW756:chr13:81829801-88210313:6	SW756	chr13	q	81829801	88210313	candidate_region_label	chromothripsis	region	candidate_region	4	7	7	candidate_region_with_context	85759860	87946239	sv_attention	0.918	0.3427	HP1	0.3068	0.0758	53.0	20.0	2.041	1.9751	C6	chromothripsis	chromothripsis:canonical	chromosome_arm	17900000	114350001	402	402	8	4	4	6380513	6.269088394616545e-07	4.016119393534658	860496.75	1225226.0	1959857.5	True	0.75	0.6666666666666666	0	0	0	2	1	1	0	0	0	0	0	0	5	0					2	1	0.0	0	2	0	0	sample_residual	coords	1	0	chromothripsis:canonical	chromothripsis	3.2116098403930664	0.9612688461172856	chromothripsis	0.5201730052589647	0.08073584735393524	-4.735319137573242	0.008703235141860065	-3.3385987281799316	0.03427050398195023	0.08073584735393524	0.5201730052589647	-2.629288673400879	0.06727707321277396	SW756:C6	1	max	SW756	logo	37	230	96	0.7900000214576721	min_delta	0.30000001192092896	0.20000000298023224	type_confidence	0.9800000190734863	0.10000000149011612	0.30000001192092896	0.6399999856948853	0.8399999886751175	0.20999999344348907	0.4099999964237213	0.23000000417232513	0.4300000071525574	0.11999999731779099	0.3200000002980232	chromothripsis	objectness_type_threshold	False	chromothripsis	0.5201730052589647	0.4528959320461907	chromothripsis	chromothripsis	chromothripsis:canonical	chromothripsis:canonical	True	True	True	True	False	False	exact	True	1
SW756:chr14:66576116-69905275:7		SW756	chr14	q	66576116	69905275	candidate_region_empty		empty_candidate_region	candidate_region	4	3	3	candidate_region_with_context	69758138	69905275	sv_attention	0.6446	0.0442	HP1	0.6667	0.5556	3.0	1.0	2.6779	0.0	C7			chromosome_arm	17600000	107000001	402	402	8	4	4	3329160	1.2015042833627705e-06	2.677863785459395	185103.25	807548.5	1454735.25	False	0.75	0.3333333333333333	0	0	1	1	2	0	0	0	0	0	0	0	5	0					1	4	0.0	0	0	0	0	sample_residual	coords	0	1			-1.436900019645691	0.19202585735535865	chromothripsis	0.45205438179295765	-0.19237355887889862	-5.205450534820557	0.005456639710245145	-2.5369224548339844	0.07330997401368303	-0.19237355887889862	0.45205438179295765	-3.523913860321045	0.02863941437137273	SW756:C7	1	max	SW756	logo	37	230	96	0.7900000214576721	min_delta	0.30000001192092896	0.20000000298023224	type_confidence	0.9800000190734863	0.10000000149011612	0.30000001192092896	0.6399999856948853	0.8399999886751175	0.20999999344348907	0.4099999964237213	0.23000000417232513	0.4300000071525574	0.11999999731779099	0.3200000002980232	none	none_objectness	False	chromothripsis	0.45205438179295765	0.37874440777927465		none		none	False	False	False	False	False	False	background	True	0
SW756:chr15:40377914-46639828:8		SW756	chr15	q	40377914	46639828	candidate_region_empty		empty_candidate_region	candidate_region	8	14	14	candidate_region_with_context	42827438	44060125	sv_attention	0.9975	0.1969	HP1	0.4155	0.2207	38.0	10.0	1.2714	1.0831	C8			chromosome_arm	19050000	101950001	402	402	8	8	6	6261915	1.2775644511303651e-06	2.354535952659849	127162.0	229358.0	971213.25	False	0.75	0.4285714285714285	0	0	3	1	3	1	0	0	0	0	0	0	10	0					0	7	0.0	1	2	0	1	sample_residual	coords	0	1			4.156675338745117	0.9845819060513744	chromothripsis	0.4554659558460721	-0.17860949039459229	-2.824535608291626	0.05601262881067805	-1.889220118522644	0.13133341659983333	-0.17860949039459229	0.4554659558460721	-2.889747142791748	0.05266273189495298	SW756:C8	1	max	SW756	logo	37	230	96	0.7900000214576721	min_delta	0.30000001192092896	0.20000000298023224	type_confidence	0.9800000190734863	0.10000000149011612	0.30000001192092896	0.6399999856948853	0.8399999886751175	0.20999999344348907	0.4099999964237213	0.23000000417232513	0.4300000071525574	0.11999999731779099	0.3200000002980232	chromothripsis	objectness_type_threshold	False	chromothripsis	0.4554659558460721	0.32413253924623875	chromothripsis	chromothripsis	chromothripsis:noncanonical	chromothripsis:noncanonical	True	False	False	False	False	False	background	False	1
SW756:chr16:7234484-9323266:9	SW756:chr16:7234484-9323266:9	SW756	chr16	p	7234484	9323266	candidate_region_label	BFB	region	candidate_region	2	4	4	candidate_region_with_context	7235929	8046896	sv_attention	0.6138	0.3882	HP1	0.4238	0.2317	41.0	2.0	1.0	3.3721	C9	BFB	BFB:noncanonicalB	chromosome_arm	0	36800000	402	402	8	2	2	2088783	9.574953453757524e-07	4.372103756110616	910817.75	1044391.5	1177965.25	False	0.0	0.0	0	0	0	0	1	1	0	0	0	0	0	0	3	0	1.0	1.0			1	0	1.0	1	0	0	1	sample_residual	coords	1	0	BFB:noncanonicalB	BFB	4.442020893096924	0.9883648462159653	BFB	0.16907484292475192	-1.5921982526779175	-2.6517062187194824	0.0658839254636741	-3.1949925422668457	0.039354597743934475	-2.551445484161377	0.07232943644773437	-1.5921982526779175	0.16907484292475192	SW756:C9	1	max	SW756	logo	37	230	96	0.7900000214576721	min_delta	0.30000001192092896	0.20000000298023224	type_confidence	0.9800000190734863	0.10000000149011612	0.30000001192092896	0.6399999856948853	0.8399999886751175	0.20999999344348907	0.4099999964237213	0.23000000417232513	0.4300000071525574	0.11999999731779099	0.3200000002980232	BFB	objectness_type_threshold	False	BFB	0.16907484292475192	0.09674540647701754	BFB	BFB	BFB:noncanonicalB	BFB:noncanonicalB	True	True	True	True	False	False	exact	True	1
SW756:chr21:13000001-24610447:10	SW756:chr21:13000001-24610447:10	SW756	chr21	q	13000001	24610447	candidate_region_label	chromothripsis	region	candidate_region	7	12	12	candidate_region_with_context	15500970	24610447	sv_attention	0.8527	0.7846	HP1	0.371	0.1613	34.0	9.0	2.0011	2.2111	C10	chromothripsis	chromothripsis:noncanonicalB	chromosome_arm	12910000	46700001	402	402	8	7	6	11610447	6.029052972723617e-07	4.212191313564413	225470.5	2000328.0	2474003.5	True	1.0	1.0	0	0	0	0	3	4	0	0	0	0	0	0	8	0					0	0	0.0	2	6	0	2	sample_residual	coords	1	0	chromothripsis:noncanonicalB	chromothripsis	3.21040678024292	0.9612240300581986	chromothripsis	0.6469280230305225	0.6055631041526794	-4.6646223068237305	0.009334846033506596	-3.997446298599243	0.018031370804499083	0.6055631041526794	0.6469280230305225	-2.796462297439575	0.05751564632941085	SW756:C10	1	max	SW756	logo	37	230	96	0.7900000214576721	min_delta	0.30000001192092896	0.20000000298023224	type_confidence	0.9800000190734863	0.10000000149011612	0.30000001192092896	0.6399999856948853	0.8399999886751175	0.20999999344348907	0.4099999964237213	0.23000000417232513	0.4300000071525574	0.11999999731779099	0.3200000002980232	chromothripsis	objectness_type_threshold	False	chromothripsis	0.6469280230305225	0.5894123767011117	chromothripsis	chromothripsis	chromothripsis:canonical	chromothripsis:canonical	True	False	True	True	True	False	wrong_level	True	1
ScaBER:chr1:91117935-109646786:1	ScaBER:chr1:91117935-109646786:1	ScaBER	chr1	p	91117935	109646786	candidate_region_label	BFB	region	candidate_region	10	14	14	candidate_region_with_context	92472549	105505789	sv_attention	0.9969	0.7034	HP2	-0.7509	0.6678	11.0	127.0	1.6453	6.032	C1	BFB	BFB:noncanonical	chromosome_arm	0	123459000	402	402	8	10	9	18528852	5.396988437276093e-07	7.677325772800171	317867.0	1607880.5	2866960.75	False	0.4	0.0	0	1	0	0	1	2	1	2	2	1	0	0	11	2	2.0	11.0	4.0	11.0	2	0	6.0	3	0	0	3	sample_residual	coords	1	0	BFB:noncanonical	BFB	5.105863094329834	0.993975410321443	Seismic_Amplification	0.35580101440981826	-0.5936360359191895	-1.4194101095199585	0.1947540764654533	-0.5936360359191895	0.35580101440981826	-3.455068349838257	0.03061806927160929	-0.7125871777534485	0.32902742071621627	ScaBER:C1	1	max	ScaBER	logo	38	233	99	0.7900000214576721	min_delta	0.30000001192092896	0.20000000298023224	type_confidence	0.9800000190734863	0.10000000149011612	0.30000001192092896	0.6399999856948853	0.8399999886751175	0.20999999344348907	0.4099999964237213	0.23000000417232513	0.4300000071525574	0.11999999731779099	0.3200000002980232	Seismic_Amplification	objectness_type_threshold	False	Seismic_Amplification	0.35580101440981826	0.026773593693601994	Seismic_Amplification;BFB	Seismic_Amplification;BFB	Seismic_Amplification:noncanonical;BFB:canonical	Seismic_Amplification:noncanonical;BFB:canonical	True	False	True	False	False	True	partial_class	True	2
ScaBER:chr3:10270628-18985001:2	ScaBER:chr3:10270628-18985001:2	ScaBER	chr3	p	10270628	18985001	candidate_region_label	chromothripsis	region	candidate_region	6	15	15	candidate_region_with_context	10272761	18985001	sv_attention	0.9683	0.9998	HP1	0.9467	0.9289	72.0	3.0	3.4973	0.0	C2	chromothripsis	chromothripsis:noncanonical	chromosome_arm	0	90951000	402	402	8	6	5	8714374	6.885176146903954e-07	3.4973379613957354	534961.75	1081528.0	2564011.0	False	0.6666666666666666	0.4	0	0	0	2	2	2	0	0	0	0	0	0	7	0					1	1	0.0	3	2	0	3	sample_residual	coords	1	0	chromothripsis:noncanonical	chromothripsis	-1.5349839925765991	0.17726563812935048	chromothripsis	0.23472645597198302	-1.1818125247955322	-4.084819316864014	0.01654774394242823	-3.4250481128692627	0.03152175392482479	-1.1818125247955322	0.23472645597198302	-3.9498064517974854	0.01889454951157589	ScaBER:C2	1	max	ScaBER	logo	38	233	99	0.7900000214576721	min_delta	0.30000001192092896	0.20000000298023224	type_confidence	0.9800000190734863	0.10000000149011612	0.30000001192092896	0.6399999856948853	0.8399999886751175	0.20999999344348907	0.4099999964237213	0.23000000417232513	0.4300000071525574	0.11999999731779099	0.3200000002980232	none	none_objectness	False	chromothripsis	0.23472645597198302	0.20320470204715824		none		none	False	False	False	False	False	False	wrong	False	0
ScaBER:chr9:9094848-15433422:3	ScaBER:chr9:9094848-15433422:3	ScaBER	chr9	p	9094848	15433422	candidate_region_label	chromothripsis	region	candidate_region	6	12	12	candidate_region_with_context	13656597	15433422	sv_attention	0.9861	0.2803	mixed_HP	0.087	0.454	53.0	34.0	0.7892	1.1257	C3	chromothripsis	chromothripsis:noncanonicalB	chromosome_arm	0	49224000	402	402	8	6	6	6338575	9.465849974166116e-07	1.9149285131121745	385353.5	617319.0	788321.5	True	0.8333333333333334	0.6	0	3	2	1	0	0	0	0	0	0	0	0	7	0					5	0	0.0	0	2	0	0	sample_residual	coords	1	0	chromothripsis:noncanonicalB	chromothripsis	3.957153558731079	0.9812411674837075	chromothripsis	0.41026340963580865	-0.3628765642642975	-4.483718395233154	0.011165278242056358	-2.61338210105896	0.06828212113703314	-0.3628765642642975	0.41026340963580865	-2.8780863285064697	0.05324752640359711	ScaBER:C3	1	max	ScaBER	logo	38	233	99	0.7900000214576721	min_delta	0.30000001192092896	0.20000000298023224	type_confidence	0.9800000190734863	0.10000000149011612	0.30000001192092896	0.6399999856948853	0.8399999886751175	0.20999999344348907	0.4099999964237213	0.23000000417232513	0.4300000071525574	0.11999999731779099	0.3200000002980232	chromothripsis	objectness_type_threshold	False	chromothripsis	0.41026340963580865	0.3419812884987755	chromothripsis	chromothripsis	chromothripsis:noncanonical	chromothripsis:noncanonical	True	False	True	True	True	False	wrong_level	True	1
ScaBER:chr11:100583104-104021457:4	ScaBER:chr11:100583104-104021457:4	ScaBER	chr11	q	100583104	104021457	candidate_region_label	BFB	region	candidate_region	1	3	3	candidate_region_with_context	104005208	104021457	sv_attention	0.8135	0.0047	HP1	0.8667	0.8222	84.0	0.0	8.0	2.0	C4	BFB	BFB:noncanonicalB	chromosome_arm	53714000	135050001	402	402	8	1	1	3438354	2.9083683646302854e-07	10.0	3438354.0	3438354.0	3438354.0	False	0.0	0.0	0	0	0	0	0	0	0	0	1	0	0	0	2	0	1.0	1.0			0	0	1.0	1	0	0	1	sample_residual	coords	1	0	BFB:noncanonicalB	BFB	4.53875732421875	0.9894263191446816	BFB	0.2992177251991825	-0.8510257601737976	-3.5229105949401855	0.028667337612518076	-2.481147289276123	0.07719043868780975	-3.5329678058624268	0.028388612916693676	-0.8510257601737976	0.2992177251991825	ScaBER:C4	1	max	ScaBER	logo	38	233	99	0.7900000214576721	min_delta	0.30000001192092896	0.20000000298023224	type_confidence	0.9800000190734863	0.10000000149011612	0.30000001192092896	0.6399999856948853	0.8399999886751175	0.20999999344348907	0.4099999964237213	0.23000000417232513	0.4300000071525574	0.11999999731779099	0.3200000002980232	BFB	objectness_type_threshold	False	BFB	0.2992177251991825	0.22202728651137274	BFB	BFB	BFB:canonical	BFB:canonical	True	False	True	True	True	False	wrong_level	True	1
