split	n_candidates	n_labeled	n_empty	tp	fp	fn	tn	objectness_precision	objectness_recall	objectness_f1	class_exact_match_labeled	class_any_match_labeled	rescue_type_tau	rescue_objectness_floor	rescue_margin	mean_predicted_labels_labeled	multicall_rate_labeled	empty_false_positive_rate	n_rescued	n_rescued_labeled	n_rescued_empty	rescued_precision	meets_constraints	rescue_objective
rescue_sweep	336	237	99	222	52	15	47	0.8102189781021898	0.9367088607594937	0.8688845401174168	0.22784810126582278	0.9282700421940928	0.6000000238418579	0.0	0.0	1.4683544303797469	0.4092827004219409	0.5252525252525253	4	1	3	0.25	True	1.0356795806162893
rescue_sweep	336	237	99	222	52	15	47	0.8102189781021898	0.9367088607594937	0.8688845401174168	0.22784810126582278	0.9282700421940928	0.6000000238418579	0.0	0.05000000074505806	1.4683544303797469	0.4092827004219409	0.5252525252525253	4	1	3	0.25	True	1.0356795806162893
rescue_sweep	336	237	99	222	52	15	47	0.8102189781021898	0.9367088607594937	0.8688845401174168	0.22784810126582278	0.9282700421940928	0.6000000238418579	0.0	0.10000000149011612	1.4683544303797469	0.4092827004219409	0.5252525252525253	4	1	3	0.25	True	1.0356795806162893
rescue_sweep	336	237	99	222	52	15	47	0.8102189781021898	0.9367088607594937	0.8688845401174168	0.22784810126582278	0.9282700421940928	0.6000000238418579	0.0	0.15000000596046448	1.4683544303797469	0.4092827004219409	0.5252525252525253	4	1	3	0.25	True	1.0356795806162893
rescue_sweep	336	237	99	222	52	15	47	0.8102189781021898	0.9367088607594937	0.8688845401174168	0.22784810126582278	0.9282700421940928	0.6000000238418579	0.0	0.20000000298023224	1.4683544303797469	0.4092827004219409	0.5252525252525253	4	1	3	0.25	True	1.0356795806162893
rescue_sweep	336	237	99	222	52	15	47	0.8102189781021898	0.9367088607594937	0.8688845401174168	0.22784810126582278	0.9282700421940928	0.6000000238418579	0.0	0.25	1.4683544303797469	0.4092827004219409	0.5252525252525253	4	1	3	0.25	True	1.0356795806162893
rescue_sweep	336	237	99	222	51	15	48	0.8131868131868132	0.9367088607594937	0.8705882352941177	0.22784810126582278	0.9282700421940928	0.6000000238418579	0.0	0.30000001192092896	1.4683544303797469	0.4092827004219409	0.5151515151515151	3	1	2	0.3333333333333333	True	1.0397199846566934
rescue_sweep	336	237	99	222	52	15	47	0.8102189781021898	0.9367088607594937	0.8688845401174168	0.22784810126582278	0.9282700421940928	0.6000000238418579	0.0010000000474974513	0.0	1.4683544303797469	0.4092827004219409	0.5252525252525253	4	1	3	0.25	True	1.0356795806162893
rescue_sweep	336	237	99	222	52	15	47	0.8102189781021898	0.9367088607594937	0.8688845401174168	0.22784810126582278	0.9282700421940928	0.6000000238418579	0.0010000000474974513	0.05000000074505806	1.4683544303797469	0.4092827004219409	0.5252525252525253	4	1	3	0.25	True	1.0356795806162893
rescue_sweep	336	237	99	222	52	15	47	0.8102189781021898	0.9367088607594937	0.8688845401174168	0.22784810126582278	0.9282700421940928	0.6000000238418579	0.0010000000474974513	0.10000000149011612	1.4683544303797469	0.4092827004219409	0.5252525252525253	4	1	3	0.25	True	1.0356795806162893
rescue_sweep	336	237	99	222	52	15	47	0.8102189781021898	0.9367088607594937	0.8688845401174168	0.22784810126582278	0.9282700421940928	0.6000000238418579	0.0010000000474974513	0.15000000596046448	1.4683544303797469	0.4092827004219409	0.5252525252525253	4	1	3	0.25	True	1.0356795806162893
rescue_sweep	336	237	99	222	52	15	47	0.8102189781021898	0.9367088607594937	0.8688845401174168	0.22784810126582278	0.9282700421940928	0.6000000238418579	0.0010000000474974513	0.20000000298023224	1.4683544303797469	0.4092827004219409	0.5252525252525253	4	1	3	0.25	True	1.0356795806162893
rescue_sweep	336	237	99	222	52	15	47	0.8102189781021898	0.9367088607594937	0.8688845401174168	0.22784810126582278	0.9282700421940928	0.6000000238418579	0.0010000000474974513	0.25	1.4683544303797469	0.4092827004219409	0.5252525252525253	4	1	3	0.25	True	1.0356795806162893
rescue_sweep	336	237	99	222	51	15	48	0.8131868131868132	0.9367088607594937	0.8705882352941177	0.22784810126582278	0.9282700421940928	0.6000000238418579	0.0010000000474974513	0.30000001192092896	1.4683544303797469	0.4092827004219409	0.5151515151515151	3	1	2	0.3333333333333333	True	1.0397199846566934
rescue_sweep	336	237	99	222	52	15	47	0.8102189781021898	0.9367088607594937	0.8688845401174168	0.22784810126582278	0.9282700421940928	0.6000000238418579	0.004999999888241291	0.0	1.4683544303797469	0.4092827004219409	0.5252525252525253	4	1	3	0.25	True	1.0356795806162893
rescue_sweep	336	237	99	222	52	15	47	0.8102189781021898	0.9367088607594937	0.8688845401174168	0.22784810126582278	0.9282700421940928	0.6000000238418579	0.004999999888241291	0.05000000074505806	1.4683544303797469	0.4092827004219409	0.5252525252525253	4	1	3	0.25	True	1.0356795806162893
rescue_sweep	336	237	99	222	52	15	47	0.8102189781021898	0.9367088607594937	0.8688845401174168	0.22784810126582278	0.9282700421940928	0.6000000238418579	0.004999999888241291	0.10000000149011612	1.4683544303797469	0.4092827004219409	0.5252525252525253	4	1	3	0.25	True	1.0356795806162893
rescue_sweep	336	237	99	222	52	15	47	0.8102189781021898	0.9367088607594937	0.8688845401174168	0.22784810126582278	0.9282700421940928	0.6000000238418579	0.004999999888241291	0.15000000596046448	1.4683544303797469	0.4092827004219409	0.5252525252525253	4	1	3	0.25	True	1.0356795806162893
rescue_sweep	336	237	99	222	52	15	47	0.8102189781021898	0.9367088607594937	0.8688845401174168	0.22784810126582278	0.9282700421940928	0.6000000238418579	0.004999999888241291	0.20000000298023224	1.4683544303797469	0.4092827004219409	0.5252525252525253	4	1	3	0.25	True	1.0356795806162893
rescue_sweep	336	237	99	222	52	15	47	0.8102189781021898	0.9367088607594937	0.8688845401174168	0.22784810126582278	0.9282700421940928	0.6000000238418579	0.004999999888241291	0.25	1.4683544303797469	0.4092827004219409	0.5252525252525253	4	1	3	0.25	True	1.0356795806162893
rescue_sweep	336	237	99	222	51	15	48	0.8131868131868132	0.9367088607594937	0.8705882352941177	0.22784810126582278	0.9282700421940928	0.6000000238418579	0.004999999888241291	0.30000001192092896	1.4683544303797469	0.4092827004219409	0.5151515151515151	3	1	2	0.3333333333333333	True	1.0397199846566934
rescue_sweep	336	237	99	222	52	15	47	0.8102189781021898	0.9367088607594937	0.8688845401174168	0.22784810126582278	0.9282700421940928	0.6000000238418579	0.009999999776482582	0.0	1.4683544303797469	0.4092827004219409	0.5252525252525253	4	1	3	0.25	True	1.0356795806162893
rescue_sweep	336	237	99	222	52	15	47	0.8102189781021898	0.9367088607594937	0.8688845401174168	0.22784810126582278	0.9282700421940928	0.6000000238418579	0.009999999776482582	0.05000000074505806	1.4683544303797469	0.4092827004219409	0.5252525252525253	4	1	3	0.25	True	1.0356795806162893
rescue_sweep	336	237	99	222	52	15	47	0.8102189781021898	0.9367088607594937	0.8688845401174168	0.22784810126582278	0.9282700421940928	0.6000000238418579	0.009999999776482582	0.10000000149011612	1.4683544303797469	0.4092827004219409	0.5252525252525253	4	1	3	0.25	True	1.0356795806162893
rescue_sweep	336	237	99	222	52	15	47	0.8102189781021898	0.9367088607594937	0.8688845401174168	0.22784810126582278	0.9282700421940928	0.6000000238418579	0.009999999776482582	0.15000000596046448	1.4683544303797469	0.4092827004219409	0.5252525252525253	4	1	3	0.25	True	1.0356795806162893
rescue_sweep	336	237	99	222	52	15	47	0.8102189781021898	0.9367088607594937	0.8688845401174168	0.22784810126582278	0.9282700421940928	0.6000000238418579	0.009999999776482582	0.20000000298023224	1.4683544303797469	0.4092827004219409	0.5252525252525253	4	1	3	0.25	True	1.0356795806162893
rescue_sweep	336	237	99	222	52	15	47	0.8102189781021898	0.9367088607594937	0.8688845401174168	0.22784810126582278	0.9282700421940928	0.6000000238418579	0.009999999776482582	0.25	1.4683544303797469	0.4092827004219409	0.5252525252525253	4	1	3	0.25	True	1.0356795806162893
rescue_sweep	336	237	99	222	51	15	48	0.8131868131868132	0.9367088607594937	0.8705882352941177	0.22784810126582278	0.9282700421940928	0.6000000238418579	0.009999999776482582	0.30000001192092896	1.4683544303797469	0.4092827004219409	0.5151515151515151	3	1	2	0.3333333333333333	True	1.0397199846566934
rescue_sweep	336	237	99	222	52	15	47	0.8102189781021898	0.9367088607594937	0.8688845401174168	0.22784810126582278	0.9282700421940928	0.6000000238418579	0.019999999552965164	0.0	1.4683544303797469	0.4092827004219409	0.5252525252525253	4	1	3	0.25	True	1.0356795806162893
rescue_sweep	336	237	99	222	52	15	47	0.8102189781021898	0.9367088607594937	0.8688845401174168	0.22784810126582278	0.9282700421940928	0.6000000238418579	0.019999999552965164	0.05000000074505806	1.4683544303797469	0.4092827004219409	0.5252525252525253	4	1	3	0.25	True	1.0356795806162893
rescue_sweep	336	237	99	222	52	15	47	0.8102189781021898	0.9367088607594937	0.8688845401174168	0.22784810126582278	0.9282700421940928	0.6000000238418579	0.019999999552965164	0.10000000149011612	1.4683544303797469	0.4092827004219409	0.5252525252525253	4	1	3	0.25	True	1.0356795806162893
rescue_sweep	336	237	99	222	52	15	47	0.8102189781021898	0.9367088607594937	0.8688845401174168	0.22784810126582278	0.9282700421940928	0.6000000238418579	0.019999999552965164	0.15000000596046448	1.4683544303797469	0.4092827004219409	0.5252525252525253	4	1	3	0.25	True	1.0356795806162893
rescue_sweep	336	237	99	222	52	15	47	0.8102189781021898	0.9367088607594937	0.8688845401174168	0.22784810126582278	0.9282700421940928	0.6000000238418579	0.019999999552965164	0.20000000298023224	1.4683544303797469	0.4092827004219409	0.5252525252525253	4	1	3	0.25	True	1.0356795806162893
rescue_sweep	336	237	99	222	52	15	47	0.8102189781021898	0.9367088607594937	0.8688845401174168	0.22784810126582278	0.9282700421940928	0.6000000238418579	0.019999999552965164	0.25	1.4683544303797469	0.4092827004219409	0.5252525252525253	4	1	3	0.25	True	1.0356795806162893
rescue_sweep	336	237	99	222	51	15	48	0.8131868131868132	0.9367088607594937	0.8705882352941177	0.22784810126582278	0.9282700421940928	0.6000000238418579	0.019999999552965164	0.30000001192092896	1.4683544303797469	0.4092827004219409	0.5151515151515151	3	1	2	0.3333333333333333	True	1.0397199846566934
rescue_sweep	336	237	99	222	52	15	47	0.8102189781021898	0.9367088607594937	0.8688845401174168	0.22784810126582278	0.9282700421940928	0.6000000238418579	0.05000000074505806	0.0	1.4683544303797469	0.4092827004219409	0.5252525252525253	4	1	3	0.25	True	1.0356795806162893
rescue_sweep	336	237	99	222	52	15	47	0.8102189781021898	0.9367088607594937	0.8688845401174168	0.22784810126582278	0.9282700421940928	0.6000000238418579	0.05000000074505806	0.05000000074505806	1.4683544303797469	0.4092827004219409	0.5252525252525253	4	1	3	0.25	True	1.0356795806162893
rescue_sweep	336	237	99	222	52	15	47	0.8102189781021898	0.9367088607594937	0.8688845401174168	0.22784810126582278	0.9282700421940928	0.6000000238418579	0.05000000074505806	0.10000000149011612	1.4683544303797469	0.4092827004219409	0.5252525252525253	4	1	3	0.25	True	1.0356795806162893
rescue_sweep	336	237	99	222	52	15	47	0.8102189781021898	0.9367088607594937	0.8688845401174168	0.22784810126582278	0.9282700421940928	0.6000000238418579	0.05000000074505806	0.15000000596046448	1.4683544303797469	0.4092827004219409	0.5252525252525253	4	1	3	0.25	True	1.0356795806162893
rescue_sweep	336	237	99	222	52	15	47	0.8102189781021898	0.9367088607594937	0.8688845401174168	0.22784810126582278	0.9282700421940928	0.6000000238418579	0.05000000074505806	0.20000000298023224	1.4683544303797469	0.4092827004219409	0.5252525252525253	4	1	3	0.25	True	1.0356795806162893
rescue_sweep	336	237	99	222	52	15	47	0.8102189781021898	0.9367088607594937	0.8688845401174168	0.22784810126582278	0.9282700421940928	0.6000000238418579	0.05000000074505806	0.25	1.4683544303797469	0.4092827004219409	0.5252525252525253	4	1	3	0.25	True	1.0356795806162893
rescue_sweep	336	237	99	222	51	15	48	0.8131868131868132	0.9367088607594937	0.8705882352941177	0.22784810126582278	0.9282700421940928	0.6000000238418579	0.05000000074505806	0.30000001192092896	1.4683544303797469	0.4092827004219409	0.5151515151515151	3	1	2	0.3333333333333333	True	1.0397199846566934
rescue_sweep	336	237	99	222	52	15	47	0.8102189781021898	0.9367088607594937	0.8688845401174168	0.22784810126582278	0.9282700421940928	0.6000000238418579	0.10000000149011612	0.0	1.4683544303797469	0.4092827004219409	0.5252525252525253	4	1	3	0.25	True	1.0356795806162893
rescue_sweep	336	237	99	222	52	15	47	0.8102189781021898	0.9367088607594937	0.8688845401174168	0.22784810126582278	0.9282700421940928	0.6000000238418579	0.10000000149011612	0.05000000074505806	1.4683544303797469	0.4092827004219409	0.5252525252525253	4	1	3	0.25	True	1.0356795806162893
rescue_sweep	336	237	99	222	52	15	47	0.8102189781021898	0.9367088607594937	0.8688845401174168	0.22784810126582278	0.9282700421940928	0.6000000238418579	0.10000000149011612	0.10000000149011612	1.4683544303797469	0.4092827004219409	0.5252525252525253	4	1	3	0.25	True	1.0356795806162893
rescue_sweep	336	237	99	222	52	15	47	0.8102189781021898	0.9367088607594937	0.8688845401174168	0.22784810126582278	0.9282700421940928	0.6000000238418579	0.10000000149011612	0.15000000596046448	1.4683544303797469	0.4092827004219409	0.5252525252525253	4	1	3	0.25	True	1.0356795806162893
rescue_sweep	336	237	99	222	52	15	47	0.8102189781021898	0.9367088607594937	0.8688845401174168	0.22784810126582278	0.9282700421940928	0.6000000238418579	0.10000000149011612	0.20000000298023224	1.4683544303797469	0.4092827004219409	0.5252525252525253	4	1	3	0.25	True	1.0356795806162893
rescue_sweep	336	237	99	222	52	15	47	0.8102189781021898	0.9367088607594937	0.8688845401174168	0.22784810126582278	0.9282700421940928	0.6000000238418579	0.10000000149011612	0.25	1.4683544303797469	0.4092827004219409	0.5252525252525253	4	1	3	0.25	True	1.0356795806162893
rescue_sweep	336	237	99	222	51	15	48	0.8131868131868132	0.9367088607594937	0.8705882352941177	0.22784810126582278	0.9282700421940928	0.6000000238418579	0.10000000149011612	0.30000001192092896	1.4683544303797469	0.4092827004219409	0.5151515151515151	3	1	2	0.3333333333333333	True	1.0397199846566934
rescue_sweep	336	237	99	222	52	15	47	0.8102189781021898	0.9367088607594937	0.8688845401174168	0.22784810126582278	0.9282700421940928	0.6200000047683716	0.0	0.0	1.4683544303797469	0.4092827004219409	0.5252525252525253	4	1	3	0.25	True	1.0356795806162893
rescue_sweep	336	237	99	222	52	15	47	0.8102189781021898	0.9367088607594937	0.8688845401174168	0.22784810126582278	0.9282700421940928	0.6200000047683716	0.0	0.05000000074505806	1.4683544303797469	0.4092827004219409	0.5252525252525253	4	1	3	0.25	True	1.0356795806162893
rescue_sweep	336	237	99	222	52	15	47	0.8102189781021898	0.9367088607594937	0.8688845401174168	0.22784810126582278	0.9282700421940928	0.6200000047683716	0.0	0.10000000149011612	1.4683544303797469	0.4092827004219409	0.5252525252525253	4	1	3	0.25	True	1.0356795806162893
rescue_sweep	336	237	99	222	52	15	47	0.8102189781021898	0.9367088607594937	0.8688845401174168	0.22784810126582278	0.9282700421940928	0.6200000047683716	0.0	0.15000000596046448	1.4683544303797469	0.4092827004219409	0.5252525252525253	4	1	3	0.25	True	1.0356795806162893
rescue_sweep	336	237	99	222	52	15	47	0.8102189781021898	0.9367088607594937	0.8688845401174168	0.22784810126582278	0.9282700421940928	0.6200000047683716	0.0	0.20000000298023224	1.4683544303797469	0.4092827004219409	0.5252525252525253	4	1	3	0.25	True	1.0356795806162893
rescue_sweep	336	237	99	222	52	15	47	0.8102189781021898	0.9367088607594937	0.8688845401174168	0.22784810126582278	0.9282700421940928	0.6200000047683716	0.0	0.25	1.4683544303797469	0.4092827004219409	0.5252525252525253	4	1	3	0.25	True	1.0356795806162893
rescue_sweep	336	237	99	222	51	15	48	0.8131868131868132	0.9367088607594937	0.8705882352941177	0.22784810126582278	0.9282700421940928	0.6200000047683716	0.0	0.30000001192092896	1.4683544303797469	0.4092827004219409	0.5151515151515151	3	1	2	0.3333333333333333	True	1.0397199846566934
rescue_sweep	336	237	99	222	52	15	47	0.8102189781021898	0.9367088607594937	0.8688845401174168	0.22784810126582278	0.9282700421940928	0.6200000047683716	0.0010000000474974513	0.0	1.4683544303797469	0.4092827004219409	0.5252525252525253	4	1	3	0.25	True	1.0356795806162893
rescue_sweep	336	237	99	222	52	15	47	0.8102189781021898	0.9367088607594937	0.8688845401174168	0.22784810126582278	0.9282700421940928	0.6200000047683716	0.0010000000474974513	0.05000000074505806	1.4683544303797469	0.4092827004219409	0.5252525252525253	4	1	3	0.25	True	1.0356795806162893
rescue_sweep	336	237	99	222	52	15	47	0.8102189781021898	0.9367088607594937	0.8688845401174168	0.22784810126582278	0.9282700421940928	0.6200000047683716	0.0010000000474974513	0.10000000149011612	1.4683544303797469	0.4092827004219409	0.5252525252525253	4	1	3	0.25	True	1.0356795806162893
rescue_sweep	336	237	99	222	52	15	47	0.8102189781021898	0.9367088607594937	0.8688845401174168	0.22784810126582278	0.9282700421940928	0.6200000047683716	0.0010000000474974513	0.15000000596046448	1.4683544303797469	0.4092827004219409	0.5252525252525253	4	1	3	0.25	True	1.0356795806162893
rescue_sweep	336	237	99	222	52	15	47	0.8102189781021898	0.9367088607594937	0.8688845401174168	0.22784810126582278	0.9282700421940928	0.6200000047683716	0.0010000000474974513	0.20000000298023224	1.4683544303797469	0.4092827004219409	0.5252525252525253	4	1	3	0.25	True	1.0356795806162893
rescue_sweep	336	237	99	222	52	15	47	0.8102189781021898	0.9367088607594937	0.8688845401174168	0.22784810126582278	0.9282700421940928	0.6200000047683716	0.0010000000474974513	0.25	1.4683544303797469	0.4092827004219409	0.5252525252525253	4	1	3	0.25	True	1.0356795806162893
rescue_sweep	336	237	99	222	51	15	48	0.8131868131868132	0.9367088607594937	0.8705882352941177	0.22784810126582278	0.9282700421940928	0.6200000047683716	0.0010000000474974513	0.30000001192092896	1.4683544303797469	0.4092827004219409	0.5151515151515151	3	1	2	0.3333333333333333	True	1.0397199846566934
rescue_sweep	336	237	99	222	52	15	47	0.8102189781021898	0.9367088607594937	0.8688845401174168	0.22784810126582278	0.9282700421940928	0.6200000047683716	0.004999999888241291	0.0	1.4683544303797469	0.4092827004219409	0.5252525252525253	4	1	3	0.25	True	1.0356795806162893
rescue_sweep	336	237	99	222	52	15	47	0.8102189781021898	0.9367088607594937	0.8688845401174168	0.22784810126582278	0.9282700421940928	0.6200000047683716	0.004999999888241291	0.05000000074505806	1.4683544303797469	0.4092827004219409	0.5252525252525253	4	1	3	0.25	True	1.0356795806162893
rescue_sweep	336	237	99	222	52	15	47	0.8102189781021898	0.9367088607594937	0.8688845401174168	0.22784810126582278	0.9282700421940928	0.6200000047683716	0.004999999888241291	0.10000000149011612	1.4683544303797469	0.4092827004219409	0.5252525252525253	4	1	3	0.25	True	1.0356795806162893
rescue_sweep	336	237	99	222	52	15	47	0.8102189781021898	0.9367088607594937	0.8688845401174168	0.22784810126582278	0.9282700421940928	0.6200000047683716	0.004999999888241291	0.15000000596046448	1.4683544303797469	0.4092827004219409	0.5252525252525253	4	1	3	0.25	True	1.0356795806162893
rescue_sweep	336	237	99	222	52	15	47	0.8102189781021898	0.9367088607594937	0.8688845401174168	0.22784810126582278	0.9282700421940928	0.6200000047683716	0.004999999888241291	0.20000000298023224	1.4683544303797469	0.4092827004219409	0.5252525252525253	4	1	3	0.25	True	1.0356795806162893
rescue_sweep	336	237	99	222	52	15	47	0.8102189781021898	0.9367088607594937	0.8688845401174168	0.22784810126582278	0.9282700421940928	0.6200000047683716	0.004999999888241291	0.25	1.4683544303797469	0.4092827004219409	0.5252525252525253	4	1	3	0.25	True	1.0356795806162893
rescue_sweep	336	237	99	222	51	15	48	0.8131868131868132	0.9367088607594937	0.8705882352941177	0.22784810126582278	0.9282700421940928	0.6200000047683716	0.004999999888241291	0.30000001192092896	1.4683544303797469	0.4092827004219409	0.5151515151515151	3	1	2	0.3333333333333333	True	1.0397199846566934
rescue_sweep	336	237	99	222	52	15	47	0.8102189781021898	0.9367088607594937	0.8688845401174168	0.22784810126582278	0.9282700421940928	0.6200000047683716	0.009999999776482582	0.0	1.4683544303797469	0.4092827004219409	0.5252525252525253	4	1	3	0.25	True	1.0356795806162893
rescue_sweep	336	237	99	222	52	15	47	0.8102189781021898	0.9367088607594937	0.8688845401174168	0.22784810126582278	0.9282700421940928	0.6200000047683716	0.009999999776482582	0.05000000074505806	1.4683544303797469	0.4092827004219409	0.5252525252525253	4	1	3	0.25	True	1.0356795806162893
rescue_sweep	336	237	99	222	52	15	47	0.8102189781021898	0.9367088607594937	0.8688845401174168	0.22784810126582278	0.9282700421940928	0.6200000047683716	0.009999999776482582	0.10000000149011612	1.4683544303797469	0.4092827004219409	0.5252525252525253	4	1	3	0.25	True	1.0356795806162893
rescue_sweep	336	237	99	222	52	15	47	0.8102189781021898	0.9367088607594937	0.8688845401174168	0.22784810126582278	0.9282700421940928	0.6200000047683716	0.009999999776482582	0.15000000596046448	1.4683544303797469	0.4092827004219409	0.5252525252525253	4	1	3	0.25	True	1.0356795806162893
rescue_sweep	336	237	99	222	52	15	47	0.8102189781021898	0.9367088607594937	0.8688845401174168	0.22784810126582278	0.9282700421940928	0.6200000047683716	0.009999999776482582	0.20000000298023224	1.4683544303797469	0.4092827004219409	0.5252525252525253	4	1	3	0.25	True	1.0356795806162893
rescue_sweep	336	237	99	222	52	15	47	0.8102189781021898	0.9367088607594937	0.8688845401174168	0.22784810126582278	0.9282700421940928	0.6200000047683716	0.009999999776482582	0.25	1.4683544303797469	0.4092827004219409	0.5252525252525253	4	1	3	0.25	True	1.0356795806162893
rescue_sweep	336	237	99	222	51	15	48	0.8131868131868132	0.9367088607594937	0.8705882352941177	0.22784810126582278	0.9282700421940928	0.6200000047683716	0.009999999776482582	0.30000001192092896	1.4683544303797469	0.4092827004219409	0.5151515151515151	3	1	2	0.3333333333333333	True	1.0397199846566934
rescue_sweep	336	237	99	222	52	15	47	0.8102189781021898	0.9367088607594937	0.8688845401174168	0.22784810126582278	0.9282700421940928	0.6200000047683716	0.019999999552965164	0.0	1.4683544303797469	0.4092827004219409	0.5252525252525253	4	1	3	0.25	True	1.0356795806162893
rescue_sweep	336	237	99	222	52	15	47	0.8102189781021898	0.9367088607594937	0.8688845401174168	0.22784810126582278	0.9282700421940928	0.6200000047683716	0.019999999552965164	0.05000000074505806	1.4683544303797469	0.4092827004219409	0.5252525252525253	4	1	3	0.25	True	1.0356795806162893
rescue_sweep	336	237	99	222	52	15	47	0.8102189781021898	0.9367088607594937	0.8688845401174168	0.22784810126582278	0.9282700421940928	0.6200000047683716	0.019999999552965164	0.10000000149011612	1.4683544303797469	0.4092827004219409	0.5252525252525253	4	1	3	0.25	True	1.0356795806162893
rescue_sweep	336	237	99	222	52	15	47	0.8102189781021898	0.9367088607594937	0.8688845401174168	0.22784810126582278	0.9282700421940928	0.6200000047683716	0.019999999552965164	0.15000000596046448	1.4683544303797469	0.4092827004219409	0.5252525252525253	4	1	3	0.25	True	1.0356795806162893
rescue_sweep	336	237	99	222	52	15	47	0.8102189781021898	0.9367088607594937	0.8688845401174168	0.22784810126582278	0.9282700421940928	0.6200000047683716	0.019999999552965164	0.20000000298023224	1.4683544303797469	0.4092827004219409	0.5252525252525253	4	1	3	0.25	True	1.0356795806162893
rescue_sweep	336	237	99	222	52	15	47	0.8102189781021898	0.9367088607594937	0.8688845401174168	0.22784810126582278	0.9282700421940928	0.6200000047683716	0.019999999552965164	0.25	1.4683544303797469	0.4092827004219409	0.5252525252525253	4	1	3	0.25	True	1.0356795806162893
rescue_sweep	336	237	99	222	51	15	48	0.8131868131868132	0.9367088607594937	0.8705882352941177	0.22784810126582278	0.9282700421940928	0.6200000047683716	0.019999999552965164	0.30000001192092896	1.4683544303797469	0.4092827004219409	0.5151515151515151	3	1	2	0.3333333333333333	True	1.0397199846566934
rescue_sweep	336	237	99	222	52	15	47	0.8102189781021898	0.9367088607594937	0.8688845401174168	0.22784810126582278	0.9282700421940928	0.6200000047683716	0.05000000074505806	0.0	1.4683544303797469	0.4092827004219409	0.5252525252525253	4	1	3	0.25	True	1.0356795806162893
rescue_sweep	336	237	99	222	52	15	47	0.8102189781021898	0.9367088607594937	0.8688845401174168	0.22784810126582278	0.9282700421940928	0.6200000047683716	0.05000000074505806	0.05000000074505806	1.4683544303797469	0.4092827004219409	0.5252525252525253	4	1	3	0.25	True	1.0356795806162893
rescue_sweep	336	237	99	222	52	15	47	0.8102189781021898	0.9367088607594937	0.8688845401174168	0.22784810126582278	0.9282700421940928	0.6200000047683716	0.05000000074505806	0.10000000149011612	1.4683544303797469	0.4092827004219409	0.5252525252525253	4	1	3	0.25	True	1.0356795806162893
rescue_sweep	336	237	99	222	52	15	47	0.8102189781021898	0.9367088607594937	0.8688845401174168	0.22784810126582278	0.9282700421940928	0.6200000047683716	0.05000000074505806	0.15000000596046448	1.4683544303797469	0.4092827004219409	0.5252525252525253	4	1	3	0.25	True	1.0356795806162893
rescue_sweep	336	237	99	222	52	15	47	0.8102189781021898	0.9367088607594937	0.8688845401174168	0.22784810126582278	0.9282700421940928	0.6200000047683716	0.05000000074505806	0.20000000298023224	1.4683544303797469	0.4092827004219409	0.5252525252525253	4	1	3	0.25	True	1.0356795806162893
rescue_sweep	336	237	99	222	52	15	47	0.8102189781021898	0.9367088607594937	0.8688845401174168	0.22784810126582278	0.9282700421940928	0.6200000047683716	0.05000000074505806	0.25	1.4683544303797469	0.4092827004219409	0.5252525252525253	4	1	3	0.25	True	1.0356795806162893
rescue_sweep	336	237	99	222	51	15	48	0.8131868131868132	0.9367088607594937	0.8705882352941177	0.22784810126582278	0.9282700421940928	0.6200000047683716	0.05000000074505806	0.30000001192092896	1.4683544303797469	0.4092827004219409	0.5151515151515151	3	1	2	0.3333333333333333	True	1.0397199846566934
rescue_sweep	336	237	99	222	52	15	47	0.8102189781021898	0.9367088607594937	0.8688845401174168	0.22784810126582278	0.9282700421940928	0.6200000047683716	0.10000000149011612	0.0	1.4683544303797469	0.4092827004219409	0.5252525252525253	4	1	3	0.25	True	1.0356795806162893
rescue_sweep	336	237	99	222	52	15	47	0.8102189781021898	0.9367088607594937	0.8688845401174168	0.22784810126582278	0.9282700421940928	0.6200000047683716	0.10000000149011612	0.05000000074505806	1.4683544303797469	0.4092827004219409	0.5252525252525253	4	1	3	0.25	True	1.0356795806162893
rescue_sweep	336	237	99	222	52	15	47	0.8102189781021898	0.9367088607594937	0.8688845401174168	0.22784810126582278	0.9282700421940928	0.6200000047683716	0.10000000149011612	0.10000000149011612	1.4683544303797469	0.4092827004219409	0.5252525252525253	4	1	3	0.25	True	1.0356795806162893
rescue_sweep	336	237	99	222	52	15	47	0.8102189781021898	0.9367088607594937	0.8688845401174168	0.22784810126582278	0.9282700421940928	0.6200000047683716	0.10000000149011612	0.15000000596046448	1.4683544303797469	0.4092827004219409	0.5252525252525253	4	1	3	0.25	True	1.0356795806162893
rescue_sweep	336	237	99	222	52	15	47	0.8102189781021898	0.9367088607594937	0.8688845401174168	0.22784810126582278	0.9282700421940928	0.6200000047683716	0.10000000149011612	0.20000000298023224	1.4683544303797469	0.4092827004219409	0.5252525252525253	4	1	3	0.25	True	1.0356795806162893
rescue_sweep	336	237	99	222	52	15	47	0.8102189781021898	0.9367088607594937	0.8688845401174168	0.22784810126582278	0.9282700421940928	0.6200000047683716	0.10000000149011612	0.25	1.4683544303797469	0.4092827004219409	0.5252525252525253	4	1	3	0.25	True	1.0356795806162893
rescue_sweep	336	237	99	222	51	15	48	0.8131868131868132	0.9367088607594937	0.8705882352941177	0.22784810126582278	0.9282700421940928	0.6200000047683716	0.10000000149011612	0.30000001192092896	1.4683544303797469	0.4092827004219409	0.5151515151515151	3	1	2	0.3333333333333333	True	1.0397199846566934
rescue_sweep	336	237	99	221	50	16	49	0.8154981549815498	0.9324894514767933	0.8700787401574803	0.22784810126582278	0.9240506329113924	0.6399999856948853	0.0	0.0	1.4641350210970465	0.4092827004219409	0.5050505050505051	1	0	1	0.0	True	1.0380641861654523
rescue_sweep	336	237	99	221	50	16	49	0.8154981549815498	0.9324894514767933	0.8700787401574803	0.22784810126582278	0.9240506329113924	0.6399999856948853	0.0	0.05000000074505806	1.4641350210970465	0.4092827004219409	0.5050505050505051	1	0	1	0.0	True	1.0380641861654523
rescue_sweep	336	237	99	221	50	16	49	0.8154981549815498	0.9324894514767933	0.8700787401574803	0.22784810126582278	0.9240506329113924	0.6399999856948853	0.0	0.10000000149011612	1.4641350210970465	0.4092827004219409	0.5050505050505051	1	0	1	0.0	True	1.0380641861654523
rescue_sweep	336	237	99	221	50	16	49	0.8154981549815498	0.9324894514767933	0.8700787401574803	0.22784810126582278	0.9240506329113924	0.6399999856948853	0.0	0.15000000596046448	1.4641350210970465	0.4092827004219409	0.5050505050505051	1	0	1	0.0	True	1.0380641861654523
rescue_sweep	336	237	99	221	50	16	49	0.8154981549815498	0.9324894514767933	0.8700787401574803	0.22784810126582278	0.9240506329113924	0.6399999856948853	0.0	0.20000000298023224	1.4641350210970465	0.4092827004219409	0.5050505050505051	1	0	1	0.0	True	1.0380641861654523
rescue_sweep	336	237	99	221	50	16	49	0.8154981549815498	0.9324894514767933	0.8700787401574803	0.22784810126582278	0.9240506329113924	0.6399999856948853	0.0	0.25	1.4641350210970465	0.4092827004219409	0.5050505050505051	1	0	1	0.0	True	1.0380641861654523
rescue_sweep	336	237	99	221	49	16	50	0.8185185185185185	0.9324894514767933	0.8717948717948718	0.22784810126582278	0.9240506329113924	0.6399999856948853	0.0	0.30000001192092896	1.4641350210970465	0.4092827004219409	0.494949494949495	0	0	0	1.0	True	1.0421045902058563
rescue_sweep	336	237	99	221	50	16	49	0.8154981549815498	0.9324894514767933	0.8700787401574803	0.22784810126582278	0.9240506329113924	0.6399999856948853	0.0010000000474974513	0.0	1.4641350210970465	0.4092827004219409	0.5050505050505051	1	0	1	0.0	True	1.0380641861654523
rescue_sweep	336	237	99	221	50	16	49	0.8154981549815498	0.9324894514767933	0.8700787401574803	0.22784810126582278	0.9240506329113924	0.6399999856948853	0.0010000000474974513	0.05000000074505806	1.4641350210970465	0.4092827004219409	0.5050505050505051	1	0	1	0.0	True	1.0380641861654523
rescue_sweep	336	237	99	221	50	16	49	0.8154981549815498	0.9324894514767933	0.8700787401574803	0.22784810126582278	0.9240506329113924	0.6399999856948853	0.0010000000474974513	0.10000000149011612	1.4641350210970465	0.4092827004219409	0.5050505050505051	1	0	1	0.0	True	1.0380641861654523
rescue_sweep	336	237	99	221	50	16	49	0.8154981549815498	0.9324894514767933	0.8700787401574803	0.22784810126582278	0.9240506329113924	0.6399999856948853	0.0010000000474974513	0.15000000596046448	1.4641350210970465	0.4092827004219409	0.5050505050505051	1	0	1	0.0	True	1.0380641861654523
rescue_sweep	336	237	99	221	50	16	49	0.8154981549815498	0.9324894514767933	0.8700787401574803	0.22784810126582278	0.9240506329113924	0.6399999856948853	0.0010000000474974513	0.20000000298023224	1.4641350210970465	0.4092827004219409	0.5050505050505051	1	0	1	0.0	True	1.0380641861654523
rescue_sweep	336	237	99	221	50	16	49	0.8154981549815498	0.9324894514767933	0.8700787401574803	0.22784810126582278	0.9240506329113924	0.6399999856948853	0.0010000000474974513	0.25	1.4641350210970465	0.4092827004219409	0.5050505050505051	1	0	1	0.0	True	1.0380641861654523
rescue_sweep	336	237	99	221	49	16	50	0.8185185185185185	0.9324894514767933	0.8717948717948718	0.22784810126582278	0.9240506329113924	0.6399999856948853	0.0010000000474974513	0.30000001192092896	1.4641350210970465	0.4092827004219409	0.494949494949495	0	0	0	1.0	True	1.0421045902058563
rescue_sweep	336	237	99	221	50	16	49	0.8154981549815498	0.9324894514767933	0.8700787401574803	0.22784810126582278	0.9240506329113924	0.6399999856948853	0.004999999888241291	0.0	1.4641350210970465	0.4092827004219409	0.5050505050505051	1	0	1	0.0	True	1.0380641861654523
rescue_sweep	336	237	99	221	50	16	49	0.8154981549815498	0.9324894514767933	0.8700787401574803	0.22784810126582278	0.9240506329113924	0.6399999856948853	0.004999999888241291	0.05000000074505806	1.4641350210970465	0.4092827004219409	0.5050505050505051	1	0	1	0.0	True	1.0380641861654523
rescue_sweep	336	237	99	221	50	16	49	0.8154981549815498	0.9324894514767933	0.8700787401574803	0.22784810126582278	0.9240506329113924	0.6399999856948853	0.004999999888241291	0.10000000149011612	1.4641350210970465	0.4092827004219409	0.5050505050505051	1	0	1	0.0	True	1.0380641861654523
rescue_sweep	336	237	99	221	50	16	49	0.8154981549815498	0.9324894514767933	0.8700787401574803	0.22784810126582278	0.9240506329113924	0.6399999856948853	0.004999999888241291	0.15000000596046448	1.4641350210970465	0.4092827004219409	0.5050505050505051	1	0	1	0.0	True	1.0380641861654523
rescue_sweep	336	237	99	221	50	16	49	0.8154981549815498	0.9324894514767933	0.8700787401574803	0.22784810126582278	0.9240506329113924	0.6399999856948853	0.004999999888241291	0.20000000298023224	1.4641350210970465	0.4092827004219409	0.5050505050505051	1	0	1	0.0	True	1.0380641861654523
rescue_sweep	336	237	99	221	50	16	49	0.8154981549815498	0.9324894514767933	0.8700787401574803	0.22784810126582278	0.9240506329113924	0.6399999856948853	0.004999999888241291	0.25	1.4641350210970465	0.4092827004219409	0.5050505050505051	1	0	1	0.0	True	1.0380641861654523
rescue_sweep	336	237	99	221	49	16	50	0.8185185185185185	0.9324894514767933	0.8717948717948718	0.22784810126582278	0.9240506329113924	0.6399999856948853	0.004999999888241291	0.30000001192092896	1.4641350210970465	0.4092827004219409	0.494949494949495	0	0	0	1.0	True	1.0421045902058563
rescue_sweep	336	237	99	221	50	16	49	0.8154981549815498	0.9324894514767933	0.8700787401574803	0.22784810126582278	0.9240506329113924	0.6399999856948853	0.009999999776482582	0.0	1.4641350210970465	0.4092827004219409	0.5050505050505051	1	0	1	0.0	True	1.0380641861654523
rescue_sweep	336	237	99	221	50	16	49	0.8154981549815498	0.9324894514767933	0.8700787401574803	0.22784810126582278	0.9240506329113924	0.6399999856948853	0.009999999776482582	0.05000000074505806	1.4641350210970465	0.4092827004219409	0.5050505050505051	1	0	1	0.0	True	1.0380641861654523
rescue_sweep	336	237	99	221	50	16	49	0.8154981549815498	0.9324894514767933	0.8700787401574803	0.22784810126582278	0.9240506329113924	0.6399999856948853	0.009999999776482582	0.10000000149011612	1.4641350210970465	0.4092827004219409	0.5050505050505051	1	0	1	0.0	True	1.0380641861654523
rescue_sweep	336	237	99	221	50	16	49	0.8154981549815498	0.9324894514767933	0.8700787401574803	0.22784810126582278	0.9240506329113924	0.6399999856948853	0.009999999776482582	0.15000000596046448	1.4641350210970465	0.4092827004219409	0.5050505050505051	1	0	1	0.0	True	1.0380641861654523
rescue_sweep	336	237	99	221	50	16	49	0.8154981549815498	0.9324894514767933	0.8700787401574803	0.22784810126582278	0.9240506329113924	0.6399999856948853	0.009999999776482582	0.20000000298023224	1.4641350210970465	0.4092827004219409	0.5050505050505051	1	0	1	0.0	True	1.0380641861654523
rescue_sweep	336	237	99	221	50	16	49	0.8154981549815498	0.9324894514767933	0.8700787401574803	0.22784810126582278	0.9240506329113924	0.6399999856948853	0.009999999776482582	0.25	1.4641350210970465	0.4092827004219409	0.5050505050505051	1	0	1	0.0	True	1.0380641861654523
rescue_sweep	336	237	99	221	49	16	50	0.8185185185185185	0.9324894514767933	0.8717948717948718	0.22784810126582278	0.9240506329113924	0.6399999856948853	0.009999999776482582	0.30000001192092896	1.4641350210970465	0.4092827004219409	0.494949494949495	0	0	0	1.0	True	1.0421045902058563
rescue_sweep	336	237	99	221	50	16	49	0.8154981549815498	0.9324894514767933	0.8700787401574803	0.22784810126582278	0.9240506329113924	0.6399999856948853	0.019999999552965164	0.0	1.4641350210970465	0.4092827004219409	0.5050505050505051	1	0	1	0.0	True	1.0380641861654523
rescue_sweep	336	237	99	221	50	16	49	0.8154981549815498	0.9324894514767933	0.8700787401574803	0.22784810126582278	0.9240506329113924	0.6399999856948853	0.019999999552965164	0.05000000074505806	1.4641350210970465	0.4092827004219409	0.5050505050505051	1	0	1	0.0	True	1.0380641861654523
rescue_sweep	336	237	99	221	50	16	49	0.8154981549815498	0.9324894514767933	0.8700787401574803	0.22784810126582278	0.9240506329113924	0.6399999856948853	0.019999999552965164	0.10000000149011612	1.4641350210970465	0.4092827004219409	0.5050505050505051	1	0	1	0.0	True	1.0380641861654523
rescue_sweep	336	237	99	221	50	16	49	0.8154981549815498	0.9324894514767933	0.8700787401574803	0.22784810126582278	0.9240506329113924	0.6399999856948853	0.019999999552965164	0.15000000596046448	1.4641350210970465	0.4092827004219409	0.5050505050505051	1	0	1	0.0	True	1.0380641861654523
rescue_sweep	336	237	99	221	50	16	49	0.8154981549815498	0.9324894514767933	0.8700787401574803	0.22784810126582278	0.9240506329113924	0.6399999856948853	0.019999999552965164	0.20000000298023224	1.4641350210970465	0.4092827004219409	0.5050505050505051	1	0	1	0.0	True	1.0380641861654523
rescue_sweep	336	237	99	221	50	16	49	0.8154981549815498	0.9324894514767933	0.8700787401574803	0.22784810126582278	0.9240506329113924	0.6399999856948853	0.019999999552965164	0.25	1.4641350210970465	0.4092827004219409	0.5050505050505051	1	0	1	0.0	True	1.0380641861654523
rescue_sweep	336	237	99	221	49	16	50	0.8185185185185185	0.9324894514767933	0.8717948717948718	0.22784810126582278	0.9240506329113924	0.6399999856948853	0.019999999552965164	0.30000001192092896	1.4641350210970465	0.4092827004219409	0.494949494949495	0	0	0	1.0	True	1.0421045902058563
rescue_sweep	336	237	99	221	50	16	49	0.8154981549815498	0.9324894514767933	0.8700787401574803	0.22784810126582278	0.9240506329113924	0.6399999856948853	0.05000000074505806	0.0	1.4641350210970465	0.4092827004219409	0.5050505050505051	1	0	1	0.0	True	1.0380641861654523
rescue_sweep	336	237	99	221	50	16	49	0.8154981549815498	0.9324894514767933	0.8700787401574803	0.22784810126582278	0.9240506329113924	0.6399999856948853	0.05000000074505806	0.05000000074505806	1.4641350210970465	0.4092827004219409	0.5050505050505051	1	0	1	0.0	True	1.0380641861654523
rescue_sweep	336	237	99	221	50	16	49	0.8154981549815498	0.9324894514767933	0.8700787401574803	0.22784810126582278	0.9240506329113924	0.6399999856948853	0.05000000074505806	0.10000000149011612	1.4641350210970465	0.4092827004219409	0.5050505050505051	1	0	1	0.0	True	1.0380641861654523
rescue_sweep	336	237	99	221	50	16	49	0.8154981549815498	0.9324894514767933	0.8700787401574803	0.22784810126582278	0.9240506329113924	0.6399999856948853	0.05000000074505806	0.15000000596046448	1.4641350210970465	0.4092827004219409	0.5050505050505051	1	0	1	0.0	True	1.0380641861654523
rescue_sweep	336	237	99	221	50	16	49	0.8154981549815498	0.9324894514767933	0.8700787401574803	0.22784810126582278	0.9240506329113924	0.6399999856948853	0.05000000074505806	0.20000000298023224	1.4641350210970465	0.4092827004219409	0.5050505050505051	1	0	1	0.0	True	1.0380641861654523
rescue_sweep	336	237	99	221	50	16	49	0.8154981549815498	0.9324894514767933	0.8700787401574803	0.22784810126582278	0.9240506329113924	0.6399999856948853	0.05000000074505806	0.25	1.4641350210970465	0.4092827004219409	0.5050505050505051	1	0	1	0.0	True	1.0380641861654523
rescue_sweep	336	237	99	221	49	16	50	0.8185185185185185	0.9324894514767933	0.8717948717948718	0.22784810126582278	0.9240506329113924	0.6399999856948853	0.05000000074505806	0.30000001192092896	1.4641350210970465	0.4092827004219409	0.494949494949495	0	0	0	1.0	True	1.0421045902058563
rescue_sweep	336	237	99	221	50	16	49	0.8154981549815498	0.9324894514767933	0.8700787401574803	0.22784810126582278	0.9240506329113924	0.6399999856948853	0.10000000149011612	0.0	1.4641350210970465	0.4092827004219409	0.5050505050505051	1	0	1	0.0	True	1.0380641861654523
rescue_sweep	336	237	99	221	50	16	49	0.8154981549815498	0.9324894514767933	0.8700787401574803	0.22784810126582278	0.9240506329113924	0.6399999856948853	0.10000000149011612	0.05000000074505806	1.4641350210970465	0.4092827004219409	0.5050505050505051	1	0	1	0.0	True	1.0380641861654523
rescue_sweep	336	237	99	221	50	16	49	0.8154981549815498	0.9324894514767933	0.8700787401574803	0.22784810126582278	0.9240506329113924	0.6399999856948853	0.10000000149011612	0.10000000149011612	1.4641350210970465	0.4092827004219409	0.5050505050505051	1	0	1	0.0	True	1.0380641861654523
rescue_sweep	336	237	99	221	50	16	49	0.8154981549815498	0.9324894514767933	0.8700787401574803	0.22784810126582278	0.9240506329113924	0.6399999856948853	0.10000000149011612	0.15000000596046448	1.4641350210970465	0.4092827004219409	0.5050505050505051	1	0	1	0.0	True	1.0380641861654523
rescue_sweep	336	237	99	221	50	16	49	0.8154981549815498	0.9324894514767933	0.8700787401574803	0.22784810126582278	0.9240506329113924	0.6399999856948853	0.10000000149011612	0.20000000298023224	1.4641350210970465	0.4092827004219409	0.5050505050505051	1	0	1	0.0	True	1.0380641861654523
rescue_sweep	336	237	99	221	50	16	49	0.8154981549815498	0.9324894514767933	0.8700787401574803	0.22784810126582278	0.9240506329113924	0.6399999856948853	0.10000000149011612	0.25	1.4641350210970465	0.4092827004219409	0.5050505050505051	1	0	1	0.0	True	1.0380641861654523
rescue_sweep	336	237	99	221	49	16	50	0.8185185185185185	0.9324894514767933	0.8717948717948718	0.22784810126582278	0.9240506329113924	0.6399999856948853	0.10000000149011612	0.30000001192092896	1.4641350210970465	0.4092827004219409	0.494949494949495	0	0	0	1.0	True	1.0421045902058563
rescue_sweep	336	237	99	221	49	16	50	0.8185185185185185	0.9324894514767933	0.8717948717948718	0.22784810126582278	0.9240506329113924	0.6600000262260437	0.0	0.0	1.4641350210970465	0.4092827004219409	0.494949494949495	0	0	0	1.0	True	1.0421045902058563
rescue_sweep	336	237	99	221	49	16	50	0.8185185185185185	0.9324894514767933	0.8717948717948718	0.22784810126582278	0.9240506329113924	0.6600000262260437	0.0	0.05000000074505806	1.4641350210970465	0.4092827004219409	0.494949494949495	0	0	0	1.0	True	1.0421045902058563
rescue_sweep	336	237	99	221	49	16	50	0.8185185185185185	0.9324894514767933	0.8717948717948718	0.22784810126582278	0.9240506329113924	0.6600000262260437	0.0	0.10000000149011612	1.4641350210970465	0.4092827004219409	0.494949494949495	0	0	0	1.0	True	1.0421045902058563
rescue_sweep	336	237	99	221	49	16	50	0.8185185185185185	0.9324894514767933	0.8717948717948718	0.22784810126582278	0.9240506329113924	0.6600000262260437	0.0	0.15000000596046448	1.4641350210970465	0.4092827004219409	0.494949494949495	0	0	0	1.0	True	1.0421045902058563
rescue_sweep	336	237	99	221	49	16	50	0.8185185185185185	0.9324894514767933	0.8717948717948718	0.22784810126582278	0.9240506329113924	0.6600000262260437	0.0	0.20000000298023224	1.4641350210970465	0.4092827004219409	0.494949494949495	0	0	0	1.0	True	1.0421045902058563
rescue_sweep	336	237	99	221	49	16	50	0.8185185185185185	0.9324894514767933	0.8717948717948718	0.22784810126582278	0.9240506329113924	0.6600000262260437	0.0	0.25	1.4641350210970465	0.4092827004219409	0.494949494949495	0	0	0	1.0	True	1.0421045902058563
rescue_sweep	336	237	99	221	49	16	50	0.8185185185185185	0.9324894514767933	0.8717948717948718	0.22784810126582278	0.9240506329113924	0.6600000262260437	0.0	0.30000001192092896	1.4641350210970465	0.4092827004219409	0.494949494949495	0	0	0	1.0	True	1.0421045902058563
rescue_sweep	336	237	99	221	49	16	50	0.8185185185185185	0.9324894514767933	0.8717948717948718	0.22784810126582278	0.9240506329113924	0.6600000262260437	0.0010000000474974513	0.0	1.4641350210970465	0.4092827004219409	0.494949494949495	0	0	0	1.0	True	1.0421045902058563
rescue_sweep	336	237	99	221	49	16	50	0.8185185185185185	0.9324894514767933	0.8717948717948718	0.22784810126582278	0.9240506329113924	0.6600000262260437	0.0010000000474974513	0.05000000074505806	1.4641350210970465	0.4092827004219409	0.494949494949495	0	0	0	1.0	True	1.0421045902058563
rescue_sweep	336	237	99	221	49	16	50	0.8185185185185185	0.9324894514767933	0.8717948717948718	0.22784810126582278	0.9240506329113924	0.6600000262260437	0.0010000000474974513	0.10000000149011612	1.4641350210970465	0.4092827004219409	0.494949494949495	0	0	0	1.0	True	1.0421045902058563
rescue_sweep	336	237	99	221	49	16	50	0.8185185185185185	0.9324894514767933	0.8717948717948718	0.22784810126582278	0.9240506329113924	0.6600000262260437	0.0010000000474974513	0.15000000596046448	1.4641350210970465	0.4092827004219409	0.494949494949495	0	0	0	1.0	True	1.0421045902058563
rescue_sweep	336	237	99	221	49	16	50	0.8185185185185185	0.9324894514767933	0.8717948717948718	0.22784810126582278	0.9240506329113924	0.6600000262260437	0.0010000000474974513	0.20000000298023224	1.4641350210970465	0.4092827004219409	0.494949494949495	0	0	0	1.0	True	1.0421045902058563
rescue_sweep	336	237	99	221	49	16	50	0.8185185185185185	0.9324894514767933	0.8717948717948718	0.22784810126582278	0.9240506329113924	0.6600000262260437	0.0010000000474974513	0.25	1.4641350210970465	0.4092827004219409	0.494949494949495	0	0	0	1.0	True	1.0421045902058563
rescue_sweep	336	237	99	221	49	16	50	0.8185185185185185	0.9324894514767933	0.8717948717948718	0.22784810126582278	0.9240506329113924	0.6600000262260437	0.0010000000474974513	0.30000001192092896	1.4641350210970465	0.4092827004219409	0.494949494949495	0	0	0	1.0	True	1.0421045902058563
rescue_sweep	336	237	99	221	49	16	50	0.8185185185185185	0.9324894514767933	0.8717948717948718	0.22784810126582278	0.9240506329113924	0.6600000262260437	0.004999999888241291	0.0	1.4641350210970465	0.4092827004219409	0.494949494949495	0	0	0	1.0	True	1.0421045902058563
rescue_sweep	336	237	99	221	49	16	50	0.8185185185185185	0.9324894514767933	0.8717948717948718	0.22784810126582278	0.9240506329113924	0.6600000262260437	0.004999999888241291	0.05000000074505806	1.4641350210970465	0.4092827004219409	0.494949494949495	0	0	0	1.0	True	1.0421045902058563
rescue_sweep	336	237	99	221	49	16	50	0.8185185185185185	0.9324894514767933	0.8717948717948718	0.22784810126582278	0.9240506329113924	0.6600000262260437	0.004999999888241291	0.10000000149011612	1.4641350210970465	0.4092827004219409	0.494949494949495	0	0	0	1.0	True	1.0421045902058563
rescue_sweep	336	237	99	221	49	16	50	0.8185185185185185	0.9324894514767933	0.8717948717948718	0.22784810126582278	0.9240506329113924	0.6600000262260437	0.004999999888241291	0.15000000596046448	1.4641350210970465	0.4092827004219409	0.494949494949495	0	0	0	1.0	True	1.0421045902058563
rescue_sweep	336	237	99	221	49	16	50	0.8185185185185185	0.9324894514767933	0.8717948717948718	0.22784810126582278	0.9240506329113924	0.6600000262260437	0.004999999888241291	0.20000000298023224	1.4641350210970465	0.4092827004219409	0.494949494949495	0	0	0	1.0	True	1.0421045902058563
rescue_sweep	336	237	99	221	49	16	50	0.8185185185185185	0.9324894514767933	0.8717948717948718	0.22784810126582278	0.9240506329113924	0.6600000262260437	0.004999999888241291	0.25	1.4641350210970465	0.4092827004219409	0.494949494949495	0	0	0	1.0	True	1.0421045902058563
rescue_sweep	336	237	99	221	49	16	50	0.8185185185185185	0.9324894514767933	0.8717948717948718	0.22784810126582278	0.9240506329113924	0.6600000262260437	0.004999999888241291	0.30000001192092896	1.4641350210970465	0.4092827004219409	0.494949494949495	0	0	0	1.0	True	1.0421045902058563
rescue_sweep	336	237	99	221	49	16	50	0.8185185185185185	0.9324894514767933	0.8717948717948718	0.22784810126582278	0.9240506329113924	0.6600000262260437	0.009999999776482582	0.0	1.4641350210970465	0.4092827004219409	0.494949494949495	0	0	0	1.0	True	1.0421045902058563
rescue_sweep	336	237	99	221	49	16	50	0.8185185185185185	0.9324894514767933	0.8717948717948718	0.22784810126582278	0.9240506329113924	0.6600000262260437	0.009999999776482582	0.05000000074505806	1.4641350210970465	0.4092827004219409	0.494949494949495	0	0	0	1.0	True	1.0421045902058563
rescue_sweep	336	237	99	221	49	16	50	0.8185185185185185	0.9324894514767933	0.8717948717948718	0.22784810126582278	0.9240506329113924	0.6600000262260437	0.009999999776482582	0.10000000149011612	1.4641350210970465	0.4092827004219409	0.494949494949495	0	0	0	1.0	True	1.0421045902058563
rescue_sweep	336	237	99	221	49	16	50	0.8185185185185185	0.9324894514767933	0.8717948717948718	0.22784810126582278	0.9240506329113924	0.6600000262260437	0.009999999776482582	0.15000000596046448	1.4641350210970465	0.4092827004219409	0.494949494949495	0	0	0	1.0	True	1.0421045902058563
rescue_sweep	336	237	99	221	49	16	50	0.8185185185185185	0.9324894514767933	0.8717948717948718	0.22784810126582278	0.9240506329113924	0.6600000262260437	0.009999999776482582	0.20000000298023224	1.4641350210970465	0.4092827004219409	0.494949494949495	0	0	0	1.0	True	1.0421045902058563
rescue_sweep	336	237	99	221	49	16	50	0.8185185185185185	0.9324894514767933	0.8717948717948718	0.22784810126582278	0.9240506329113924	0.6600000262260437	0.009999999776482582	0.25	1.4641350210970465	0.4092827004219409	0.494949494949495	0	0	0	1.0	True	1.0421045902058563
rescue_sweep	336	237	99	221	49	16	50	0.8185185185185185	0.9324894514767933	0.8717948717948718	0.22784810126582278	0.9240506329113924	0.6600000262260437	0.009999999776482582	0.30000001192092896	1.4641350210970465	0.4092827004219409	0.494949494949495	0	0	0	1.0	True	1.0421045902058563
rescue_sweep	336	237	99	221	49	16	50	0.8185185185185185	0.9324894514767933	0.8717948717948718	0.22784810126582278	0.9240506329113924	0.6600000262260437	0.019999999552965164	0.0	1.4641350210970465	0.4092827004219409	0.494949494949495	0	0	0	1.0	True	1.0421045902058563
rescue_sweep	336	237	99	221	49	16	50	0.8185185185185185	0.9324894514767933	0.8717948717948718	0.22784810126582278	0.9240506329113924	0.6600000262260437	0.019999999552965164	0.05000000074505806	1.4641350210970465	0.4092827004219409	0.494949494949495	0	0	0	1.0	True	1.0421045902058563
rescue_sweep	336	237	99	221	49	16	50	0.8185185185185185	0.9324894514767933	0.8717948717948718	0.22784810126582278	0.9240506329113924	0.6600000262260437	0.019999999552965164	0.10000000149011612	1.4641350210970465	0.4092827004219409	0.494949494949495	0	0	0	1.0	True	1.0421045902058563
rescue_sweep	336	237	99	221	49	16	50	0.8185185185185185	0.9324894514767933	0.8717948717948718	0.22784810126582278	0.9240506329113924	0.6600000262260437	0.019999999552965164	0.15000000596046448	1.4641350210970465	0.4092827004219409	0.494949494949495	0	0	0	1.0	True	1.0421045902058563
rescue_sweep	336	237	99	221	49	16	50	0.8185185185185185	0.9324894514767933	0.8717948717948718	0.22784810126582278	0.9240506329113924	0.6600000262260437	0.019999999552965164	0.20000000298023224	1.4641350210970465	0.4092827004219409	0.494949494949495	0	0	0	1.0	True	1.0421045902058563
rescue_sweep	336	237	99	221	49	16	50	0.8185185185185185	0.9324894514767933	0.8717948717948718	0.22784810126582278	0.9240506329113924	0.6600000262260437	0.019999999552965164	0.25	1.4641350210970465	0.4092827004219409	0.494949494949495	0	0	0	1.0	True	1.0421045902058563
rescue_sweep	336	237	99	221	49	16	50	0.8185185185185185	0.9324894514767933	0.8717948717948718	0.22784810126582278	0.9240506329113924	0.6600000262260437	0.019999999552965164	0.30000001192092896	1.4641350210970465	0.4092827004219409	0.494949494949495	0	0	0	1.0	True	1.0421045902058563
rescue_sweep	336	237	99	221	49	16	50	0.8185185185185185	0.9324894514767933	0.8717948717948718	0.22784810126582278	0.9240506329113924	0.6600000262260437	0.05000000074505806	0.0	1.4641350210970465	0.4092827004219409	0.494949494949495	0	0	0	1.0	True	1.0421045902058563
rescue_sweep	336	237	99	221	49	16	50	0.8185185185185185	0.9324894514767933	0.8717948717948718	0.22784810126582278	0.9240506329113924	0.6600000262260437	0.05000000074505806	0.05000000074505806	1.4641350210970465	0.4092827004219409	0.494949494949495	0	0	0	1.0	True	1.0421045902058563
rescue_sweep	336	237	99	221	49	16	50	0.8185185185185185	0.9324894514767933	0.8717948717948718	0.22784810126582278	0.9240506329113924	0.6600000262260437	0.05000000074505806	0.10000000149011612	1.4641350210970465	0.4092827004219409	0.494949494949495	0	0	0	1.0	True	1.0421045902058563
rescue_sweep	336	237	99	221	49	16	50	0.8185185185185185	0.9324894514767933	0.8717948717948718	0.22784810126582278	0.9240506329113924	0.6600000262260437	0.05000000074505806	0.15000000596046448	1.4641350210970465	0.4092827004219409	0.494949494949495	0	0	0	1.0	True	1.0421045902058563
rescue_sweep	336	237	99	221	49	16	50	0.8185185185185185	0.9324894514767933	0.8717948717948718	0.22784810126582278	0.9240506329113924	0.6600000262260437	0.05000000074505806	0.20000000298023224	1.4641350210970465	0.4092827004219409	0.494949494949495	0	0	0	1.0	True	1.0421045902058563
rescue_sweep	336	237	99	221	49	16	50	0.8185185185185185	0.9324894514767933	0.8717948717948718	0.22784810126582278	0.9240506329113924	0.6600000262260437	0.05000000074505806	0.25	1.4641350210970465	0.4092827004219409	0.494949494949495	0	0	0	1.0	True	1.0421045902058563
rescue_sweep	336	237	99	221	49	16	50	0.8185185185185185	0.9324894514767933	0.8717948717948718	0.22784810126582278	0.9240506329113924	0.6600000262260437	0.05000000074505806	0.30000001192092896	1.4641350210970465	0.4092827004219409	0.494949494949495	0	0	0	1.0	True	1.0421045902058563
rescue_sweep	336	237	99	221	49	16	50	0.8185185185185185	0.9324894514767933	0.8717948717948718	0.22784810126582278	0.9240506329113924	0.6600000262260437	0.10000000149011612	0.0	1.4641350210970465	0.4092827004219409	0.494949494949495	0	0	0	1.0	True	1.0421045902058563
rescue_sweep	336	237	99	221	49	16	50	0.8185185185185185	0.9324894514767933	0.8717948717948718	0.22784810126582278	0.9240506329113924	0.6600000262260437	0.10000000149011612	0.05000000074505806	1.4641350210970465	0.4092827004219409	0.494949494949495	0	0	0	1.0	True	1.0421045902058563
rescue_sweep	336	237	99	221	49	16	50	0.8185185185185185	0.9324894514767933	0.8717948717948718	0.22784810126582278	0.9240506329113924	0.6600000262260437	0.10000000149011612	0.10000000149011612	1.4641350210970465	0.4092827004219409	0.494949494949495	0	0	0	1.0	True	1.0421045902058563
rescue_sweep	336	237	99	221	49	16	50	0.8185185185185185	0.9324894514767933	0.8717948717948718	0.22784810126582278	0.9240506329113924	0.6600000262260437	0.10000000149011612	0.15000000596046448	1.4641350210970465	0.4092827004219409	0.494949494949495	0	0	0	1.0	True	1.0421045902058563
rescue_sweep	336	237	99	221	49	16	50	0.8185185185185185	0.9324894514767933	0.8717948717948718	0.22784810126582278	0.9240506329113924	0.6600000262260437	0.10000000149011612	0.20000000298023224	1.4641350210970465	0.4092827004219409	0.494949494949495	0	0	0	1.0	True	1.0421045902058563
rescue_sweep	336	237	99	221	49	16	50	0.8185185185185185	0.9324894514767933	0.8717948717948718	0.22784810126582278	0.9240506329113924	0.6600000262260437	0.10000000149011612	0.25	1.4641350210970465	0.4092827004219409	0.494949494949495	0	0	0	1.0	True	1.0421045902058563
rescue_sweep	336	237	99	221	49	16	50	0.8185185185185185	0.9324894514767933	0.8717948717948718	0.22784810126582278	0.9240506329113924	0.6600000262260437	0.10000000149011612	0.30000001192092896	1.4641350210970465	0.4092827004219409	0.494949494949495	0	0	0	1.0	True	1.0421045902058563
rescue_sweep	336	237	99	221	49	16	50	0.8185185185185185	0.9324894514767933	0.8717948717948718	0.22784810126582278	0.9240506329113924	0.6800000071525574	0.0	0.0	1.4641350210970465	0.4092827004219409	0.494949494949495	0	0	0	1.0	True	1.0421045902058563
rescue_sweep	336	237	99	221	49	16	50	0.8185185185185185	0.9324894514767933	0.8717948717948718	0.22784810126582278	0.9240506329113924	0.6800000071525574	0.0	0.05000000074505806	1.4641350210970465	0.4092827004219409	0.494949494949495	0	0	0	1.0	True	1.0421045902058563
rescue_sweep	336	237	99	221	49	16	50	0.8185185185185185	0.9324894514767933	0.8717948717948718	0.22784810126582278	0.9240506329113924	0.6800000071525574	0.0	0.10000000149011612	1.4641350210970465	0.4092827004219409	0.494949494949495	0	0	0	1.0	True	1.0421045902058563
rescue_sweep	336	237	99	221	49	16	50	0.8185185185185185	0.9324894514767933	0.8717948717948718	0.22784810126582278	0.9240506329113924	0.6800000071525574	0.0	0.15000000596046448	1.4641350210970465	0.4092827004219409	0.494949494949495	0	0	0	1.0	True	1.0421045902058563
rescue_sweep	336	237	99	221	49	16	50	0.8185185185185185	0.9324894514767933	0.8717948717948718	0.22784810126582278	0.9240506329113924	0.6800000071525574	0.0	0.20000000298023224	1.4641350210970465	0.4092827004219409	0.494949494949495	0	0	0	1.0	True	1.0421045902058563
rescue_sweep	336	237	99	221	49	16	50	0.8185185185185185	0.9324894514767933	0.8717948717948718	0.22784810126582278	0.9240506329113924	0.6800000071525574	0.0	0.25	1.4641350210970465	0.4092827004219409	0.494949494949495	0	0	0	1.0	True	1.0421045902058563
rescue_sweep	336	237	99	221	49	16	50	0.8185185185185185	0.9324894514767933	0.8717948717948718	0.22784810126582278	0.9240506329113924	0.6800000071525574	0.0	0.30000001192092896	1.4641350210970465	0.4092827004219409	0.494949494949495	0	0	0	1.0	True	1.0421045902058563
rescue_sweep	336	237	99	221	49	16	50	0.8185185185185185	0.9324894514767933	0.8717948717948718	0.22784810126582278	0.9240506329113924	0.6800000071525574	0.0010000000474974513	0.0	1.4641350210970465	0.4092827004219409	0.494949494949495	0	0	0	1.0	True	1.0421045902058563
rescue_sweep	336	237	99	221	49	16	50	0.8185185185185185	0.9324894514767933	0.8717948717948718	0.22784810126582278	0.9240506329113924	0.6800000071525574	0.0010000000474974513	0.05000000074505806	1.4641350210970465	0.4092827004219409	0.494949494949495	0	0	0	1.0	True	1.0421045902058563
rescue_sweep	336	237	99	221	49	16	50	0.8185185185185185	0.9324894514767933	0.8717948717948718	0.22784810126582278	0.9240506329113924	0.6800000071525574	0.0010000000474974513	0.10000000149011612	1.4641350210970465	0.4092827004219409	0.494949494949495	0	0	0	1.0	True	1.0421045902058563
rescue_sweep	336	237	99	221	49	16	50	0.8185185185185185	0.9324894514767933	0.8717948717948718	0.22784810126582278	0.9240506329113924	0.6800000071525574	0.0010000000474974513	0.15000000596046448	1.4641350210970465	0.4092827004219409	0.494949494949495	0	0	0	1.0	True	1.0421045902058563
rescue_sweep	336	237	99	221	49	16	50	0.8185185185185185	0.9324894514767933	0.8717948717948718	0.22784810126582278	0.9240506329113924	0.6800000071525574	0.0010000000474974513	0.20000000298023224	1.4641350210970465	0.4092827004219409	0.494949494949495	0	0	0	1.0	True	1.0421045902058563
rescue_sweep	336	237	99	221	49	16	50	0.8185185185185185	0.9324894514767933	0.8717948717948718	0.22784810126582278	0.9240506329113924	0.6800000071525574	0.0010000000474974513	0.25	1.4641350210970465	0.4092827004219409	0.494949494949495	0	0	0	1.0	True	1.0421045902058563
rescue_sweep	336	237	99	221	49	16	50	0.8185185185185185	0.9324894514767933	0.8717948717948718	0.22784810126582278	0.9240506329113924	0.6800000071525574	0.0010000000474974513	0.30000001192092896	1.4641350210970465	0.4092827004219409	0.494949494949495	0	0	0	1.0	True	1.0421045902058563
rescue_sweep	336	237	99	221	49	16	50	0.8185185185185185	0.9324894514767933	0.8717948717948718	0.22784810126582278	0.9240506329113924	0.6800000071525574	0.004999999888241291	0.0	1.4641350210970465	0.4092827004219409	0.494949494949495	0	0	0	1.0	True	1.0421045902058563
rescue_sweep	336	237	99	221	49	16	50	0.8185185185185185	0.9324894514767933	0.8717948717948718	0.22784810126582278	0.9240506329113924	0.6800000071525574	0.004999999888241291	0.05000000074505806	1.4641350210970465	0.4092827004219409	0.494949494949495	0	0	0	1.0	True	1.0421045902058563
rescue_sweep	336	237	99	221	49	16	50	0.8185185185185185	0.9324894514767933	0.8717948717948718	0.22784810126582278	0.9240506329113924	0.6800000071525574	0.004999999888241291	0.10000000149011612	1.4641350210970465	0.4092827004219409	0.494949494949495	0	0	0	1.0	True	1.0421045902058563
rescue_sweep	336	237	99	221	49	16	50	0.8185185185185185	0.9324894514767933	0.8717948717948718	0.22784810126582278	0.9240506329113924	0.6800000071525574	0.004999999888241291	0.15000000596046448	1.4641350210970465	0.4092827004219409	0.494949494949495	0	0	0	1.0	True	1.0421045902058563
rescue_sweep	336	237	99	221	49	16	50	0.8185185185185185	0.9324894514767933	0.8717948717948718	0.22784810126582278	0.9240506329113924	0.6800000071525574	0.004999999888241291	0.20000000298023224	1.4641350210970465	0.4092827004219409	0.494949494949495	0	0	0	1.0	True	1.0421045902058563
rescue_sweep	336	237	99	221	49	16	50	0.8185185185185185	0.9324894514767933	0.8717948717948718	0.22784810126582278	0.9240506329113924	0.6800000071525574	0.004999999888241291	0.25	1.4641350210970465	0.4092827004219409	0.494949494949495	0	0	0	1.0	True	1.0421045902058563
rescue_sweep	336	237	99	221	49	16	50	0.8185185185185185	0.9324894514767933	0.8717948717948718	0.22784810126582278	0.9240506329113924	0.6800000071525574	0.004999999888241291	0.30000001192092896	1.4641350210970465	0.4092827004219409	0.494949494949495	0	0	0	1.0	True	1.0421045902058563
rescue_sweep	336	237	99	221	49	16	50	0.8185185185185185	0.9324894514767933	0.8717948717948718	0.22784810126582278	0.9240506329113924	0.6800000071525574	0.009999999776482582	0.0	1.4641350210970465	0.4092827004219409	0.494949494949495	0	0	0	1.0	True	1.0421045902058563
rescue_sweep	336	237	99	221	49	16	50	0.8185185185185185	0.9324894514767933	0.8717948717948718	0.22784810126582278	0.9240506329113924	0.6800000071525574	0.009999999776482582	0.05000000074505806	1.4641350210970465	0.4092827004219409	0.494949494949495	0	0	0	1.0	True	1.0421045902058563
rescue_sweep	336	237	99	221	49	16	50	0.8185185185185185	0.9324894514767933	0.8717948717948718	0.22784810126582278	0.9240506329113924	0.6800000071525574	0.009999999776482582	0.10000000149011612	1.4641350210970465	0.4092827004219409	0.494949494949495	0	0	0	1.0	True	1.0421045902058563
rescue_sweep	336	237	99	221	49	16	50	0.8185185185185185	0.9324894514767933	0.8717948717948718	0.22784810126582278	0.9240506329113924	0.6800000071525574	0.009999999776482582	0.15000000596046448	1.4641350210970465	0.4092827004219409	0.494949494949495	0	0	0	1.0	True	1.0421045902058563
rescue_sweep	336	237	99	221	49	16	50	0.8185185185185185	0.9324894514767933	0.8717948717948718	0.22784810126582278	0.9240506329113924	0.6800000071525574	0.009999999776482582	0.20000000298023224	1.4641350210970465	0.4092827004219409	0.494949494949495	0	0	0	1.0	True	1.0421045902058563
rescue_sweep	336	237	99	221	49	16	50	0.8185185185185185	0.9324894514767933	0.8717948717948718	0.22784810126582278	0.9240506329113924	0.6800000071525574	0.009999999776482582	0.25	1.4641350210970465	0.4092827004219409	0.494949494949495	0	0	0	1.0	True	1.0421045902058563
rescue_sweep	336	237	99	221	49	16	50	0.8185185185185185	0.9324894514767933	0.8717948717948718	0.22784810126582278	0.9240506329113924	0.6800000071525574	0.009999999776482582	0.30000001192092896	1.4641350210970465	0.4092827004219409	0.494949494949495	0	0	0	1.0	True	1.0421045902058563
rescue_sweep	336	237	99	221	49	16	50	0.8185185185185185	0.9324894514767933	0.8717948717948718	0.22784810126582278	0.9240506329113924	0.6800000071525574	0.019999999552965164	0.0	1.4641350210970465	0.4092827004219409	0.494949494949495	0	0	0	1.0	True	1.0421045902058563
rescue_sweep	336	237	99	221	49	16	50	0.8185185185185185	0.9324894514767933	0.8717948717948718	0.22784810126582278	0.9240506329113924	0.6800000071525574	0.019999999552965164	0.05000000074505806	1.4641350210970465	0.4092827004219409	0.494949494949495	0	0	0	1.0	True	1.0421045902058563
rescue_sweep	336	237	99	221	49	16	50	0.8185185185185185	0.9324894514767933	0.8717948717948718	0.22784810126582278	0.9240506329113924	0.6800000071525574	0.019999999552965164	0.10000000149011612	1.4641350210970465	0.4092827004219409	0.494949494949495	0	0	0	1.0	True	1.0421045902058563
rescue_sweep	336	237	99	221	49	16	50	0.8185185185185185	0.9324894514767933	0.8717948717948718	0.22784810126582278	0.9240506329113924	0.6800000071525574	0.019999999552965164	0.15000000596046448	1.4641350210970465	0.4092827004219409	0.494949494949495	0	0	0	1.0	True	1.0421045902058563
rescue_sweep	336	237	99	221	49	16	50	0.8185185185185185	0.9324894514767933	0.8717948717948718	0.22784810126582278	0.9240506329113924	0.6800000071525574	0.019999999552965164	0.20000000298023224	1.4641350210970465	0.4092827004219409	0.494949494949495	0	0	0	1.0	True	1.0421045902058563
rescue_sweep	336	237	99	221	49	16	50	0.8185185185185185	0.9324894514767933	0.8717948717948718	0.22784810126582278	0.9240506329113924	0.6800000071525574	0.019999999552965164	0.25	1.4641350210970465	0.4092827004219409	0.494949494949495	0	0	0	1.0	True	1.0421045902058563
rescue_sweep	336	237	99	221	49	16	50	0.8185185185185185	0.9324894514767933	0.8717948717948718	0.22784810126582278	0.9240506329113924	0.6800000071525574	0.019999999552965164	0.30000001192092896	1.4641350210970465	0.4092827004219409	0.494949494949495	0	0	0	1.0	True	1.0421045902058563
rescue_sweep	336	237	99	221	49	16	50	0.8185185185185185	0.9324894514767933	0.8717948717948718	0.22784810126582278	0.9240506329113924	0.6800000071525574	0.05000000074505806	0.0	1.4641350210970465	0.4092827004219409	0.494949494949495	0	0	0	1.0	True	1.0421045902058563
rescue_sweep	336	237	99	221	49	16	50	0.8185185185185185	0.9324894514767933	0.8717948717948718	0.22784810126582278	0.9240506329113924	0.6800000071525574	0.05000000074505806	0.05000000074505806	1.4641350210970465	0.4092827004219409	0.494949494949495	0	0	0	1.0	True	1.0421045902058563
rescue_sweep	336	237	99	221	49	16	50	0.8185185185185185	0.9324894514767933	0.8717948717948718	0.22784810126582278	0.9240506329113924	0.6800000071525574	0.05000000074505806	0.10000000149011612	1.4641350210970465	0.4092827004219409	0.494949494949495	0	0	0	1.0	True	1.0421045902058563
rescue_sweep	336	237	99	221	49	16	50	0.8185185185185185	0.9324894514767933	0.8717948717948718	0.22784810126582278	0.9240506329113924	0.6800000071525574	0.05000000074505806	0.15000000596046448	1.4641350210970465	0.4092827004219409	0.494949494949495	0	0	0	1.0	True	1.0421045902058563
rescue_sweep	336	237	99	221	49	16	50	0.8185185185185185	0.9324894514767933	0.8717948717948718	0.22784810126582278	0.9240506329113924	0.6800000071525574	0.05000000074505806	0.20000000298023224	1.4641350210970465	0.4092827004219409	0.494949494949495	0	0	0	1.0	True	1.0421045902058563
rescue_sweep	336	237	99	221	49	16	50	0.8185185185185185	0.9324894514767933	0.8717948717948718	0.22784810126582278	0.9240506329113924	0.6800000071525574	0.05000000074505806	0.25	1.4641350210970465	0.4092827004219409	0.494949494949495	0	0	0	1.0	True	1.0421045902058563
rescue_sweep	336	237	99	221	49	16	50	0.8185185185185185	0.9324894514767933	0.8717948717948718	0.22784810126582278	0.9240506329113924	0.6800000071525574	0.05000000074505806	0.30000001192092896	1.4641350210970465	0.4092827004219409	0.494949494949495	0	0	0	1.0	True	1.0421045902058563
rescue_sweep	336	237	99	221	49	16	50	0.8185185185185185	0.9324894514767933	0.8717948717948718	0.22784810126582278	0.9240506329113924	0.6800000071525574	0.10000000149011612	0.0	1.4641350210970465	0.4092827004219409	0.494949494949495	0	0	0	1.0	True	1.0421045902058563
rescue_sweep	336	237	99	221	49	16	50	0.8185185185185185	0.9324894514767933	0.8717948717948718	0.22784810126582278	0.9240506329113924	0.6800000071525574	0.10000000149011612	0.05000000074505806	1.4641350210970465	0.4092827004219409	0.494949494949495	0	0	0	1.0	True	1.0421045902058563
rescue_sweep	336	237	99	221	49	16	50	0.8185185185185185	0.9324894514767933	0.8717948717948718	0.22784810126582278	0.9240506329113924	0.6800000071525574	0.10000000149011612	0.10000000149011612	1.4641350210970465	0.4092827004219409	0.494949494949495	0	0	0	1.0	True	1.0421045902058563
rescue_sweep	336	237	99	221	49	16	50	0.8185185185185185	0.9324894514767933	0.8717948717948718	0.22784810126582278	0.9240506329113924	0.6800000071525574	0.10000000149011612	0.15000000596046448	1.4641350210970465	0.4092827004219409	0.494949494949495	0	0	0	1.0	True	1.0421045902058563
rescue_sweep	336	237	99	221	49	16	50	0.8185185185185185	0.9324894514767933	0.8717948717948718	0.22784810126582278	0.9240506329113924	0.6800000071525574	0.10000000149011612	0.20000000298023224	1.4641350210970465	0.4092827004219409	0.494949494949495	0	0	0	1.0	True	1.0421045902058563
rescue_sweep	336	237	99	221	49	16	50	0.8185185185185185	0.9324894514767933	0.8717948717948718	0.22784810126582278	0.9240506329113924	0.6800000071525574	0.10000000149011612	0.25	1.4641350210970465	0.4092827004219409	0.494949494949495	0	0	0	1.0	True	1.0421045902058563
rescue_sweep	336	237	99	221	49	16	50	0.8185185185185185	0.9324894514767933	0.8717948717948718	0.22784810126582278	0.9240506329113924	0.6800000071525574	0.10000000149011612	0.30000001192092896	1.4641350210970465	0.4092827004219409	0.494949494949495	0	0	0	1.0	True	1.0421045902058563
rescue_sweep	336	237	99	221	49	16	50	0.8185185185185185	0.9324894514767933	0.8717948717948718	0.22784810126582278	0.9240506329113924	0.699999988079071	0.0	0.0	1.4641350210970465	0.4092827004219409	0.494949494949495	0	0	0	1.0	True	1.0421045902058563
rescue_sweep	336	237	99	221	49	16	50	0.8185185185185185	0.9324894514767933	0.8717948717948718	0.22784810126582278	0.9240506329113924	0.699999988079071	0.0	0.05000000074505806	1.4641350210970465	0.4092827004219409	0.494949494949495	0	0	0	1.0	True	1.0421045902058563
rescue_sweep	336	237	99	221	49	16	50	0.8185185185185185	0.9324894514767933	0.8717948717948718	0.22784810126582278	0.9240506329113924	0.699999988079071	0.0	0.10000000149011612	1.4641350210970465	0.4092827004219409	0.494949494949495	0	0	0	1.0	True	1.0421045902058563
rescue_sweep	336	237	99	221	49	16	50	0.8185185185185185	0.9324894514767933	0.8717948717948718	0.22784810126582278	0.9240506329113924	0.699999988079071	0.0	0.15000000596046448	1.4641350210970465	0.4092827004219409	0.494949494949495	0	0	0	1.0	True	1.0421045902058563
rescue_sweep	336	237	99	221	49	16	50	0.8185185185185185	0.9324894514767933	0.8717948717948718	0.22784810126582278	0.9240506329113924	0.699999988079071	0.0	0.20000000298023224	1.4641350210970465	0.4092827004219409	0.494949494949495	0	0	0	1.0	True	1.0421045902058563
rescue_sweep	336	237	99	221	49	16	50	0.8185185185185185	0.9324894514767933	0.8717948717948718	0.22784810126582278	0.9240506329113924	0.699999988079071	0.0	0.25	1.4641350210970465	0.4092827004219409	0.494949494949495	0	0	0	1.0	True	1.0421045902058563
rescue_sweep	336	237	99	221	49	16	50	0.8185185185185185	0.9324894514767933	0.8717948717948718	0.22784810126582278	0.9240506329113924	0.699999988079071	0.0	0.30000001192092896	1.4641350210970465	0.4092827004219409	0.494949494949495	0	0	0	1.0	True	1.0421045902058563
rescue_sweep	336	237	99	221	49	16	50	0.8185185185185185	0.9324894514767933	0.8717948717948718	0.22784810126582278	0.9240506329113924	0.699999988079071	0.0010000000474974513	0.0	1.4641350210970465	0.4092827004219409	0.494949494949495	0	0	0	1.0	True	1.0421045902058563
rescue_sweep	336	237	99	221	49	16	50	0.8185185185185185	0.9324894514767933	0.8717948717948718	0.22784810126582278	0.9240506329113924	0.699999988079071	0.0010000000474974513	0.05000000074505806	1.4641350210970465	0.4092827004219409	0.494949494949495	0	0	0	1.0	True	1.0421045902058563
rescue_sweep	336	237	99	221	49	16	50	0.8185185185185185	0.9324894514767933	0.8717948717948718	0.22784810126582278	0.9240506329113924	0.699999988079071	0.0010000000474974513	0.10000000149011612	1.4641350210970465	0.4092827004219409	0.494949494949495	0	0	0	1.0	True	1.0421045902058563
rescue_sweep	336	237	99	221	49	16	50	0.8185185185185185	0.9324894514767933	0.8717948717948718	0.22784810126582278	0.9240506329113924	0.699999988079071	0.0010000000474974513	0.15000000596046448	1.4641350210970465	0.4092827004219409	0.494949494949495	0	0	0	1.0	True	1.0421045902058563
rescue_sweep	336	237	99	221	49	16	50	0.8185185185185185	0.9324894514767933	0.8717948717948718	0.22784810126582278	0.9240506329113924	0.699999988079071	0.0010000000474974513	0.20000000298023224	1.4641350210970465	0.4092827004219409	0.494949494949495	0	0	0	1.0	True	1.0421045902058563
rescue_sweep	336	237	99	221	49	16	50	0.8185185185185185	0.9324894514767933	0.8717948717948718	0.22784810126582278	0.9240506329113924	0.699999988079071	0.0010000000474974513	0.25	1.4641350210970465	0.4092827004219409	0.494949494949495	0	0	0	1.0	True	1.0421045902058563
rescue_sweep	336	237	99	221	49	16	50	0.8185185185185185	0.9324894514767933	0.8717948717948718	0.22784810126582278	0.9240506329113924	0.699999988079071	0.0010000000474974513	0.30000001192092896	1.4641350210970465	0.4092827004219409	0.494949494949495	0	0	0	1.0	True	1.0421045902058563
rescue_sweep	336	237	99	221	49	16	50	0.8185185185185185	0.9324894514767933	0.8717948717948718	0.22784810126582278	0.9240506329113924	0.699999988079071	0.004999999888241291	0.0	1.4641350210970465	0.4092827004219409	0.494949494949495	0	0	0	1.0	True	1.0421045902058563
rescue_sweep	336	237	99	221	49	16	50	0.8185185185185185	0.9324894514767933	0.8717948717948718	0.22784810126582278	0.9240506329113924	0.699999988079071	0.004999999888241291	0.05000000074505806	1.4641350210970465	0.4092827004219409	0.494949494949495	0	0	0	1.0	True	1.0421045902058563
rescue_sweep	336	237	99	221	49	16	50	0.8185185185185185	0.9324894514767933	0.8717948717948718	0.22784810126582278	0.9240506329113924	0.699999988079071	0.004999999888241291	0.10000000149011612	1.4641350210970465	0.4092827004219409	0.494949494949495	0	0	0	1.0	True	1.0421045902058563
rescue_sweep	336	237	99	221	49	16	50	0.8185185185185185	0.9324894514767933	0.8717948717948718	0.22784810126582278	0.9240506329113924	0.699999988079071	0.004999999888241291	0.15000000596046448	1.4641350210970465	0.4092827004219409	0.494949494949495	0	0	0	1.0	True	1.0421045902058563
rescue_sweep	336	237	99	221	49	16	50	0.8185185185185185	0.9324894514767933	0.8717948717948718	0.22784810126582278	0.9240506329113924	0.699999988079071	0.004999999888241291	0.20000000298023224	1.4641350210970465	0.4092827004219409	0.494949494949495	0	0	0	1.0	True	1.0421045902058563
rescue_sweep	336	237	99	221	49	16	50	0.8185185185185185	0.9324894514767933	0.8717948717948718	0.22784810126582278	0.9240506329113924	0.699999988079071	0.004999999888241291	0.25	1.4641350210970465	0.4092827004219409	0.494949494949495	0	0	0	1.0	True	1.0421045902058563
rescue_sweep	336	237	99	221	49	16	50	0.8185185185185185	0.9324894514767933	0.8717948717948718	0.22784810126582278	0.9240506329113924	0.699999988079071	0.004999999888241291	0.30000001192092896	1.4641350210970465	0.4092827004219409	0.494949494949495	0	0	0	1.0	True	1.0421045902058563
rescue_sweep	336	237	99	221	49	16	50	0.8185185185185185	0.9324894514767933	0.8717948717948718	0.22784810126582278	0.9240506329113924	0.699999988079071	0.009999999776482582	0.0	1.4641350210970465	0.4092827004219409	0.494949494949495	0	0	0	1.0	True	1.0421045902058563
rescue_sweep	336	237	99	221	49	16	50	0.8185185185185185	0.9324894514767933	0.8717948717948718	0.22784810126582278	0.9240506329113924	0.699999988079071	0.009999999776482582	0.05000000074505806	1.4641350210970465	0.4092827004219409	0.494949494949495	0	0	0	1.0	True	1.0421045902058563
rescue_sweep	336	237	99	221	49	16	50	0.8185185185185185	0.9324894514767933	0.8717948717948718	0.22784810126582278	0.9240506329113924	0.699999988079071	0.009999999776482582	0.10000000149011612	1.4641350210970465	0.4092827004219409	0.494949494949495	0	0	0	1.0	True	1.0421045902058563
rescue_sweep	336	237	99	221	49	16	50	0.8185185185185185	0.9324894514767933	0.8717948717948718	0.22784810126582278	0.9240506329113924	0.699999988079071	0.009999999776482582	0.15000000596046448	1.4641350210970465	0.4092827004219409	0.494949494949495	0	0	0	1.0	True	1.0421045902058563
rescue_sweep	336	237	99	221	49	16	50	0.8185185185185185	0.9324894514767933	0.8717948717948718	0.22784810126582278	0.9240506329113924	0.699999988079071	0.009999999776482582	0.20000000298023224	1.4641350210970465	0.4092827004219409	0.494949494949495	0	0	0	1.0	True	1.0421045902058563
rescue_sweep	336	237	99	221	49	16	50	0.8185185185185185	0.9324894514767933	0.8717948717948718	0.22784810126582278	0.9240506329113924	0.699999988079071	0.009999999776482582	0.25	1.4641350210970465	0.4092827004219409	0.494949494949495	0	0	0	1.0	True	1.0421045902058563
rescue_sweep	336	237	99	221	49	16	50	0.8185185185185185	0.9324894514767933	0.8717948717948718	0.22784810126582278	0.9240506329113924	0.699999988079071	0.009999999776482582	0.30000001192092896	1.4641350210970465	0.4092827004219409	0.494949494949495	0	0	0	1.0	True	1.0421045902058563
rescue_sweep	336	237	99	221	49	16	50	0.8185185185185185	0.9324894514767933	0.8717948717948718	0.22784810126582278	0.9240506329113924	0.699999988079071	0.019999999552965164	0.0	1.4641350210970465	0.4092827004219409	0.494949494949495	0	0	0	1.0	True	1.0421045902058563
rescue_sweep	336	237	99	221	49	16	50	0.8185185185185185	0.9324894514767933	0.8717948717948718	0.22784810126582278	0.9240506329113924	0.699999988079071	0.019999999552965164	0.05000000074505806	1.4641350210970465	0.4092827004219409	0.494949494949495	0	0	0	1.0	True	1.0421045902058563
rescue_sweep	336	237	99	221	49	16	50	0.8185185185185185	0.9324894514767933	0.8717948717948718	0.22784810126582278	0.9240506329113924	0.699999988079071	0.019999999552965164	0.10000000149011612	1.4641350210970465	0.4092827004219409	0.494949494949495	0	0	0	1.0	True	1.0421045902058563
rescue_sweep	336	237	99	221	49	16	50	0.8185185185185185	0.9324894514767933	0.8717948717948718	0.22784810126582278	0.9240506329113924	0.699999988079071	0.019999999552965164	0.15000000596046448	1.4641350210970465	0.4092827004219409	0.494949494949495	0	0	0	1.0	True	1.0421045902058563
rescue_sweep	336	237	99	221	49	16	50	0.8185185185185185	0.9324894514767933	0.8717948717948718	0.22784810126582278	0.9240506329113924	0.699999988079071	0.019999999552965164	0.20000000298023224	1.4641350210970465	0.4092827004219409	0.494949494949495	0	0	0	1.0	True	1.0421045902058563
rescue_sweep	336	237	99	221	49	16	50	0.8185185185185185	0.9324894514767933	0.8717948717948718	0.22784810126582278	0.9240506329113924	0.699999988079071	0.019999999552965164	0.25	1.4641350210970465	0.4092827004219409	0.494949494949495	0	0	0	1.0	True	1.0421045902058563
rescue_sweep	336	237	99	221	49	16	50	0.8185185185185185	0.9324894514767933	0.8717948717948718	0.22784810126582278	0.9240506329113924	0.699999988079071	0.019999999552965164	0.30000001192092896	1.4641350210970465	0.4092827004219409	0.494949494949495	0	0	0	1.0	True	1.0421045902058563
rescue_sweep	336	237	99	221	49	16	50	0.8185185185185185	0.9324894514767933	0.8717948717948718	0.22784810126582278	0.9240506329113924	0.699999988079071	0.05000000074505806	0.0	1.4641350210970465	0.4092827004219409	0.494949494949495	0	0	0	1.0	True	1.0421045902058563
rescue_sweep	336	237	99	221	49	16	50	0.8185185185185185	0.9324894514767933	0.8717948717948718	0.22784810126582278	0.9240506329113924	0.699999988079071	0.05000000074505806	0.05000000074505806	1.4641350210970465	0.4092827004219409	0.494949494949495	0	0	0	1.0	True	1.0421045902058563
rescue_sweep	336	237	99	221	49	16	50	0.8185185185185185	0.9324894514767933	0.8717948717948718	0.22784810126582278	0.9240506329113924	0.699999988079071	0.05000000074505806	0.10000000149011612	1.4641350210970465	0.4092827004219409	0.494949494949495	0	0	0	1.0	True	1.0421045902058563
rescue_sweep	336	237	99	221	49	16	50	0.8185185185185185	0.9324894514767933	0.8717948717948718	0.22784810126582278	0.9240506329113924	0.699999988079071	0.05000000074505806	0.15000000596046448	1.4641350210970465	0.4092827004219409	0.494949494949495	0	0	0	1.0	True	1.0421045902058563
rescue_sweep	336	237	99	221	49	16	50	0.8185185185185185	0.9324894514767933	0.8717948717948718	0.22784810126582278	0.9240506329113924	0.699999988079071	0.05000000074505806	0.20000000298023224	1.4641350210970465	0.4092827004219409	0.494949494949495	0	0	0	1.0	True	1.0421045902058563
rescue_sweep	336	237	99	221	49	16	50	0.8185185185185185	0.9324894514767933	0.8717948717948718	0.22784810126582278	0.9240506329113924	0.699999988079071	0.05000000074505806	0.25	1.4641350210970465	0.4092827004219409	0.494949494949495	0	0	0	1.0	True	1.0421045902058563
rescue_sweep	336	237	99	221	49	16	50	0.8185185185185185	0.9324894514767933	0.8717948717948718	0.22784810126582278	0.9240506329113924	0.699999988079071	0.05000000074505806	0.30000001192092896	1.4641350210970465	0.4092827004219409	0.494949494949495	0	0	0	1.0	True	1.0421045902058563
rescue_sweep	336	237	99	221	49	16	50	0.8185185185185185	0.9324894514767933	0.8717948717948718	0.22784810126582278	0.9240506329113924	0.699999988079071	0.10000000149011612	0.0	1.4641350210970465	0.4092827004219409	0.494949494949495	0	0	0	1.0	True	1.0421045902058563
rescue_sweep	336	237	99	221	49	16	50	0.8185185185185185	0.9324894514767933	0.8717948717948718	0.22784810126582278	0.9240506329113924	0.699999988079071	0.10000000149011612	0.05000000074505806	1.4641350210970465	0.4092827004219409	0.494949494949495	0	0	0	1.0	True	1.0421045902058563
rescue_sweep	336	237	99	221	49	16	50	0.8185185185185185	0.9324894514767933	0.8717948717948718	0.22784810126582278	0.9240506329113924	0.699999988079071	0.10000000149011612	0.10000000149011612	1.4641350210970465	0.4092827004219409	0.494949494949495	0	0	0	1.0	True	1.0421045902058563
rescue_sweep	336	237	99	221	49	16	50	0.8185185185185185	0.9324894514767933	0.8717948717948718	0.22784810126582278	0.9240506329113924	0.699999988079071	0.10000000149011612	0.15000000596046448	1.4641350210970465	0.4092827004219409	0.494949494949495	0	0	0	1.0	True	1.0421045902058563
rescue_sweep	336	237	99	221	49	16	50	0.8185185185185185	0.9324894514767933	0.8717948717948718	0.22784810126582278	0.9240506329113924	0.699999988079071	0.10000000149011612	0.20000000298023224	1.4641350210970465	0.4092827004219409	0.494949494949495	0	0	0	1.0	True	1.0421045902058563
rescue_sweep	336	237	99	221	49	16	50	0.8185185185185185	0.9324894514767933	0.8717948717948718	0.22784810126582278	0.9240506329113924	0.699999988079071	0.10000000149011612	0.25	1.4641350210970465	0.4092827004219409	0.494949494949495	0	0	0	1.0	True	1.0421045902058563
rescue_sweep	336	237	99	221	49	16	50	0.8185185185185185	0.9324894514767933	0.8717948717948718	0.22784810126582278	0.9240506329113924	0.699999988079071	0.10000000149011612	0.30000001192092896	1.4641350210970465	0.4092827004219409	0.494949494949495	0	0	0	1.0	True	1.0421045902058563
rescue_sweep	336	237	99	221	49	16	50	0.8185185185185185	0.9324894514767933	0.8717948717948718	0.22784810126582278	0.9240506329113924	0.7200000286102295	0.0	0.0	1.4641350210970465	0.4092827004219409	0.494949494949495	0	0	0	1.0	True	1.0421045902058563
rescue_sweep	336	237	99	221	49	16	50	0.8185185185185185	0.9324894514767933	0.8717948717948718	0.22784810126582278	0.9240506329113924	0.7200000286102295	0.0	0.05000000074505806	1.4641350210970465	0.4092827004219409	0.494949494949495	0	0	0	1.0	True	1.0421045902058563
rescue_sweep	336	237	99	221	49	16	50	0.8185185185185185	0.9324894514767933	0.8717948717948718	0.22784810126582278	0.9240506329113924	0.7200000286102295	0.0	0.10000000149011612	1.4641350210970465	0.4092827004219409	0.494949494949495	0	0	0	1.0	True	1.0421045902058563
rescue_sweep	336	237	99	221	49	16	50	0.8185185185185185	0.9324894514767933	0.8717948717948718	0.22784810126582278	0.9240506329113924	0.7200000286102295	0.0	0.15000000596046448	1.4641350210970465	0.4092827004219409	0.494949494949495	0	0	0	1.0	True	1.0421045902058563
rescue_sweep	336	237	99	221	49	16	50	0.8185185185185185	0.9324894514767933	0.8717948717948718	0.22784810126582278	0.9240506329113924	0.7200000286102295	0.0	0.20000000298023224	1.4641350210970465	0.4092827004219409	0.494949494949495	0	0	0	1.0	True	1.0421045902058563
rescue_sweep	336	237	99	221	49	16	50	0.8185185185185185	0.9324894514767933	0.8717948717948718	0.22784810126582278	0.9240506329113924	0.7200000286102295	0.0	0.25	1.4641350210970465	0.4092827004219409	0.494949494949495	0	0	0	1.0	True	1.0421045902058563
rescue_sweep	336	237	99	221	49	16	50	0.8185185185185185	0.9324894514767933	0.8717948717948718	0.22784810126582278	0.9240506329113924	0.7200000286102295	0.0	0.30000001192092896	1.4641350210970465	0.4092827004219409	0.494949494949495	0	0	0	1.0	True	1.0421045902058563
rescue_sweep	336	237	99	221	49	16	50	0.8185185185185185	0.9324894514767933	0.8717948717948718	0.22784810126582278	0.9240506329113924	0.7200000286102295	0.0010000000474974513	0.0	1.4641350210970465	0.4092827004219409	0.494949494949495	0	0	0	1.0	True	1.0421045902058563
rescue_sweep	336	237	99	221	49	16	50	0.8185185185185185	0.9324894514767933	0.8717948717948718	0.22784810126582278	0.9240506329113924	0.7200000286102295	0.0010000000474974513	0.05000000074505806	1.4641350210970465	0.4092827004219409	0.494949494949495	0	0	0	1.0	True	1.0421045902058563
rescue_sweep	336	237	99	221	49	16	50	0.8185185185185185	0.9324894514767933	0.8717948717948718	0.22784810126582278	0.9240506329113924	0.7200000286102295	0.0010000000474974513	0.10000000149011612	1.4641350210970465	0.4092827004219409	0.494949494949495	0	0	0	1.0	True	1.0421045902058563
rescue_sweep	336	237	99	221	49	16	50	0.8185185185185185	0.9324894514767933	0.8717948717948718	0.22784810126582278	0.9240506329113924	0.7200000286102295	0.0010000000474974513	0.15000000596046448	1.4641350210970465	0.4092827004219409	0.494949494949495	0	0	0	1.0	True	1.0421045902058563
rescue_sweep	336	237	99	221	49	16	50	0.8185185185185185	0.9324894514767933	0.8717948717948718	0.22784810126582278	0.9240506329113924	0.7200000286102295	0.0010000000474974513	0.20000000298023224	1.4641350210970465	0.4092827004219409	0.494949494949495	0	0	0	1.0	True	1.0421045902058563
rescue_sweep	336	237	99	221	49	16	50	0.8185185185185185	0.9324894514767933	0.8717948717948718	0.22784810126582278	0.9240506329113924	0.7200000286102295	0.0010000000474974513	0.25	1.4641350210970465	0.4092827004219409	0.494949494949495	0	0	0	1.0	True	1.0421045902058563
rescue_sweep	336	237	99	221	49	16	50	0.8185185185185185	0.9324894514767933	0.8717948717948718	0.22784810126582278	0.9240506329113924	0.7200000286102295	0.0010000000474974513	0.30000001192092896	1.4641350210970465	0.4092827004219409	0.494949494949495	0	0	0	1.0	True	1.0421045902058563
rescue_sweep	336	237	99	221	49	16	50	0.8185185185185185	0.9324894514767933	0.8717948717948718	0.22784810126582278	0.9240506329113924	0.7200000286102295	0.004999999888241291	0.0	1.4641350210970465	0.4092827004219409	0.494949494949495	0	0	0	1.0	True	1.0421045902058563
rescue_sweep	336	237	99	221	49	16	50	0.8185185185185185	0.9324894514767933	0.8717948717948718	0.22784810126582278	0.9240506329113924	0.7200000286102295	0.004999999888241291	0.05000000074505806	1.4641350210970465	0.4092827004219409	0.494949494949495	0	0	0	1.0	True	1.0421045902058563
rescue_sweep	336	237	99	221	49	16	50	0.8185185185185185	0.9324894514767933	0.8717948717948718	0.22784810126582278	0.9240506329113924	0.7200000286102295	0.004999999888241291	0.10000000149011612	1.4641350210970465	0.4092827004219409	0.494949494949495	0	0	0	1.0	True	1.0421045902058563
rescue_sweep	336	237	99	221	49	16	50	0.8185185185185185	0.9324894514767933	0.8717948717948718	0.22784810126582278	0.9240506329113924	0.7200000286102295	0.004999999888241291	0.15000000596046448	1.4641350210970465	0.4092827004219409	0.494949494949495	0	0	0	1.0	True	1.0421045902058563
rescue_sweep	336	237	99	221	49	16	50	0.8185185185185185	0.9324894514767933	0.8717948717948718	0.22784810126582278	0.9240506329113924	0.7200000286102295	0.004999999888241291	0.20000000298023224	1.4641350210970465	0.4092827004219409	0.494949494949495	0	0	0	1.0	True	1.0421045902058563
rescue_sweep	336	237	99	221	49	16	50	0.8185185185185185	0.9324894514767933	0.8717948717948718	0.22784810126582278	0.9240506329113924	0.7200000286102295	0.004999999888241291	0.25	1.4641350210970465	0.4092827004219409	0.494949494949495	0	0	0	1.0	True	1.0421045902058563
rescue_sweep	336	237	99	221	49	16	50	0.8185185185185185	0.9324894514767933	0.8717948717948718	0.22784810126582278	0.9240506329113924	0.7200000286102295	0.004999999888241291	0.30000001192092896	1.4641350210970465	0.4092827004219409	0.494949494949495	0	0	0	1.0	True	1.0421045902058563
rescue_sweep	336	237	99	221	49	16	50	0.8185185185185185	0.9324894514767933	0.8717948717948718	0.22784810126582278	0.9240506329113924	0.7200000286102295	0.009999999776482582	0.0	1.4641350210970465	0.4092827004219409	0.494949494949495	0	0	0	1.0	True	1.0421045902058563
rescue_sweep	336	237	99	221	49	16	50	0.8185185185185185	0.9324894514767933	0.8717948717948718	0.22784810126582278	0.9240506329113924	0.7200000286102295	0.009999999776482582	0.05000000074505806	1.4641350210970465	0.4092827004219409	0.494949494949495	0	0	0	1.0	True	1.0421045902058563
rescue_sweep	336	237	99	221	49	16	50	0.8185185185185185	0.9324894514767933	0.8717948717948718	0.22784810126582278	0.9240506329113924	0.7200000286102295	0.009999999776482582	0.10000000149011612	1.4641350210970465	0.4092827004219409	0.494949494949495	0	0	0	1.0	True	1.0421045902058563
rescue_sweep	336	237	99	221	49	16	50	0.8185185185185185	0.9324894514767933	0.8717948717948718	0.22784810126582278	0.9240506329113924	0.7200000286102295	0.009999999776482582	0.15000000596046448	1.4641350210970465	0.4092827004219409	0.494949494949495	0	0	0	1.0	True	1.0421045902058563
rescue_sweep	336	237	99	221	49	16	50	0.8185185185185185	0.9324894514767933	0.8717948717948718	0.22784810126582278	0.9240506329113924	0.7200000286102295	0.009999999776482582	0.20000000298023224	1.4641350210970465	0.4092827004219409	0.494949494949495	0	0	0	1.0	True	1.0421045902058563
rescue_sweep	336	237	99	221	49	16	50	0.8185185185185185	0.9324894514767933	0.8717948717948718	0.22784810126582278	0.9240506329113924	0.7200000286102295	0.009999999776482582	0.25	1.4641350210970465	0.4092827004219409	0.494949494949495	0	0	0	1.0	True	1.0421045902058563
rescue_sweep	336	237	99	221	49	16	50	0.8185185185185185	0.9324894514767933	0.8717948717948718	0.22784810126582278	0.9240506329113924	0.7200000286102295	0.009999999776482582	0.30000001192092896	1.4641350210970465	0.4092827004219409	0.494949494949495	0	0	0	1.0	True	1.0421045902058563
rescue_sweep	336	237	99	221	49	16	50	0.8185185185185185	0.9324894514767933	0.8717948717948718	0.22784810126582278	0.9240506329113924	0.7200000286102295	0.019999999552965164	0.0	1.4641350210970465	0.4092827004219409	0.494949494949495	0	0	0	1.0	True	1.0421045902058563
rescue_sweep	336	237	99	221	49	16	50	0.8185185185185185	0.9324894514767933	0.8717948717948718	0.22784810126582278	0.9240506329113924	0.7200000286102295	0.019999999552965164	0.05000000074505806	1.4641350210970465	0.4092827004219409	0.494949494949495	0	0	0	1.0	True	1.0421045902058563
rescue_sweep	336	237	99	221	49	16	50	0.8185185185185185	0.9324894514767933	0.8717948717948718	0.22784810126582278	0.9240506329113924	0.7200000286102295	0.019999999552965164	0.10000000149011612	1.4641350210970465	0.4092827004219409	0.494949494949495	0	0	0	1.0	True	1.0421045902058563
rescue_sweep	336	237	99	221	49	16	50	0.8185185185185185	0.9324894514767933	0.8717948717948718	0.22784810126582278	0.9240506329113924	0.7200000286102295	0.019999999552965164	0.15000000596046448	1.4641350210970465	0.4092827004219409	0.494949494949495	0	0	0	1.0	True	1.0421045902058563
rescue_sweep	336	237	99	221	49	16	50	0.8185185185185185	0.9324894514767933	0.8717948717948718	0.22784810126582278	0.9240506329113924	0.7200000286102295	0.019999999552965164	0.20000000298023224	1.4641350210970465	0.4092827004219409	0.494949494949495	0	0	0	1.0	True	1.0421045902058563
rescue_sweep	336	237	99	221	49	16	50	0.8185185185185185	0.9324894514767933	0.8717948717948718	0.22784810126582278	0.9240506329113924	0.7200000286102295	0.019999999552965164	0.25	1.4641350210970465	0.4092827004219409	0.494949494949495	0	0	0	1.0	True	1.0421045902058563
rescue_sweep	336	237	99	221	49	16	50	0.8185185185185185	0.9324894514767933	0.8717948717948718	0.22784810126582278	0.9240506329113924	0.7200000286102295	0.019999999552965164	0.30000001192092896	1.4641350210970465	0.4092827004219409	0.494949494949495	0	0	0	1.0	True	1.0421045902058563
rescue_sweep	336	237	99	221	49	16	50	0.8185185185185185	0.9324894514767933	0.8717948717948718	0.22784810126582278	0.9240506329113924	0.7200000286102295	0.05000000074505806	0.0	1.4641350210970465	0.4092827004219409	0.494949494949495	0	0	0	1.0	True	1.0421045902058563
rescue_sweep	336	237	99	221	49	16	50	0.8185185185185185	0.9324894514767933	0.8717948717948718	0.22784810126582278	0.9240506329113924	0.7200000286102295	0.05000000074505806	0.05000000074505806	1.4641350210970465	0.4092827004219409	0.494949494949495	0	0	0	1.0	True	1.0421045902058563
rescue_sweep	336	237	99	221	49	16	50	0.8185185185185185	0.9324894514767933	0.8717948717948718	0.22784810126582278	0.9240506329113924	0.7200000286102295	0.05000000074505806	0.10000000149011612	1.4641350210970465	0.4092827004219409	0.494949494949495	0	0	0	1.0	True	1.0421045902058563
rescue_sweep	336	237	99	221	49	16	50	0.8185185185185185	0.9324894514767933	0.8717948717948718	0.22784810126582278	0.9240506329113924	0.7200000286102295	0.05000000074505806	0.15000000596046448	1.4641350210970465	0.4092827004219409	0.494949494949495	0	0	0	1.0	True	1.0421045902058563
rescue_sweep	336	237	99	221	49	16	50	0.8185185185185185	0.9324894514767933	0.8717948717948718	0.22784810126582278	0.9240506329113924	0.7200000286102295	0.05000000074505806	0.20000000298023224	1.4641350210970465	0.4092827004219409	0.494949494949495	0	0	0	1.0	True	1.0421045902058563
rescue_sweep	336	237	99	221	49	16	50	0.8185185185185185	0.9324894514767933	0.8717948717948718	0.22784810126582278	0.9240506329113924	0.7200000286102295	0.05000000074505806	0.25	1.4641350210970465	0.4092827004219409	0.494949494949495	0	0	0	1.0	True	1.0421045902058563
rescue_sweep	336	237	99	221	49	16	50	0.8185185185185185	0.9324894514767933	0.8717948717948718	0.22784810126582278	0.9240506329113924	0.7200000286102295	0.05000000074505806	0.30000001192092896	1.4641350210970465	0.4092827004219409	0.494949494949495	0	0	0	1.0	True	1.0421045902058563
rescue_sweep	336	237	99	221	49	16	50	0.8185185185185185	0.9324894514767933	0.8717948717948718	0.22784810126582278	0.9240506329113924	0.7200000286102295	0.10000000149011612	0.0	1.4641350210970465	0.4092827004219409	0.494949494949495	0	0	0	1.0	True	1.0421045902058563
rescue_sweep	336	237	99	221	49	16	50	0.8185185185185185	0.9324894514767933	0.8717948717948718	0.22784810126582278	0.9240506329113924	0.7200000286102295	0.10000000149011612	0.05000000074505806	1.4641350210970465	0.4092827004219409	0.494949494949495	0	0	0	1.0	True	1.0421045902058563
rescue_sweep	336	237	99	221	49	16	50	0.8185185185185185	0.9324894514767933	0.8717948717948718	0.22784810126582278	0.9240506329113924	0.7200000286102295	0.10000000149011612	0.10000000149011612	1.4641350210970465	0.4092827004219409	0.494949494949495	0	0	0	1.0	True	1.0421045902058563
rescue_sweep	336	237	99	221	49	16	50	0.8185185185185185	0.9324894514767933	0.8717948717948718	0.22784810126582278	0.9240506329113924	0.7200000286102295	0.10000000149011612	0.15000000596046448	1.4641350210970465	0.4092827004219409	0.494949494949495	0	0	0	1.0	True	1.0421045902058563
rescue_sweep	336	237	99	221	49	16	50	0.8185185185185185	0.9324894514767933	0.8717948717948718	0.22784810126582278	0.9240506329113924	0.7200000286102295	0.10000000149011612	0.20000000298023224	1.4641350210970465	0.4092827004219409	0.494949494949495	0	0	0	1.0	True	1.0421045902058563
rescue_sweep	336	237	99	221	49	16	50	0.8185185185185185	0.9324894514767933	0.8717948717948718	0.22784810126582278	0.9240506329113924	0.7200000286102295	0.10000000149011612	0.25	1.4641350210970465	0.4092827004219409	0.494949494949495	0	0	0	1.0	True	1.0421045902058563
rescue_sweep	336	237	99	221	49	16	50	0.8185185185185185	0.9324894514767933	0.8717948717948718	0.22784810126582278	0.9240506329113924	0.7200000286102295	0.10000000149011612	0.30000001192092896	1.4641350210970465	0.4092827004219409	0.494949494949495	0	0	0	1.0	True	1.0421045902058563
rescue_sweep	336	237	99	221	49	16	50	0.8185185185185185	0.9324894514767933	0.8717948717948718	0.22784810126582278	0.9240506329113924	0.7400000095367432	0.0	0.0	1.4641350210970465	0.4092827004219409	0.494949494949495	0	0	0	1.0	True	1.0421045902058563
rescue_sweep	336	237	99	221	49	16	50	0.8185185185185185	0.9324894514767933	0.8717948717948718	0.22784810126582278	0.9240506329113924	0.7400000095367432	0.0	0.05000000074505806	1.4641350210970465	0.4092827004219409	0.494949494949495	0	0	0	1.0	True	1.0421045902058563
rescue_sweep	336	237	99	221	49	16	50	0.8185185185185185	0.9324894514767933	0.8717948717948718	0.22784810126582278	0.9240506329113924	0.7400000095367432	0.0	0.10000000149011612	1.4641350210970465	0.4092827004219409	0.494949494949495	0	0	0	1.0	True	1.0421045902058563
rescue_sweep	336	237	99	221	49	16	50	0.8185185185185185	0.9324894514767933	0.8717948717948718	0.22784810126582278	0.9240506329113924	0.7400000095367432	0.0	0.15000000596046448	1.4641350210970465	0.4092827004219409	0.494949494949495	0	0	0	1.0	True	1.0421045902058563
rescue_sweep	336	237	99	221	49	16	50	0.8185185185185185	0.9324894514767933	0.8717948717948718	0.22784810126582278	0.9240506329113924	0.7400000095367432	0.0	0.20000000298023224	1.4641350210970465	0.4092827004219409	0.494949494949495	0	0	0	1.0	True	1.0421045902058563
rescue_sweep	336	237	99	221	49	16	50	0.8185185185185185	0.9324894514767933	0.8717948717948718	0.22784810126582278	0.9240506329113924	0.7400000095367432	0.0	0.25	1.4641350210970465	0.4092827004219409	0.494949494949495	0	0	0	1.0	True	1.0421045902058563
rescue_sweep	336	237	99	221	49	16	50	0.8185185185185185	0.9324894514767933	0.8717948717948718	0.22784810126582278	0.9240506329113924	0.7400000095367432	0.0	0.30000001192092896	1.4641350210970465	0.4092827004219409	0.494949494949495	0	0	0	1.0	True	1.0421045902058563
rescue_sweep	336	237	99	221	49	16	50	0.8185185185185185	0.9324894514767933	0.8717948717948718	0.22784810126582278	0.9240506329113924	0.7400000095367432	0.0010000000474974513	0.0	1.4641350210970465	0.4092827004219409	0.494949494949495	0	0	0	1.0	True	1.0421045902058563
rescue_sweep	336	237	99	221	49	16	50	0.8185185185185185	0.9324894514767933	0.8717948717948718	0.22784810126582278	0.9240506329113924	0.7400000095367432	0.0010000000474974513	0.05000000074505806	1.4641350210970465	0.4092827004219409	0.494949494949495	0	0	0	1.0	True	1.0421045902058563
rescue_sweep	336	237	99	221	49	16	50	0.8185185185185185	0.9324894514767933	0.8717948717948718	0.22784810126582278	0.9240506329113924	0.7400000095367432	0.0010000000474974513	0.10000000149011612	1.4641350210970465	0.4092827004219409	0.494949494949495	0	0	0	1.0	True	1.0421045902058563
rescue_sweep	336	237	99	221	49	16	50	0.8185185185185185	0.9324894514767933	0.8717948717948718	0.22784810126582278	0.9240506329113924	0.7400000095367432	0.0010000000474974513	0.15000000596046448	1.4641350210970465	0.4092827004219409	0.494949494949495	0	0	0	1.0	True	1.0421045902058563
rescue_sweep	336	237	99	221	49	16	50	0.8185185185185185	0.9324894514767933	0.8717948717948718	0.22784810126582278	0.9240506329113924	0.7400000095367432	0.0010000000474974513	0.20000000298023224	1.4641350210970465	0.4092827004219409	0.494949494949495	0	0	0	1.0	True	1.0421045902058563
rescue_sweep	336	237	99	221	49	16	50	0.8185185185185185	0.9324894514767933	0.8717948717948718	0.22784810126582278	0.9240506329113924	0.7400000095367432	0.0010000000474974513	0.25	1.4641350210970465	0.4092827004219409	0.494949494949495	0	0	0	1.0	True	1.0421045902058563
rescue_sweep	336	237	99	221	49	16	50	0.8185185185185185	0.9324894514767933	0.8717948717948718	0.22784810126582278	0.9240506329113924	0.7400000095367432	0.0010000000474974513	0.30000001192092896	1.4641350210970465	0.4092827004219409	0.494949494949495	0	0	0	1.0	True	1.0421045902058563
rescue_sweep	336	237	99	221	49	16	50	0.8185185185185185	0.9324894514767933	0.8717948717948718	0.22784810126582278	0.9240506329113924	0.7400000095367432	0.004999999888241291	0.0	1.4641350210970465	0.4092827004219409	0.494949494949495	0	0	0	1.0	True	1.0421045902058563
rescue_sweep	336	237	99	221	49	16	50	0.8185185185185185	0.9324894514767933	0.8717948717948718	0.22784810126582278	0.9240506329113924	0.7400000095367432	0.004999999888241291	0.05000000074505806	1.4641350210970465	0.4092827004219409	0.494949494949495	0	0	0	1.0	True	1.0421045902058563
rescue_sweep	336	237	99	221	49	16	50	0.8185185185185185	0.9324894514767933	0.8717948717948718	0.22784810126582278	0.9240506329113924	0.7400000095367432	0.004999999888241291	0.10000000149011612	1.4641350210970465	0.4092827004219409	0.494949494949495	0	0	0	1.0	True	1.0421045902058563
rescue_sweep	336	237	99	221	49	16	50	0.8185185185185185	0.9324894514767933	0.8717948717948718	0.22784810126582278	0.9240506329113924	0.7400000095367432	0.004999999888241291	0.15000000596046448	1.4641350210970465	0.4092827004219409	0.494949494949495	0	0	0	1.0	True	1.0421045902058563
rescue_sweep	336	237	99	221	49	16	50	0.8185185185185185	0.9324894514767933	0.8717948717948718	0.22784810126582278	0.9240506329113924	0.7400000095367432	0.004999999888241291	0.20000000298023224	1.4641350210970465	0.4092827004219409	0.494949494949495	0	0	0	1.0	True	1.0421045902058563
rescue_sweep	336	237	99	221	49	16	50	0.8185185185185185	0.9324894514767933	0.8717948717948718	0.22784810126582278	0.9240506329113924	0.7400000095367432	0.004999999888241291	0.25	1.4641350210970465	0.4092827004219409	0.494949494949495	0	0	0	1.0	True	1.0421045902058563
rescue_sweep	336	237	99	221	49	16	50	0.8185185185185185	0.9324894514767933	0.8717948717948718	0.22784810126582278	0.9240506329113924	0.7400000095367432	0.004999999888241291	0.30000001192092896	1.4641350210970465	0.4092827004219409	0.494949494949495	0	0	0	1.0	True	1.0421045902058563
rescue_sweep	336	237	99	221	49	16	50	0.8185185185185185	0.9324894514767933	0.8717948717948718	0.22784810126582278	0.9240506329113924	0.7400000095367432	0.009999999776482582	0.0	1.4641350210970465	0.4092827004219409	0.494949494949495	0	0	0	1.0	True	1.0421045902058563
rescue_sweep	336	237	99	221	49	16	50	0.8185185185185185	0.9324894514767933	0.8717948717948718	0.22784810126582278	0.9240506329113924	0.7400000095367432	0.009999999776482582	0.05000000074505806	1.4641350210970465	0.4092827004219409	0.494949494949495	0	0	0	1.0	True	1.0421045902058563
rescue_sweep	336	237	99	221	49	16	50	0.8185185185185185	0.9324894514767933	0.8717948717948718	0.22784810126582278	0.9240506329113924	0.7400000095367432	0.009999999776482582	0.10000000149011612	1.4641350210970465	0.4092827004219409	0.494949494949495	0	0	0	1.0	True	1.0421045902058563
rescue_sweep	336	237	99	221	49	16	50	0.8185185185185185	0.9324894514767933	0.8717948717948718	0.22784810126582278	0.9240506329113924	0.7400000095367432	0.009999999776482582	0.15000000596046448	1.4641350210970465	0.4092827004219409	0.494949494949495	0	0	0	1.0	True	1.0421045902058563
rescue_sweep	336	237	99	221	49	16	50	0.8185185185185185	0.9324894514767933	0.8717948717948718	0.22784810126582278	0.9240506329113924	0.7400000095367432	0.009999999776482582	0.20000000298023224	1.4641350210970465	0.4092827004219409	0.494949494949495	0	0	0	1.0	True	1.0421045902058563
rescue_sweep	336	237	99	221	49	16	50	0.8185185185185185	0.9324894514767933	0.8717948717948718	0.22784810126582278	0.9240506329113924	0.7400000095367432	0.009999999776482582	0.25	1.4641350210970465	0.4092827004219409	0.494949494949495	0	0	0	1.0	True	1.0421045902058563
rescue_sweep	336	237	99	221	49	16	50	0.8185185185185185	0.9324894514767933	0.8717948717948718	0.22784810126582278	0.9240506329113924	0.7400000095367432	0.009999999776482582	0.30000001192092896	1.4641350210970465	0.4092827004219409	0.494949494949495	0	0	0	1.0	True	1.0421045902058563
rescue_sweep	336	237	99	221	49	16	50	0.8185185185185185	0.9324894514767933	0.8717948717948718	0.22784810126582278	0.9240506329113924	0.7400000095367432	0.019999999552965164	0.0	1.4641350210970465	0.4092827004219409	0.494949494949495	0	0	0	1.0	True	1.0421045902058563
rescue_sweep	336	237	99	221	49	16	50	0.8185185185185185	0.9324894514767933	0.8717948717948718	0.22784810126582278	0.9240506329113924	0.7400000095367432	0.019999999552965164	0.05000000074505806	1.4641350210970465	0.4092827004219409	0.494949494949495	0	0	0	1.0	True	1.0421045902058563
rescue_sweep	336	237	99	221	49	16	50	0.8185185185185185	0.9324894514767933	0.8717948717948718	0.22784810126582278	0.9240506329113924	0.7400000095367432	0.019999999552965164	0.10000000149011612	1.4641350210970465	0.4092827004219409	0.494949494949495	0	0	0	1.0	True	1.0421045902058563
rescue_sweep	336	237	99	221	49	16	50	0.8185185185185185	0.9324894514767933	0.8717948717948718	0.22784810126582278	0.9240506329113924	0.7400000095367432	0.019999999552965164	0.15000000596046448	1.4641350210970465	0.4092827004219409	0.494949494949495	0	0	0	1.0	True	1.0421045902058563
rescue_sweep	336	237	99	221	49	16	50	0.8185185185185185	0.9324894514767933	0.8717948717948718	0.22784810126582278	0.9240506329113924	0.7400000095367432	0.019999999552965164	0.20000000298023224	1.4641350210970465	0.4092827004219409	0.494949494949495	0	0	0	1.0	True	1.0421045902058563
rescue_sweep	336	237	99	221	49	16	50	0.8185185185185185	0.9324894514767933	0.8717948717948718	0.22784810126582278	0.9240506329113924	0.7400000095367432	0.019999999552965164	0.25	1.4641350210970465	0.4092827004219409	0.494949494949495	0	0	0	1.0	True	1.0421045902058563
rescue_sweep	336	237	99	221	49	16	50	0.8185185185185185	0.9324894514767933	0.8717948717948718	0.22784810126582278	0.9240506329113924	0.7400000095367432	0.019999999552965164	0.30000001192092896	1.4641350210970465	0.4092827004219409	0.494949494949495	0	0	0	1.0	True	1.0421045902058563
rescue_sweep	336	237	99	221	49	16	50	0.8185185185185185	0.9324894514767933	0.8717948717948718	0.22784810126582278	0.9240506329113924	0.7400000095367432	0.05000000074505806	0.0	1.4641350210970465	0.4092827004219409	0.494949494949495	0	0	0	1.0	True	1.0421045902058563
rescue_sweep	336	237	99	221	49	16	50	0.8185185185185185	0.9324894514767933	0.8717948717948718	0.22784810126582278	0.9240506329113924	0.7400000095367432	0.05000000074505806	0.05000000074505806	1.4641350210970465	0.4092827004219409	0.494949494949495	0	0	0	1.0	True	1.0421045902058563
rescue_sweep	336	237	99	221	49	16	50	0.8185185185185185	0.9324894514767933	0.8717948717948718	0.22784810126582278	0.9240506329113924	0.7400000095367432	0.05000000074505806	0.10000000149011612	1.4641350210970465	0.4092827004219409	0.494949494949495	0	0	0	1.0	True	1.0421045902058563
rescue_sweep	336	237	99	221	49	16	50	0.8185185185185185	0.9324894514767933	0.8717948717948718	0.22784810126582278	0.9240506329113924	0.7400000095367432	0.05000000074505806	0.15000000596046448	1.4641350210970465	0.4092827004219409	0.494949494949495	0	0	0	1.0	True	1.0421045902058563
rescue_sweep	336	237	99	221	49	16	50	0.8185185185185185	0.9324894514767933	0.8717948717948718	0.22784810126582278	0.9240506329113924	0.7400000095367432	0.05000000074505806	0.20000000298023224	1.4641350210970465	0.4092827004219409	0.494949494949495	0	0	0	1.0	True	1.0421045902058563
rescue_sweep	336	237	99	221	49	16	50	0.8185185185185185	0.9324894514767933	0.8717948717948718	0.22784810126582278	0.9240506329113924	0.7400000095367432	0.05000000074505806	0.25	1.4641350210970465	0.4092827004219409	0.494949494949495	0	0	0	1.0	True	1.0421045902058563
rescue_sweep	336	237	99	221	49	16	50	0.8185185185185185	0.9324894514767933	0.8717948717948718	0.22784810126582278	0.9240506329113924	0.7400000095367432	0.05000000074505806	0.30000001192092896	1.4641350210970465	0.4092827004219409	0.494949494949495	0	0	0	1.0	True	1.0421045902058563
rescue_sweep	336	237	99	221	49	16	50	0.8185185185185185	0.9324894514767933	0.8717948717948718	0.22784810126582278	0.9240506329113924	0.7400000095367432	0.10000000149011612	0.0	1.4641350210970465	0.4092827004219409	0.494949494949495	0	0	0	1.0	True	1.0421045902058563
rescue_sweep	336	237	99	221	49	16	50	0.8185185185185185	0.9324894514767933	0.8717948717948718	0.22784810126582278	0.9240506329113924	0.7400000095367432	0.10000000149011612	0.05000000074505806	1.4641350210970465	0.4092827004219409	0.494949494949495	0	0	0	1.0	True	1.0421045902058563
rescue_sweep	336	237	99	221	49	16	50	0.8185185185185185	0.9324894514767933	0.8717948717948718	0.22784810126582278	0.9240506329113924	0.7400000095367432	0.10000000149011612	0.10000000149011612	1.4641350210970465	0.4092827004219409	0.494949494949495	0	0	0	1.0	True	1.0421045902058563
rescue_sweep	336	237	99	221	49	16	50	0.8185185185185185	0.9324894514767933	0.8717948717948718	0.22784810126582278	0.9240506329113924	0.7400000095367432	0.10000000149011612	0.15000000596046448	1.4641350210970465	0.4092827004219409	0.494949494949495	0	0	0	1.0	True	1.0421045902058563
rescue_sweep	336	237	99	221	49	16	50	0.8185185185185185	0.9324894514767933	0.8717948717948718	0.22784810126582278	0.9240506329113924	0.7400000095367432	0.10000000149011612	0.20000000298023224	1.4641350210970465	0.4092827004219409	0.494949494949495	0	0	0	1.0	True	1.0421045902058563
rescue_sweep	336	237	99	221	49	16	50	0.8185185185185185	0.9324894514767933	0.8717948717948718	0.22784810126582278	0.9240506329113924	0.7400000095367432	0.10000000149011612	0.25	1.4641350210970465	0.4092827004219409	0.494949494949495	0	0	0	1.0	True	1.0421045902058563
rescue_sweep	336	237	99	221	49	16	50	0.8185185185185185	0.9324894514767933	0.8717948717948718	0.22784810126582278	0.9240506329113924	0.7400000095367432	0.10000000149011612	0.30000001192092896	1.4641350210970465	0.4092827004219409	0.494949494949495	0	0	0	1.0	True	1.0421045902058563
rescue_sweep	336	237	99	221	49	16	50	0.8185185185185185	0.9324894514767933	0.8717948717948718	0.22784810126582278	0.9240506329113924	0.7599999904632568	0.0	0.0	1.4641350210970465	0.4092827004219409	0.494949494949495	0	0	0	1.0	True	1.0421045902058563
rescue_sweep	336	237	99	221	49	16	50	0.8185185185185185	0.9324894514767933	0.8717948717948718	0.22784810126582278	0.9240506329113924	0.7599999904632568	0.0	0.05000000074505806	1.4641350210970465	0.4092827004219409	0.494949494949495	0	0	0	1.0	True	1.0421045902058563
rescue_sweep	336	237	99	221	49	16	50	0.8185185185185185	0.9324894514767933	0.8717948717948718	0.22784810126582278	0.9240506329113924	0.7599999904632568	0.0	0.10000000149011612	1.4641350210970465	0.4092827004219409	0.494949494949495	0	0	0	1.0	True	1.0421045902058563
rescue_sweep	336	237	99	221	49	16	50	0.8185185185185185	0.9324894514767933	0.8717948717948718	0.22784810126582278	0.9240506329113924	0.7599999904632568	0.0	0.15000000596046448	1.4641350210970465	0.4092827004219409	0.494949494949495	0	0	0	1.0	True	1.0421045902058563
rescue_sweep	336	237	99	221	49	16	50	0.8185185185185185	0.9324894514767933	0.8717948717948718	0.22784810126582278	0.9240506329113924	0.7599999904632568	0.0	0.20000000298023224	1.4641350210970465	0.4092827004219409	0.494949494949495	0	0	0	1.0	True	1.0421045902058563
rescue_sweep	336	237	99	221	49	16	50	0.8185185185185185	0.9324894514767933	0.8717948717948718	0.22784810126582278	0.9240506329113924	0.7599999904632568	0.0	0.25	1.4641350210970465	0.4092827004219409	0.494949494949495	0	0	0	1.0	True	1.0421045902058563
rescue_sweep	336	237	99	221	49	16	50	0.8185185185185185	0.9324894514767933	0.8717948717948718	0.22784810126582278	0.9240506329113924	0.7599999904632568	0.0	0.30000001192092896	1.4641350210970465	0.4092827004219409	0.494949494949495	0	0	0	1.0	True	1.0421045902058563
rescue_sweep	336	237	99	221	49	16	50	0.8185185185185185	0.9324894514767933	0.8717948717948718	0.22784810126582278	0.9240506329113924	0.7599999904632568	0.0010000000474974513	0.0	1.4641350210970465	0.4092827004219409	0.494949494949495	0	0	0	1.0	True	1.0421045902058563
rescue_sweep	336	237	99	221	49	16	50	0.8185185185185185	0.9324894514767933	0.8717948717948718	0.22784810126582278	0.9240506329113924	0.7599999904632568	0.0010000000474974513	0.05000000074505806	1.4641350210970465	0.4092827004219409	0.494949494949495	0	0	0	1.0	True	1.0421045902058563
rescue_sweep	336	237	99	221	49	16	50	0.8185185185185185	0.9324894514767933	0.8717948717948718	0.22784810126582278	0.9240506329113924	0.7599999904632568	0.0010000000474974513	0.10000000149011612	1.4641350210970465	0.4092827004219409	0.494949494949495	0	0	0	1.0	True	1.0421045902058563
rescue_sweep	336	237	99	221	49	16	50	0.8185185185185185	0.9324894514767933	0.8717948717948718	0.22784810126582278	0.9240506329113924	0.7599999904632568	0.0010000000474974513	0.15000000596046448	1.4641350210970465	0.4092827004219409	0.494949494949495	0	0	0	1.0	True	1.0421045902058563
rescue_sweep	336	237	99	221	49	16	50	0.8185185185185185	0.9324894514767933	0.8717948717948718	0.22784810126582278	0.9240506329113924	0.7599999904632568	0.0010000000474974513	0.20000000298023224	1.4641350210970465	0.4092827004219409	0.494949494949495	0	0	0	1.0	True	1.0421045902058563
rescue_sweep	336	237	99	221	49	16	50	0.8185185185185185	0.9324894514767933	0.8717948717948718	0.22784810126582278	0.9240506329113924	0.7599999904632568	0.0010000000474974513	0.25	1.4641350210970465	0.4092827004219409	0.494949494949495	0	0	0	1.0	True	1.0421045902058563
rescue_sweep	336	237	99	221	49	16	50	0.8185185185185185	0.9324894514767933	0.8717948717948718	0.22784810126582278	0.9240506329113924	0.7599999904632568	0.0010000000474974513	0.30000001192092896	1.4641350210970465	0.4092827004219409	0.494949494949495	0	0	0	1.0	True	1.0421045902058563
rescue_sweep	336	237	99	221	49	16	50	0.8185185185185185	0.9324894514767933	0.8717948717948718	0.22784810126582278	0.9240506329113924	0.7599999904632568	0.004999999888241291	0.0	1.4641350210970465	0.4092827004219409	0.494949494949495	0	0	0	1.0	True	1.0421045902058563
rescue_sweep	336	237	99	221	49	16	50	0.8185185185185185	0.9324894514767933	0.8717948717948718	0.22784810126582278	0.9240506329113924	0.7599999904632568	0.004999999888241291	0.05000000074505806	1.4641350210970465	0.4092827004219409	0.494949494949495	0	0	0	1.0	True	1.0421045902058563
rescue_sweep	336	237	99	221	49	16	50	0.8185185185185185	0.9324894514767933	0.8717948717948718	0.22784810126582278	0.9240506329113924	0.7599999904632568	0.004999999888241291	0.10000000149011612	1.4641350210970465	0.4092827004219409	0.494949494949495	0	0	0	1.0	True	1.0421045902058563
rescue_sweep	336	237	99	221	49	16	50	0.8185185185185185	0.9324894514767933	0.8717948717948718	0.22784810126582278	0.9240506329113924	0.7599999904632568	0.004999999888241291	0.15000000596046448	1.4641350210970465	0.4092827004219409	0.494949494949495	0	0	0	1.0	True	1.0421045902058563
rescue_sweep	336	237	99	221	49	16	50	0.8185185185185185	0.9324894514767933	0.8717948717948718	0.22784810126582278	0.9240506329113924	0.7599999904632568	0.004999999888241291	0.20000000298023224	1.4641350210970465	0.4092827004219409	0.494949494949495	0	0	0	1.0	True	1.0421045902058563
rescue_sweep	336	237	99	221	49	16	50	0.8185185185185185	0.9324894514767933	0.8717948717948718	0.22784810126582278	0.9240506329113924	0.7599999904632568	0.004999999888241291	0.25	1.4641350210970465	0.4092827004219409	0.494949494949495	0	0	0	1.0	True	1.0421045902058563
rescue_sweep	336	237	99	221	49	16	50	0.8185185185185185	0.9324894514767933	0.8717948717948718	0.22784810126582278	0.9240506329113924	0.7599999904632568	0.004999999888241291	0.30000001192092896	1.4641350210970465	0.4092827004219409	0.494949494949495	0	0	0	1.0	True	1.0421045902058563
rescue_sweep	336	237	99	221	49	16	50	0.8185185185185185	0.9324894514767933	0.8717948717948718	0.22784810126582278	0.9240506329113924	0.7599999904632568	0.009999999776482582	0.0	1.4641350210970465	0.4092827004219409	0.494949494949495	0	0	0	1.0	True	1.0421045902058563
rescue_sweep	336	237	99	221	49	16	50	0.8185185185185185	0.9324894514767933	0.8717948717948718	0.22784810126582278	0.9240506329113924	0.7599999904632568	0.009999999776482582	0.05000000074505806	1.4641350210970465	0.4092827004219409	0.494949494949495	0	0	0	1.0	True	1.0421045902058563
rescue_sweep	336	237	99	221	49	16	50	0.8185185185185185	0.9324894514767933	0.8717948717948718	0.22784810126582278	0.9240506329113924	0.7599999904632568	0.009999999776482582	0.10000000149011612	1.4641350210970465	0.4092827004219409	0.494949494949495	0	0	0	1.0	True	1.0421045902058563
rescue_sweep	336	237	99	221	49	16	50	0.8185185185185185	0.9324894514767933	0.8717948717948718	0.22784810126582278	0.9240506329113924	0.7599999904632568	0.009999999776482582	0.15000000596046448	1.4641350210970465	0.4092827004219409	0.494949494949495	0	0	0	1.0	True	1.0421045902058563
rescue_sweep	336	237	99	221	49	16	50	0.8185185185185185	0.9324894514767933	0.8717948717948718	0.22784810126582278	0.9240506329113924	0.7599999904632568	0.009999999776482582	0.20000000298023224	1.4641350210970465	0.4092827004219409	0.494949494949495	0	0	0	1.0	True	1.0421045902058563
rescue_sweep	336	237	99	221	49	16	50	0.8185185185185185	0.9324894514767933	0.8717948717948718	0.22784810126582278	0.9240506329113924	0.7599999904632568	0.009999999776482582	0.25	1.4641350210970465	0.4092827004219409	0.494949494949495	0	0	0	1.0	True	1.0421045902058563
rescue_sweep	336	237	99	221	49	16	50	0.8185185185185185	0.9324894514767933	0.8717948717948718	0.22784810126582278	0.9240506329113924	0.7599999904632568	0.009999999776482582	0.30000001192092896	1.4641350210970465	0.4092827004219409	0.494949494949495	0	0	0	1.0	True	1.0421045902058563
rescue_sweep	336	237	99	221	49	16	50	0.8185185185185185	0.9324894514767933	0.8717948717948718	0.22784810126582278	0.9240506329113924	0.7599999904632568	0.019999999552965164	0.0	1.4641350210970465	0.4092827004219409	0.494949494949495	0	0	0	1.0	True	1.0421045902058563
rescue_sweep	336	237	99	221	49	16	50	0.8185185185185185	0.9324894514767933	0.8717948717948718	0.22784810126582278	0.9240506329113924	0.7599999904632568	0.019999999552965164	0.05000000074505806	1.4641350210970465	0.4092827004219409	0.494949494949495	0	0	0	1.0	True	1.0421045902058563
rescue_sweep	336	237	99	221	49	16	50	0.8185185185185185	0.9324894514767933	0.8717948717948718	0.22784810126582278	0.9240506329113924	0.7599999904632568	0.019999999552965164	0.10000000149011612	1.4641350210970465	0.4092827004219409	0.494949494949495	0	0	0	1.0	True	1.0421045902058563
rescue_sweep	336	237	99	221	49	16	50	0.8185185185185185	0.9324894514767933	0.8717948717948718	0.22784810126582278	0.9240506329113924	0.7599999904632568	0.019999999552965164	0.15000000596046448	1.4641350210970465	0.4092827004219409	0.494949494949495	0	0	0	1.0	True	1.0421045902058563
rescue_sweep	336	237	99	221	49	16	50	0.8185185185185185	0.9324894514767933	0.8717948717948718	0.22784810126582278	0.9240506329113924	0.7599999904632568	0.019999999552965164	0.20000000298023224	1.4641350210970465	0.4092827004219409	0.494949494949495	0	0	0	1.0	True	1.0421045902058563
rescue_sweep	336	237	99	221	49	16	50	0.8185185185185185	0.9324894514767933	0.8717948717948718	0.22784810126582278	0.9240506329113924	0.7599999904632568	0.019999999552965164	0.25	1.4641350210970465	0.4092827004219409	0.494949494949495	0	0	0	1.0	True	1.0421045902058563
rescue_sweep	336	237	99	221	49	16	50	0.8185185185185185	0.9324894514767933	0.8717948717948718	0.22784810126582278	0.9240506329113924	0.7599999904632568	0.019999999552965164	0.30000001192092896	1.4641350210970465	0.4092827004219409	0.494949494949495	0	0	0	1.0	True	1.0421045902058563
rescue_sweep	336	237	99	221	49	16	50	0.8185185185185185	0.9324894514767933	0.8717948717948718	0.22784810126582278	0.9240506329113924	0.7599999904632568	0.05000000074505806	0.0	1.4641350210970465	0.4092827004219409	0.494949494949495	0	0	0	1.0	True	1.0421045902058563
rescue_sweep	336	237	99	221	49	16	50	0.8185185185185185	0.9324894514767933	0.8717948717948718	0.22784810126582278	0.9240506329113924	0.7599999904632568	0.05000000074505806	0.05000000074505806	1.4641350210970465	0.4092827004219409	0.494949494949495	0	0	0	1.0	True	1.0421045902058563
rescue_sweep	336	237	99	221	49	16	50	0.8185185185185185	0.9324894514767933	0.8717948717948718	0.22784810126582278	0.9240506329113924	0.7599999904632568	0.05000000074505806	0.10000000149011612	1.4641350210970465	0.4092827004219409	0.494949494949495	0	0	0	1.0	True	1.0421045902058563
rescue_sweep	336	237	99	221	49	16	50	0.8185185185185185	0.9324894514767933	0.8717948717948718	0.22784810126582278	0.9240506329113924	0.7599999904632568	0.05000000074505806	0.15000000596046448	1.4641350210970465	0.4092827004219409	0.494949494949495	0	0	0	1.0	True	1.0421045902058563
rescue_sweep	336	237	99	221	49	16	50	0.8185185185185185	0.9324894514767933	0.8717948717948718	0.22784810126582278	0.9240506329113924	0.7599999904632568	0.05000000074505806	0.20000000298023224	1.4641350210970465	0.4092827004219409	0.494949494949495	0	0	0	1.0	True	1.0421045902058563
rescue_sweep	336	237	99	221	49	16	50	0.8185185185185185	0.9324894514767933	0.8717948717948718	0.22784810126582278	0.9240506329113924	0.7599999904632568	0.05000000074505806	0.25	1.4641350210970465	0.4092827004219409	0.494949494949495	0	0	0	1.0	True	1.0421045902058563
rescue_sweep	336	237	99	221	49	16	50	0.8185185185185185	0.9324894514767933	0.8717948717948718	0.22784810126582278	0.9240506329113924	0.7599999904632568	0.05000000074505806	0.30000001192092896	1.4641350210970465	0.4092827004219409	0.494949494949495	0	0	0	1.0	True	1.0421045902058563
rescue_sweep	336	237	99	221	49	16	50	0.8185185185185185	0.9324894514767933	0.8717948717948718	0.22784810126582278	0.9240506329113924	0.7599999904632568	0.10000000149011612	0.0	1.4641350210970465	0.4092827004219409	0.494949494949495	0	0	0	1.0	True	1.0421045902058563
rescue_sweep	336	237	99	221	49	16	50	0.8185185185185185	0.9324894514767933	0.8717948717948718	0.22784810126582278	0.9240506329113924	0.7599999904632568	0.10000000149011612	0.05000000074505806	1.4641350210970465	0.4092827004219409	0.494949494949495	0	0	0	1.0	True	1.0421045902058563
rescue_sweep	336	237	99	221	49	16	50	0.8185185185185185	0.9324894514767933	0.8717948717948718	0.22784810126582278	0.9240506329113924	0.7599999904632568	0.10000000149011612	0.10000000149011612	1.4641350210970465	0.4092827004219409	0.494949494949495	0	0	0	1.0	True	1.0421045902058563
rescue_sweep	336	237	99	221	49	16	50	0.8185185185185185	0.9324894514767933	0.8717948717948718	0.22784810126582278	0.9240506329113924	0.7599999904632568	0.10000000149011612	0.15000000596046448	1.4641350210970465	0.4092827004219409	0.494949494949495	0	0	0	1.0	True	1.0421045902058563
rescue_sweep	336	237	99	221	49	16	50	0.8185185185185185	0.9324894514767933	0.8717948717948718	0.22784810126582278	0.9240506329113924	0.7599999904632568	0.10000000149011612	0.20000000298023224	1.4641350210970465	0.4092827004219409	0.494949494949495	0	0	0	1.0	True	1.0421045902058563
rescue_sweep	336	237	99	221	49	16	50	0.8185185185185185	0.9324894514767933	0.8717948717948718	0.22784810126582278	0.9240506329113924	0.7599999904632568	0.10000000149011612	0.25	1.4641350210970465	0.4092827004219409	0.494949494949495	0	0	0	1.0	True	1.0421045902058563
rescue_sweep	336	237	99	221	49	16	50	0.8185185185185185	0.9324894514767933	0.8717948717948718	0.22784810126582278	0.9240506329113924	0.7599999904632568	0.10000000149011612	0.30000001192092896	1.4641350210970465	0.4092827004219409	0.494949494949495	0	0	0	1.0	True	1.0421045902058563
rescue_sweep	336	237	99	221	49	16	50	0.8185185185185185	0.9324894514767933	0.8717948717948718	0.22784810126582278	0.9240506329113924	0.7799999713897705	0.0	0.0	1.4641350210970465	0.4092827004219409	0.494949494949495	0	0	0	1.0	True	1.0421045902058563
rescue_sweep	336	237	99	221	49	16	50	0.8185185185185185	0.9324894514767933	0.8717948717948718	0.22784810126582278	0.9240506329113924	0.7799999713897705	0.0	0.05000000074505806	1.4641350210970465	0.4092827004219409	0.494949494949495	0	0	0	1.0	True	1.0421045902058563
rescue_sweep	336	237	99	221	49	16	50	0.8185185185185185	0.9324894514767933	0.8717948717948718	0.22784810126582278	0.9240506329113924	0.7799999713897705	0.0	0.10000000149011612	1.4641350210970465	0.4092827004219409	0.494949494949495	0	0	0	1.0	True	1.0421045902058563
rescue_sweep	336	237	99	221	49	16	50	0.8185185185185185	0.9324894514767933	0.8717948717948718	0.22784810126582278	0.9240506329113924	0.7799999713897705	0.0	0.15000000596046448	1.4641350210970465	0.4092827004219409	0.494949494949495	0	0	0	1.0	True	1.0421045902058563
rescue_sweep	336	237	99	221	49	16	50	0.8185185185185185	0.9324894514767933	0.8717948717948718	0.22784810126582278	0.9240506329113924	0.7799999713897705	0.0	0.20000000298023224	1.4641350210970465	0.4092827004219409	0.494949494949495	0	0	0	1.0	True	1.0421045902058563
rescue_sweep	336	237	99	221	49	16	50	0.8185185185185185	0.9324894514767933	0.8717948717948718	0.22784810126582278	0.9240506329113924	0.7799999713897705	0.0	0.25	1.4641350210970465	0.4092827004219409	0.494949494949495	0	0	0	1.0	True	1.0421045902058563
rescue_sweep	336	237	99	221	49	16	50	0.8185185185185185	0.9324894514767933	0.8717948717948718	0.22784810126582278	0.9240506329113924	0.7799999713897705	0.0	0.30000001192092896	1.4641350210970465	0.4092827004219409	0.494949494949495	0	0	0	1.0	True	1.0421045902058563
rescue_sweep	336	237	99	221	49	16	50	0.8185185185185185	0.9324894514767933	0.8717948717948718	0.22784810126582278	0.9240506329113924	0.7799999713897705	0.0010000000474974513	0.0	1.4641350210970465	0.4092827004219409	0.494949494949495	0	0	0	1.0	True	1.0421045902058563
rescue_sweep	336	237	99	221	49	16	50	0.8185185185185185	0.9324894514767933	0.8717948717948718	0.22784810126582278	0.9240506329113924	0.7799999713897705	0.0010000000474974513	0.05000000074505806	1.4641350210970465	0.4092827004219409	0.494949494949495	0	0	0	1.0	True	1.0421045902058563
rescue_sweep	336	237	99	221	49	16	50	0.8185185185185185	0.9324894514767933	0.8717948717948718	0.22784810126582278	0.9240506329113924	0.7799999713897705	0.0010000000474974513	0.10000000149011612	1.4641350210970465	0.4092827004219409	0.494949494949495	0	0	0	1.0	True	1.0421045902058563
rescue_sweep	336	237	99	221	49	16	50	0.8185185185185185	0.9324894514767933	0.8717948717948718	0.22784810126582278	0.9240506329113924	0.7799999713897705	0.0010000000474974513	0.15000000596046448	1.4641350210970465	0.4092827004219409	0.494949494949495	0	0	0	1.0	True	1.0421045902058563
rescue_sweep	336	237	99	221	49	16	50	0.8185185185185185	0.9324894514767933	0.8717948717948718	0.22784810126582278	0.9240506329113924	0.7799999713897705	0.0010000000474974513	0.20000000298023224	1.4641350210970465	0.4092827004219409	0.494949494949495	0	0	0	1.0	True	1.0421045902058563
rescue_sweep	336	237	99	221	49	16	50	0.8185185185185185	0.9324894514767933	0.8717948717948718	0.22784810126582278	0.9240506329113924	0.7799999713897705	0.0010000000474974513	0.25	1.4641350210970465	0.4092827004219409	0.494949494949495	0	0	0	1.0	True	1.0421045902058563
rescue_sweep	336	237	99	221	49	16	50	0.8185185185185185	0.9324894514767933	0.8717948717948718	0.22784810126582278	0.9240506329113924	0.7799999713897705	0.0010000000474974513	0.30000001192092896	1.4641350210970465	0.4092827004219409	0.494949494949495	0	0	0	1.0	True	1.0421045902058563
rescue_sweep	336	237	99	221	49	16	50	0.8185185185185185	0.9324894514767933	0.8717948717948718	0.22784810126582278	0.9240506329113924	0.7799999713897705	0.004999999888241291	0.0	1.4641350210970465	0.4092827004219409	0.494949494949495	0	0	0	1.0	True	1.0421045902058563
rescue_sweep	336	237	99	221	49	16	50	0.8185185185185185	0.9324894514767933	0.8717948717948718	0.22784810126582278	0.9240506329113924	0.7799999713897705	0.004999999888241291	0.05000000074505806	1.4641350210970465	0.4092827004219409	0.494949494949495	0	0	0	1.0	True	1.0421045902058563
rescue_sweep	336	237	99	221	49	16	50	0.8185185185185185	0.9324894514767933	0.8717948717948718	0.22784810126582278	0.9240506329113924	0.7799999713897705	0.004999999888241291	0.10000000149011612	1.4641350210970465	0.4092827004219409	0.494949494949495	0	0	0	1.0	True	1.0421045902058563
rescue_sweep	336	237	99	221	49	16	50	0.8185185185185185	0.9324894514767933	0.8717948717948718	0.22784810126582278	0.9240506329113924	0.7799999713897705	0.004999999888241291	0.15000000596046448	1.4641350210970465	0.4092827004219409	0.494949494949495	0	0	0	1.0	True	1.0421045902058563
rescue_sweep	336	237	99	221	49	16	50	0.8185185185185185	0.9324894514767933	0.8717948717948718	0.22784810126582278	0.9240506329113924	0.7799999713897705	0.004999999888241291	0.20000000298023224	1.4641350210970465	0.4092827004219409	0.494949494949495	0	0	0	1.0	True	1.0421045902058563
rescue_sweep	336	237	99	221	49	16	50	0.8185185185185185	0.9324894514767933	0.8717948717948718	0.22784810126582278	0.9240506329113924	0.7799999713897705	0.004999999888241291	0.25	1.4641350210970465	0.4092827004219409	0.494949494949495	0	0	0	1.0	True	1.0421045902058563
rescue_sweep	336	237	99	221	49	16	50	0.8185185185185185	0.9324894514767933	0.8717948717948718	0.22784810126582278	0.9240506329113924	0.7799999713897705	0.004999999888241291	0.30000001192092896	1.4641350210970465	0.4092827004219409	0.494949494949495	0	0	0	1.0	True	1.0421045902058563
rescue_sweep	336	237	99	221	49	16	50	0.8185185185185185	0.9324894514767933	0.8717948717948718	0.22784810126582278	0.9240506329113924	0.7799999713897705	0.009999999776482582	0.0	1.4641350210970465	0.4092827004219409	0.494949494949495	0	0	0	1.0	True	1.0421045902058563
rescue_sweep	336	237	99	221	49	16	50	0.8185185185185185	0.9324894514767933	0.8717948717948718	0.22784810126582278	0.9240506329113924	0.7799999713897705	0.009999999776482582	0.05000000074505806	1.4641350210970465	0.4092827004219409	0.494949494949495	0	0	0	1.0	True	1.0421045902058563
rescue_sweep	336	237	99	221	49	16	50	0.8185185185185185	0.9324894514767933	0.8717948717948718	0.22784810126582278	0.9240506329113924	0.7799999713897705	0.009999999776482582	0.10000000149011612	1.4641350210970465	0.4092827004219409	0.494949494949495	0	0	0	1.0	True	1.0421045902058563
rescue_sweep	336	237	99	221	49	16	50	0.8185185185185185	0.9324894514767933	0.8717948717948718	0.22784810126582278	0.9240506329113924	0.7799999713897705	0.009999999776482582	0.15000000596046448	1.4641350210970465	0.4092827004219409	0.494949494949495	0	0	0	1.0	True	1.0421045902058563
rescue_sweep	336	237	99	221	49	16	50	0.8185185185185185	0.9324894514767933	0.8717948717948718	0.22784810126582278	0.9240506329113924	0.7799999713897705	0.009999999776482582	0.20000000298023224	1.4641350210970465	0.4092827004219409	0.494949494949495	0	0	0	1.0	True	1.0421045902058563
rescue_sweep	336	237	99	221	49	16	50	0.8185185185185185	0.9324894514767933	0.8717948717948718	0.22784810126582278	0.9240506329113924	0.7799999713897705	0.009999999776482582	0.25	1.4641350210970465	0.4092827004219409	0.494949494949495	0	0	0	1.0	True	1.0421045902058563
rescue_sweep	336	237	99	221	49	16	50	0.8185185185185185	0.9324894514767933	0.8717948717948718	0.22784810126582278	0.9240506329113924	0.7799999713897705	0.009999999776482582	0.30000001192092896	1.4641350210970465	0.4092827004219409	0.494949494949495	0	0	0	1.0	True	1.0421045902058563
rescue_sweep	336	237	99	221	49	16	50	0.8185185185185185	0.9324894514767933	0.8717948717948718	0.22784810126582278	0.9240506329113924	0.7799999713897705	0.019999999552965164	0.0	1.4641350210970465	0.4092827004219409	0.494949494949495	0	0	0	1.0	True	1.0421045902058563
rescue_sweep	336	237	99	221	49	16	50	0.8185185185185185	0.9324894514767933	0.8717948717948718	0.22784810126582278	0.9240506329113924	0.7799999713897705	0.019999999552965164	0.05000000074505806	1.4641350210970465	0.4092827004219409	0.494949494949495	0	0	0	1.0	True	1.0421045902058563
rescue_sweep	336	237	99	221	49	16	50	0.8185185185185185	0.9324894514767933	0.8717948717948718	0.22784810126582278	0.9240506329113924	0.7799999713897705	0.019999999552965164	0.10000000149011612	1.4641350210970465	0.4092827004219409	0.494949494949495	0	0	0	1.0	True	1.0421045902058563
rescue_sweep	336	237	99	221	49	16	50	0.8185185185185185	0.9324894514767933	0.8717948717948718	0.22784810126582278	0.9240506329113924	0.7799999713897705	0.019999999552965164	0.15000000596046448	1.4641350210970465	0.4092827004219409	0.494949494949495	0	0	0	1.0	True	1.0421045902058563
rescue_sweep	336	237	99	221	49	16	50	0.8185185185185185	0.9324894514767933	0.8717948717948718	0.22784810126582278	0.9240506329113924	0.7799999713897705	0.019999999552965164	0.20000000298023224	1.4641350210970465	0.4092827004219409	0.494949494949495	0	0	0	1.0	True	1.0421045902058563
rescue_sweep	336	237	99	221	49	16	50	0.8185185185185185	0.9324894514767933	0.8717948717948718	0.22784810126582278	0.9240506329113924	0.7799999713897705	0.019999999552965164	0.25	1.4641350210970465	0.4092827004219409	0.494949494949495	0	0	0	1.0	True	1.0421045902058563
rescue_sweep	336	237	99	221	49	16	50	0.8185185185185185	0.9324894514767933	0.8717948717948718	0.22784810126582278	0.9240506329113924	0.7799999713897705	0.019999999552965164	0.30000001192092896	1.4641350210970465	0.4092827004219409	0.494949494949495	0	0	0	1.0	True	1.0421045902058563
rescue_sweep	336	237	99	221	49	16	50	0.8185185185185185	0.9324894514767933	0.8717948717948718	0.22784810126582278	0.9240506329113924	0.7799999713897705	0.05000000074505806	0.0	1.4641350210970465	0.4092827004219409	0.494949494949495	0	0	0	1.0	True	1.0421045902058563
rescue_sweep	336	237	99	221	49	16	50	0.8185185185185185	0.9324894514767933	0.8717948717948718	0.22784810126582278	0.9240506329113924	0.7799999713897705	0.05000000074505806	0.05000000074505806	1.4641350210970465	0.4092827004219409	0.494949494949495	0	0	0	1.0	True	1.0421045902058563
rescue_sweep	336	237	99	221	49	16	50	0.8185185185185185	0.9324894514767933	0.8717948717948718	0.22784810126582278	0.9240506329113924	0.7799999713897705	0.05000000074505806	0.10000000149011612	1.4641350210970465	0.4092827004219409	0.494949494949495	0	0	0	1.0	True	1.0421045902058563
rescue_sweep	336	237	99	221	49	16	50	0.8185185185185185	0.9324894514767933	0.8717948717948718	0.22784810126582278	0.9240506329113924	0.7799999713897705	0.05000000074505806	0.15000000596046448	1.4641350210970465	0.4092827004219409	0.494949494949495	0	0	0	1.0	True	1.0421045902058563
rescue_sweep	336	237	99	221	49	16	50	0.8185185185185185	0.9324894514767933	0.8717948717948718	0.22784810126582278	0.9240506329113924	0.7799999713897705	0.05000000074505806	0.20000000298023224	1.4641350210970465	0.4092827004219409	0.494949494949495	0	0	0	1.0	True	1.0421045902058563
rescue_sweep	336	237	99	221	49	16	50	0.8185185185185185	0.9324894514767933	0.8717948717948718	0.22784810126582278	0.9240506329113924	0.7799999713897705	0.05000000074505806	0.25	1.4641350210970465	0.4092827004219409	0.494949494949495	0	0	0	1.0	True	1.0421045902058563
rescue_sweep	336	237	99	221	49	16	50	0.8185185185185185	0.9324894514767933	0.8717948717948718	0.22784810126582278	0.9240506329113924	0.7799999713897705	0.05000000074505806	0.30000001192092896	1.4641350210970465	0.4092827004219409	0.494949494949495	0	0	0	1.0	True	1.0421045902058563
rescue_sweep	336	237	99	221	49	16	50	0.8185185185185185	0.9324894514767933	0.8717948717948718	0.22784810126582278	0.9240506329113924	0.7799999713897705	0.10000000149011612	0.0	1.4641350210970465	0.4092827004219409	0.494949494949495	0	0	0	1.0	True	1.0421045902058563
rescue_sweep	336	237	99	221	49	16	50	0.8185185185185185	0.9324894514767933	0.8717948717948718	0.22784810126582278	0.9240506329113924	0.7799999713897705	0.10000000149011612	0.05000000074505806	1.4641350210970465	0.4092827004219409	0.494949494949495	0	0	0	1.0	True	1.0421045902058563
rescue_sweep	336	237	99	221	49	16	50	0.8185185185185185	0.9324894514767933	0.8717948717948718	0.22784810126582278	0.9240506329113924	0.7799999713897705	0.10000000149011612	0.10000000149011612	1.4641350210970465	0.4092827004219409	0.494949494949495	0	0	0	1.0	True	1.0421045902058563
rescue_sweep	336	237	99	221	49	16	50	0.8185185185185185	0.9324894514767933	0.8717948717948718	0.22784810126582278	0.9240506329113924	0.7799999713897705	0.10000000149011612	0.15000000596046448	1.4641350210970465	0.4092827004219409	0.494949494949495	0	0	0	1.0	True	1.0421045902058563
rescue_sweep	336	237	99	221	49	16	50	0.8185185185185185	0.9324894514767933	0.8717948717948718	0.22784810126582278	0.9240506329113924	0.7799999713897705	0.10000000149011612	0.20000000298023224	1.4641350210970465	0.4092827004219409	0.494949494949495	0	0	0	1.0	True	1.0421045902058563
rescue_sweep	336	237	99	221	49	16	50	0.8185185185185185	0.9324894514767933	0.8717948717948718	0.22784810126582278	0.9240506329113924	0.7799999713897705	0.10000000149011612	0.25	1.4641350210970465	0.4092827004219409	0.494949494949495	0	0	0	1.0	True	1.0421045902058563
rescue_sweep	336	237	99	221	49	16	50	0.8185185185185185	0.9324894514767933	0.8717948717948718	0.22784810126582278	0.9240506329113924	0.7799999713897705	0.10000000149011612	0.30000001192092896	1.4641350210970465	0.4092827004219409	0.494949494949495	0	0	0	1.0	True	1.0421045902058563
rescue_sweep	336	237	99	221	49	16	50	0.8185185185185185	0.9324894514767933	0.8717948717948718	0.22784810126582278	0.9240506329113924	0.800000011920929	0.0	0.0	1.4641350210970465	0.4092827004219409	0.494949494949495	0	0	0	1.0	True	1.0421045902058563
rescue_sweep	336	237	99	221	49	16	50	0.8185185185185185	0.9324894514767933	0.8717948717948718	0.22784810126582278	0.9240506329113924	0.800000011920929	0.0	0.05000000074505806	1.4641350210970465	0.4092827004219409	0.494949494949495	0	0	0	1.0	True	1.0421045902058563
rescue_sweep	336	237	99	221	49	16	50	0.8185185185185185	0.9324894514767933	0.8717948717948718	0.22784810126582278	0.9240506329113924	0.800000011920929	0.0	0.10000000149011612	1.4641350210970465	0.4092827004219409	0.494949494949495	0	0	0	1.0	True	1.0421045902058563
rescue_sweep	336	237	99	221	49	16	50	0.8185185185185185	0.9324894514767933	0.8717948717948718	0.22784810126582278	0.9240506329113924	0.800000011920929	0.0	0.15000000596046448	1.4641350210970465	0.4092827004219409	0.494949494949495	0	0	0	1.0	True	1.0421045902058563
rescue_sweep	336	237	99	221	49	16	50	0.8185185185185185	0.9324894514767933	0.8717948717948718	0.22784810126582278	0.9240506329113924	0.800000011920929	0.0	0.20000000298023224	1.4641350210970465	0.4092827004219409	0.494949494949495	0	0	0	1.0	True	1.0421045902058563
rescue_sweep	336	237	99	221	49	16	50	0.8185185185185185	0.9324894514767933	0.8717948717948718	0.22784810126582278	0.9240506329113924	0.800000011920929	0.0	0.25	1.4641350210970465	0.4092827004219409	0.494949494949495	0	0	0	1.0	True	1.0421045902058563
rescue_sweep	336	237	99	221	49	16	50	0.8185185185185185	0.9324894514767933	0.8717948717948718	0.22784810126582278	0.9240506329113924	0.800000011920929	0.0	0.30000001192092896	1.4641350210970465	0.4092827004219409	0.494949494949495	0	0	0	1.0	True	1.0421045902058563
rescue_sweep	336	237	99	221	49	16	50	0.8185185185185185	0.9324894514767933	0.8717948717948718	0.22784810126582278	0.9240506329113924	0.800000011920929	0.0010000000474974513	0.0	1.4641350210970465	0.4092827004219409	0.494949494949495	0	0	0	1.0	True	1.0421045902058563
rescue_sweep	336	237	99	221	49	16	50	0.8185185185185185	0.9324894514767933	0.8717948717948718	0.22784810126582278	0.9240506329113924	0.800000011920929	0.0010000000474974513	0.05000000074505806	1.4641350210970465	0.4092827004219409	0.494949494949495	0	0	0	1.0	True	1.0421045902058563
rescue_sweep	336	237	99	221	49	16	50	0.8185185185185185	0.9324894514767933	0.8717948717948718	0.22784810126582278	0.9240506329113924	0.800000011920929	0.0010000000474974513	0.10000000149011612	1.4641350210970465	0.4092827004219409	0.494949494949495	0	0	0	1.0	True	1.0421045902058563
rescue_sweep	336	237	99	221	49	16	50	0.8185185185185185	0.9324894514767933	0.8717948717948718	0.22784810126582278	0.9240506329113924	0.800000011920929	0.0010000000474974513	0.15000000596046448	1.4641350210970465	0.4092827004219409	0.494949494949495	0	0	0	1.0	True	1.0421045902058563
rescue_sweep	336	237	99	221	49	16	50	0.8185185185185185	0.9324894514767933	0.8717948717948718	0.22784810126582278	0.9240506329113924	0.800000011920929	0.0010000000474974513	0.20000000298023224	1.4641350210970465	0.4092827004219409	0.494949494949495	0	0	0	1.0	True	1.0421045902058563
rescue_sweep	336	237	99	221	49	16	50	0.8185185185185185	0.9324894514767933	0.8717948717948718	0.22784810126582278	0.9240506329113924	0.800000011920929	0.0010000000474974513	0.25	1.4641350210970465	0.4092827004219409	0.494949494949495	0	0	0	1.0	True	1.0421045902058563
rescue_sweep	336	237	99	221	49	16	50	0.8185185185185185	0.9324894514767933	0.8717948717948718	0.22784810126582278	0.9240506329113924	0.800000011920929	0.0010000000474974513	0.30000001192092896	1.4641350210970465	0.4092827004219409	0.494949494949495	0	0	0	1.0	True	1.0421045902058563
rescue_sweep	336	237	99	221	49	16	50	0.8185185185185185	0.9324894514767933	0.8717948717948718	0.22784810126582278	0.9240506329113924	0.800000011920929	0.004999999888241291	0.0	1.4641350210970465	0.4092827004219409	0.494949494949495	0	0	0	1.0	True	1.0421045902058563
rescue_sweep	336	237	99	221	49	16	50	0.8185185185185185	0.9324894514767933	0.8717948717948718	0.22784810126582278	0.9240506329113924	0.800000011920929	0.004999999888241291	0.05000000074505806	1.4641350210970465	0.4092827004219409	0.494949494949495	0	0	0	1.0	True	1.0421045902058563
rescue_sweep	336	237	99	221	49	16	50	0.8185185185185185	0.9324894514767933	0.8717948717948718	0.22784810126582278	0.9240506329113924	0.800000011920929	0.004999999888241291	0.10000000149011612	1.4641350210970465	0.4092827004219409	0.494949494949495	0	0	0	1.0	True	1.0421045902058563
rescue_sweep	336	237	99	221	49	16	50	0.8185185185185185	0.9324894514767933	0.8717948717948718	0.22784810126582278	0.9240506329113924	0.800000011920929	0.004999999888241291	0.15000000596046448	1.4641350210970465	0.4092827004219409	0.494949494949495	0	0	0	1.0	True	1.0421045902058563
rescue_sweep	336	237	99	221	49	16	50	0.8185185185185185	0.9324894514767933	0.8717948717948718	0.22784810126582278	0.9240506329113924	0.800000011920929	0.004999999888241291	0.20000000298023224	1.4641350210970465	0.4092827004219409	0.494949494949495	0	0	0	1.0	True	1.0421045902058563
rescue_sweep	336	237	99	221	49	16	50	0.8185185185185185	0.9324894514767933	0.8717948717948718	0.22784810126582278	0.9240506329113924	0.800000011920929	0.004999999888241291	0.25	1.4641350210970465	0.4092827004219409	0.494949494949495	0	0	0	1.0	True	1.0421045902058563
rescue_sweep	336	237	99	221	49	16	50	0.8185185185185185	0.9324894514767933	0.8717948717948718	0.22784810126582278	0.9240506329113924	0.800000011920929	0.004999999888241291	0.30000001192092896	1.4641350210970465	0.4092827004219409	0.494949494949495	0	0	0	1.0	True	1.0421045902058563
rescue_sweep	336	237	99	221	49	16	50	0.8185185185185185	0.9324894514767933	0.8717948717948718	0.22784810126582278	0.9240506329113924	0.800000011920929	0.009999999776482582	0.0	1.4641350210970465	0.4092827004219409	0.494949494949495	0	0	0	1.0	True	1.0421045902058563
rescue_sweep	336	237	99	221	49	16	50	0.8185185185185185	0.9324894514767933	0.8717948717948718	0.22784810126582278	0.9240506329113924	0.800000011920929	0.009999999776482582	0.05000000074505806	1.4641350210970465	0.4092827004219409	0.494949494949495	0	0	0	1.0	True	1.0421045902058563
rescue_sweep	336	237	99	221	49	16	50	0.8185185185185185	0.9324894514767933	0.8717948717948718	0.22784810126582278	0.9240506329113924	0.800000011920929	0.009999999776482582	0.10000000149011612	1.4641350210970465	0.4092827004219409	0.494949494949495	0	0	0	1.0	True	1.0421045902058563
rescue_sweep	336	237	99	221	49	16	50	0.8185185185185185	0.9324894514767933	0.8717948717948718	0.22784810126582278	0.9240506329113924	0.800000011920929	0.009999999776482582	0.15000000596046448	1.4641350210970465	0.4092827004219409	0.494949494949495	0	0	0	1.0	True	1.0421045902058563
rescue_sweep	336	237	99	221	49	16	50	0.8185185185185185	0.9324894514767933	0.8717948717948718	0.22784810126582278	0.9240506329113924	0.800000011920929	0.009999999776482582	0.20000000298023224	1.4641350210970465	0.4092827004219409	0.494949494949495	0	0	0	1.0	True	1.0421045902058563
rescue_sweep	336	237	99	221	49	16	50	0.8185185185185185	0.9324894514767933	0.8717948717948718	0.22784810126582278	0.9240506329113924	0.800000011920929	0.009999999776482582	0.25	1.4641350210970465	0.4092827004219409	0.494949494949495	0	0	0	1.0	True	1.0421045902058563
rescue_sweep	336	237	99	221	49	16	50	0.8185185185185185	0.9324894514767933	0.8717948717948718	0.22784810126582278	0.9240506329113924	0.800000011920929	0.009999999776482582	0.30000001192092896	1.4641350210970465	0.4092827004219409	0.494949494949495	0	0	0	1.0	True	1.0421045902058563
rescue_sweep	336	237	99	221	49	16	50	0.8185185185185185	0.9324894514767933	0.8717948717948718	0.22784810126582278	0.9240506329113924	0.800000011920929	0.019999999552965164	0.0	1.4641350210970465	0.4092827004219409	0.494949494949495	0	0	0	1.0	True	1.0421045902058563
rescue_sweep	336	237	99	221	49	16	50	0.8185185185185185	0.9324894514767933	0.8717948717948718	0.22784810126582278	0.9240506329113924	0.800000011920929	0.019999999552965164	0.05000000074505806	1.4641350210970465	0.4092827004219409	0.494949494949495	0	0	0	1.0	True	1.0421045902058563
rescue_sweep	336	237	99	221	49	16	50	0.8185185185185185	0.9324894514767933	0.8717948717948718	0.22784810126582278	0.9240506329113924	0.800000011920929	0.019999999552965164	0.10000000149011612	1.4641350210970465	0.4092827004219409	0.494949494949495	0	0	0	1.0	True	1.0421045902058563
rescue_sweep	336	237	99	221	49	16	50	0.8185185185185185	0.9324894514767933	0.8717948717948718	0.22784810126582278	0.9240506329113924	0.800000011920929	0.019999999552965164	0.15000000596046448	1.4641350210970465	0.4092827004219409	0.494949494949495	0	0	0	1.0	True	1.0421045902058563
rescue_sweep	336	237	99	221	49	16	50	0.8185185185185185	0.9324894514767933	0.8717948717948718	0.22784810126582278	0.9240506329113924	0.800000011920929	0.019999999552965164	0.20000000298023224	1.4641350210970465	0.4092827004219409	0.494949494949495	0	0	0	1.0	True	1.0421045902058563
rescue_sweep	336	237	99	221	49	16	50	0.8185185185185185	0.9324894514767933	0.8717948717948718	0.22784810126582278	0.9240506329113924	0.800000011920929	0.019999999552965164	0.25	1.4641350210970465	0.4092827004219409	0.494949494949495	0	0	0	1.0	True	1.0421045902058563
rescue_sweep	336	237	99	221	49	16	50	0.8185185185185185	0.9324894514767933	0.8717948717948718	0.22784810126582278	0.9240506329113924	0.800000011920929	0.019999999552965164	0.30000001192092896	1.4641350210970465	0.4092827004219409	0.494949494949495	0	0	0	1.0	True	1.0421045902058563
rescue_sweep	336	237	99	221	49	16	50	0.8185185185185185	0.9324894514767933	0.8717948717948718	0.22784810126582278	0.9240506329113924	0.800000011920929	0.05000000074505806	0.0	1.4641350210970465	0.4092827004219409	0.494949494949495	0	0	0	1.0	True	1.0421045902058563
rescue_sweep	336	237	99	221	49	16	50	0.8185185185185185	0.9324894514767933	0.8717948717948718	0.22784810126582278	0.9240506329113924	0.800000011920929	0.05000000074505806	0.05000000074505806	1.4641350210970465	0.4092827004219409	0.494949494949495	0	0	0	1.0	True	1.0421045902058563
rescue_sweep	336	237	99	221	49	16	50	0.8185185185185185	0.9324894514767933	0.8717948717948718	0.22784810126582278	0.9240506329113924	0.800000011920929	0.05000000074505806	0.10000000149011612	1.4641350210970465	0.4092827004219409	0.494949494949495	0	0	0	1.0	True	1.0421045902058563
rescue_sweep	336	237	99	221	49	16	50	0.8185185185185185	0.9324894514767933	0.8717948717948718	0.22784810126582278	0.9240506329113924	0.800000011920929	0.05000000074505806	0.15000000596046448	1.4641350210970465	0.4092827004219409	0.494949494949495	0	0	0	1.0	True	1.0421045902058563
rescue_sweep	336	237	99	221	49	16	50	0.8185185185185185	0.9324894514767933	0.8717948717948718	0.22784810126582278	0.9240506329113924	0.800000011920929	0.05000000074505806	0.20000000298023224	1.4641350210970465	0.4092827004219409	0.494949494949495	0	0	0	1.0	True	1.0421045902058563
rescue_sweep	336	237	99	221	49	16	50	0.8185185185185185	0.9324894514767933	0.8717948717948718	0.22784810126582278	0.9240506329113924	0.800000011920929	0.05000000074505806	0.25	1.4641350210970465	0.4092827004219409	0.494949494949495	0	0	0	1.0	True	1.0421045902058563
rescue_sweep	336	237	99	221	49	16	50	0.8185185185185185	0.9324894514767933	0.8717948717948718	0.22784810126582278	0.9240506329113924	0.800000011920929	0.05000000074505806	0.30000001192092896	1.4641350210970465	0.4092827004219409	0.494949494949495	0	0	0	1.0	True	1.0421045902058563
rescue_sweep	336	237	99	221	49	16	50	0.8185185185185185	0.9324894514767933	0.8717948717948718	0.22784810126582278	0.9240506329113924	0.800000011920929	0.10000000149011612	0.0	1.4641350210970465	0.4092827004219409	0.494949494949495	0	0	0	1.0	True	1.0421045902058563
rescue_sweep	336	237	99	221	49	16	50	0.8185185185185185	0.9324894514767933	0.8717948717948718	0.22784810126582278	0.9240506329113924	0.800000011920929	0.10000000149011612	0.05000000074505806	1.4641350210970465	0.4092827004219409	0.494949494949495	0	0	0	1.0	True	1.0421045902058563
rescue_sweep	336	237	99	221	49	16	50	0.8185185185185185	0.9324894514767933	0.8717948717948718	0.22784810126582278	0.9240506329113924	0.800000011920929	0.10000000149011612	0.10000000149011612	1.4641350210970465	0.4092827004219409	0.494949494949495	0	0	0	1.0	True	1.0421045902058563
rescue_sweep	336	237	99	221	49	16	50	0.8185185185185185	0.9324894514767933	0.8717948717948718	0.22784810126582278	0.9240506329113924	0.800000011920929	0.10000000149011612	0.15000000596046448	1.4641350210970465	0.4092827004219409	0.494949494949495	0	0	0	1.0	True	1.0421045902058563
rescue_sweep	336	237	99	221	49	16	50	0.8185185185185185	0.9324894514767933	0.8717948717948718	0.22784810126582278	0.9240506329113924	0.800000011920929	0.10000000149011612	0.20000000298023224	1.4641350210970465	0.4092827004219409	0.494949494949495	0	0	0	1.0	True	1.0421045902058563
rescue_sweep	336	237	99	221	49	16	50	0.8185185185185185	0.9324894514767933	0.8717948717948718	0.22784810126582278	0.9240506329113924	0.800000011920929	0.10000000149011612	0.25	1.4641350210970465	0.4092827004219409	0.494949494949495	0	0	0	1.0	True	1.0421045902058563
rescue_sweep	336	237	99	221	49	16	50	0.8185185185185185	0.9324894514767933	0.8717948717948718	0.22784810126582278	0.9240506329113924	0.800000011920929	0.10000000149011612	0.30000001192092896	1.4641350210970465	0.4092827004219409	0.494949494949495	0	0	0	1.0	True	1.0421045902058563
rescue_sweep	336	237	99	221	49	16	50	0.8185185185185185	0.9324894514767933	0.8717948717948718	0.22784810126582278	0.9240506329113924	0.8199999928474426	0.0	0.0	1.4641350210970465	0.4092827004219409	0.494949494949495	0	0	0	1.0	True	1.0421045902058563
rescue_sweep	336	237	99	221	49	16	50	0.8185185185185185	0.9324894514767933	0.8717948717948718	0.22784810126582278	0.9240506329113924	0.8199999928474426	0.0	0.05000000074505806	1.4641350210970465	0.4092827004219409	0.494949494949495	0	0	0	1.0	True	1.0421045902058563
rescue_sweep	336	237	99	221	49	16	50	0.8185185185185185	0.9324894514767933	0.8717948717948718	0.22784810126582278	0.9240506329113924	0.8199999928474426	0.0	0.10000000149011612	1.4641350210970465	0.4092827004219409	0.494949494949495	0	0	0	1.0	True	1.0421045902058563
rescue_sweep	336	237	99	221	49	16	50	0.8185185185185185	0.9324894514767933	0.8717948717948718	0.22784810126582278	0.9240506329113924	0.8199999928474426	0.0	0.15000000596046448	1.4641350210970465	0.4092827004219409	0.494949494949495	0	0	0	1.0	True	1.0421045902058563
rescue_sweep	336	237	99	221	49	16	50	0.8185185185185185	0.9324894514767933	0.8717948717948718	0.22784810126582278	0.9240506329113924	0.8199999928474426	0.0	0.20000000298023224	1.4641350210970465	0.4092827004219409	0.494949494949495	0	0	0	1.0	True	1.0421045902058563
rescue_sweep	336	237	99	221	49	16	50	0.8185185185185185	0.9324894514767933	0.8717948717948718	0.22784810126582278	0.9240506329113924	0.8199999928474426	0.0	0.25	1.4641350210970465	0.4092827004219409	0.494949494949495	0	0	0	1.0	True	1.0421045902058563
rescue_sweep	336	237	99	221	49	16	50	0.8185185185185185	0.9324894514767933	0.8717948717948718	0.22784810126582278	0.9240506329113924	0.8199999928474426	0.0	0.30000001192092896	1.4641350210970465	0.4092827004219409	0.494949494949495	0	0	0	1.0	True	1.0421045902058563
rescue_sweep	336	237	99	221	49	16	50	0.8185185185185185	0.9324894514767933	0.8717948717948718	0.22784810126582278	0.9240506329113924	0.8199999928474426	0.0010000000474974513	0.0	1.4641350210970465	0.4092827004219409	0.494949494949495	0	0	0	1.0	True	1.0421045902058563
rescue_sweep	336	237	99	221	49	16	50	0.8185185185185185	0.9324894514767933	0.8717948717948718	0.22784810126582278	0.9240506329113924	0.8199999928474426	0.0010000000474974513	0.05000000074505806	1.4641350210970465	0.4092827004219409	0.494949494949495	0	0	0	1.0	True	1.0421045902058563
rescue_sweep	336	237	99	221	49	16	50	0.8185185185185185	0.9324894514767933	0.8717948717948718	0.22784810126582278	0.9240506329113924	0.8199999928474426	0.0010000000474974513	0.10000000149011612	1.4641350210970465	0.4092827004219409	0.494949494949495	0	0	0	1.0	True	1.0421045902058563
rescue_sweep	336	237	99	221	49	16	50	0.8185185185185185	0.9324894514767933	0.8717948717948718	0.22784810126582278	0.9240506329113924	0.8199999928474426	0.0010000000474974513	0.15000000596046448	1.4641350210970465	0.4092827004219409	0.494949494949495	0	0	0	1.0	True	1.0421045902058563
rescue_sweep	336	237	99	221	49	16	50	0.8185185185185185	0.9324894514767933	0.8717948717948718	0.22784810126582278	0.9240506329113924	0.8199999928474426	0.0010000000474974513	0.20000000298023224	1.4641350210970465	0.4092827004219409	0.494949494949495	0	0	0	1.0	True	1.0421045902058563
rescue_sweep	336	237	99	221	49	16	50	0.8185185185185185	0.9324894514767933	0.8717948717948718	0.22784810126582278	0.9240506329113924	0.8199999928474426	0.0010000000474974513	0.25	1.4641350210970465	0.4092827004219409	0.494949494949495	0	0	0	1.0	True	1.0421045902058563
rescue_sweep	336	237	99	221	49	16	50	0.8185185185185185	0.9324894514767933	0.8717948717948718	0.22784810126582278	0.9240506329113924	0.8199999928474426	0.0010000000474974513	0.30000001192092896	1.4641350210970465	0.4092827004219409	0.494949494949495	0	0	0	1.0	True	1.0421045902058563
rescue_sweep	336	237	99	221	49	16	50	0.8185185185185185	0.9324894514767933	0.8717948717948718	0.22784810126582278	0.9240506329113924	0.8199999928474426	0.004999999888241291	0.0	1.4641350210970465	0.4092827004219409	0.494949494949495	0	0	0	1.0	True	1.0421045902058563
rescue_sweep	336	237	99	221	49	16	50	0.8185185185185185	0.9324894514767933	0.8717948717948718	0.22784810126582278	0.9240506329113924	0.8199999928474426	0.004999999888241291	0.05000000074505806	1.4641350210970465	0.4092827004219409	0.494949494949495	0	0	0	1.0	True	1.0421045902058563
rescue_sweep	336	237	99	221	49	16	50	0.8185185185185185	0.9324894514767933	0.8717948717948718	0.22784810126582278	0.9240506329113924	0.8199999928474426	0.004999999888241291	0.10000000149011612	1.4641350210970465	0.4092827004219409	0.494949494949495	0	0	0	1.0	True	1.0421045902058563
rescue_sweep	336	237	99	221	49	16	50	0.8185185185185185	0.9324894514767933	0.8717948717948718	0.22784810126582278	0.9240506329113924	0.8199999928474426	0.004999999888241291	0.15000000596046448	1.4641350210970465	0.4092827004219409	0.494949494949495	0	0	0	1.0	True	1.0421045902058563
rescue_sweep	336	237	99	221	49	16	50	0.8185185185185185	0.9324894514767933	0.8717948717948718	0.22784810126582278	0.9240506329113924	0.8199999928474426	0.004999999888241291	0.20000000298023224	1.4641350210970465	0.4092827004219409	0.494949494949495	0	0	0	1.0	True	1.0421045902058563
rescue_sweep	336	237	99	221	49	16	50	0.8185185185185185	0.9324894514767933	0.8717948717948718	0.22784810126582278	0.9240506329113924	0.8199999928474426	0.004999999888241291	0.25	1.4641350210970465	0.4092827004219409	0.494949494949495	0	0	0	1.0	True	1.0421045902058563
rescue_sweep	336	237	99	221	49	16	50	0.8185185185185185	0.9324894514767933	0.8717948717948718	0.22784810126582278	0.9240506329113924	0.8199999928474426	0.004999999888241291	0.30000001192092896	1.4641350210970465	0.4092827004219409	0.494949494949495	0	0	0	1.0	True	1.0421045902058563
rescue_sweep	336	237	99	221	49	16	50	0.8185185185185185	0.9324894514767933	0.8717948717948718	0.22784810126582278	0.9240506329113924	0.8199999928474426	0.009999999776482582	0.0	1.4641350210970465	0.4092827004219409	0.494949494949495	0	0	0	1.0	True	1.0421045902058563
rescue_sweep	336	237	99	221	49	16	50	0.8185185185185185	0.9324894514767933	0.8717948717948718	0.22784810126582278	0.9240506329113924	0.8199999928474426	0.009999999776482582	0.05000000074505806	1.4641350210970465	0.4092827004219409	0.494949494949495	0	0	0	1.0	True	1.0421045902058563
rescue_sweep	336	237	99	221	49	16	50	0.8185185185185185	0.9324894514767933	0.8717948717948718	0.22784810126582278	0.9240506329113924	0.8199999928474426	0.009999999776482582	0.10000000149011612	1.4641350210970465	0.4092827004219409	0.494949494949495	0	0	0	1.0	True	1.0421045902058563
rescue_sweep	336	237	99	221	49	16	50	0.8185185185185185	0.9324894514767933	0.8717948717948718	0.22784810126582278	0.9240506329113924	0.8199999928474426	0.009999999776482582	0.15000000596046448	1.4641350210970465	0.4092827004219409	0.494949494949495	0	0	0	1.0	True	1.0421045902058563
rescue_sweep	336	237	99	221	49	16	50	0.8185185185185185	0.9324894514767933	0.8717948717948718	0.22784810126582278	0.9240506329113924	0.8199999928474426	0.009999999776482582	0.20000000298023224	1.4641350210970465	0.4092827004219409	0.494949494949495	0	0	0	1.0	True	1.0421045902058563
rescue_sweep	336	237	99	221	49	16	50	0.8185185185185185	0.9324894514767933	0.8717948717948718	0.22784810126582278	0.9240506329113924	0.8199999928474426	0.009999999776482582	0.25	1.4641350210970465	0.4092827004219409	0.494949494949495	0	0	0	1.0	True	1.0421045902058563
rescue_sweep	336	237	99	221	49	16	50	0.8185185185185185	0.9324894514767933	0.8717948717948718	0.22784810126582278	0.9240506329113924	0.8199999928474426	0.009999999776482582	0.30000001192092896	1.4641350210970465	0.4092827004219409	0.494949494949495	0	0	0	1.0	True	1.0421045902058563
rescue_sweep	336	237	99	221	49	16	50	0.8185185185185185	0.9324894514767933	0.8717948717948718	0.22784810126582278	0.9240506329113924	0.8199999928474426	0.019999999552965164	0.0	1.4641350210970465	0.4092827004219409	0.494949494949495	0	0	0	1.0	True	1.0421045902058563
rescue_sweep	336	237	99	221	49	16	50	0.8185185185185185	0.9324894514767933	0.8717948717948718	0.22784810126582278	0.9240506329113924	0.8199999928474426	0.019999999552965164	0.05000000074505806	1.4641350210970465	0.4092827004219409	0.494949494949495	0	0	0	1.0	True	1.0421045902058563
rescue_sweep	336	237	99	221	49	16	50	0.8185185185185185	0.9324894514767933	0.8717948717948718	0.22784810126582278	0.9240506329113924	0.8199999928474426	0.019999999552965164	0.10000000149011612	1.4641350210970465	0.4092827004219409	0.494949494949495	0	0	0	1.0	True	1.0421045902058563
rescue_sweep	336	237	99	221	49	16	50	0.8185185185185185	0.9324894514767933	0.8717948717948718	0.22784810126582278	0.9240506329113924	0.8199999928474426	0.019999999552965164	0.15000000596046448	1.4641350210970465	0.4092827004219409	0.494949494949495	0	0	0	1.0	True	1.0421045902058563
rescue_sweep	336	237	99	221	49	16	50	0.8185185185185185	0.9324894514767933	0.8717948717948718	0.22784810126582278	0.9240506329113924	0.8199999928474426	0.019999999552965164	0.20000000298023224	1.4641350210970465	0.4092827004219409	0.494949494949495	0	0	0	1.0	True	1.0421045902058563
rescue_sweep	336	237	99	221	49	16	50	0.8185185185185185	0.9324894514767933	0.8717948717948718	0.22784810126582278	0.9240506329113924	0.8199999928474426	0.019999999552965164	0.25	1.4641350210970465	0.4092827004219409	0.494949494949495	0	0	0	1.0	True	1.0421045902058563
rescue_sweep	336	237	99	221	49	16	50	0.8185185185185185	0.9324894514767933	0.8717948717948718	0.22784810126582278	0.9240506329113924	0.8199999928474426	0.019999999552965164	0.30000001192092896	1.4641350210970465	0.4092827004219409	0.494949494949495	0	0	0	1.0	True	1.0421045902058563
rescue_sweep	336	237	99	221	49	16	50	0.8185185185185185	0.9324894514767933	0.8717948717948718	0.22784810126582278	0.9240506329113924	0.8199999928474426	0.05000000074505806	0.0	1.4641350210970465	0.4092827004219409	0.494949494949495	0	0	0	1.0	True	1.0421045902058563
rescue_sweep	336	237	99	221	49	16	50	0.8185185185185185	0.9324894514767933	0.8717948717948718	0.22784810126582278	0.9240506329113924	0.8199999928474426	0.05000000074505806	0.05000000074505806	1.4641350210970465	0.4092827004219409	0.494949494949495	0	0	0	1.0	True	1.0421045902058563
rescue_sweep	336	237	99	221	49	16	50	0.8185185185185185	0.9324894514767933	0.8717948717948718	0.22784810126582278	0.9240506329113924	0.8199999928474426	0.05000000074505806	0.10000000149011612	1.4641350210970465	0.4092827004219409	0.494949494949495	0	0	0	1.0	True	1.0421045902058563
rescue_sweep	336	237	99	221	49	16	50	0.8185185185185185	0.9324894514767933	0.8717948717948718	0.22784810126582278	0.9240506329113924	0.8199999928474426	0.05000000074505806	0.15000000596046448	1.4641350210970465	0.4092827004219409	0.494949494949495	0	0	0	1.0	True	1.0421045902058563
rescue_sweep	336	237	99	221	49	16	50	0.8185185185185185	0.9324894514767933	0.8717948717948718	0.22784810126582278	0.9240506329113924	0.8199999928474426	0.05000000074505806	0.20000000298023224	1.4641350210970465	0.4092827004219409	0.494949494949495	0	0	0	1.0	True	1.0421045902058563
rescue_sweep	336	237	99	221	49	16	50	0.8185185185185185	0.9324894514767933	0.8717948717948718	0.22784810126582278	0.9240506329113924	0.8199999928474426	0.05000000074505806	0.25	1.4641350210970465	0.4092827004219409	0.494949494949495	0	0	0	1.0	True	1.0421045902058563
rescue_sweep	336	237	99	221	49	16	50	0.8185185185185185	0.9324894514767933	0.8717948717948718	0.22784810126582278	0.9240506329113924	0.8199999928474426	0.05000000074505806	0.30000001192092896	1.4641350210970465	0.4092827004219409	0.494949494949495	0	0	0	1.0	True	1.0421045902058563
rescue_sweep	336	237	99	221	49	16	50	0.8185185185185185	0.9324894514767933	0.8717948717948718	0.22784810126582278	0.9240506329113924	0.8199999928474426	0.10000000149011612	0.0	1.4641350210970465	0.4092827004219409	0.494949494949495	0	0	0	1.0	True	1.0421045902058563
rescue_sweep	336	237	99	221	49	16	50	0.8185185185185185	0.9324894514767933	0.8717948717948718	0.22784810126582278	0.9240506329113924	0.8199999928474426	0.10000000149011612	0.05000000074505806	1.4641350210970465	0.4092827004219409	0.494949494949495	0	0	0	1.0	True	1.0421045902058563
rescue_sweep	336	237	99	221	49	16	50	0.8185185185185185	0.9324894514767933	0.8717948717948718	0.22784810126582278	0.9240506329113924	0.8199999928474426	0.10000000149011612	0.10000000149011612	1.4641350210970465	0.4092827004219409	0.494949494949495	0	0	0	1.0	True	1.0421045902058563
rescue_sweep	336	237	99	221	49	16	50	0.8185185185185185	0.9324894514767933	0.8717948717948718	0.22784810126582278	0.9240506329113924	0.8199999928474426	0.10000000149011612	0.15000000596046448	1.4641350210970465	0.4092827004219409	0.494949494949495	0	0	0	1.0	True	1.0421045902058563
rescue_sweep	336	237	99	221	49	16	50	0.8185185185185185	0.9324894514767933	0.8717948717948718	0.22784810126582278	0.9240506329113924	0.8199999928474426	0.10000000149011612	0.20000000298023224	1.4641350210970465	0.4092827004219409	0.494949494949495	0	0	0	1.0	True	1.0421045902058563
rescue_sweep	336	237	99	221	49	16	50	0.8185185185185185	0.9324894514767933	0.8717948717948718	0.22784810126582278	0.9240506329113924	0.8199999928474426	0.10000000149011612	0.25	1.4641350210970465	0.4092827004219409	0.494949494949495	0	0	0	1.0	True	1.0421045902058563
rescue_sweep	336	237	99	221	49	16	50	0.8185185185185185	0.9324894514767933	0.8717948717948718	0.22784810126582278	0.9240506329113924	0.8199999928474426	0.10000000149011612	0.30000001192092896	1.4641350210970465	0.4092827004219409	0.494949494949495	0	0	0	1.0	True	1.0421045902058563
rescue_sweep	336	237	99	221	49	16	50	0.8185185185185185	0.9324894514767933	0.8717948717948718	0.22784810126582278	0.9240506329113924	0.8399999737739563	0.0	0.0	1.4641350210970465	0.4092827004219409	0.494949494949495	0	0	0	1.0	True	1.0421045902058563
rescue_sweep	336	237	99	221	49	16	50	0.8185185185185185	0.9324894514767933	0.8717948717948718	0.22784810126582278	0.9240506329113924	0.8399999737739563	0.0	0.05000000074505806	1.4641350210970465	0.4092827004219409	0.494949494949495	0	0	0	1.0	True	1.0421045902058563
rescue_sweep	336	237	99	221	49	16	50	0.8185185185185185	0.9324894514767933	0.8717948717948718	0.22784810126582278	0.9240506329113924	0.8399999737739563	0.0	0.10000000149011612	1.4641350210970465	0.4092827004219409	0.494949494949495	0	0	0	1.0	True	1.0421045902058563
rescue_sweep	336	237	99	221	49	16	50	0.8185185185185185	0.9324894514767933	0.8717948717948718	0.22784810126582278	0.9240506329113924	0.8399999737739563	0.0	0.15000000596046448	1.4641350210970465	0.4092827004219409	0.494949494949495	0	0	0	1.0	True	1.0421045902058563
rescue_sweep	336	237	99	221	49	16	50	0.8185185185185185	0.9324894514767933	0.8717948717948718	0.22784810126582278	0.9240506329113924	0.8399999737739563	0.0	0.20000000298023224	1.4641350210970465	0.4092827004219409	0.494949494949495	0	0	0	1.0	True	1.0421045902058563
rescue_sweep	336	237	99	221	49	16	50	0.8185185185185185	0.9324894514767933	0.8717948717948718	0.22784810126582278	0.9240506329113924	0.8399999737739563	0.0	0.25	1.4641350210970465	0.4092827004219409	0.494949494949495	0	0	0	1.0	True	1.0421045902058563
rescue_sweep	336	237	99	221	49	16	50	0.8185185185185185	0.9324894514767933	0.8717948717948718	0.22784810126582278	0.9240506329113924	0.8399999737739563	0.0	0.30000001192092896	1.4641350210970465	0.4092827004219409	0.494949494949495	0	0	0	1.0	True	1.0421045902058563
rescue_sweep	336	237	99	221	49	16	50	0.8185185185185185	0.9324894514767933	0.8717948717948718	0.22784810126582278	0.9240506329113924	0.8399999737739563	0.0010000000474974513	0.0	1.4641350210970465	0.4092827004219409	0.494949494949495	0	0	0	1.0	True	1.0421045902058563
rescue_sweep	336	237	99	221	49	16	50	0.8185185185185185	0.9324894514767933	0.8717948717948718	0.22784810126582278	0.9240506329113924	0.8399999737739563	0.0010000000474974513	0.05000000074505806	1.4641350210970465	0.4092827004219409	0.494949494949495	0	0	0	1.0	True	1.0421045902058563
rescue_sweep	336	237	99	221	49	16	50	0.8185185185185185	0.9324894514767933	0.8717948717948718	0.22784810126582278	0.9240506329113924	0.8399999737739563	0.0010000000474974513	0.10000000149011612	1.4641350210970465	0.4092827004219409	0.494949494949495	0	0	0	1.0	True	1.0421045902058563
rescue_sweep	336	237	99	221	49	16	50	0.8185185185185185	0.9324894514767933	0.8717948717948718	0.22784810126582278	0.9240506329113924	0.8399999737739563	0.0010000000474974513	0.15000000596046448	1.4641350210970465	0.4092827004219409	0.494949494949495	0	0	0	1.0	True	1.0421045902058563
rescue_sweep	336	237	99	221	49	16	50	0.8185185185185185	0.9324894514767933	0.8717948717948718	0.22784810126582278	0.9240506329113924	0.8399999737739563	0.0010000000474974513	0.20000000298023224	1.4641350210970465	0.4092827004219409	0.494949494949495	0	0	0	1.0	True	1.0421045902058563
rescue_sweep	336	237	99	221	49	16	50	0.8185185185185185	0.9324894514767933	0.8717948717948718	0.22784810126582278	0.9240506329113924	0.8399999737739563	0.0010000000474974513	0.25	1.4641350210970465	0.4092827004219409	0.494949494949495	0	0	0	1.0	True	1.0421045902058563
rescue_sweep	336	237	99	221	49	16	50	0.8185185185185185	0.9324894514767933	0.8717948717948718	0.22784810126582278	0.9240506329113924	0.8399999737739563	0.0010000000474974513	0.30000001192092896	1.4641350210970465	0.4092827004219409	0.494949494949495	0	0	0	1.0	True	1.0421045902058563
rescue_sweep	336	237	99	221	49	16	50	0.8185185185185185	0.9324894514767933	0.8717948717948718	0.22784810126582278	0.9240506329113924	0.8399999737739563	0.004999999888241291	0.0	1.4641350210970465	0.4092827004219409	0.494949494949495	0	0	0	1.0	True	1.0421045902058563
rescue_sweep	336	237	99	221	49	16	50	0.8185185185185185	0.9324894514767933	0.8717948717948718	0.22784810126582278	0.9240506329113924	0.8399999737739563	0.004999999888241291	0.05000000074505806	1.4641350210970465	0.4092827004219409	0.494949494949495	0	0	0	1.0	True	1.0421045902058563
rescue_sweep	336	237	99	221	49	16	50	0.8185185185185185	0.9324894514767933	0.8717948717948718	0.22784810126582278	0.9240506329113924	0.8399999737739563	0.004999999888241291	0.10000000149011612	1.4641350210970465	0.4092827004219409	0.494949494949495	0	0	0	1.0	True	1.0421045902058563
rescue_sweep	336	237	99	221	49	16	50	0.8185185185185185	0.9324894514767933	0.8717948717948718	0.22784810126582278	0.9240506329113924	0.8399999737739563	0.004999999888241291	0.15000000596046448	1.4641350210970465	0.4092827004219409	0.494949494949495	0	0	0	1.0	True	1.0421045902058563
rescue_sweep	336	237	99	221	49	16	50	0.8185185185185185	0.9324894514767933	0.8717948717948718	0.22784810126582278	0.9240506329113924	0.8399999737739563	0.004999999888241291	0.20000000298023224	1.4641350210970465	0.4092827004219409	0.494949494949495	0	0	0	1.0	True	1.0421045902058563
rescue_sweep	336	237	99	221	49	16	50	0.8185185185185185	0.9324894514767933	0.8717948717948718	0.22784810126582278	0.9240506329113924	0.8399999737739563	0.004999999888241291	0.25	1.4641350210970465	0.4092827004219409	0.494949494949495	0	0	0	1.0	True	1.0421045902058563
rescue_sweep	336	237	99	221	49	16	50	0.8185185185185185	0.9324894514767933	0.8717948717948718	0.22784810126582278	0.9240506329113924	0.8399999737739563	0.004999999888241291	0.30000001192092896	1.4641350210970465	0.4092827004219409	0.494949494949495	0	0	0	1.0	True	1.0421045902058563
rescue_sweep	336	237	99	221	49	16	50	0.8185185185185185	0.9324894514767933	0.8717948717948718	0.22784810126582278	0.9240506329113924	0.8399999737739563	0.009999999776482582	0.0	1.4641350210970465	0.4092827004219409	0.494949494949495	0	0	0	1.0	True	1.0421045902058563
rescue_sweep	336	237	99	221	49	16	50	0.8185185185185185	0.9324894514767933	0.8717948717948718	0.22784810126582278	0.9240506329113924	0.8399999737739563	0.009999999776482582	0.05000000074505806	1.4641350210970465	0.4092827004219409	0.494949494949495	0	0	0	1.0	True	1.0421045902058563
rescue_sweep	336	237	99	221	49	16	50	0.8185185185185185	0.9324894514767933	0.8717948717948718	0.22784810126582278	0.9240506329113924	0.8399999737739563	0.009999999776482582	0.10000000149011612	1.4641350210970465	0.4092827004219409	0.494949494949495	0	0	0	1.0	True	1.0421045902058563
rescue_sweep	336	237	99	221	49	16	50	0.8185185185185185	0.9324894514767933	0.8717948717948718	0.22784810126582278	0.9240506329113924	0.8399999737739563	0.009999999776482582	0.15000000596046448	1.4641350210970465	0.4092827004219409	0.494949494949495	0	0	0	1.0	True	1.0421045902058563
rescue_sweep	336	237	99	221	49	16	50	0.8185185185185185	0.9324894514767933	0.8717948717948718	0.22784810126582278	0.9240506329113924	0.8399999737739563	0.009999999776482582	0.20000000298023224	1.4641350210970465	0.4092827004219409	0.494949494949495	0	0	0	1.0	True	1.0421045902058563
rescue_sweep	336	237	99	221	49	16	50	0.8185185185185185	0.9324894514767933	0.8717948717948718	0.22784810126582278	0.9240506329113924	0.8399999737739563	0.009999999776482582	0.25	1.4641350210970465	0.4092827004219409	0.494949494949495	0	0	0	1.0	True	1.0421045902058563
rescue_sweep	336	237	99	221	49	16	50	0.8185185185185185	0.9324894514767933	0.8717948717948718	0.22784810126582278	0.9240506329113924	0.8399999737739563	0.009999999776482582	0.30000001192092896	1.4641350210970465	0.4092827004219409	0.494949494949495	0	0	0	1.0	True	1.0421045902058563
rescue_sweep	336	237	99	221	49	16	50	0.8185185185185185	0.9324894514767933	0.8717948717948718	0.22784810126582278	0.9240506329113924	0.8399999737739563	0.019999999552965164	0.0	1.4641350210970465	0.4092827004219409	0.494949494949495	0	0	0	1.0	True	1.0421045902058563
rescue_sweep	336	237	99	221	49	16	50	0.8185185185185185	0.9324894514767933	0.8717948717948718	0.22784810126582278	0.9240506329113924	0.8399999737739563	0.019999999552965164	0.05000000074505806	1.4641350210970465	0.4092827004219409	0.494949494949495	0	0	0	1.0	True	1.0421045902058563
rescue_sweep	336	237	99	221	49	16	50	0.8185185185185185	0.9324894514767933	0.8717948717948718	0.22784810126582278	0.9240506329113924	0.8399999737739563	0.019999999552965164	0.10000000149011612	1.4641350210970465	0.4092827004219409	0.494949494949495	0	0	0	1.0	True	1.0421045902058563
rescue_sweep	336	237	99	221	49	16	50	0.8185185185185185	0.9324894514767933	0.8717948717948718	0.22784810126582278	0.9240506329113924	0.8399999737739563	0.019999999552965164	0.15000000596046448	1.4641350210970465	0.4092827004219409	0.494949494949495	0	0	0	1.0	True	1.0421045902058563
rescue_sweep	336	237	99	221	49	16	50	0.8185185185185185	0.9324894514767933	0.8717948717948718	0.22784810126582278	0.9240506329113924	0.8399999737739563	0.019999999552965164	0.20000000298023224	1.4641350210970465	0.4092827004219409	0.494949494949495	0	0	0	1.0	True	1.0421045902058563
rescue_sweep	336	237	99	221	49	16	50	0.8185185185185185	0.9324894514767933	0.8717948717948718	0.22784810126582278	0.9240506329113924	0.8399999737739563	0.019999999552965164	0.25	1.4641350210970465	0.4092827004219409	0.494949494949495	0	0	0	1.0	True	1.0421045902058563
rescue_sweep	336	237	99	221	49	16	50	0.8185185185185185	0.9324894514767933	0.8717948717948718	0.22784810126582278	0.9240506329113924	0.8399999737739563	0.019999999552965164	0.30000001192092896	1.4641350210970465	0.4092827004219409	0.494949494949495	0	0	0	1.0	True	1.0421045902058563
rescue_sweep	336	237	99	221	49	16	50	0.8185185185185185	0.9324894514767933	0.8717948717948718	0.22784810126582278	0.9240506329113924	0.8399999737739563	0.05000000074505806	0.0	1.4641350210970465	0.4092827004219409	0.494949494949495	0	0	0	1.0	True	1.0421045902058563
rescue_sweep	336	237	99	221	49	16	50	0.8185185185185185	0.9324894514767933	0.8717948717948718	0.22784810126582278	0.9240506329113924	0.8399999737739563	0.05000000074505806	0.05000000074505806	1.4641350210970465	0.4092827004219409	0.494949494949495	0	0	0	1.0	True	1.0421045902058563
rescue_sweep	336	237	99	221	49	16	50	0.8185185185185185	0.9324894514767933	0.8717948717948718	0.22784810126582278	0.9240506329113924	0.8399999737739563	0.05000000074505806	0.10000000149011612	1.4641350210970465	0.4092827004219409	0.494949494949495	0	0	0	1.0	True	1.0421045902058563
rescue_sweep	336	237	99	221	49	16	50	0.8185185185185185	0.9324894514767933	0.8717948717948718	0.22784810126582278	0.9240506329113924	0.8399999737739563	0.05000000074505806	0.15000000596046448	1.4641350210970465	0.4092827004219409	0.494949494949495	0	0	0	1.0	True	1.0421045902058563
rescue_sweep	336	237	99	221	49	16	50	0.8185185185185185	0.9324894514767933	0.8717948717948718	0.22784810126582278	0.9240506329113924	0.8399999737739563	0.05000000074505806	0.20000000298023224	1.4641350210970465	0.4092827004219409	0.494949494949495	0	0	0	1.0	True	1.0421045902058563
rescue_sweep	336	237	99	221	49	16	50	0.8185185185185185	0.9324894514767933	0.8717948717948718	0.22784810126582278	0.9240506329113924	0.8399999737739563	0.05000000074505806	0.25	1.4641350210970465	0.4092827004219409	0.494949494949495	0	0	0	1.0	True	1.0421045902058563
rescue_sweep	336	237	99	221	49	16	50	0.8185185185185185	0.9324894514767933	0.8717948717948718	0.22784810126582278	0.9240506329113924	0.8399999737739563	0.05000000074505806	0.30000001192092896	1.4641350210970465	0.4092827004219409	0.494949494949495	0	0	0	1.0	True	1.0421045902058563
rescue_sweep	336	237	99	221	49	16	50	0.8185185185185185	0.9324894514767933	0.8717948717948718	0.22784810126582278	0.9240506329113924	0.8399999737739563	0.10000000149011612	0.0	1.4641350210970465	0.4092827004219409	0.494949494949495	0	0	0	1.0	True	1.0421045902058563
rescue_sweep	336	237	99	221	49	16	50	0.8185185185185185	0.9324894514767933	0.8717948717948718	0.22784810126582278	0.9240506329113924	0.8399999737739563	0.10000000149011612	0.05000000074505806	1.4641350210970465	0.4092827004219409	0.494949494949495	0	0	0	1.0	True	1.0421045902058563
rescue_sweep	336	237	99	221	49	16	50	0.8185185185185185	0.9324894514767933	0.8717948717948718	0.22784810126582278	0.9240506329113924	0.8399999737739563	0.10000000149011612	0.10000000149011612	1.4641350210970465	0.4092827004219409	0.494949494949495	0	0	0	1.0	True	1.0421045902058563
rescue_sweep	336	237	99	221	49	16	50	0.8185185185185185	0.9324894514767933	0.8717948717948718	0.22784810126582278	0.9240506329113924	0.8399999737739563	0.10000000149011612	0.15000000596046448	1.4641350210970465	0.4092827004219409	0.494949494949495	0	0	0	1.0	True	1.0421045902058563
rescue_sweep	336	237	99	221	49	16	50	0.8185185185185185	0.9324894514767933	0.8717948717948718	0.22784810126582278	0.9240506329113924	0.8399999737739563	0.10000000149011612	0.20000000298023224	1.4641350210970465	0.4092827004219409	0.494949494949495	0	0	0	1.0	True	1.0421045902058563
rescue_sweep	336	237	99	221	49	16	50	0.8185185185185185	0.9324894514767933	0.8717948717948718	0.22784810126582278	0.9240506329113924	0.8399999737739563	0.10000000149011612	0.25	1.4641350210970465	0.4092827004219409	0.494949494949495	0	0	0	1.0	True	1.0421045902058563
rescue_sweep	336	237	99	221	49	16	50	0.8185185185185185	0.9324894514767933	0.8717948717948718	0.22784810126582278	0.9240506329113924	0.8399999737739563	0.10000000149011612	0.30000001192092896	1.4641350210970465	0.4092827004219409	0.494949494949495	0	0	0	1.0	True	1.0421045902058563
rescue_sweep	336	237	99	221	49	16	50	0.8185185185185185	0.9324894514767933	0.8717948717948718	0.22784810126582278	0.9240506329113924	0.8600000143051147	0.0	0.0	1.4641350210970465	0.4092827004219409	0.494949494949495	0	0	0	1.0	True	1.0421045902058563
rescue_sweep	336	237	99	221	49	16	50	0.8185185185185185	0.9324894514767933	0.8717948717948718	0.22784810126582278	0.9240506329113924	0.8600000143051147	0.0	0.05000000074505806	1.4641350210970465	0.4092827004219409	0.494949494949495	0	0	0	1.0	True	1.0421045902058563
rescue_sweep	336	237	99	221	49	16	50	0.8185185185185185	0.9324894514767933	0.8717948717948718	0.22784810126582278	0.9240506329113924	0.8600000143051147	0.0	0.10000000149011612	1.4641350210970465	0.4092827004219409	0.494949494949495	0	0	0	1.0	True	1.0421045902058563
rescue_sweep	336	237	99	221	49	16	50	0.8185185185185185	0.9324894514767933	0.8717948717948718	0.22784810126582278	0.9240506329113924	0.8600000143051147	0.0	0.15000000596046448	1.4641350210970465	0.4092827004219409	0.494949494949495	0	0	0	1.0	True	1.0421045902058563
rescue_sweep	336	237	99	221	49	16	50	0.8185185185185185	0.9324894514767933	0.8717948717948718	0.22784810126582278	0.9240506329113924	0.8600000143051147	0.0	0.20000000298023224	1.4641350210970465	0.4092827004219409	0.494949494949495	0	0	0	1.0	True	1.0421045902058563
rescue_sweep	336	237	99	221	49	16	50	0.8185185185185185	0.9324894514767933	0.8717948717948718	0.22784810126582278	0.9240506329113924	0.8600000143051147	0.0	0.25	1.4641350210970465	0.4092827004219409	0.494949494949495	0	0	0	1.0	True	1.0421045902058563
rescue_sweep	336	237	99	221	49	16	50	0.8185185185185185	0.9324894514767933	0.8717948717948718	0.22784810126582278	0.9240506329113924	0.8600000143051147	0.0	0.30000001192092896	1.4641350210970465	0.4092827004219409	0.494949494949495	0	0	0	1.0	True	1.0421045902058563
rescue_sweep	336	237	99	221	49	16	50	0.8185185185185185	0.9324894514767933	0.8717948717948718	0.22784810126582278	0.9240506329113924	0.8600000143051147	0.0010000000474974513	0.0	1.4641350210970465	0.4092827004219409	0.494949494949495	0	0	0	1.0	True	1.0421045902058563
rescue_sweep	336	237	99	221	49	16	50	0.8185185185185185	0.9324894514767933	0.8717948717948718	0.22784810126582278	0.9240506329113924	0.8600000143051147	0.0010000000474974513	0.05000000074505806	1.4641350210970465	0.4092827004219409	0.494949494949495	0	0	0	1.0	True	1.0421045902058563
rescue_sweep	336	237	99	221	49	16	50	0.8185185185185185	0.9324894514767933	0.8717948717948718	0.22784810126582278	0.9240506329113924	0.8600000143051147	0.0010000000474974513	0.10000000149011612	1.4641350210970465	0.4092827004219409	0.494949494949495	0	0	0	1.0	True	1.0421045902058563
rescue_sweep	336	237	99	221	49	16	50	0.8185185185185185	0.9324894514767933	0.8717948717948718	0.22784810126582278	0.9240506329113924	0.8600000143051147	0.0010000000474974513	0.15000000596046448	1.4641350210970465	0.4092827004219409	0.494949494949495	0	0	0	1.0	True	1.0421045902058563
rescue_sweep	336	237	99	221	49	16	50	0.8185185185185185	0.9324894514767933	0.8717948717948718	0.22784810126582278	0.9240506329113924	0.8600000143051147	0.0010000000474974513	0.20000000298023224	1.4641350210970465	0.4092827004219409	0.494949494949495	0	0	0	1.0	True	1.0421045902058563
rescue_sweep	336	237	99	221	49	16	50	0.8185185185185185	0.9324894514767933	0.8717948717948718	0.22784810126582278	0.9240506329113924	0.8600000143051147	0.0010000000474974513	0.25	1.4641350210970465	0.4092827004219409	0.494949494949495	0	0	0	1.0	True	1.0421045902058563
rescue_sweep	336	237	99	221	49	16	50	0.8185185185185185	0.9324894514767933	0.8717948717948718	0.22784810126582278	0.9240506329113924	0.8600000143051147	0.0010000000474974513	0.30000001192092896	1.4641350210970465	0.4092827004219409	0.494949494949495	0	0	0	1.0	True	1.0421045902058563
rescue_sweep	336	237	99	221	49	16	50	0.8185185185185185	0.9324894514767933	0.8717948717948718	0.22784810126582278	0.9240506329113924	0.8600000143051147	0.004999999888241291	0.0	1.4641350210970465	0.4092827004219409	0.494949494949495	0	0	0	1.0	True	1.0421045902058563
rescue_sweep	336	237	99	221	49	16	50	0.8185185185185185	0.9324894514767933	0.8717948717948718	0.22784810126582278	0.9240506329113924	0.8600000143051147	0.004999999888241291	0.05000000074505806	1.4641350210970465	0.4092827004219409	0.494949494949495	0	0	0	1.0	True	1.0421045902058563
rescue_sweep	336	237	99	221	49	16	50	0.8185185185185185	0.9324894514767933	0.8717948717948718	0.22784810126582278	0.9240506329113924	0.8600000143051147	0.004999999888241291	0.10000000149011612	1.4641350210970465	0.4092827004219409	0.494949494949495	0	0	0	1.0	True	1.0421045902058563
rescue_sweep	336	237	99	221	49	16	50	0.8185185185185185	0.9324894514767933	0.8717948717948718	0.22784810126582278	0.9240506329113924	0.8600000143051147	0.004999999888241291	0.15000000596046448	1.4641350210970465	0.4092827004219409	0.494949494949495	0	0	0	1.0	True	1.0421045902058563
rescue_sweep	336	237	99	221	49	16	50	0.8185185185185185	0.9324894514767933	0.8717948717948718	0.22784810126582278	0.9240506329113924	0.8600000143051147	0.004999999888241291	0.20000000298023224	1.4641350210970465	0.4092827004219409	0.494949494949495	0	0	0	1.0	True	1.0421045902058563
rescue_sweep	336	237	99	221	49	16	50	0.8185185185185185	0.9324894514767933	0.8717948717948718	0.22784810126582278	0.9240506329113924	0.8600000143051147	0.004999999888241291	0.25	1.4641350210970465	0.4092827004219409	0.494949494949495	0	0	0	1.0	True	1.0421045902058563
rescue_sweep	336	237	99	221	49	16	50	0.8185185185185185	0.9324894514767933	0.8717948717948718	0.22784810126582278	0.9240506329113924	0.8600000143051147	0.004999999888241291	0.30000001192092896	1.4641350210970465	0.4092827004219409	0.494949494949495	0	0	0	1.0	True	1.0421045902058563
rescue_sweep	336	237	99	221	49	16	50	0.8185185185185185	0.9324894514767933	0.8717948717948718	0.22784810126582278	0.9240506329113924	0.8600000143051147	0.009999999776482582	0.0	1.4641350210970465	0.4092827004219409	0.494949494949495	0	0	0	1.0	True	1.0421045902058563
rescue_sweep	336	237	99	221	49	16	50	0.8185185185185185	0.9324894514767933	0.8717948717948718	0.22784810126582278	0.9240506329113924	0.8600000143051147	0.009999999776482582	0.05000000074505806	1.4641350210970465	0.4092827004219409	0.494949494949495	0	0	0	1.0	True	1.0421045902058563
rescue_sweep	336	237	99	221	49	16	50	0.8185185185185185	0.9324894514767933	0.8717948717948718	0.22784810126582278	0.9240506329113924	0.8600000143051147	0.009999999776482582	0.10000000149011612	1.4641350210970465	0.4092827004219409	0.494949494949495	0	0	0	1.0	True	1.0421045902058563
rescue_sweep	336	237	99	221	49	16	50	0.8185185185185185	0.9324894514767933	0.8717948717948718	0.22784810126582278	0.9240506329113924	0.8600000143051147	0.009999999776482582	0.15000000596046448	1.4641350210970465	0.4092827004219409	0.494949494949495	0	0	0	1.0	True	1.0421045902058563
rescue_sweep	336	237	99	221	49	16	50	0.8185185185185185	0.9324894514767933	0.8717948717948718	0.22784810126582278	0.9240506329113924	0.8600000143051147	0.009999999776482582	0.20000000298023224	1.4641350210970465	0.4092827004219409	0.494949494949495	0	0	0	1.0	True	1.0421045902058563
rescue_sweep	336	237	99	221	49	16	50	0.8185185185185185	0.9324894514767933	0.8717948717948718	0.22784810126582278	0.9240506329113924	0.8600000143051147	0.009999999776482582	0.25	1.4641350210970465	0.4092827004219409	0.494949494949495	0	0	0	1.0	True	1.0421045902058563
rescue_sweep	336	237	99	221	49	16	50	0.8185185185185185	0.9324894514767933	0.8717948717948718	0.22784810126582278	0.9240506329113924	0.8600000143051147	0.009999999776482582	0.30000001192092896	1.4641350210970465	0.4092827004219409	0.494949494949495	0	0	0	1.0	True	1.0421045902058563
rescue_sweep	336	237	99	221	49	16	50	0.8185185185185185	0.9324894514767933	0.8717948717948718	0.22784810126582278	0.9240506329113924	0.8600000143051147	0.019999999552965164	0.0	1.4641350210970465	0.4092827004219409	0.494949494949495	0	0	0	1.0	True	1.0421045902058563
rescue_sweep	336	237	99	221	49	16	50	0.8185185185185185	0.9324894514767933	0.8717948717948718	0.22784810126582278	0.9240506329113924	0.8600000143051147	0.019999999552965164	0.05000000074505806	1.4641350210970465	0.4092827004219409	0.494949494949495	0	0	0	1.0	True	1.0421045902058563
rescue_sweep	336	237	99	221	49	16	50	0.8185185185185185	0.9324894514767933	0.8717948717948718	0.22784810126582278	0.9240506329113924	0.8600000143051147	0.019999999552965164	0.10000000149011612	1.4641350210970465	0.4092827004219409	0.494949494949495	0	0	0	1.0	True	1.0421045902058563
rescue_sweep	336	237	99	221	49	16	50	0.8185185185185185	0.9324894514767933	0.8717948717948718	0.22784810126582278	0.9240506329113924	0.8600000143051147	0.019999999552965164	0.15000000596046448	1.4641350210970465	0.4092827004219409	0.494949494949495	0	0	0	1.0	True	1.0421045902058563
rescue_sweep	336	237	99	221	49	16	50	0.8185185185185185	0.9324894514767933	0.8717948717948718	0.22784810126582278	0.9240506329113924	0.8600000143051147	0.019999999552965164	0.20000000298023224	1.4641350210970465	0.4092827004219409	0.494949494949495	0	0	0	1.0	True	1.0421045902058563
rescue_sweep	336	237	99	221	49	16	50	0.8185185185185185	0.9324894514767933	0.8717948717948718	0.22784810126582278	0.9240506329113924	0.8600000143051147	0.019999999552965164	0.25	1.4641350210970465	0.4092827004219409	0.494949494949495	0	0	0	1.0	True	1.0421045902058563
rescue_sweep	336	237	99	221	49	16	50	0.8185185185185185	0.9324894514767933	0.8717948717948718	0.22784810126582278	0.9240506329113924	0.8600000143051147	0.019999999552965164	0.30000001192092896	1.4641350210970465	0.4092827004219409	0.494949494949495	0	0	0	1.0	True	1.0421045902058563
rescue_sweep	336	237	99	221	49	16	50	0.8185185185185185	0.9324894514767933	0.8717948717948718	0.22784810126582278	0.9240506329113924	0.8600000143051147	0.05000000074505806	0.0	1.4641350210970465	0.4092827004219409	0.494949494949495	0	0	0	1.0	True	1.0421045902058563
rescue_sweep	336	237	99	221	49	16	50	0.8185185185185185	0.9324894514767933	0.8717948717948718	0.22784810126582278	0.9240506329113924	0.8600000143051147	0.05000000074505806	0.05000000074505806	1.4641350210970465	0.4092827004219409	0.494949494949495	0	0	0	1.0	True	1.0421045902058563
rescue_sweep	336	237	99	221	49	16	50	0.8185185185185185	0.9324894514767933	0.8717948717948718	0.22784810126582278	0.9240506329113924	0.8600000143051147	0.05000000074505806	0.10000000149011612	1.4641350210970465	0.4092827004219409	0.494949494949495	0	0	0	1.0	True	1.0421045902058563
rescue_sweep	336	237	99	221	49	16	50	0.8185185185185185	0.9324894514767933	0.8717948717948718	0.22784810126582278	0.9240506329113924	0.8600000143051147	0.05000000074505806	0.15000000596046448	1.4641350210970465	0.4092827004219409	0.494949494949495	0	0	0	1.0	True	1.0421045902058563
rescue_sweep	336	237	99	221	49	16	50	0.8185185185185185	0.9324894514767933	0.8717948717948718	0.22784810126582278	0.9240506329113924	0.8600000143051147	0.05000000074505806	0.20000000298023224	1.4641350210970465	0.4092827004219409	0.494949494949495	0	0	0	1.0	True	1.0421045902058563
rescue_sweep	336	237	99	221	49	16	50	0.8185185185185185	0.9324894514767933	0.8717948717948718	0.22784810126582278	0.9240506329113924	0.8600000143051147	0.05000000074505806	0.25	1.4641350210970465	0.4092827004219409	0.494949494949495	0	0	0	1.0	True	1.0421045902058563
rescue_sweep	336	237	99	221	49	16	50	0.8185185185185185	0.9324894514767933	0.8717948717948718	0.22784810126582278	0.9240506329113924	0.8600000143051147	0.05000000074505806	0.30000001192092896	1.4641350210970465	0.4092827004219409	0.494949494949495	0	0	0	1.0	True	1.0421045902058563
rescue_sweep	336	237	99	221	49	16	50	0.8185185185185185	0.9324894514767933	0.8717948717948718	0.22784810126582278	0.9240506329113924	0.8600000143051147	0.10000000149011612	0.0	1.4641350210970465	0.4092827004219409	0.494949494949495	0	0	0	1.0	True	1.0421045902058563
rescue_sweep	336	237	99	221	49	16	50	0.8185185185185185	0.9324894514767933	0.8717948717948718	0.22784810126582278	0.9240506329113924	0.8600000143051147	0.10000000149011612	0.05000000074505806	1.4641350210970465	0.4092827004219409	0.494949494949495	0	0	0	1.0	True	1.0421045902058563
rescue_sweep	336	237	99	221	49	16	50	0.8185185185185185	0.9324894514767933	0.8717948717948718	0.22784810126582278	0.9240506329113924	0.8600000143051147	0.10000000149011612	0.10000000149011612	1.4641350210970465	0.4092827004219409	0.494949494949495	0	0	0	1.0	True	1.0421045902058563
rescue_sweep	336	237	99	221	49	16	50	0.8185185185185185	0.9324894514767933	0.8717948717948718	0.22784810126582278	0.9240506329113924	0.8600000143051147	0.10000000149011612	0.15000000596046448	1.4641350210970465	0.4092827004219409	0.494949494949495	0	0	0	1.0	True	1.0421045902058563
rescue_sweep	336	237	99	221	49	16	50	0.8185185185185185	0.9324894514767933	0.8717948717948718	0.22784810126582278	0.9240506329113924	0.8600000143051147	0.10000000149011612	0.20000000298023224	1.4641350210970465	0.4092827004219409	0.494949494949495	0	0	0	1.0	True	1.0421045902058563
rescue_sweep	336	237	99	221	49	16	50	0.8185185185185185	0.9324894514767933	0.8717948717948718	0.22784810126582278	0.9240506329113924	0.8600000143051147	0.10000000149011612	0.25	1.4641350210970465	0.4092827004219409	0.494949494949495	0	0	0	1.0	True	1.0421045902058563
rescue_sweep	336	237	99	221	49	16	50	0.8185185185185185	0.9324894514767933	0.8717948717948718	0.22784810126582278	0.9240506329113924	0.8600000143051147	0.10000000149011612	0.30000001192092896	1.4641350210970465	0.4092827004219409	0.494949494949495	0	0	0	1.0	True	1.0421045902058563
rescue_sweep	336	237	99	221	49	16	50	0.8185185185185185	0.9324894514767933	0.8717948717948718	0.22784810126582278	0.9240506329113924	0.8799999952316284	0.0	0.0	1.4641350210970465	0.4092827004219409	0.494949494949495	0	0	0	1.0	True	1.0421045902058563
rescue_sweep	336	237	99	221	49	16	50	0.8185185185185185	0.9324894514767933	0.8717948717948718	0.22784810126582278	0.9240506329113924	0.8799999952316284	0.0	0.05000000074505806	1.4641350210970465	0.4092827004219409	0.494949494949495	0	0	0	1.0	True	1.0421045902058563
rescue_sweep	336	237	99	221	49	16	50	0.8185185185185185	0.9324894514767933	0.8717948717948718	0.22784810126582278	0.9240506329113924	0.8799999952316284	0.0	0.10000000149011612	1.4641350210970465	0.4092827004219409	0.494949494949495	0	0	0	1.0	True	1.0421045902058563
rescue_sweep	336	237	99	221	49	16	50	0.8185185185185185	0.9324894514767933	0.8717948717948718	0.22784810126582278	0.9240506329113924	0.8799999952316284	0.0	0.15000000596046448	1.4641350210970465	0.4092827004219409	0.494949494949495	0	0	0	1.0	True	1.0421045902058563
rescue_sweep	336	237	99	221	49	16	50	0.8185185185185185	0.9324894514767933	0.8717948717948718	0.22784810126582278	0.9240506329113924	0.8799999952316284	0.0	0.20000000298023224	1.4641350210970465	0.4092827004219409	0.494949494949495	0	0	0	1.0	True	1.0421045902058563
rescue_sweep	336	237	99	221	49	16	50	0.8185185185185185	0.9324894514767933	0.8717948717948718	0.22784810126582278	0.9240506329113924	0.8799999952316284	0.0	0.25	1.4641350210970465	0.4092827004219409	0.494949494949495	0	0	0	1.0	True	1.0421045902058563
rescue_sweep	336	237	99	221	49	16	50	0.8185185185185185	0.9324894514767933	0.8717948717948718	0.22784810126582278	0.9240506329113924	0.8799999952316284	0.0	0.30000001192092896	1.4641350210970465	0.4092827004219409	0.494949494949495	0	0	0	1.0	True	1.0421045902058563
rescue_sweep	336	237	99	221	49	16	50	0.8185185185185185	0.9324894514767933	0.8717948717948718	0.22784810126582278	0.9240506329113924	0.8799999952316284	0.0010000000474974513	0.0	1.4641350210970465	0.4092827004219409	0.494949494949495	0	0	0	1.0	True	1.0421045902058563
rescue_sweep	336	237	99	221	49	16	50	0.8185185185185185	0.9324894514767933	0.8717948717948718	0.22784810126582278	0.9240506329113924	0.8799999952316284	0.0010000000474974513	0.05000000074505806	1.4641350210970465	0.4092827004219409	0.494949494949495	0	0	0	1.0	True	1.0421045902058563
rescue_sweep	336	237	99	221	49	16	50	0.8185185185185185	0.9324894514767933	0.8717948717948718	0.22784810126582278	0.9240506329113924	0.8799999952316284	0.0010000000474974513	0.10000000149011612	1.4641350210970465	0.4092827004219409	0.494949494949495	0	0	0	1.0	True	1.0421045902058563
rescue_sweep	336	237	99	221	49	16	50	0.8185185185185185	0.9324894514767933	0.8717948717948718	0.22784810126582278	0.9240506329113924	0.8799999952316284	0.0010000000474974513	0.15000000596046448	1.4641350210970465	0.4092827004219409	0.494949494949495	0	0	0	1.0	True	1.0421045902058563
rescue_sweep	336	237	99	221	49	16	50	0.8185185185185185	0.9324894514767933	0.8717948717948718	0.22784810126582278	0.9240506329113924	0.8799999952316284	0.0010000000474974513	0.20000000298023224	1.4641350210970465	0.4092827004219409	0.494949494949495	0	0	0	1.0	True	1.0421045902058563
rescue_sweep	336	237	99	221	49	16	50	0.8185185185185185	0.9324894514767933	0.8717948717948718	0.22784810126582278	0.9240506329113924	0.8799999952316284	0.0010000000474974513	0.25	1.4641350210970465	0.4092827004219409	0.494949494949495	0	0	0	1.0	True	1.0421045902058563
rescue_sweep	336	237	99	221	49	16	50	0.8185185185185185	0.9324894514767933	0.8717948717948718	0.22784810126582278	0.9240506329113924	0.8799999952316284	0.0010000000474974513	0.30000001192092896	1.4641350210970465	0.4092827004219409	0.494949494949495	0	0	0	1.0	True	1.0421045902058563
rescue_sweep	336	237	99	221	49	16	50	0.8185185185185185	0.9324894514767933	0.8717948717948718	0.22784810126582278	0.9240506329113924	0.8799999952316284	0.004999999888241291	0.0	1.4641350210970465	0.4092827004219409	0.494949494949495	0	0	0	1.0	True	1.0421045902058563
rescue_sweep	336	237	99	221	49	16	50	0.8185185185185185	0.9324894514767933	0.8717948717948718	0.22784810126582278	0.9240506329113924	0.8799999952316284	0.004999999888241291	0.05000000074505806	1.4641350210970465	0.4092827004219409	0.494949494949495	0	0	0	1.0	True	1.0421045902058563
rescue_sweep	336	237	99	221	49	16	50	0.8185185185185185	0.9324894514767933	0.8717948717948718	0.22784810126582278	0.9240506329113924	0.8799999952316284	0.004999999888241291	0.10000000149011612	1.4641350210970465	0.4092827004219409	0.494949494949495	0	0	0	1.0	True	1.0421045902058563
rescue_sweep	336	237	99	221	49	16	50	0.8185185185185185	0.9324894514767933	0.8717948717948718	0.22784810126582278	0.9240506329113924	0.8799999952316284	0.004999999888241291	0.15000000596046448	1.4641350210970465	0.4092827004219409	0.494949494949495	0	0	0	1.0	True	1.0421045902058563
rescue_sweep	336	237	99	221	49	16	50	0.8185185185185185	0.9324894514767933	0.8717948717948718	0.22784810126582278	0.9240506329113924	0.8799999952316284	0.004999999888241291	0.20000000298023224	1.4641350210970465	0.4092827004219409	0.494949494949495	0	0	0	1.0	True	1.0421045902058563
rescue_sweep	336	237	99	221	49	16	50	0.8185185185185185	0.9324894514767933	0.8717948717948718	0.22784810126582278	0.9240506329113924	0.8799999952316284	0.004999999888241291	0.25	1.4641350210970465	0.4092827004219409	0.494949494949495	0	0	0	1.0	True	1.0421045902058563
rescue_sweep	336	237	99	221	49	16	50	0.8185185185185185	0.9324894514767933	0.8717948717948718	0.22784810126582278	0.9240506329113924	0.8799999952316284	0.004999999888241291	0.30000001192092896	1.4641350210970465	0.4092827004219409	0.494949494949495	0	0	0	1.0	True	1.0421045902058563
rescue_sweep	336	237	99	221	49	16	50	0.8185185185185185	0.9324894514767933	0.8717948717948718	0.22784810126582278	0.9240506329113924	0.8799999952316284	0.009999999776482582	0.0	1.4641350210970465	0.4092827004219409	0.494949494949495	0	0	0	1.0	True	1.0421045902058563
rescue_sweep	336	237	99	221	49	16	50	0.8185185185185185	0.9324894514767933	0.8717948717948718	0.22784810126582278	0.9240506329113924	0.8799999952316284	0.009999999776482582	0.05000000074505806	1.4641350210970465	0.4092827004219409	0.494949494949495	0	0	0	1.0	True	1.0421045902058563
rescue_sweep	336	237	99	221	49	16	50	0.8185185185185185	0.9324894514767933	0.8717948717948718	0.22784810126582278	0.9240506329113924	0.8799999952316284	0.009999999776482582	0.10000000149011612	1.4641350210970465	0.4092827004219409	0.494949494949495	0	0	0	1.0	True	1.0421045902058563
rescue_sweep	336	237	99	221	49	16	50	0.8185185185185185	0.9324894514767933	0.8717948717948718	0.22784810126582278	0.9240506329113924	0.8799999952316284	0.009999999776482582	0.15000000596046448	1.4641350210970465	0.4092827004219409	0.494949494949495	0	0	0	1.0	True	1.0421045902058563
rescue_sweep	336	237	99	221	49	16	50	0.8185185185185185	0.9324894514767933	0.8717948717948718	0.22784810126582278	0.9240506329113924	0.8799999952316284	0.009999999776482582	0.20000000298023224	1.4641350210970465	0.4092827004219409	0.494949494949495	0	0	0	1.0	True	1.0421045902058563
rescue_sweep	336	237	99	221	49	16	50	0.8185185185185185	0.9324894514767933	0.8717948717948718	0.22784810126582278	0.9240506329113924	0.8799999952316284	0.009999999776482582	0.25	1.4641350210970465	0.4092827004219409	0.494949494949495	0	0	0	1.0	True	1.0421045902058563
rescue_sweep	336	237	99	221	49	16	50	0.8185185185185185	0.9324894514767933	0.8717948717948718	0.22784810126582278	0.9240506329113924	0.8799999952316284	0.009999999776482582	0.30000001192092896	1.4641350210970465	0.4092827004219409	0.494949494949495	0	0	0	1.0	True	1.0421045902058563
rescue_sweep	336	237	99	221	49	16	50	0.8185185185185185	0.9324894514767933	0.8717948717948718	0.22784810126582278	0.9240506329113924	0.8799999952316284	0.019999999552965164	0.0	1.4641350210970465	0.4092827004219409	0.494949494949495	0	0	0	1.0	True	1.0421045902058563
rescue_sweep	336	237	99	221	49	16	50	0.8185185185185185	0.9324894514767933	0.8717948717948718	0.22784810126582278	0.9240506329113924	0.8799999952316284	0.019999999552965164	0.05000000074505806	1.4641350210970465	0.4092827004219409	0.494949494949495	0	0	0	1.0	True	1.0421045902058563
rescue_sweep	336	237	99	221	49	16	50	0.8185185185185185	0.9324894514767933	0.8717948717948718	0.22784810126582278	0.9240506329113924	0.8799999952316284	0.019999999552965164	0.10000000149011612	1.4641350210970465	0.4092827004219409	0.494949494949495	0	0	0	1.0	True	1.0421045902058563
rescue_sweep	336	237	99	221	49	16	50	0.8185185185185185	0.9324894514767933	0.8717948717948718	0.22784810126582278	0.9240506329113924	0.8799999952316284	0.019999999552965164	0.15000000596046448	1.4641350210970465	0.4092827004219409	0.494949494949495	0	0	0	1.0	True	1.0421045902058563
rescue_sweep	336	237	99	221	49	16	50	0.8185185185185185	0.9324894514767933	0.8717948717948718	0.22784810126582278	0.9240506329113924	0.8799999952316284	0.019999999552965164	0.20000000298023224	1.4641350210970465	0.4092827004219409	0.494949494949495	0	0	0	1.0	True	1.0421045902058563
rescue_sweep	336	237	99	221	49	16	50	0.8185185185185185	0.9324894514767933	0.8717948717948718	0.22784810126582278	0.9240506329113924	0.8799999952316284	0.019999999552965164	0.25	1.4641350210970465	0.4092827004219409	0.494949494949495	0	0	0	1.0	True	1.0421045902058563
rescue_sweep	336	237	99	221	49	16	50	0.8185185185185185	0.9324894514767933	0.8717948717948718	0.22784810126582278	0.9240506329113924	0.8799999952316284	0.019999999552965164	0.30000001192092896	1.4641350210970465	0.4092827004219409	0.494949494949495	0	0	0	1.0	True	1.0421045902058563
rescue_sweep	336	237	99	221	49	16	50	0.8185185185185185	0.9324894514767933	0.8717948717948718	0.22784810126582278	0.9240506329113924	0.8799999952316284	0.05000000074505806	0.0	1.4641350210970465	0.4092827004219409	0.494949494949495	0	0	0	1.0	True	1.0421045902058563
rescue_sweep	336	237	99	221	49	16	50	0.8185185185185185	0.9324894514767933	0.8717948717948718	0.22784810126582278	0.9240506329113924	0.8799999952316284	0.05000000074505806	0.05000000074505806	1.4641350210970465	0.4092827004219409	0.494949494949495	0	0	0	1.0	True	1.0421045902058563
rescue_sweep	336	237	99	221	49	16	50	0.8185185185185185	0.9324894514767933	0.8717948717948718	0.22784810126582278	0.9240506329113924	0.8799999952316284	0.05000000074505806	0.10000000149011612	1.4641350210970465	0.4092827004219409	0.494949494949495	0	0	0	1.0	True	1.0421045902058563
rescue_sweep	336	237	99	221	49	16	50	0.8185185185185185	0.9324894514767933	0.8717948717948718	0.22784810126582278	0.9240506329113924	0.8799999952316284	0.05000000074505806	0.15000000596046448	1.4641350210970465	0.4092827004219409	0.494949494949495	0	0	0	1.0	True	1.0421045902058563
rescue_sweep	336	237	99	221	49	16	50	0.8185185185185185	0.9324894514767933	0.8717948717948718	0.22784810126582278	0.9240506329113924	0.8799999952316284	0.05000000074505806	0.20000000298023224	1.4641350210970465	0.4092827004219409	0.494949494949495	0	0	0	1.0	True	1.0421045902058563
rescue_sweep	336	237	99	221	49	16	50	0.8185185185185185	0.9324894514767933	0.8717948717948718	0.22784810126582278	0.9240506329113924	0.8799999952316284	0.05000000074505806	0.25	1.4641350210970465	0.4092827004219409	0.494949494949495	0	0	0	1.0	True	1.0421045902058563
rescue_sweep	336	237	99	221	49	16	50	0.8185185185185185	0.9324894514767933	0.8717948717948718	0.22784810126582278	0.9240506329113924	0.8799999952316284	0.05000000074505806	0.30000001192092896	1.4641350210970465	0.4092827004219409	0.494949494949495	0	0	0	1.0	True	1.0421045902058563
rescue_sweep	336	237	99	221	49	16	50	0.8185185185185185	0.9324894514767933	0.8717948717948718	0.22784810126582278	0.9240506329113924	0.8799999952316284	0.10000000149011612	0.0	1.4641350210970465	0.4092827004219409	0.494949494949495	0	0	0	1.0	True	1.0421045902058563
rescue_sweep	336	237	99	221	49	16	50	0.8185185185185185	0.9324894514767933	0.8717948717948718	0.22784810126582278	0.9240506329113924	0.8799999952316284	0.10000000149011612	0.05000000074505806	1.4641350210970465	0.4092827004219409	0.494949494949495	0	0	0	1.0	True	1.0421045902058563
rescue_sweep	336	237	99	221	49	16	50	0.8185185185185185	0.9324894514767933	0.8717948717948718	0.22784810126582278	0.9240506329113924	0.8799999952316284	0.10000000149011612	0.10000000149011612	1.4641350210970465	0.4092827004219409	0.494949494949495	0	0	0	1.0	True	1.0421045902058563
rescue_sweep	336	237	99	221	49	16	50	0.8185185185185185	0.9324894514767933	0.8717948717948718	0.22784810126582278	0.9240506329113924	0.8799999952316284	0.10000000149011612	0.15000000596046448	1.4641350210970465	0.4092827004219409	0.494949494949495	0	0	0	1.0	True	1.0421045902058563
rescue_sweep	336	237	99	221	49	16	50	0.8185185185185185	0.9324894514767933	0.8717948717948718	0.22784810126582278	0.9240506329113924	0.8799999952316284	0.10000000149011612	0.20000000298023224	1.4641350210970465	0.4092827004219409	0.494949494949495	0	0	0	1.0	True	1.0421045902058563
rescue_sweep	336	237	99	221	49	16	50	0.8185185185185185	0.9324894514767933	0.8717948717948718	0.22784810126582278	0.9240506329113924	0.8799999952316284	0.10000000149011612	0.25	1.4641350210970465	0.4092827004219409	0.494949494949495	0	0	0	1.0	True	1.0421045902058563
rescue_sweep	336	237	99	221	49	16	50	0.8185185185185185	0.9324894514767933	0.8717948717948718	0.22784810126582278	0.9240506329113924	0.8799999952316284	0.10000000149011612	0.30000001192092896	1.4641350210970465	0.4092827004219409	0.494949494949495	0	0	0	1.0	True	1.0421045902058563
rescue_sweep	336	237	99	221	49	16	50	0.8185185185185185	0.9324894514767933	0.8717948717948718	0.22784810126582278	0.9240506329113924	0.8999999761581421	0.0	0.0	1.4641350210970465	0.4092827004219409	0.494949494949495	0	0	0	1.0	True	1.0421045902058563
rescue_sweep	336	237	99	221	49	16	50	0.8185185185185185	0.9324894514767933	0.8717948717948718	0.22784810126582278	0.9240506329113924	0.8999999761581421	0.0	0.05000000074505806	1.4641350210970465	0.4092827004219409	0.494949494949495	0	0	0	1.0	True	1.0421045902058563
rescue_sweep	336	237	99	221	49	16	50	0.8185185185185185	0.9324894514767933	0.8717948717948718	0.22784810126582278	0.9240506329113924	0.8999999761581421	0.0	0.10000000149011612	1.4641350210970465	0.4092827004219409	0.494949494949495	0	0	0	1.0	True	1.0421045902058563
rescue_sweep	336	237	99	221	49	16	50	0.8185185185185185	0.9324894514767933	0.8717948717948718	0.22784810126582278	0.9240506329113924	0.8999999761581421	0.0	0.15000000596046448	1.4641350210970465	0.4092827004219409	0.494949494949495	0	0	0	1.0	True	1.0421045902058563
rescue_sweep	336	237	99	221	49	16	50	0.8185185185185185	0.9324894514767933	0.8717948717948718	0.22784810126582278	0.9240506329113924	0.8999999761581421	0.0	0.20000000298023224	1.4641350210970465	0.4092827004219409	0.494949494949495	0	0	0	1.0	True	1.0421045902058563
rescue_sweep	336	237	99	221	49	16	50	0.8185185185185185	0.9324894514767933	0.8717948717948718	0.22784810126582278	0.9240506329113924	0.8999999761581421	0.0	0.25	1.4641350210970465	0.4092827004219409	0.494949494949495	0	0	0	1.0	True	1.0421045902058563
rescue_sweep	336	237	99	221	49	16	50	0.8185185185185185	0.9324894514767933	0.8717948717948718	0.22784810126582278	0.9240506329113924	0.8999999761581421	0.0	0.30000001192092896	1.4641350210970465	0.4092827004219409	0.494949494949495	0	0	0	1.0	True	1.0421045902058563
rescue_sweep	336	237	99	221	49	16	50	0.8185185185185185	0.9324894514767933	0.8717948717948718	0.22784810126582278	0.9240506329113924	0.8999999761581421	0.0010000000474974513	0.0	1.4641350210970465	0.4092827004219409	0.494949494949495	0	0	0	1.0	True	1.0421045902058563
rescue_sweep	336	237	99	221	49	16	50	0.8185185185185185	0.9324894514767933	0.8717948717948718	0.22784810126582278	0.9240506329113924	0.8999999761581421	0.0010000000474974513	0.05000000074505806	1.4641350210970465	0.4092827004219409	0.494949494949495	0	0	0	1.0	True	1.0421045902058563
rescue_sweep	336	237	99	221	49	16	50	0.8185185185185185	0.9324894514767933	0.8717948717948718	0.22784810126582278	0.9240506329113924	0.8999999761581421	0.0010000000474974513	0.10000000149011612	1.4641350210970465	0.4092827004219409	0.494949494949495	0	0	0	1.0	True	1.0421045902058563
rescue_sweep	336	237	99	221	49	16	50	0.8185185185185185	0.9324894514767933	0.8717948717948718	0.22784810126582278	0.9240506329113924	0.8999999761581421	0.0010000000474974513	0.15000000596046448	1.4641350210970465	0.4092827004219409	0.494949494949495	0	0	0	1.0	True	1.0421045902058563
rescue_sweep	336	237	99	221	49	16	50	0.8185185185185185	0.9324894514767933	0.8717948717948718	0.22784810126582278	0.9240506329113924	0.8999999761581421	0.0010000000474974513	0.20000000298023224	1.4641350210970465	0.4092827004219409	0.494949494949495	0	0	0	1.0	True	1.0421045902058563
rescue_sweep	336	237	99	221	49	16	50	0.8185185185185185	0.9324894514767933	0.8717948717948718	0.22784810126582278	0.9240506329113924	0.8999999761581421	0.0010000000474974513	0.25	1.4641350210970465	0.4092827004219409	0.494949494949495	0	0	0	1.0	True	1.0421045902058563
rescue_sweep	336	237	99	221	49	16	50	0.8185185185185185	0.9324894514767933	0.8717948717948718	0.22784810126582278	0.9240506329113924	0.8999999761581421	0.0010000000474974513	0.30000001192092896	1.4641350210970465	0.4092827004219409	0.494949494949495	0	0	0	1.0	True	1.0421045902058563
rescue_sweep	336	237	99	221	49	16	50	0.8185185185185185	0.9324894514767933	0.8717948717948718	0.22784810126582278	0.9240506329113924	0.8999999761581421	0.004999999888241291	0.0	1.4641350210970465	0.4092827004219409	0.494949494949495	0	0	0	1.0	True	1.0421045902058563
rescue_sweep	336	237	99	221	49	16	50	0.8185185185185185	0.9324894514767933	0.8717948717948718	0.22784810126582278	0.9240506329113924	0.8999999761581421	0.004999999888241291	0.05000000074505806	1.4641350210970465	0.4092827004219409	0.494949494949495	0	0	0	1.0	True	1.0421045902058563
rescue_sweep	336	237	99	221	49	16	50	0.8185185185185185	0.9324894514767933	0.8717948717948718	0.22784810126582278	0.9240506329113924	0.8999999761581421	0.004999999888241291	0.10000000149011612	1.4641350210970465	0.4092827004219409	0.494949494949495	0	0	0	1.0	True	1.0421045902058563
rescue_sweep	336	237	99	221	49	16	50	0.8185185185185185	0.9324894514767933	0.8717948717948718	0.22784810126582278	0.9240506329113924	0.8999999761581421	0.004999999888241291	0.15000000596046448	1.4641350210970465	0.4092827004219409	0.494949494949495	0	0	0	1.0	True	1.0421045902058563
rescue_sweep	336	237	99	221	49	16	50	0.8185185185185185	0.9324894514767933	0.8717948717948718	0.22784810126582278	0.9240506329113924	0.8999999761581421	0.004999999888241291	0.20000000298023224	1.4641350210970465	0.4092827004219409	0.494949494949495	0	0	0	1.0	True	1.0421045902058563
rescue_sweep	336	237	99	221	49	16	50	0.8185185185185185	0.9324894514767933	0.8717948717948718	0.22784810126582278	0.9240506329113924	0.8999999761581421	0.004999999888241291	0.25	1.4641350210970465	0.4092827004219409	0.494949494949495	0	0	0	1.0	True	1.0421045902058563
rescue_sweep	336	237	99	221	49	16	50	0.8185185185185185	0.9324894514767933	0.8717948717948718	0.22784810126582278	0.9240506329113924	0.8999999761581421	0.004999999888241291	0.30000001192092896	1.4641350210970465	0.4092827004219409	0.494949494949495	0	0	0	1.0	True	1.0421045902058563
rescue_sweep	336	237	99	221	49	16	50	0.8185185185185185	0.9324894514767933	0.8717948717948718	0.22784810126582278	0.9240506329113924	0.8999999761581421	0.009999999776482582	0.0	1.4641350210970465	0.4092827004219409	0.494949494949495	0	0	0	1.0	True	1.0421045902058563
rescue_sweep	336	237	99	221	49	16	50	0.8185185185185185	0.9324894514767933	0.8717948717948718	0.22784810126582278	0.9240506329113924	0.8999999761581421	0.009999999776482582	0.05000000074505806	1.4641350210970465	0.4092827004219409	0.494949494949495	0	0	0	1.0	True	1.0421045902058563
rescue_sweep	336	237	99	221	49	16	50	0.8185185185185185	0.9324894514767933	0.8717948717948718	0.22784810126582278	0.9240506329113924	0.8999999761581421	0.009999999776482582	0.10000000149011612	1.4641350210970465	0.4092827004219409	0.494949494949495	0	0	0	1.0	True	1.0421045902058563
rescue_sweep	336	237	99	221	49	16	50	0.8185185185185185	0.9324894514767933	0.8717948717948718	0.22784810126582278	0.9240506329113924	0.8999999761581421	0.009999999776482582	0.15000000596046448	1.4641350210970465	0.4092827004219409	0.494949494949495	0	0	0	1.0	True	1.0421045902058563
rescue_sweep	336	237	99	221	49	16	50	0.8185185185185185	0.9324894514767933	0.8717948717948718	0.22784810126582278	0.9240506329113924	0.8999999761581421	0.009999999776482582	0.20000000298023224	1.4641350210970465	0.4092827004219409	0.494949494949495	0	0	0	1.0	True	1.0421045902058563
rescue_sweep	336	237	99	221	49	16	50	0.8185185185185185	0.9324894514767933	0.8717948717948718	0.22784810126582278	0.9240506329113924	0.8999999761581421	0.009999999776482582	0.25	1.4641350210970465	0.4092827004219409	0.494949494949495	0	0	0	1.0	True	1.0421045902058563
rescue_sweep	336	237	99	221	49	16	50	0.8185185185185185	0.9324894514767933	0.8717948717948718	0.22784810126582278	0.9240506329113924	0.8999999761581421	0.009999999776482582	0.30000001192092896	1.4641350210970465	0.4092827004219409	0.494949494949495	0	0	0	1.0	True	1.0421045902058563
rescue_sweep	336	237	99	221	49	16	50	0.8185185185185185	0.9324894514767933	0.8717948717948718	0.22784810126582278	0.9240506329113924	0.8999999761581421	0.019999999552965164	0.0	1.4641350210970465	0.4092827004219409	0.494949494949495	0	0	0	1.0	True	1.0421045902058563
rescue_sweep	336	237	99	221	49	16	50	0.8185185185185185	0.9324894514767933	0.8717948717948718	0.22784810126582278	0.9240506329113924	0.8999999761581421	0.019999999552965164	0.05000000074505806	1.4641350210970465	0.4092827004219409	0.494949494949495	0	0	0	1.0	True	1.0421045902058563
rescue_sweep	336	237	99	221	49	16	50	0.8185185185185185	0.9324894514767933	0.8717948717948718	0.22784810126582278	0.9240506329113924	0.8999999761581421	0.019999999552965164	0.10000000149011612	1.4641350210970465	0.4092827004219409	0.494949494949495	0	0	0	1.0	True	1.0421045902058563
rescue_sweep	336	237	99	221	49	16	50	0.8185185185185185	0.9324894514767933	0.8717948717948718	0.22784810126582278	0.9240506329113924	0.8999999761581421	0.019999999552965164	0.15000000596046448	1.4641350210970465	0.4092827004219409	0.494949494949495	0	0	0	1.0	True	1.0421045902058563
rescue_sweep	336	237	99	221	49	16	50	0.8185185185185185	0.9324894514767933	0.8717948717948718	0.22784810126582278	0.9240506329113924	0.8999999761581421	0.019999999552965164	0.20000000298023224	1.4641350210970465	0.4092827004219409	0.494949494949495	0	0	0	1.0	True	1.0421045902058563
rescue_sweep	336	237	99	221	49	16	50	0.8185185185185185	0.9324894514767933	0.8717948717948718	0.22784810126582278	0.9240506329113924	0.8999999761581421	0.019999999552965164	0.25	1.4641350210970465	0.4092827004219409	0.494949494949495	0	0	0	1.0	True	1.0421045902058563
rescue_sweep	336	237	99	221	49	16	50	0.8185185185185185	0.9324894514767933	0.8717948717948718	0.22784810126582278	0.9240506329113924	0.8999999761581421	0.019999999552965164	0.30000001192092896	1.4641350210970465	0.4092827004219409	0.494949494949495	0	0	0	1.0	True	1.0421045902058563
rescue_sweep	336	237	99	221	49	16	50	0.8185185185185185	0.9324894514767933	0.8717948717948718	0.22784810126582278	0.9240506329113924	0.8999999761581421	0.05000000074505806	0.0	1.4641350210970465	0.4092827004219409	0.494949494949495	0	0	0	1.0	True	1.0421045902058563
rescue_sweep	336	237	99	221	49	16	50	0.8185185185185185	0.9324894514767933	0.8717948717948718	0.22784810126582278	0.9240506329113924	0.8999999761581421	0.05000000074505806	0.05000000074505806	1.4641350210970465	0.4092827004219409	0.494949494949495	0	0	0	1.0	True	1.0421045902058563
rescue_sweep	336	237	99	221	49	16	50	0.8185185185185185	0.9324894514767933	0.8717948717948718	0.22784810126582278	0.9240506329113924	0.8999999761581421	0.05000000074505806	0.10000000149011612	1.4641350210970465	0.4092827004219409	0.494949494949495	0	0	0	1.0	True	1.0421045902058563
rescue_sweep	336	237	99	221	49	16	50	0.8185185185185185	0.9324894514767933	0.8717948717948718	0.22784810126582278	0.9240506329113924	0.8999999761581421	0.05000000074505806	0.15000000596046448	1.4641350210970465	0.4092827004219409	0.494949494949495	0	0	0	1.0	True	1.0421045902058563
rescue_sweep	336	237	99	221	49	16	50	0.8185185185185185	0.9324894514767933	0.8717948717948718	0.22784810126582278	0.9240506329113924	0.8999999761581421	0.05000000074505806	0.20000000298023224	1.4641350210970465	0.4092827004219409	0.494949494949495	0	0	0	1.0	True	1.0421045902058563
rescue_sweep	336	237	99	221	49	16	50	0.8185185185185185	0.9324894514767933	0.8717948717948718	0.22784810126582278	0.9240506329113924	0.8999999761581421	0.05000000074505806	0.25	1.4641350210970465	0.4092827004219409	0.494949494949495	0	0	0	1.0	True	1.0421045902058563
rescue_sweep	336	237	99	221	49	16	50	0.8185185185185185	0.9324894514767933	0.8717948717948718	0.22784810126582278	0.9240506329113924	0.8999999761581421	0.05000000074505806	0.30000001192092896	1.4641350210970465	0.4092827004219409	0.494949494949495	0	0	0	1.0	True	1.0421045902058563
rescue_sweep	336	237	99	221	49	16	50	0.8185185185185185	0.9324894514767933	0.8717948717948718	0.22784810126582278	0.9240506329113924	0.8999999761581421	0.10000000149011612	0.0	1.4641350210970465	0.4092827004219409	0.494949494949495	0	0	0	1.0	True	1.0421045902058563
rescue_sweep	336	237	99	221	49	16	50	0.8185185185185185	0.9324894514767933	0.8717948717948718	0.22784810126582278	0.9240506329113924	0.8999999761581421	0.10000000149011612	0.05000000074505806	1.4641350210970465	0.4092827004219409	0.494949494949495	0	0	0	1.0	True	1.0421045902058563
rescue_sweep	336	237	99	221	49	16	50	0.8185185185185185	0.9324894514767933	0.8717948717948718	0.22784810126582278	0.9240506329113924	0.8999999761581421	0.10000000149011612	0.10000000149011612	1.4641350210970465	0.4092827004219409	0.494949494949495	0	0	0	1.0	True	1.0421045902058563
rescue_sweep	336	237	99	221	49	16	50	0.8185185185185185	0.9324894514767933	0.8717948717948718	0.22784810126582278	0.9240506329113924	0.8999999761581421	0.10000000149011612	0.15000000596046448	1.4641350210970465	0.4092827004219409	0.494949494949495	0	0	0	1.0	True	1.0421045902058563
rescue_sweep	336	237	99	221	49	16	50	0.8185185185185185	0.9324894514767933	0.8717948717948718	0.22784810126582278	0.9240506329113924	0.8999999761581421	0.10000000149011612	0.20000000298023224	1.4641350210970465	0.4092827004219409	0.494949494949495	0	0	0	1.0	True	1.0421045902058563
rescue_sweep	336	237	99	221	49	16	50	0.8185185185185185	0.9324894514767933	0.8717948717948718	0.22784810126582278	0.9240506329113924	0.8999999761581421	0.10000000149011612	0.25	1.4641350210970465	0.4092827004219409	0.494949494949495	0	0	0	1.0	True	1.0421045902058563
rescue_sweep	336	237	99	221	49	16	50	0.8185185185185185	0.9324894514767933	0.8717948717948718	0.22784810126582278	0.9240506329113924	0.8999999761581421	0.10000000149011612	0.30000001192092896	1.4641350210970465	0.4092827004219409	0.494949494949495	0	0	0	1.0	True	1.0421045902058563
rescue_sweep	336	237	99	221	49	16	50	0.8185185185185185	0.9324894514767933	0.8717948717948718	0.22784810126582278	0.9240506329113924	0.9200000166893005	0.0	0.0	1.4641350210970465	0.4092827004219409	0.494949494949495	0	0	0	1.0	True	1.0421045902058563
rescue_sweep	336	237	99	221	49	16	50	0.8185185185185185	0.9324894514767933	0.8717948717948718	0.22784810126582278	0.9240506329113924	0.9200000166893005	0.0	0.05000000074505806	1.4641350210970465	0.4092827004219409	0.494949494949495	0	0	0	1.0	True	1.0421045902058563
rescue_sweep	336	237	99	221	49	16	50	0.8185185185185185	0.9324894514767933	0.8717948717948718	0.22784810126582278	0.9240506329113924	0.9200000166893005	0.0	0.10000000149011612	1.4641350210970465	0.4092827004219409	0.494949494949495	0	0	0	1.0	True	1.0421045902058563
rescue_sweep	336	237	99	221	49	16	50	0.8185185185185185	0.9324894514767933	0.8717948717948718	0.22784810126582278	0.9240506329113924	0.9200000166893005	0.0	0.15000000596046448	1.4641350210970465	0.4092827004219409	0.494949494949495	0	0	0	1.0	True	1.0421045902058563
rescue_sweep	336	237	99	221	49	16	50	0.8185185185185185	0.9324894514767933	0.8717948717948718	0.22784810126582278	0.9240506329113924	0.9200000166893005	0.0	0.20000000298023224	1.4641350210970465	0.4092827004219409	0.494949494949495	0	0	0	1.0	True	1.0421045902058563
rescue_sweep	336	237	99	221	49	16	50	0.8185185185185185	0.9324894514767933	0.8717948717948718	0.22784810126582278	0.9240506329113924	0.9200000166893005	0.0	0.25	1.4641350210970465	0.4092827004219409	0.494949494949495	0	0	0	1.0	True	1.0421045902058563
rescue_sweep	336	237	99	221	49	16	50	0.8185185185185185	0.9324894514767933	0.8717948717948718	0.22784810126582278	0.9240506329113924	0.9200000166893005	0.0	0.30000001192092896	1.4641350210970465	0.4092827004219409	0.494949494949495	0	0	0	1.0	True	1.0421045902058563
rescue_sweep	336	237	99	221	49	16	50	0.8185185185185185	0.9324894514767933	0.8717948717948718	0.22784810126582278	0.9240506329113924	0.9200000166893005	0.0010000000474974513	0.0	1.4641350210970465	0.4092827004219409	0.494949494949495	0	0	0	1.0	True	1.0421045902058563
rescue_sweep	336	237	99	221	49	16	50	0.8185185185185185	0.9324894514767933	0.8717948717948718	0.22784810126582278	0.9240506329113924	0.9200000166893005	0.0010000000474974513	0.05000000074505806	1.4641350210970465	0.4092827004219409	0.494949494949495	0	0	0	1.0	True	1.0421045902058563
rescue_sweep	336	237	99	221	49	16	50	0.8185185185185185	0.9324894514767933	0.8717948717948718	0.22784810126582278	0.9240506329113924	0.9200000166893005	0.0010000000474974513	0.10000000149011612	1.4641350210970465	0.4092827004219409	0.494949494949495	0	0	0	1.0	True	1.0421045902058563
rescue_sweep	336	237	99	221	49	16	50	0.8185185185185185	0.9324894514767933	0.8717948717948718	0.22784810126582278	0.9240506329113924	0.9200000166893005	0.0010000000474974513	0.15000000596046448	1.4641350210970465	0.4092827004219409	0.494949494949495	0	0	0	1.0	True	1.0421045902058563
rescue_sweep	336	237	99	221	49	16	50	0.8185185185185185	0.9324894514767933	0.8717948717948718	0.22784810126582278	0.9240506329113924	0.9200000166893005	0.0010000000474974513	0.20000000298023224	1.4641350210970465	0.4092827004219409	0.494949494949495	0	0	0	1.0	True	1.0421045902058563
rescue_sweep	336	237	99	221	49	16	50	0.8185185185185185	0.9324894514767933	0.8717948717948718	0.22784810126582278	0.9240506329113924	0.9200000166893005	0.0010000000474974513	0.25	1.4641350210970465	0.4092827004219409	0.494949494949495	0	0	0	1.0	True	1.0421045902058563
rescue_sweep	336	237	99	221	49	16	50	0.8185185185185185	0.9324894514767933	0.8717948717948718	0.22784810126582278	0.9240506329113924	0.9200000166893005	0.0010000000474974513	0.30000001192092896	1.4641350210970465	0.4092827004219409	0.494949494949495	0	0	0	1.0	True	1.0421045902058563
rescue_sweep	336	237	99	221	49	16	50	0.8185185185185185	0.9324894514767933	0.8717948717948718	0.22784810126582278	0.9240506329113924	0.9200000166893005	0.004999999888241291	0.0	1.4641350210970465	0.4092827004219409	0.494949494949495	0	0	0	1.0	True	1.0421045902058563
rescue_sweep	336	237	99	221	49	16	50	0.8185185185185185	0.9324894514767933	0.8717948717948718	0.22784810126582278	0.9240506329113924	0.9200000166893005	0.004999999888241291	0.05000000074505806	1.4641350210970465	0.4092827004219409	0.494949494949495	0	0	0	1.0	True	1.0421045902058563
rescue_sweep	336	237	99	221	49	16	50	0.8185185185185185	0.9324894514767933	0.8717948717948718	0.22784810126582278	0.9240506329113924	0.9200000166893005	0.004999999888241291	0.10000000149011612	1.4641350210970465	0.4092827004219409	0.494949494949495	0	0	0	1.0	True	1.0421045902058563
rescue_sweep	336	237	99	221	49	16	50	0.8185185185185185	0.9324894514767933	0.8717948717948718	0.22784810126582278	0.9240506329113924	0.9200000166893005	0.004999999888241291	0.15000000596046448	1.4641350210970465	0.4092827004219409	0.494949494949495	0	0	0	1.0	True	1.0421045902058563
rescue_sweep	336	237	99	221	49	16	50	0.8185185185185185	0.9324894514767933	0.8717948717948718	0.22784810126582278	0.9240506329113924	0.9200000166893005	0.004999999888241291	0.20000000298023224	1.4641350210970465	0.4092827004219409	0.494949494949495	0	0	0	1.0	True	1.0421045902058563
rescue_sweep	336	237	99	221	49	16	50	0.8185185185185185	0.9324894514767933	0.8717948717948718	0.22784810126582278	0.9240506329113924	0.9200000166893005	0.004999999888241291	0.25	1.4641350210970465	0.4092827004219409	0.494949494949495	0	0	0	1.0	True	1.0421045902058563
rescue_sweep	336	237	99	221	49	16	50	0.8185185185185185	0.9324894514767933	0.8717948717948718	0.22784810126582278	0.9240506329113924	0.9200000166893005	0.004999999888241291	0.30000001192092896	1.4641350210970465	0.4092827004219409	0.494949494949495	0	0	0	1.0	True	1.0421045902058563
rescue_sweep	336	237	99	221	49	16	50	0.8185185185185185	0.9324894514767933	0.8717948717948718	0.22784810126582278	0.9240506329113924	0.9200000166893005	0.009999999776482582	0.0	1.4641350210970465	0.4092827004219409	0.494949494949495	0	0	0	1.0	True	1.0421045902058563
rescue_sweep	336	237	99	221	49	16	50	0.8185185185185185	0.9324894514767933	0.8717948717948718	0.22784810126582278	0.9240506329113924	0.9200000166893005	0.009999999776482582	0.05000000074505806	1.4641350210970465	0.4092827004219409	0.494949494949495	0	0	0	1.0	True	1.0421045902058563
rescue_sweep	336	237	99	221	49	16	50	0.8185185185185185	0.9324894514767933	0.8717948717948718	0.22784810126582278	0.9240506329113924	0.9200000166893005	0.009999999776482582	0.10000000149011612	1.4641350210970465	0.4092827004219409	0.494949494949495	0	0	0	1.0	True	1.0421045902058563
rescue_sweep	336	237	99	221	49	16	50	0.8185185185185185	0.9324894514767933	0.8717948717948718	0.22784810126582278	0.9240506329113924	0.9200000166893005	0.009999999776482582	0.15000000596046448	1.4641350210970465	0.4092827004219409	0.494949494949495	0	0	0	1.0	True	1.0421045902058563
rescue_sweep	336	237	99	221	49	16	50	0.8185185185185185	0.9324894514767933	0.8717948717948718	0.22784810126582278	0.9240506329113924	0.9200000166893005	0.009999999776482582	0.20000000298023224	1.4641350210970465	0.4092827004219409	0.494949494949495	0	0	0	1.0	True	1.0421045902058563
rescue_sweep	336	237	99	221	49	16	50	0.8185185185185185	0.9324894514767933	0.8717948717948718	0.22784810126582278	0.9240506329113924	0.9200000166893005	0.009999999776482582	0.25	1.4641350210970465	0.4092827004219409	0.494949494949495	0	0	0	1.0	True	1.0421045902058563
rescue_sweep	336	237	99	221	49	16	50	0.8185185185185185	0.9324894514767933	0.8717948717948718	0.22784810126582278	0.9240506329113924	0.9200000166893005	0.009999999776482582	0.30000001192092896	1.4641350210970465	0.4092827004219409	0.494949494949495	0	0	0	1.0	True	1.0421045902058563
rescue_sweep	336	237	99	221	49	16	50	0.8185185185185185	0.9324894514767933	0.8717948717948718	0.22784810126582278	0.9240506329113924	0.9200000166893005	0.019999999552965164	0.0	1.4641350210970465	0.4092827004219409	0.494949494949495	0	0	0	1.0	True	1.0421045902058563
rescue_sweep	336	237	99	221	49	16	50	0.8185185185185185	0.9324894514767933	0.8717948717948718	0.22784810126582278	0.9240506329113924	0.9200000166893005	0.019999999552965164	0.05000000074505806	1.4641350210970465	0.4092827004219409	0.494949494949495	0	0	0	1.0	True	1.0421045902058563
rescue_sweep	336	237	99	221	49	16	50	0.8185185185185185	0.9324894514767933	0.8717948717948718	0.22784810126582278	0.9240506329113924	0.9200000166893005	0.019999999552965164	0.10000000149011612	1.4641350210970465	0.4092827004219409	0.494949494949495	0	0	0	1.0	True	1.0421045902058563
rescue_sweep	336	237	99	221	49	16	50	0.8185185185185185	0.9324894514767933	0.8717948717948718	0.22784810126582278	0.9240506329113924	0.9200000166893005	0.019999999552965164	0.15000000596046448	1.4641350210970465	0.4092827004219409	0.494949494949495	0	0	0	1.0	True	1.0421045902058563
rescue_sweep	336	237	99	221	49	16	50	0.8185185185185185	0.9324894514767933	0.8717948717948718	0.22784810126582278	0.9240506329113924	0.9200000166893005	0.019999999552965164	0.20000000298023224	1.4641350210970465	0.4092827004219409	0.494949494949495	0	0	0	1.0	True	1.0421045902058563
rescue_sweep	336	237	99	221	49	16	50	0.8185185185185185	0.9324894514767933	0.8717948717948718	0.22784810126582278	0.9240506329113924	0.9200000166893005	0.019999999552965164	0.25	1.4641350210970465	0.4092827004219409	0.494949494949495	0	0	0	1.0	True	1.0421045902058563
rescue_sweep	336	237	99	221	49	16	50	0.8185185185185185	0.9324894514767933	0.8717948717948718	0.22784810126582278	0.9240506329113924	0.9200000166893005	0.019999999552965164	0.30000001192092896	1.4641350210970465	0.4092827004219409	0.494949494949495	0	0	0	1.0	True	1.0421045902058563
rescue_sweep	336	237	99	221	49	16	50	0.8185185185185185	0.9324894514767933	0.8717948717948718	0.22784810126582278	0.9240506329113924	0.9200000166893005	0.05000000074505806	0.0	1.4641350210970465	0.4092827004219409	0.494949494949495	0	0	0	1.0	True	1.0421045902058563
rescue_sweep	336	237	99	221	49	16	50	0.8185185185185185	0.9324894514767933	0.8717948717948718	0.22784810126582278	0.9240506329113924	0.9200000166893005	0.05000000074505806	0.05000000074505806	1.4641350210970465	0.4092827004219409	0.494949494949495	0	0	0	1.0	True	1.0421045902058563
rescue_sweep	336	237	99	221	49	16	50	0.8185185185185185	0.9324894514767933	0.8717948717948718	0.22784810126582278	0.9240506329113924	0.9200000166893005	0.05000000074505806	0.10000000149011612	1.4641350210970465	0.4092827004219409	0.494949494949495	0	0	0	1.0	True	1.0421045902058563
rescue_sweep	336	237	99	221	49	16	50	0.8185185185185185	0.9324894514767933	0.8717948717948718	0.22784810126582278	0.9240506329113924	0.9200000166893005	0.05000000074505806	0.15000000596046448	1.4641350210970465	0.4092827004219409	0.494949494949495	0	0	0	1.0	True	1.0421045902058563
rescue_sweep	336	237	99	221	49	16	50	0.8185185185185185	0.9324894514767933	0.8717948717948718	0.22784810126582278	0.9240506329113924	0.9200000166893005	0.05000000074505806	0.20000000298023224	1.4641350210970465	0.4092827004219409	0.494949494949495	0	0	0	1.0	True	1.0421045902058563
rescue_sweep	336	237	99	221	49	16	50	0.8185185185185185	0.9324894514767933	0.8717948717948718	0.22784810126582278	0.9240506329113924	0.9200000166893005	0.05000000074505806	0.25	1.4641350210970465	0.4092827004219409	0.494949494949495	0	0	0	1.0	True	1.0421045902058563
rescue_sweep	336	237	99	221	49	16	50	0.8185185185185185	0.9324894514767933	0.8717948717948718	0.22784810126582278	0.9240506329113924	0.9200000166893005	0.05000000074505806	0.30000001192092896	1.4641350210970465	0.4092827004219409	0.494949494949495	0	0	0	1.0	True	1.0421045902058563
rescue_sweep	336	237	99	221	49	16	50	0.8185185185185185	0.9324894514767933	0.8717948717948718	0.22784810126582278	0.9240506329113924	0.9200000166893005	0.10000000149011612	0.0	1.4641350210970465	0.4092827004219409	0.494949494949495	0	0	0	1.0	True	1.0421045902058563
rescue_sweep	336	237	99	221	49	16	50	0.8185185185185185	0.9324894514767933	0.8717948717948718	0.22784810126582278	0.9240506329113924	0.9200000166893005	0.10000000149011612	0.05000000074505806	1.4641350210970465	0.4092827004219409	0.494949494949495	0	0	0	1.0	True	1.0421045902058563
rescue_sweep	336	237	99	221	49	16	50	0.8185185185185185	0.9324894514767933	0.8717948717948718	0.22784810126582278	0.9240506329113924	0.9200000166893005	0.10000000149011612	0.10000000149011612	1.4641350210970465	0.4092827004219409	0.494949494949495	0	0	0	1.0	True	1.0421045902058563
rescue_sweep	336	237	99	221	49	16	50	0.8185185185185185	0.9324894514767933	0.8717948717948718	0.22784810126582278	0.9240506329113924	0.9200000166893005	0.10000000149011612	0.15000000596046448	1.4641350210970465	0.4092827004219409	0.494949494949495	0	0	0	1.0	True	1.0421045902058563
rescue_sweep	336	237	99	221	49	16	50	0.8185185185185185	0.9324894514767933	0.8717948717948718	0.22784810126582278	0.9240506329113924	0.9200000166893005	0.10000000149011612	0.20000000298023224	1.4641350210970465	0.4092827004219409	0.494949494949495	0	0	0	1.0	True	1.0421045902058563
rescue_sweep	336	237	99	221	49	16	50	0.8185185185185185	0.9324894514767933	0.8717948717948718	0.22784810126582278	0.9240506329113924	0.9200000166893005	0.10000000149011612	0.25	1.4641350210970465	0.4092827004219409	0.494949494949495	0	0	0	1.0	True	1.0421045902058563
rescue_sweep	336	237	99	221	49	16	50	0.8185185185185185	0.9324894514767933	0.8717948717948718	0.22784810126582278	0.9240506329113924	0.9200000166893005	0.10000000149011612	0.30000001192092896	1.4641350210970465	0.4092827004219409	0.494949494949495	0	0	0	1.0	True	1.0421045902058563
rescue_sweep	336	237	99	221	49	16	50	0.8185185185185185	0.9324894514767933	0.8717948717948718	0.22784810126582278	0.9240506329113924	0.9399999976158142	0.0	0.0	1.4641350210970465	0.4092827004219409	0.494949494949495	0	0	0	1.0	True	1.0421045902058563
rescue_sweep	336	237	99	221	49	16	50	0.8185185185185185	0.9324894514767933	0.8717948717948718	0.22784810126582278	0.9240506329113924	0.9399999976158142	0.0	0.05000000074505806	1.4641350210970465	0.4092827004219409	0.494949494949495	0	0	0	1.0	True	1.0421045902058563
rescue_sweep	336	237	99	221	49	16	50	0.8185185185185185	0.9324894514767933	0.8717948717948718	0.22784810126582278	0.9240506329113924	0.9399999976158142	0.0	0.10000000149011612	1.4641350210970465	0.4092827004219409	0.494949494949495	0	0	0	1.0	True	1.0421045902058563
rescue_sweep	336	237	99	221	49	16	50	0.8185185185185185	0.9324894514767933	0.8717948717948718	0.22784810126582278	0.9240506329113924	0.9399999976158142	0.0	0.15000000596046448	1.4641350210970465	0.4092827004219409	0.494949494949495	0	0	0	1.0	True	1.0421045902058563
rescue_sweep	336	237	99	221	49	16	50	0.8185185185185185	0.9324894514767933	0.8717948717948718	0.22784810126582278	0.9240506329113924	0.9399999976158142	0.0	0.20000000298023224	1.4641350210970465	0.4092827004219409	0.494949494949495	0	0	0	1.0	True	1.0421045902058563
rescue_sweep	336	237	99	221	49	16	50	0.8185185185185185	0.9324894514767933	0.8717948717948718	0.22784810126582278	0.9240506329113924	0.9399999976158142	0.0	0.25	1.4641350210970465	0.4092827004219409	0.494949494949495	0	0	0	1.0	True	1.0421045902058563
rescue_sweep	336	237	99	221	49	16	50	0.8185185185185185	0.9324894514767933	0.8717948717948718	0.22784810126582278	0.9240506329113924	0.9399999976158142	0.0	0.30000001192092896	1.4641350210970465	0.4092827004219409	0.494949494949495	0	0	0	1.0	True	1.0421045902058563
rescue_sweep	336	237	99	221	49	16	50	0.8185185185185185	0.9324894514767933	0.8717948717948718	0.22784810126582278	0.9240506329113924	0.9399999976158142	0.0010000000474974513	0.0	1.4641350210970465	0.4092827004219409	0.494949494949495	0	0	0	1.0	True	1.0421045902058563
rescue_sweep	336	237	99	221	49	16	50	0.8185185185185185	0.9324894514767933	0.8717948717948718	0.22784810126582278	0.9240506329113924	0.9399999976158142	0.0010000000474974513	0.05000000074505806	1.4641350210970465	0.4092827004219409	0.494949494949495	0	0	0	1.0	True	1.0421045902058563
rescue_sweep	336	237	99	221	49	16	50	0.8185185185185185	0.9324894514767933	0.8717948717948718	0.22784810126582278	0.9240506329113924	0.9399999976158142	0.0010000000474974513	0.10000000149011612	1.4641350210970465	0.4092827004219409	0.494949494949495	0	0	0	1.0	True	1.0421045902058563
rescue_sweep	336	237	99	221	49	16	50	0.8185185185185185	0.9324894514767933	0.8717948717948718	0.22784810126582278	0.9240506329113924	0.9399999976158142	0.0010000000474974513	0.15000000596046448	1.4641350210970465	0.4092827004219409	0.494949494949495	0	0	0	1.0	True	1.0421045902058563
rescue_sweep	336	237	99	221	49	16	50	0.8185185185185185	0.9324894514767933	0.8717948717948718	0.22784810126582278	0.9240506329113924	0.9399999976158142	0.0010000000474974513	0.20000000298023224	1.4641350210970465	0.4092827004219409	0.494949494949495	0	0	0	1.0	True	1.0421045902058563
rescue_sweep	336	237	99	221	49	16	50	0.8185185185185185	0.9324894514767933	0.8717948717948718	0.22784810126582278	0.9240506329113924	0.9399999976158142	0.0010000000474974513	0.25	1.4641350210970465	0.4092827004219409	0.494949494949495	0	0	0	1.0	True	1.0421045902058563
rescue_sweep	336	237	99	221	49	16	50	0.8185185185185185	0.9324894514767933	0.8717948717948718	0.22784810126582278	0.9240506329113924	0.9399999976158142	0.0010000000474974513	0.30000001192092896	1.4641350210970465	0.4092827004219409	0.494949494949495	0	0	0	1.0	True	1.0421045902058563
rescue_sweep	336	237	99	221	49	16	50	0.8185185185185185	0.9324894514767933	0.8717948717948718	0.22784810126582278	0.9240506329113924	0.9399999976158142	0.004999999888241291	0.0	1.4641350210970465	0.4092827004219409	0.494949494949495	0	0	0	1.0	True	1.0421045902058563
rescue_sweep	336	237	99	221	49	16	50	0.8185185185185185	0.9324894514767933	0.8717948717948718	0.22784810126582278	0.9240506329113924	0.9399999976158142	0.004999999888241291	0.05000000074505806	1.4641350210970465	0.4092827004219409	0.494949494949495	0	0	0	1.0	True	1.0421045902058563
rescue_sweep	336	237	99	221	49	16	50	0.8185185185185185	0.9324894514767933	0.8717948717948718	0.22784810126582278	0.9240506329113924	0.9399999976158142	0.004999999888241291	0.10000000149011612	1.4641350210970465	0.4092827004219409	0.494949494949495	0	0	0	1.0	True	1.0421045902058563
rescue_sweep	336	237	99	221	49	16	50	0.8185185185185185	0.9324894514767933	0.8717948717948718	0.22784810126582278	0.9240506329113924	0.9399999976158142	0.004999999888241291	0.15000000596046448	1.4641350210970465	0.4092827004219409	0.494949494949495	0	0	0	1.0	True	1.0421045902058563
rescue_sweep	336	237	99	221	49	16	50	0.8185185185185185	0.9324894514767933	0.8717948717948718	0.22784810126582278	0.9240506329113924	0.9399999976158142	0.004999999888241291	0.20000000298023224	1.4641350210970465	0.4092827004219409	0.494949494949495	0	0	0	1.0	True	1.0421045902058563
rescue_sweep	336	237	99	221	49	16	50	0.8185185185185185	0.9324894514767933	0.8717948717948718	0.22784810126582278	0.9240506329113924	0.9399999976158142	0.004999999888241291	0.25	1.4641350210970465	0.4092827004219409	0.494949494949495	0	0	0	1.0	True	1.0421045902058563
rescue_sweep	336	237	99	221	49	16	50	0.8185185185185185	0.9324894514767933	0.8717948717948718	0.22784810126582278	0.9240506329113924	0.9399999976158142	0.004999999888241291	0.30000001192092896	1.4641350210970465	0.4092827004219409	0.494949494949495	0	0	0	1.0	True	1.0421045902058563
rescue_sweep	336	237	99	221	49	16	50	0.8185185185185185	0.9324894514767933	0.8717948717948718	0.22784810126582278	0.9240506329113924	0.9399999976158142	0.009999999776482582	0.0	1.4641350210970465	0.4092827004219409	0.494949494949495	0	0	0	1.0	True	1.0421045902058563
rescue_sweep	336	237	99	221	49	16	50	0.8185185185185185	0.9324894514767933	0.8717948717948718	0.22784810126582278	0.9240506329113924	0.9399999976158142	0.009999999776482582	0.05000000074505806	1.4641350210970465	0.4092827004219409	0.494949494949495	0	0	0	1.0	True	1.0421045902058563
rescue_sweep	336	237	99	221	49	16	50	0.8185185185185185	0.9324894514767933	0.8717948717948718	0.22784810126582278	0.9240506329113924	0.9399999976158142	0.009999999776482582	0.10000000149011612	1.4641350210970465	0.4092827004219409	0.494949494949495	0	0	0	1.0	True	1.0421045902058563
rescue_sweep	336	237	99	221	49	16	50	0.8185185185185185	0.9324894514767933	0.8717948717948718	0.22784810126582278	0.9240506329113924	0.9399999976158142	0.009999999776482582	0.15000000596046448	1.4641350210970465	0.4092827004219409	0.494949494949495	0	0	0	1.0	True	1.0421045902058563
rescue_sweep	336	237	99	221	49	16	50	0.8185185185185185	0.9324894514767933	0.8717948717948718	0.22784810126582278	0.9240506329113924	0.9399999976158142	0.009999999776482582	0.20000000298023224	1.4641350210970465	0.4092827004219409	0.494949494949495	0	0	0	1.0	True	1.0421045902058563
rescue_sweep	336	237	99	221	49	16	50	0.8185185185185185	0.9324894514767933	0.8717948717948718	0.22784810126582278	0.9240506329113924	0.9399999976158142	0.009999999776482582	0.25	1.4641350210970465	0.4092827004219409	0.494949494949495	0	0	0	1.0	True	1.0421045902058563
rescue_sweep	336	237	99	221	49	16	50	0.8185185185185185	0.9324894514767933	0.8717948717948718	0.22784810126582278	0.9240506329113924	0.9399999976158142	0.009999999776482582	0.30000001192092896	1.4641350210970465	0.4092827004219409	0.494949494949495	0	0	0	1.0	True	1.0421045902058563
rescue_sweep	336	237	99	221	49	16	50	0.8185185185185185	0.9324894514767933	0.8717948717948718	0.22784810126582278	0.9240506329113924	0.9399999976158142	0.019999999552965164	0.0	1.4641350210970465	0.4092827004219409	0.494949494949495	0	0	0	1.0	True	1.0421045902058563
rescue_sweep	336	237	99	221	49	16	50	0.8185185185185185	0.9324894514767933	0.8717948717948718	0.22784810126582278	0.9240506329113924	0.9399999976158142	0.019999999552965164	0.05000000074505806	1.4641350210970465	0.4092827004219409	0.494949494949495	0	0	0	1.0	True	1.0421045902058563
rescue_sweep	336	237	99	221	49	16	50	0.8185185185185185	0.9324894514767933	0.8717948717948718	0.22784810126582278	0.9240506329113924	0.9399999976158142	0.019999999552965164	0.10000000149011612	1.4641350210970465	0.4092827004219409	0.494949494949495	0	0	0	1.0	True	1.0421045902058563
rescue_sweep	336	237	99	221	49	16	50	0.8185185185185185	0.9324894514767933	0.8717948717948718	0.22784810126582278	0.9240506329113924	0.9399999976158142	0.019999999552965164	0.15000000596046448	1.4641350210970465	0.4092827004219409	0.494949494949495	0	0	0	1.0	True	1.0421045902058563
rescue_sweep	336	237	99	221	49	16	50	0.8185185185185185	0.9324894514767933	0.8717948717948718	0.22784810126582278	0.9240506329113924	0.9399999976158142	0.019999999552965164	0.20000000298023224	1.4641350210970465	0.4092827004219409	0.494949494949495	0	0	0	1.0	True	1.0421045902058563
rescue_sweep	336	237	99	221	49	16	50	0.8185185185185185	0.9324894514767933	0.8717948717948718	0.22784810126582278	0.9240506329113924	0.9399999976158142	0.019999999552965164	0.25	1.4641350210970465	0.4092827004219409	0.494949494949495	0	0	0	1.0	True	1.0421045902058563
rescue_sweep	336	237	99	221	49	16	50	0.8185185185185185	0.9324894514767933	0.8717948717948718	0.22784810126582278	0.9240506329113924	0.9399999976158142	0.019999999552965164	0.30000001192092896	1.4641350210970465	0.4092827004219409	0.494949494949495	0	0	0	1.0	True	1.0421045902058563
rescue_sweep	336	237	99	221	49	16	50	0.8185185185185185	0.9324894514767933	0.8717948717948718	0.22784810126582278	0.9240506329113924	0.9399999976158142	0.05000000074505806	0.0	1.4641350210970465	0.4092827004219409	0.494949494949495	0	0	0	1.0	True	1.0421045902058563
rescue_sweep	336	237	99	221	49	16	50	0.8185185185185185	0.9324894514767933	0.8717948717948718	0.22784810126582278	0.9240506329113924	0.9399999976158142	0.05000000074505806	0.05000000074505806	1.4641350210970465	0.4092827004219409	0.494949494949495	0	0	0	1.0	True	1.0421045902058563
rescue_sweep	336	237	99	221	49	16	50	0.8185185185185185	0.9324894514767933	0.8717948717948718	0.22784810126582278	0.9240506329113924	0.9399999976158142	0.05000000074505806	0.10000000149011612	1.4641350210970465	0.4092827004219409	0.494949494949495	0	0	0	1.0	True	1.0421045902058563
rescue_sweep	336	237	99	221	49	16	50	0.8185185185185185	0.9324894514767933	0.8717948717948718	0.22784810126582278	0.9240506329113924	0.9399999976158142	0.05000000074505806	0.15000000596046448	1.4641350210970465	0.4092827004219409	0.494949494949495	0	0	0	1.0	True	1.0421045902058563
rescue_sweep	336	237	99	221	49	16	50	0.8185185185185185	0.9324894514767933	0.8717948717948718	0.22784810126582278	0.9240506329113924	0.9399999976158142	0.05000000074505806	0.20000000298023224	1.4641350210970465	0.4092827004219409	0.494949494949495	0	0	0	1.0	True	1.0421045902058563
rescue_sweep	336	237	99	221	49	16	50	0.8185185185185185	0.9324894514767933	0.8717948717948718	0.22784810126582278	0.9240506329113924	0.9399999976158142	0.05000000074505806	0.25	1.4641350210970465	0.4092827004219409	0.494949494949495	0	0	0	1.0	True	1.0421045902058563
rescue_sweep	336	237	99	221	49	16	50	0.8185185185185185	0.9324894514767933	0.8717948717948718	0.22784810126582278	0.9240506329113924	0.9399999976158142	0.05000000074505806	0.30000001192092896	1.4641350210970465	0.4092827004219409	0.494949494949495	0	0	0	1.0	True	1.0421045902058563
rescue_sweep	336	237	99	221	49	16	50	0.8185185185185185	0.9324894514767933	0.8717948717948718	0.22784810126582278	0.9240506329113924	0.9399999976158142	0.10000000149011612	0.0	1.4641350210970465	0.4092827004219409	0.494949494949495	0	0	0	1.0	True	1.0421045902058563
rescue_sweep	336	237	99	221	49	16	50	0.8185185185185185	0.9324894514767933	0.8717948717948718	0.22784810126582278	0.9240506329113924	0.9399999976158142	0.10000000149011612	0.05000000074505806	1.4641350210970465	0.4092827004219409	0.494949494949495	0	0	0	1.0	True	1.0421045902058563
rescue_sweep	336	237	99	221	49	16	50	0.8185185185185185	0.9324894514767933	0.8717948717948718	0.22784810126582278	0.9240506329113924	0.9399999976158142	0.10000000149011612	0.10000000149011612	1.4641350210970465	0.4092827004219409	0.494949494949495	0	0	0	1.0	True	1.0421045902058563
rescue_sweep	336	237	99	221	49	16	50	0.8185185185185185	0.9324894514767933	0.8717948717948718	0.22784810126582278	0.9240506329113924	0.9399999976158142	0.10000000149011612	0.15000000596046448	1.4641350210970465	0.4092827004219409	0.494949494949495	0	0	0	1.0	True	1.0421045902058563
rescue_sweep	336	237	99	221	49	16	50	0.8185185185185185	0.9324894514767933	0.8717948717948718	0.22784810126582278	0.9240506329113924	0.9399999976158142	0.10000000149011612	0.20000000298023224	1.4641350210970465	0.4092827004219409	0.494949494949495	0	0	0	1.0	True	1.0421045902058563
rescue_sweep	336	237	99	221	49	16	50	0.8185185185185185	0.9324894514767933	0.8717948717948718	0.22784810126582278	0.9240506329113924	0.9399999976158142	0.10000000149011612	0.25	1.4641350210970465	0.4092827004219409	0.494949494949495	0	0	0	1.0	True	1.0421045902058563
rescue_sweep	336	237	99	221	49	16	50	0.8185185185185185	0.9324894514767933	0.8717948717948718	0.22784810126582278	0.9240506329113924	0.9399999976158142	0.10000000149011612	0.30000001192092896	1.4641350210970465	0.4092827004219409	0.494949494949495	0	0	0	1.0	True	1.0421045902058563
rescue_sweep	336	237	99	221	49	16	50	0.8185185185185185	0.9324894514767933	0.8717948717948718	0.22784810126582278	0.9240506329113924	0.9599999785423279	0.0	0.0	1.4641350210970465	0.4092827004219409	0.494949494949495	0	0	0	1.0	True	1.0421045902058563
rescue_sweep	336	237	99	221	49	16	50	0.8185185185185185	0.9324894514767933	0.8717948717948718	0.22784810126582278	0.9240506329113924	0.9599999785423279	0.0	0.05000000074505806	1.4641350210970465	0.4092827004219409	0.494949494949495	0	0	0	1.0	True	1.0421045902058563
rescue_sweep	336	237	99	221	49	16	50	0.8185185185185185	0.9324894514767933	0.8717948717948718	0.22784810126582278	0.9240506329113924	0.9599999785423279	0.0	0.10000000149011612	1.4641350210970465	0.4092827004219409	0.494949494949495	0	0	0	1.0	True	1.0421045902058563
rescue_sweep	336	237	99	221	49	16	50	0.8185185185185185	0.9324894514767933	0.8717948717948718	0.22784810126582278	0.9240506329113924	0.9599999785423279	0.0	0.15000000596046448	1.4641350210970465	0.4092827004219409	0.494949494949495	0	0	0	1.0	True	1.0421045902058563
rescue_sweep	336	237	99	221	49	16	50	0.8185185185185185	0.9324894514767933	0.8717948717948718	0.22784810126582278	0.9240506329113924	0.9599999785423279	0.0	0.20000000298023224	1.4641350210970465	0.4092827004219409	0.494949494949495	0	0	0	1.0	True	1.0421045902058563
rescue_sweep	336	237	99	221	49	16	50	0.8185185185185185	0.9324894514767933	0.8717948717948718	0.22784810126582278	0.9240506329113924	0.9599999785423279	0.0	0.25	1.4641350210970465	0.4092827004219409	0.494949494949495	0	0	0	1.0	True	1.0421045902058563
rescue_sweep	336	237	99	221	49	16	50	0.8185185185185185	0.9324894514767933	0.8717948717948718	0.22784810126582278	0.9240506329113924	0.9599999785423279	0.0	0.30000001192092896	1.4641350210970465	0.4092827004219409	0.494949494949495	0	0	0	1.0	True	1.0421045902058563
rescue_sweep	336	237	99	221	49	16	50	0.8185185185185185	0.9324894514767933	0.8717948717948718	0.22784810126582278	0.9240506329113924	0.9599999785423279	0.0010000000474974513	0.0	1.4641350210970465	0.4092827004219409	0.494949494949495	0	0	0	1.0	True	1.0421045902058563
rescue_sweep	336	237	99	221	49	16	50	0.8185185185185185	0.9324894514767933	0.8717948717948718	0.22784810126582278	0.9240506329113924	0.9599999785423279	0.0010000000474974513	0.05000000074505806	1.4641350210970465	0.4092827004219409	0.494949494949495	0	0	0	1.0	True	1.0421045902058563
rescue_sweep	336	237	99	221	49	16	50	0.8185185185185185	0.9324894514767933	0.8717948717948718	0.22784810126582278	0.9240506329113924	0.9599999785423279	0.0010000000474974513	0.10000000149011612	1.4641350210970465	0.4092827004219409	0.494949494949495	0	0	0	1.0	True	1.0421045902058563
rescue_sweep	336	237	99	221	49	16	50	0.8185185185185185	0.9324894514767933	0.8717948717948718	0.22784810126582278	0.9240506329113924	0.9599999785423279	0.0010000000474974513	0.15000000596046448	1.4641350210970465	0.4092827004219409	0.494949494949495	0	0	0	1.0	True	1.0421045902058563
rescue_sweep	336	237	99	221	49	16	50	0.8185185185185185	0.9324894514767933	0.8717948717948718	0.22784810126582278	0.9240506329113924	0.9599999785423279	0.0010000000474974513	0.20000000298023224	1.4641350210970465	0.4092827004219409	0.494949494949495	0	0	0	1.0	True	1.0421045902058563
rescue_sweep	336	237	99	221	49	16	50	0.8185185185185185	0.9324894514767933	0.8717948717948718	0.22784810126582278	0.9240506329113924	0.9599999785423279	0.0010000000474974513	0.25	1.4641350210970465	0.4092827004219409	0.494949494949495	0	0	0	1.0	True	1.0421045902058563
rescue_sweep	336	237	99	221	49	16	50	0.8185185185185185	0.9324894514767933	0.8717948717948718	0.22784810126582278	0.9240506329113924	0.9599999785423279	0.0010000000474974513	0.30000001192092896	1.4641350210970465	0.4092827004219409	0.494949494949495	0	0	0	1.0	True	1.0421045902058563
rescue_sweep	336	237	99	221	49	16	50	0.8185185185185185	0.9324894514767933	0.8717948717948718	0.22784810126582278	0.9240506329113924	0.9599999785423279	0.004999999888241291	0.0	1.4641350210970465	0.4092827004219409	0.494949494949495	0	0	0	1.0	True	1.0421045902058563
rescue_sweep	336	237	99	221	49	16	50	0.8185185185185185	0.9324894514767933	0.8717948717948718	0.22784810126582278	0.9240506329113924	0.9599999785423279	0.004999999888241291	0.05000000074505806	1.4641350210970465	0.4092827004219409	0.494949494949495	0	0	0	1.0	True	1.0421045902058563
rescue_sweep	336	237	99	221	49	16	50	0.8185185185185185	0.9324894514767933	0.8717948717948718	0.22784810126582278	0.9240506329113924	0.9599999785423279	0.004999999888241291	0.10000000149011612	1.4641350210970465	0.4092827004219409	0.494949494949495	0	0	0	1.0	True	1.0421045902058563
rescue_sweep	336	237	99	221	49	16	50	0.8185185185185185	0.9324894514767933	0.8717948717948718	0.22784810126582278	0.9240506329113924	0.9599999785423279	0.004999999888241291	0.15000000596046448	1.4641350210970465	0.4092827004219409	0.494949494949495	0	0	0	1.0	True	1.0421045902058563
rescue_sweep	336	237	99	221	49	16	50	0.8185185185185185	0.9324894514767933	0.8717948717948718	0.22784810126582278	0.9240506329113924	0.9599999785423279	0.004999999888241291	0.20000000298023224	1.4641350210970465	0.4092827004219409	0.494949494949495	0	0	0	1.0	True	1.0421045902058563
rescue_sweep	336	237	99	221	49	16	50	0.8185185185185185	0.9324894514767933	0.8717948717948718	0.22784810126582278	0.9240506329113924	0.9599999785423279	0.004999999888241291	0.25	1.4641350210970465	0.4092827004219409	0.494949494949495	0	0	0	1.0	True	1.0421045902058563
rescue_sweep	336	237	99	221	49	16	50	0.8185185185185185	0.9324894514767933	0.8717948717948718	0.22784810126582278	0.9240506329113924	0.9599999785423279	0.004999999888241291	0.30000001192092896	1.4641350210970465	0.4092827004219409	0.494949494949495	0	0	0	1.0	True	1.0421045902058563
rescue_sweep	336	237	99	221	49	16	50	0.8185185185185185	0.9324894514767933	0.8717948717948718	0.22784810126582278	0.9240506329113924	0.9599999785423279	0.009999999776482582	0.0	1.4641350210970465	0.4092827004219409	0.494949494949495	0	0	0	1.0	True	1.0421045902058563
rescue_sweep	336	237	99	221	49	16	50	0.8185185185185185	0.9324894514767933	0.8717948717948718	0.22784810126582278	0.9240506329113924	0.9599999785423279	0.009999999776482582	0.05000000074505806	1.4641350210970465	0.4092827004219409	0.494949494949495	0	0	0	1.0	True	1.0421045902058563
rescue_sweep	336	237	99	221	49	16	50	0.8185185185185185	0.9324894514767933	0.8717948717948718	0.22784810126582278	0.9240506329113924	0.9599999785423279	0.009999999776482582	0.10000000149011612	1.4641350210970465	0.4092827004219409	0.494949494949495	0	0	0	1.0	True	1.0421045902058563
rescue_sweep	336	237	99	221	49	16	50	0.8185185185185185	0.9324894514767933	0.8717948717948718	0.22784810126582278	0.9240506329113924	0.9599999785423279	0.009999999776482582	0.15000000596046448	1.4641350210970465	0.4092827004219409	0.494949494949495	0	0	0	1.0	True	1.0421045902058563
rescue_sweep	336	237	99	221	49	16	50	0.8185185185185185	0.9324894514767933	0.8717948717948718	0.22784810126582278	0.9240506329113924	0.9599999785423279	0.009999999776482582	0.20000000298023224	1.4641350210970465	0.4092827004219409	0.494949494949495	0	0	0	1.0	True	1.0421045902058563
rescue_sweep	336	237	99	221	49	16	50	0.8185185185185185	0.9324894514767933	0.8717948717948718	0.22784810126582278	0.9240506329113924	0.9599999785423279	0.009999999776482582	0.25	1.4641350210970465	0.4092827004219409	0.494949494949495	0	0	0	1.0	True	1.0421045902058563
rescue_sweep	336	237	99	221	49	16	50	0.8185185185185185	0.9324894514767933	0.8717948717948718	0.22784810126582278	0.9240506329113924	0.9599999785423279	0.009999999776482582	0.30000001192092896	1.4641350210970465	0.4092827004219409	0.494949494949495	0	0	0	1.0	True	1.0421045902058563
rescue_sweep	336	237	99	221	49	16	50	0.8185185185185185	0.9324894514767933	0.8717948717948718	0.22784810126582278	0.9240506329113924	0.9599999785423279	0.019999999552965164	0.0	1.4641350210970465	0.4092827004219409	0.494949494949495	0	0	0	1.0	True	1.0421045902058563
rescue_sweep	336	237	99	221	49	16	50	0.8185185185185185	0.9324894514767933	0.8717948717948718	0.22784810126582278	0.9240506329113924	0.9599999785423279	0.019999999552965164	0.05000000074505806	1.4641350210970465	0.4092827004219409	0.494949494949495	0	0	0	1.0	True	1.0421045902058563
rescue_sweep	336	237	99	221	49	16	50	0.8185185185185185	0.9324894514767933	0.8717948717948718	0.22784810126582278	0.9240506329113924	0.9599999785423279	0.019999999552965164	0.10000000149011612	1.4641350210970465	0.4092827004219409	0.494949494949495	0	0	0	1.0	True	1.0421045902058563
rescue_sweep	336	237	99	221	49	16	50	0.8185185185185185	0.9324894514767933	0.8717948717948718	0.22784810126582278	0.9240506329113924	0.9599999785423279	0.019999999552965164	0.15000000596046448	1.4641350210970465	0.4092827004219409	0.494949494949495	0	0	0	1.0	True	1.0421045902058563
rescue_sweep	336	237	99	221	49	16	50	0.8185185185185185	0.9324894514767933	0.8717948717948718	0.22784810126582278	0.9240506329113924	0.9599999785423279	0.019999999552965164	0.20000000298023224	1.4641350210970465	0.4092827004219409	0.494949494949495	0	0	0	1.0	True	1.0421045902058563
rescue_sweep	336	237	99	221	49	16	50	0.8185185185185185	0.9324894514767933	0.8717948717948718	0.22784810126582278	0.9240506329113924	0.9599999785423279	0.019999999552965164	0.25	1.4641350210970465	0.4092827004219409	0.494949494949495	0	0	0	1.0	True	1.0421045902058563
rescue_sweep	336	237	99	221	49	16	50	0.8185185185185185	0.9324894514767933	0.8717948717948718	0.22784810126582278	0.9240506329113924	0.9599999785423279	0.019999999552965164	0.30000001192092896	1.4641350210970465	0.4092827004219409	0.494949494949495	0	0	0	1.0	True	1.0421045902058563
rescue_sweep	336	237	99	221	49	16	50	0.8185185185185185	0.9324894514767933	0.8717948717948718	0.22784810126582278	0.9240506329113924	0.9599999785423279	0.05000000074505806	0.0	1.4641350210970465	0.4092827004219409	0.494949494949495	0	0	0	1.0	True	1.0421045902058563
rescue_sweep	336	237	99	221	49	16	50	0.8185185185185185	0.9324894514767933	0.8717948717948718	0.22784810126582278	0.9240506329113924	0.9599999785423279	0.05000000074505806	0.05000000074505806	1.4641350210970465	0.4092827004219409	0.494949494949495	0	0	0	1.0	True	1.0421045902058563
rescue_sweep	336	237	99	221	49	16	50	0.8185185185185185	0.9324894514767933	0.8717948717948718	0.22784810126582278	0.9240506329113924	0.9599999785423279	0.05000000074505806	0.10000000149011612	1.4641350210970465	0.4092827004219409	0.494949494949495	0	0	0	1.0	True	1.0421045902058563
rescue_sweep	336	237	99	221	49	16	50	0.8185185185185185	0.9324894514767933	0.8717948717948718	0.22784810126582278	0.9240506329113924	0.9599999785423279	0.05000000074505806	0.15000000596046448	1.4641350210970465	0.4092827004219409	0.494949494949495	0	0	0	1.0	True	1.0421045902058563
rescue_sweep	336	237	99	221	49	16	50	0.8185185185185185	0.9324894514767933	0.8717948717948718	0.22784810126582278	0.9240506329113924	0.9599999785423279	0.05000000074505806	0.20000000298023224	1.4641350210970465	0.4092827004219409	0.494949494949495	0	0	0	1.0	True	1.0421045902058563
rescue_sweep	336	237	99	221	49	16	50	0.8185185185185185	0.9324894514767933	0.8717948717948718	0.22784810126582278	0.9240506329113924	0.9599999785423279	0.05000000074505806	0.25	1.4641350210970465	0.4092827004219409	0.494949494949495	0	0	0	1.0	True	1.0421045902058563
rescue_sweep	336	237	99	221	49	16	50	0.8185185185185185	0.9324894514767933	0.8717948717948718	0.22784810126582278	0.9240506329113924	0.9599999785423279	0.05000000074505806	0.30000001192092896	1.4641350210970465	0.4092827004219409	0.494949494949495	0	0	0	1.0	True	1.0421045902058563
rescue_sweep	336	237	99	221	49	16	50	0.8185185185185185	0.9324894514767933	0.8717948717948718	0.22784810126582278	0.9240506329113924	0.9599999785423279	0.10000000149011612	0.0	1.4641350210970465	0.4092827004219409	0.494949494949495	0	0	0	1.0	True	1.0421045902058563
rescue_sweep	336	237	99	221	49	16	50	0.8185185185185185	0.9324894514767933	0.8717948717948718	0.22784810126582278	0.9240506329113924	0.9599999785423279	0.10000000149011612	0.05000000074505806	1.4641350210970465	0.4092827004219409	0.494949494949495	0	0	0	1.0	True	1.0421045902058563
rescue_sweep	336	237	99	221	49	16	50	0.8185185185185185	0.9324894514767933	0.8717948717948718	0.22784810126582278	0.9240506329113924	0.9599999785423279	0.10000000149011612	0.10000000149011612	1.4641350210970465	0.4092827004219409	0.494949494949495	0	0	0	1.0	True	1.0421045902058563
rescue_sweep	336	237	99	221	49	16	50	0.8185185185185185	0.9324894514767933	0.8717948717948718	0.22784810126582278	0.9240506329113924	0.9599999785423279	0.10000000149011612	0.15000000596046448	1.4641350210970465	0.4092827004219409	0.494949494949495	0	0	0	1.0	True	1.0421045902058563
rescue_sweep	336	237	99	221	49	16	50	0.8185185185185185	0.9324894514767933	0.8717948717948718	0.22784810126582278	0.9240506329113924	0.9599999785423279	0.10000000149011612	0.20000000298023224	1.4641350210970465	0.4092827004219409	0.494949494949495	0	0	0	1.0	True	1.0421045902058563
rescue_sweep	336	237	99	221	49	16	50	0.8185185185185185	0.9324894514767933	0.8717948717948718	0.22784810126582278	0.9240506329113924	0.9599999785423279	0.10000000149011612	0.25	1.4641350210970465	0.4092827004219409	0.494949494949495	0	0	0	1.0	True	1.0421045902058563
rescue_sweep	336	237	99	221	49	16	50	0.8185185185185185	0.9324894514767933	0.8717948717948718	0.22784810126582278	0.9240506329113924	0.9599999785423279	0.10000000149011612	0.30000001192092896	1.4641350210970465	0.4092827004219409	0.494949494949495	0	0	0	1.0	True	1.0421045902058563
rescue_sweep	336	237	99	221	49	16	50	0.8185185185185185	0.9324894514767933	0.8717948717948718	0.22784810126582278	0.9240506329113924	0.9800000190734863	0.0	0.0	1.4641350210970465	0.4092827004219409	0.494949494949495	0	0	0	1.0	True	1.0421045902058563
rescue_sweep	336	237	99	221	49	16	50	0.8185185185185185	0.9324894514767933	0.8717948717948718	0.22784810126582278	0.9240506329113924	0.9800000190734863	0.0	0.05000000074505806	1.4641350210970465	0.4092827004219409	0.494949494949495	0	0	0	1.0	True	1.0421045902058563
rescue_sweep	336	237	99	221	49	16	50	0.8185185185185185	0.9324894514767933	0.8717948717948718	0.22784810126582278	0.9240506329113924	0.9800000190734863	0.0	0.10000000149011612	1.4641350210970465	0.4092827004219409	0.494949494949495	0	0	0	1.0	True	1.0421045902058563
rescue_sweep	336	237	99	221	49	16	50	0.8185185185185185	0.9324894514767933	0.8717948717948718	0.22784810126582278	0.9240506329113924	0.9800000190734863	0.0	0.15000000596046448	1.4641350210970465	0.4092827004219409	0.494949494949495	0	0	0	1.0	True	1.0421045902058563
rescue_sweep	336	237	99	221	49	16	50	0.8185185185185185	0.9324894514767933	0.8717948717948718	0.22784810126582278	0.9240506329113924	0.9800000190734863	0.0	0.20000000298023224	1.4641350210970465	0.4092827004219409	0.494949494949495	0	0	0	1.0	True	1.0421045902058563
rescue_sweep	336	237	99	221	49	16	50	0.8185185185185185	0.9324894514767933	0.8717948717948718	0.22784810126582278	0.9240506329113924	0.9800000190734863	0.0	0.25	1.4641350210970465	0.4092827004219409	0.494949494949495	0	0	0	1.0	True	1.0421045902058563
rescue_sweep	336	237	99	221	49	16	50	0.8185185185185185	0.9324894514767933	0.8717948717948718	0.22784810126582278	0.9240506329113924	0.9800000190734863	0.0	0.30000001192092896	1.4641350210970465	0.4092827004219409	0.494949494949495	0	0	0	1.0	True	1.0421045902058563
rescue_sweep	336	237	99	221	49	16	50	0.8185185185185185	0.9324894514767933	0.8717948717948718	0.22784810126582278	0.9240506329113924	0.9800000190734863	0.0010000000474974513	0.0	1.4641350210970465	0.4092827004219409	0.494949494949495	0	0	0	1.0	True	1.0421045902058563
rescue_sweep	336	237	99	221	49	16	50	0.8185185185185185	0.9324894514767933	0.8717948717948718	0.22784810126582278	0.9240506329113924	0.9800000190734863	0.0010000000474974513	0.05000000074505806	1.4641350210970465	0.4092827004219409	0.494949494949495	0	0	0	1.0	True	1.0421045902058563
rescue_sweep	336	237	99	221	49	16	50	0.8185185185185185	0.9324894514767933	0.8717948717948718	0.22784810126582278	0.9240506329113924	0.9800000190734863	0.0010000000474974513	0.10000000149011612	1.4641350210970465	0.4092827004219409	0.494949494949495	0	0	0	1.0	True	1.0421045902058563
rescue_sweep	336	237	99	221	49	16	50	0.8185185185185185	0.9324894514767933	0.8717948717948718	0.22784810126582278	0.9240506329113924	0.9800000190734863	0.0010000000474974513	0.15000000596046448	1.4641350210970465	0.4092827004219409	0.494949494949495	0	0	0	1.0	True	1.0421045902058563
rescue_sweep	336	237	99	221	49	16	50	0.8185185185185185	0.9324894514767933	0.8717948717948718	0.22784810126582278	0.9240506329113924	0.9800000190734863	0.0010000000474974513	0.20000000298023224	1.4641350210970465	0.4092827004219409	0.494949494949495	0	0	0	1.0	True	1.0421045902058563
rescue_sweep	336	237	99	221	49	16	50	0.8185185185185185	0.9324894514767933	0.8717948717948718	0.22784810126582278	0.9240506329113924	0.9800000190734863	0.0010000000474974513	0.25	1.4641350210970465	0.4092827004219409	0.494949494949495	0	0	0	1.0	True	1.0421045902058563
rescue_sweep	336	237	99	221	49	16	50	0.8185185185185185	0.9324894514767933	0.8717948717948718	0.22784810126582278	0.9240506329113924	0.9800000190734863	0.0010000000474974513	0.30000001192092896	1.4641350210970465	0.4092827004219409	0.494949494949495	0	0	0	1.0	True	1.0421045902058563
rescue_sweep	336	237	99	221	49	16	50	0.8185185185185185	0.9324894514767933	0.8717948717948718	0.22784810126582278	0.9240506329113924	0.9800000190734863	0.004999999888241291	0.0	1.4641350210970465	0.4092827004219409	0.494949494949495	0	0	0	1.0	True	1.0421045902058563
rescue_sweep	336	237	99	221	49	16	50	0.8185185185185185	0.9324894514767933	0.8717948717948718	0.22784810126582278	0.9240506329113924	0.9800000190734863	0.004999999888241291	0.05000000074505806	1.4641350210970465	0.4092827004219409	0.494949494949495	0	0	0	1.0	True	1.0421045902058563
rescue_sweep	336	237	99	221	49	16	50	0.8185185185185185	0.9324894514767933	0.8717948717948718	0.22784810126582278	0.9240506329113924	0.9800000190734863	0.004999999888241291	0.10000000149011612	1.4641350210970465	0.4092827004219409	0.494949494949495	0	0	0	1.0	True	1.0421045902058563
rescue_sweep	336	237	99	221	49	16	50	0.8185185185185185	0.9324894514767933	0.8717948717948718	0.22784810126582278	0.9240506329113924	0.9800000190734863	0.004999999888241291	0.15000000596046448	1.4641350210970465	0.4092827004219409	0.494949494949495	0	0	0	1.0	True	1.0421045902058563
rescue_sweep	336	237	99	221	49	16	50	0.8185185185185185	0.9324894514767933	0.8717948717948718	0.22784810126582278	0.9240506329113924	0.9800000190734863	0.004999999888241291	0.20000000298023224	1.4641350210970465	0.4092827004219409	0.494949494949495	0	0	0	1.0	True	1.0421045902058563
rescue_sweep	336	237	99	221	49	16	50	0.8185185185185185	0.9324894514767933	0.8717948717948718	0.22784810126582278	0.9240506329113924	0.9800000190734863	0.004999999888241291	0.25	1.4641350210970465	0.4092827004219409	0.494949494949495	0	0	0	1.0	True	1.0421045902058563
rescue_sweep	336	237	99	221	49	16	50	0.8185185185185185	0.9324894514767933	0.8717948717948718	0.22784810126582278	0.9240506329113924	0.9800000190734863	0.004999999888241291	0.30000001192092896	1.4641350210970465	0.4092827004219409	0.494949494949495	0	0	0	1.0	True	1.0421045902058563
rescue_sweep	336	237	99	221	49	16	50	0.8185185185185185	0.9324894514767933	0.8717948717948718	0.22784810126582278	0.9240506329113924	0.9800000190734863	0.009999999776482582	0.0	1.4641350210970465	0.4092827004219409	0.494949494949495	0	0	0	1.0	True	1.0421045902058563
rescue_sweep	336	237	99	221	49	16	50	0.8185185185185185	0.9324894514767933	0.8717948717948718	0.22784810126582278	0.9240506329113924	0.9800000190734863	0.009999999776482582	0.05000000074505806	1.4641350210970465	0.4092827004219409	0.494949494949495	0	0	0	1.0	True	1.0421045902058563
rescue_sweep	336	237	99	221	49	16	50	0.8185185185185185	0.9324894514767933	0.8717948717948718	0.22784810126582278	0.9240506329113924	0.9800000190734863	0.009999999776482582	0.10000000149011612	1.4641350210970465	0.4092827004219409	0.494949494949495	0	0	0	1.0	True	1.0421045902058563
rescue_sweep	336	237	99	221	49	16	50	0.8185185185185185	0.9324894514767933	0.8717948717948718	0.22784810126582278	0.9240506329113924	0.9800000190734863	0.009999999776482582	0.15000000596046448	1.4641350210970465	0.4092827004219409	0.494949494949495	0	0	0	1.0	True	1.0421045902058563
rescue_sweep	336	237	99	221	49	16	50	0.8185185185185185	0.9324894514767933	0.8717948717948718	0.22784810126582278	0.9240506329113924	0.9800000190734863	0.009999999776482582	0.20000000298023224	1.4641350210970465	0.4092827004219409	0.494949494949495	0	0	0	1.0	True	1.0421045902058563
rescue_sweep	336	237	99	221	49	16	50	0.8185185185185185	0.9324894514767933	0.8717948717948718	0.22784810126582278	0.9240506329113924	0.9800000190734863	0.009999999776482582	0.25	1.4641350210970465	0.4092827004219409	0.494949494949495	0	0	0	1.0	True	1.0421045902058563
rescue_sweep	336	237	99	221	49	16	50	0.8185185185185185	0.9324894514767933	0.8717948717948718	0.22784810126582278	0.9240506329113924	0.9800000190734863	0.009999999776482582	0.30000001192092896	1.4641350210970465	0.4092827004219409	0.494949494949495	0	0	0	1.0	True	1.0421045902058563
rescue_sweep	336	237	99	221	49	16	50	0.8185185185185185	0.9324894514767933	0.8717948717948718	0.22784810126582278	0.9240506329113924	0.9800000190734863	0.019999999552965164	0.0	1.4641350210970465	0.4092827004219409	0.494949494949495	0	0	0	1.0	True	1.0421045902058563
rescue_sweep	336	237	99	221	49	16	50	0.8185185185185185	0.9324894514767933	0.8717948717948718	0.22784810126582278	0.9240506329113924	0.9800000190734863	0.019999999552965164	0.05000000074505806	1.4641350210970465	0.4092827004219409	0.494949494949495	0	0	0	1.0	True	1.0421045902058563
rescue_sweep	336	237	99	221	49	16	50	0.8185185185185185	0.9324894514767933	0.8717948717948718	0.22784810126582278	0.9240506329113924	0.9800000190734863	0.019999999552965164	0.10000000149011612	1.4641350210970465	0.4092827004219409	0.494949494949495	0	0	0	1.0	True	1.0421045902058563
rescue_sweep	336	237	99	221	49	16	50	0.8185185185185185	0.9324894514767933	0.8717948717948718	0.22784810126582278	0.9240506329113924	0.9800000190734863	0.019999999552965164	0.15000000596046448	1.4641350210970465	0.4092827004219409	0.494949494949495	0	0	0	1.0	True	1.0421045902058563
rescue_sweep	336	237	99	221	49	16	50	0.8185185185185185	0.9324894514767933	0.8717948717948718	0.22784810126582278	0.9240506329113924	0.9800000190734863	0.019999999552965164	0.20000000298023224	1.4641350210970465	0.4092827004219409	0.494949494949495	0	0	0	1.0	True	1.0421045902058563
rescue_sweep	336	237	99	221	49	16	50	0.8185185185185185	0.9324894514767933	0.8717948717948718	0.22784810126582278	0.9240506329113924	0.9800000190734863	0.019999999552965164	0.25	1.4641350210970465	0.4092827004219409	0.494949494949495	0	0	0	1.0	True	1.0421045902058563
rescue_sweep	336	237	99	221	49	16	50	0.8185185185185185	0.9324894514767933	0.8717948717948718	0.22784810126582278	0.9240506329113924	0.9800000190734863	0.019999999552965164	0.30000001192092896	1.4641350210970465	0.4092827004219409	0.494949494949495	0	0	0	1.0	True	1.0421045902058563
rescue_sweep	336	237	99	221	49	16	50	0.8185185185185185	0.9324894514767933	0.8717948717948718	0.22784810126582278	0.9240506329113924	0.9800000190734863	0.05000000074505806	0.0	1.4641350210970465	0.4092827004219409	0.494949494949495	0	0	0	1.0	True	1.0421045902058563
rescue_sweep	336	237	99	221	49	16	50	0.8185185185185185	0.9324894514767933	0.8717948717948718	0.22784810126582278	0.9240506329113924	0.9800000190734863	0.05000000074505806	0.05000000074505806	1.4641350210970465	0.4092827004219409	0.494949494949495	0	0	0	1.0	True	1.0421045902058563
rescue_sweep	336	237	99	221	49	16	50	0.8185185185185185	0.9324894514767933	0.8717948717948718	0.22784810126582278	0.9240506329113924	0.9800000190734863	0.05000000074505806	0.10000000149011612	1.4641350210970465	0.4092827004219409	0.494949494949495	0	0	0	1.0	True	1.0421045902058563
rescue_sweep	336	237	99	221	49	16	50	0.8185185185185185	0.9324894514767933	0.8717948717948718	0.22784810126582278	0.9240506329113924	0.9800000190734863	0.05000000074505806	0.15000000596046448	1.4641350210970465	0.4092827004219409	0.494949494949495	0	0	0	1.0	True	1.0421045902058563
rescue_sweep	336	237	99	221	49	16	50	0.8185185185185185	0.9324894514767933	0.8717948717948718	0.22784810126582278	0.9240506329113924	0.9800000190734863	0.05000000074505806	0.20000000298023224	1.4641350210970465	0.4092827004219409	0.494949494949495	0	0	0	1.0	True	1.0421045902058563
rescue_sweep	336	237	99	221	49	16	50	0.8185185185185185	0.9324894514767933	0.8717948717948718	0.22784810126582278	0.9240506329113924	0.9800000190734863	0.05000000074505806	0.25	1.4641350210970465	0.4092827004219409	0.494949494949495	0	0	0	1.0	True	1.0421045902058563
rescue_sweep	336	237	99	221	49	16	50	0.8185185185185185	0.9324894514767933	0.8717948717948718	0.22784810126582278	0.9240506329113924	0.9800000190734863	0.05000000074505806	0.30000001192092896	1.4641350210970465	0.4092827004219409	0.494949494949495	0	0	0	1.0	True	1.0421045902058563
rescue_sweep	336	237	99	221	49	16	50	0.8185185185185185	0.9324894514767933	0.8717948717948718	0.22784810126582278	0.9240506329113924	0.9800000190734863	0.10000000149011612	0.0	1.4641350210970465	0.4092827004219409	0.494949494949495	0	0	0	1.0	True	1.0421045902058563
rescue_sweep	336	237	99	221	49	16	50	0.8185185185185185	0.9324894514767933	0.8717948717948718	0.22784810126582278	0.9240506329113924	0.9800000190734863	0.10000000149011612	0.05000000074505806	1.4641350210970465	0.4092827004219409	0.494949494949495	0	0	0	1.0	True	1.0421045902058563
rescue_sweep	336	237	99	221	49	16	50	0.8185185185185185	0.9324894514767933	0.8717948717948718	0.22784810126582278	0.9240506329113924	0.9800000190734863	0.10000000149011612	0.10000000149011612	1.4641350210970465	0.4092827004219409	0.494949494949495	0	0	0	1.0	True	1.0421045902058563
rescue_sweep	336	237	99	221	49	16	50	0.8185185185185185	0.9324894514767933	0.8717948717948718	0.22784810126582278	0.9240506329113924	0.9800000190734863	0.10000000149011612	0.15000000596046448	1.4641350210970465	0.4092827004219409	0.494949494949495	0	0	0	1.0	True	1.0421045902058563
rescue_sweep	336	237	99	221	49	16	50	0.8185185185185185	0.9324894514767933	0.8717948717948718	0.22784810126582278	0.9240506329113924	0.9800000190734863	0.10000000149011612	0.20000000298023224	1.4641350210970465	0.4092827004219409	0.494949494949495	0	0	0	1.0	True	1.0421045902058563
rescue_sweep	336	237	99	221	49	16	50	0.8185185185185185	0.9324894514767933	0.8717948717948718	0.22784810126582278	0.9240506329113924	0.9800000190734863	0.10000000149011612	0.25	1.4641350210970465	0.4092827004219409	0.494949494949495	0	0	0	1.0	True	1.0421045902058563
rescue_sweep	336	237	99	221	49	16	50	0.8185185185185185	0.9324894514767933	0.8717948717948718	0.22784810126582278	0.9240506329113924	0.9800000190734863	0.10000000149011612	0.30000001192092896	1.4641350210970465	0.4092827004219409	0.494949494949495	0	0	0	1.0	True	1.0421045902058563
