candidate_id	label_id	sample_id	chrom	arm	start_bp	end_bp	evidence	sv_class	label_scope	candidate_scope	n_segments	n_sv_nodes	encoded_sv_nodes	embedding_mode	localized_start_bp	localized_end_bp	localization_method	localization_confidence	localization_span_fraction	haplotype	haplotype_score	haplotype_confidence	sv_hp1_support	sv_hp2_support	cn_hp1_mean	cn_hp2_mean	cluster_id	sv_classes	raw_sv_classes	context_scope	context_start_bp	context_end_bp	local_embedding_dim	context_embedding_dim	coordinate_feature_dim	n_windows	n_segments_ge_100kb	component_length	segment_frequency	ploidy	segment_len_q25	segment_len_q50	segment_len_q75	oscillating_two_state	oscillating_segment_fraction	oscillating_transition_fraction	n_TCN_0	n_TCN_1	n_TCN_2	n_TCN_3	n_TCN_4	n_TCN_5	n_TCN_6	n_TCN_7	n_TCN_7_10	n_TCN_11_20	n_TCN_20_40	n_TCN_gt_40	n_breakpoints	n_FB_lowCN_2Mb	FB_first_index	FB_last_index	FB_lowCN_first_index	FB_lowCN_last_index	n_DEL	n_DUP	n_FB	n_INTER_CHR	n_INV_LIKE	n_sBND	n_interchromosomal_SV	embedding_normalization	embedding_features	is_labeled	is_background_chromosome	raw_true_classes	true_classes	objectness_logit	objectness_prob	top_type_class	max_type_probability	max_type_logit	type_logit_ecDNA	type_probability_ecDNA	type_logit_Seismic_Amplification	type_probability_Seismic_Amplification	type_logit_chromothripsis	type_probability_chromothripsis	type_logit_BFB	type_probability_BFB
AU565:chr3:0-19007244:1	AU565:chr3:0-19007244:1	AU565	chr3	p	0	19007244	candidate_region_label	Seismic_Amplification;BFB	region	candidate_region	13	17	17	candidate_region_with_context	12980560	19007244	sv_attention	0.8683	0.3171	HP2	-0.7032	0.6042	12.0	115.0	0.9972	2.8942	C1	Seismic_Amplification;BFB	Seismic_Amplification:noncanonical;BFB:noncanonicalB	chromosome_arm	0	90951000	402	402	8	13	13	19007245	6.839497254862553e-07	3.891396938377971	325693.0	510733.0	1691897.0	False	0.5384615384615384	0.1666666666666666	0	1	1	3	4	3	1	0	0	0	0	0	13	0					4	2	0.0	2	5	0	2	sample_residual	coords	1	0	Seismic_Amplification:noncanonical;BFB:noncanonicalB	Seismic_Amplification;BFB	2.426614999771118	0.918834388256073	chromothripsis	0.30956754088401794	-0.8021418452262878	-1.9668115377426147	0.1227317601442337	-1.5315009355545044	0.17777419090270996	-0.8021418452262878	0.30956754088401794	-3.3922371864318848	0.03253895416855812
AU565:chr3:36522773-39561702:2	AU565:chr3:36522773-39561702:2	AU565	chr3	p	36522773	39561702	candidate_region_label	Seismic_Amplification;BFB	region	candidate_region	6	11	11	candidate_region_with_context	37907000	39561702	sv_attention	0.9559	0.5445	mixed_HP	0.2097	0.3	37.0	18.0	1.9621	2.2205	C1	Seismic_Amplification;BFB	Seismic_Amplification:noncanonical;BFB:noncanonicalB	chromosome_arm	0	90951000	402	402	8	6	5	3038930	1.974379140026259e-06	4.182578736594788	214309.75	427872.0	689816.0	False	0.6666666666666666	0.4	0	2	0	0	0	2	1	0	1	0	0	0	8	0					2	4	0.0	0	2	0	0	sample_residual	coords	1	0	Seismic_Amplification:noncanonical;BFB:noncanonicalB	Seismic_Amplification;BFB	2.334564685821533	0.9116994738578796	Seismic_Amplification	0.6687555909156799	0.7025622725486755	-3.4594297409057617	0.030488887801766396	0.7025622725486755	0.6687555909156799	-3.0168564319610596	0.046670135110616684	-2.704751491546631	0.06269356608390808
AU565:chr3:151354228-158466862:3	AU565:chr3:151354228-158466862:3	AU565	chr3	q	151354228	158466862	candidate_region_label	Seismic_Amplification;BFB	region	candidate_region	4	8	8	candidate_region_with_context	151911755	158466862	sv_attention	0.7134	0.9216	mixed_HP	0.2017	0.2	34.0	14.0	1.3861	2.2055	C1	Seismic_Amplification;BFB	Seismic_Amplification:noncanonical;BFB:noncanonicalB	chromosome_arm	90951000	198250001	402	402	8	4	4	7112635	5.623794838340503e-07	3.591606486203777	547225.25	962471.5	2193405.0	False	0.5	0.3333333333333333	0	1	1	0	1	0	0	0	1	0	0	0	6	0	1.0	1.0			2	2	1.0	0	1	0	0	sample_residual	coords	1	0	Seismic_Amplification:noncanonical;BFB:noncanonicalB	Seismic_Amplification;BFB	4.682027339935303	0.9908247590065002	Seismic_Amplification	0.2927436828613281	-0.8820958137512207	-3.6813600063323975	0.024569815024733543	-0.8820958137512207	0.2927436828613281	-3.5135934352874756	0.028927920386195183	-1.3951255083084106	0.1985907405614853
AU565:chr3:178278467-198295559:4	AU565:chr3:178278467-198295559:4	AU565	chr3	q	178278467	198295559	candidate_region_label	Seismic_Amplification;BFB	region	candidate_region	20	30	30	candidate_region_with_context	179003027	198295559	sv_attention	1.0	0.9638	HP2	-0.6223	0.4963	13.0	88.0	1.3391	2.992	C1	Seismic_Amplification;BFB	Seismic_Amplification:noncanonical;BFB:noncanonicalB	chromosome_arm	90951000	198250001	402	402	8	20	17	20017093	9.991460798028965e-07	4.325845616044248	337981.0	536771.5	1148481.25	True	0.8	0.631578947368421	0	0	1	2	9	7	1	0	0	0	0	0	19	0					3	5	0.0	0	11	0	0	sample_residual	coords	1	0	Seismic_Amplification:noncanonical;BFB:noncanonicalB	Seismic_Amplification;BFB	3.5825822353363037	0.9729483723640442	chromothripsis	0.6795482039451599	0.7516964077949524	-2.6830523014068604	0.0639808401465416	-2.507877826690674	0.07530776411294937	0.7516964077949524	0.6795482039451599	-2.547769784927368	0.07257645577192307
AU565:chr5:138061704-142844456:5	AU565:chr5:138061704-142844456:5	AU565	chr5	q	138061704	142844456	candidate_region_label	BFB	region	candidate_region	5	7	7	candidate_region_with_context	140116700	142844456	sv_attention	0.9179	0.5703	mixed_HP	0.0064	0.5	39.0	26.0	1.5703	3.5013	C2	BFB	BFB:noncanonical	chromosome_arm	48464000	181500001	402	402	8	5	5	4782753	1.0454230021914157e-06	5.071633847702359	487556.0	987072.0	1410036.0	True	0.8	0.75	0	0	0	1	0	2	2	0	0	0	0	0	6	0					2	0	0.0	1	3	0	1	sample_residual	coords	1	0	BFB:noncanonical	BFB	4.323857307434082	0.9869245290756226	chromothripsis	0.3208470642566681	-0.7498818039894104	-3.5738325119018555	0.027282916009426117	-2.8037045001983643	0.05712432041764259	-0.7498818039894104	0.3208470642566681	-2.3993561267852783	0.08322180062532425
AU565:chr5:155073273-164481680:6	AU565:chr5:155073273-164481680:6	AU565	chr5	q	155073273	164481680	candidate_region_label	BFB	region	candidate_region	10	53	53	candidate_region_with_context	155073325	164481680	sv_attention	1.0	1.0	mixed_HP	-0.4651	0.4087	92.0	149.0	0.1649	4.0752	C2	BFB	BFB:noncanonical	chromosome_arm	48464000	181500001	402	402	8	10	8	9408408	1.0628790758223922e-06	4.240131380356805	159205.25	253777.0	555745.25	False	0.4	0.1111111111111111	1	0	1	0	2	2	2	2	0	0	0	0	12	2	5.0	12.0	5.0	12.0	4	1	2.0	3	2	0	3	sample_residual	coords	1	0	BFB:noncanonical	BFB	5.368032932281494	0.9953582882881165	BFB	0.37120068073272705	-0.5270693898200989	-2.295912504196167	0.09146206080913544	-2.3225252628326416	0.08927453309297562	-2.7760214805603027	0.05863376334309578	-0.5270693898200989	0.37120068073272705
AU565:chr6:0-8775217:7	AU565:chr6:0-8775217:7	AU565	chr6	p	0	8775217	candidate_region_label	BFB	region	candidate_region	15	31	31	candidate_region_with_context	6709076	8775217	sv_attention	0.9994	0.2355	HP1	0.7112	0.615	345.0	35.0	1.7669	0.5856	C3	BFB	BFB:noncanonicalB	chromosome_arm	0	60589000	402	402	8	15	10	8775218	1.7093592432689422e-06	2.352533464125905	86499.5	191813.0	487362.0	False	0.4	0.0714285714285714	1	3	3	0	0	2	3	3	0	0	0	0	16	0	12.0	12.0			3	2	1.0	0	9	1	0	sample_residual	coords	1	0	BFB:noncanonicalB	BFB	6.064765930175781	0.9976820945739746	Seismic_Amplification	0.3085955083370209	-0.8066935539245605	-3.390352249145508	0.0325983464717865	-0.8066935539245605	0.3085955083370209	-3.0919322967529297	0.04344126954674721	-1.7513993978500366	0.14787079393863678
AU565:chr6:24684333-34294777:8	AU565:chr6:24684333-34294777:8	AU565	chr6	p	24684333	34294777	candidate_region_label	chromothripsis	region	candidate_region	10	24	24	candidate_region_with_context	26739554	32646123	sv_attention	0.9999	0.6146	mixed_HP	0.1607	0.4156	95.0	59.0	2.1711	2.1086	C4	chromothripsis	chromothripsis:canonical	chromosome_arm	0	60589000	402	402	8	10	5	9610445	1.0405345434056384e-06	4.279679869142376	65448.0	299870.0	1670832.25	False	0.6	0.2222222222222222	0	0	1	2	3	3	1	0	0	0	0	0	11	0					6	1	0.0	1	3	0	1	sample_residual	coords	1	0	chromothripsis:canonical	chromothripsis	2.486233949661255	0.9231711626052856	chromothripsis	0.5518587827682495	0.2081838846206665	-3.0740721225738525	0.044189516454935074	-2.8018038272857666	0.05722678080201149	0.2081838846206665	0.5518587827682495	-2.9561190605163574	0.049448102712631226
AU565:chr7:114215974-133164006:9	AU565:chr7:114215974-133164006:9	AU565	chr7	q	114215974	133164006	candidate_region_label	Seismic_Amplification;BFB	region	candidate_region	14	22	22	candidate_region_with_context	114409365	128945378	sv_attention	0.9998	0.7672	HP1	0.8616	0.8155	379.0	0.0	6.655	1.7436	C5	Seismic_Amplification;BFB	Seismic_Amplification:noncanonical;BFB:noncanonicalB	chromosome_arm	59904000	159300001	402	402	8	13	12	18948033	7.388629732701014e-07	8.39861214090138	197069.5	426320.5	2085418.0	False	0.4285714285714285	0.0	1	1	1	0	1	0	0	0	7	3	0	0	15	2	1.0	12.0	11.0	12.0	4	2	5.0	2	2	0	2	sample_residual	coords	1	0	Seismic_Amplification:noncanonical;BFB:noncanonicalB	Seismic_Amplification;BFB	4.430978298187256	0.988237202167511	Seismic_Amplification	0.6749405264854431	0.7306166291236877	-0.46146467328071594	0.38663843274116516	0.7306166291236877	0.6749405264854431	-3.992368459701538	0.018121499568223953	-1.1731494665145874	0.23628614842891693
AU565:chr8:47000001-50494087:10	AU565:chr8:47000001-50494087:10	AU565	chr8	q	47000001	50494087	candidate_region_label	ecDNA;Seismic_Amplification;BFB	region	candidate_region	7	23	23	candidate_region_with_context	48905178	50494087	sv_attention	0.9992	0.4547	mixed_HP	-0.0035	0.3	32.0	74.0	3.9766	0.4867	C6	ecDNA;Seismic_Amplification;BFB	ecDNA;Seismic_Amplification:noncanonical;BFB:noncanonicalB	chromosome_arm	45644000	145100001	402	402	8	7	5	3494087	2.003384575140802e-06	4.463317312934681	102772.5	204435.0	676022.5	False	0.5714285714285714	0.3333333333333333	1	0	2	2	0	0	0	0	1	0	0	1	8	1	4.0	5.0	4.0	4.0	0	0	2.0	2	4	0	2	sample_residual	coords	1	0	ecDNA;Seismic_Amplification:noncanonical;BFB:noncanonicalB	ecDNA;Seismic_Amplification;BFB	6.408315658569336	0.9983548521995544	ecDNA	0.6235865950584412	0.5047996044158936	0.5047996044158936	0.6235865950584412	0.11138999462127686	0.5278187394142151	-4.240146636962891	0.01420090813189745	-0.916957437992096	0.28557825088500977
AU565:chr8:70898854-90691867:11	AU565:chr8:70898854-90691867:11	AU565	chr8	q	70898854	90691867	candidate_region_label	ecDNA;Seismic_Amplification;BFB	region	candidate_region	59	106	106	candidate_region_with_context	70977190	90691867	sv_attention	1.0	0.996	mixed_HP	-0.2224	0.2	115.0	1103.0	14.8725	0.3421	C6	ecDNA;Seismic_Amplification;BFB	ecDNA;Seismic_Amplification:noncanonical;BFB:noncanonicalB	chromosome_arm	45644000	145100001	402	402	8	59	42	19793014	2.980849707881781e-06	15.214586368705646	88076.5	186399.0	307138.0	False	0.1016949152542373	0.0172413793103448	2	0	0	3	2	1	1	3	7	16	20	4	61	0					12	7	0.0	13	27	2	13	sample_residual	coords	1	0	ecDNA;Seismic_Amplification:noncanonical;BFB:noncanonicalB	ecDNA;Seismic_Amplification;BFB	4.260423183441162	0.9860802292823792	ecDNA	0.9659707546234131	3.3459129333496094	3.3459129333496094	0.9659707546234131	0.5871917009353638	0.6427205204963684	-4.482579231262207	0.01117786206305027	-1.3263651132583618	0.20976126194000244
AU565:chr8:103691910-145138636:12	AU565:chr8:103691910-145138636:12	AU565	chr8	q	103691910	145138636	candidate_region_label	ecDNA;Seismic_Amplification;BFB	region	candidate_region	104	205	205	candidate_region_with_context	103694000	145138636	sv_attention	1.0	0.9999	mixed_HP	-0.1295	0.2	379.0	1777.0	11.1308	0.5341	C6	ecDNA;Seismic_Amplification;BFB	ecDNA;Seismic_Amplification:noncanonical;BFB:noncanonicalB	chromosome_arm	45644000	145100001	402	402	8	104	68	41446727	2.509245181169553e-06	11.655934520474922	78767.25	175732.5	443418.75	False	0.1826923076923076	0.0485436893203883	7	4	10	9	6	2	2	0	1	19	32	12	105	2	17.0	95.0	17.0	28.0	29	13	4.0	23	35	1	23	sample_residual	coords	1	0	ecDNA;Seismic_Amplification:noncanonical;BFB:noncanonicalB	ecDNA;Seismic_Amplification;BFB	5.154952049255371	0.9942623376846313	ecDNA	0.9828494191169739	4.048421382904053	4.048421382904053	0.9828494191169739	0.8604933023452759	0.7027637362480164	-4.231155872344971	0.01432732306420803	-0.6800445318222046	0.3362513482570648
AU565:chr10:27994282-32989762:13		AU565	chr10	p	27994282	32989762	candidate_region_empty		empty_candidate_region	candidate_region	5	14	14	candidate_region_with_context	27994482	29036260	sv_attention	0.8059	0.2085	HP2	-0.6369	0.5158	8.0	77.0	0.7159	1.2924	C7			chromosome_arm	0	40246000	402	402	8	5	4	4995481	1.0009046175933808e-06	2.008350747405505	471385.0	481285.0	508154.0	False	0.6	0.5	0	1	0	1	1	2	0	0	0	0	0	0	6	0					4	0	0.0	1	1	0	1	sample_residual	coords	0	1			-1.865139126777649	0.1341051608324051	chromothripsis	0.22553491592407227	-1.2336976528167725	-1.4537816047668457	0.18942025303840637	-2.079495668411255	0.11110575497150421	-1.2336976528167725	0.22553491592407227	-4.101675510406494	0.016275649890303612
AU565:chr10:55213168-71714103:14	AU565:chr10:55213168-71714103:14	AU565	chr10	q	55213168	71714103	candidate_region_label	BFB	region	candidate_region	21	29	29	candidate_region_with_context	55266419	71714103	sv_attention	1.0	0.9968	HP1	0.4908	0.321	171.0	29.0	2.2314	2.0094	C8	BFB	BFB:noncanonicalB	chromosome_arm	40246000	133750001	402	402	8	21	17	16500936	1.2726550784755482e-06	4.240793310149194	136527.0	413819.0	567907.0	False	0.7142857142857143	0.5	0	0	0	2	10	2	5	2	0	0	0	0	23	0	15.0	15.0			5	4	1.0	2	11	0	2	sample_residual	coords	1	0	BFB:noncanonicalB	BFB	5.687859535217285	0.9966245889663696	BFB	0.16827334463596344	-1.5979140996932983	-2.703465700149536	0.06276915967464447	-2.592541456222534	0.06961998343467712	-1.6967689990997314	0.15488772094249725	-1.5979140996932983	0.16827334463596344
AU565:chr14:45524644-58036648:15	AU565:chr14:45524644-58036648:15	AU565	chr14	q	45524644	58036648	candidate_region_label	ecDNA;Seismic_Amplification;BFB	region	candidate_region	10	13	13	candidate_region_with_context	49692456	58036648	sv_attention	0.6623	0.6669	mixed_HP	-0.3008	0.7887	65.0	77.0	0.6006	3.9054	C6	ecDNA;Seismic_Amplification;BFB	ecDNA;Seismic_Amplification:noncanonical;BFB:noncanonicalB	chromosome_arm	17600000	107000001	402	402	8	10	8	12512005	7.992324171865341e-07	4.505988688463599	240669.25	824103.0	1004713.5	False	0.6	0.3333333333333333	0	0	1	0	3	1	1	0	4	0	0	0	12	0					0	0	0.0	9	3	0	9	sample_residual	coords	1	0	ecDNA;Seismic_Amplification:noncanonical;BFB:noncanonicalB	ecDNA;Seismic_Amplification;BFB	3.0874314308166504	0.9563713073730469	ecDNA	0.8332301378250122	1.6086950302124023	1.6086950302124023	0.8332301378250122	-0.3567715287208557	0.4117412865161896	-3.2748804092407227	0.036443065851926804	-2.2190279960632324	0.09805473685264587
AU565:chr17:28000001-42420153:16	AU565:chr17:28000001-42420153:16	AU565	chr17	q	28000001	42420153	candidate_region_label	ecDNA;Seismic_Amplification;BFB	region	candidate_region	11	13	13	candidate_region_with_context	30641929	42420153	sv_attention	0.9959	0.8168	HP2	-0.2778	0.0371	38.0	348.0	5.6254	0.7208	C9	ecDNA;Seismic_Amplification;BFB	ecDNA;Seismic_Amplification:noncanonical;BFB:noncanonicalB	chromosome_arm	25150000	83250001	402	402	8	10	11	14420153	7.62821309870984e-07	6.346199031314023	325328.0	790663.0	1186888.5	False	0.2727272727272727	0.0	0	2	1	0	1	1	0	1	2	0	3	0	11	0	9.0	9.0			3	1	1.0	6	0	0	6	sample_residual	coords	1	0	ecDNA;Seismic_Amplification:noncanonical;BFB:noncanonicalB	ecDNA;Seismic_Amplification;BFB	5.701768398284912	0.9966711401939392	ecDNA	0.875329852104187	1.9489293098449707	1.9489293098449707	0.875329852104187	0.11288970708847046	0.5281924605369568	-4.280250072479248	0.013650291599333286	-1.0302053689956665	0.2630442976951599
AU565:chr17:62570891-83257441:17	AU565:chr17:62570891-83257441:17	AU565	chr17	q	62570891	83257441	candidate_region_label	ecDNA;Seismic_Amplification;BFB	region	candidate_region	16	30	30	candidate_region_with_context	63555000	83257441	sv_attention	1.0	0.9524	mixed_HP	0.0105	0.7394	196.0	159.0	1.8133	2.5928	C9	ecDNA;Seismic_Amplification;BFB	ecDNA;Seismic_Amplification:noncanonical;BFB:noncanonicalB	chromosome_arm	25150000	83250001	402	402	8	15	16	20686551	7.734493778107332e-07	4.405269684637134	323655.0	580448.0	1495088.25	False	0.4375	0.2	0	0	2	4	2	3	2	1	1	1	0	0	16	0					4	5	0.0	5	2	0	5	sample_residual	coords	1	0	ecDNA;Seismic_Amplification:noncanonical;BFB:noncanonicalB	ecDNA;Seismic_Amplification;BFB	4.1625213623046875	0.9846704006195068	ecDNA	0.7986254692077637	1.377725601196289	1.377725601196289	0.7986254692077637	-0.1870555281639099	0.4533720016479492	-2.379767417907715	0.08472859859466553	-1.652762770652771	0.16073590517044067
AU565:chr18:47315093-56791383:18		AU565	chr18	q	47315093	56791383	candidate_region_empty		empty_candidate_region	candidate_region	4	6	6	candidate_region_with_context	51458064	56212928	sv_attention	0.8977	0.5018	mixed_HP	-0.245	0.3	14.0	27.0	0.8168	1.0	C10			chromosome_arm	18540000	80350001	402	402	8	4	4	9476291	4.221060750456059e-07	1.816798154467819	2007271.5	2666659.0	3028460.25	False	0.75	0.3333333333333333	0	1	2	1	0	0	0	0	0	0	0	0	5	0					1	0	0.0	1	3	0	1	sample_residual	coords	0	1			-1.036247730255127	0.26187464594841003	chromothripsis	0.34715673327445984	-0.6315606832504272	-1.4994361400604248	0.1825096309185028	-1.9717029333114624	0.12220609933137894	-0.6315606832504272	0.34715673327445984	-4.066137790679932	0.016854526475071907
AU565:chr20:0-58962673:19	AU565:chr20:0-58962673:19	AU565	chr20	mixed	0	58962673	candidate_region_label	Seismic_Amplification;BFB	region	candidate_region	73	156	156	candidate_region_with_context	3073212	58962673	sv_attention	1.0	0.9479	mixed_HP	-0.0494	0.2968	351.0	406.0	2.8904	2.9074	C11	Seismic_Amplification;BFB	Seismic_Amplification:canonical;BFB:noncanonicalB	chromosome	0	64400001	402	402	8	71	53	58962674	1.2380713941162166e-06	5.797808881598551	91469.0	252095.0	746263.0	False	0.3424657534246575	0.0972222222222222	0	0	0	2	1	13	10	12	24	11	0	0	71	0	29.0	29.0			19	19	1.0	0	31	1	0	sample_residual	coords	1	0	Seismic_Amplification:canonical;BFB:noncanonicalB	Seismic_Amplification;BFB	7.0915398597717285	0.9991686344146729	Seismic_Amplification	0.9892871379852295	4.525546550750732	-4.007456302642822	0.01785498484969139	4.525546550750732	0.9892871379852295	-2.154386043548584	0.10392206907272339	-1.376104712486267	0.20163531601428986
AU565:chr22:46498609-50818468:20		AU565	chr22	q	46498609	50818468	candidate_region_empty		empty_candidate_region	candidate_region	6	4	4	candidate_region_with_context	47479650	49818212	sv_attention	0.7524	0.5414	mixed_HP	-0.1498	0.3571	13.0	22.0	1.8704	1.6423	C12			chromosome_arm	15050000	50800001	402	402	8	6	5	4319860	1.388933900635669e-06	3.5062559897774466	168166.75	490521.5	906843.75	False	0.5	0.0	0	1	1	1	2	0	1	0	0	0	0	0	5	0					2	2	0.0	0	0	1	0	sample_residual	coords	0	1			-1.9893776178359985	0.12032272666692734	chromothripsis	0.3091706931591034	-0.803999125957489	-2.8208343982696533	0.05620865151286125	-0.977256178855896	0.2734365463256836	-0.803999125957489	0.3091706931591034	-4.183501720428467	0.015016107819974422
BT474:chr1:151000001-176668027:1	BT474:chr1:151000001-176668027:1	BT474	chr1	q	151000001	176668027	candidate_region_label	Seismic_Amplification;BFB	region	candidate_region	27	31	31	candidate_region_with_context	155554875	176668027	sv_attention	1.0	0.8225	mixed_HP	0.2453	0.2	224.0	53.0	1.8035	5.3925	C1	Seismic_Amplification;BFB	Seismic_Amplification:noncanonical;BFB:noncanonicalB	chromosome_arm	123459000	248950001	402	402	8	27	24	25668027	1.0518923016560642e-06	7.196018026629004	339333.0	700824.0	1189754.5	False	0.3703703703703703	0.0384615384615384	0	0	5	0	0	2	3	1	9	7	0	0	27	0					5	2	0.0	8	12	0	8	sample_residual	coords	1	0	Seismic_Amplification:noncanonical;BFB:noncanonicalB	Seismic_Amplification;BFB	4.198612213134766	0.9852057099342346	Seismic_Amplification	0.741282045841217	1.052642822265625	-0.6952090263366699	0.3328753113746643	1.052642822265625	0.741282045841217	-3.1126935482025146	0.04258668050169945	-2.0746145248413086	0.1115887463092804
BT474:chr1:189780634-204485228:2	BT474:chr1:189780634-204485228:2	BT474	chr1	q	189780634	204485228	candidate_region_label	Seismic_Amplification;BFB	region	candidate_region	17	21	21	candidate_region_with_context	191518846	204485228	sv_attention	0.9999	0.8818	mixed_HP	0.0155	0.3	119.0	62.0	1.0991	4.1771	C1	Seismic_Amplification;BFB	Seismic_Amplification:noncanonical;BFB:noncanonicalB	chromosome_arm	123459000	248950001	402	402	8	17	12	14704595	1.1561012050994945e-06	5.276171156022999	95401.0	302931.0	1045981.0	False	0.3529411764705882	0.0	0	0	3	1	0	2	3	1	1	6	0	0	18	1	6.0	6.0	6.0	6.0	1	1	1.0	8	6	1	8	sample_residual	coords	1	0	Seismic_Amplification:noncanonical;BFB:noncanonicalB	Seismic_Amplification;BFB	5.530897617340088	0.9960532188415527	Seismic_Amplification	0.5926804542541504	0.3750573694705963	-0.8474122285842896	0.2999759912490845	0.3750573694705963	0.5926804542541504	-3.3792505264282227	0.0329502671957016	-1.098855972290039	0.24995432794094086
BT474:chr1:225071131-248956422:3	BT474:chr1:225071131-248956422:3	BT474	chr1	q	225071131	248956422	candidate_region_label	Seismic_Amplification;BFB	region	candidate_region	27	36	36	candidate_region_with_context	226784014	248956422	sv_attention	0.9997	0.9283	mixed_HP	0.2573	0.1667	405.0	128.0	2.5002	4.325	C1	Seismic_Amplification;BFB	Seismic_Amplification:noncanonical;BFB:noncanonicalB	chromosome_arm	123459000	248950001	402	402	8	27	21	23885292	1.1304027599913788e-06	6.823919422881663	145241.0	418782.0	1226364.0	False	0.2222222222222222	0.0384615384615384	0	0	3	2	0	2	3	3	2	8	4	0	26	0					3	3	0.0	9	11	0	9	sample_residual	coords	1	0	Seismic_Amplification:noncanonical;BFB:noncanonicalB	Seismic_Amplification;BFB	4.489327430725098	0.9888964891433716	ecDNA	0.6491199731826782	0.6151732206344604	0.6151732206344604	0.6491199731826782	0.48024821281433105	0.6178064942359924	-3.315739393234253	0.035035163164138794	-1.3909798860549927	0.19925135374069214
BT474:chr2:0-12798428:4	BT474:chr2:0-12798428:4	BT474	chr2	p	0	12798428	candidate_region_label	chromothripsis;BFB	region	candidate_region	5	9	9	candidate_region_with_context	12623	12798428	sv_attention	0.9698	0.999	HP1	0.7702	0.6936	69.0	10.0	3.7037	0.3732	C2	chromothripsis;BFB	chromothripsis:noncanonical;BFB:noncanonicalB	chromosome_arm	0	93989000	402	402	8	5	4	12798429	3.9067294900022493e-07	4.076894125052379	1894228.0	2364656.0	3750724.0	False	0.6	0.0	1	0	2	0	1	0	1	0	0	0	0	0	5	0	1.0	1.0			1	1	1.0	0	2	0	0	sample_residual	coords	1	0	chromothripsis:noncanonical;BFB:noncanonicalB	chromothripsis;BFB	3.996370553970337	0.9819496273994446	chromothripsis	0.2985646724700928	-0.8541421294212341	-5.051199436187744	0.00636092945933342	-2.8969576358795166	0.052304159849882126	-0.8541421294212341	0.2985646724700928	-2.5107641220092773	0.07510701566934586
BT474:chr3:94000001-96109704:5	BT474:chr3:94000001-96109704:5	BT474	chr3	q	94000001	96109704	candidate_region_label	BFB	region	candidate_region	1	1	1	candidate_region_with_context	96109703	96109704	sv_attention	0.3	0.0	HP2	-0.5	0.3333	0.0	10.0	3.0	1.0	C3	BFB	BFB:noncanonicalB	chromosome_arm	90951000	198250001	402	402	8	1	1	2109704	4.740001440960438e-07	4.0	2109704.0	2109704.0	2109704.0	False	0.0	0.0	0	0	0	0	1	0	0	0	0	0	0	0	1	0	1.0	1.0			0	0	1.0	0	0	0	0	sample_residual	coords	1	0	BFB:noncanonicalB	BFB	4.465808391571045	0.9886353015899658	BFB	0.17976610362529755	-1.5179330110549927	-5.578399181365967	0.0037643853574991226	-3.533822774887085	0.028365036472678185	-2.6008291244506836	0.06908508390188217	-1.5179330110549927	0.17976610362529755
BT474:chr4:75139194-78870225:6	BT474:chr4:75139194-78870225:6	BT474	chr4	q	75139194	78870225	candidate_region_label	Seismic_Amplification	region	candidate_region	11	27	27	candidate_region_with_context	75832960	78870225	sv_attention	1.0	0.8141	mixed_HP	0.4732	0.7971	98.0	15.0	4.3914	4.8492	C4	Seismic_Amplification	Seismic_Amplification:noncanonical	chromosome_arm	50494000	190200001	402	402	8	11	8	3731032	2.9482459544705057e-06	9.240580622197829	112115.5	150782.0	506924.5	False	0.1818181818181818	0.1	0	0	1	0	0	1	0	1	2	6	0	0	14	0					0	0	0.0	9	5	0	9	sample_residual	coords	1	0	Seismic_Amplification:noncanonical	Seismic_Amplification	4.335416316986084	0.9870728254318237	Seismic_Amplification	0.5809884667396545	0.32683229446411133	-2.51310396194458	0.0749446302652359	0.32683229446411133	0.5809884667396545	-3.3690736293792725	0.03327609598636627	-2.407616376876831	0.08259374648332596
BT474:chr4:177350069-190214555:7	BT474:chr4:177350069-190214555:7	BT474	chr4	q	177350069	190214555	candidate_region_label	Seismic_Amplification;BFB	region	candidate_region	11	24	24	candidate_region_with_context	178536529	190119438	sv_attention	1.0	0.9004	HP1	0.3992	0.1989	181.0	58.0	2.338	1.6645	C5	Seismic_Amplification;BFB	Seismic_Amplification:noncanonical;BFB:noncanonicalB	chromosome_arm	50494000	190200001	402	402	8	11	8	12864487	8.550671317091773e-07	4.000243927332664	120612.0	303357.0	1346385.5	False	0.4545454545454545	0.2	0	0	3	0	1	2	1	1	0	3	0	0	10	0	10.0	10.0			0	0	1.0	9	0	0	9	sample_residual	coords	1	0	Seismic_Amplification:noncanonical;BFB:noncanonicalB	Seismic_Amplification;BFB	5.3686137199401855	0.9953610301017761	BFB	0.2609702944755554	-1.0409315824508667	-1.2139514684677124	0.22900262475013733	-1.2828599214553833	0.2170638144016266	-2.8515167236328125	0.0546029694378376	-1.0409315824508667	0.2609702944755554
BT474:chr5:175902457-181538259:8		BT474	chr5	q	175902457	181538259	candidate_region_empty		empty_candidate_region	candidate_region	5	1	1	candidate_region_with_context	176370075	177719774	sv_attention	0.3	0.2395	HP1	0.4894	0.3192	7.0	0.0	1.0234	3.348	C6			chromosome_arm	48464000	181500001	402	402	8	5	4	5635803	8.871850204842149e-07	4.3553065996096745	168401.0	299219.0	1349698.0	False	0.4	0.25	0	0	1	1	1	1	0	1	0	0	0	0	4	0					0	4	0.0	0	0	0	0	sample_residual	coords	0	1			-1.032596230506897	0.26258108019828796	chromothripsis	0.27790263295173645	-0.9548892378807068	-2.680826187133789	0.0641142800450325	-1.6254271268844604	0.1644577533006668	-0.9548892378807068	0.27790263295173645	-3.689085006713867	0.024385351687669754
BT474:chr7:69449818-72861001:9	BT474:chr7:69449818-72861001:9	BT474	chr7	q	69449818	72861001	candidate_region_label	Seismic_Amplification	region	candidate_region	9	9	9	candidate_region_with_context	69988929	72861001	sv_attention	0.7447	0.842	HP1	0.4702	0.2936	45.0	0.0	1.7311	6.7013	C7	Seismic_Amplification	Seismic_Amplification:noncanonical	chromosome_arm	59904000	159300001	402	402	8	9	7	3411184	2.6383801049723496e-06	8.432390337196704	161710.0	210286.0	377403.0	False	0.4444444444444444	0.125	0	0	0	0	0	0	0	2	3	4	0	0	10	0					2	4	0.0	1	3	0	1	sample_residual	coords	1	0	Seismic_Amplification:noncanonical	Seismic_Amplification	3.4697697162628174	0.9698152542114258	Seismic_Amplification	0.7224750518798828	0.9567719101905823	-4.439956188201904	0.011658921837806702	0.9567719101905823	0.7224750518798828	-2.9710302352905273	0.04875192418694496	-2.9429783821105957	0.050069425255060196
BT474:chr8:70366367-80940353:10		BT474	chr8	q	70366367	80940353	candidate_region_empty		empty_candidate_region	candidate_region	6	8	8	candidate_region_with_context	70858037	80940353	sv_attention	0.9608	0.9535	mixed_HP	0.2373	0.1706	49.0	18.0	2.5119	3.8752	C8			chromosome_arm	45644000	145100001	402	402	8	6	6	10573987	5.674302417810803e-07	6.387125405015157	497664.0	858782.5	2940124.25	False	0.5	0.2	0	0	0	0	2	1	0	1	2	0	0	0	8	0					4	3	0.0	0	1	0	0	sample_residual	coords	0	1			0.00016608834266662598	0.5000415444374084	Seismic_Amplification	0.4124510586261749	-0.35384202003479004	-2.9960570335388184	0.04760432243347168	-0.35384202003479004	0.4124510586261749	-2.2470483779907227	0.09560436755418777	-3.8343772888183594	0.021157482638955116
BT474:chr9:32557750-37999999:11	BT474:chr9:32557750-37999999:11	BT474	chr9	p	32557750	37999999	candidate_region_label	BFB	region	candidate_region	5	14	14	candidate_region_with_context	34393241	35447014	sv_attention	0.8532	0.1936	HP1	0.7338	0.6451	58.0	0.0	2.2269	1.4799	C9	BFB	BFB:noncanonicalB	chromosome_arm	0	49224000	402	402	8	5	4	5442250	9.187376544627682e-07	3.706792594974505	396935.0	593951.0	1835493.0	False	0.4	0.25	1	1	0	1	1	0	0	0	0	1	0	0	5	0	1.0	5.0			1	0	4.0	0	0	0	0	sample_residual	coords	1	0	BFB:noncanonicalB	BFB	4.604664325714111	0.990094006061554	BFB	0.23290687799453735	-1.1919695138931274	-5.020841121673584	0.006555712781846523	-1.5757256746292114	0.17140167951583862	-3.7267298698425293	0.02350561134517193	-1.1919695138931274	0.23290687799453735
BT474:chr9:114665482-133000833:12	BT474:chr9:114665482-133000833:12	BT474	chr9	q	114665482	133000833	candidate_region_label	Seismic_Amplification;BFB	region	candidate_region	17	21	21	candidate_region_with_context	116953365	133000833	sv_attention	0.9999	0.8752	mixed_HP	0.0972	0.2679	115.0	62.0	2.8038	5.2903	C10	Seismic_Amplification;BFB	Seismic_Amplification:noncanonical;BFB:noncanonicalB	chromosome_arm	49224000	138350001	402	402	8	17	16	18335352	9.271706373567304e-07	8.094109510414635	256540.0	788531.0	1642662.0	False	0.2352941176470588	0.0	1	0	2	0	1	1	1	2	3	6	0	0	18	0	9.0	9.0			6	2	1.0	7	2	0	7	sample_residual	coords	1	0	Seismic_Amplification:noncanonical;BFB:noncanonicalB	Seismic_Amplification;BFB	4.9298295974731445	0.9928240776062012	Seismic_Amplification	0.47982001304626465	-0.0807638168334961	-1.843377709388733	0.13665230572223663	-0.0807638168334961	0.47982001304626465	-3.0881011486053467	0.04360074922442436	-1.5428544282913208	0.17612069845199585
BT474:chr11:0-4707947:13	BT474:chr11:0-4707947:13	BT474	chr11	p	0	4707947	candidate_region_label	BFB	region	candidate_region	1	1	1	candidate_region_with_context	4707946	4707947	sv_attention	0.3	0.0	HP1	0.6667	0.5556	6.0	0.0	0.0	0.0	C11	BFB	BFB:noncanonicalB	chromosome_arm	0	53714000	402	402	8	1	1	4707948	2.1240676405091986e-07	0.0	4707948.0	4707948.0	4707948.0	False	0.0	0.0	1	0	0	0	0	0	0	0	0	0	0	0	1	0	1.0	1.0			0	0	1.0	0	0	0	0	sample_residual	coords	1	0	BFB:noncanonicalB	BFB	4.099672794342041	0.9836922883987427	BFB	0.14557842910289764	-1.769709825515747	-5.314412593841553	0.00489607872441411	-3.8392608165740967	0.021056577563285828	-1.9090746641159058	0.12908484041690826	-1.769709825515747	0.14557842910289764
BT474:chr11:55000001-79871797:14	BT474:chr11:55000001-79871797:14	BT474	chr11	q	55000001	79871797	candidate_region_label	Seismic_Amplification	region	candidate_region	42	166	166	candidate_region_with_context	62274538	79871797	sv_attention	1.0	0.7075	mixed_HP	-0.2338	0.5887	226.0	448.0	3.766	4.1026	C12	Seismic_Amplification	Seismic_Amplification:noncanonical	chromosome_arm	53714000	135050001	402	402	8	42	30	24871797	1.6886596493208754e-06	7.86862424938576	77177.25	221991.5	741324.25	False	0.2619047619047619	0.073170731707317	1	2	1	1	1	4	0	0	12	20	0	0	45	0					9	17	0.0	10	9	0	10	sample_residual	coords	1	0	Seismic_Amplification:noncanonical	Seismic_Amplification	3.8262627124786377	0.9786738753318787	Seismic_Amplification	0.7081468105316162	0.8864007592201233	-1.1558303833007812	0.23942576348781586	0.8864007592201233	0.7081468105316162	-3.1965503692626953	0.0392957478761673	-2.3170418739318848	0.08972136676311493
BT474:chr11:99415081-103035786:15	BT474:chr11:99415081-103035786:15	BT474	chr11	q	99415081	103035786	candidate_region_label	Seismic_Amplification	region	candidate_region	4	5	5	candidate_region_with_context	99662802	103035786	sv_attention	0.7108	0.9316	mixed_HP	0.26	0.9772	59.0	15.0	4.9316	11.7636	C12	Seismic_Amplification	Seismic_Amplification:noncanonical	chromosome_arm	53714000	135050001	402	402	8	4	4	3620706	1.104756917573534e-06	16.695228223445923	621245.5	851279.0	1135210.0	False	0.75	0.3333333333333333	0	0	0	0	0	0	0	0	0	4	0	0	5	0					2	3	0.0	0	0	0	0	sample_residual	coords	1	0	Seismic_Amplification:noncanonical	Seismic_Amplification	1.1262896060943604	0.7551535367965698	Seismic_Amplification	0.6578081250190735	0.6535415649414062	-3.8469696044921875	0.020898262038826942	0.6535415649414062	0.6578081250190735	-2.8507981300354004	0.05464007332921028	-3.2382419109344482	0.037751708179712296
BT474:chr12:79130813-89476457:16	BT474:chr12:79130813-89476457:16	BT474	chr12	q	79130813	89476457	candidate_region_label	Seismic_Amplification;BFB	region	candidate_region	14	23	23	candidate_region_with_context	79926187	89476457	sv_attention	0.9802	0.9231	HP1	0.5966	0.4621	98.0	25.0	4.914	1.218	C13	Seismic_Amplification;BFB	Seismic_Amplification:canonical;BFB:noncanonicalB	chromosome_arm	35807000	133250001	402	402	8	14	10	10345645	1.3532264058934944e-06	6.131956586563718	80957.5	172424.5	793251.75	False	0.3571428571428571	0.1538461538461538	0	0	1	0	1	2	1	2	4	3	0	0	15	2	9.0	13.0	9.0	13.0	3	7	2.0	0	3	0	0	sample_residual	coords	1	0	Seismic_Amplification:canonical;BFB:noncanonicalB	Seismic_Amplification;BFB	5.365128040313721	0.9953449368476868	Seismic_Amplification	0.6322614550590515	0.5419307947158813	-2.609454870223999	0.06853239238262177	0.5419307947158813	0.6322614550590515	-4.087337970733643	0.016506804153323174	-1.2501028776168823	0.22268235683441162
BT474:chr14:86217710-91424394:17	BT474:chr14:86217710-91424394:17	BT474	chr14	q	86217710	91424394	candidate_region_label	Seismic_Amplification	region	candidate_region	5	22	22	candidate_region_with_context	89827748	91125401	sv_attention	0.9992	0.2492	mixed_HP	0.2908	0.836	42.0	14.0	4.508	5.8259	C14	Seismic_Amplification	Seismic_Amplification:noncanonical	chromosome_arm	17600000	107000001	402	402	8	5	5	5206685	9.60303916983647e-07	10.33392686517429	306428.0	1113060.0	1582718.0	False	0.6	0.5	0	0	0	0	0	0	0	0	2	3	0	0	6	0					1	1	0.0	2	2	0	2	sample_residual	coords	1	0	Seismic_Amplification:noncanonical	Seismic_Amplification	2.637749671936035	0.9332519769668579	Seismic_Amplification	0.642282247543335	0.5852833986282349	-2.849745273590088	0.054694484919309616	0.5852833986282349	0.642282247543335	-3.321197271347046	0.03485111519694328	-2.66721773147583	0.06493569910526276
BT474:chr15:21000001-34214736:18	BT474:chr15:21000001-34214736:18	BT474	chr15	q	21000001	34214736	candidate_region_label	ecDNA;Seismic_Amplification;BFB	region	candidate_region	27	48	48	candidate_region_with_context	23315940	33628116	sv_attention	0.9998	0.7804	mixed_HP	0.1856	0.7222	112.0	140.0	7.0041	0.8701	C15	ecDNA;Seismic_Amplification;BFB	ecDNA;Seismic_Amplification:noncanonical;BFB:noncanonicalB	chromosome_arm	19050000	101950001	402	402	8	27	25	13214736	2.0431736207215944e-06	7.874287159425659	159209.5	260739.0	500788.0	False	0.2962962962962963	0.1153846153846153	1	3	1	3	3	5	0	1	1	4	3	2	28	2	3.0	14.0	6.0	11.0	4	2	6.0	5	11	0	5	sample_residual	coords	1	0	ecDNA;Seismic_Amplification:noncanonical;BFB:noncanonicalB	ecDNA;Seismic_Amplification;BFB	6.335129261016846	0.9982302784919739	ecDNA	0.8482860922813416	1.7212214469909668	1.7212214469909668	0.8482860922813416	0.9935730695724487	0.7297930717468262	-5.045085430145264	0.006399690173566341	-1.1037170886993408	0.24904406070709229
BT474:chr17:35844582-71997176:19	BT474:chr17:35844582-71997176:19	BT474	chr17	q	35844582	71997176	candidate_region_label	ecDNA;Seismic_Amplification;BFB	region	candidate_region	106	168	168	candidate_region_with_context	37483134	71997176	sv_attention	1.0	0.9547	mixed_HP	0.0662	1.0	898.0	773.0	8.7143	7.9026	C16	ecDNA;Seismic_Amplification;BFB	ecDNA;Seismic_Amplification:noncanonical;BFB:noncanonicalB	chromosome_arm	25150000	83250001	402	402	8	105	64	36152595	2.932016360098079e-06	16.617031889412086	66729.5	136164.5	367607.0	False	0.1320754716981132	0.019047619047619	3	0	3	4	1	5	7	4	6	29	18	26	109	1	32.0	32.0	32.0	32.0	32	13	1.0	10	49	4	10	sample_residual	coords	1	0	ecDNA;Seismic_Amplification:noncanonical;BFB:noncanonicalB	ecDNA;Seismic_Amplification;BFB	5.803371429443359	0.996991753578186	ecDNA	0.9244551062583923	2.5044777393341064	2.5044777393341064	0.9244551062583923	0.7345197200775146	0.6757962703704834	-4.4085307121276855	0.012026650831103325	-1.022999882698059	0.26444345712661743
BT474:chr19:9837949-17541691:20	BT474:chr19:9837949-17541691:20	BT474	chr19	p	9837949	17541691	candidate_region_label	Seismic_Amplification;BFB	region	candidate_region	14	19	19	candidate_region_with_context	9838146	17541691	sv_attention	0.9998	1.0	mixed_HP	0.0699	0.8846	62.0	68.0	4.2038	2.254	C17	Seismic_Amplification;BFB	Seismic_Amplification:noncanonical;BFB:noncanonicalB	chromosome_arm	0	26260000	402	402	8	14	14	7703743	1.817298422338336e-06	6.45778772734241	179309.75	256192.5	507941.0	False	0.4285714285714285	0.2307692307692307	0	1	0	1	0	3	3	2	1	3	0	0	15	0	1.0	1.0			4	0	1.0	3	6	1	3	sample_residual	coords	1	0	Seismic_Amplification:noncanonical;BFB:noncanonicalB	Seismic_Amplification;BFB	4.66668701171875	0.9906842708587646	Seismic_Amplification	0.598623514175415	0.3997328281402588	-3.9172213077545166	0.01950816437602043	0.3997328281402588	0.598623514175415	-3.767381429672241	0.022590385749936104	-2.401132822036743	0.08308634907007217
BT474:chr20:32000001-64444167:21	BT474:chr20:32000001-64444167:21	BT474	chr20	q	32000001	64444167	candidate_region_label	ecDNA;Seismic_Amplification;BFB	region	candidate_region	80	119	119	candidate_region_with_context	33431769	64444167	sv_attention	1.0	0.9559	mixed_HP	0.0933	0.1837	479.0	150.0	2.551	19.2644	C16	ecDNA;Seismic_Amplification;BFB	ecDNA;Seismic_Amplification:noncanonical;BFB:noncanonicalB	chromosome_arm	28120000	64400001	402	402	8	79	59	32444167	2.4657745104073714e-06	21.788406711135472	96589.5	186942.5	411424.75	False	0.125	0.0126582278481012	6	1	4	3	1	2	0	2	5	11	15	30	78	0					21	17	0.0	21	16	3	21	sample_residual	coords	1	0	ecDNA;Seismic_Amplification:noncanonical;BFB:noncanonicalB	ecDNA;Seismic_Amplification;BFB	5.076185703277588	0.9937950372695923	ecDNA	0.8214797377586365	1.5264052152633667	1.5264052152633667	0.8214797377586365	-0.09635978937149048	0.4759286642074585	-3.9640581607818604	0.018632162362337112	-1.9849621057510376	0.12079086899757385
C33A:chr4:89023117-91166470:1		C33A	chr4	q	89023117	91166470	candidate_region_empty		empty_candidate_region	candidate_region	7	5	5	candidate_region_with_context	89992794	90506122	sv_attention	0.7279	0.2395	HP1	0.4152	0.2203	70.0	17.0	0.8929	0.8455	C1			chromosome_arm	50494000	190200001	402	402	8	7	6	2143354	3.265909411137871e-06	1.738382926945339	195575.5	234645.0	360174.0	False	0.7142857142857143	0.5	1	2	3	1	0	0	0	0	0	0	0	0	8	0					6	2	0.0	0	0	0	0	sample_residual	coords	0	1			-0.6400079727172852	0.34524473547935486	Seismic_Amplification	0.29731908440589905	-0.8600970506668091	-2.7656726837158203	0.05920759588479996	-0.8600970506668091	0.29731908440589905	-0.8825654983520508	0.2926464378833771	-3.352759599685669	0.033804912120103836
C33A:chr5:92726384-94878736:2		C33A	chr5	q	92726384	94878736	candidate_region_empty		empty_candidate_region	candidate_region	8	13	13	candidate_region_with_context	94123157	94878736	sv_attention	0.9965	0.351	HP1	0.6588	0.5451	167.0	11.0	1.2502	0.7933	C2			chromosome_arm	48464000	181500001	402	402	8	8	6	2152353	3.716862429164733e-06	2.043500764047533	108798.25	161991.0	246190.75	False	0.5	0.1428571428571428	1	1	2	1	2	1	0	0	0	0	0	0	9	0					4	5	0.0	0	0	0	0	sample_residual	coords	0	1			-0.812828540802002	0.3072880506515503	chromothripsis	0.39616602659225464	-0.42146581411361694	-3.0323657989501953	0.04598493129014969	-0.9564112424850464	0.2775972783565521	-0.42146581411361694	0.39616602659225464	-3.5665059089660645	0.02747802995145321
C33A:chr7:124475765-131164398:3	C33A:chr7:124475765-131164398:3	C33A	chr7	q	124475765	131164398	candidate_region_label	chromothripsis;BFB	region	candidate_region	7	8	8	candidate_region_with_context	127935310	128770815	sv_attention	0.8043	0.1249	mixed_HP	0.0733	0.3304	71.0	41.0	1.0149	1.9524	C3	chromothripsis;BFB	chromothripsis:noncanonical;BFB:noncanonicalB	chromosome_arm	59904000	159300001	402	402	8	7	5	6688634	1.0465515081255755e-06	2.9673715141238106	137696.5	743841.0	1729773.5	False	0.5714285714285714	0.1666666666666666	0	0	1	3	1	1	1	0	0	0	0	0	8	0	3.0	3.0			1	2	1.0	1	3	0	1	sample_residual	coords	1	0	chromothripsis:noncanonical;BFB:noncanonicalB	chromothripsis;BFB	4.706366062164307	0.9910433292388916	chromothripsis	0.2772800028324127	-0.9579939842224121	-3.9157984256744385	0.019535398110747337	-2.8180272579193115	0.05635775998234749	-0.9579939842224121	0.2772800028324127	-1.7636092901229858	0.14633888006210327
C33A:chr20:49956338-59003014:4		C33A	chr20	q	49956338	59003014	candidate_region_empty		empty_candidate_region	candidate_region	4	7	7	candidate_region_with_context	53624475	59003014	sv_attention	0.9184	0.5945	HP1	0.4948	0.3264	87.0	24.0	1.9682	0.9491	C4			chromosome_arm	28120000	64400001	402	402	8	4	4	9046677	4.421513004167165e-07	2.9172778026672117	388459.75	1978030.0	3851239.5	False	0.75	0.3333333333333333	0	1	0	2	1	0	0	0	0	0	0	0	5	0					2	0	0.0	3	0	0	3	sample_residual	coords	0	1			-2.033809185028076	0.11569862812757492	chromothripsis	0.3052898645401001	-0.8222329020500183	-2.165738344192505	0.10286965221166611	-2.016716718673706	0.11745892465114594	-0.8222329020500183	0.3052898645401001	-4.815759181976318	0.00803596992045641
C4I:chr11:100593185-103914705:1	C4I:chr11:100593185-103914705:1	C4I	chr11	q	100593185	103914705	candidate_region_label	BFB	region	candidate_region	2	3	3	candidate_region_with_context	102566220	103914705	sv_attention	0.8264	0.406	mixed_HP	-0.6559	0.6667	0.0	85.0	4.266	4.0	C1	BFB	BFB:noncanonicalB	chromosome_arm	53714000	135050001	402	402	8	2	2	3321521	6.021337814814358e-07	8.266029930263876	1272192.25	1660760.5	2049328.75	False	0.0	0.0	0	0	0	0	0	0	0	0	2	0	0	0	3	1	2.0	3.0	2.0	2.0	0	0	2.0	0	1	0	0	sample_residual	coords	1	0	BFB:noncanonicalB	BFB	5.395797252655029	0.9954849481582642	BFB	0.32919713854789734	-0.7118185758590698	-3.3747549057006836	0.03309382125735283	-0.7412475347518921	0.3227314054965973	-4.442168235778809	0.011633459478616714	-0.7118185758590698	0.32919713854789734
C4I:chr17:16773785-21999999:2	C4I:chr17:16773785-21999999:2	C4I	chr17	p	16773785	21999999	candidate_region_label	BFB	region	candidate_region	3	4	4	candidate_region_with_context	17229792	21999999	sv_attention	0.8785	0.9127	mixed_HP	0.1343	0.2	52.0	14.0	0.3065	2.1312	C2	BFB	BFB:noncanonicalB	chromosome_arm	0	25150000	402	402	8	3	3	5226215	5.74029197038392e-07	2.4377230940556407	342956.0	456009.0	2498156.5	False	0.6666666666666666	0.5	0	0	1	0	0	1	1	0	0	0	0	0	4	0	1.0	1.0			0	0	1.0	0	2	1	0	sample_residual	coords	1	0	BFB:noncanonicalB	BFB	4.5905442237854	0.9899545907974243	BFB	0.19777877628803253	-1.4002352952957153	-2.8978776931762695	0.05225857347249985	-2.5330679416656494	0.07357226312160492	-2.1559205055236816	0.10377926379442215	-1.4002352952957153	0.19777877628803253
C4I:chr18:0-14999999:3	C4I:chr18:0-14999999:3	C4I	chr18	p	0	14999999	candidate_region_label	chromothripsis;BFB	region	candidate_region	11	19	19	candidate_region_with_context	8350971	14999999	sv_attention	0.9998	0.4433	HP1	0.4471	0.2628	132.0	51.0	3.0512	1.1396	C3	chromothripsis;BFB	chromothripsis:canonical;BFB:noncanonicalB	chromosome_arm	0	18540000	402	402	8	11	10	15000000	7.333333333333333e-07	4.1908576	633822.5	865255.0	1294811.5	False	0.6363636363636364	0.5	0	0	1	2	4	1	3	0	0	0	0	0	10	0	3.0	3.0			3	3	1.0	0	3	0	0	sample_residual	coords	1	0	chromothripsis:canonical;BFB:noncanonicalB	chromothripsis;BFB	5.541429042816162	0.9960944056510925	chromothripsis	0.6533686518669128	0.6338797807693481	-5.182014465332031	0.005585309583693743	-3.733489513397217	0.023350954055786133	0.6338797807693481	0.6533686518669128	-2.1100399494171143	0.10812481492757797
CAPAN1:chr3:48716345-60308344:1		CAPAN1	chr3	p	48716345	60308344	candidate_region_empty		empty_candidate_region	candidate_region	5	7	7	candidate_region_with_context	48717202	56759455	sv_attention	0.9682	0.6938	mixed_HP	-0.0594	0.2261	11.0	13.0	2.6782	2.7403	C1			chromosome_arm	0	90951000	402	402	8	5	4	11592000	4.313319530710835e-07	5.418550897170462	225967.0	2831874.0	3551796.0	False	0.6	0.25	0	0	0	0	1	2	1	0	1	0	0	0	4	0					1	0	0.0	3	0	0	3	sample_residual	coords	0	1			-1.3918029069900513	0.19912010431289673	ecDNA	0.3539820909500122	-0.6015808582305908	-0.6015808582305908	0.3539820909500122	-1.4277633428573608	0.19344742596149445	-1.7043566703796387	0.15389712154865265	-4.055882453918457	0.017025306820869446
CAPAN1:chr7:81569598-101063738:2		CAPAN1	chr7	q	81569598	101063738	candidate_region_empty		empty_candidate_region	candidate_region	10	30	30	candidate_region_with_context	85231736	101063738	sv_attention	1.0	0.8121	HP2	-0.5674	0.4232	12.0	73.0	2.377	4.1079	C2			chromosome_arm	59904000	159335973	402	402	8	10	8	19494141	5.129746419706311e-07	6.484882970734643	654583.5	1645980.0	3266897.5	False	0.5	0.0	0	0	0	0	2	1	1	2	3	1	0	0	11	0					2	4	0.0	2	2	1	2	sample_residual	coords	0	1			0.5144563913345337	0.6258505582809448	Seismic_Amplification	0.5227800607681274	0.09118327498435974	-1.6356391906738281	0.1630593091249466	0.09118327498435974	0.5227800607681274	-2.329425096511841	0.08871512860059738	-3.776754379272461	0.02238435298204422
CAPAN1:chr8:37066357-40194350:3		CAPAN1	chr8	p	37066357	40194350	candidate_region_empty		empty_candidate_region	candidate_region	4	3	3	candidate_region_with_context	38702144	40194350	sv_attention	0.3463	0.477	HP1	0.5806	0.4408	0.0	0.0	1.6784	0.4454	C3			chromosome_arm	0	45644000	402	402	8	4	4	3127994	1.278774831409523e-06	2.1237256209570736	425250.75	696555.0	1053302.75	False	0.5	0.3333333333333333	0	1	1	1	1	0	0	0	0	0	0	0	5	0					4	0	0.0	0	1	0	0	sample_residual	coords	0	1			-2.7159616947174072	0.06203803792595863	chromothripsis	0.3124866783618927	-0.7885193228721619	-3.6288862228393555	0.025859279558062553	-1.3868454694747925	0.19991184771060944	-0.7885193228721619	0.3124866783618927	-4.556521415710449	0.010389442555606365
CAPAN1:chr17:39540592-43756142:4	CAPAN1:chr17:39540592-43756142:4	CAPAN1	chr17	q	39540592	43756142	candidate_region_label	Seismic_Amplification;chromothripsis	region	candidate_region	7	8	8	candidate_region_with_context	40485144	42996538	sv_attention	0.9103	0.5957	mixed_HP	-0.3468	0.3309	6.0	13.0	2.9928	5.6032	C4	Seismic_Amplification;chromothripsis	Seismic_Amplification:noncanonical;chromothripsis:noncanonicalB	chromosome_arm	25150000	83250001	402	402	8	7	4	4215551	1.660518399611344e-06	8.596020306716726	33003.5	684071.0	863159.5	False	0.7142857142857143	0.3333333333333333	0	0	0	0	0	1	0	0	5	1	0	0	8	0					3	0	0.0	5	0	0	5	sample_residual	coords	1	0	Seismic_Amplification:noncanonical;chromothripsis:noncanonicalB	Seismic_Amplification;chromothripsis	3.1923348903656006	0.9605448246002197	Seismic_Amplification	0.5454967617988586	0.1824917197227478	-2.1786389350891113	0.10168518126010895	0.1824917197227478	0.5454967617988586	-3.0201103687286377	0.04652557894587517	-2.9555885791778564	0.04947304725646973
CAPAN2:chr3:171842933-174865042:1	CAPAN2:chr3:171842933-174865042:1	CAPAN2	chr3	q	171842933	174865042	candidate_region_label	BFB	region	candidate_region	1	1	1	candidate_region_with_context	174865041	174865042	sv_attention	0.3	0.0	HP1	0.8095	0.746	13.0	0.0	5.0	2.0	C1	BFB	BFB:noncanonical	chromosome_arm	90951000	198250001	402	402	8	1	1	3022110	3.308946398377293e-07	7.0	3022110.0	3022110.0	3022110.0	False	0.0	0.0	0	0	0	0	0	0	0	1	0	0	0	0	2	1	2.0	2.0	2.0	2.0	0	0	1.0	1	0	0	1	sample_residual	coords	1	0	BFB:noncanonical	BFB	4.14120626449585	0.9843452572822571	BFB	0.33680716156959534	-0.6775553226470947	-3.340728998184204	0.034200068563222885	-3.005328893661499	0.047185707837343216	-3.315190553665161	0.03505372628569603	-0.6775553226470947	0.33680716156959534
CAPAN2:chr11:0-17181454:2		CAPAN2	chr11	p	0	17181454	candidate_region_empty		empty_candidate_region	candidate_region	10	16	16	candidate_region_with_context	3997118	17181454	sv_attention	0.9991	0.7674	mixed_HP	-0.1152	0.2	44.0	225.0	6.0656	0.0	C2			chromosome_arm	0	53714000	402	402	8	10	10	17181455	5.820228845577979e-07	6.065618540455392	748762.25	1452430.0	2965840.25	False	0.6	0.4444444444444444	0	0	0	1	1	2	3	3	0	0	0	0	9	0					2	0	0.0	0	7	0	0	sample_residual	coords	0	1			-1.554031252861023	0.17450478672981262	ecDNA	0.2985150218009949	-0.8543791770935059	-0.8543791770935059	0.2985150218009949	-1.3331109285354614	0.2086452692747116	-1.0022374391555786	0.26850172877311707	-4.505862712860107	0.010923420079052448
CAPAN2:chr19:10941884-15447707:3	CAPAN2:chr19:10941884-15447707:3	CAPAN2	chr19	p	10941884	15447707	candidate_region_label	BFB	region	candidate_region	3	4	4	candidate_region_with_context	15019700	15021398	sv_attention	0.6322	0.0004	HP1	0.8288	0.7717	38.0	0.0	1.0996	0.38	C3	BFB	BFB:noncanonicalB	chromosome_arm	0	26260000	402	402	8	3	2	4505824	6.658049670826024e-07	1.479534486921815	224337.0	428006.0	2242578.0	False	0.6666666666666666	0.5	0	1	1	0	0	0	1	0	0	0	0	0	4	0	3.0	3.0			2	0	1.0	0	1	0	0	sample_residual	coords	1	0	BFB:noncanonicalB	BFB	4.877930164337158	0.9924448132514954	BFB	0.193409264087677	-1.4280078411102295	-4.150916576385498	0.015505758114159107	-2.7353665828704834	0.060918428003787994	-2.8268871307373047	0.05588842183351517	-1.4280078411102295	0.193409264087677
CERV186:chr1:151000001-161727469:1		CERV186	chr1	q	151000001	161727469	candidate_region_empty		empty_candidate_region	candidate_region	7	17	17	candidate_region_with_context	155604037	161727469	sv_attention	0.9992	0.5708	HP2	-0.3137	0.085	5.0	335.0	7.4552	0.0	C1			chromosome_arm	123459000	248950001	402	402	8	7	5	10727469	6.525304337863852e-07	7.455178197205697	172961.0	731958.0	2520846.5	False	0.5714285714285714	0.1666666666666666	0	0	2	1	2	0	0	0	0	2	0	0	8	0					2	3	0.0	1	2	0	1	sample_residual	coords	0	1			0.048396795988082886	0.5120968222618103	Seismic_Amplification	0.33946648240089417	-0.6656725406646729	-3.09909725189209	0.04314450919628143	-0.6656725406646729	0.33946648240089417	-0.991183340549469	0.27067840099334717	-3.706526041030884	0.023973841220140457
CERV186:chr17:0-5345937:2	CERV186:chr17:0-5345937:2	CERV186	chr17	p	0	5345937	candidate_region_label	chromothripsis	region	candidate_region	5	9	9	candidate_region_with_context	165958	5345937	sv_attention	0.6696	0.969	mixed_HP	0.1673	0.4792	58.0	38.0	1.16	0.9776	C2	chromothripsis	chromothripsis:noncanonicalB	chromosome_arm	0	25150000	402	402	8	5	4	5345938	9.352895600360498e-07	2.1376712561948903	132285.0	557298.0	826074.0	True	1.0	1.0	0	0	2	3	0	0	0	0	0	0	0	0	6	0					3	0	0.0	3	0	0	3	sample_residual	coords	1	0	chromothripsis:noncanonicalB	chromothripsis	4.462462425231934	0.9885975122451782	chromothripsis	0.3446945548057556	-0.6424427628517151	-4.655142784118652	0.009422918781638145	-3.208875894546509	0.03883306682109833	-0.6424427628517151	0.3446945548057556	-3.0872344970703125	0.043636903166770935
CERV186:chrX:81324920-84146119:3		CERV186	chrX	q	81324920	84146119	candidate_region_empty		empty_candidate_region	candidate_region	4	5	5	candidate_region_with_context	82620148	84146119	sv_attention	0.7223	0.5409	HP2	-0.3333	0.1111	0.0	19.0	1.6573	0.0	C3			chromosome_arm	61090000	156000001	402	402	8	4	4	2821200	1.417836381681554e-06	1.6572550687650645	281541.75	692318.5	1116076.75	False	0.75	0.3333333333333333	0	1	2	1	0	0	0	0	0	0	0	0	5	0					1	1	0.0	2	0	1	2	sample_residual	coords	0	1			-1.0816446542739868	0.2531949281692505	chromothripsis	0.285896897315979	-0.9153961539268494	-4.9149603843688965	0.00728258304297924	-1.475203275680542	0.18615302443504333	-0.9153961539268494	0.285896897315979	-3.8497681617736816	0.020841076970100403
CERV186:chrX:144991991-156040895:4		CERV186	chrX	q	144991991	156040895	candidate_region_empty		empty_candidate_region	candidate_region	5	2	2	candidate_region_with_context	151174611	151174612	sv_attention	0.3314	0.0	mixed_HP	0.1667	0.375	3.0	5.0	1.5134	0.0	C4			chromosome_arm	61090000	156000001	402	402	8	5	5	11048905	4.52533531603358e-07	1.515194401617174	589848.0	933823.0	4551179.0	False	0.8	0.5	1	2	2	0	0	0	0	0	0	0	0	0	5	0					2	2	0.0	1	0	0	1	sample_residual	coords	0	1			-1.366683840751648	0.20315614342689514	chromothripsis	0.35159966349601746	-0.6120151281356812	-2.875422239303589	0.053381990641355515	-2.1028194427490234	0.10882309079170227	-0.6120151281356812	0.35159966349601746	-4.219561576843262	0.014491984620690346
CERV196:chr11:31804012-50999999:1	CERV196:chr11:31804012-50999999:1	CERV196	chr11	p	31804012	50999999	candidate_region_label	Seismic_Amplification	region	candidate_region	23	56	56	candidate_region_with_context	31804846	49747804	sv_attention	1.0	0.9347	HP1	0.9277	0.9036	1566.0	69.0	10.686	0.2627	C1	Seismic_Amplification	Seismic_Amplification:noncanonical	chromosome_arm	0	53714000	402	402	8	23	20	19195988	1.1981670336530738e-06	10.948722358026062	340194.0	667111.0	1191307.5	False	0.3043478260869565	0.1363636363636363	0	2	3	0	1	1	1	1	0	13	1	0	24	0					7	3	0.0	9	3	2	9	sample_residual	coords	1	0	Seismic_Amplification:noncanonical	Seismic_Amplification	3.144948959350586	0.9587092399597168	Seismic_Amplification	0.4215506613254547	-0.31641101837158203	-1.370945692062378	0.20246708393096924	-0.31641101837158203	0.4215506613254547	-3.0727365016937256	0.04424596205353737	-3.001391887664795	0.04736303165555
CERV196:chr13:19000001-36658956:2	CERV196:chr13:19000001-36658956:2	CERV196	chr13	q	19000001	36658956	candidate_region_label	BFB	region	candidate_region	11	17	17	candidate_region_with_context	23594957	34731602	sv_attention	0.9975	0.6307	HP1	0.7958	0.7278	459.0	69.0	3.7178	0.1748	C2	BFB	BFB:noncanonicalB	chromosome_arm	17900000	114350001	402	402	8	10	9	17658956	6.229133817423861e-07	3.892593480611198	236716.0	715766.0	1571399.5	False	0.4545454545454545	0.2	2	0	3	2	1	1	0	0	2	0	0	0	12	1	9.0	11.0	11.0	11.0	2	2	3.0	2	2	1	2	sample_residual	coords	1	0	BFB:noncanonicalB	BFB	6.7638325691223145	0.9988465309143066	BFB	0.22081634402275085	-1.2609153985977173	-2.4230942726135254	0.08142850548028946	-1.72941255569458	0.15066273510456085	-2.7981135845184326	0.057426195591688156	-1.2609153985977173	0.22081634402275085
CERV215:chr8:36884526-42999999:1	CERV215:chr8:36884526-42999999:1	CERV215	chr8	p	36884526	42999999	candidate_region_label	chromothripsis;BFB	region	candidate_region	4	5	5	candidate_region_with_context	37504924	38878405	sv_attention	0.7769	0.2246	mixed_HP	-0.0475	0.3	4.0	8.0	2.0865	0.6512	C1	chromothripsis;BFB	chromothripsis:noncanonicalB;BFB:noncanonical	chromosome_arm	0	45644000	402	402	8	4	4	6115474	6.540784900728872e-07	2.7376895069785268	594919.5	731243.0	1665192.25	True	0.75	0.6666666666666666	0	0	1	0	2	1	0	0	0	0	0	0	4	1	4.0	4.0	4.0	4.0	0	0	1.0	1	0	2	1	sample_residual	coords	1	0	chromothripsis:noncanonicalB;BFB:noncanonical	chromothripsis;BFB	5.047260761260986	0.993614137172699	chromothripsis	0.22528260946273804	-1.235142707824707	-3.8315014839172363	0.021217120811343193	-3.1097381114959717	0.042707350105047226	-1.235142707824707	0.22528260946273804	-1.8410879373550415	0.1369226723909378
CERV215:chr11:93422105-102966723:2	CERV215:chr11:93422105-102966723:2	CERV215	chr11	q	93422105	102966723	candidate_region_label	ecDNA;Seismic_Amplification;BFB	region	candidate_region	7	14	14	candidate_region_with_context	101295179	102447260	sv_attention	0.9617	0.1207	mixed_HP	-0.5189	0.2388	75.0	258.0	2.7164	7.301	C2	ecDNA;Seismic_Amplification;BFB	ecDNA;Seismic_Amplification:noncanonical;BFB:noncanonical	chromosome_arm	53714000	135050001	402	402	8	7	7	9544619	7.333975300637983e-07	10.017447632011294	443252.5	593254.0	2140843.5	False	0.2857142857142857	0.1666666666666666	0	0	0	0	1	1	1	0	1	0	2	1	8	2	4.0	8.0	7.0	8.0	0	0	5.0	3	0	0	3	sample_residual	coords	1	0	ecDNA;Seismic_Amplification:noncanonical;BFB:noncanonical	ecDNA;Seismic_Amplification;BFB	5.529472827911377	0.9960475564002991	ecDNA	0.8695432543754578	1.8969264030456543	1.8969264030456543	0.8695432543754578	0.30064254999160767	0.57459956407547	-4.912206649780273	0.007302519399672747	-0.20879213511943817	0.4479908049106598
CERV215:chr17:36651110-47994380:3	CERV215:chr17:36651110-47994380:3	CERV215	chr17	q	36651110	47994380	candidate_region_label	BFB	region	candidate_region	11	20	20	candidate_region_with_context	36656119	47994380	sv_attention	0.9999	0.9996	HP2	-0.4723	0.2964	8.0	112.0	1.5408	0.8001	C3	BFB	BFB:noncanonicalB	chromosome_arm	25150000	83250001	402	402	8	11	11	11343271	9.697379177487693e-07	2.3409416031760157	234593.0	444301.0	1549450.0	False	0.5454545454545454	0.4	0	3	2	3	2	1	0	0	0	0	0	0	12	0	1.0	1.0			6	0	1.0	0	5	0	0	sample_residual	coords	1	0	BFB:noncanonicalB	BFB	5.010808944702148	0.9933786392211914	chromothripsis	0.17843514680862427	-1.5269856452941895	-3.155073881149292	0.04089181870222092	-2.2092413902282715	0.09892367571592331	-1.5269856452941895	0.17843514680862427	-2.0775411128997803	0.11129893362522125
CERV215:chr22:19000001-26749456:4		CERV215	chr22	q	19000001	26749456	candidate_region_empty		empty_candidate_region	candidate_region	9	14	14	candidate_region_with_context	19034297	26749456	sv_attention	0.9975	0.9956	mixed_HP	-0.009	0.2	36.0	112.0	4.8615	0.0	C4			chromosome_arm	15050000	50807217	402	402	8	9	6	7749456	1.1613718433913297e-06	4.861458662388689	43711.0	280930.0	930412.0	False	0.5555555555555556	0.125	1	0	0	1	2	3	1	1	0	0	0	0	6	0					0	1	0.0	2	3	0	2	sample_residual	coords	0	1			-1.7302881479263306	0.1505507230758667	chromothripsis	0.3982768654823303	-0.4126500189304352	-2.2825520038604736	0.09257835149765015	-2.1554107666015625	0.10382669419050217	-0.4126500189304352	0.3982768654823303	-4.751794338226318	0.00856224074959755
CFPAC1:chr4:169433769-174050891:1	CFPAC1:chr4:169433769-174050891:1	CFPAC1	chr4	q	169433769	174050891	candidate_region_label	chromothripsis	region	candidate_region	4	10	10	candidate_region_with_context	173701222	174050890	sv_attention	0.9817	0.0757	HP2	-0.4957	0.3276	0.0	85.0	1.8225	0.5869	C1	chromothripsis	chromothripsis:noncanonicalB	chromosome_arm	50494000	190200001	402	402	8	4	4	4617123	8.663403595702346e-07	2.409419242242409	1020498.0	1175942.5	1309725.25	True	0.75	0.6666666666666666	0	1	1	2	0	0	0	0	0	0	0	0	5	0					2	0	0.0	1	2	0	1	sample_residual	coords	1	0	chromothripsis:noncanonicalB	chromothripsis	3.5779032707214355	0.9728249311447144	chromothripsis	0.3869272768497467	-0.4602468013763428	-3.418851613998413	0.03171147406101227	-2.8262572288513184	0.05592166632413864	-0.4602468013763428	0.3869272768497467	-2.592108964920044	0.06964800506830215
CFPAC1:chr8:34116445-37127717:2	CFPAC1:chr8:34116445-37127717:2	CFPAC1	chr8	p	34116445	37127717	candidate_region_label	BFB	region	candidate_region	1	4	4	candidate_region_with_context	34146806	34147348	sv_attention	0.6235	0.0002	mixed_HP	0.2381	0.3	19.0	9.0	2.0	2.0	C2	BFB	BFB:noncanonicalB	chromosome_arm	0	45644000	402	402	8	1	1	3011273	3.320854668440889e-07	4.0	3011273.0	3011273.0	3011273.0	False	0.0	0.0	0	0	0	0	1	0	0	0	0	0	0	0	2	0	1.0	1.0			0	0	1.0	1	0	0	1	sample_residual	coords	1	0	BFB:noncanonicalB	BFB	3.5567874908447266	0.9722610712051392	BFB	0.2086818516254425	-1.332889199256897	-4.325847148895264	0.013049794360995293	-3.5672051906585693	0.02745934948325157	-2.7836086750030518	0.058216389268636703	-1.332889199256897	0.2086818516254425
CFPAC1:chr8:125817166-128418242:3	CFPAC1:chr8:125817166-128418242:3	CFPAC1	chr8	q	125817166	128418242	candidate_region_label	BFB	region	candidate_region	3	3	3	candidate_region_with_context	126163566	127915578	sv_attention	0.3	0.6736	HP1	0.8927	0.857	6.0	0.0	4.5197	0.8668	C3	BFB	BFB:noncanonical	chromosome_arm	45644000	145100001	402	402	8	3	3	2601077	1.1533683931694448e-06	5.386503744410488	611204.0	876006.0	1127337.5	False	0.6666666666666666	0.5	0	0	0	1	0	1	0	1	0	0	0	0	4	1	4.0	4.0	4.0	4.0	2	0	1.0	0	1	0	0	sample_residual	coords	1	0	BFB:noncanonical	BFB	5.268803119659424	0.9948766827583313	BFB	0.4707571566104889	-0.1171051412820816	-2.714479446411133	0.0621243417263031	-1.6878868341445923	0.15605394542217255	-4.040253639221191	0.017288846895098686	-0.1171051412820816	0.4707571566104889
CFPAC1:chr11:45868884-50999999:4	CFPAC1:chr11:45868884-50999999:4	CFPAC1	chr11	p	45868884	50999999	candidate_region_label	chromothripsis	region	candidate_region	6	9	9	candidate_region_with_context	45884966	50999999	sv_attention	0.924	0.9969	mixed_HP	-0.0975	0.4608	80.0	124.0	2.0495	1.5497	C4	chromothripsis	chromothripsis:noncanonical	chromosome_arm	0	53714000	402	402	8	6	5	5131116	1.1693362613513318e-06	3.5992487794078327	377103.75	864966.5	1240974.25	True	0.8333333333333334	0.6	0	0	0	2	3	1	0	0	0	0	0	0	4	0					0	1	0.0	0	3	0	0	sample_residual	coords	1	0	chromothripsis:noncanonical	chromothripsis	2.732638120651245	0.9389252662658691	chromothripsis	0.48347046971321106	-0.06614226847887039	-3.8554630279541016	0.020725181326270103	-2.9912309646606445	0.04782360792160034	-0.06614226847887039	0.48347046971321106	-3.0705013275146484	0.044340580701828
CFPAC1:chr11:79558920-116268542:5	CFPAC1:chr11:79558920-116268542:5	CFPAC1	chr11	q	79558920	116268542	candidate_region_label	chromothripsis	region	candidate_region	50	106	106	candidate_region_with_context	79562454	116268542	sv_attention	1.0	0.9999	HP2	-0.3981	0.1974	107.0	581.0	1.872	1.2909	C4	chromothripsis	chromothripsis:noncanonical	chromosome_arm	53714000	135050001	402	402	8	50	37	36709623	1.3620406834469534e-06	3.162834633305823	115985.25	470350.0	791763.5	True	0.76	0.5510204081632653	2	3	5	22	16	2	0	0	0	0	0	0	51	0					8	15	0.0	0	28	0	0	sample_residual	coords	1	0	chromothripsis:noncanonical	chromothripsis	3.7736282348632812	0.9775471687316895	chromothripsis	0.7658349871635437	1.1849408149719238	-3.221438407897949	0.038366880267858505	-2.3741610050201416	0.0851643830537796	1.1849408149719238	0.7658349871635437	-2.7839839458465576	0.0581958144903183
CFPAC1:chr11:126340678-135086622:6	CFPAC1:chr11:126340678-135086622:6	CFPAC1	chr11	q	126340678	135086622	candidate_region_label	chromothripsis	region	candidate_region	19	40	40	candidate_region_with_context	127035792	135086622	sv_attention	1.0	0.9205	HP2	-0.4963	0.3284	23.0	194.0	2.0351	1.7088	C4	chromothripsis	chromothripsis:noncanonical	chromosome_arm	53714000	135050001	402	402	8	19	11	8745945	2.172435340034725e-06	3.7365428207014793	58502.5	173180.0	569143.0	False	0.7368421052631579	0.5	0	0	1	8	6	4	0	0	0	0	0	0	23	0					10	7	0.0	0	6	0	0	sample_residual	coords	1	0	chromothripsis:noncanonical	chromothripsis	3.2655105590820312	0.9632264375686646	chromothripsis	0.6163563132286072	0.47411102056503296	-2.708611011505127	0.062467146664857864	-2.1051597595214844	0.1085963249206543	0.47411102056503296	0.6163563132286072	-2.481205463409424	0.07718629390001297
CFPAC1:chr12:23200844-26346628:7	CFPAC1:chr12:23200844-26346628:7	CFPAC1	chr12	p	23200844	26346628	candidate_region_label	BFB	region	candidate_region	1	8	8	candidate_region_with_context	23220204	25551766	sv_attention	0.7468	0.7412	mixed_HP	0.0598	0.359	98.0	58.0	2.0	4.0	C5	BFB	BFB:noncanonical	chromosome_arm	0	35807000	402	402	8	1	1	3145785	3.178856787733428e-07	6.0	3145785.0	3145785.0	3145785.0	False	0.0	0.0	0	0	0	0	0	0	1	0	0	0	0	0	2	1	2.0	2.0	2.0	2.0	0	0	1.0	0	1	0	0	sample_residual	coords	1	0	BFB:noncanonical	BFB	5.1150431632995605	0.9940301179885864	BFB	0.32431867718696594	-0.7339950203895569	-4.848297119140625	0.007780705112963915	-3.179551839828491	0.03994251415133476	-3.0994880199432373	0.04312837868928909	-0.7339950203895569	0.32431867718696594
CFPAC1:chr12:75477540-85934539:8	CFPAC1:chr12:75477540-85934539:8	CFPAC1	chr12	q	75477540	85934539	candidate_region_label	chromothripsis	region	candidate_region	6	12	12	candidate_region_with_context	75532746	85934539	sv_attention	0.9933	0.9947	HP2	-0.9407	0.921	6.0	129.0	0.0	3.5053	C6	chromothripsis	chromothripsis:noncanonicalB	chromosome_arm	35807000	133250001	402	402	8	6	5	10457000	5.737783303050588e-07	3.5053045806636702	742280.0	955768.0	2462913.75	True	0.8333333333333334	0.8	0	0	3	0	2	1	0	0	0	0	0	0	8	0					3	0	0.0	4	1	0	4	sample_residual	coords	1	0	chromothripsis:noncanonicalB	chromothripsis	4.222093105316162	0.9855441451072693	chromothripsis	0.39262548089027405	-0.43628960847854614	-2.6937317848205566	0.06334424763917923	-3.0507965087890625	0.045183099806308746	-0.43628960847854614	0.39262548089027405	-2.7438108921051025	0.060437146574258804
CFPAC1:chr17:37492981-44235604:9	CFPAC1:chr17:37492981-44235604:9	CFPAC1	chr17	q	37492981	44235604	candidate_region_label	Seismic_Amplification;BFB	region	candidate_region	7	11	11	candidate_region_with_context	37493676	44235604	sv_attention	0.9895	0.9999	mixed_HP	0.0559	0.4304	97.0	61.0	2.1226	3.841	C7	Seismic_Amplification;BFB	Seismic_Amplification:noncanonical;BFB:noncanonicalB	chromosome_arm	25150000	83250001	402	402	8	7	6	6742624	1.0381714893192917e-06	5.963621877773401	413458.0	808033.0	1538104.5	False	0.4285714285714285	0.0	0	0	0	1	1	1	1	2	1	0	0	0	8	1	3.0	3.0	3.0	3.0	1	3	1.0	1	2	0	1	sample_residual	coords	1	0	Seismic_Amplification:noncanonical;BFB:noncanonicalB	Seismic_Amplification;BFB	6.130102634429932	0.9978283047676086	Seismic_Amplification	0.28780439496040344	-0.9060714840888977	-3.1662731170654297	0.040454842150211334	-0.9060714840888977	0.28780439496040344	-3.8682775497436523	0.020466692745685577	-1.1653562784194946	0.23769539594650269
CFPAC1:chr17:68423151-72496082:10	CFPAC1:chr17:68423151-72496082:10	CFPAC1	chr17	q	68423151	72496082	candidate_region_label	Seismic_Amplification;BFB	region	candidate_region	4	13	13	candidate_region_with_context	68423193	69115243	sv_attention	0.9955	0.1699	HP1	0.3551	0.1402	41.0	9.0	1.8416	2.8478	C7	Seismic_Amplification;BFB	Seismic_Amplification:noncanonical;BFB:noncanonicalB	chromosome_arm	25150000	83250001	402	402	8	4	2	4072932	9.820934894076309e-07	4.689454918471509	40048.75	335219.0	1313403.25	False	0.5	0.3333333333333333	0	0	1	1	0	1	1	0	0	0	0	0	8	0	7.0	7.0			2	1	1.0	0	3	1	0	sample_residual	coords	1	0	Seismic_Amplification:noncanonical;BFB:noncanonicalB	Seismic_Amplification;BFB	5.568801403045654	0.9961994290351868	BFB	0.21786531805992126	-1.2781498432159424	-3.2878763675689697	0.03598944842815399	-1.7878631353378296	0.14333491027355194	-2.799872398376465	0.05733107030391693	-1.2781498432159424	0.21786531805992126
CaSki:chr5:23506772-35239312:1	CaSki:chr5:23506772-35239312:1	CaSki	chr5	p	23506772	35239312	candidate_region_label	BFB	region	candidate_region	4	7	7	candidate_region_with_context	27795095	27955455	sv_attention	0.918	0.0137	mixed_HP	0.5137	0.45	23.0	5.0	5.6474	3.3499	C1	BFB	BFB:noncanonicalB	chromosome_arm	0	48464000	402	402	8	4	4	11732541	3.409321135123244e-07	8.997265894915689	2430759.5	3648111.0	4150486.75	False	0.75	0.3333333333333333	0	0	0	0	0	0	0	0	4	0	0	0	5	0	3.0	3.0			0	0	1.0	4	0	0	4	sample_residual	coords	1	0	BFB:noncanonicalB	BFB	4.0798845291137695	0.9833717942237854	Seismic_Amplification	0.2129470556974411	-1.307252049446106	-1.526376724243164	0.1785244345664978	-1.307252049446106	0.2129470556974411	-3.5291032791137695	0.02849539928138256	-1.5093387365341187	0.1810368150472641
CaSki:chr6:20537162-26063624:2	CaSki:chr6:20537162-26063624:2	CaSki	chr6	p	20537162	26063624	candidate_region_label	chromothripsis	region	candidate_region	4	2	2	candidate_region_with_context	23447076	23447077	sv_attention	0.3	0.0	mixed_HP	0.2222	0.2021	6.0	3.0	2.6064	2.6064	C2	chromothripsis	chromothripsis:noncanonicalB	chromosome_arm	0	60589000	402	402	8	4	4	5526463	7.237902434160873e-07	5.212805369365542	711767.5	1133495.5	1803343.75	True	1.0	1.0	0	0	0	0	2	0	2	0	0	0	0	0	5	0					0	3	0.0	1	1	0	1	sample_residual	coords	1	0	chromothripsis:noncanonicalB	chromothripsis	3.212144374847412	0.9612886905670166	chromothripsis	0.4474337697029114	-0.2110447883605957	-3.7173328399658203	0.023722270503640175	-3.353220224380493	0.033789873123168945	-0.2110447883605957	0.4474337697029114	-2.8778271675109863	0.05326059088110924
CaSki:chr6:63000001-65710352:3	CaSki:chr6:63000001-65710352:3	CaSki	chr6	q	63000001	65710352	candidate_region_label	Seismic_Amplification	region	candidate_region	9	11	11	candidate_region_with_context	63679868	65385358	sv_attention	0.9237	0.6293	mixed_HP	-0.5436	0.8301	7.0	87.0	5.1796	4.4904	C3	Seismic_Amplification	Seismic_Amplification:noncanonical	chromosome_arm	60589000	170800001	402	402	8	9	7	2710352	3.320601899679451e-06	9.670066471070916	104255.0	278971.0	394193.0	False	0.4444444444444444	0.125	0	0	0	0	0	0	0	2	3	4	0	0	9	0					0	5	0.0	1	3	0	1	sample_residual	coords	1	0	Seismic_Amplification:noncanonical	Seismic_Amplification	3.4660444259643555	0.9697060585021973	Seismic_Amplification	0.6984278559684753	0.83982253074646	-3.6439013481140137	0.02548372372984886	0.83982253074646	0.6984278559684753	-3.1168487071990967	0.04241758584976196	-2.7955636978149414	0.057564377784729004
CaSki:chr7:45937204-57999999:4	CaSki:chr7:45937204-57999999:4	CaSki	chr7	p	45937204	57999999	candidate_region_label	BFB	region	candidate_region	8	13	13	candidate_region_with_context	50305770	57999999	sv_attention	0.9959	0.6378	HP1	0.6588	0.5451	35.0	8.0	5.5158	0.8955	C4	BFB	BFB:noncanonicalB	chromosome_arm	0	59904000	402	402	8	8	7	12062796	6.631961611553408e-07	6.411267586718701	489757.75	786635.5	2023042.75	False	0.625	0.1428571428571428	0	0	0	0	0	1	3	1	3	0	0	0	9	0	1.0	4.0			1	1	2.0	3	2	0	3	sample_residual	coords	1	0	BFB:noncanonicalB	BFB	4.518970489501953	0.9892172813415527	Seismic_Amplification	0.3763259947299957	-0.505172073841095	-3.1333413124084473	0.04175271838903427	-0.505172073841095	0.3763259947299957	-3.371454954147339	0.033199578523635864	-1.4721497297286987	0.18661607801914215
CaSki:chr11:99652394-104394528:5	CaSki:chr11:99652394-104394528:5	CaSki	chr11	q	99652394	104394528	candidate_region_label	Seismic_Amplification;BFB	region	candidate_region	4	7	7	candidate_region_with_context	100567651	101989131	sv_attention	0.8825	0.2998	HP1	0.9827	0.9769	45.0	0.0	19.1709	0.512	C5	Seismic_Amplification;BFB	Seismic_Amplification:canonical;BFB:noncanonical	chromosome_arm	53714000	135050001	402	402	8	4	4	4742135	8.435019247659546e-07	19.682881444750095	736224.0	1052496.0	1501805.75	False	0.5	0.3333333333333333	0	0	0	0	0	0	0	0	1	1	2	0	5	1	1.0	5.0	5.0	5.0	0	0	3.0	0	1	1	0	sample_residual	coords	1	0	Seismic_Amplification:canonical;BFB:noncanonical	Seismic_Amplification;BFB	5.242935657501221	0.9947431087493896	Seismic_Amplification	0.7588791251182556	1.1465439796447754	0.46533629298210144	0.6142793297767639	1.1465439796447754	0.7588791251182556	-4.971599102020264	0.0068843308836221695	-0.5015047788619995	0.3771871030330658
CaSki:chr22:19000001-28664067:6		CaSki	chr22	q	19000001	28664067	candidate_region_empty		empty_candidate_region	candidate_region	6	5	5	candidate_region_with_context	24685816	28664067	sv_attention	0.3	0.4117	mixed_HP	0.1164	0.5833	28.0	20.0	2.0	1.9375	C6			chromosome_arm	15050000	50800001	402	402	8	6	5	9664067	6.208566227862451e-07	3.937540685510562	1523131.75	1689033.5	2089431.0	True	0.8333333333333334	0.6	0	0	0	1	3	2	0	0	0	0	0	0	6	0					0	2	0.0	3	1	0	3	sample_residual	coords	0	1			2.2018442153930664	0.9004149436950684	chromothripsis	0.5297409296035767	0.11910449713468552	-2.87324857711792	0.05349193513393402	-3.275933027267456	0.03640612214803696	0.11910449713468552	0.5297409296035767	-3.122593402862549	0.04218486323952675
CaSki:chrX:80448062-86099488:7	CaSki:chrX:80448062-86099488:7	CaSki	chrX	q	80448062	86099488	candidate_region_label	Seismic_Amplification;BFB	region	candidate_region	6	7	7	candidate_region_with_context	80507539	85738904	sv_attention	0.9179	0.9257	HP1	0.8863	0.8484	118.0	11.0	5.0908	0.0	C7	Seismic_Amplification;BFB	Seismic_Amplification:noncanonical;BFB:noncanonicalB	chromosome_arm	61090000	156000001	402	402	8	6	4	5651427	1.0616787583029917e-06	5.090849974705503	195717.0	807461.0	1251325.75	False	0.5	0.0	0	0	1	1	0	0	0	0	3	1	0	0	7	1	2.0	2.0	2.0	2.0	2	0	1.0	2	2	0	2	sample_residual	coords	1	0	Seismic_Amplification:noncanonical;BFB:noncanonicalB	Seismic_Amplification;BFB	5.059849262237549	0.9936935305595398	Seismic_Amplification	0.6284980177879333	0.525778591632843	-1.4018634557724	0.19752056896686554	0.525778591632843	0.6284980177879333	-4.344851493835449	0.012807280756533146	-1.1470829248428345	0.24102230370044708
DOTC2:chr1:50777662-67572663:1	DOTC2:chr1:50777662-67572663:1	DOTC2	chr1	p	50777662	67572663	candidate_region_label	Seismic_Amplification;BFB	region	candidate_region	12	36	36	candidate_region_with_context	64409477	67572663	sv_attention	1.0	0.1883	HP2	-0.3293	0.1057	38.0	159.0	3.3916	2.0759	C1	Seismic_Amplification;BFB	Seismic_Amplification:noncanonical;BFB:noncanonicalB	chromosome_arm	0	123459000	402	402	8	11	10	16795002	7.144982775232775e-07	5.467586309307971	153306.5	723948.5	1818625.75	False	0.5	0.2727272727272727	0	0	0	0	3	3	2	2	2	0	0	0	13	0	1.0	11.0			1	1	2.0	4	5	0	4	sample_residual	coords	1	0	Seismic_Amplification:noncanonical;BFB:noncanonicalB	Seismic_Amplification;BFB	5.081271648406982	0.9938263297080994	Seismic_Amplification	0.3142129182815552	-0.78049635887146	-1.3763266801834106	0.2015996128320694	-0.78049635887146	0.3142129182815552	-3.5288994312286377	0.02850104495882988	-1.3655507564544678	0.203339621424675
DOTC2:chr1:151000001-157274177:2	DOTC2:chr1:151000001-157274177:2	DOTC2	chr1	q	151000001	157274177	candidate_region_label	chromothripsis	region	candidate_region	4	6	6	candidate_region_with_context	152139659	155869543	sv_attention	0.7642	0.5945	mixed_HP	-0.0684	0.5455	18.0	26.0	1.5842	1.1506	C2	chromothripsis	chromothripsis:noncanonicalB	chromosome_arm	123459000	248950001	402	402	8	4	4	6274177	6.375338151920164e-07	2.7347456088663105	1150739.75	1602645.5	2020450.0	True	1.0	1.0	0	0	2	2	0	0	0	0	0	0	0	0	4	0					2	1	0.0	1	0	0	1	sample_residual	coords	1	0	chromothripsis:noncanonicalB	chromothripsis	5.001452922821045	0.9933167695999146	chromothripsis	0.46856486797332764	-0.1259065866470337	-4.408223628997803	0.012030299752950668	-3.385847806930542	0.032740697264671326	-0.1259065866470337	0.46856486797332764	-2.9927492141723633	0.04775451496243477
DOTC2:chr4:52000001-58379854:3	DOTC2:chr4:52000001-58379854:3	DOTC2	chr4	q	52000001	58379854	candidate_region_label	BFB	region	candidate_region	7	14	14	candidate_region_with_context	53228550	58379854	sv_attention	0.9514	0.8074	HP2	-0.2748	0.0331	29.0	85.0	2.0154	1.4655	C3	BFB	BFB:noncanonicalB	chromosome_arm	50494000	190200001	402	402	8	7	4	6379854	1.0972037918109097e-06	3.480859593338656	49274.5	1119358.0	1423146.5	False	0.7142857142857143	0.3333333333333333	0	0	0	2	3	1	1	0	0	0	0	0	7	0	2.0	2.0			2	1	1.0	3	0	0	3	sample_residual	coords	1	0	BFB:noncanonicalB	BFB	5.152946949005127	0.9942508935928345	chromothripsis	0.13397181034088135	-1.866288185119629	-3.545711040496826	0.028039222583174706	-3.361088275909424	0.033533934503793716	-1.866288185119629	0.13397181034088135	-1.943421721458435	0.12527242302894592
DOTC2:chr6:135706334-146381524:4		DOTC2	chr6	q	135706334	146381524	candidate_region_empty		empty_candidate_region	candidate_region	5	9	9	candidate_region_with_context	138755144	145190767	sv_attention	0.9062	0.6029	HP2	-0.5529	0.4039	9.0	30.0	1.2856	4.8626	C4			chromosome_arm	60589000	170800001	402	402	8	5	5	10675191	4.6837569463628333e-07	6.148239876925856	1386642.0	1938867.0	2723954.0	False	0.6	0.5	0	0	0	1	1	0	0	1	2	0	0	0	6	0					0	0	0.0	6	0	0	6	sample_residual	coords	0	1			-0.2286829650402069	0.44307705760002136	ecDNA	0.700057327747345	0.8475710153579712	0.8475710153579712	0.700057327747345	-0.9930236339569092	0.2703152596950531	-2.4809763431549072	0.07720261812210083	-3.6838808059692383	0.024509472772479057
DOTC2:chr7:13518946-20269876:5	DOTC2:chr7:13518946-20269876:5	DOTC2	chr7	p	13518946	20269876	candidate_region_label	chromothripsis	region	candidate_region	4	7	7	candidate_region_with_context	14558761	20269876	sv_attention	0.9181	0.846	HP1	0.4971	0.3295	49.0	4.0	0.8382	1.2751	C5	chromothripsis	chromothripsis:canonical	chromosome_arm	0	59904000	402	402	8	4	4	6750931	5.925108699822291e-07	2.1132069043514146	1079416.25	1380815.0	1989131.5	True	0.75	0.6666666666666666	1	0	2	1	0	0	0	0	0	0	0	0	6	0					2	2	0.0	0	2	0	0	sample_residual	coords	1	0	chromothripsis:canonical	chromothripsis	5.0065083503723145	0.9933503270149231	chromothripsis	0.5817852020263672	0.3301059603691101	-5.0005083084106445	0.0066894725896418095	-3.300654649734497	0.03554873913526535	0.3301059603691101	0.5817852020263672	-3.058835744857788	0.04483753815293312
DOTC2:chr11:46374227-50999999:6	DOTC2:chr11:46374227-50999999:6	DOTC2	chr11	p	46374227	50999999	candidate_region_label	BFB	region	candidate_region	3	11	11	candidate_region_with_context	46374231	49747804	sv_attention	0.9756	0.7293	mixed_HP	0.1212	0.2	37.0	7.0	0.0	2.0959	C6	BFB	BFB:noncanonicalB	chromosome_arm	0	53714000	402	402	8	3	3	4625773	6.485402547855245e-07	2.09590202545607	853837.5	1264054.0	2091076.5	True	1.0	1.0	0	0	2	1	0	0	0	0	0	0	0	0	3	0	2.0	2.0			0	0	1.0	2	0	0	2	sample_residual	coords	1	0	BFB:noncanonicalB	BFB	4.482601642608643	0.988822340965271	chromothripsis	0.24745535850524902	-1.1122300624847412	-4.34170389175415	0.01284713763743639	-2.740774154663086	0.06060981750488281	-1.1122300624847412	0.24745535850524902	-2.3244760036468506	0.08911605179309845
DOTC2:chr11:111434427-114924453:7	DOTC2:chr11:111434427-114924453:7	DOTC2	chr11	q	111434427	114924453	candidate_region_label	BFB	region	candidate_region	2	4	4	candidate_region_with_context	111434511	114843329	sv_attention	0.9502	0.9767	HP2	-0.8925	0.8566	5.0	57.0	0.0	3.0232	C7	BFB	BFB:noncanonical	chromosome_arm	53714000	135050001	402	402	8	2	1	3490027	5.730614691519579e-07	3.0232445193117417	913068.75	1745013.5	2576958.25	False	0.0	0.0	0	0	0	1	1	0	0	0	0	0	0	0	4	1	1.0	2.0	1.0	1.0	0	0	2.0	2	0	0	2	sample_residual	coords	1	0	BFB:noncanonical	BFB	4.944334030151367	0.9929266571998596	BFB	0.3250955045223236	-0.7304523587226868	-4.695404529571533	0.009054439142346382	-3.126073122024536	0.04204448685050011	-2.9701335430145264	0.04879352077841759	-0.7304523587226868	0.3250955045223236
DOTC2:chr12:60924479-74275376:8	DOTC2:chr12:60924479-74275376:8	DOTC2	chr12	q	60924479	74275376	candidate_region_label	chromothripsis	region	candidate_region	5	11	11	candidate_region_with_context	62478238	74275376	sv_attention	0.9992	0.8836	mixed_HP	-0.0482	0.8889	47.0	43.0	1.234	1.9856	C8	chromothripsis	chromothripsis:noncanonicalB	chromosome_arm	35807000	133250001	402	402	8	5	5	13350898	3.745066436729575e-07	3.219650543356709	1553761.0	2685467.0	4241267.0	True	0.8	0.75	0	0	2	2	1	0	0	0	0	0	0	0	6	0					2	0	0.0	3	1	0	3	sample_residual	coords	1	0	chromothripsis:noncanonicalB	chromothripsis	4.4710469245910645	0.98869389295578	chromothripsis	0.4542536735534668	-0.18349838256835938	-3.6470742225646973	0.025405043736100197	-3.296604871749878	0.03568784520030022	-0.18349838256835938	0.4542536735534668	-3.0279383659362793	0.046179551631212234
DOTC2:chr17:59420854-63886034:9		DOTC2	chr17	q	59420854	63886034	candidate_region_empty		empty_candidate_region	candidate_region	5	10	10	candidate_region_with_context	59421340	63886034	sv_attention	0.908	0.9999	HP1	0.3099	0.0799	65.0	27.0	1.9717	1.6013	C9			chromosome_arm	25150000	83250001	402	402	8	5	5	4465181	1.119775435755012e-06	3.573002303825981	295866.0	498829.0	1653920.0	False	0.8	0.5	0	0	1	1	3	0	0	0	0	0	0	0	5	0					4	0	0.0	0	1	0	0	sample_residual	coords	0	1			-1.4363194704055786	0.1921159327030182	chromothripsis	0.43514496088027954	-0.2608898878097534	-3.7226245403289795	0.023600025102496147	-1.9666956663131714	0.12274426221847534	-0.2608898878097534	0.43514496088027954	-4.752013206481934	0.008560381829738617
DOTC2:chr18:35372218-44136546:10	DOTC2:chr18:35372218-44136546:10	DOTC2	chr18	q	35372218	44136546	candidate_region_label	chromothripsis	region	candidate_region	5	11	11	candidate_region_with_context	40501427	43944393	sv_attention	0.9957	0.3928	HP1	0.425	0.2334	63.0	24.0	2.2183	1.0	C10	chromothripsis	chromothripsis:noncanonical	chromosome_arm	18540000	80350001	402	402	8	5	5	8764329	5.704943299139045e-07	3.2182529889053684	265817.0	2053953.0	2668329.0	False	0.8	0.5	0	0	1	3	1	0	0	0	0	0	0	0	6	0					2	1	0.0	2	1	0	2	sample_residual	coords	1	0	chromothripsis:noncanonical	chromothripsis	1.1274343729019165	0.7553651332855225	chromothripsis	0.5145143866539001	0.05807396024465561	-3.1024885177612305	0.04300472140312195	-3.0844013690948486	0.043755289167165756	0.05807396024465561	0.5145143866539001	-3.794874668121338	0.02199123613536358
DOTC2:chr20:20039636-24999999:11	DOTC2:chr20:20039636-24999999:11	DOTC2	chr20	p	20039636	24999999	candidate_region_label	chromothripsis	region	candidate_region	4	11	11	candidate_region_with_context	23821005	23862272	sv_attention	0.7733	0.0083	mixed_HP	0.0204	1.0	19.0	19.0	2.0	1.7693	C11	chromothripsis	chromothripsis:noncanonicalB	chromosome_arm	0	28120000	402	402	8	4	4	4960364	8.063924341036262e-07	3.769302212498921	790272.75	1327582.5	1777401.0	True	1.0	1.0	0	0	0	2	2	0	0	0	0	0	0	0	4	0					2	0	0.0	2	0	0	2	sample_residual	coords	1	0	chromothripsis:noncanonicalB	chromothripsis	3.0240135192871094	0.9536471962928772	chromothripsis	0.3480571210384369	-0.6275903582572937	-4.845127582550049	0.007805212866514921	-3.4050402641296387	0.032138317823410034	-0.6275903582572937	0.3480571210384369	-3.50435471534729	0.02918858267366886
DOTC2:chrX:146763144-156040895:12		DOTC2	chrX	q	146763144	156040895	candidate_region_empty		empty_candidate_region	candidate_region	5	7	7	candidate_region_with_context	148902125	150806278	sv_attention	0.9179	0.2052	mixed_HP	0.2297	0.3	12.0	6.0	1.7684	1.6912	C12			chromosome_arm	61090000	156000001	402	402	8	5	4	9277752	5.389236530573354e-07	3.4531595584792525	437530.0	1903833.0	2138983.0	False	0.6	0.25	0	0	1	2	1	1	0	0	0	0	0	0	5	0					1	0	0.0	3	1	0	3	sample_residual	coords	0	1			-0.2799161374568939	0.43047431111335754	chromothripsis	0.30812370777130127	-0.808905839920044	-1.6910922527313232	0.15563224256038666	-2.1960575580596924	0.10010508447885513	-0.808905839920044	0.30812370777130127	-3.458904981613159	0.03050440177321434
HOKUG:chr4:141456616-145575189:1	HOKUG:chr4:141456616-145575189:1	HOKUG	chr4	q	141456616	145575189	candidate_region_label	BFB	region	candidate_region	3	3	3	candidate_region_with_context	145474188	145496774	sv_attention	0.3948	0.0055	HP2	-0.4408	0.2544	8.0	41.0	1.0281	0.979	C1	BFB	BFB:noncanonicalB	chromosome_arm	50494000	190200001	402	402	8	3	2	4118574	7.284074536477917e-07	2.007085947709086	93704.0	101000.0	2016083.0	False	0.6666666666666666	0.5	1	0	1	0	1	0	0	0	0	0	0	0	4	0	3.0	3.0			2	0	1.0	1	0	0	1	sample_residual	coords	1	0	BFB:noncanonicalB	BFB	4.5572638511657715	0.9896181225776672	BFB	0.20556271076202393	-1.3518829345703125	-2.8237216472625732	0.05605567991733551	-2.961095094680786	0.04921473190188408	-2.1761913299560547	0.10190898925065994	-1.3518829345703125	0.20556271076202393
HOKUG:chr22:46755296-50818468:2	HOKUG:chr22:46755296-50818468:2	HOKUG	chr22	q	46755296	50818468	candidate_region_label	BFB	region	candidate_region	3	2	2	candidate_region_with_context	49996510	49999604	sv_attention	0.3	0.0008	HP1	0.5895	0.4526	36.0	0.0	1.0	1.6027	C2	BFB	BFB:noncanonicalB	chromosome_arm	15050000	50800001	402	402	8	3	2	4063173	7.383392240497759e-07	2.599956241095321	410978.5	803490.0	2022353.0	False	0.6666666666666666	0.5	0	1	1	1	0	0	0	0	0	0	0	0	2	0	2.0	2.0			0	0	1.0	1	0	0	1	sample_residual	coords	1	0	BFB:noncanonicalB	BFB	3.824164390563965	0.978630006313324	BFB	0.1265372484922409	-1.9319287538528442	-3.0817203521728516	0.043867602944374084	-2.4365885257720947	0.08042486011981964	-2.7309062480926514	0.061174094676971436	-1.9319287538528442	0.1265372484922409
HOS:chr1:151000001-156195938:1		HOS	chr1	q	151000001	156195938	candidate_region_empty		empty_candidate_region	candidate_region	4	13	13	candidate_region_with_context	154196090	155392740	sv_attention	0.9959	0.2303	mixed_HP	0.0809	0.3	54.0	116.0	3.8587	0.0544	C1			chromosome_arm	123459000	248950001	402	402	8	4	4	5195938	7.698321265573223e-07	3.913122904853753	239441.5	1003302.5	2062845.5	False	0.5	0.3333333333333333	1	0	0	0	1	1	1	0	0	0	0	0	4	0					0	0	0.0	4	0	0	4	sample_residual	coords	0	1			-0.7745107412338257	0.31550413370132446	chromothripsis	0.22365330159664154	-1.244502067565918	-2.1307790279388428	0.10614104568958282	-1.9273691177368164	0.12704205513000488	-1.244502067565918	0.22365330159664154	-4.329700469970703	0.01300025824457407
HOS:chr2:46988610-49699079:2	HOS:chr2:46988610-49699079:2	HOS	chr2	p	46988610	49699079	candidate_region_label	chromothripsis	region	candidate_region	5	21	21	candidate_region_with_context	49196622	49211287	sv_attention	0.9999	0.0054	HP1	0.3078	0.077	53.0	3.0	0.1838	2.4873	C2	chromothripsis	chromothripsis:noncanonicalB	chromosome_arm	0	93989000	402	402	8	5	4	2710470	1.844698520920726e-06	2.671103535549185	177094.0	321048.0	612145.0	False	0.8	0.5	0	0	2	2	1	0	0	0	0	0	0	0	6	0					0	2	0.0	1	3	0	1	sample_residual	coords	1	0	chromothripsis:noncanonicalB	chromothripsis	0.8841476440429688	0.7076809406280518	chromothripsis	0.3687393069267273	-0.5376289486885071	-3.6966652870178223	0.024205662310123444	-2.394383668899536	0.08360197395086288	-0.5376289486885071	0.3687393069267273	-2.8308606147766113	0.05567913129925728
HOS:chr6:16115965-25720586:3	HOS:chr6:16115965-25720586:3	HOS	chr6	p	16115965	25720586	candidate_region_label	chromothripsis;BFB	region	candidate_region	15	28	28	candidate_region_with_context	17630065	24152376	sv_attention	1.0	0.6791	HP1	0.4418	0.2557	138.0	24.0	1.2624	1.4881	C3	chromothripsis;BFB	chromothripsis:noncanonical;BFB:noncanonicalB	chromosome_arm	0	60589000	402	402	8	15	11	9604622	1.561748083370694e-06	2.7505022061253426	100733.0	245796.0	703980.0	True	0.7333333333333333	0.5714285714285714	0	1	3	7	4	0	0	0	0	0	0	0	21	0	15.0	15.0			4	2	1.0	9	5	0	9	sample_residual	coords	1	0	chromothripsis:noncanonical;BFB:noncanonicalB	chromothripsis;BFB	4.673985958099365	0.9907512664794922	chromothripsis	0.25775405764579773	-1.0576748847961426	-2.780632734298706	0.05837976559996605	-2.4536564350128174	0.0791715681552887	-1.0576748847961426	0.25775405764579773	-2.1420934200286865	0.10507237911224365
HOS:chr6:49170621-51360264:4	HOS:chr6:49170621-51360264:4	HOS	chr6	p	49170621	51360264	candidate_region_label	BFB	region	candidate_region	2	7	7	candidate_region_with_context	49170806	50182688	sv_attention	0.918	0.4621	HP1	0.4749	0.2998	73.0	16.0	2.567	1.9221	C4	BFB	BFB:noncanonicalB	chromosome_arm	0	60589000	402	402	8	2	2	2189644	9.133904872207536e-07	4.489117865735252	725910.0	1094822.0	1463734.0	False	0.0	0.0	0	0	0	0	1	0	0	1	0	0	0	0	3	1	2.0	2.0	2.0	2.0	0	0	1.0	2	0	0	2	sample_residual	coords	1	0	BFB:noncanonicalB	BFB	3.7918896675109863	0.9779444336891174	BFB	0.2095550149679184	-1.3276097774505615	-3.6792590618133545	0.024620216339826584	-2.9623754024505615	0.049154866486787796	-3.174473285675049	0.04013771936297417	-1.3276097774505615	0.2095550149679184
HOS:chr7:19941203-28593136:5		HOS	chr7	p	19941203	28593136	candidate_region_empty		empty_candidate_region	candidate_region	5	5	5	candidate_region_with_context	20352832	28593136	sv_attention	0.5611	0.9524	HP1	0.5821	0.4429	59.0	0.0	0.8646	1.452	C5			chromosome_arm	0	59904000	402	402	8	5	5	8651934	5.779054717708203e-07	2.316576270692772	760179.0	1312417.0	1404569.0	False	0.8	0.5	1	2	0	2	0	0	0	0	0	0	0	0	6	0					2	0	0.0	2	2	0	2	sample_residual	coords	0	1			-2.581592082977295	0.07033255696296692	chromothripsis	0.28777918219566345	-0.9061946272850037	-1.9182606935501099	0.1280556470155716	-1.6603002548217773	0.15972170233726501	-0.9061946272850037	0.28777918219566345	-4.58245325088501	0.01012618187814951
HOS:chr7:63000001-70353239:6	HOS:chr7:63000001-70353239:6	HOS	chr7	q	63000001	70353239	candidate_region_label	BFB	region	candidate_region	5	9	9	candidate_region_with_context	66303524	66780492	sv_attention	0.9616	0.0649	HP2	-0.3734	0.1645	18.0	45.0	0.7624	1.3065	C6	BFB	BFB:noncanonicalB	chromosome_arm	59904000	159300001	402	402	8	5	3	7353239	6.799724583955451e-07	2.068846803429074	57102.0	419282.0	3303525.0	False	0.6	0.25	0	1	2	1	1	0	0	0	0	0	0	0	5	0	3.0	3.0			2	0	1.0	0	1	1	0	sample_residual	coords	1	0	BFB:noncanonicalB	BFB	6.291443347930908	0.9981513619422913	BFB	0.17646551132202148	-1.5404800176620483	-3.289156436920166	0.035945065319538116	-2.6555898189544678	0.06564531475305557	-2.3439671993255615	0.08754648268222809	-1.5404800176620483	0.17646551132202148
HOS:chr7:131039415-141230513:7		HOS	chr7	q	131039415	141230513	candidate_region_empty		empty_candidate_region	candidate_region	10	27	27	candidate_region_with_context	133004341	141230513	sv_attention	0.9979	0.8072	mixed_HP	-0.3333	1.0	28.0	28.0	0.0	0.6093	C7			chromosome_arm	59904000	159300001	402	402	8	10	10	10191099	9.8124844042826e-07	0.6092988597206248	229731.25	638715.5	1879282.0	False	0.6	0.3333333333333333	3	3	2	2	0	0	0	0	0	0	0	0	11	0					0	2	0.0	6	3	0	6	sample_residual	coords	0	1			-0.3364735543727875	0.41666632890701294	chromothripsis	0.44426894187927246	-0.2238541841506958	-3.074462413787842	0.04417303204536438	-2.1830055713653564	0.10128700733184814	-0.2238541841506958	0.44426894187927246	-3.669095277786255	0.024865470826625824
HOS:chr11:115215034-125184658:8	HOS:chr11:115215034-125184658:8	HOS	chr11	q	115215034	125184658	candidate_region_label	Seismic_Amplification;BFB	region	candidate_region	37	86	86	candidate_region_with_context	116499926	125184658	sv_attention	1.0	0.8711	HP1	0.4591	0.2788	741.0	92.0	1.5059	2.1712	C8	Seismic_Amplification;BFB	Seismic_Amplification:noncanonical;BFB:noncanonicalB	chromosome_arm	53714000	135050001	402	402	8	37	22	9969625	3.7112729917123262e-06	3.677196684930476	60873.0	176080.0	418622.0	False	0.2972972972972973	0.0555555555555555	4	2	5	3	6	4	5	3	4	1	0	0	42	0	1.0	30.0			12	8	6.0	5	10	1	5	sample_residual	coords	1	0	Seismic_Amplification:noncanonical;BFB:noncanonicalB	Seismic_Amplification;BFB	4.749521732330322	0.9914184808731079	Seismic_Amplification	0.3706071376800537	-0.5296130180358887	-2.532775402069092	0.07359220832586288	-0.5296130180358887	0.3706071376800537	-2.8029985427856445	0.05716235935688019	-1.800238013267517	0.14182209968566895
HOS:chr12:126179644-133275309:9	HOS:chr12:126179644-133275309:9	HOS	chr12	q	126179644	133275309	candidate_region_label	chromothripsis	region	candidate_region	8	13	13	candidate_region_with_context	126540473	133275309	sv_attention	0.9271	0.9491	HP2	-0.2816	0.0421	4.0	99.0	1.8379	0.0	C9	chromothripsis	chromothripsis:canonical	chromosome_arm	35807000	133265182	402	402	8	8	6	7095666	1.127448783525042e-06	1.8381702295457536	113039.5	358911.5	1457335.5	False	0.75	0.4285714285714285	1	1	4	2	0	0	0	0	0	0	0	0	7	0					3	1	0.0	1	2	0	1	sample_residual	coords	1	0	chromothripsis:canonical	chromothripsis	1.6001249551773071	0.8320358395576477	chromothripsis	0.5356349349021912	0.1427817940711975	-4.084391117095947	0.016554713249206543	-2.55208420753479	0.07228659093379974	0.1427817940711975	0.5356349349021912	-3.26628041267395	0.03674625977873802
HOS:chrX:40892836-45441048:10	HOS:chrX:40892836-45441048:10	HOS	chrX	p	40892836	45441048	candidate_region_label	BFB	region	candidate_region	3	8	8	candidate_region_with_context	41788423	43154488	sv_attention	0.9412	0.3004	HP2	-0.9744	0.9658	1.0	51.0	0.0	2.5992	C10	BFB	BFB:noncanonicalB	chromosome_arm	0	61090000	402	402	8	3	3	4548213	6.595997153167628e-07	2.5991773032617425	1129091.0	1362593.0	1826312.0	True	1.0	1.0	0	0	2	0	1	0	0	0	0	0	0	0	5	1	1.0	4.0	4.0	4.0	1	0	4.0	0	0	0	0	sample_residual	coords	1	0	BFB:noncanonicalB	BFB	4.771056175231934	0.9915997982025146	chromothripsis	0.23723433911800385	-1.1679023504257202	-4.490400791168213	0.011091740801930428	-3.0012004375457764	0.047371670603752136	-1.1679023504257202	0.23723433911800385	-1.8401144742965698	0.1370377540588379
HeLa:chr2:178861687-197623598:1	HeLa:chr2:178861687-197623598:1	HeLa	chr2	q	178861687	197623598	candidate_region_label	chromothripsis	region	candidate_region	18	64	64	candidate_region_with_context	179401176	197623598	sv_attention	1.0	0.9712	HP2	-0.5176	0.3568	46.0	174.0	1.0538	2.3972	C1	chromothripsis	chromothripsis:noncanonical	chromosome_arm	93989000	242150001	402	402	8	17	12	18761912	9.593904928239724e-07	3.4509764783034904	67205.75	232167.5	845448.5	False	0.6111111111111112	0.2941176470588235	0	0	5	4	6	3	0	0	0	0	0	0	19	0					2	6	0.0	0	11	0	0	sample_residual	coords	1	0	chromothripsis:noncanonical	chromothripsis	3.589007616043091	0.9731169939041138	chromothripsis	0.5970290899276733	0.3931015133857727	-2.734762668609619	0.060952991247177124	-2.080057382583618	0.1110503077507019	0.3931015133857727	0.5970290899276733	-2.4323699474334717	0.0807373970746994
HeLa:chr5:31906131-45999999:2	HeLa:chr5:31906131-45999999:2	HeLa	chr5	p	31906131	45999999	candidate_region_label	Seismic_Amplification	region	candidate_region	16	34	34	candidate_region_with_context	34087958	45999999	sv_attention	0.9855	0.8452	mixed_HP	-0.387	0.5093	43.0	64.0	0.9747	7.4459	C2	Seismic_Amplification	Seismic_Amplification:canonical	chromosome_arm	0	48464000	402	402	8	16	13	14093869	1.1352454035155286e-06	8.420673201943341	115396.75	428698.5	1605651.5	False	0.4375	0.1333333333333333	1	0	0	0	0	0	2	4	6	3	0	0	17	0					5	4	0.0	0	8	0	0	sample_residual	coords	1	0	Seismic_Amplification:canonical	Seismic_Amplification	2.986182689666748	0.951945960521698	Seismic_Amplification	0.7022757530212402	0.858158528804779	-3.5123910903930664	0.02896171808242798	0.858158528804779	0.7022757530212402	-3.1561641693115234	0.04084908217191696	-2.923462390899658	0.05100584402680397
HeLa:chr6:33257934-38053809:3		HeLa	chr6	p	33257934	38053809	candidate_region_empty		empty_candidate_region	candidate_region	4	4	4	candidate_region_with_context	37646120	38053809	sv_attention	0.6086	0.085	mixed_HP	-0.25	0.2	1.0	15.0	4.9627	0.0	C3			chromosome_arm	0	60589000	402	402	8	4	4	4795876	8.34049921223985e-07	4.962686691649242	346490.5	578612.0	1431090.5	False	0.75	0.3333333333333333	0	0	0	0	1	1	2	0	0	0	0	0	5	0					0	4	0.0	1	0	0	1	sample_residual	coords	0	1			-1.7929165363311768	0.14271552860736847	chromothripsis	0.265605628490448	-1.017033576965332	-3.4012207984924316	0.032257333397865295	-1.42914617061615	0.1932317614555359	-1.017033576965332	0.265605628490448	-4.1126861572265625	0.01610029861330986
HeLa:chr11:20400801-30278058:4	HeLa:chr11:20400801-30278058:4	HeLa	chr11	p	20400801	30278058	candidate_region_label	chromothripsis	region	candidate_region	10	15	15	candidate_region_with_context	25240276	30278058	sv_attention	0.9965	0.51	HP1	0.4627	0.2837	93.0	16.0	1.8445	1.9376	C4	chromothripsis	chromothripsis:noncanonical	chromosome_arm	0	53714000	402	402	8	10	9	9877258	1.0124267281466172e-06	3.782091851807455	411898.5	982488.5	1335461.0	False	0.6	0.2222222222222222	0	0	2	1	4	2	1	0	0	0	0	0	11	0					5	2	0.0	0	3	1	0	sample_residual	coords	1	0	chromothripsis:noncanonical	chromothripsis	2.7473666667938232	0.9397644400596619	chromothripsis	0.6395919322967529	0.5735936760902405	-4.0729217529296875	0.016742480918765068	-2.8558127880096436	0.05438162758946419	0.5735936760902405	0.6395919322967529	-2.8783750534057617	0.05323297530412674
HeLa:chr11:44892122-75358809:5	HeLa:chr11:44892122-75358809:5	HeLa	chr11	mixed	44892122	75358809	candidate_region_label	Seismic_Amplification;chromothripsis;BFB	region	candidate_region	22	42	42	candidate_region_with_context	44942904	75358809	sv_attention	1.0	0.9983	HP1	0.317	0.0893	183.0	72.0	1.8356	1.5627	C5	Seismic_Amplification;chromothripsis;BFB	Seismic_Amplification:canonical;chromothripsis:noncanonical;BFB:noncanonicalB	chromosome	0	135050001	402	402	8	19	16	30466688	7.221001508270279e-07	3.398280968380941	97899.0	537343.5	2181391.75	False	0.5454545454545454	0.2857142857142857	1	0	1	2	7	5	4	1	1	0	0	0	19	0	17.0	17.0			1	7	1.0	0	10	0	0	sample_residual	coords	1	0	Seismic_Amplification:canonical;chromothripsis:noncanonical;BFB:noncanonicalB	Seismic_Amplification;chromothripsis;BFB	7.8854265213012695	0.9996238946914673	Seismic_Amplification	0.9535020589828491	3.020733118057251	-6.471236705780029	0.0015449203783646226	3.020733118057251	0.9535020589828491	-0.10094041377305984	0.47478631138801575	-1.3977917432785034	0.19816675782203674
HeLa:chr12:44288126-56020661:6	HeLa:chr12:44288126-56020661:6	HeLa	chr12	q	44288126	56020661	candidate_region_label	Seismic_Amplification	region	candidate_region	11	18	18	candidate_region_with_context	48210126	51883100	sv_attention	0.9469	0.3131	HP2	-0.5232	0.3642	4.0	76.0	3.4213	2.1398	C6	Seismic_Amplification	Seismic_Amplification:noncanonical	chromosome_arm	35807000	133250001	402	402	8	11	8	11732536	9.375637117158644e-07	5.561089776327982	103645.0	731541.0	1891924.5	False	0.6363636363636364	0.3	0	0	0	0	1	4	3	1	2	0	0	0	12	0					2	9	0.0	1	0	0	1	sample_residual	coords	1	0	Seismic_Amplification:noncanonical	Seismic_Amplification	2.391955852508545	0.9162117838859558	Seismic_Amplification	0.6113348007202148	0.4529263973236084	-3.603483200073242	0.02650696225464344	0.4529263973236084	0.6113348007202148	-2.3211193084716797	0.089388906955719	-3.390746593475342	0.03258591145277023
HeLa:chr17:59834629-64566240:7	HeLa:chr17:59834629-64566240:7	HeLa	chr17	q	59834629	64566240	candidate_region_label	chromothripsis	region	candidate_region	8	13	13	candidate_region_with_context	63799201	64566240	sv_attention	0.8941	0.1621	mixed_HP	0.1219	0.9545	28.0	27.0	2.0635	1.0411	C7	chromothripsis	chromothripsis:noncanonical	chromosome_arm	25150000	83250001	402	402	8	8	4	4731612	1.6907557086253058e-06	3.1045459771426738	32495.5	98503.5	245052.0	False	0.5	0.1428571428571428	1	0	1	3	1	1	1	0	0	0	0	0	9	0					1	2	0.0	3	3	0	3	sample_residual	coords	1	0	chromothripsis:noncanonical	chromothripsis	2.003909111022949	0.8812069296836853	chromothripsis	0.5146721005439758	0.05870526283979416	-4.726934432983398	0.008775873109698296	-2.0212838649749756	0.11698629707098007	0.05870526283979416	0.5146721005439758	-2.8549880981445312	0.054424043744802475
JHUS_nk1:chr4:52000001-57524617:1	JHUS_nk1:chr4:52000001-57524617:1	JHUS_nk1	chr4	q	52000001	57524617	candidate_region_label	BFB	region	candidate_region	5	7	7	candidate_region_with_context	53635459	55783094	sv_attention	0.9082	0.3887	HP1	0.664	0.5519	43.0	5.0	2.3814	1.0	C1	BFB	BFB:noncanonicalB	chromosome_arm	50494000	190200001	402	402	8	5	5	5524617	9.05040114092977e-07	3.3813791978701877	738681.0	1260432.0	1402448.0	False	0.6	0.0	0	0	1	1	2	1	0	0	0	0	0	0	5	0	1.0	3.0			0	0	2.0	2	0	1	2	sample_residual	coords	1	0	BFB:noncanonicalB	BFB	3.6981823444366455	0.9758301973342896	BFB	0.17940789461135864	-1.5203641653060913	-2.609708786010742	0.06851618736982346	-2.8109850883483887	0.05673344433307648	-2.1139800548553467	0.1077454462647438	-1.5203641653060913	0.17940789461135864
JHUS_nk1:chr5:52000001-54127521:2	JHUS_nk1:chr5:52000001-54127521:2	JHUS_nk1	chr5	q	52000001	54127521	candidate_region_label	BFB	region	candidate_region	2	3	3	candidate_region_with_context	53028878	53033834	sv_attention	0.3933	0.0023	mixed_HP	-0.1957	0.8913	12.0	11.0	0.4836	2.4836	C2	BFB	BFB:noncanonicalB	chromosome_arm	48464000	181500001	402	402	8	2	2	2127521	9.400612261876616e-07	2.967209254338735	1046319.75	1063760.5	1081201.25	False	0.0	0.0	0	0	1	0	1	0	0	0	0	0	0	0	2	0	1.0	1.0			0	0	1.0	0	1	0	0	sample_residual	coords	1	0	BFB:noncanonicalB	BFB	4.572926998138428	0.9897778630256653	BFB	0.2443353682756424	-1.1290559768676758	-4.896583080291748	0.0074166529811918736	-2.8925118446350098	0.05252497270703316	-2.551966905593872	0.0722944587469101	-1.1290559768676758	0.2443353682756424
JHUS_nk1:chr8:93211252-107679084:3	JHUS_nk1:chr8:93211252-107679084:3	JHUS_nk1	chr8	q	93211252	107679084	candidate_region_label	Seismic_Amplification;BFB	region	candidate_region	17	31	31	candidate_region_with_context	97159664	107679084	sv_attention	1.0	0.7271	HP1	0.5235	0.3647	228.0	10.0	2.3198	3.9622	C3	Seismic_Amplification;BFB	Seismic_Amplification:noncanonical;BFB:noncanonicalB	chromosome_arm	45644000	145100001	402	402	8	17	15	14467833	1.1750204747317722e-06	6.281936831866942	303561.0	414881.0	1000499.0	False	0.4117647058823529	0.0625	1	0	0	1	1	4	2	1	6	1	0	0	17	1	12.0	12.0	12.0	12.0	3	0	1.0	5	8	0	5	sample_residual	coords	1	0	Seismic_Amplification:noncanonical;BFB:noncanonicalB	Seismic_Amplification;BFB	5.722438335418701	0.9967389702796936	Seismic_Amplification	0.441924124956131	-0.23335683345794678	-0.7128583192825317	0.3289675712585449	-0.23335683345794678	0.441924124956131	-4.015923500061035	0.017707107588648796	-0.7247451543807983	0.3263489305973053
JHUS_nk1:chr18:22000001-30714668:4	JHUS_nk1:chr18:22000001-30714668:4	JHUS_nk1	chr18	q	22000001	30714668	candidate_region_label	chromothripsis	region	candidate_region	9	16	16	candidate_region_with_context	28206935	30714668	sv_attention	0.9991	0.2878	HP1	0.3795	0.1726	82.0	17.0	0.9924	1.4126	C4	chromothripsis	chromothripsis:noncanonicalB	chromosome_arm	18540000	80350001	402	402	8	9	9	8714668	1.0327415800578978e-06	2.405044231174384	388287.0	748173.0	893605.0	True	0.8888888888888888	0.75	0	0	3	5	1	0	0	0	0	0	0	0	9	0					3	0	0.0	2	3	1	2	sample_residual	coords	1	0	chromothripsis:noncanonicalB	chromothripsis	4.1182403564453125	0.9839874505996704	chromothripsis	0.4766720235347748	-0.09337962418794632	-3.488187789916992	0.029650196433067322	-3.135087013244629	0.041682932525873184	-0.09337962418794632	0.4766720235347748	-2.936216354370117	0.0503920242190361
JHUS_nk1:chrX:0-3711885:5	JHUS_nk1:chrX:0-3711885:5	JHUS_nk1	chrX	p	0	3711885	candidate_region_label	chromothripsis	region	candidate_region	4	5	5	candidate_region_with_context	522242	2319651	sv_attention	0.8495	0.4842	HP1	0.5507	0.401	40.0	1.0	1.0	1.6675	C5	chromothripsis	chromothripsis:noncanonicalB	chromosome_arm	0	61090000	402	402	8	4	4	3711886	1.0776193018858875e-06	2.6675210391698454	664471.0	898704.0	1162204.5	True	1.0	1.0	0	0	2	2	0	0	0	0	0	0	0	0	4	0					0	0	0.0	4	0	0	4	sample_residual	coords	1	0	chromothripsis:noncanonicalB	chromothripsis	3.751396656036377	0.9770539402961731	chromothripsis	0.2548754811286926	-1.072776198387146	-3.6449761390686035	0.025457045063376427	-2.8625261783599854	0.0540374256670475	-1.072776198387146	0.2548754811286926	-2.663759231567383	0.06514601409435272
MDA_MD_361:chr1:176691368-179785347:1	MDA_MD_361:chr1:176691368-179785347:1	MDA_MD_361	chr1	q	176691368	179785347	candidate_region_label	chromothripsis	region	candidate_region	4	4	4	candidate_region_with_context	177862139	178038239	sv_attention	0.8612	0.0569	HP1	0.4753	0.3004	29.0	4.0	1.0	1.1961	C1	chromothripsis	chromothripsis:noncanonicalB	chromosome_arm	123459000	248950001	402	402	8	4	4	3093980	1.292833179270713e-06	2.196050717845623	366883.25	585386.5	991998.25	True	1.0	1.0	0	0	2	2	0	0	0	0	0	0	0	0	5	0					0	0	0.0	4	1	0	4	sample_residual	coords	1	0	chromothripsis:noncanonicalB	chromothripsis	4.160097599029541	0.98463374376297	chromothripsis	0.25826260447502136	-1.055018424987793	-4.046097278594971	0.017189841717481613	-2.5572926998138428	0.07193808257579803	-1.055018424987793	0.25826260447502136	-2.505441904067993	0.07547756284475327
MDA_MD_361:chr2:104483566-107670061:2	MDA_MD_361:chr2:104483566-107670061:2	MDA_MD_361	chr2	q	104483566	107670061	candidate_region_label	BFB	region	candidate_region	2	3	3	candidate_region_with_context	105451153	105452383	sv_attention	0.3935	0.0004	HP1	0.7693	0.6924	38.0	1.0	2.3927	1.0	C2	BFB	BFB:noncanonicalB	chromosome_arm	93989000	242150001	402	402	8	2	2	3186496	6.276486774187069e-07	3.3926940438651108	1280418.5	1593248.0	1906077.5	False	0.0	0.0	0	0	1	0	1	0	0	0	0	0	0	0	3	0	2.0	2.0			0	0	1.0	0	2	0	0	sample_residual	coords	1	0	BFB:noncanonicalB	BFB	5.492868423461914	0.9959008097648621	BFB	0.21719354391098022	-1.2820966243743896	-5.353616714477539	0.004708732478320599	-3.1032068729400635	0.04297516494989395	-2.222672939300537	0.09773285686969757	-1.2820966243743896	0.21719354391098022
MDA_MD_361:chr2:155750530-163816134:3	MDA_MD_361:chr2:155750530-163816134:3	MDA_MD_361	chr2	q	155750530	163816134	candidate_region_label	chromothripsis	region	candidate_region	6	9	9	candidate_region_with_context	155752450	163816134	sv_attention	0.9698	0.9998	mixed_HP	0.0222	0.9074	26.0	28.0	1.5094	1.1368	C3	chromothripsis	chromothripsis:noncanonicalB	chromosome_arm	93989000	242150001	402	402	8	6	6	8065605	7.438995586815868e-07	2.6462016178575567	743264.5	1029560.0	1195207.5	True	1.0	1.0	0	0	3	3	0	0	0	0	0	0	0	0	7	0					0	2	0.0	4	1	0	4	sample_residual	coords	1	0	chromothripsis:noncanonicalB	chromothripsis	4.415835380554199	0.9880598187446594	chromothripsis	0.3560819923877716	-0.5924103856086731	-3.466301202774048	0.030286425724625587	-2.5711147785186768	0.07102072983980179	-0.5924103856086731	0.3560819923877716	-2.4256432056427	0.08123806118965149
MDA_MD_361:chr6:0-45857529:4	MDA_MD_361:chr6:0-45857529:4	MDA_MD_361	chr6	p	0	45857529	candidate_region_label	chromothripsis	region	candidate_region	24	76	76	candidate_region_with_context	1637831	45857529	sv_attention	1.0	0.9643	HP1	0.512	0.3494	349.0	70.0	1.8837	1.2444	C4	chromothripsis	chromothripsis:noncanonical	chromosome_arm	0	60589000	402	402	8	24	24	45857530	5.233600675832301e-07	3.1281659304371603	661767.75	1561175.5	2772103.5	False	0.7083333333333334	0.4347826086956521	0	3	3	11	6	1	0	0	0	0	0	0	25	0					3	5	0.0	10	6	1	10	sample_residual	coords	1	0	chromothripsis:noncanonical	chromothripsis	3.767876625061035	0.9774205088615417	chromothripsis	0.40531888604164124	-0.3833511471748352	-1.744328260421753	0.1487640142440796	-1.921231985092163	0.12772424519062042	-0.3833511471748352	0.40531888604164124	-3.1338276863098145	0.041733268648386
MDA_MD_361:chr7:70333668-77065396:5	MDA_MD_361:chr7:70333668-77065396:5	MDA_MD_361	chr7	q	70333668	77065396	candidate_region_label	chromothripsis	region	candidate_region	12	39	39	candidate_region_with_context	70674729	77065396	sv_attention	1.0	0.9493	mixed_HP	0.2344	0.2	181.0	52.0	0.9658	2.2757	C5	chromothripsis	chromothripsis:noncanonical	chromosome_arm	59904000	159300001	402	402	8	12	12	6731729	1.7826029538622246e-06	3.241510464844916	290145.25	436864.5	941292.5	False	0.5	0.1818181818181818	1	0	2	4	2	2	1	0	0	0	0	0	13	0					3	2	0.0	3	4	1	3	sample_residual	coords	1	0	chromothripsis:noncanonical	chromothripsis	4.959699630737305	0.9930338859558105	chromothripsis	0.5281071066856384	0.11254709213972092	-3.754843235015869	0.022868894040584564	-2.4140634536743164	0.08210654556751251	0.11254709213972092	0.5281071066856384	-2.6684131622314453	0.06486315280199051
MDA_MD_361:chr9:17274853-37999999:6	MDA_MD_361:chr9:17274853-37999999:6	MDA_MD_361	chr9	p	17274853	37999999	candidate_region_label	Seismic_Amplification	region	candidate_region	19	38	38	candidate_region_with_context	18995938	37999999	sv_attention	0.9989	0.917	mixed_HP	-0.0415	0.9174	117.0	125.0	1.0151	1.1412	C6	Seismic_Amplification	Seismic_Amplification:noncanonical	chromosome_arm	0	49224000	402	402	8	18	17	20725147	9.167606869085174e-07	2.15634263052513	135271.0	227206.0	1241660.0	False	0.4210526315789473	0.2777777777777778	1	3	5	2	3	2	1	1	1	0	0	0	19	0					6	8	0.0	3	2	0	3	sample_residual	coords	1	0	Seismic_Amplification:noncanonical	Seismic_Amplification	3.970855236053467	0.98149174451828	Seismic_Amplification	0.385612815618515	-0.4657915234565735	-1.3770999908447266	0.2014751434326172	-0.4657915234565735	0.385612815618515	-1.8732682466506958	0.13316400349140167	-2.6696438789367676	0.06478854268789291
MDA_MD_361:chr10:5169057-11665508:7	MDA_MD_361:chr10:5169057-11665508:7	MDA_MD_361	chr10	p	5169057	11665508	candidate_region_label	chromothripsis;BFB	region	candidate_region	5	7	7	candidate_region_with_context	8944539	11665508	sv_attention	0.8417	0.4188	HP1	0.5434	0.3912	97.0	4.0	1.1271	1.7314	C7	chromothripsis;BFB	chromothripsis:noncanonical;BFB:noncanonicalB	chromosome_arm	0	40246000	402	402	8	5	5	6496452	7.696508802035326e-07	2.858574187879784	651473.0	826006.0	976196.0	True	1.0	1.0	0	0	2	3	0	0	0	0	0	0	0	0	6	0					1	1	0.0	4	0	0	4	sample_residual	coords	1	0	chromothripsis:noncanonical;BFB:noncanonicalB	chromothripsis;BFB	4.482455730438232	0.9888207912445068	chromothripsis	0.3605996370315552	-0.5727624893188477	-4.094723701477051	0.0163873303681612	-2.9701216220855713	0.04879407957196236	-0.5727624893188477	0.3605996370315552	-2.895932674407959	0.05235499516129494
MDA_MD_361:chr11:67893669-71061827:8	MDA_MD_361:chr11:67893669-71061827:8	MDA_MD_361	chr11	q	67893669	71061827	candidate_region_label	Seismic_Amplification	region	candidate_region	8	10	10	candidate_region_with_context	68549516	71061827	sv_attention	0.6758	0.793	mixed_HP	-0.201	0.5423	58.0	84.0	1.667	2.7011	C6	Seismic_Amplification	Seismic_Amplification:noncanonical	chromosome_arm	53714000	135076622	402	402	8	8	8	3168159	2.5251257907194684e-06	4.368086323950282	246690.25	337237.0	476589.25	False	0.5	0.1428571428571428	0	0	2	1	2	0	2	0	1	0	0	0	9	0					1	4	0.0	4	0	0	4	sample_residual	coords	1	0	Seismic_Amplification:noncanonical	Seismic_Amplification	3.292165756225586	0.9641590714454651	Seismic_Amplification	0.48250845074653625	-0.0699949860572815	-1.8712466955184937	0.13339753448963165	-0.0699949860572815	0.48250845074653625	-2.420400857925415	0.08163020014762878	-2.500307559967041	0.07583662867546082
MDA_MD_361:chr12:79507051-108683644:9	MDA_MD_361:chr12:79507051-108683644:9	MDA_MD_361	chr12	q	79507051	108683644	candidate_region_label	Seismic_Amplification;BFB	region	candidate_region	27	54	54	candidate_region_with_context	82555304	108683644	sv_attention	1.0	0.8955	mixed_HP	0.0384	0.4965	343.0	228.0	2.0045	3.6223	C8	Seismic_Amplification;BFB	Seismic_Amplification:noncanonical;BFB:noncanonicalB	chromosome_arm	35807000	133250001	402	402	8	26	22	29176594	9.253993115166218e-07	5.626816618828092	159152.0	790018.0	1524278.0	False	0.5185185185185185	0.2307692307692307	0	1	2	2	4	9	4	5	0	0	0	0	28	0	5.0	24.0			10	9	2.0	3	3	1	3	sample_residual	coords	1	0	Seismic_Amplification:noncanonical;BFB:noncanonicalB	Seismic_Amplification;BFB	5.37156343460083	0.9953746199607849	BFB	0.22164572775363922	-1.2561014890670776	-1.8507050275802612	0.1357901394367218	-1.4429935216903687	0.1910821944475174	-1.696868658065796	0.15487466752529144	-1.2561014890670776	0.22164572775363922
MDA_MD_361:chr14:47643782-51330988:10	MDA_MD_361:chr14:47643782-51330988:10	MDA_MD_361	chr14	q	47643782	51330988	candidate_region_label	BFB	region	candidate_region	3	16	16	candidate_region_with_context	49315739	51330988	sv_attention	0.9991	0.5466	HP1	0.2808	0.0411	58.0	6.0	0.6161	5.0524	C9	BFB	BFB:noncanonical	chromosome_arm	17600000	107000001	402	402	8	3	3	3687207	8.136239706639741e-07	5.668465860473795	1007624.0	1493340.0	1582649.5	False	0.6666666666666666	0.5	0	0	0	0	1	1	0	1	0	0	0	0	4	1	1.0	4.0	4.0	4.0	0	0	2.0	0	2	0	0	sample_residual	coords	1	0	BFB:noncanonical	BFB	4.4760050773620605	0.9887492656707764	BFB	0.2676137387752533	-1.0067633390426636	-4.143492698669434	0.015619495883584023	-2.181722640991211	0.1014038473367691	-3.384528875350952	0.03278248757123947	-1.0067633390426636	0.2676137387752533
MDA_MD_361:chr16:51942547-78700068:11	MDA_MD_361:chr16:51942547-78700068:11	MDA_MD_361	chr16	q	51942547	78700068	candidate_region_label	chromothripsis;BFB	region	candidate_region	24	44	44	candidate_region_with_context	51943027	78700068	sv_attention	1.0	1.0	mixed_HP	0.1596	0.5968	234.0	169.0	2.07	1.5102	C7	chromothripsis;BFB	chromothripsis:noncanonical;BFB:noncanonicalB	chromosome_arm	36800000	90300001	402	402	8	23	24	26757522	8.96944044370028e-07	3.5802590015622524	320176.0	502373.5	1251290.25	False	0.5833333333333334	0.1304347826086956	0	0	3	6	8	6	1	0	0	0	0	0	27	0	1.0	1.0			5	2	1.0	7	11	1	7	sample_residual	coords	1	0	chromothripsis:noncanonical;BFB:noncanonicalB	chromothripsis;BFB	5.2220940589904785	0.9946329593658447	chromothripsis	0.3993394076824188	-0.4082183241844177	-2.4321722984313965	0.08075206726789474	-2.417692184448242	0.08183349668979645	-0.4082183241844177	0.3993394076824188	-2.322601795196533	0.08926831185817719
MDA_MD_361:chr17:28000001-83257441:12	MDA_MD_361:chr17:28000001-83257441:12	MDA_MD_361	chr17	q	28000001	83257441	candidate_region_label	Seismic_Amplification;BFB	region	candidate_region	100	203	203	candidate_region_with_context	35534892	83257441	sv_attention	1.0	0.8636	HP1	0.5555	0.4074	1536.0	284.0	3.4426	1.8914	C10	Seismic_Amplification;BFB	Seismic_Amplification:noncanonical;BFB:noncanonicalB	chromosome_arm	25150000	83250001	402	402	8	100	73	55257441	1.8097110215436868e-06	5.333532274865932	95306.75	217469.5	598888.25	False	0.28	0.0404040404040404	7	1	3	3	7	6	13	9	33	18	0	0	102	0	88.0	91.0			21	28	3.0	13	34	3	13	sample_residual	coords	1	0	Seismic_Amplification:noncanonical;BFB:noncanonicalB	Seismic_Amplification;BFB	5.87366247177124	0.9971953630447388	Seismic_Amplification	0.4015001356601715	-0.3992185592651367	-2.4163036346435547	0.08193787932395935	-0.3992185592651367	0.4015001356601715	-2.5250370502471924	0.07412152737379074	-1.9074459075927734	0.12926806509494781
MDA_MD_361:chr20:32000001-64444167:13	MDA_MD_361:chr20:32000001-64444167:13	MDA_MD_361	chr20	q	32000001	64444167	candidate_region_label	BFB	region	candidate_region	22	44	44	candidate_region_with_context	44194276	64444167	sv_attention	1.0	0.6241	HP2	-0.5223	0.3631	135.0	383.0	0.6953	2.865	C11	BFB	BFB:noncanonicalB	chromosome_arm	28120000	64400001	402	402	8	21	20	32444167	6.780879903620271e-07	3.55823797232951	218764.5	861159.5	2271656.5	False	0.5454545454545454	0.3333333333333333	0	0	3	6	6	4	2	1	0	0	0	0	20	1	13.0	13.0	13.0	13.0	5	2	1.0	4	6	2	4	sample_residual	coords	1	0	BFB:noncanonicalB	BFB	6.540396213531494	0.9985582232475281	chromothripsis	0.16077494621276855	-1.6524734497070312	-2.9533348083496094	0.049579136073589325	-2.8683199882507324	0.053742025047540665	-1.6524734497070312	0.16077494621276855	-1.7317923307418823	0.15035846829414368
MDA_MD_453:chr11:5412452-30053792:1	MDA_MD_453:chr11:5412452-30053792:1	MDA_MD_453	chr11	p	5412452	30053792	candidate_region_label	Seismic_Amplification	region	candidate_region	29	49	49	candidate_region_with_context	22485532	30053792	sv_attention	1.0	0.3071	HP1	0.4095	0.2127	190.0	80.0	1.1961	0.496	C1	Seismic_Amplification	Seismic_Amplification:noncanonical	chromosome_arm	0	53714000	402	402	8	28	22	24641341	1.1768840015646876e-06	1.6921665910958337	103741.0	231893.0	887738.0	False	0.5172413793103449	0.25	0	5	6	9	6	1	2	0	0	0	0	0	30	0					9	5	0.0	8	8	0	8	sample_residual	coords	1	0	Seismic_Amplification:noncanonical	Seismic_Amplification	4.989276885986328	0.9932355284690857	Seismic_Amplification	0.2141132950782776	-1.300307273864746	-2.593019962310791	0.06958899646997452	-1.300307273864746	0.2141132950782776	-1.5917032957077026	0.1691443920135498	-2.7219223976135254	0.06169208884239197
MDA_MD_453:chr11:65963805-104848322:2	MDA_MD_453:chr11:65963805-104848322:2	MDA_MD_453	chr11	q	65963805	104848322	candidate_region_label	Seismic_Amplification	region	candidate_region	48	81	81	candidate_region_with_context	67992151	104848322	sv_attention	1.0	0.9478	mixed_HP	-0.0672	0.8422	261.0	230.0	1.0095	1.9949	C1	Seismic_Amplification	Seismic_Amplification:noncanonical	chromosome_arm	53714000	135076382	402	402	8	48	45	38884518	1.2344244565407757e-06	3.0043789921736974	219883.0	433696.0	935148.0	False	0.6666666666666666	0.3617021276595745	0	1	12	19	13	3	0	0	0	0	0	0	52	0					22	2	0.0	7	21	0	7	sample_residual	coords	1	0	Seismic_Amplification:noncanonical	Seismic_Amplification	5.153513431549072	0.9942541718482971	Seismic_Amplification	0.24855537712574005	-1.1063318252563477	-1.2785491943359375	0.21779729425907135	-1.1063318252563477	0.24855537712574005	-1.5014281272888184	0.18221260607242584	-2.1775567531585693	0.10178408771753311
MDA_MD_453:chr17:39541414-83257441:3	MDA_MD_453:chr17:39541414-83257441:3	MDA_MD_453	chr17	q	39541414	83257441	candidate_region_label	Seismic_Amplification	region	candidate_region	53	79	79	candidate_region_with_context	45819434	83257441	sv_attention	0.9996	0.8564	mixed_HP	0.1634	0.3	450.0	229.0	1.1647	1.6112	C1	Seismic_Amplification	Seismic_Amplification:noncanonical	chromosome_arm	25150000	83250001	402	402	8	53	46	43716028	1.212369980182097e-06	2.7757872238529995	126033.0	418842.0	1036728.0	False	0.4339622641509434	0.1153846153846153	2	2	9	8	12	11	2	3	4	0	0	0	52	0					9	16	0.0	8	18	1	8	sample_residual	coords	1	0	Seismic_Amplification:noncanonical	Seismic_Amplification	5.290722370147705	0.9949871301651001	Seismic_Amplification	0.29003870487213135	-0.8951960802078247	-1.2449915409088135	0.22356835007667542	-0.8951960802078247	0.29003870487213135	-1.9657833576202393	0.12284252047538757	-2.3017234802246094	0.09098032861948013
MDA_MD_453:chr22:46258149-50818468:4		MDA_MD_453	chr22	q	46258149	50818468	candidate_region_empty		empty_candidate_region	candidate_region	5	2	2	candidate_region_with_context	47424043	47560789	sv_attention	0.5569	0.03	mixed_HP	-0.1674	0.8077	12.0	14.0	1.0	2.0695	C2			chromosome_arm	15050000	50800001	402	402	8	5	4	4560320	1.0964142867167215e-06	3.065144112693846	136745.0	576861.0	589035.0	False	0.6	0.25	0	1	1	2	1	0	0	0	0	0	0	0	4	0					2	2	0.0	0	0	0	0	sample_residual	coords	0	1			-2.4943461418151855	0.07625548541545868	chromothripsis	0.3135136067867279	-0.783743679523468	-4.174598217010498	0.015148366801440716	-0.8326847553253174	0.30307769775390625	-0.783743679523468	0.3135136067867279	-4.0734429359436035	0.01673390343785286
ME180:chr7:10499860-18905252:1		ME180	chr7	p	10499860	18905252	candidate_region_empty		empty_candidate_region	candidate_region	5	5	5	candidate_region_with_context	17699259	18905252	sv_attention	0.7955	0.1435	mixed_HP	0.177	0.2	66.0	23.0	0.4198	1.067	C1			chromosome_arm	0	59904000	402	402	8	5	4	8405393	5.948561834051067e-07	1.4868122168707638	241682.0	995290.0	3207284.0	False	0.6	0.0	0	2	1	1	1	0	0	0	0	0	0	0	6	0					2	2	0.0	2	0	0	2	sample_residual	coords	0	1			-2.115525245666504	0.1075969785451889	chromothripsis	0.2880324721336365	-0.9049590229988098	-2.1208949089050293	0.10708247125148773	-1.6317168474197388	0.1635953038930893	-0.9049590229988098	0.2880324721336365	-3.970472812652588	0.01851523108780384
ME180:chr7:63000001-74291634:2	ME180:chr7:63000001-74291634:2	ME180	chr7	q	63000001	74291634	candidate_region_label	chromothripsis	region	candidate_region	7	11	11	candidate_region_with_context	67699617	74291634	sv_attention	0.989	0.5838	HP1	0.4393	0.2524	46.0	9.0	1.1263	1.19	C2	chromothripsis	chromothripsis:noncanonicalB	chromosome_arm	59904000	159300001	402	402	8	7	6	11291634	6.199279927068129e-07	2.316350228850846	719022.5	1426225.0	2080084.0	True	0.8571428571428571	0.6666666666666666	0	0	3	3	1	0	0	0	0	0	0	0	7	0					0	0	0.0	1	5	1	1	sample_residual	coords	1	0	chromothripsis:noncanonicalB	chromothripsis	3.8370721340179443	0.978898286819458	chromothripsis	0.46784865856170654	-0.1287829875946045	-2.4036824703216553	0.08289232105016708	-3.026628255844116	0.046237293630838394	-0.1287829875946045	0.46784865856170654	-2.518556594848633	0.07456748932600021
ME180:chr10:57791209-62454072:3	ME180:chr10:57791209-62454072:3	ME180	chr10	q	57791209	62454072	candidate_region_label	BFB	region	candidate_region	5	7	7	candidate_region_with_context	57817688	61582515	sv_attention	0.9186	0.8074	mixed_HP	-0.0667	0.2	11.0	44.0	2.5466	0.0	C3	BFB	BFB:noncanonicalB	chromosome_arm	40246000	133750001	402	402	8	5	4	4662864	1.0723023446534149e-06	2.5466134118430217	117281.0	213674.0	871556.0	False	0.6	0.0	0	0	1	1	2	1	0	0	0	0	0	0	6	0	3.0	6.0			0	2	2.0	0	2	0	0	sample_residual	coords	1	0	BFB:noncanonicalB	BFB	4.33794641494751	0.987105131149292	BFB	0.1714317500591278	-1.5755140781402588	-4.345381259918213	0.012800583615899086	-1.7752381563186646	0.1448921263217926	-2.1643152236938477	0.10300108045339584	-1.5755140781402588	0.1714317500591278
ME180:chr17:28000001-32569913:4	ME180:chr17:28000001-32569913:4	ME180	chr17	q	28000001	32569913	candidate_region_label	chromothripsis	region	candidate_region	4	2	2	candidate_region_with_context	32229170	32569913	sv_attention	0.3	0.0746	mixed_HP	-0.1108	0.3	4.0	8.0	2.0746	1.0354	C4	chromothripsis	chromothripsis:noncanonicalB	chromosome_arm	25150000	83250001	402	402	8	4	4	4569913	8.752901860494937e-07	3.109920473321921	295952.75	487090.0	1333615.5	True	1.0	1.0	0	0	0	2	2	0	0	0	0	0	0	0	4	0					0	4	0.0	0	0	0	0	sample_residual	coords	1	0	chromothripsis:noncanonicalB	chromothripsis	3.14601469039917	0.9587514400482178	chromothripsis	0.4166710078716278	-0.3364543914794922	-4.007685661315918	0.0178509633988142	-3.1774680614471436	0.04002249985933304	-0.3364543914794922	0.4166710078716278	-3.043980121612549	0.045478079468011856
MS751:chr7:48283690-57999999:1	MS751:chr7:48283690-57999999:1	MS751	chr7	p	48283690	57999999	candidate_region_label	Seismic_Amplification	region	candidate_region	11	15	15	candidate_region_with_context	52251606	57999999	sv_attention	0.9986	0.5916	HP1	0.254	0.0053	127.0	21.0	2.1513	10.9037	C1	Seismic_Amplification	Seismic_Amplification:noncanonical	chromosome_arm	0	59904000	402	402	8	11	9	9716310	1.1321170279663782e-06	13.055025827706196	255742.0	691826.0	917646.0	False	0.2727272727272727	0.0	1	0	1	1	0	2	0	1	1	3	1	0	11	0					4	4	0.0	2	1	0	2	sample_residual	coords	1	0	Seismic_Amplification:noncanonical	Seismic_Amplification	3.3060104846954346	0.9646344780921936	Seismic_Amplification	0.6758632659912109	0.7348253130912781	-1.1774173974990845	0.23551687598228455	0.7348253130912781	0.6758632659912109	-3.567307233810425	0.027456622570753098	-1.8464356660842896	0.13629193603992462
MS751:chr7:106848449-115027870:2	MS751:chr7:106848449-115027870:2	MS751	chr7	q	106848449	115027870	candidate_region_label	Seismic_Amplification	region	candidate_region	4	4	4	candidate_region_with_context	111163946	111441501	sv_attention	0.8544	0.0339	HP1	0.5143	0.3524	23.0	1.0	2.2967	4.1769	C1	Seismic_Amplification	Seismic_Amplification:noncanonical	chromosome_arm	59904000	159300001	402	402	8	4	4	8179422	4.890321100928648e-07	6.473626009270582	1093784.75	2157749.5	3108820.25	False	0.5	0.3333333333333333	1	0	0	0	1	1	0	0	1	0	0	0	5	0					3	1	0.0	0	0	1	0	sample_residual	coords	1	0	Seismic_Amplification:noncanonical	Seismic_Amplification	1.1656286716461182	0.7623540163040161	Seismic_Amplification	0.1549578458070755	-1.6962333917617798	-2.2874913215637207	0.09216423332691193	-1.6962333917617798	0.1549578458070755	-1.9356591701507568	0.1261255145072937	-3.319364070892334	0.034912824630737305
MS751:chr11:33747903-50999999:3	MS751:chr11:33747903-50999999:3	MS751	chr11	p	33747903	50999999	candidate_region_label	chromothripsis;BFB	region	candidate_region	9	13	13	candidate_region_with_context	36367554	50999999	sv_attention	0.993	0.8482	mixed_HP	0.2516	0.9766	54.0	53.0	2.9625	0.4502	C2	chromothripsis;BFB	chromothripsis:noncanonical;BFB:noncanonicalB	chromosome_arm	0	53714000	402	402	8	9	9	17252097	5.216757128133467e-07	3.4127167845161086	492516.0	1285157.0	2619653.0	False	0.6666666666666666	0.375	0	1	0	3	3	2	0	0	0	0	0	0	9	0	2.0	5.0			1	2	2.0	0	2	2	0	sample_residual	coords	1	0	chromothripsis:noncanonical;BFB:noncanonicalB	chromothripsis;BFB	5.006267070770264	0.9933486580848694	BFB	0.1882796585559845	-1.461227536201477	-3.4512312412261963	0.030732162296772003	-3.022373676300049	0.04642528295516968	-1.5858992338180542	0.16996163129806519	-1.461227536201477	0.1882796585559845
MS751:chr15:37362100-45708613:4	MS751:chr15:37362100-45708613:4	MS751	chr15	q	37362100	45708613	candidate_region_label	BFB	region	candidate_region	4	7	7	candidate_region_with_context	40704202	40879455	sv_attention	0.822	0.021	mixed_HP	0.4769	0.3314	50.0	8.0	2.9942	3.1018	C3	BFB	BFB:noncanonicalB	chromosome_arm	19050000	101950001	402	402	8	4	3	8346514	4.792419925252627e-07	6.09597803346403	106174.75	1733782.5	3714236.25	False	0.75	0.3333333333333333	0	0	0	0	0	0	2	1	0	1	0	0	5	1	2.0	4.0	4.0	4.0	0	0	3.0	1	0	1	1	sample_residual	coords	1	0	BFB:noncanonicalB	BFB	5.226639270782471	0.9946570992469788	BFB	0.22909913957118988	-1.2134050130844116	-3.180635929107666	0.03990096598863602	-2.1207172870635986	0.10709945857524872	-3.655407428741455	0.025199532508850098	-1.2134050130844116	0.22909913957118988
MS751:chr16:69041496-72273989:5		MS751	chr16	q	69041496	72273989	candidate_region_empty		empty_candidate_region	candidate_region	6	6	6	candidate_region_with_context	69456209	72273989	sv_attention	0.9457	0.8717	mixed_HP	-0.6526	0.2396	0.0	37.0	2.9585	2.7187	C4			chromosome_arm	36800000	90300001	402	402	8	6	4	3232494	1.8561519371729687e-06	5.677221365298744	95072.0	150931.0	263368.5	False	0.6666666666666666	0.4	0	0	1	0	2	1	2	0	0	0	0	0	7	0					4	0	0.0	0	3	0	0	sample_residual	coords	0	1			-1.0684033632278442	0.2557068467140198	chromothripsis	0.5311751365661621	0.12486257404088974	-4.862412929534912	0.007672482635825872	-1.5487821102142334	0.1752622425556183	0.12486257404088974	0.5311751365661621	-4.430030345916748	0.011773853562772274
MS751:chr19:47170733-58617616:6	MS751:chr19:47170733-58617616:6	MS751	chr19	q	47170733	58617616	candidate_region_label	chromothripsis	region	candidate_region	7	12	12	candidate_region_with_context	53631664	54888031	sv_attention	0.9973	0.1098	mixed_HP	0.2532	0.3207	67.0	25.0	2.9621	4.0364	C5	chromothripsis	chromothripsis:noncanonicalB	chromosome_arm	26260000	58600001	402	402	8	7	6	11446884	6.115201307185432e-07	6.990889747812592	216304.5	1083679.0	2832397.5	True	0.7142857142857143	0.6666666666666666	0	0	1	3	0	0	2	0	0	1	0	0	7	0					0	0	0.0	6	1	0	6	sample_residual	coords	1	0	chromothripsis:noncanonicalB	chromothripsis	4.436183929443359	0.9882975220680237	chromothripsis	0.2930770218372345	-0.8804861903190613	-3.689624786376953	0.024372516199946404	-2.973416328430176	0.048641387373209	-0.8804861903190613	0.2930770218372345	-3.0530219078063965	0.045087188482284546
MS751:chr21:19398366-46709983:7	MS751:chr21:19398366-46709983:7	MS751	chr21	q	19398366	46709983	candidate_region_label	chromothripsis	region	candidate_region	24	25	25	candidate_region_with_context	23871052	46709983	sv_attention	0.9727	0.8362	mixed_HP	-0.2598	0.3	93.0	197.0	2.0212	2.2892	C6	chromothripsis	chromothripsis:noncanonical	chromosome_arm	12910000	46700001	402	402	8	24	19	27311618	8.787469127607159e-07	4.309493088252772	170777.75	772574.5	1756691.5	False	0.4166666666666667	0.1304347826086956	0	4	3	3	4	3	6	1	0	0	0	0	23	0					3	7	0.0	6	6	1	6	sample_residual	coords	1	0	chromothripsis:noncanonical	chromothripsis	4.770828723907471	0.9915977716445923	chromothripsis	0.40283775329589844	-0.393655002117157	-2.6368908882141113	0.06680159270763397	-1.7982268333435059	0.1420670598745346	-0.393655002117157	0.40283775329589844	-2.9516282081604004	0.049659617245197296
QGU:chr2:115422297-144073596:1	QGU:chr2:115422297-144073596:1	QGU	chr2	q	115422297	144073596	candidate_region_label	chromothripsis	region	candidate_region	19	40	40	candidate_region_with_context	116176514	144073596	sv_attention	1.0	0.9737	mixed_HP	0.3082	0.3	116.0	52.0	2.111	1.52	C1	chromothripsis	chromothripsis:canonical	chromosome_arm	93989000	242150001	402	402	8	19	17	28651300	6.631461748681561e-07	3.6310865475563054	505738.0	1108829.0	2895774.5	True	0.8947368421052632	0.8333333333333334	0	0	1	8	9	1	0	0	0	0	0	0	20	0					7	7	0.0	1	5	0	1	sample_residual	coords	1	0	chromothripsis:canonical	chromothripsis	3.6018893718719482	0.9734519124031067	chromothripsis	0.6096943020820618	0.4460272192955017	-2.7416493892669678	0.06055999547243118	-2.784461259841919	0.058169662952423096	0.4460272192955017	0.6096943020820618	-2.904871940612793	0.05191325023770332
QGU:chr3:172406302-179767780:2		QGU	chr3	q	172406302	179767780	candidate_region_empty		empty_candidate_region	candidate_region	5	4	4	candidate_region_with_context	174551816	175245224	sv_attention	0.6331	0.0942	mixed_HP	0.1821	0.2	30.0	12.0	2.0467	3.8937	C2			chromosome_arm	90951000	198250001	402	402	8	5	4	7361479	6.792113378303463e-07	5.940381545610603	346704.0	388292.0	1757224.0	False	0.6	0.25	1	0	0	0	1	0	2	1	0	0	0	0	6	0					4	0	0.0	1	1	0	1	sample_residual	coords	0	1			-2.436420440673828	0.08043728768825531	chromothripsis	0.29591163992881775	-0.8668429255485535	-1.680605411529541	0.15701532363891602	-1.2234265804290771	0.22733399271965027	-0.8668429255485535	0.29591163992881775	-4.404058933258057	0.01207990013062954
QGU:chr5:176778825-181538259:3	QGU:chr5:176778825-181538259:3	QGU	chr5	q	176778825	181538259	candidate_region_label	BFB	region	candidate_region	2	2	2	candidate_region_with_context	176783944	176789065	sv_attention	0.5582	0.0011	HP1	0.7778	0.7037	1.0	0.0	4.0	2.0	C3	BFB	BFB:noncanonicalB	chromosome_arm	48464000	181500001	402	402	8	2	1	4759435	4.202179460377125e-07	5.967846603640979	1208987.75	2379717.5	3550447.25	False	0.0	0.0	0	0	1	0	0	0	1	0	0	0	0	0	1	0	1.0	1.0			0	0	1.0	0	0	0	0	sample_residual	coords	1	0	BFB:noncanonicalB	BFB	5.064742088317871	0.9937240481376648	BFB	0.2966744601726532	-0.8631843328475952	-4.404107570648193	0.012079319916665554	-2.945952892303467	0.04992813989520073	-2.642914056777954	0.06642709672451019	-0.8631843328475952	0.2966744601726532
QGU:chr9:127119959-130795122:4	QGU:chr9:127119959-130795122:4	QGU	chr9	q	127119959	130795122	candidate_region_label	Seismic_Amplification;chromothripsis;BFB	region	candidate_region	6	12	12	candidate_region_with_context	127199799	128999477	sv_attention	0.8818	0.4897	mixed_HP	-0.1247	0.5968	36.0	26.0	1.0186	5.6986	C4	Seismic_Amplification;chromothripsis;BFB	Seismic_Amplification:noncanonical;chromothripsis:noncanonicalB;BFB:noncanonicalB	chromosome_arm	49224000	138350001	402	402	8	6	4	3675164	1.6325802059445511e-06	6.717168267865053	89691.0	262582.5	1079381.25	False	0.6666666666666666	0.2	0	0	0	0	2	2	0	0	2	0	0	0	7	0	2.0	3.0			0	3	2.0	1	1	0	1	sample_residual	coords	1	0	Seismic_Amplification:noncanonical;chromothripsis:noncanonicalB;BFB:noncanonicalB	Seismic_Amplification;chromothripsis;BFB	4.397969722747803	0.9878472089767456	Seismic_Amplification	0.5065614581108093	0.026247385889291763	-3.5343353748321533	0.028350913897156715	0.026247385889291763	0.5065614581108093	-3.5744192600250244	0.027267349883913994	-1.3813759088516235	0.20078812539577484
QGU:chr11:93742459-102600648:5	QGU:chr11:93742459-102600648:5	QGU	chr11	q	93742459	102600648	candidate_region_label	ecDNA;Seismic_Amplification;BFB	region	candidate_region	8	11	11	candidate_region_with_context	97399342	101664969	sv_attention	0.9877	0.4815	mixed_HP	-0.4433	0.4071	11.0	850.0	13.684	3.2213	C5	ecDNA;Seismic_Amplification;BFB	ecDNA;Seismic_Amplification:noncanonical;BFB:noncanonical	chromosome_arm	53714000	135050001	402	402	8	8	6	8858190	9.031190344754402e-07	16.905357527892267	280878.5	544546.5	1582918.5	False	0.375	0.2857142857142857	0	0	0	0	0	1	2	0	1	1	1	2	9	1	1.0	9.0	9.0	9.0	2	0	6.0	1	0	0	1	sample_residual	coords	1	0	ecDNA;Seismic_Amplification:noncanonical;BFB:noncanonical	ecDNA;Seismic_Amplification;BFB	5.499094009399414	0.9959262609481812	ecDNA	0.8589639663696289	1.8067121505737305	1.8067121505737305	0.8589639663696289	0.7928107380867004	0.6884345412254333	-5.3114166259765625	0.004910696763545275	-0.5652067065238953	0.36234360933303833
QGU:chr15:39234408-44841817:6	QGU:chr15:39234408-44841817:6	QGU	chr15	q	39234408	44841817	candidate_region_label	BFB	region	candidate_region	5	4	4	candidate_region_with_context	39564008	39591714	sv_attention	0.6321	0.0049	HP2	-0.2638	0.0184	11.0	39.0	2.2351	1.1296	C6	BFB	BFB:noncanonicalB	chromosome_arm	19050000	101950001	402	402	8	5	5	5607410	8.916772627648058e-07	3.3646888670527035	312631.0	329602.0	1910304.0	False	0.6	0.25	0	0	1	2	1	0	0	0	1	0	0	0	6	1	2.0	2.0	2.0	2.0	2	3	1.0	0	0	0	0	sample_residual	coords	1	0	BFB:noncanonicalB	BFB	5.745156764984131	0.9968119263648987	BFB	0.222636416554451	-1.2503682374954224	-3.8166861534118652	0.021526983007788658	-1.2685245275497437	0.21950995922088623	-3.1637861728668213	0.04055148735642433	-1.2503682374954224	0.222636416554451
QGU:chr18:0-14999999:7	QGU:chr18:0-14999999:7	QGU	chr18	p	0	14999999	candidate_region_label	BFB	region	candidate_region	8	16	16	candidate_region_with_context	4009693	5086135	sv_attention	0.8113	0.0718	mixed_HP	0.1745	0.938	59.0	62.0	4.2414	1.1509	C7	BFB	BFB:noncanonicalB	chromosome_arm	0	18540000	402	402	8	8	7	15000000	5.333333333333333e-07	5.3922984	733344.5	1547474.0	2936361.75	False	0.375	0.0	0	0	1	1	2	0	0	0	1	2	1	0	8	2	1.0	6.0	5.0	6.0	0	0	5.0	2	1	0	2	sample_residual	coords	1	0	BFB:noncanonicalB	BFB	5.568234920501709	0.9961973428726196	BFB	0.18170592188835144	-1.504832148551941	-2.387408494949341	0.0841379165649414	-1.677208423614502	0.15746547281742096	-2.938000202178955	0.05030672624707222	-1.504832148551941	0.18170592188835144
QGU:chr19:10628859-17258292:8		QGU	chr19	p	10628859	17258292	candidate_region_empty		empty_candidate_region	candidate_region	6	10	10	candidate_region_with_context	11042859	15120256	sv_attention	0.7935	0.615	mixed_HP	-0.0661	0.3119	79.0	139.0	2.536	1.2146	C8			chromosome_arm	0	26260000	402	402	8	6	6	6629434	9.050546396570204e-07	3.750677961346323	534129.5	949735.5	1667359.75	False	0.6666666666666666	0.4	0	0	1	0	3	0	1	1	0	0	0	0	7	0					3	2	0.0	0	0	2	0	sample_residual	coords	0	1			-1.2530218362808228	0.22217749059200287	chromothripsis	0.38233721256256104	-0.47963958978652954	-2.8636717796325684	0.05397889018058777	-2.4136900901794434	0.08213470876216888	-0.47963958978652954	0.38233721256256104	-4.538949966430664	0.010571666061878204
SCC090:chr11:42492627-50999999:1	SCC090:chr11:42492627-50999999:1	SCC090	chr11	p	42492627	50999999	candidate_region_label	chromothripsis	region	candidate_region	7	8	8	candidate_region_with_context	46414182	48181254	sv_attention	0.9752	0.2077	HP1	1.0	1.0	5.0	0.0	2.0877	0.0	C1	chromothripsis	chromothripsis:noncanonicalB	chromosome_arm	0	53714000	402	402	8	7	6	8507373	8.228156917534943e-07	2.087652910011116	258330.0	643691.0	1927695.0	False	0.7142857142857143	0.5	1	2	3	0	1	0	0	0	0	0	0	0	7	0					2	2	0.0	1	0	2	1	sample_residual	coords	1	0	chromothripsis:noncanonicalB	chromothripsis	0.3703862726688385	0.5915523171424866	chromothripsis	0.31498661637306213	-0.776908278465271	-2.5447709560394287	0.07277856767177582	-2.441988706588745	0.08002638071775436	-0.776908278465271	0.31498661637306213	-3.8966870307922363	0.019904835149645805
SCC090:chr13:25010024-30018501:2	SCC090:chr13:25010024-30018501:2	SCC090	chr13	q	25010024	30018501	candidate_region_label	Seismic_Amplification;BFB	region	candidate_region	4	5	5	candidate_region_with_context	29085611	30018501	sv_attention	0.7943	0.1863	HP2	-0.7367	0.6489	0.0	35.0	2.0037	3.069	C2	Seismic_Amplification;BFB	Seismic_Amplification:noncanonical;BFB:noncanonical	chromosome_arm	17900000	114350001	402	402	8	4	3	5008478	7.98645816154129e-07	5.072672177056583	651683.5	888487.5	1488923.5	False	0.5	0.3333333333333333	0	0	0	0	1	0	1	0	2	0	0	0	5	1	5.0	5.0	5.0	5.0	0	0	1.0	2	2	0	2	sample_residual	coords	1	0	Seismic_Amplification:noncanonical;BFB:noncanonical	Seismic_Amplification;BFB	6.921297550201416	0.9990143775939941	BFB	0.32822147011756897	-0.7162402272224426	-1.8825116157531738	0.1321006417274475	-1.3788988590240479	0.2011859267950058	-3.9077000617980957	0.019691117107868195	-0.7162402272224426	0.32822147011756897
SCC154:chr3:11563306-15377266:1	SCC154:chr3:11563306-15377266:1	SCC154	chr3	p	11563306	15377266	candidate_region_label	BFB	region	candidate_region	1	4	4	candidate_region_with_context	11563339	11565761	sv_attention	0.6321	0.0006	HP2	-0.2727	0.0303	2.0	42.0	2.0	0.0	C1	BFB	BFB:noncanonicalB	chromosome_arm	0	90951000	402	402	8	1	1	3813961	2.621946055557464e-07	2.0	3813961.0	3813961.0	3813961.0	False	0.0	0.0	0	0	1	0	0	0	0	0	0	0	0	0	3	0	2.0	2.0			0	0	1.0	2	0	0	2	sample_residual	coords	1	0	BFB:noncanonicalB	BFB	5.034979343414307	0.9935357570648193	BFB	0.30632051825523376	-0.8173779845237732	-4.560980319976807	0.010343697853386402	-3.345461845397949	0.034044090658426285	-2.672546863555908	0.06461287289857864	-0.8173779845237732	0.30632051825523376
SCC154:chr8:7382377-18646857:2		SCC154	chr8	p	7382377	18646857	candidate_region_empty		empty_candidate_region	candidate_region	5	7	7	candidate_region_with_context	13253046	18646857	sv_attention	0.9288	0.4788	mixed_HP	-0.1054	0.2	26.0	64.0	3.2406	1.0	C2			chromosome_arm	0	45644000	402	402	8	5	4	11264481	4.438730910017071e-07	4.240629639306063	466701.0	1041317.0	4829354.0	False	0.6	0.0	0	0	1	1	2	1	0	0	0	0	0	0	6	0					0	2	0.0	0	4	0	0	sample_residual	coords	0	1			-0.376054972410202	0.40707874298095703	chromothripsis	0.4702305197715759	-0.11921895295381546	-2.651892900466919	0.0658724382519722	-1.992667555809021	0.11997491866350174	-0.11921895295381546	0.4702305197715759	-3.710129737854004	0.023889662697911263
SCC154:chr10:0-7022269:3	SCC154:chr10:0-7022269:3	SCC154	chr10	p	0	7022269	candidate_region_label	chromothripsis	region	candidate_region	4	5	5	candidate_region_with_context	2935600	5504001	sv_attention	0.8014	0.3658	mixed_HP	0.2151	0.2	42.0	16.0	0.582	0.9723	C3	chromothripsis	chromothripsis:noncanonicalB	chromosome_arm	0	40246000	402	402	8	4	4	7022270	5.696163776100891e-07	1.5542395834965046	397828.25	1700578.5	3058317.75	True	1.0	1.0	0	2	2	0	0	0	0	0	0	0	0	0	4	0					2	0	0.0	0	0	2	0	sample_residual	coords	1	0	chromothripsis:noncanonicalB	chromothripsis	3.734692096710205	0.9766765236854553	chromothripsis	0.2835331857204437	-0.9270028471946716	-2.8918075561523438	0.05256003141403198	-3.000727653503418	0.047393009066581726	-0.9270028471946716	0.2835331857204437	-2.7851316928863525	0.05813293904066086
SCC154:chr11:101229977-104063433:4	SCC154:chr11:101229977-104063433:4	SCC154	chr11	q	101229977	104063433	candidate_region_label	Seismic_Amplification;BFB	region	candidate_region	3	3	3	candidate_region_with_context	101403302	104063433	sv_attention	0.8647	0.9388	mixed_HP	-0.3882	0.6429	27.0	36.0	0.553	8.5881	C4	Seismic_Amplification;BFB	Seismic_Amplification:canonical;BFB:noncanonical	chromosome_arm	53714000	135076622	402	402	8	3	3	2833457	1.0587773168959332e-06	9.14109513572996	435090.5	696854.0	1330065.0	False	0.6666666666666666	0.5	0	0	0	0	1	0	0	0	2	0	0	0	4	1	4.0	4.0	4.0	4.0	0	0	1.0	0	2	1	0	sample_residual	coords	1	0	Seismic_Amplification:canonical;BFB:noncanonical	Seismic_Amplification;BFB	5.625339984893799	0.9964075684547424	Seismic_Amplification	0.48738089203834534	-0.050487156957387924	-1.227286458015442	0.2266567051410675	-0.050487156957387924	0.48738089203834534	-4.362092018127441	0.012591123580932617	-0.3788331151008606	0.4064083993434906
SKBR3:chr3:0-39561702:1	SKBR3:chr3:0-39561702:1	SKBR3	chr3	p	0	39561702	candidate_region_label	Seismic_Amplification	region	candidate_region	24	35	35	candidate_region_with_context	3811036	39561702	sv_attention	0.9987	0.9037	mixed_HP	-0.2457	0.3	222.0	410.0	2.0686	2.7535	C1	Seismic_Amplification	Seismic_Amplification:noncanonical	chromosome_arm	0	90951000	402	402	8	23	23	39561703	6.066472922057982e-07	4.822114836664134	381415.5	844298.0	1690386.5	False	0.4583333333333333	0.1304347826086956	0	1	3	6	0	4	3	5	1	1	0	0	25	0					9	6	0.0	0	10	0	0	sample_residual	coords	1	0	Seismic_Amplification:noncanonical	Seismic_Amplification	3.89389967918396	0.9800407886505127	Seismic_Amplification	0.5880628228187561	0.35596299171447754	-2.5444626808166504	0.07279936969280243	0.35596299171447754	0.5880628228187561	-2.0204379558563232	0.11707371473312378	-2.3336877822875977	0.08837112039327621
SKBR3:chr3:151354228-158466862:2	SKBR3:chr3:151354228-158466862:2	SKBR3	chr3	q	151354228	158466862	candidate_region_label	Seismic_Amplification	region	candidate_region	4	9	9	candidate_region_with_context	151357525	158466862	sv_attention	0.9172	0.9995	mixed_HP	-0.1412	0.179	74.0	109.0	2.5371	2.7542	C1	Seismic_Amplification	Seismic_Amplification:noncanonical	chromosome_arm	90951000	198250001	402	402	8	4	4	7112635	5.623794838340503e-07	5.291284031867233	547225.25	962471.5	2193405.0	False	0.5	0.3333333333333333	0	1	0	1	0	0	1	0	0	1	0	0	6	0					2	2	0.0	0	2	0	0	sample_residual	coords	1	0	Seismic_Amplification:noncanonical	Seismic_Amplification	0.9537744522094727	0.7218736410140991	Seismic_Amplification	0.3920433521270752	-0.4387310743331909	-3.4713926315307617	0.03013724833726883	-0.4387310743331909	0.3920433521270752	-2.634899854660034	0.06692582368850708	-3.060324192047119	0.04477383941411972
SKBR3:chr3:178278467-198295559:3	SKBR3:chr3:178278467-198295559:3	SKBR3	chr3	q	178278467	198295559	candidate_region_label	Seismic_Amplification	region	candidate_region	23	47	47	candidate_region_with_context	179003027	198295559	sv_attention	1.0	0.9638	mixed_HP	0.1403	0.3436	225.0	141.0	3.0308	3.2701	C1	Seismic_Amplification	Seismic_Amplification:noncanonical	chromosome_arm	90951000	198250001	402	402	8	23	21	20017093	1.149017991773331e-06	6.291104657404549	264867.0	475611.0	902960.0	False	0.4782608695652174	0.0454545454545454	0	0	1	0	2	5	6	5	4	0	0	0	24	0					4	6	0.0	2	10	2	2	sample_residual	coords	1	0	Seismic_Amplification:noncanonical	Seismic_Amplification	3.4842772483825684	0.970237135887146	Seismic_Amplification	0.6554102301597595	0.642906665802002	-1.763136863708496	0.1463979184627533	0.642906665802002	0.6554102301597595	-2.527492046356201	0.07395321875810623	-2.062561511993408	0.11278925836086273
SKBR3:chr5:138061704-142822544:4	SKBR3:chr5:138061704-142822544:4	SKBR3	chr5	q	138061704	142822544	candidate_region_label	chromothripsis;BFB	region	candidate_region	5	7	7	candidate_region_with_context	138543674	140117514	sv_attention	0.9179	0.3306	mixed_HP	0.0087	0.4101	34.0	55.0	3.7952	1.2722	C2	chromothripsis;BFB	chromothripsis:noncanonicalB;BFB:noncanonicalB	chromosome_arm	48464000	181500001	402	402	8	5	5	4760841	1.0502346119099546e-06	5.067360997773292	487556.0	965160.0	1410036.0	True	0.8	0.75	0	0	0	1	0	2	2	0	0	0	0	0	6	0	3.0	3.0			1	0	1.0	2	2	0	2	sample_residual	coords	1	0	chromothripsis:noncanonicalB;BFB:noncanonicalB	chromothripsis;BFB	4.868969440460205	0.9923772811889648	chromothripsis	0.19421109557151794	-1.4228761196136475	-4.096009254455566	0.01636662147939205	-2.467803716659546	0.0781463086605072	-1.4228761196136475	0.19421109557151794	-1.8103834390640259	0.1405917853116989
SKBR3:chr5:155073273-164481680:5	SKBR3:chr5:155073273-164481680:5	SKBR3	chr5	q	155073273	164481680	candidate_region_label	chromothripsis;BFB	region	candidate_region	10	51	51	candidate_region_with_context	155101794	164481680	sv_attention	1.0	0.997	HP1	0.5895	0.4527	430.0	176.0	4.0082	0.1446	C3	chromothripsis;BFB	chromothripsis:noncanonicalB;BFB:noncanonical	chromosome_arm	48464000	181500001	402	402	8	10	7	9408408	1.0628790758223922e-06	4.152769416462381	83882.75	197913.5	544094.75	False	0.6	0.3333333333333333	1	0	0	0	3	0	3	2	1	0	0	0	12	2	5.0	12.0	5.0	12.0	4	0	2.0	5	1	0	5	sample_residual	coords	1	0	chromothripsis:noncanonicalB;BFB:noncanonical	chromothripsis;BFB	5.064339637756348	0.993721604347229	BFB	0.41170644760131836	-0.35691553354263306	-1.4785703420639038	0.18564346432685852	-1.8691507577896118	0.13364002108573914	-3.295969247817993	0.03570973128080368	-0.35691553354263306	0.41170644760131836
SKBR3:chr6:0-8775217:6	SKBR3:chr6:0-8775217:6	SKBR3	chr6	p	0	8775217	candidate_region_label	chromothripsis	region	candidate_region	13	27	27	candidate_region_with_context	6709076	8775217	sv_attention	1.0	0.2355	mixed_HP	0.1205	0.541	249.0	361.0	2.0755	0.3258	C4	chromothripsis	chromothripsis:noncanonical	chromosome_arm	0	60589000	402	402	8	13	11	8775218	1.48144467749975e-06	2.4013658692011983	103590.0	191813.0	498817.0	False	0.6153846153846154	0.3333333333333333	2	0	4	1	0	1	4	1	0	0	0	0	14	0					3	2	0.0	0	7	2	0	sample_residual	coords	1	0	chromothripsis:noncanonical	chromothripsis	5.156494617462158	0.9942711591720581	chromothripsis	0.48586055636405945	-0.05657298117876053	-4.732623100280762	0.00872652605175972	-2.581178903579712	0.07035958021879196	-0.05657298117876053	0.48586055636405945	-2.975037097930908	0.048566438257694244
SKBR3:chr6:24683776-34294777:7	SKBR3:chr6:24683776-34294777:7	SKBR3	chr6	p	24683776	34294777	candidate_region_label	BFB	region	candidate_region	9	16	16	candidate_region_with_context	26739554	34294777	sv_attention	0.9987	0.7861	mixed_HP	0.1305	0.5833	119.0	85.0	2.1756	1.9359	C5	BFB	BFB:noncanonicalB	chromosome_arm	0	60589000	402	402	8	9	8	9611002	9.364268158512504e-07	4.111555798240391	275477.0	1341969.0	1478155.0	False	0.6666666666666666	0.375	0	0	0	2	2	4	1	0	0	0	0	0	11	0	6.0	6.0			5	0	1.0	3	2	0	3	sample_residual	coords	1	0	BFB:noncanonicalB	BFB	5.358271598815918	0.9953130483627319	BFB	0.23598600924015045	-1.1748136281967163	-3.6536993980407715	0.025241520255804062	-3.2527852058410645	0.03722693398594856	-2.1007015705108643	0.1090286448597908	-1.1748136281967163	0.23598600924015045
SKBR3:chr7:114215974-117502838:8	SKBR3:chr7:114215974-117502838:8	SKBR3	chr7	q	114215974	117502838	candidate_region_label	Seismic_Amplification;BFB	region	candidate_region	6	10	10	candidate_region_with_context	114219432	115616501	sv_attention	0.9983	0.425	HP2	-0.8807	0.8409	39.0	629.0	0.709	10.6848	C6	Seismic_Amplification;BFB	Seismic_Amplification:noncanonical;BFB:noncanonicalB	chromosome_arm	59904000	159300001	402	402	8	6	4	3286865	1.8254476530067408e-06	11.393817817281818	85020.0	150863.0	401194.0	False	0.5	0.0	0	0	1	0	1	0	0	0	0	4	0	0	7	0	1.0	1.0			3	1	1.0	0	2	0	0	sample_residual	coords	1	0	Seismic_Amplification:noncanonical;BFB:noncanonicalB	Seismic_Amplification;BFB	3.3304378986358643	0.965458333492279	Seismic_Amplification	0.676425576210022	0.7373934388160706	-4.672824382781982	0.0092593003064394	0.7373934388160706	0.676425576210022	-3.5612332820892334	0.02761928178369999	-1.9799455404281616	0.12132465839385986
SKBR3:chr7:128941972-133164006:9	SKBR3:chr7:128941972-133164006:9	SKBR3	chr7	q	128941972	133164006	candidate_region_label	Seismic_Amplification;BFB	region	candidate_region	3	4	4	candidate_region_with_context	129509162	133164006	sv_attention	0.6156	0.8657	HP2	-0.6404	0.5206	40.0	200.0	1.7313	6.6724	C6	Seismic_Amplification;BFB	Seismic_Amplification:noncanonical;BFB:noncanonicalB	chromosome_arm	59904000	159300001	402	402	8	3	3	4222035	7.105578234192753e-07	8.403718585942562	882075.5	1196959.0	1827421.5	True	1.0	1.0	0	0	2	0	0	0	0	0	0	1	0	0	4	1	1.0	1.0	1.0	1.0	1	1	1.0	1	0	0	1	sample_residual	coords	1	0	Seismic_Amplification:noncanonical;BFB:noncanonicalB	Seismic_Amplification;BFB	4.597906589508057	0.9900274872779846	chromothripsis	0.17987963557243347	-1.5171631574630737	-3.829270124435425	0.02126350626349449	-2.152378559112549	0.10410916060209274	-1.5171631574630737	0.17987963557243347	-1.953154444694519	0.12420981377363205
SKBR3:chr8:70318233-91550065:10	SKBR3:chr8:70318233-91550065:10	SKBR3	chr8	q	70318233	91550065	candidate_region_label	ecDNA;Seismic_Amplification;BFB	region	candidate_region	73	129	129	candidate_region_with_context	70941166	91550065	sv_attention	1.0	0.9707	HP2	-0.2918	0.0557	227.0	5424.0	15.5726	0.2854	C7	ecDNA;Seismic_Amplification;BFB	ecDNA;Seismic_Amplification:noncanonical;BFB:noncanonicalB	chromosome_arm	45644000	145100001	402	402	8	73	49	21231833	3.4382335241615737e-06	15.858015509070745	83221.0	171336.0	303280.0	False	0.1095890410958904	0.0	4	0	0	3	3	1	1	2	6	28	18	7	74	1	70.0	73.0	70.0	70.0	14	11	2.0	13	29	5	13	sample_residual	coords	1	0	ecDNA;Seismic_Amplification:noncanonical;BFB:noncanonicalB	ecDNA;Seismic_Amplification;BFB	5.469405651092529	0.9958040118217468	ecDNA	0.9694709181785583	3.458071708679199	3.458071708679199	0.9694709181785583	1.006500005722046	0.7323346734046936	-4.944948196411133	0.007068957202136517	-0.5735635161399841	0.360414981842041
SKBR3:chr8:103691910-145138636:11	SKBR3:chr8:103691910-145138636:11	SKBR3	chr8	q	103691910	145138636	candidate_region_label	ecDNA;Seismic_Amplification;BFB	region	candidate_region	108	203	203	candidate_region_with_context	108858627	145138636	sv_attention	1.0	0.8753	mixed_HP	-0.246	0.2	605.0	6454.0	12.0959	0.5102	C7	ecDNA;Seismic_Amplification;BFB	ecDNA;Seismic_Amplification:noncanonical;BFB:noncanonicalB	chromosome_arm	45644000	145100001	402	402	8	108	70	41446727	2.6057546112145355e-06	12.596301922706708	75864.5	159089.0	354920.75	False	0.1574074074074074	0.0841121495327102	6	3	6	11	4	3	2	0	3	15	42	13	111	2	19.0	93.0	19.0	36.0	28	15	4.0	23	37	4	23	sample_residual	coords	1	0	ecDNA;Seismic_Amplification:noncanonical;BFB:noncanonicalB	ecDNA;Seismic_Amplification;BFB	5.327419757843018	0.9951668977737427	ecDNA	0.966547966003418	3.3636186122894287	3.3636186122894287	0.966547966003418	0.5402224659919739	0.6318641304969788	-4.205965995788574	0.01468744222074747	-0.7830117344856262	0.31367114186286926
SKBR3:chr10:55213168-71714103:12	SKBR3:chr10:55213168-71714103:12	SKBR3	chr10	q	55213168	71714103	candidate_region_label	Seismic_Amplification;BFB	region	candidate_region	19	30	30	candidate_region_with_context	55266330	70051894	sv_attention	1.0	0.896	HP2	-0.5306	0.3741	12.0	414.0	3.9499	2.1477	C8	Seismic_Amplification;BFB	Seismic_Amplification:noncanonical;BFB:noncanonicalB	chromosome_arm	40246000	133750001	402	402	8	18	16	16500936	1.1514498329064483e-06	6.0975542841933335	181287.5	400932.0	868343.5	False	0.631578947368421	0.3888888888888889	1	0	0	0	1	1	7	4	5	0	0	0	20	1	8.0	12.0	8.0	8.0	3	6	2.0	1	8	0	1	sample_residual	coords	1	0	Seismic_Amplification:noncanonical;BFB:noncanonicalB	Seismic_Amplification;BFB	5.648370265960693	0.9964891672134399	Seismic_Amplification	0.46810290217399597	-0.12776201963424683	-2.0100185871124268	0.11815503984689713	-0.12776201963424683	0.46810290217399597	-3.758533239364624	0.02278658002614975	-1.3031798601150513	0.2136303186416626
SKBR3:chr14:45524644-68507616:13	SKBR3:chr14:45524644-68507616:13	SKBR3	chr14	q	45524644	68507616	candidate_region_label	ecDNA;Seismic_Amplification;BFB	region	candidate_region	15	19	19	candidate_region_with_context	49692456	68507616	sv_attention	0.9998	0.8187	HP2	-0.6589	0.5452	64.0	341.0	0.7564	3.1109	C7	ecDNA;Seismic_Amplification;BFB	ecDNA;Seismic_Amplification:noncanonical;BFB:noncanonicalB	chromosome_arm	17600000	107000001	402	402	8	14	11	22982973	6.526570779158989e-07	3.867233103393543	121532.5	765168.0	2483336.5	False	0.5333333333333333	0.1428571428571428	0	1	1	4	4	1	1	0	3	0	0	0	19	0	18.0	18.0			1	0	1.0	14	3	0	14	sample_residual	coords	1	0	ecDNA;Seismic_Amplification:noncanonical;BFB:noncanonicalB	ecDNA;Seismic_Amplification;BFB	5.176133155822754	0.9943819642066956	ecDNA	0.7893598079681396	1.3210707902908325	1.3210707902908325	0.7893598079681396	-0.6716985702514648	0.3381166160106659	-3.2533137798309326	0.03720799461007118	-0.9530099630355835	0.2782799005508423
SKBR3:chr17:39120759-42420153:14	SKBR3:chr17:39120759-42420153:14	SKBR3	chr17	q	39120759	42420153	candidate_region_label	Seismic_Amplification;BFB	region	candidate_region	5	6	6	candidate_region_with_context	41115866	41385941	sv_attention	0.8648	0.0819	HP2	-0.297	0.0627	13.0	464.0	19.2123	0.0	C9	Seismic_Amplification;BFB	Seismic_Amplification:noncanonical;BFB:noncanonicalB	chromosome_arm	25150000	83250001	402	402	8	5	5	3299395	1.515429343864557e-06	19.21230558935805	406718.0	790663.0	797728.0	False	0.4	0.25	0	0	0	0	0	0	0	0	1	2	2	0	6	0	4.0	4.0			0	0	1.0	5	0	0	5	sample_residual	coords	1	0	Seismic_Amplification:noncanonical;BFB:noncanonicalB	Seismic_Amplification;BFB	6.052919864654541	0.9976544976234436	Seismic_Amplification	0.49090367555618286	-0.036389317363500595	-0.6237622499465942	0.34892627596855164	-0.036389317363500595	0.49090367555618286	-4.466087341308594	0.0113616231828928	-1.317991852760315	0.2111525982618332
SKBR3:chr17:67753703-83257441:15	SKBR3:chr17:67753703-83257441:15	SKBR3	chr17	q	67753703	83257441	candidate_region_label	Seismic_Amplification	region	candidate_region	13	18	18	candidate_region_with_context	68253907	83257441	sv_attention	0.9997	0.9677	mixed_HP	-0.2807	0.3	161.0	323.0	2.4851	3.522	C10	Seismic_Amplification	Seismic_Amplification:noncanonical	chromosome_arm	25150000	83250001	402	402	8	13	12	15503739	8.385074077936942e-07	6.005218741104969	264204.0	500206.0	2075381.0	False	0.4615384615384615	0.1666666666666666	0	0	1	1	1	4	1	2	1	2	0	0	11	0					2	3	0.0	4	2	0	4	sample_residual	coords	1	0	Seismic_Amplification:noncanonical	Seismic_Amplification	2.8839352130889893	0.9470465779304504	Seismic_Amplification	0.48608386516571045	-0.05567895993590355	-1.9184110164642334	0.12803886830806732	-0.05567895993590355	0.48608386516571045	-2.7575418949127197	0.059662122279405594	-3.2033872604370117	0.03903845325112343
SKBR3:chr18:47315093-56791383:16		SKBR3	chr18	q	47315093	56791383	candidate_region_empty		empty_candidate_region	candidate_region	4	5	5	candidate_region_with_context	51458064	56212928	sv_attention	0.8536	0.5018	HP1	0.4228	0.2304	53.0	10.0	0.8235	1.0	C11			chromosome_arm	18540000	80350001	402	402	8	4	4	9476291	4.221060750456059e-07	1.823536866902884	1959378.0	2666659.0	3076353.75	False	0.75	0.3333333333333333	0	1	2	1	0	0	0	0	0	0	0	0	5	0					2	0	0.0	0	3	0	0	sample_residual	coords	0	1			-0.9893535375595093	0.27103978395462036	chromothripsis	0.3433919847011566	-0.6482146382331848	-2.9414055347442627	0.05014428123831749	-2.2097558975219727	0.09887781739234924	-0.6482146382331848	0.3433919847011566	-3.9041969776153564	0.01975885219871998
SKBR3:chr19:52741290-58617616:17	SKBR3:chr19:52741290-58617616:17	SKBR3	chr19	q	52741290	58617616	candidate_region_label	chromothripsis	region	candidate_region	6	6	6	candidate_region_with_context	53991152	58549277	sv_attention	0.8654	0.7757	HP1	0.4666	0.2888	24.0	9.0	2.9268	1.0	C12	chromothripsis	chromothripsis:noncanonicalB	chromosome_arm	26260000	58600001	402	402	8	6	4	5876327	1.0210459697018223e-06	3.921026859124756	79901.5	181266.5	725961.75	True	0.8333333333333334	0.8	0	0	1	3	2	0	0	0	0	0	0	0	5	0					2	0	0.0	1	2	0	1	sample_residual	coords	1	0	chromothripsis:noncanonicalB	chromothripsis	4.1158928871154785	0.9839503765106201	chromothripsis	0.3736626207828522	-0.5165356993675232	-4.8930134773254395	0.007442977745085955	-3.1875884532928467	0.03963547199964523	-0.5165356993675232	0.3736626207828522	-3.1659374237060547	0.04046787694096565
SKBR3:chr20:9564034-58962673:18	SKBR3:chr20:9564034-58962673:18	SKBR3	chr20	mixed	9564034	58962673	candidate_region_label	Seismic_Amplification;BFB	region	candidate_region	55	132	132	candidate_region_with_context	14443096	58962673	sv_attention	1.0	0.9012	mixed_HP	-0.3052	0.5002	268.0	778.0	3.9432	3.5007	C13	Seismic_Amplification;BFB	Seismic_Amplification:canonical;BFB:noncanonicalB	chromosome	0	64400001	402	402	8	54	41	49398640	1.1133909759458965e-06	7.443901107398908	107848.0	380533.0	961066.5	False	0.3272727272727272	0.0185185185185185	0	0	0	2	2	2	6	10	15	18	0	0	57	0	22.0	22.0			21	14	1.0	0	18	3	0	sample_residual	coords	1	0	Seismic_Amplification:canonical;BFB:noncanonicalB	Seismic_Amplification;BFB	7.4021477699279785	0.9993903636932373	Seismic_Amplification	0.9940515160560608	5.118661403656006	-4.583602428436279	0.010114668868482113	5.118661403656006	0.9940515160560608	-2.0535013675689697	0.1136990636587143	-1.4497545957565308	0.19003932178020477
SKBR3:chr22:46498609-50818468:19		SKBR3	chr22	q	46498609	50818468	candidate_region_empty		empty_candidate_region	candidate_region	6	4	4	candidate_region_with_context	47180615	47862623	sv_attention	0.4589	0.1579	mixed_HP	-0.2429	0.3	19.0	44.0	1.8704	1.6423	C14			chromosome_arm	15050000	50800001	402	402	8	6	5	4319860	1.388933900635669e-06	3.5062559897774466	168166.75	490521.5	906843.75	False	0.5	0.0	0	1	1	1	2	0	1	0	0	0	0	0	5	0					2	2	0.0	0	0	1	0	sample_residual	coords	0	1			-1.8615257740020752	0.13452531397342682	chromothripsis	0.28357407450675964	-0.9268013834953308	-3.7873735427856445	0.02215314656496048	-1.1297813653945923	0.2442014515399933	-0.9268013834953308	0.28357407450675964	-4.433282375335693	0.011736075393855572
SNU1000:chr2:189545608-197927733:1	SNU1000:chr2:189545608-197927733:1	SNU1000	chr2	q	189545608	197927733	candidate_region_label	BFB	region	candidate_region	4	5	5	candidate_region_with_context	194547462	194557219	sv_attention	0.7774	0.0012	mixed_HP	-0.2864	0.3	14.0	29.0	2.0247	2.8054	C1	BFB	BFB:noncanonical	chromosome_arm	93989000	242150001	402	402	8	4	3	8382126	4.772059021780393e-07	4.830087975294096	157777.5	1788816.0	3726570.0	True	0.75	0.6666666666666666	0	0	0	0	1	2	1	0	0	0	0	0	5	1	5.0	5.0	5.0	5.0	0	2	1.0	0	1	1	0	sample_residual	coords	1	0	BFB:noncanonical	BFB	5.35474157333374	0.9952965378761292	chromothripsis	0.22938485443592072	-1.2117878198623657	-3.7436740398406982	0.023119812831282616	-2.72859263420105	0.06130710616707802	-1.2117878198623657	0.22938485443592072	-1.3130463361740112	0.2119775116443634
SNU1000:chr3:0-10257984:2		SNU1000	chr3	p	0	10257984	candidate_region_empty		empty_candidate_region	candidate_region	8	8	8	candidate_region_with_context	3842167	6163195	sv_attention	0.7903	0.2263	HP2	-0.2645	0.0193	10.0	73.0	3.0411	0.4854	C2			chromosome_arm	0	90951000	402	402	8	8	7	10257985	7.798802591347131e-07	3.5265007698880435	222257.5	790977.5	2257319.5	False	0.75	0.4285714285714285	0	0	0	3	3	2	0	0	0	0	0	0	8	0					0	2	0.0	1	5	0	1	sample_residual	coords	0	1			-0.7076704502105713	0.33011379837989807	chromothripsis	0.4807969033718109	-0.07685000449419022	-2.3054709434509277	0.0906708762049675	-2.3500401973724365	0.08706258237361908	-0.07685000449419022	0.4807969033718109	-3.987295627593994	0.018211983144283295
SNU1000:chr6:63000001-65279176:3	SNU1000:chr6:63000001-65279176:3	SNU1000	chr6	q	63000001	65279176	candidate_region_label	Seismic_Amplification;BFB	region	candidate_region	3	4	4	candidate_region_with_context	63873674	63905828	sv_attention	0.6319	0.0141	HP2	-0.5183	0.3578	0.0	90.0	5.2078	2.0	C3	Seismic_Amplification;BFB	Seismic_Amplification:canonical;BFB:noncanonical	chromosome_arm	60589000	170800001	402	402	8	3	3	2279176	1.3162651765374857e-06	7.207781233217619	436837.5	502698.0	954099.5	False	0.6666666666666666	0.5	0	0	0	0	0	0	1	0	2	0	0	0	3	2	2.0	3.0	2.0	3.0	0	0	2.0	0	0	1	0	sample_residual	coords	1	0	Seismic_Amplification:canonical;BFB:noncanonical	Seismic_Amplification;BFB	5.7033514976501465	0.9966763257980347	Seismic_Amplification	0.5596285462379456	0.2396547794342041	-3.410057544708252	0.03198261559009552	0.2396547794342041	0.5596285462379456	-4.550968170166016	0.010446693748235703	-1.0777219533920288	0.25393733382225037
SNU1000:chr11:100077105-102913626:4	SNU1000:chr11:100077105-102913626:4	SNU1000	chr11	q	100077105	102913626	candidate_region_label	ecDNA;Seismic_Amplification;BFB	region	candidate_region	6	9	9	candidate_region_with_context	100309454	102913626	sv_attention	0.9588	0.9181	HP2	-0.3333	0.1111	0.0	594.0	26.6214	0.0	C4	ecDNA;Seismic_Amplification;BFB	ecDNA;Seismic_Amplification:noncanonical;BFB:noncanonical	chromosome_arm	53714000	135050001	402	402	8	6	5	2836522	2.115266513004306e-06	26.62138562648201	233620.25	278654.0	353876.75	False	0.3333333333333333	0.2	0	0	0	1	0	0	0	0	0	1	2	2	7	3	1.0	7.0	5.0	7.0	0	0	5.0	1	0	1	1	sample_residual	coords	1	0	ecDNA;Seismic_Amplification:noncanonical;BFB:noncanonical	ecDNA;Seismic_Amplification;BFB	5.396302223205566	0.9954871535301208	ecDNA	0.8364307880401611	1.6319074630737305	1.6319074630737305	0.8364307880401611	1.2012287378311157	0.7687432765960693	-5.39792537689209	0.004505568649619818	-0.5527145266532898	0.3652348518371582
SNU1000:chr16:46000001-57779990:5	SNU1000:chr16:46000001-57779990:5	SNU1000	chr16	q	46000001	57779990	candidate_region_label	chromothripsis	region	candidate_region	4	4	4	candidate_region_with_context	50824942	56215604	sv_attention	0.7739	0.4576	mixed_HP	0.0768	0.9194	16.0	15.0	2.0	1.4311	C5	chromothripsis	chromothripsis:noncanonicalB	chromosome_arm	36800000	90300001	402	402	8	4	4	11779990	3.395588621042972e-07	3.4311040162173314	2226169.5	3350794.5	4069622.5	True	1.0	1.0	0	0	0	2	2	0	0	0	0	0	0	0	4	0					2	0	0.0	1	0	1	1	sample_residual	coords	1	0	chromothripsis:noncanonicalB	chromothripsis	2.7618229389190674	0.9405775666236877	chromothripsis	0.4566984474658966	-0.17364108562469482	-3.446413516998291	0.030875995755195618	-3.518436908721924	0.02879217267036438	-0.17364108562469482	0.4566984474658966	-3.1991233825683594	0.039198726415634155
SNU1000:chr19:0-7902715:6	SNU1000:chr19:0-7902715:6	SNU1000	chr19	p	0	7902715	candidate_region_label	chromothripsis	region	candidate_region	4	7	7	candidate_region_with_context	5881828	6076645	sv_attention	0.8061	0.0247	mixed_HP	0.5733	0.3	17.0	8.0	1.6716	0.0	C6	chromothripsis	chromothripsis:noncanonicalB	chromosome_arm	0	26260000	402	402	8	4	4	7902716	5.061550990823914e-07	1.671621250213218	1418256.5	2113169.0	2670591.5	True	1.0	1.0	0	2	2	0	0	0	0	0	0	0	0	0	5	0					0	1	0.0	3	1	0	3	sample_residual	coords	1	0	chromothripsis:noncanonicalB	chromothripsis	3.1645872592926025	0.9594796895980835	chromothripsis	0.34458497166633606	-0.6429280638694763	-4.024907112121582	0.017551524564623833	-3.4320266246795654	0.03130940720438957	-0.6429280638694763	0.34458497166633606	-3.266493082046509	0.03673873096704483
SNU1005:chr1:164651675-169240920:1	SNU1005:chr1:164651675-169240920:1	SNU1005	chr1	q	164651675	169240920	candidate_region_label	BFB	region	candidate_region	1	2	2	candidate_region_with_context	169240919	169240920	sv_attention	0.5822	0.0	mixed_HP	-0.1515	0.3182	14.0	8.0	0.0	2.0	C1	BFB	BFB:canonical	chromosome_arm	123459000	248950001	402	402	8	1	1	4589246	2.1790071833150805e-07	2.0	4589246.0	4589246.0	4589246.0	False	0.0	0.0	0	0	1	0	0	0	0	0	0	0	0	0	2	1	1.0	2.0	1.0	1.0	0	0	2.0	0	0	0	0	sample_residual	coords	1	0	BFB:canonical	BFB	4.584455966949463	0.9898938536643982	BFB	0.34338292479515076	-0.6482547521591187	-4.484395980834961	0.011157799512147903	-3.5829389095306396	0.02704228274524212	-2.582318067550659	0.07028510421514511	-0.6482547521591187	0.34338292479515076
SNU1005:chr3:162515130-188635593:2		SNU1005	chr3	q	162515130	188635593	candidate_region_empty		empty_candidate_region	candidate_region	14	19	19	candidate_region_with_context	175523892	187886378	sv_attention	0.9998	0.4733	mixed_HP	-0.1748	1.0	69.0	124.0	8.5968	7.8489	C2			chromosome_arm	90951000	198250001	402	402	8	14	14	26120464	5.359782276455732e-07	16.44568297102226	869376.5	1270803.0	2349153.5	False	0.5	0.1538461538461538	0	0	0	0	0	0	0	0	0	14	0	0	15	0					4	2	0.0	3	5	1	3	sample_residual	coords	0	1			0.1442367136478424	0.5359967947006226	Seismic_Amplification	0.46261417865753174	-0.14982286095619202	-2.738252639770508	0.06075354292988777	-0.14982286095619202	0.46261417865753174	-1.34037446975708	0.20744849741458893	-3.5997142791748047	0.026604393497109413
SNU1005:chr5:11163896-18765239:3	SNU1005:chr5:11163896-18765239:3	SNU1005	chr5	p	11163896	18765239	candidate_region_label	Seismic_Amplification	region	candidate_region	11	17	17	candidate_region_with_context	12991651	18765239	sv_attention	0.9851	0.7595	mixed_HP	-0.2432	1.0	35.0	70.0	6.4395	7.3055	C3	Seismic_Amplification	Seismic_Amplification:canonical	chromosome_arm	0	48464000	402	402	8	11	11	7601344	1.4471125106296993e-06	13.745016144513391	224024.5	311078.0	805433.0	False	0.5454545454545454	0.3	0	0	0	0	0	0	0	0	1	10	0	0	12	0					1	2	0.0	0	9	0	0	sample_residual	coords	1	0	Seismic_Amplification:canonical	Seismic_Amplification	2.366469621658325	0.9142345190048218	Seismic_Amplification	0.6888510584831238	0.7947534322738647	-3.1721696853637695	0.040226567536592484	0.7947534322738647	0.6888510584831238	-2.9894371032714844	0.04790535569190979	-2.6362462043762207	0.06684179604053497
SNU1005:chr5:52275188-56218111:4	SNU1005:chr5:52275188-56218111:4	SNU1005	chr5	q	52275188	56218111	candidate_region_label	Seismic_Amplification;BFB	region	candidate_region	8	11	11	candidate_region_with_context	54536225	55137578	sv_attention	0.792	0.1525	HP1	1.0	1.0	216.0	0.0	13.9917	0.0	C4	Seismic_Amplification;BFB	Seismic_Amplification:canonical;BFB:noncanonical	chromosome_arm	48464000	181500001	402	402	8	8	7	3942924	2.0289511032928864e-06	13.991709959410834	123364.25	234682.0	500920.5	False	0.25	0.1428571428571428	0	0	0	0	1	0	0	0	0	3	4	0	9	2	2.0	9.0	5.0	9.0	1	0	5.0	0	3	0	0	sample_residual	coords	1	0	Seismic_Amplification:canonical;BFB:noncanonical	Seismic_Amplification;BFB	6.293565273284912	0.9981552958488464	Seismic_Amplification	0.6883155107498169	0.7922560572624207	-0.4642927944660187	0.3859679698944092	0.7922560572624207	0.6883155107498169	-4.946571350097656	0.007057573646306992	-1.0298727750778198	0.2631087601184845
SNU1005:chr6:51101197-57999999:5	SNU1005:chr6:51101197-57999999:5	SNU1005	chr6	p	51101197	57999999	candidate_region_label	Seismic_Amplification	region	candidate_region	7	7	7	candidate_region_with_context	51227338	57999999	sv_attention	0.7064	0.9817	HP1	0.8426	0.7901	146.0	0.0	4.1016	1.2682	C5	Seismic_Amplification	Seismic_Amplification:noncanonical	chromosome_arm	0	60589000	402	402	8	7	7	6898803	1.0146687765979113e-06	5.36985111765041	147844.0	495130.0	1005329.5	False	0.2857142857142857	0.1666666666666666	0	0	1	1	0	0	0	0	1	4	0	0	7	0					4	0	0.0	1	2	0	1	sample_residual	coords	1	0	Seismic_Amplification:noncanonical	Seismic_Amplification	3.3816301822662354	0.967125415802002	Seismic_Amplification	0.4819243252277374	-0.07233434915542603	-2.7539210319519043	0.05986559018492699	-0.07233434915542603	0.4819243252277374	-2.8685591220855713	0.053729861974716187	-2.416553020477295	0.0819191262125969
SNU1005:chrX:97585206-100505594:6	SNU1005:chrX:97585206-100505594:6	SNU1005	chrX	q	97585206	100505594	candidate_region_label	Seismic_Amplification;BFB	region	candidate_region	5	8	8	candidate_region_with_context	98265833	100505594	sv_attention	0.9505	0.7669	mixed_HP	-0.2441	0.9775	20.0	38.0	4.9325	6.1716	C6	Seismic_Amplification;BFB	Seismic_Amplification:noncanonical;BFB:noncanonicalB	chromosome_arm	61090000	156000001	402	402	8	5	4	2920389	1.712100682477574e-06	11.104120033324328	122826.0	582037.0	761948.0	False	0.4	0.25	0	0	0	0	0	0	1	0	2	2	0	0	6	2	4.0	6.0	4.0	6.0	0	1	2.0	3	0	0	3	sample_residual	coords	1	0	Seismic_Amplification:noncanonical;BFB:noncanonicalB	Seismic_Amplification;BFB	5.346355438232422	0.9952570796012878	Seismic_Amplification	0.5944529175758362	0.3824045658111572	-1.8678042888641357	0.13379599153995514	0.3824045658111572	0.5944529175758362	-4.730221748352051	0.008747323416173458	-0.9890246987342834	0.2711047828197479
SNU1005:chrX:115725836-120929381:7	SNU1005:chrX:115725836-120929381:7	SNU1005	chrX	q	115725836	120929381	candidate_region_label	Seismic_Amplification;BFB	region	candidate_region	5	5	5	candidate_region_with_context	116252155	120929381	sv_attention	0.7769	0.8989	HP2	-0.5145	0.3527	0.0	48.0	3.6799	1.3736	C6	Seismic_Amplification;BFB	Seismic_Amplification:noncanonical;BFB:noncanonicalB	chromosome_arm	61090000	156000001	402	402	8	5	4	5203546	9.608832131012198e-07	5.053501785128833	113114.0	413207.0	1191299.0	False	0.4	0.25	1	1	1	0	1	0	0	0	1	0	0	0	7	0	4.0	4.0			4	1	1.0	0	0	1	0	sample_residual	coords	1	0	Seismic_Amplification:noncanonical;BFB:noncanonicalB	Seismic_Amplification;BFB	5.184005260467529	0.9944257736206055	Seismic_Amplification	0.38105905055999756	-0.4850555658340454	-2.073772430419922	0.11167225241661072	-0.4850555658340454	0.38105905055999756	-3.6748952865600586	0.02472522482275963	-1.118155837059021	0.24635353684425354
SNU1299:chr11:99700441-104484500:1	SNU1299:chr11:99700441-104484500:1	SNU1299	chr11	q	99700441	104484500	candidate_region_label	Seismic_Amplification;BFB	region	candidate_region	5	7	7	candidate_region_with_context	103612582	103884684	sv_attention	0.7595	0.0569	mixed_HP	-0.4053	0.867	37.0	169.0	5.2469	4.6011	C1	Seismic_Amplification;BFB	Seismic_Amplification:noncanonical;BFB:noncanonical	chromosome_arm	53714000	135050001	402	402	8	5	4	4784060	1.045137393761784e-06	9.848014866034289	215980.0	235416.0	618158.0	False	0.4	0.25	0	0	0	0	0	0	1	0	2	1	1	0	6	3	1.0	6.0	4.0	6.0	0	0	5.0	1	0	0	1	sample_residual	coords	1	0	Seismic_Amplification:noncanonical;BFB:noncanonical	Seismic_Amplification;BFB	5.117368221282959	0.9940438866615295	Seismic_Amplification	0.6072469353675842	0.43575435876846313	-1.0348358154296875	0.2621476650238037	0.43575435876846313	0.6072469353675842	-4.535439491271973	0.010608448646962643	-0.7688433527946472	0.3167293667793274
SNU1299:chr12:101817157-106306116:2	SNU1299:chr12:101817157-106306116:2	SNU1299	chr12	q	101817157	106306116	candidate_region_label	BFB	region	candidate_region	2	6	6	candidate_region_with_context	101829876	101882609	sv_attention	0.8742	0.0117	mixed_HP	-0.1296	0.3333	52.0	77.0	3.0	3.0081	C2	BFB	BFB:noncanonicalB	chromosome_arm	35807000	133250001	402	402	8	2	1	4488960	4.455374964357e-07	6.008125712859994	1140478.0	2244480.0	3348482.0	False	0.0	0.0	0	0	0	0	0	0	1	1	0	0	0	0	3	0	2.0	2.0			0	0	1.0	1	1	0	1	sample_residual	coords	1	0	BFB:noncanonicalB	BFB	4.992076396942139	0.9932542443275452	BFB	0.3506987392902374	-0.6159692406654358	-3.9258036613464355	0.01934467814862728	-3.105848550796509	0.042866650968790054	-3.0185744762420654	0.04659375548362732	-0.6159692406654358	0.3506987392902374
SNU1299:chr16:51419845-53976563:3	SNU1299:chr16:51419845-53976563:3	SNU1299	chr16	q	51419845	53976563	candidate_region_label	BFB	region	candidate_region	2	6	6	candidate_region_with_context	51431416	51491484	sv_attention	0.8647	0.0235	HP2	-0.3139	0.0852	8.0	24.0	2.2479	2.0	C3	BFB	BFB:noncanonicalB	chromosome_arm	36800000	90300001	402	402	8	2	1	2556719	7.822525666684528e-07	4.247877455441916	674388.25	1278359.5	1882330.75	False	0.0	0.0	0	0	0	0	1	0	0	0	0	1	0	0	3	0	1.0	1.0			0	0	1.0	0	2	0	0	sample_residual	coords	1	0	BFB:noncanonicalB	BFB	4.300212860107422	0.9866158962249756	BFB	0.24087855219841003	-1.1478689908981323	-5.531527519226074	0.003944316413253546	-2.3415420055389404	0.08774041384458542	-3.1283419132232666	0.0419531986117363	-1.1478689908981323	0.24087855219841003
SNU1299:chr18:27518532-39718769:4	SNU1299:chr18:27518532-39718769:4	SNU1299	chr18	q	27518532	39718769	candidate_region_label	chromothripsis	region	candidate_region	5	5	5	candidate_region_with_context	29347890	36436148	sv_attention	0.8435	0.581	mixed_HP	0.4742	0.3	50.0	22.0	2.581	0.5574	C4	chromothripsis	chromothripsis:noncanonicalB	chromosome_arm	18540000	80350001	402	402	8	5	5	12200238	4.0982807056714806e-07	3.1383536944115358	1829360.0	2117688.0	3282621.0	True	0.8	0.75	0	0	1	2	2	0	0	0	0	0	0	0	6	0					5	0	0.0	1	0	0	1	sample_residual	coords	1	0	chromothripsis:noncanonicalB	chromothripsis	2.8693649768829346	0.9463111162185669	chromothripsis	0.5164417028427124	0.06579064577817917	-2.6324872970581055	0.06707663089036942	-3.2659780979156494	0.0367569625377655	0.06579064577817917	0.5164417028427124	-2.9475841522216797	0.049850814044475555
SNU1299:chr20:32000001-42314643:5	SNU1299:chr20:32000001-42314643:5	SNU1299	chr20	q	32000001	42314643	candidate_region_label	Seismic_Amplification	region	candidate_region	7	17	17	candidate_region_with_context	33155138	33634643	sv_attention	0.9994	0.0465	mixed_HP	-0.5281	1.0	18.0	124.0	5.2958	6.3602	C5	Seismic_Amplification	Seismic_Amplification:noncanonical	chromosome_arm	28120000	64400001	402	402	8	7	5	10314643	6.786468518590513e-07	11.656057412748073	151194.0	1155139.0	2342259.5	False	0.4285714285714285	0.1666666666666666	0	0	0	0	0	1	0	0	0	6	0	0	7	0					0	2	0.0	3	2	0	3	sample_residual	coords	1	0	Seismic_Amplification:noncanonical	Seismic_Amplification	1.0850638151168823	0.7474510669708252	Seismic_Amplification	0.32112231850624084	-0.7486188411712646	-2.709700584411621	0.0624033659696579	-0.7486188411712646	0.32112231850624084	-2.1227517127990723	0.10690506547689438	-3.5162532329559326	0.028853299096226692
SNU682:chr2:170519254-174396706:1		SNU682	chr2	q	170519254	174396706	candidate_region_empty		empty_candidate_region	candidate_region	6	13	13	candidate_region_with_context	170925184	174396706	sv_attention	0.9959	0.8953	mixed_HP	-0.2028	0.3	32.0	72.0	2.5425	1.838	C1			chromosome_arm	93989000	242150001	402	402	8	6	5	3877453	1.5474075378863392e-06	4.380546456655955	206051.75	447238.0	914431.5	False	0.6666666666666666	0.4	0	0	0	2	2	2	0	0	0	0	0	0	8	0					2	0	0.0	1	5	0	1	sample_residual	coords	0	1			-1.8133317232131958	0.14023593068122864	chromothripsis	0.40035179257392883	-0.40399956703186035	-2.36946177482605	0.08553121984004974	-2.0728557109832764	0.11176322400569916	-0.40399956703186035	0.40035179257392883	-4.0958147048950195	0.01636975258588791
SNU682:chr4:52000001-64307744:2	SNU682:chr4:52000001-64307744:2	SNU682	chr4	q	52000001	64307744	candidate_region_label	chromothripsis	region	candidate_region	6	13	13	candidate_region_with_context	56368538	64307744	sv_attention	0.9959	0.6451	HP1	0.5336	0.3782	77.0	9.0	2.1576	2.075	C2	chromothripsis	chromothripsis:noncanonicalB	chromosome_arm	50494000	190200001	402	402	8	6	6	12307744	4.874979525085994e-07	4.23267399776921	1481753.75	1687227.5	2415115.25	True	0.8333333333333334	0.8	0	0	0	1	2	3	0	0	0	0	0	0	6	0					3	1	0.0	1	0	1	1	sample_residual	coords	1	0	chromothripsis:noncanonicalB	chromothripsis	4.108761310577393	0.9838374257087708	chromothripsis	0.40491676330566406	-0.38501983880996704	-3.4447855949401855	0.03092474304139614	-2.997931480407715	0.04751941189169884	-0.38501983880996704	0.40491676330566406	-2.9436402320861816	0.05003795772790909
SNU682:chr11:32506388-40107226:3	SNU682:chr11:32506388-40107226:3	SNU682	chr11	p	32506388	40107226	candidate_region_label	BFB	region	candidate_region	3	6	6	candidate_region_with_context	32508435	37347804	sv_attention	0.8647	0.6367	mixed_HP	0.5374	0.2123	28.0	8.0	7.9349	2.6368	C3	BFB	BFB:noncanonical	chromosome_arm	0	53714000	402	402	8	3	3	7600839	3.9469327004558313e-07	10.571717411722574	1380429.5	2326345.0	3583162.5	False	0.6666666666666666	0.5	0	0	0	0	0	0	1	0	1	1	0	0	4	2	1.0	2.0	1.0	2.0	0	1	2.0	1	0	0	1	sample_residual	coords	1	0	BFB:noncanonical	BFB	4.7292962074279785	0.9912446141242981	BFB	0.2871132791042328	-0.909445583820343	-3.5141000747680664	0.028913693502545357	-1.4658888578414917	0.1875682920217514	-3.7501158714294434	0.02297477051615715	-0.909445583820343	0.2871132791042328
SNU682:chr16:78258738-83740189:4	SNU682:chr16:78258738-83740189:4	SNU682	chr16	q	78258738	83740189	candidate_region_label	BFB	region	candidate_region	6	8	8	candidate_region_with_context	78391111	78753247	sv_attention	0.9504	0.0661	HP2	-0.4458	0.261	9.0	45.0	1.9736	1.9895	C4	BFB	BFB:noncanonicalB	chromosome_arm	36800000	90300001	402	402	8	6	4	5481452	1.0946004817701588e-06	3.963101017759528	82306.0	156357.5	225979.5	False	0.6666666666666666	0.4	0	0	0	2	2	2	0	0	0	0	0	0	7	0	4.0	4.0			4	0	1.0	2	0	0	2	sample_residual	coords	1	0	BFB:noncanonicalB	BFB	5.299543380737305	0.9950308799743652	BFB	0.2557806372642517	-1.068015694618225	-2.786179780960083	0.05807558074593544	-2.5235371589660645	0.07422452419996262	-3.0812320709228516	0.04388808459043503	-1.068015694618225	0.2557806372642517
SNU682:chr22:19000001-25858892:5	SNU682:chr22:19000001-25858892:5	SNU682	chr22	q	19000001	25858892	candidate_region_label	BFB	region	candidate_region	5	8	8	candidate_region_with_context	20390218	23869485	sv_attention	0.9479	0.5073	HP1	0.396	0.1947	54.0	0.0	0.493	4.7521	C5	BFB	BFB:noncanonicalB	chromosome_arm	15050000	50800001	402	402	8	5	5	6858892	7.289807158357356e-07	5.245059260300351	234246.0	1390219.0	1990960.0	False	0.4	0.25	0	0	0	1	1	1	1	1	0	0	0	0	5	0	1.0	1.0			2	0	1.0	0	1	1	0	sample_residual	coords	1	0	BFB:noncanonicalB	BFB	5.794582843780518	0.996965229511261	BFB	0.2500757873058319	-1.0982081890106201	-4.0099196434021	0.017811838537454605	-3.239732265472412	0.037697602063417435	-2.700462579727173	0.06294606626033783	-1.0982081890106201	0.2500757873058319
SNU703:chr8:34169414-42999999:1	SNU703:chr8:34169414-42999999:1	SNU703	chr8	p	34169414	42999999	candidate_region_label	BFB	region	candidate_region	12	18	18	candidate_region_with_context	35424586	41365743	sv_attention	0.9983	0.6728	mixed_HP	0.2271	0.3354	50.0	29.0	2.8355	2.0977	C1	BFB	BFB:noncanonicalB	chromosome_arm	0	45644000	402	402	8	12	10	8830586	1.3589132136870644e-06	4.933200809096928	233131.75	390069.5	1307985.25	False	0.5	0.3636363636363636	0	0	1	0	2	3	3	2	1	0	0	0	12	0	10.0	10.0			5	2	1.0	3	1	0	3	sample_residual	coords	1	0	BFB:noncanonicalB	BFB	5.773414611816406	0.9969005584716797	BFB	0.233003631234169	-1.1914280652999878	-2.4019410610198975	0.08302479982376099	-1.749690055847168	0.1480863094329834	-3.1524462699890137	0.040994998067617416	-1.1914280652999878	0.233003631234169
SNU703:chr11:34220392-42675400:2		SNU703	chr11	p	34220392	42675400	candidate_region_empty		empty_candidate_region	candidate_region	6	19	19	candidate_region_with_context	39128098	42675400	sv_attention	0.9995	0.4196	HP2	-0.3652	0.1536	14.0	79.0	1.947	1.0431	C2			chromosome_arm	0	53714000	402	402	8	6	5	8455009	7.096385113250619e-07	2.9901204126453327	351279.5	876913.5	1788025.75	False	0.6666666666666666	0.2	0	1	0	3	1	0	1	0	0	0	0	0	7	0					1	0	0.0	0	5	1	0	sample_residual	coords	0	1			-2.228975772857666	0.09717845916748047	chromothripsis	0.38765278458595276	-0.4571894705295563	-2.2743115425109863	0.09327293187379837	-1.5651366710662842	0.17291080951690674	-0.4571894705295563	0.38765278458595276	-4.548471450805664	0.010472535155713558
SNU703:chr12:64593784-76107212:3	SNU703:chr12:64593784-76107212:3	SNU703	chr12	q	64593784	76107212	candidate_region_label	BFB	region	candidate_region	7	11	11	candidate_region_with_context	68778802	76107212	sv_attention	0.5794	0.6365	HP1	0.9875	0.9834	26.0	0.0	10.9405	0.2082	C3	BFB	BFB:noncanonicalB	chromosome_arm	35807000	133250001	402	402	8	7	6	11513429	6.079856835005453e-07	11.148690802713944	600910.5	946518.0	2573699.0	False	0.2857142857142857	0.1666666666666666	1	0	0	1	0	1	0	0	0	3	1	0	8	0	1.0	1.0			0	0	1.0	5	2	0	5	sample_residual	coords	1	0	BFB:noncanonicalB	BFB	4.5030436515808105	0.989046037197113	ecDNA	0.444040447473526	-0.22477993369102478	-0.22477993369102478	0.444040447473526	-1.2029949426651	0.23094287514686584	-3.8190407752990723	0.021477440372109413	-1.3677387237548828	0.20298542082309723
SNU703:chr18:0-7107447:4	SNU703:chr18:0-7107447:4	SNU703	chr18	p	0	7107447	candidate_region_label	Seismic_Amplification;BFB	region	candidate_region	14	22	22	candidate_region_with_context	1919086	7107447	sv_attention	0.9884	0.73	mixed_HP	-0.0872	0.2	58.0	174.0	7.5148	1.1309	C4	Seismic_Amplification;BFB	Seismic_Amplification:noncanonical;BFB:noncanonicalB	chromosome_arm	0	18540000	402	402	8	14	12	7107448	1.969764675028224e-06	8.645695613953137	229058.5	278518.5	663534.0	False	0.2857142857142857	0.0769230769230769	0	0	0	1	2	2	1	1	2	4	1	0	14	0	1.0	4.0			1	3	2.0	1	5	2	1	sample_residual	coords	1	0	Seismic_Amplification:noncanonical;BFB:noncanonicalB	Seismic_Amplification;BFB	6.093690872192383	0.9977479577064514	Seismic_Amplification	0.5765629410743713	0.30867958068847656	-2.2350573539733887	0.09664621204137802	0.30867958068847656	0.5765629410743713	-3.688544511795044	0.024398216977715492	-1.805681824684143	0.14116083085536957
SNU902:chr16:55273326-57412529:1	SNU902:chr16:55273326-57412529:1	SNU902	chr16	q	55273326	57412529	candidate_region_label	BFB	region	candidate_region	2	2	2	candidate_region_with_context	55275058	55276792	sv_attention	0.6216	0.0008	HP2	-0.8085	0.7447	0.0	14.0	2.0	4.963	C1	BFB	BFB:noncanonicalB	chromosome_arm	36800000	90300001	402	402	8	2	1	2139204	9.349271972191524e-07	6.963043262821124	554565.5	1069602.0	1584638.5	False	0.0	0.0	0	0	0	0	0	1	0	1	0	0	0	0	3	0	1.0	1.0			0	2	1.0	0	0	0	0	sample_residual	coords	1	0	BFB:noncanonicalB	BFB	5.592698574066162	0.9962888956069946	BFB	0.20383694767951965	-1.3624835014343262	-4.664077281951904	0.009339887648820877	-1.5848095417022705	0.1701154112815857	-3.6643171310424805	0.02498159185051918	-1.3624835014343262	0.20383694767951965
SNU902:chr19:17718043-23999999:2		SNU902	chr19	p	17718043	23999999	candidate_region_empty		empty_candidate_region	candidate_region	13	10	10	candidate_region_with_context	17812500	23999999	sv_attention	0.972	0.985	mixed_HP	0.2649	0.3	32.0	16.0	2.5459	1.9681	C2			chromosome_arm	0	26260000	402	402	8	13	11	6281957	2.069418813277455e-06	4.513935545881641	109704.0	201288.0	410206.0	False	0.6923076923076923	0.5	0	1	0	0	2	5	4	0	1	0	0	0	13	0					5	1	0.0	1	6	0	1	sample_residual	coords	0	1			-0.431639701128006	0.393734872341156	Seismic_Amplification	0.48800358176231384	-0.047994907945394516	-2.79836106300354	0.057412806898355484	-0.047994907945394516	0.48800358176231384	-1.3573408126831055	0.20467284321784973	-3.8474535942077637	0.02088836021721363
SNU902:chr21:41590199-46709983:3	SNU902:chr21:41590199-46709983:3	SNU902	chr21	q	41590199	46709983	candidate_region_label	chromothripsis	region	candidate_region	7	6	6	candidate_region_with_context	41769576	44424664	sv_attention	0.9006	0.5186	HP1	0.4393	0.2524	30.0	6.0	1.9911	2.0537	C3	chromothripsis	chromothripsis:noncanonicalB	chromosome_arm	12910000	46700001	402	402	8	7	5	5119785	1.3672449136047705e-06	4.040846441793943	92992.5	179379.0	1422781.0	False	0.7142857142857143	0.5	0	0	2	0	3	2	0	0	0	0	0	0	6	0					0	2	0.0	0	4	0	0	sample_residual	coords	1	0	chromothripsis:noncanonicalB	chromothripsis	0.6280710697174072	0.6520519852638245	chromothripsis	0.48794427514076233	-0.048232294619083405	-2.8393306732177734	0.05523545667529106	-2.283567190170288	0.09249309450387955	-0.048232294619083405	0.48794427514076233	-3.2812609672546387	0.036219675093889236
SUIT:chr3:55637719-60664161:1	SUIT:chr3:55637719-60664161:1	SUIT	chr3	p	55637719	60664161	candidate_region_label	chromothripsis	region	candidate_region	9	12	12	candidate_region_with_context	60174420	60664161	sv_attention	0.8693	0.0974	HP2	-0.2793	0.0391	11.0	150.0	3.8599	0.2274	C1	chromothripsis	chromothripsis:noncanonical	chromosome_arm	0	90951000	402	402	8	9	4	5026443	1.79053059986953e-06	4.087246786644154	52309.0	89909.0	116125.0	False	0.4444444444444444	0.25	0	1	2	2	2	1	1	0	0	0	0	0	10	0					6	1	0.0	0	2	1	0	sample_residual	coords	1	0	chromothripsis:noncanonical	chromothripsis	3.3971238136291504	0.967614471912384	chromothripsis	0.34046676754951477	-0.6612149477005005	-2.4765772819519043	0.0775166004896164	-2.1479811668395996	0.1045200303196907	-0.6612149477005005	0.34046676754951477	-2.6272754669189453	0.06740351021289825
SUIT:chr6:156864594-162608624:2		SUIT	chr6	q	156864594	162608624	candidate_region_empty		empty_candidate_region	candidate_region	4	4	4	candidate_region_with_context	162200156	162608624	sv_attention	0.7576	0.0711	HP2	-0.3894	0.1858	4.0	31.0	1.8147	0.8252	C2			chromosome_arm	60589000	170800001	402	402	8	4	4	5744031	6.963750717919176e-07	2.63993073853536	322784.75	378176.5	1491399.5	False	0.5	0.3333333333333333	1	1	1	1	0	0	0	0	0	0	0	0	5	0					4	0	0.0	1	0	0	1	sample_residual	coords	0	1			-1.7094961404800415	0.15322907269001007	chromothripsis	0.28950488567352295	-0.8977898359298706	-1.6212377548217773	0.1650342345237732	-1.3171945810317993	0.21128542721271515	-0.8977898359298706	0.28950488567352295	-4.034705638885498	0.017383359372615814
SUIT:chr8:32759576-34984208:3	SUIT:chr8:32759576-34984208:3	SUIT	chr8	p	32759576	34984208	candidate_region_label	Seismic_Amplification;BFB	region	candidate_region	5	9	9	candidate_region_with_context	32760769	34221042	sv_attention	0.9473	0.6564	mixed_HP	0.1168	0.8512	60.0	41.0	4.5537	4.7951	C3	Seismic_Amplification;BFB	Seismic_Amplification:canonical;BFB:noncanonicalB	chromosome_arm	0	45644000	402	402	8	5	4	2224633	2.24756173265433e-06	9.348827874080804	200069.0	372837.0	606784.0	False	0.4	0.25	0	0	0	0	0	0	1	1	1	2	0	0	6	1	1.0	2.0	2.0	2.0	0	0	2.0	0	4	0	0	sample_residual	coords	1	0	Seismic_Amplification:canonical;BFB:noncanonicalB	Seismic_Amplification;BFB	4.378616809844971	0.9876126646995544	Seismic_Amplification	0.7001188397407532	0.8478637337684631	-4.018110275268555	0.017669109627604485	0.8478637337684631	0.7001188397407532	-4.291799068450928	0.013495667837560177	-1.6960434913635254	0.15498271584510803
SUIT:chr12:55349815-58993974:4	SUIT:chr12:55349815-58993974:4	SUIT	chr12	q	55349815	58993974	candidate_region_label	BFB	region	candidate_region	4	8	8	candidate_region_with_context	56212645	58993974	sv_attention	0.9502	0.7632	mixed_HP	0.2808	0.4764	56.0	25.0	4.0	3.4291	C4	BFB	BFB:noncanonicalB	chromosome_arm	35807000	133265306	402	402	8	4	3	3644160	1.0976466455918511e-06	7.42913977432385	797207.0	1164993.5	1278826.5	False	0.75	0.3333333333333333	0	0	0	0	0	0	2	1	1	0	0	0	5	1	4.0	4.0	4.0	4.0	0	0	1.0	3	1	0	3	sample_residual	coords	1	0	BFB:noncanonicalB	BFB	5.753359317779541	0.996837854385376	BFB	0.2190382331609726	-1.2712799310684204	-2.44010853767395	0.08016491681337357	-1.3925065994262695	0.19900789856910706	-3.7581212520599365	0.02279575727880001	-1.2712799310684204	0.2190382331609726
SUIT:chr17:52259302-64570686:5		SUIT	chr17	q	52259302	64570686	candidate_region_empty		empty_candidate_region	candidate_region	9	15	15	candidate_region_with_context	58549031	64570686	sv_attention	0.9889	0.4891	HP2	-0.3522	0.1362	22.0	68.0	1.4109	1.5111	C5			chromosome_arm	25150000	83250001	402	402	8	9	8	12311385	7.310306679549052e-07	2.921990661489345	300630.0	866941.0	1654271.0	False	0.5555555555555556	0.25	1	1	0	1	1	2	3	0	0	0	0	0	11	0					0	0	0.0	1	9	1	1	sample_residual	coords	0	1			-1.1900312900543213	0.2332533597946167	chromothripsis	0.5882176160812378	0.3566020429134369	-1.6666285991668701	0.15887419879436493	-2.32466721534729	0.08910053223371506	0.3566020429134369	0.5882176160812378	-4.531021595001221	0.010654918849468231
ScaBER:chr1:91117935-109646786:1	ScaBER:chr1:91117935-109646786:1	ScaBER	chr1	p	91117935	109646786	candidate_region_label	BFB	region	candidate_region	10	14	14	candidate_region_with_context	92472549	105505789	sv_attention	0.9969	0.7034	HP2	-0.7509	0.6678	11.0	127.0	1.6453	6.032	C1	BFB	BFB:noncanonical	chromosome_arm	0	123459000	402	402	8	10	9	18528852	5.396988437276093e-07	7.677325772800171	317867.0	1607880.5	2866960.75	False	0.4	0.0	0	1	0	0	1	2	1	2	2	1	0	0	11	2	2.0	11.0	4.0	11.0	2	0	6.0	3	0	0	3	sample_residual	coords	1	0	BFB:noncanonical	BFB	4.771628379821777	0.9916045069694519	BFB	0.3550330698490143	-0.5969880223274231	-1.708627462387085	0.15334182977676392	-0.8194737434387207	0.30587539076805115	-3.766680955886841	0.022605858743190765	-0.5969880223274231	0.3550330698490143
ScaBER:chr3:10270628-18985001:2	ScaBER:chr3:10270628-18985001:2	ScaBER	chr3	p	10270628	18985001	candidate_region_label	chromothripsis	region	candidate_region	6	15	15	candidate_region_with_context	10272761	18985001	sv_attention	0.9683	0.9998	HP1	0.9467	0.9289	72.0	3.0	3.4973	0.0	C2	chromothripsis	chromothripsis:noncanonical	chromosome_arm	0	90951000	402	402	8	6	5	8714374	6.885176146903954e-07	3.4973379613957354	534961.75	1081528.0	2564011.0	False	0.6666666666666666	0.4	0	0	0	2	2	2	0	0	0	0	0	0	7	0					1	1	0.0	3	2	0	3	sample_residual	coords	1	0	chromothripsis:noncanonical	chromothripsis	0.37294426560401917	0.592170238494873	chromothripsis	0.3273339867591858	-0.7202679514884949	-1.9486875534057617	0.12469654530286789	-2.727602243423462	0.061364129185676575	-0.7202679514884949	0.3273339867591858	-3.7833914756774902	0.022239573299884796
ScaBER:chr9:9094848-15433422:3	ScaBER:chr9:9094848-15433422:3	ScaBER	chr9	p	9094848	15433422	candidate_region_label	chromothripsis	region	candidate_region	6	12	12	candidate_region_with_context	13656597	15433422	sv_attention	0.9861	0.2803	mixed_HP	0.087	0.454	53.0	34.0	0.7892	1.1257	C3	chromothripsis	chromothripsis:noncanonicalB	chromosome_arm	0	49224000	402	402	8	6	6	6338575	9.465849974166116e-07	1.9149285131121745	385353.5	617319.0	788321.5	True	0.8333333333333334	0.6	0	3	2	1	0	0	0	0	0	0	0	0	7	0					5	0	0.0	0	2	0	0	sample_residual	coords	1	0	chromothripsis:noncanonicalB	chromothripsis	3.9708027839660645	0.9814907312393188	chromothripsis	0.3106245994567871	-0.7972008585929871	-4.409749507904053	0.012012177146971226	-2.5705885887145996	0.07105544954538345	-0.7972008585929871	0.3106245994567871	-3.2173590660095215	0.03851766884326935
ScaBER:chr11:100583104-104021457:4	ScaBER:chr11:100583104-104021457:4	ScaBER	chr11	q	100583104	104021457	candidate_region_label	BFB	region	candidate_region	1	3	3	candidate_region_with_context	104005208	104021457	sv_attention	0.8135	0.0047	HP1	0.8667	0.8222	84.0	0.0	8.0	2.0	C4	BFB	BFB:noncanonicalB	chromosome_arm	53714000	135050001	402	402	8	1	1	3438354	2.9083683646302854e-07	10.0	3438354.0	3438354.0	3438354.0	False	0.0	0.0	0	0	0	0	0	0	0	0	1	0	0	0	2	0	1.0	1.0			0	0	1.0	1	0	0	1	sample_residual	coords	1	0	BFB:noncanonicalB	BFB	4.428032398223877	0.9882028698921204	BFB	0.30580300092697144	-0.8198146224021912	-3.779198408126831	0.022330932319164276	-2.41559100151062	0.08199150860309601	-3.6243934631347656	0.025972696021199226	-0.8198146224021912	0.30580300092697144
ZR7530:chr6:100115301-111370648:1	ZR7530:chr6:100115301-111370648:1	ZR7530	chr6	q	100115301	111370648	candidate_region_label	chromothripsis	region	candidate_region	6	12	12	candidate_region_with_context	100650627	111370648	sv_attention	0.999	0.9524	HP2	-0.4027	0.2036	12.0	48.0	1.0812	1.0989	C1	chromothripsis	chromothripsis:noncanonicalB	chromosome_arm	60589000	170800001	402	402	8	6	6	11255348	5.330799189860678e-07	2.1800890563312656	1074493.5	1644923.5	2551063.25	True	0.8333333333333334	0.6	0	1	3	2	0	0	0	0	0	0	0	0	7	0					0	2	0.0	3	2	0	3	sample_residual	coords	1	0	chromothripsis:noncanonicalB	chromothripsis	3.7293601036071777	0.9765547513961792	chromothripsis	0.3732150197029114	-0.5184487700462341	-4.193329334259033	0.014871443621814251	-2.8412044048309326	0.0551377609372139	-0.5184487700462341	0.3732150197029114	-2.7155885696411133	0.06205975264310837
ZR7530:chr8:47000001-72913724:2	ZR7530:chr8:47000001-72913724:2	ZR7530	chr8	q	47000001	72913724	candidate_region_label	ecDNA;Seismic_Amplification;BFB	region	candidate_region	26	58	58	candidate_region_with_context	48138654	72913724	sv_attention	1.0	0.9561	HP2	-0.3386	0.1181	120.0	406.0	1.0384	0.8994	C2	ecDNA;Seismic_Amplification;BFB	ecDNA;Seismic_Amplification:noncanonical;BFB:noncanonicalB	chromosome_arm	45644000	145100001	402	402	8	25	18	25913724	1.0033293555183349e-06	1.93787870859472	57872.0	152615.0	1142030.5	False	0.3461538461538461	0.16	3	5	4	4	4	1	1	0	0	4	0	0	30	0					6	7	0.0	4	13	0	4	sample_residual	coords	1	0	ecDNA;Seismic_Amplification:noncanonical;BFB:noncanonicalB	ecDNA;Seismic_Amplification;BFB	3.7360665798187256	0.9767077565193176	Seismic_Amplification	0.32506147027015686	-0.7306072115898132	-2.9527201652526855	0.049608103930950165	-0.7306072115898132	0.32506147027015686	-1.1137645244598389	0.24716974794864655	-3.1872482299804688	0.039648424834012985
ZR7530:chr8:84292564-145138636:3	ZR7530:chr8:84292564-145138636:3	ZR7530	chr8	q	84292564	145138636	candidate_region_label	ecDNA;Seismic_Amplification;BFB	region	candidate_region	100	172	172	candidate_region_with_context	84360799	145138636	sv_attention	1.0	0.9989	mixed_HP	-0.2225	0.8656	686.0	616.0	0.9355	7.3759	C2	ecDNA;Seismic_Amplification;BFB	ecDNA;Seismic_Amplification:noncanonical;BFB:noncanonicalB	chromosome_arm	45644000	145100001	402	402	8	100	75	60846073	1.6434914378122643e-06	8.307437375621594	100427.5	198391.0	476154.75	False	0.15	0.0	6	5	2	3	6	7	5	5	11	33	17	0	104	0	31.0	61.0			22	11	3.0	33	34	1	33	sample_residual	coords	1	0	ecDNA;Seismic_Amplification:noncanonical;BFB:noncanonicalB	ecDNA;Seismic_Amplification;BFB	5.63548469543457	0.9964438080787659	ecDNA	0.6236481666564941	0.5050618648529053	0.5050618648529053	0.6236481666564941	0.08120119571685791	0.5202891826629639	-3.916752338409424	0.019517136737704277	-1.488228678703308	0.18418774008750916
ZR7530:chr17:28000001-31100863:4	ZR7530:chr17:28000001-31100863:4	ZR7530	chr17	q	28000001	31100863	candidate_region_label	ecDNA;Seismic_Amplification;BFB	region	candidate_region	6	29	29	candidate_region_with_context	28445840	31100863	sv_attention	0.9658	0.8562	mixed_HP	0.1324	0.3	95.0	43.0	0.4552	0.9596	C2	ecDNA;Seismic_Amplification;BFB	ecDNA;Seismic_Amplification:noncanonical;BFB:noncanonicalB	chromosome_arm	25150000	83250001	402	402	8	6	5	3100863	1.9349452071890955e-06	1.4147555051609826	287644.75	337553.5	385744.75	False	0.6666666666666666	0.4	2	2	0	0	0	1	1	0	0	0	0	0	6	0					1	2	0.0	2	1	0	2	sample_residual	coords	1	0	ecDNA;Seismic_Amplification:noncanonical;BFB:noncanonicalB	ecDNA;Seismic_Amplification;BFB	-1.0540771484375	0.2584429681301117	chromothripsis	0.38878417015075684	-0.45242562890052795	-5.151187419891357	0.005759162828326225	-1.2956629991531372	0.2148958295583725	-0.45242562890052795	0.38878417015075684	-4.77389669418335	0.00837663747370243
ZR7530:chr17:48045677-68434855:5	ZR7530:chr17:48045677-68434855:5	ZR7530	chr17	q	48045677	68434855	candidate_region_label	ecDNA;Seismic_Amplification;BFB	region	candidate_region	46	85	85	candidate_region_with_context	48259648	68434855	sv_attention	1.0	0.9895	mixed_HP	0.241	0.4828	350.0	230.0	3.3814	1.7843	C2	ecDNA;Seismic_Amplification;BFB	ecDNA;Seismic_Amplification:noncanonical;BFB:noncanonicalB	chromosome_arm	25150000	83250001	402	402	8	46	28	20389179	2.2560986884268366e-06	5.165704710326983	66324.0	169390.0	631841.25	False	0.3043478260869565	0.1111111111111111	7	1	7	6	6	1	1	2	3	4	2	6	49	1	12.0	32.0	12.0	12.0	4	3	3.0	24	14	1	24	sample_residual	coords	1	0	ecDNA;Seismic_Amplification:noncanonical;BFB:noncanonicalB	ecDNA;Seismic_Amplification;BFB	5.76057767868042	0.9968606233596802	ecDNA	0.6616402864456177	0.6706125736236572	0.6706125736236572	0.6616402864456177	0.008314374834299088	0.5020785331726074	-4.586550712585449	0.010085192508995533	-1.498552680015564	0.18264149129390717
SCC152:chr1:24012196-25424062:1		SCC152	chr1	p	24012196	25424062	candidate_region_empty		empty_candidate_region	candidate_region	2	2	2	candidate_region_with_context	24168953	24325712	sv_attention	0.3	0.111	HP1	0.6923	0.5897	10.0	3.0	3.2221	0.0	C1			chromosome_arm	0	123459000	402	402	8	2	2	1411867	1.41656402479837e-06	3.222059159963368	431346.25	705933.5	980520.75	False	0.0	0.0	0	0	0	1	0	1	0	0	0	0	0	0	3	0					0	2		0	1	0	0	sample_residual	coords	0	1			3.4503817558288574	0.969242513179779	BFB	0.1322086900472641	-1.8815696239471436	-3.07855486869812	0.04400056228041649	-2.0988075733184814	0.10921277850866318	-2.2691404819488525	0.09371118992567062	-1.8815696239471436	0.1322086900472641
SCC152:chr1:170918867-171357168:2		SCC152	chr1	q	170918867	171357168	candidate_region_empty		empty_candidate_region	candidate_region	2	2	2	candidate_region_with_context	170935729	170959684	sv_attention	0.3	0.0547	HP1	0.5685	0.4246	13.0	4.0	5.0931	1.0931	C2			chromosome_arm	123459000	248950001	402	402	8	2	1	438302	4.563063823573701e-06	6.186255139150632	129984.5	219151.0	308317.5	False	0.0	0.0	0	0	0	0	0	0	1	0	1	0	0	0	3	0					1	2		0	0	0	0	sample_residual	coords	0	1			2.637532949447632	0.9332384467124939	Seismic_Amplification	0.5101532936096191	0.040618959814310074	-1.31730318069458	0.21126732230186462	0.040618959814310074	0.5101532936096191	-3.3140976428985596	0.03509071096777916	-2.374060869216919	0.08517218381166458
SCC152:chr1:232257800-232382315:3		SCC152	chr1	q	232257800	232382315	candidate_region_empty		empty_candidate_region	candidate_region	1	1	1	candidate_region_with_context	232382314	232382315	sv_attention	0.3	0.0	mixed_HP	0.75	0.3333	16.0	0.0	5.0	3.0	C3			chromosome_arm	123459000	248950001	402	402	8	1	1	124516	8.03109640528125e-06	8.0	124516.0	124516.0	124516.0	False	0.0	0.0	0	0	0	0	0	0	0	0	1	0	0	0	2	0					0	2		0	0	0	0	sample_residual	coords	0	1			1.7359927892684937	0.8501773476600647	Seismic_Amplification	0.5096731185913086	0.03869721665978432	-0.5179357528686523	0.373335063457489	0.03869721665978432	0.5096731185913086	-3.149836540222168	0.041097719222307205	-2.2798895835876465	0.0928022563457489
SCC152:chr1:248950002-248956422:4		SCC152	chr1	q	248950002	248956422	candidate_region_empty		empty_candidate_region	candidate_region	1	0	0	candidate_region_with_context	248953412	248955519	cn_attention	0.2049	0.3282	mixed_HP	0.0	0.2	0.0	0.0	1.0	1.0	C4			chromosome_arm	123459000	248950001	402	402	8	1	0	6421	0.000155738981467	2.0	6421.0	6421.0	6421.0	False	0.0	0.0	0	0	1	0	0	0	0	0	0	0	0	0	0	0					0	0		0	0	0	0	sample_residual	coords	0	1			-0.9378068447113037	0.281343549489975	ecDNA	0.44721630215644836	-0.21192440390586853	-0.21192440390586853	0.44721630215644836	-0.8688088059425354	0.2955022156238556	-1.4822015762329102	0.18509510159492493	-3.3796603679656982	0.03293721377849579
SCC152:chr2:42133920-43274065:5		SCC152	chr2	p	42133920	43274065	candidate_region_empty		empty_candidate_region	candidate_region	1	0	0	candidate_region_with_context	42632733	43002389	cn_attention	0.2036	0.3242	mixed_HP	0.0	0.2	0.0	0.0	0.0	0.0	C5			chromosome_arm	0	93989000	402	402	8	1	1	1140146	8.770806545828341e-07	0.0	1140146.0	1140146.0	1140146.0	False	0.0	0.0	1	0	0	0	0	0	0	0	0	0	0	0	2	0					2	0		0	0	0	0	sample_residual	coords	0	1			1.3939844369888306	0.8012275695800781	chromothripsis	0.16375358402729034	-1.6305606365203857	-2.7264673709869385	0.061429526656866074	-3.054807186126709	0.045010387897491455	-1.6305606365203857	0.16375358402729034	-2.3482770919799805	0.08720281720161438
SCC152:chr2:141129231-141364775:6		SCC152	chr2	q	141129231	141364775	candidate_region_empty		empty_candidate_region	candidate_region	1	0	0	candidate_region_with_context	141234121	141310489	cn_attention	0.2036	0.3242	mixed_HP	0.0	0.2	0.0	0.0	0.0	0.0	C6			chromosome_arm	93989000	242150001	402	402	8	1	1	235545	4.245473264132119e-06	0.0	235545.0	235545.0	235545.0	False	0.0	0.0	1	0	0	0	0	0	0	0	0	0	0	0	2	0					2	0		0	0	0	0	sample_residual	coords	0	1			0.7901498079299927	0.6878634691238403	chromothripsis	0.2005392462015152	-1.382927417755127	-2.550201892852783	0.07241292297840118	-2.5940983295440674	0.06951919943094254	-1.382927417755127	0.2005392462015152	-2.839773178100586	0.055212363600730896
SCC152:chr2:242150002-242193529:7		SCC152	chr2	q	242150002	242193529	candidate_region_empty		empty_candidate_region	candidate_region	1	0	0	candidate_region_with_context	242173125	242187408	cn_attention	0.2049	0.3281	mixed_HP	0.0	0.2	0.0	0.0	1.0	1.0	C7			chromosome_arm	93989000	242150001	402	402	8	1	0	43528	2.297371806653189e-05	2.0	43528.0	43528.0	43528.0	False	0.0	0.0	0	0	1	0	0	0	0	0	0	0	0	0	0	0					0	0		0	0	0	0	sample_residual	coords	0	1			-0.9288824796676636	0.2831515073776245	ecDNA	0.4730222225189209	-0.1080159842967987	-0.1080159842967987	0.4730222225189209	-1.1750454902648926	0.23594419658184052	-1.3694707155227661	0.20270536839962006	-3.08786940574646	0.04361041635274887
SCC152:chr3:47192082-47216096:8		SCC152	chr3	p	47192082	47216096	candidate_region_empty		empty_candidate_region	candidate_region	1	0	0	candidate_region_with_context	47202775	47209998	cn_attention	0.204	0.3008	mixed_HP	0.0	0.2	0.0	0.0	1.0	1.0	C8			chromosome_arm	0	90951000	402	402	8	1	0	24015	4.164064126587549e-05	2.0	24015.0	24015.0	24015.0	False	0.0	0.0	0	0	1	0	0	0	0	0	0	0	0	0	2	0					0	2		0	0	0	0	sample_residual	coords	0	1			-0.3572424352169037	0.41162726283073425	ecDNA	0.31380048394203186	-0.7824109792709351	-0.7824109792709351	0.31380048394203186	-1.4977222681045532	0.18276549875736237	-1.6069685220718384	0.16700991988182068	-3.0633933544158936	0.04464275389909744
SCC152:chr3:82230375-82350839:9		SCC152	chr3	p	82230375	82350839	candidate_region_empty		empty_candidate_region	candidate_region	1	2	2	candidate_region_with_context	82230615	82350838	sv_attention	0.3	0.998	HP2	-0.3333	0.1111	0.0	8.0	3.0	0.0	C9			chromosome_arm	0	90951000	402	402	8	1	1	120465	8.301166313867098e-06	3.0	120465.0	120465.0	120465.0	False	0.0	0.0	0	0	0	1	0	0	0	0	0	0	0	0	2	0					0	0		0	2	0	0	sample_residual	coords	0	1			-0.061781078577041626	0.48455968499183655	ecDNA	0.2851485311985016	-0.9190646409988403	-0.9190646409988403	0.2851485311985016	-1.4257858991622925	0.1937561333179474	-1.8114356994628906	0.1404646933078766	-2.730144739151001	0.06121784448623657
SCC152:chr3:141240288-142026013:10		SCC152	chr3	q	141240288	142026013	candidate_region_empty		empty_candidate_region	candidate_region	3	3	3	candidate_region_with_context	141869463	142026013	sv_attention	0.454	0.1992	HP2	-0.4922	0.3229	0.0	12.0	2.8222	0.8827	C10			chromosome_arm	90951000	198250001	402	402	8	3	3	785726	3.81812489341068e-06	3.704969671361263	212536.5	268524.0	314588.5	True	1.0	1.0	0	1	0	0	0	0	2	0	0	0	0	0	4	0					0	4		0	0	0	0	sample_residual	coords	0	1			3.4352142810821533	0.9687871932983398	chromothripsis	0.17128613591194153	-1.576539397239685	-2.9437828063964844	0.050031181424856186	-1.8827542066574097	0.1320728361606598	-1.576539397239685	0.17128613591194153	-2.6914358139038086	0.06348060816526413
SCC152:chr3:154744644-159753451:11	SCC152:chr3:154744644-159753451:11	SCC152	chr3	q	154744644	159753451	candidate_region_label	ecDNA	region	candidate_region	2	4	4	candidate_region_with_context	159732166	159753451	sv_attention	0.6774	0.0042	mixed_HP	0.083	0.3	21.0	9.0	2.0266	7.0	C11	ecDNA	ecDNA	chromosome_arm	90951000	198250001	402	402	8	2	1	5008808	3.9929659911100603e-07	9.026566799925252	1268835.5	2504404.0	3739972.5	False	0.0	0.0	0	0	0	0	0	0	0	0	1	1	0	0	3	0					0	0		1	0	2	1	sample_residual	coords	1	0	ecDNA	ecDNA	2.3355631828308105	0.9117798209190369	ecDNA	0.9090614318847656	2.3022279739379883	2.3022279739379883	0.9090614318847656	-1.0497230291366577	0.2592782974243164	-3.3299944400787354	0.034556418657302856	-2.325042724609375	0.08907006680965424
SCC152:chr3:195744134-198295559:12	SCC152:chr3:195744134-198295559:12	SCC152	chr3	q	195744134	198295559	candidate_region_label	ecDNA	region	candidate_region	2	0	0	candidate_region_with_context	196023196	197737434	cn_attention	0.2017	0.6719	mixed_HP	-0.4545	0.3333	0.0	0.0	3.0	8.0	C12	ecDNA	ecDNA	chromosome_arm	90951000	198250001	402	402	8	2	1	2551426	7.838753700871591e-07	10.839296926503062	660635.5	1275713.0	1890790.5	False	0.0	0.0	0	0	1	0	0	0	0	0	0	1	0	0	1	0					0	0		0	0	1	0	sample_residual	coords	1	0	ecDNA	ecDNA	2.593581438064575	0.9304473400115967	ecDNA	0.86799156665802	1.8833158016204834	1.8833158016204834	0.86799156665802	-0.46014806628227234	0.3869507312774658	-3.3254473209381104	0.03470843657851219	-2.024240255355835	0.11668124794960022
SCC152:chr4:190200002-190214555:13		SCC152	chr4	q	190200002	190214555	candidate_region_empty		empty_candidate_region	candidate_region	1	0	0	candidate_region_with_context	190207733	190212508	cn_attention	0.2049	0.3281	mixed_HP	0.0	0.2	0.0	0.0	1.0	1.0	C13			chromosome_arm	50494000	190200001	402	402	8	1	0	14554	6.87096330905593e-05	2.0	14554.0	14554.0	14554.0	False	0.0	0.0	0	0	1	0	0	0	0	0	0	0	0	0	0	0					0	0		0	0	0	0	sample_residual	coords	0	1			-0.9666271209716797	0.27555331587791443	ecDNA	0.458890438079834	-0.1648103892803192	-0.1648103892803192	0.458890438079834	-0.9773857593536377	0.273410826921463	-1.4286689758300781	0.19330616295337677	-3.285304546356201	0.03607878461480141
SCC152:chr5:29509639-36022279:14		SCC152	chr5	p	29509639	36022279	candidate_region_empty		empty_candidate_region	candidate_region	3	3	3	candidate_region_with_context	31103344	36022279	sv_attention	0.3	0.7553	HP1	0.4947	0.3263	19.0	1.0	1.0245	1.9704	C14			chromosome_arm	0	48464000	402	402	8	2	2	6512641	4.6064261794869394e-07	2.9948956191505105	127999.5	159585.0	3208113.5	False	0.6666666666666666	0.5	0	1	0	1	1	0	0	0	0	0	0	0	4	0					4	0		0	0	0	0	sample_residual	coords	0	1			-2.4014759063720703	0.08306021988391876	ecDNA	0.48741528391838074	-0.050349682569503784	-0.050349682569503784	0.48741528391838074	-1.8460264205932617	0.13634012639522552	-0.7340266704559326	0.3243117332458496	-4.233233451843262	0.014298014342784882
SCC152:chr5:71095378-75128425:15		SCC152	chr5	q	71095378	75128425	candidate_region_empty		empty_candidate_region	candidate_region	1	1	1	candidate_region_with_context	75128424	75128425	sv_attention	0.3	0.0	HP2	-1.0	1.0	0.0	0.0	0.0	1.0	C15			chromosome_arm	48464000	181500001	402	402	8	1	1	4033048	2.4795142532397335e-07	1.0	4033048.0	4033048.0	4033048.0	False	0.0	0.0	0	1	0	0	0	0	0	0	0	0	0	0	2	0					0	0		1	0	1	1	sample_residual	coords	0	1			0.6135909557342529	0.6487595438957214	ecDNA	0.19281059503555298	-1.4318500757217407	-1.4318500757217407	0.19281059503555298	-2.8759653568267822	0.05335455387830734	-2.073902130126953	0.11165940016508102	-3.060361385345459	0.04477224126458168
SCC152:chr6:0-2269575:16		SCC152	chr6	p	0	2269575	candidate_region_empty		empty_candidate_region	candidate_region	2	1	1	candidate_region_with_context	2245299	2269575	sv_attention	0.3	0.0107	HP2	-0.3333	0.1111	0.0	11.0	0.0214	0.0	C16			chromosome_arm	0	60589000	402	402	8	2	1	2269576	8.812218669918963e-07	0.0213916608212282	579531.5	1134788.0	1690044.5	False	0.0	0.0	1	0	1	0	0	0	0	0	0	0	0	0	2	0					0	2		0	0	0	0	sample_residual	coords	0	1			2.728724956512451	0.9387004971504211	chromothripsis	0.2885899245738983	-0.9022421836853027	-3.3649182319641113	0.03341003134846687	-3.116452217102051	0.04243369773030281	-0.9022421836853027	0.2885899245738983	-2.4753775596618652	0.07760243862867355
SCC152:chr6:134367044-134825955:17		SCC152	chr6	q	134367044	134825955	candidate_region_empty		empty_candidate_region	candidate_region	1	1	1	candidate_region_with_context	134825954	134825955	sv_attention	0.3	0.0	HP2	-0.5556	0.4074	0.0	8.0	2.0	1.0	C17			chromosome_arm	60589000	170800001	402	402	8	1	1	458912	2.179067010668712e-06	3.0	458912.0	458912.0	458912.0	False	0.0	0.0	0	0	0	1	0	0	0	0	0	0	0	0	2	0					0	0		0	2	0	0	sample_residual	coords	0	1			0.867678165435791	0.7042623162269592	ecDNA	0.16783875226974487	-1.601022481918335	-1.601022481918335	0.16783875226974487	-2.0796923637390137	0.11108634620904922	-2.101766347885132	0.10892526060342789	-2.2886714935302734	0.09206554293632507
SCC152:chr6:149770978-149966871:18		SCC152	chr6	q	149770978	149966871	candidate_region_empty		empty_candidate_region	candidate_region	1	0	0	candidate_region_with_context	149858211	149917897	cn_attention	0.2041	0.3047	mixed_HP	0.0	0.2	0.0	0.0	1.0	1.0	C18			chromosome_arm	60589000	170800001	402	402	8	1	1	195894	5.104801576362727e-06	2.0	195894.0	195894.0	195894.0	False	0.0	0.0	0	0	1	0	0	0	0	0	0	0	0	0	2	0					0	2		0	0	0	0	sample_residual	coords	0	1			-0.06707426905632019	0.48323768377304077	chromothripsis	0.20826104283332825	-1.3354394435882568	-1.8723889589309692	0.13326554000377655	-1.697051763534546	0.15485072135925293	-1.3354394435882568	0.20826104283332825	-2.5117287635803223	0.07504002749919891
SCC152:chr6:170800002-170805979:19		SCC152	chr6	q	170800002	170805979	candidate_region_empty		empty_candidate_region	candidate_region	1	0	0	candidate_region_with_context	170803177	170805138	cn_attention	0.2049	0.3281	mixed_HP	0.0	0.2	0.0	0.0	1.0	1.0	C19			chromosome_arm	60589000	170800001	402	402	8	1	0	5978	0.0001672800267648	2.0	5978.0	5978.0	5978.0	False	0.0	0.0	0	0	1	0	0	0	0	0	0	0	0	0	0	0					0	0		0	0	0	0	sample_residual	coords	0	1			-0.9319100379943848	0.2825373709201813	ecDNA	0.426577627658844	-0.29582831263542175	-0.29582831263542175	0.426577627658844	-0.8697575330734253	0.2953047454357147	-1.4901361465454102	0.18390129506587982	-3.4105212688446045	0.031968262046575546
SCC152:chr7:159300002-159345973:20		SCC152	chr7	q	159300002	159345973	candidate_region_empty		empty_candidate_region	candidate_region	1	0	0	candidate_region_with_context	159324424	159339508	cn_attention	0.2049	0.3281	mixed_HP	0.0	0.2	0.0	0.0	1.0	1.0	C20			chromosome_arm	59904000	159300001	402	402	8	1	0	45972	2.175237100843992e-05	2.0	45972.0	45972.0	45972.0	False	0.0	0.0	0	0	1	0	0	0	0	0	0	0	0	0	0	0					0	0		0	0	0	0	sample_residual	coords	0	1			-0.9267951250076294	0.2835753560066223	ecDNA	0.42684581875801086	-0.29473182559013367	-0.29473182559013367	0.42684581875801086	-1.2223743200302124	0.22751887142658234	-1.408346176147461	0.19649502635002136	-3.161041498184204	0.040658414363861084
SCC152:chr8:145100002-145138636:21		SCC152	chr8	q	145100002	145138636	candidate_region_empty		empty_candidate_region	candidate_region	1	0	0	candidate_region_with_context	145120526	145133203	cn_attention	0.2049	0.3281	mixed_HP	0.0	0.2	0.0	0.0	1.0	1.0	C21			chromosome_arm	45644000	145100001	402	402	8	1	0	38635	2.588326646822829e-05	2.0	38635.0	38635.0	38635.0	False	0.0	0.0	0	0	1	0	0	0	0	0	0	0	0	0	0	0					0	0		0	0	0	0	sample_residual	coords	0	1			-0.9637534618377686	0.27612730860710144	ecDNA	0.420513391494751	-0.3206661641597748	-0.3206661641597748	0.420513391494751	-1.1950116157531738	0.23236379027366638	-1.3968007564544678	0.1983242630958557	-3.19915771484375	0.03919743373990059
SCC152:chr9:97818032-97942607:22		SCC152	chr9	q	97818032	97942607	candidate_region_empty		empty_candidate_region	candidate_region	1	6	6	candidate_region_with_context	97856422	97942607	sv_attention	0.5409	0.6918	mixed_HP	0.0	0.2	0.0	0.0	0.0	0.0	C22			chromosome_arm	49224000	138350001	402	402	8	1	1	124576	8.027228358592345e-06	0.0	124576.0	124576.0	124576.0	False	0.0	0.0	1	0	0	0	0	0	0	0	0	0	0	0	3	0					0	1		1	0	1	1	sample_residual	coords	0	1			-0.24831339716911316	0.43823865056037903	chromothripsis	0.25916972756385803	-1.050288438796997	-1.7629752159118652	0.14641812443733215	-2.384073495864868	0.08439526706933975	-1.050288438796997	0.25916972756385803	-2.8870556354522705	0.05279717221856117
SCC152:chr9:108230866-108585071:23		SCC152	chr9	q	108230866	108585071	candidate_region_empty		empty_candidate_region	candidate_region	1	0	0	candidate_region_with_context	108388597	108506205	cn_attention	0.2024	0.332	HP2	-0.3333	0.1111	0.0	0.0	2.0	4.0	C23			chromosome_arm	49224000	138350001	402	402	8	1	1	354206	2.823215868731755e-06	6.0	354206.0	354206.0	354206.0	False	0.0	0.0	0	0	0	0	0	0	1	0	0	0	0	0	2	0					0	2		0	0	0	0	sample_residual	coords	0	1			1.1699291467666626	0.7631322145462036	Seismic_Amplification	0.22936850786209106	-1.2118803262710571	-1.8729777336120605	0.13319754600524902	-1.2118803262710571	0.22936850786209106	-2.524466037750244	0.07416071742773056	-2.4283688068389893	0.08103486150503159
SCC152:chr10:61194154-61266447:24		SCC152	chr10	q	61194154	61266447	candidate_region_empty		empty_candidate_region	candidate_region	1	0	0	candidate_region_with_context	61226346	61248373	cn_attention	0.2034	0.3047	HP2	-0.3333	0.1111	0.0	0.0	1.0	2.0	C24			chromosome_arm	40246000	133750001	402	402	8	1	0	72294	1.3832406562093672e-05	3.0	72294.0	72294.0	72294.0	False	0.0	0.0	0	0	0	1	0	0	0	0	0	0	0	0	2	0					0	2		0	0	0	0	sample_residual	coords	0	1			0.9137119054794312	0.7137591242790222	ecDNA	0.2850389778614044	-0.9196021556854248	-0.9196021556854248	0.2850389778614044	-1.5424761772155762	0.17617559432983398	-1.7215651273727417	0.1516696810722351	-2.936263084411621	0.050389789044857025
SCC152:chr10:133750002-133797422:25		SCC152	chr10	q	133750002	133797422	candidate_region_empty		empty_candidate_region	candidate_region	1	0	0	candidate_region_with_context	133775193	133790753	cn_attention	0.2049	0.3281	mixed_HP	0.0	0.2	0.0	0.0	1.0	1.0	C25			chromosome_arm	40246000	133750001	402	402	8	1	0	47421	2.108770375993758e-05	2.0	47421.0	47421.0	47421.0	False	0.0	0.0	0	0	1	0	0	0	0	0	0	0	0	0	0	0					0	0		0	0	0	0	sample_residual	coords	0	1			-0.9187580347061157	0.2852109968662262	ecDNA	0.41906121373176575	-0.32662829756736755	-0.32662829756736755	0.41906121373176575	-1.2335411310195923	0.22556225955486298	-1.4137089252471924	0.19564971327781677	-3.167323589324951	0.04041408374905586
SCC152:chr11:9401665-10929493:26		SCC152	chr11	p	9401665	10929493	candidate_region_empty		empty_candidate_region	candidate_region	2	3	3	candidate_region_with_context	9486371	10929493	sv_attention	0.435	0.9446	mixed_HP	0.1211	0.3	8.0	15.0	3.8891	0.0554	C26			chromosome_arm	0	53714000	402	402	8	2	1	1527829	1.309047020314446e-06	3.9445566225016018	424311.25	763914.5	1103517.75	False	0.0	0.0	0	0	0	1	1	0	0	0	0	0	0	0	4	0					0	0		0	4	0	0	sample_residual	coords	0	1			1.137054681777954	0.7571384310722351	chromothripsis	0.2512010335922241	-1.0922170877456665	-1.8727247714996338	0.13322675228118896	-2.9831788539886475	0.0481916107237339	-1.0922170877456665	0.2512010335922241	-3.021733045578003	0.04645364731550217
SCC152:chr11:135076383-135086622:27		SCC152	chr11	q	135076383	135086622	candidate_region_empty		empty_candidate_region	candidate_region	1	0	0	candidate_region_with_context	135081822	135085182	cn_attention	0.2049	0.3282	mixed_HP	0.0	0.2	0.0	0.0	1.0	1.0	C27			chromosome_arm	53714000	135076382	402	402	8	1	0	10240	9.765625e-05	2.0	10240.0	10240.0	10240.0	False	0.0	0.0	0	0	1	0	0	0	0	0	0	0	0	0	1	0					0	0		1	0	0	1	sample_residual	coords	0	1			-0.6392853260040283	0.3454081118106842	ecDNA	0.43267643451690674	-0.2709396779537201	-0.2709396779537201	0.43267643451690674	-1.0571504831314087	0.2578543722629547	-1.6290714740753174	0.1639575958251953	-3.263484001159668	0.0368453674018383
SCC152:chr12:57671836-58010199:28		SCC152	chr12	q	57671836	58010199	candidate_region_empty		empty_candidate_region	candidate_region	1	0	0	candidate_region_with_context	57822513	57924286	cn_attention	0.2041	0.3008	mixed_HP	0.0	0.2	0.0	0.0	1.0	1.0	C28			chromosome_arm	35807000	133250001	402	402	8	1	1	338364	2.9553971462685155e-06	2.0	338364.0	338364.0	338364.0	False	0.0	0.0	0	0	1	0	0	0	0	0	0	0	0	0	2	0					0	2		0	0	0	0	sample_residual	coords	0	1			1.305425763130188	0.7867466807365417	chromothripsis	0.20738321542739868	-1.3407714366912842	-2.7336273193359375	0.061017997562885284	-2.1540839672088623	0.10395020991563797	-1.3407714366912842	0.20738321542739868	-2.690366268157959	0.06354422122240067
SCC152:chr12:133250002-133275309:29		SCC152	chr12	q	133250002	133275309	candidate_region_empty		empty_candidate_region	candidate_region	1	0	0	candidate_region_with_context	133263446	133271750	cn_attention	0.2049	0.3281	mixed_HP	0.0	0.2	0.0	0.0	1.0	1.0	C29			chromosome_arm	35807000	133250001	402	402	8	1	0	25308	3.951319740793425e-05	2.0	25308.0	25308.0	25308.0	False	0.0	0.0	0	0	1	0	0	0	0	0	0	0	0	0	0	0					0	0		0	0	0	0	sample_residual	coords	0	1			-0.9930521249771118	0.2703096270561218	ecDNA	0.4131312966346741	-0.3510356843471527	-0.3510356843471527	0.4131312966346741	-1.1146485805511475	0.24700529873371124	-1.4139140844345093	0.1956174224615097	-3.2853469848632812	0.036077309399843216
SCC152:chr13:72909271-73218361:30		SCC152	chr13	q	72909271	73218361	candidate_region_empty		empty_candidate_region	candidate_region	1	0	0	candidate_region_with_context	73045705	73149540	cn_attention	0.2019	0.3359	HP1	1.0	1.0	0.0	0.0	3.0	0.0	C30			chromosome_arm	17900000	114350001	402	402	8	1	1	309091	3.235293166090245e-06	3.0	309091.0	309091.0	309091.0	False	0.0	0.0	0	0	0	1	0	0	0	0	0	0	0	0	2	0					0	2		0	0	0	0	sample_residual	coords	0	1			1.0119911432266235	0.7334097027778625	Seismic_Amplification	0.14761057496070862	-1.753466010093689	-1.9125348329544067	0.12869635224342346	-1.753466010093689	0.14761057496070862	-2.193857431411743	0.10030344873666763	-2.2872915267944336	0.09218095988035202
SCC152:chr13:114350002-114364328:31		SCC152	chr13	q	114350002	114364328	candidate_region_empty		empty_candidate_region	candidate_region	1	0	0	candidate_region_with_context	114357612	114362313	cn_attention	0.2049	0.3281	mixed_HP	0.0	0.2	0.0	0.0	1.0	1.0	C31			chromosome_arm	17900000	114350001	402	402	8	1	0	14327	6.979828296223913e-05	2.0	14327.0	14327.0	14327.0	False	0.0	0.0	0	0	1	0	0	0	0	0	0	0	0	0	0	0					0	0		0	0	0	0	sample_residual	coords	0	1			-0.9727307558059692	0.2743365466594696	ecDNA	0.4118373692035675	-0.3563750684261322	-0.3563750684261322	0.4118373692035675	-1.007137417793274	0.26754045486450195	-1.4561022520065308	0.18906418979167938	-3.36271333694458	0.033481307327747345
SCC152:chr14:91404278-91666087:32		SCC152	chr14	q	91404278	91666087	candidate_region_empty		empty_candidate_region	candidate_region	2	2	2	candidate_region_with_context	91666086	91666087	sv_attention	0.6025	0.0	HP1	0.2778	0.037	5.0	1.0	0.8308	2.4925	C32			chromosome_arm	17600000	107000001	402	402	8	2	1	261810	7.639127611626752e-06	3.323356632672549	87596.5	130905.0	174213.5	False	0.0	0.0	1	0	0	0	1	0	0	0	0	0	0	0	3	0					0	0		3	0	0	3	sample_residual	coords	0	1			-0.8728091716766357	0.29467010498046875	ecDNA	0.5522988438606262	0.20996329188346863	0.20996329188346863	0.5522988438606262	-1.3956743478775024	0.19850343465805054	-1.6376590728759766	0.16278384625911713	-3.388383150100708	0.03266049921512604
SCC152:chr14:106075079-107043718:33		SCC152	chr14	q	106075079	107043718	candidate_region_empty		empty_candidate_region	candidate_region	2	1	1	candidate_region_with_context	106758468	107043718	sv_attention	0.3	0.2945	mixed_HP	0.0	0.2	0.0	0.0	0.0	0.0	C33			chromosome_arm	17600000	107000001	402	402	8	2	1	968640	2.064750578130162e-06	0.0902647010241162	264018.5	484320.0	704621.5	False	0.0	0.0	1	0	1	0	0	0	0	0	0	0	0	0	1	0					1	0		0	0	0	0	sample_residual	coords	0	1			0.6779131889343262	0.6632727980613708	chromothripsis	0.254729300737381	-1.0735461711883545	-2.0228753089904785	0.1168220043182373	-2.3670570850372314	0.08571949601173401	-1.0735461711883545	0.254729300737381	-2.5137248039245605	0.07490161061286926
SCC152:chr15:41456961-56139903:34		SCC152	chr15	q	41456961	56139903	candidate_region_empty		empty_candidate_region	candidate_region	6	6	6	candidate_region_with_context	41721357	56139902	sv_attention	0.5751	0.982	HP1	0.7909	0.7213	23.0	4.0	1.0885	0.0191	C34			chromosome_arm	19050000	101950001	402	402	8	4	4	14682943	4.0863742370994697e-07	1.1076428615162506	87673.25	254557.0	3822489.0	True	0.8333333333333334	0.8	0	2	0	3	0	1	0	0	0	0	0	0	7	0					4	3		0	0	0	0	sample_residual	coords	0	1			2.882383108139038	0.9469686150550842	chromothripsis	0.44574448466300964	-0.21788007020950317	-2.1465108394622803	0.10465772449970245	-2.459871530532837	0.07871966063976288	-0.21788007020950317	0.44574448466300964	-3.142091751098633	0.04140402004122734
SCC152:chr15:74834670-74955943:35		SCC152	chr15	q	74834670	74955943	candidate_region_empty		empty_candidate_region	candidate_region	2	4	4	candidate_region_with_context	74857297	74879926	sv_attention	0.3578	0.1866	HP1	0.9167	0.8889	15.0	1.0	2.1866	0.0	C35			chromosome_arm	19050000	101950001	402	402	8	2	0	121274	1.649158104787506e-05	2.1865939937661825	41633.0	60637.0	79641.0	False	0.0	0.0	0	0	1	1	0	0	0	0	0	0	0	0	3	0					0	0		0	3	0	0	sample_residual	coords	0	1			0.12275955080986023	0.5306513905525208	ecDNA	0.411659836769104	-0.3571080267429352	-0.3571080267429352	0.411659836769104	-1.259630799293518	0.22103744745254517	-1.9974524974822998	0.11947065591812134	-2.744296073913574	0.06040959805250168
SCC152:chr15:101950002-101991189:36		SCC152	chr15	q	101950002	101991189	candidate_region_empty		empty_candidate_region	candidate_region	1	0	0	candidate_region_with_context	101971882	101985397	cn_attention	0.2049	0.3281	mixed_HP	0.0	0.2	0.0	0.0	1.0	1.0	C36			chromosome_arm	19050000	101950001	402	402	8	1	0	41188	2.4278916189181315e-05	2.0	41188.0	41188.0	41188.0	False	0.0	0.0	0	0	1	0	0	0	0	0	0	0	0	0	0	0					0	0		0	0	0	0	sample_residual	coords	0	1			-0.9595521688461304	0.276967853307724	ecDNA	0.40730714797973633	-0.3751088082790375	-0.3751088082790375	0.40730714797973633	-1.2169853448867798	0.2284674197435379	-1.4148046970367432	0.19547733664512634	-3.2203848361968994	0.03840577229857445
SCC152:chr16:90300002-90338345:37		SCC152	chr16	q	90300002	90338345	candidate_region_empty		empty_candidate_region	candidate_region	1	0	0	candidate_region_with_context	90320371	90332953	cn_attention	0.2049	0.3281	mixed_HP	0.0	0.2	0.0	0.0	1.0	1.0	C37			chromosome_arm	36800000	90300001	402	402	8	1	0	38344	2.6079699561861048e-05	2.0	38344.0	38344.0	38344.0	False	0.0	0.0	0	0	1	0	0	0	0	0	0	0	0	0	0	0					0	0		0	0	0	0	sample_residual	coords	0	1			-0.978217363357544	0.273245632648468	ecDNA	0.35133618116378784	-0.6131709814071655	-0.6131709814071655	0.35133618116378784	-1.2410680055618286	0.22425015270709991	-1.4319980144500732	0.1927875578403473	-3.3238534927368164	0.03476187586784363
SCC152:chr17:21795851-21999999:38		SCC152	chr17	p	21795851	21999999	candidate_region_empty		empty_candidate_region	candidate_region	1	0	0	candidate_region_with_context	21883570	21952949	cn_attention	0.2024	0.3398	HP1	1.0	1.0	0.0	0.0	2.0	0.0	C38			chromosome_arm	0	25150000	402	402	8	1	1	204149	4.898383043757256e-06	2.0	204150.0	204150.0	204150.0	False	0.0	0.0	0	0	1	0	0	0	0	0	0	0	0	0	1	0					0	0		1	0	0	1	sample_residual	coords	0	1			0.0691734254360199	0.517286479473114	chromothripsis	0.17186032235622406	-1.5724997520446777	-1.5830397605895996	0.17036539316177368	-1.769823431968689	0.14556428790092468	-1.5724997520446777	0.17186032235622406	-3.030179977416992	0.04608091339468956
SCC152:chr17:48539679-48625674:39		SCC152	chr17	q	48539679	48625674	candidate_region_empty		empty_candidate_region	candidate_region	1	0	0	candidate_region_with_context	48578981	48604847	cn_attention	0.2035	0.3008	HP2	-0.3333	0.1111	0.0	0.0	1.0	2.0	C39			chromosome_arm	25150000	83250001	402	402	8	1	0	85996	1.1628447834783012e-05	3.0	85996.0	85996.0	85996.0	False	0.0	0.0	0	0	0	1	0	0	0	0	0	0	0	0	2	0					0	2		0	0	0	0	sample_residual	coords	0	1			0.7810007333755493	0.6858957409858704	ecDNA	0.2375425547361374	-1.1661999225616455	-1.1661999225616455	0.2375425547361374	-1.596911072731018	0.16841377317905426	-1.7224971055984497	0.1515497863292694	-2.9384212493896484	0.05028661713004112
SCC152:chr17:83250002-83257441:40		SCC152	chr17	q	83250002	83257441	candidate_region_empty		empty_candidate_region	candidate_region	1	0	0	candidate_region_with_context	83253953	83256394	cn_attention	0.2049	0.3281	mixed_HP	0.0	0.2	0.0	0.0	1.0	1.0	C40			chromosome_arm	25150000	83250001	402	402	8	1	0	7440	0.0001344086021505	2.0	7440.0	7440.0	7440.0	False	0.0	0.0	0	0	1	0	0	0	0	0	0	0	0	0	0	0					0	0		0	0	0	0	sample_residual	coords	0	1			-0.9547677040100098	0.2779270112514496	ecDNA	0.35226306319236755	-0.6091063022613525	-0.6091063022613525	0.35226306319236755	-0.9492375254631042	0.2790381908416748	-1.5208181142807007	0.17934106290340424	-3.52736496925354	0.028543559834361076
SCC152:chr18:80350002-80373285:41		SCC152	chr18	q	80350002	80373285	candidate_region_empty		empty_candidate_region	candidate_region	1	0	0	candidate_region_with_context	80362371	80370010	cn_attention	0.2049	0.3281	mixed_HP	0.0	0.2	0.0	0.0	1.0	1.0	C41			chromosome_arm	18540000	80350001	402	402	8	1	0	23284	4.294794708812919e-05	2.0	23284.0	23284.0	23284.0	False	0.0	0.0	0	0	1	0	0	0	0	0	0	0	0	0	0	0					0	0		0	0	0	0	sample_residual	coords	0	1			-1.0052785873413086	0.2679048478603363	ecDNA	0.37166160345077515	-0.5250951051712036	-0.5250951051712036	0.37166160345077515	-1.12961745262146	0.2442316859960556	-1.4518203735351562	0.18972156941890717	-3.382796287536621	0.03283747285604477
SCC152:chr19:17304846-17356981:42		SCC152	chr19	p	17304846	17356981	candidate_region_empty		empty_candidate_region	candidate_region	1	2	2	candidate_region_with_context	17356980	17356981	sv_attention	0.3	0.0	HP1	0.3333	0.1111	18.0	0.0	0.0	4.0	C42			chromosome_arm	0	26260000	402	402	8	1	0	52136	1.918060457265613e-05	4.0	52136.0	52136.0	52136.0	False	0.0	0.0	0	0	0	0	1	0	0	0	0	0	0	0	2	0					0	1		0	1	0	0	sample_residual	coords	0	1			-0.8166851997375488	0.306467741727829	ecDNA	0.3113551735877991	-0.7937914133071899	-0.7937914133071899	0.3113551735877991	-1.4876221418380737	0.18427889049053192	-1.5677125453948975	0.1725427359342575	-3.2778496742248535	0.036338940262794495
SCC152:chr19:32832827-33458207:43		SCC152	chr19	q	32832827	33458207	candidate_region_empty		empty_candidate_region	candidate_region	1	1	1	candidate_region_with_context	33458206	33458207	sv_attention	0.3	0.0	HP1	0.3333	0.1111	2.0	0.0	0.0	3.0	C42			chromosome_arm	26260000	58600001	402	402	8	1	1	625381	1.599025234217221e-06	3.0	625381.0	625381.0	625381.0	False	0.0	0.0	0	0	0	1	0	0	0	0	0	0	0	0	2	0					0	0		1	1	0	1	sample_residual	coords	0	1			1.4847779273986816	0.8152931928634644	chromothripsis	0.1669992059469223	-1.6070455312728882	-2.1854794025421143	0.10106204450130463	-2.8021938800811768	0.05720573663711548	-1.6070455312728882	0.1669992059469223	-2.837812900543213	0.05531471222639084
SCC152:chr19:58600002-58617616:44		SCC152	chr19	q	58600002	58617616	candidate_region_empty		empty_candidate_region	candidate_region	1	0	0	candidate_region_with_context	58609359	58615139	cn_attention	0.2049	0.3281	mixed_HP	0.0	0.2	0.0	0.0	1.0	1.0	C43			chromosome_arm	26260000	58600001	402	402	8	1	0	17615	5.676979846721544e-05	2.0	17615.0	17615.0	17615.0	False	0.0	0.0	0	0	1	0	0	0	0	0	0	0	0	0	0	0					0	0		0	0	0	0	sample_residual	coords	0	1			-0.9700287580490112	0.2748747766017914	ecDNA	0.29200130701065063	-0.8856840133666992	-0.8856840133666992	0.29200130701065063	-1.1346149444580078	0.24331043660640717	-1.498024344444275	0.1827203631401062	-3.572683334350586	0.027313431724905968
SCC152:chr20:0-1586858:45		SCC152	chr20	p	0	1586858	candidate_region_empty		empty_candidate_region	candidate_region	1	3	3	candidate_region_with_context	1302443	1586858	sv_attention	0.7662	0.1792	HP1	0.4641	0.2854	13.0	4.0	2.0	1.0	C44			chromosome_arm	0	28120000	402	402	8	1	1	1586859	6.301757118937473e-07	3.0	1586859.0	1586859.0	1586859.0	False	0.0	0.0	0	0	0	1	0	0	0	0	0	0	0	0	1	0					0	1		0	0	0	0	sample_residual	coords	0	1			2.475886344909668	0.9224339723587036	chromothripsis	0.11727524548768997	-2.0184898376464844	-3.2068967819213867	0.0389070063829422	-3.4308791160583496	0.031344231218099594	-2.0184898376464844	0.11727524548768997	-2.437058925628662	0.0803900733590126
SCC152:chr20:14913191-14960863:46		SCC152	chr20	p	14913191	14960863	candidate_region_empty		empty_candidate_region	candidate_region	1	0	0	candidate_region_with_context	14933116	14949876	cn_attention	0.2024	0.3516	HP1	1.0	1.0	0.0	0.0	1.0	0.0	C45			chromosome_arm	0	28120000	402	402	8	1	0	47673	2.0976233926960756e-05	1.0	47673.0	47673.0	47673.0	False	0.0	0.0	0	1	0	0	0	0	0	0	0	0	0	0	2	0					2	0		0	0	0	0	sample_residual	coords	0	1			-1.034942388534546	0.2621270418167114	chromothripsis	0.24768832325935364	-1.1109795570373535	-1.5192641019821167	0.17956991493701935	-1.7382240295410156	0.14953866600990295	-1.1109795570373535	0.24768832325935364	-3.784014940261841	0.022226018831133842
SCC152:chr20:37042729-37511969:47		SCC152	chr20	q	37042729	37511969	candidate_region_empty		empty_candidate_region	candidate_region	1	0	0	candidate_region_with_context	37264518	37473476	cn_attention	0.2019	0.4453	HP1	1.0	1.0	0.0	0.0	4.0	0.0	C46			chromosome_arm	28120000	64400001	402	402	8	1	1	469241	2.131101075992933e-06	4.0	469241.0	469241.0	469241.0	False	0.0	0.0	0	0	0	0	1	0	0	0	0	0	0	0	2	0					0	2		0	0	0	0	sample_residual	coords	0	1			0.940324068069458	0.7191650867462158	chromothripsis	0.19864042103290558	-1.3948135375976562	-2.3444368839263916	0.08750897645950317	-2.678049325942993	0.06428110599517822	-1.3948135375976562	0.19864042103290558	-3.062908172607422	0.0446634478867054
SCC152:chr20:50003414-50162175:48		SCC152	chr20	q	50003414	50162175	candidate_region_empty		empty_candidate_region	candidate_region	1	1	1	candidate_region_with_context	50162174	50162175	sv_attention	0.3	0.0	HP2	-0.6667	0.5556	0.0	4.0	2.0	2.0	C47			chromosome_arm	28120000	64400001	402	402	8	1	1	158762	6.298736473463424e-06	4.0	158762.0	158762.0	158762.0	False	0.0	0.0	0	0	0	0	1	0	0	0	0	0	0	0	1	0					1	0		0	0	0	0	sample_residual	coords	0	1			-1.2244840860366821	0.22714830935001373	ecDNA	0.2511739134788513	-1.0923612117767334	-1.0923612117767334	0.2511739134788513	-1.661093831062317	0.15961520373821259	-1.2992781400680542	0.21428653597831726	-3.6682851314544678	0.02488512359559536
SCC152:chr21:34724450-34811197:49		SCC152	chr21	q	34724450	34811197	candidate_region_empty		empty_candidate_region	candidate_region	1	3	3	candidate_region_with_context	34724637	34811197	sv_attention	0.4364	0.9978	HP2	-0.3333	0.1111	4.0	12.0	0.0	0.0	C48			chromosome_arm	12910000	46700001	402	402	8	1	0	86748	1.1527643288606076e-05	0.0	86748.0	86748.0	86748.0	False	0.0	0.0	1	0	0	0	0	0	0	0	0	0	0	0	2	0					0	0		0	2	0	0	sample_residual	coords	0	1			-0.7991200685501099	0.31021377444267273	chromothripsis	0.2752765715122223	-0.9680137038230896	-1.8844139575958252	0.1318826973438263	-2.330803394317627	0.08860376477241516	-0.9680137038230896	0.2752765715122223	-3.191075325012207	0.039502959698438644
SCC152:chr21:46700002-46709983:50		SCC152	chr21	q	46700002	46709983	candidate_region_empty		empty_candidate_region	candidate_region	1	0	0	candidate_region_with_context	46705304	46708579	cn_attention	0.2049	0.3281	mixed_HP	0.0	0.2	0.0	0.0	1.0	1.0	C49			chromosome_arm	12910000	46700001	402	402	8	1	0	9982	0.0001001803245842	2.0	9982.0	9982.0	9982.0	False	0.0	0.0	0	0	1	0	0	0	0	0	0	0	0	0	0	0					0	0		0	0	0	0	sample_residual	coords	0	1			-0.944645881652832	0.27996283769607544	ecDNA	0.29348793625831604	-0.8785037994384766	-0.8785037994384766	0.29348793625831604	-1.0390475988388062	0.2613338232040405	-1.5316734313964844	0.17774896323680878	-3.629716157913208	0.02583838254213333
SCC152:chr22:50800002-50818468:51		SCC152	chr22	q	50800002	50818468	candidate_region_empty		empty_candidate_region	candidate_region	1	0	0	candidate_region_with_context	50809812	50815871	cn_attention	0.2049	0.3281	mixed_HP	0.0	0.2	0.0	0.0	1.0	1.0	C50			chromosome_arm	15050000	50800001	402	402	8	1	0	18467	5.415064710023285e-05	2.0	18467.0	18467.0	18467.0	False	0.0	0.0	0	0	1	0	0	0	0	0	0	0	0	0	0	0					0	0		0	0	0	0	sample_residual	coords	0	1			-0.9901617765426636	0.2708801329135895	ecDNA	0.31241318583488464	-0.7888613939285278	-0.7888613939285278	0.31241318583488464	-1.1265078783035278	0.24480612576007843	-1.490702509880066	0.1838163137435913	-3.5256106853485107	0.028592245653271675
SCC152:chrX:49227472-49273295:52		SCC152	chrX	p	49227472	49273295	candidate_region_empty		empty_candidate_region	candidate_region	1	0	0	candidate_region_with_context	49247519	49263450	cn_attention	0.2024	0.3477	HP1	1.0	1.0	0.0	0.0	1.0	0.0	C51			chromosome_arm	0	61090000	402	402	8	1	0	45824	2.1822625698324023e-05	1.0	45824.0	45824.0	45824.0	False	0.0	0.0	0	1	0	0	0	0	0	0	0	0	0	0	2	0					0	2		0	0	0	0	sample_residual	coords	0	1			-1.062974452972412	0.256741464138031	chromothripsis	0.20271876454353333	-1.3693878650665283	-1.4553134441375732	0.18918517231941223	-1.3702856302261353	0.20257370173931122	-1.3693878650665283	0.20271876454353333	-3.2953124046325684	0.03573235124349594
SCC152:chrX:156000002-156040895:53		SCC152	chrX	q	156000002	156040895	candidate_region_empty		empty_candidate_region	candidate_region	1	0	0	candidate_region_with_context	156021726	156035144	cn_attention	0.2049	0.3281	mixed_HP	0.0	0.2	0.0	0.0	1.0	1.0	C52			chromosome_arm	61090000	156000001	402	402	8	1	0	40894	2.445346505599844e-05	2.0	40894.0	40894.0	40894.0	False	0.0	0.0	0	0	1	0	0	0	0	0	0	0	0	0	0	0					0	0		0	0	0	0	sample_residual	coords	0	1			-0.9556207656860352	0.27775585651397705	ecDNA	0.41891828179359436	-0.3272155821323395	-0.3272155821323395	0.41891828179359436	-1.2061233520507812	0.23038770258426666	-1.404325008392334	0.1971306949853897	-3.1961240768432617	0.03931184113025665
SIHA:chr8:122372903-132352646:1	SIHA:chr8:122372903-132352646:1	SIHA	chr8	q	122372903	132352646	candidate_region_label	Seismic_Amplification	region	candidate_region	8	8	8	candidate_region_with_context	130904491	132352646	sv_attention	0.9417	0.1451	mixed_HP	0.1921	0.2727	118.0	73.0	3.4802	2.818	C1	Seismic_Amplification	Seismic_Amplification:canonical	chromosome_arm	45644000	145100001	402	402	8	8	7	9979744	8.016237691067026e-07	6.298188310241224	493611.5	811912.5	1591591.25	False	0.625	0.2857142857142857	0	0	1	0	0	0	3	2	2	0	0	0	9	0					3	2	0.0	0	2	2	0	sample_residual	coords	1	0	Seismic_Amplification:canonical	Seismic_Amplification	3.122044563293457	0.9577929377555847	Seismic_Amplification	0.778397262096405	1.2563506364822388	-2.0104820728302	0.11810676008462906	1.2563506364822388	0.778397262096405	-3.023796319961548	0.046362340450286865	-2.18113374710083	0.10145752131938934
SIHA:chr12:13391580-17305507:2	SIHA:chr12:13391580-17305507:2	SIHA	chr12	p	13391580	17305507	candidate_region_label	BFB	region	candidate_region	2	2	2	candidate_region_with_context	13397633	13403688	sv_attention	0.6214	0.0015	mixed_HP	-0.0796	0.4565	9.0	14.0	3.0	2.0172	C2	BFB	BFB:noncanonicalB	chromosome_arm	0	35807000	402	402	8	2	1	3913928	5.109956033938284e-07	5.017234859711267	1012210.0	1956964.0	2901718.0	False	0.0	0.0	0	0	0	0	0	1	1	0	0	0	0	0	3	0	1.0	1.0			2	0	1.0	0	0	0	0	sample_residual	coords	1	0	BFB:noncanonicalB	BFB	4.788450717926025	0.9917433857917786	BFB	0.29742568731307983	-0.8595866560935974	-5.166141986846924	0.00567416287958622	-2.880173444747925	0.05314241349697113	-3.079745292663574	0.04395051673054695	-0.8595866560935974	0.29742568731307983
SIHA:chr14:99617761-107043718:3	SIHA:chr14:99617761-107043718:3	SIHA	chr14	q	99617761	107043718	candidate_region_label	chromothripsis	region	candidate_region	8	8	8	candidate_region_with_context	102403176	106195448	sv_attention	0.7129	0.5107	HP1	0.7284	0.6379	43.0	11.0	4.0544	0.0	C3	chromothripsis	chromothripsis:noncanonicalB	chromosome_arm	17600000	107000001	402	402	8	8	6	7425958	1.0773020800817888e-06	4.04228087473697	101001.25	304718.5	1282449.0	True	0.875	0.8571428571428571	0	0	1	0	4	3	0	0	0	0	0	0	8	0					0	3	0.0	3	2	0	3	sample_residual	coords	1	0	chromothripsis:noncanonicalB	chromothripsis	3.996211290359497	0.9819467663764954	chromothripsis	0.43205514550209045	-0.27347105741500854	-3.5870251655578613	0.026934977620840073	-3.1862757205963135	0.03968546912074089	-0.27347105741500854	0.43205514550209045	-2.4906067848205566	0.07651931792497635
SIHA:chr15:56942785-59003347:4	SIHA:chr15:56942785-59003347:4	SIHA	chr15	q	56942785	59003347	candidate_region_label	chromothripsis	region	candidate_region	4	9	9	candidate_region_with_context	58384132	58387989	sv_attention	0.6744	0.0019	HP2	-0.6071	0.4761	0.0	66.0	3.0492	2.1245	C4	chromothripsis	chromothripsis:noncanonicalB	chromosome_arm	19050000	101950001	402	402	8	4	4	2060563	1.9412170363148325e-06	5.173656908330393	109770.75	178915.5	584285.5	True	1.0	1.0	0	0	0	0	0	2	2	0	0	0	0	0	4	0					0	4	0.0	0	0	0	0	sample_residual	coords	1	0	chromothripsis:noncanonicalB	chromothripsis	4.179618835449219	0.9849263429641724	chromothripsis	0.17705467343330383	-1.5364311933517456	-4.977766513824463	0.006842293310910463	-1.721895694732666	0.15162713825702667	-1.5364311933517456	0.17705467343330383	-2.634864330291748	0.06692802906036377
SIHA:chr16:0-12624669:5	SIHA:chr16:0-12624669:5	SIHA	chr16	p	0	12624669	candidate_region_label	Seismic_Amplification;BFB	region	candidate_region	12	15	15	candidate_region_with_context	1749172	11714216	sv_attention	0.9987	0.7893	HP1	0.4548	0.2731	107.0	34.0	3.2458	1.6385	C5	Seismic_Amplification;BFB	Seismic_Amplification:noncanonical;BFB:noncanonicalB	chromosome_arm	0	36800000	402	402	8	12	10	12624670	9.505198947774476e-07	4.884307867057119	183821.0	755765.0	1730987.25	False	0.5833333333333334	0.1818181818181818	0	0	0	2	4	3	2	1	0	0	0	0	12	0					2	5	0.0	0	5	0	0	sample_residual	coords	1	0	Seismic_Amplification:noncanonical;BFB:noncanonicalB	Seismic_Amplification;BFB	1.402532935142517	0.8025855422019958	chromothripsis	0.4379148781299591	-0.24962866306304932	-3.906919479370117	0.01970618963241577	-1.6848853826522827	0.15644964575767517	-0.24962866306304932	0.4379148781299591	-3.500183343887329	0.029307013377547264
SIHA:chr16:46000001-83660982:6	SIHA:chr16:46000001-83660982:6	SIHA	chr16	q	46000001	83660982	candidate_region_label	Seismic_Amplification;BFB	region	candidate_region	60	113	113	candidate_region_with_context	49737013	83660982	sv_attention	1.0	0.9008	HP1	0.7163	0.6218	956.0	76.0	4.431	1.7079	C5	Seismic_Amplification;BFB	Seismic_Amplification:noncanonical;BFB:noncanonicalB	chromosome_arm	36800000	90300001	402	402	8	60	46	37660982	1.5931607943733384e-06	6.1388755874714045	115596.75	324709.0	671449.75	False	0.4166666666666667	0.135593220338983	2	0	0	4	6	8	11	14	15	0	0	0	61	0	3.0	3.0			25	7	1.0	3	20	5	3	sample_residual	coords	1	0	Seismic_Amplification:noncanonical;BFB:noncanonicalB	Seismic_Amplification;BFB	5.436877727508545	0.9956658482551575	Seismic_Amplification	0.4775674641132355	-0.0897904634475708	-1.3568425178527832	0.20475395023822784	-0.0897904634475708	0.4775674641132355	-2.4417734146118164	0.08004223555326462	-1.7855615615844727	0.14361774921417236
SIHA:chr17:41643122-51230020:7		SIHA	chr17	q	41643122	51230020	candidate_region_empty		empty_candidate_region	candidate_region	5	8	8	candidate_region_with_context	41722812	51230020	sv_attention	0.9052	0.9917	HP1	0.981	0.9746	69.0	1.0	3.5761	0.0	C6			chromosome_arm	25150000	83250001	402	402	8	5	4	9586899	5.21545079383855e-07	3.5760994248505176	163819.0	1188909.0	3202621.0	False	0.8	0.5	0	0	0	2	2	0	1	0	0	0	0	0	4	0					0	4	0.0	0	0	0	0	sample_residual	coords	0	1			-1.5568606853485107	0.17409756779670715	chromothripsis	0.38296788930892944	-0.47697001695632935	-2.0961782932281494	0.10946883261203766	-2.1105873584747314	0.10807202756404877	-0.47697001695632935	0.38296788930892944	-4.290313720703125	0.013515455648303032
SIHA:chr22:38424856-41465811:8		SIHA	chr22	q	38424856	41465811	candidate_region_empty		empty_candidate_region	candidate_region	4	13	13	candidate_region_with_context	38427501	41150982	sv_attention	0.9966	0.8956	HP1	1.0	1.0	110.0	0.0	4.3492	0.0	C7			chromosome_arm	15050000	50800001	402	402	8	4	4	3040956	1.3153758226031551e-06	4.349218140611045	261352.5	430055.5	928942.0	False	0.75	0.3333333333333333	0	0	0	0	1	2	1	0	0	0	0	0	4	0					0	1	0.0	0	1	2	0	sample_residual	coords	0	1			-0.7994979619979858	0.3101328909397125	Seismic_Amplification	0.25337910652160645	-1.0806708335876465	-3.2869205474853516	0.036022625863552094	-1.0806708335876465	0.25337910652160645	-1.2632428407669067	0.22041615843772888	-3.8786423206329346	0.020259929820895195
HT3:chr2:192896152-201173028:1	HT3:chr2:192896152-201173028:1	HT3	chr2	q	192896152	201173028	candidate_region_label	BFB	region	candidate_region	5	11	11	candidate_region_with_context	194217448	201173028	sv_attention	0.9889	0.8404	HP1	0.3903	0.1871	164.0	41.0	1.9521	2.0692	C1	BFB	BFB:noncanonicalB	chromosome_arm	93989000	242150001	402	402	8	5	4	8276877	6.040925822626094e-07	4.021208724015109	418099.0	1321298.0	1629561.0	False	0.6	0.25	0	1	0	0	1	1	2	0	0	0	0	0	6	0	3.0	3.0			1	0	1.0	0	4	0	0	sample_residual	coords	1	0	BFB:noncanonicalB	BFB	5.129339694976807	0.9941144585609436	BFB	0.2906102240085602	-0.8924222588539124	-3.9142725467681885	0.019564645364880562	-2.068250894546509	0.11222118139266968	-3.2141408920288086	0.038637034595012665	-0.8924222588539124	0.2906102240085602
HT3:chr4:147311642-163986655:2	HT3:chr4:147311642-163986655:2	HT3	chr4	q	147311642	163986655	candidate_region_label	chromothripsis	region	candidate_region	21	49	49	candidate_region_with_context	147374470	163986655	sv_attention	1.0	0.9962	mixed_HP	0.2454	0.3	181.0	100.0	1.7647	1.2785	C2	chromothripsis	chromothripsis:noncanonical	chromosome_arm	50494000	190200001	402	402	8	21	17	16675014	1.259369257501073e-06	3.043193966733701	162938.0	298895.0	1079934.0	True	0.7619047619047619	0.6	0	2	8	3	8	0	0	0	0	0	0	0	23	0					5	9	0.0	0	9	0	0	sample_residual	coords	1	0	chromothripsis:noncanonical	chromothripsis	3.8693413734436035	0.9795545935630798	chromothripsis	0.5840896368026733	0.3395846486091614	-2.6564061641693115	0.06559526175260544	-2.3332269191741943	0.08840825408697128	0.3395846486091614	0.5840896368026733	-2.480297088623047	0.07725101709365845
HT3:chr4:179056217-190214555:3	HT3:chr4:179056217-190214555:3	HT3	chr4	q	179056217	190214555	candidate_region_label	BFB	region	candidate_region	8	7	7	candidate_region_with_context	181975254	190214555	sv_attention	0.9179	0.7384	mixed_HP	0.3505	0.3	72.0	34.0	1.6545	0.8251	C3	BFB	BFB:noncanonicalB	chromosome_arm	50494000	190200001	402	402	8	8	7	11158339	7.169525858642581e-07	2.4789582033670063	480486.75	938966.5	1863332.75	False	0.625	0.2857142857142857	1	1	1	4	0	0	1	0	0	0	0	0	7	0	6.0	6.0			0	2	1.0	1	2	1	1	sample_residual	coords	1	0	BFB:noncanonicalB	BFB	5.361653804779053	0.9953287839889526	BFB	0.22142110764980316	-1.2574039697647095	-2.9494080543518066	0.049764495342969894	-2.31303071975708	0.09004949033260345	-1.7723702192306519	0.14524783194065094	-1.2574039697647095	0.22142110764980316
HT3:chr9:0-9058989:4		HT3	chr9	p	0	9058989	candidate_region_empty		empty_candidate_region	candidate_region	5	12	12	candidate_region_with_context	5685338	9058989	sv_attention	0.9657	0.3724	HP2	-0.3333	0.1111	0.0	152.0	5.7403	0.0	C4			chromosome_arm	0	49224000	402	402	8	5	5	9058990	5.519379091929674e-07	5.740326570622111	537797.0	1047432.0	2962296.0	False	0.6	0.5	0	0	0	0	2	0	0	1	2	0	0	0	5	0					0	2	0.0	0	3	0	0	sample_residual	coords	0	1			-0.6624208688735962	0.34019601345062256	Seismic_Amplification	0.31004053354263306	-0.7999298572540283	-2.1017262935638428	0.10892914235591888	-0.7999298572540283	0.31004053354263306	-1.514329433441162	0.1802980601787567	-4.6800971031188965	0.009192821569740772
HT3:chr16:0-2274184:5	HT3:chr16:0-2274184:5	HT3	chr16	p	0	2274184	candidate_region_label	BFB	region	candidate_region	2	3	3	candidate_region_with_context	2240543	2274184	sv_attention	0.4198	0.0148	mixed_HP	0.4667	0.5	3.0	2.0	2.9852	0.0	C5	BFB	BFB:noncanonicalB	chromosome_arm	0	36800000	402	402	8	2	1	2274185	8.794359297946298e-07	2.9852078876608545	585366.25	1137092.5	1688818.75	False	0.0	0.0	0	0	1	1	0	0	0	0	0	0	0	0	2	0	1.0	2.0			0	0	2.0	0	0	0	0	sample_residual	coords	1	0	BFB:noncanonicalB	BFB	6.0002570152282715	0.9975280165672302	BFB	0.1902499794960022	-1.4483866691589355	-4.850296974182129	0.0077652824111282825	-2.682488441467285	0.06401462107896805	-2.6415960788726807	0.06650887429714203	-1.4483866691589355	0.1902499794960022
HT3:chr17:36065957-43130302:6	HT3:chr17:36065957-43130302:6	HT3	chr17	q	36065957	43130302	candidate_region_label	chromothripsis	region	candidate_region	9	11	11	candidate_region_with_context	37126455	43130301	sv_attention	0.8669	0.8499	mixed_HP	-0.011	0.3557	36.0	61.0	2.8645	1.0	C6	chromothripsis	chromothripsis:canonical	chromosome_arm	25150000	83250001	402	402	8	9	8	7064346	1.2740032835311294e-06	3.8644794578295	194692.0	322900.0	555756.0	True	0.7777777777777778	0.625	0	0	0	3	4	1	1	0	0	0	0	0	10	0					2	3	0.0	0	4	1	0	sample_residual	coords	1	0	chromothripsis:canonical	chromothripsis	4.52368688583374	0.9892674088478088	chromothripsis	0.6139873266220093	0.4641041159629822	-4.5654072761535645	0.010298479348421097	-3.214043378829956	0.03864065557718277	0.4641041159629822	0.6139873266220093	-3.1406288146972656	0.04146212339401245
HT3:chr17:68545640-70759442:7	HT3:chr17:68545640-70759442:7	HT3	chr17	q	68545640	70759442	candidate_region_label	Seismic_Amplification;BFB	region	candidate_region	4	7	7	candidate_region_with_context	69872471	70759442	sv_attention	0.9182	0.4007	HP2	-0.3438	0.1251	0.0	58.0	7.6744	0.1227	C7	Seismic_Amplification;BFB	Seismic_Amplification:canonical;BFB:noncanonicalB	chromosome_arm	25150000	83250001	402	402	8	4	4	2213803	1.8068455052233645e-06	7.797054209430559	141130.25	380961.0	793281.5	False	0.5	0.3333333333333333	0	0	0	1	0	1	0	0	2	0	0	0	5	0	2.0	5.0			0	0	2.0	0	3	0	0	sample_residual	coords	1	0	Seismic_Amplification:canonical;BFB:noncanonicalB	Seismic_Amplification;BFB	4.639228343963623	0.9904273748397827	Seismic_Amplification	0.6755510568618774	0.7334005832672119	-3.414499044418335	0.031845394521951675	0.7334005832672119	0.6755510568618774	-4.479005813598633	0.011217429302632809	-1.3351176977157593	0.20831410586833954
SW756:chr2:46517143-51066702:1		SW756	chr2	p	46517143	51066702	candidate_region_empty		empty_candidate_region	candidate_region	4	4	4	candidate_region_with_context	50560317	51066702	sv_attention	0.3	0.1113	HP1	0.7717	0.6956	82.0	0.0	2.0789	1.083	C1			chromosome_arm	0	93989000	402	402	8	4	4	4549560	8.79205901230009e-07	3.161850596541204	177464.75	270514.5	1230439.75	False	0.5	0.3333333333333333	0	0	1	1	1	1	0	0	0	0	0	0	5	0					0	2	0.0	0	3	0	0	sample_residual	coords	0	1			1.3281232118606567	0.7905300259590149	chromothripsis	0.47917312383651733	-0.08335579186677933	-3.4679818153381348	0.0302371047437191	-2.5798637866973877	0.07044564932584763	-0.08335579186677933	0.47917312383651733	-2.698601007461548	0.06305596232414246
SW756:chr7:69863045-74914782:2	SW756:chr7:69863045-74914782:2	SW756	chr7	q	69863045	74914782	candidate_region_label	chromothripsis	region	candidate_region	4	5	5	candidate_region_with_context	70069486	74914782	sv_attention	0.8466	0.9591	HP2	-0.3767	0.1689	4.0	29.0	2.2526	1.0	C2	chromothripsis	chromothripsis:noncanonicalB	chromosome_arm	59904000	159300001	402	402	8	4	4	5051738	7.918067009809297e-07	3.252616426267554	189970.0	638076.0	1711040.5	True	1.0	1.0	0	0	0	2	2	0	0	0	0	0	0	0	5	0					4	0	0.0	1	0	0	1	sample_residual	coords	1	0	chromothripsis:noncanonicalB	chromothripsis	3.895669460296631	0.9800753593444824	chromothripsis	0.4251578748226166	-0.30163490772247314	-3.658501148223877	0.02512364648282528	-3.409334897994995	0.03200499340891838	-0.30163490772247314	0.4251578748226166	-3.274095058441162	0.036470651626586914
SW756:chr11:55000001-62681904:3	SW756:chr11:55000001-62681904:3	SW756	chr11	q	55000001	62681904	candidate_region_label	chromothripsis	region	candidate_region	4	3	3	candidate_region_with_context	56375614	62681904	sv_attention	0.4117	0.8209	HP2	-0.3333	0.1111	0.0	30.0	3.2073	0.0	C3	chromothripsis	chromothripsis:noncanonicalB	chromosome_arm	53714000	135076382	402	402	8	4	4	7681904	5.207042420733194e-07	3.2073042047908955	963765.75	1294172.0	2250882.25	True	1.0	1.0	0	0	0	2	2	0	0	0	0	0	0	0	4	0					0	3	0.0	1	0	0	1	sample_residual	coords	1	0	chromothripsis:noncanonicalB	chromothripsis	3.590590715408325	0.9731582999229431	chromothripsis	0.48311322927474976	-0.06757283955812454	-3.453403949737549	0.030667506158351898	-3.504981756210327	0.029170814901590347	-0.06757283955812454	0.48311322927474976	-3.2754695415496826	0.03642238304018974
SW756:chr12:110841681-121836136:4	SW756:chr12:110841681-121836136:4	SW756	chr12	q	110841681	121836136	candidate_region_label	chromothripsis	region	candidate_region	11	18	18	candidate_region_with_context	110858650	121836136	sv_attention	0.9177	0.9985	mixed_HP	0.0648	0.7807	31.0	26.0	1.4304	1.3771	C4	chromothripsis	chromothripsis:noncanonical	chromosome_arm	35807000	133265307	402	402	8	11	8	10994456	1.0005042541440883e-06	2.8074811523189505	98615.5	299550.0	1468737.0	True	0.8181818181818182	0.6	0	0	5	4	2	0	0	0	0	0	0	0	12	0					4	2	0.0	0	6	0	0	sample_residual	coords	1	0	chromothripsis:noncanonical	chromothripsis	4.013016223907471	0.982242226600647	chromothripsis	0.5848281979560852	0.3426256775856018	-3.350412607192993	0.03388165682554245	-2.686612606048584	0.06376795470714569	0.3426256775856018	0.5848281979560852	-2.5431113243103027	0.07289063930511475
SW756:chr13:63017873-70247578:5	SW756:chr13:63017873-70247578:5	SW756	chr13	q	63017873	70247578	candidate_region_label	chromothripsis	region	candidate_region	8	7	7	candidate_region_with_context	66384650	70247578	sv_attention	0.98	0.5343	mixed_HP	-0.3157	0.2026	15.0	44.0	2.8026	2.6079	C5	chromothripsis	chromothripsis:noncanonical	chromosome_arm	17900000	114350001	402	402	8	8	6	7229706	1.1065456880265948e-06	5.410554454081535	263901.75	501347.5	1137148.25	False	0.5	0.1428571428571428	0	0	0	2	2	2	2	0	0	0	0	0	9	0					4	2	0.0	0	3	0	0	sample_residual	coords	1	0	chromothripsis:noncanonical	chromothripsis	2.039161443710327	0.8848478198051453	chromothripsis	0.3615352213382721	-0.5687069892883301	-3.9363698959350586	0.01914524845778942	-2.2618772983551025	0.09432987123727798	-0.5687069892883301	0.3615352213382721	-2.6696109771728516	0.06479053944349289
SW756:chr13:81829801-88210313:6	SW756:chr13:81829801-88210313:6	SW756	chr13	q	81829801	88210313	candidate_region_label	chromothripsis	region	candidate_region	4	7	7	candidate_region_with_context	85759860	87946239	sv_attention	0.918	0.3427	HP1	0.3068	0.0758	53.0	20.0	2.041	1.9751	C6	chromothripsis	chromothripsis:canonical	chromosome_arm	17900000	114350001	402	402	8	4	4	6380513	6.269088394616545e-07	4.016119393534658	860496.75	1225226.0	1959857.5	True	0.75	0.6666666666666666	0	0	0	2	1	1	0	0	0	0	0	0	5	0					2	1	0.0	0	2	0	0	sample_residual	coords	1	0	chromothripsis:canonical	chromothripsis	3.3548951148986816	0.9662647247314453	chromothripsis	0.49564099311828613	-0.017436450347304344	-3.5970396995544434	0.02667373977601528	-2.932650089263916	0.05056295171380043	-0.017436450347304344	0.49564099311828613	-2.7215967178344727	0.06171094626188278
SW756:chr14:66576116-69905275:7		SW756	chr14	q	66576116	69905275	candidate_region_empty		empty_candidate_region	candidate_region	4	3	3	candidate_region_with_context	69758138	69905275	sv_attention	0.6446	0.0442	HP1	0.6667	0.5556	3.0	1.0	2.6779	0.0	C7			chromosome_arm	17600000	107000001	402	402	8	4	4	3329160	1.2015042833627705e-06	2.677863785459395	185103.25	807548.5	1454735.25	False	0.75	0.3333333333333333	0	0	1	1	2	0	0	0	0	0	0	0	5	0					1	4	0.0	0	0	0	0	sample_residual	coords	0	1			-1.3120847940444946	0.21213820576667786	chromothripsis	0.43828973174095154	-0.24810582399368286	-2.8935248851776123	0.05247458443045616	-1.9768065214157104	0.12165967375040054	-0.24810582399368286	0.43828973174095154	-3.6421289443969727	0.025527773424983025
SW756:chr15:40377914-46639828:8		SW756	chr15	q	40377914	46639828	candidate_region_empty		empty_candidate_region	candidate_region	8	14	14	candidate_region_with_context	42827438	44060125	sv_attention	0.9975	0.1969	HP1	0.4155	0.2207	38.0	10.0	1.2714	1.0831	C8			chromosome_arm	19050000	101950001	402	402	8	8	6	6261915	1.2775644511303651e-06	2.354535952659849	127162.0	229358.0	971213.25	False	0.75	0.4285714285714285	0	0	3	1	3	1	0	0	0	0	0	0	10	0					0	7	0.0	1	2	0	1	sample_residual	coords	0	1			2.0041921138763428	0.8812364935874939	chromothripsis	0.5586094856262207	0.2355206310749054	-2.9581971168518066	0.049350518733263016	-2.9035801887512207	0.05197686702013016	0.2355206310749054	0.5586094856262207	-3.018301010131836	0.046605903655290604
SW756:chr16:7234484-9323266:9	SW756:chr16:7234484-9323266:9	SW756	chr16	p	7234484	9323266	candidate_region_label	BFB	region	candidate_region	2	4	4	candidate_region_with_context	7235929	8046896	sv_attention	0.6138	0.3882	HP1	0.4238	0.2317	41.0	2.0	1.0	3.3721	C9	BFB	BFB:noncanonicalB	chromosome_arm	0	36800000	402	402	8	2	2	2088783	9.574953453757524e-07	4.372103756110616	910817.75	1044391.5	1177965.25	False	0.0	0.0	0	0	0	0	1	1	0	0	0	0	0	0	3	0	1.0	1.0			1	0	1.0	1	0	0	1	sample_residual	coords	1	0	BFB:noncanonicalB	BFB	4.998223781585693	0.9932953715324402	BFB	0.2109057605266571	-1.3194743394851685	-4.608719348907471	0.009866258129477501	-3.2875449657440186	0.03600095212459564	-2.781010389328003	0.05835900828242302	-1.3194743394851685	0.2109057605266571
SW756:chr21:13000001-24610447:10	SW756:chr21:13000001-24610447:10	SW756	chr21	q	13000001	24610447	candidate_region_label	chromothripsis	region	candidate_region	7	12	12	candidate_region_with_context	15500970	24610447	sv_attention	0.8527	0.7846	HP1	0.371	0.1613	34.0	9.0	2.0011	2.2111	C10	chromothripsis	chromothripsis:noncanonicalB	chromosome_arm	12910000	46700001	402	402	8	7	6	11610447	6.029052972723617e-07	4.212191313564413	225470.5	2000328.0	2474003.5	True	1.0	1.0	0	0	0	0	3	4	0	0	0	0	0	0	8	0					0	0	0.0	2	6	0	2	sample_residual	coords	1	0	chromothripsis:noncanonicalB	chromothripsis	3.277576208114624	0.9636514186859131	chromothripsis	0.577048659324646	0.310669481754303	-3.298109292984009	0.03563610836863518	-3.5280401706695557	0.028524843975901604	0.310669481754303	0.577048659324646	-3.075040340423584	0.04414863511919975
SNU17:chr4:18359712-23939176:1	SNU17:chr4:18359712-23939176:1	SNU17	chr4	p	18359712	23939176	candidate_region_label	chromothripsis	region	candidate_region	5	12	12	candidate_region_with_context	20757906	23939176	sv_attention	0.9718	0.5702	HP2	-0.3127	0.0835	2.0	127.0	5.1671	0.0	C1	chromothripsis	chromothripsis:noncanonicalB	chromosome_arm	0	50494000	402	402	8	5	5	5579465	8.961432682165763e-07	5.167119965803173	221369.0	1037007.0	1748078.0	False	0.8	0.5	0	0	0	0	1	2	2	0	0	0	0	0	6	0					0	0	0.0	0	6	0	0	sample_residual	coords	1	0	chromothripsis:noncanonicalB	chromothripsis	0.1445930302143097	0.5360854268074036	chromothripsis	0.35572853684425354	-0.5939521789550781	-3.0808091163635254	0.0439058355987072	-2.180161237716675	0.10154622048139572	-0.5939521789550781	0.35572853684425354	-4.259364604949951	0.013934367336332798
SNU17:chr4:52000001-57201939:2	SNU17:chr4:52000001-57201939:2	SNU17	chr4	q	52000001	57201939	candidate_region_label	chromothripsis	region	candidate_region	4	7	7	candidate_region_with_context	52480356	57201939	sv_attention	0.9196	0.9077	mixed_HP	-0.2166	0.2	3.0	30.0	5.4683	0.0374	C1	chromothripsis	chromothripsis:noncanonicalB	chromosome_arm	50494000	190200001	402	402	8	4	4	5201939	7.689440418274801e-07	5.505705468672355	395735.0	1315324.5	2220074.25	True	1.0	1.0	0	0	0	0	0	2	2	0	0	0	0	0	4	0					0	1	0.0	0	3	0	0	sample_residual	coords	1	0	chromothripsis:noncanonicalB	chromothripsis	5.452185153961182	0.9957314133644104	chromothripsis	0.284302294254303	-0.9232197999954224	-4.302475929260254	0.013354256749153137	-2.738152265548706	0.06075926497578621	-0.9232197999954224	0.284302294254303	-2.7704596519470215	0.05894151329994202
SNU17:chr4:144713083-168228294:3	SNU17:chr4:144713083-168228294:3	SNU17	chr4	q	144713083	168228294	candidate_region_label	chromothripsis	region	candidate_region	19	37	37	candidate_region_with_context	145250864	168228294	sv_attention	1.0	0.9771	HP2	-0.3333	0.1111	0.0	278.0	5.332	0.0	C2	chromothripsis	chromothripsis:canonical	chromosome_arm	50494000	190200001	402	402	8	18	15	23515212	8.079876124442339e-07	5.332044593091485	239234.5	810713.0	1306111.0	True	0.7894736842105263	0.5555555555555556	0	0	0	0	3	7	8	0	1	0	0	0	19	0					6	5	0.0	0	8	0	0	sample_residual	coords	1	0	chromothripsis:canonical	chromothripsis	3.6132099628448486	0.9737429022789001	chromothripsis	0.6854376196861267	0.7788751721382141	-2.916430950164795	0.0513472706079483	-1.692278265953064	0.15547645092010498	0.7788751721382141	0.6854376196861267	-2.4234695434570312	0.08140043914318085
SNU17:chr14:104704928-107043718:4	SNU17:chr14:104704928-107043718:4	SNU17	chr14	q	104704928	107043718	candidate_region_label	Seismic_Amplification;BFB	region	candidate_region	5	4	4	candidate_region_with_context	106364534	106451626	sv_attention	0.695	0.0372	HP2	-0.3333	0.1111	0.0	16.0	7.8431	0.0	C3	Seismic_Amplification;BFB	Seismic_Amplification:canonical;BFB:noncanonicalB	chromosome_arm	17600000	107000001	402	402	8	5	3	2338791	2.137856696045093e-06	7.73389413590184	43717.0	156046.0	591920.0	False	0.4	0.25	0	0	1	0	0	0	1	0	2	1	0	0	4	0	3.0	4.0			0	0	2.0	0	2	0	0	sample_residual	coords	1	0	Seismic_Amplification:canonical;BFB:noncanonicalB	Seismic_Amplification;BFB	4.944108486175537	0.9929251670837402	Seismic_Amplification	0.5806172490119934	0.3253079056739807	-2.9646472930908203	0.04904878884553909	0.3253079056739807	0.5806172490119934	-4.069674015045166	0.016796031966805458	-1.364214539527893	0.20355619490146637
H1395:chr3:57889659-86999999:1	H1395:chr3:57889659-86999999:1	H1395	chr3	p	57889659	86999999	candidate_region_label	chromothripsis	region	candidate_region	30	35	35	candidate_region_with_context	62761932	86999999	sv_attention	0.9875	0.8326	HP2	-0.3305	0.1073	108.0	864.0	1.9664	0.548	C1	chromothripsis	chromothripsis:canonical	chromosome_arm	0	90951000	402	402	8	29	27	29110341	1.0305616138265092e-06	2.5144344036847106	152239.75	361523.0	1332180.25	True	0.8666666666666667	0.7241379310344828	0	1	15	3	11	0	0	0	0	0	0	0	30	0					9	12	0.0	1	8	0	1	sample_residual	coords	1	0	chromothripsis:canonical	chromothripsis	3.9718377590179443	0.9815095663070679	chromothripsis	0.6169776320457458	0.47673946619033813	-2.999692678451538	0.047439754009246826	-2.7915127277374268	0.057784534990787506	0.47673946619033813	0.6169776320457458	-2.6352553367614746	0.06690362840890884
H1395:chr4:128521930-140523510:2	H1395:chr4:128521930-140523510:2	H1395	chr4	q	128521930	140523510	candidate_region_label	chromothripsis	region	candidate_region	6	12	12	candidate_region_with_context	133413696	140523510	sv_attention	0.9026	0.5924	mixed_HP	0.1214	0.8707	61.0	55.0	1.9937	1.1687	C2	chromothripsis	chromothripsis:noncanonicalB	chromosome_arm	50494000	190200001	402	402	8	6	5	12001581	4.999341336778879e-07	3.162369524481816	362347.5	1729498.5	3240513.75	True	0.6666666666666666	0.6	0	0	2	1	2	1	0	0	0	0	0	0	6	0					0	4	0.0	1	1	0	1	sample_residual	coords	1	0	chromothripsis:noncanonicalB	chromothripsis	3.702357530593872	0.9759283661842346	chromothripsis	0.5046608448028564	0.018643910065293312	-3.1110780239105225	0.04265260323882103	-2.9301979541778564	0.050680797547101974	0.018643910065293312	0.5046608448028564	-2.557119131088257	0.07194966822862625
H1395:chr6:19728358-34969653:3	H1395:chr6:19728358-34969653:3	H1395	chr6	p	19728358	34969653	candidate_region_label	chromothripsis	region	candidate_region	16	69	69	candidate_region_with_context	19728359	34217033	sv_attention	1.0	0.9506	HP1	0.4069	0.2093	17.0	4.0	1.051	1.088	C3	chromothripsis	chromothripsis:noncanonical	chromosome_arm	0	60589000	402	402	8	15	10	15241296	1.0497794938173236e-06	2.1390042552811783	77307.0	340817.0	852344.5	False	0.4375	0.0666666666666666	2	2	2	4	3	3	0	0	0	0	0	0	18	0					5	5	0.0	5	1	2	5	sample_residual	coords	1	0	chromothripsis:noncanonical	chromothripsis	2.7378435134887695	0.939223051071167	chromothripsis	0.3117140233516693	-0.7921181321144104	-1.0194146633148193	0.26514142751693726	-1.9576677083969116	0.12371967732906342	-0.7921181321144104	0.3117140233516693	-2.570110321044922	0.07108701765537262
H1395:chr6:69531484-105846477:4	H1395:chr6:69531484-105846477:4	H1395	chr6	q	69531484	105846477	candidate_region_label	Seismic_Amplification;BFB	region	candidate_region	25	52	52	candidate_region_with_context	70468360	105846477	sv_attention	1.0	0.9742	mixed_HP	0.0736	0.6775	372.0	287.0	0.9475	1.0207	C4	Seismic_Amplification;BFB	Seismic_Amplification:noncanonical;BFB:noncanonicalB	chromosome_arm	60589000	170800001	402	402	8	24	19	36314994	6.884208765117792e-07	1.968222631774488	140520.0	578973.0	2021662.0	False	0.4	0.0	3	6	3	4	2	4	1	1	1	0	0	0	26	1	1.0	11.0	11.0	11.0	4	6	6.0	4	6	0	4	sample_residual	coords	1	0	Seismic_Amplification:noncanonical;BFB:noncanonicalB	Seismic_Amplification;BFB	4.964447498321533	0.9930665493011475	Seismic_Amplification	0.2294805943965912	-1.2112464904785156	-1.7375717163085938	0.1496216356754303	-1.2112464904785156	0.2294805943965912	-2.695530652999878	0.06323760002851486	-1.2694271802902222	0.21935534477233887
H1395:chr7:144590243-152317108:5	H1395:chr7:144590243-152317108:5	H1395	chr7	q	144590243	152317108	candidate_region_label	BFB	region	candidate_region	2	4	4	candidate_region_with_context	152176787	152317108	sv_attention	0.6798	0.0182	HP2	-0.8968	0.8624	0.0	10.0	1.0	5.4584	C5	BFB	BFB:noncanonicalB	chromosome_arm	59904000	159300001	402	402	8	2	2	7726866	2.588371533814615e-07	6.458386103757979	3702660.5	3863433.0	4024205.5	False	0.0	0.0	0	0	0	0	0	0	1	1	0	0	0	0	3	0	1.0	1.0			0	1	1.0	1	0	0	1	sample_residual	coords	1	0	BFB:noncanonicalB	BFB	3.6876108646392822	0.9755796194076538	BFB	0.21759921312332153	-1.279712200164795	-4.342156887054443	0.012841393239796162	-3.384990930557251	0.03276784345507622	-2.720867395401001	0.06175318360328674	-1.279712200164795	0.21759921312332153
H1395:chr8:47000001-54212044:6		H1395	chr8	q	47000001	54212044	candidate_region_empty		empty_candidate_region	candidate_region	4	8	8	candidate_region_with_context	48434218	54212044	sv_attention	0.9963	0.8011	HP1	1.0	1.0	145.0	0.0	1.6174	0.0	C6			chromosome_arm	45644000	145100001	402	402	8	4	4	7212044	5.546277865193279e-07	1.6174402152843217	497166.5	1137975.0	2443819.5	False	0.75	0.3333333333333333	0	1	2	1	0	0	0	0	0	0	0	0	3	0					1	0	0.0	0	1	1	0	sample_residual	coords	0	1			-0.11251530051231384	0.4719008207321167	chromothripsis	0.40045082569122314	-0.4035870134830475	-2.9485912322998047	0.04980313405394554	-2.3668878078460693	0.08573277294635773	-0.4035870134830475	0.40045082569122314	-4.3984808921813965	0.012146648950874805
H1395:chr8:120179944-127476886:7	H1395:chr8:120179944-127476886:7	H1395	chr8	q	120179944	127476886	candidate_region_label	Seismic_Amplification	region	candidate_region	11	23	23	candidate_region_with_context	120362666	126053476	sv_attention	0.9998	0.7799	HP1	1.0	1.0	144.0	0.0	5.785	0.0	C7	Seismic_Amplification	Seismic_Amplification:canonical	chromosome_arm	45644000	145100001	402	402	8	11	10	7296943	1.5074805983820897e-06	5.784998731660642	261111.5	453501.0	897694.0	False	0.5454545454545454	0.3	0	0	0	1	1	3	3	1	2	0	0	0	12	0					3	2	0.0	0	6	1	0	sample_residual	coords	1	0	Seismic_Amplification:canonical	Seismic_Amplification	3.501175880432129	0.9707212448120117	Seismic_Amplification	0.7607389092445374	1.1567349433898926	-2.8765828609466553	0.05332336947321892	1.1567349433898926	0.7607389092445374	-2.9217119216918945	0.05109064280986786	-1.9165774583816528	0.12824371457099915
H1395:chr11:55000001-62716861:8	H1395:chr11:55000001-62716861:8	H1395	chr11	q	55000001	62716861	candidate_region_label	chromothripsis	region	candidate_region	5	9	9	candidate_region_with_context	57887403	58622963	sv_attention	0.9878	0.0953	HP1	0.6368	0.5157	111.0	3.0	2.1616	2.0953	C8	chromothripsis	chromothripsis:noncanonicalB	chromosome_arm	53714000	135050001	402	402	8	5	5	7716861	6.479318468999247e-07	4.256903681432126	735559.0	1584655.0	2340381.0	True	0.8	0.75	0	0	1	0	2	2	0	0	0	0	0	0	4	0					2	0	0.0	1	0	1	1	sample_residual	coords	1	0	chromothripsis:noncanonicalB	chromothripsis	4.614838123321533	0.9901933073997498	chromothripsis	0.45339739322662354	-0.18695300817489624	-4.0524749755859375	0.017082426697015762	-3.410001754760742	0.031984344124794006	-0.18695300817489624	0.45339739322662354	-3.1418991088867188	0.04141166806221008
H1395:chr14:58867756-69539841:9	H1395:chr14:58867756-69539841:9	H1395	chr14	q	58867756	69539841	candidate_region_label	chromothripsis	region	candidate_region	5	8	8	candidate_region_with_context	60327694	69539841	sv_attention	0.9715	0.8632	mixed_HP	-0.0874	0.625	46.0	34.0	0.5556	1.983	C9	chromothripsis	chromothripsis:noncanonicalB	chromosome_arm	17600000	107000001	402	402	8	5	4	10672086	4.685119666389495e-07	2.5385848652269107	1459940.0	1506927.0	2962245.0	False	0.8	0.5	1	0	1	3	0	0	0	0	0	0	0	0	6	0					0	2	0.0	1	3	0	1	sample_residual	coords	1	0	chromothripsis:noncanonicalB	chromothripsis	0.44937625527381897	0.6104909181594849	chromothripsis	0.5703911185264587	0.2834472060203552	-3.0588126182556152	0.04483852908015251	-2.7825682163238525	0.05827346071600914	0.2834472060203552	0.5703911185264587	-3.5605931282043457	0.02763647958636284
H1395:chr14:90931441-101098629:10	H1395:chr14:90931441-101098629:10	H1395	chr14	q	90931441	101098629	candidate_region_label	Seismic_Amplification	region	candidate_region	8	9	9	candidate_region_with_context	96338654	97754891	sv_attention	0.9802	0.1393	mixed_HP	-0.3653	0.5068	118.0	176.0	0.795	4.5298	C10	Seismic_Amplification	Seismic_Amplification:noncanonical	chromosome_arm	17600000	107000001	402	402	8	8	5	10167189	7.868448201366179e-07	5.324807869707153	26352.75	464458.5	1699286.5	True	0.75	0.5714285714285714	0	0	0	0	1	1	3	3	0	0	0	0	9	0					0	4	0.0	5	0	0	5	sample_residual	coords	1	0	Seismic_Amplification:noncanonical	Seismic_Amplification	2.907303810119629	0.94820636510849	chromothripsis	0.2933295965194702	-0.8792675137519836	-3.3830132484436035	0.032830581068992615	-2.9019548892974854	0.05205700919032097	-0.8792675137519836	0.2933295965194702	-2.993058204650879	0.04774046689271927
H1395:chr16:46000001-48363069:11	H1395:chr16:46000001-48363069:11	H1395	chr16	q	46000001	48363069	candidate_region_label	ecDNA	region	candidate_region	1	1	1	candidate_region_with_context	48363068	48363069	sv_attention	0.3	0.0	mixed_HP	-0.3949	1.0	0.0	0.0	59.0	136.0	C11	ecDNA	ecDNA	chromosome_arm	36800000	90300001	402	402	8	1	1	2363069	4.231785021935458e-07	195.0	2363069.0	2363069.0	2363069.0	False	0.0	0.0	0	0	0	0	0	0	0	0	0	0	0	1	1	0					1	0	0.0	0	0	0	0	sample_residual	coords	1	0	ecDNA	ecDNA	3.120227575302124	0.9577194452285767	ecDNA	0.506633996963501	0.026537597179412842	0.026537597179412842	0.506633996963501	-0.33354651927948	0.41737794876098633	-3.8765532970428467	0.020301437005400658	-2.4381251335144043	0.08031128346920013
H1395:chr18:11457824-14999999:12	H1395:chr18:11457824-14999999:12	H1395	chr18	p	11457824	14999999	candidate_region_label	BFB	region	candidate_region	2	2	2	candidate_region_with_context	11458562	11459302	sv_attention	0.3423	0.0002	HP1	0.6616	0.5487	5.0	0.0	2.0	2.0623	C12	BFB	BFB:noncanonicalB	chromosome_arm	0	18540000	402	402	8	2	2	3542176	5.646246826809283e-07	4.062339081965436	940748.25	1771088.5	2601428.75	False	0.0	0.0	0	0	0	0	1	0	1	0	0	0	0	0	2	0	1.0	1.0			0	0	1.0	0	1	0	0	sample_residual	coords	1	0	BFB:noncanonicalB	BFB	4.371274948120117	0.987522542476654	BFB	0.18022297322750092	-1.514837622642517	-6.3582072257995605	0.0017294735880568624	-3.4740755558013916	0.030058927834033966	-2.7285635471343994	0.06130877509713173	-1.514837622642517	0.18022297322750092
H1395:chr18:48905542-58733200:13	H1395:chr18:48905542-58733200:13	H1395	chr18	q	48905542	58733200	candidate_region_label	BFB	region	candidate_region	5	15	15	candidate_region_with_context	53342459	58733200	sv_attention	0.9803	0.5485	HP1	0.5305	0.3739	318.0	14.0	1.799	2.9349	C13	BFB	BFB:noncanonicalB	chromosome_arm	18540000	80350001	402	402	8	5	5	9827659	5.087681613698644e-07	4.733901023631366	133819.0	987762.0	3981977.0	False	0.6	0.25	0	0	0	1	1	2	1	0	0	0	0	0	7	0	3.0	4.0			0	2	2.0	3	0	0	3	sample_residual	coords	1	0	BFB:noncanonicalB	BFB	4.91558313369751	0.9927218556404114	BFB	0.2540898621082306	-1.076917052268982	-3.7382659912109375	0.023242270573973656	-3.1950881481170654	0.03935098648071289	-2.523087501525879	0.07425542920827866	-1.076917052268982	0.2540898621082306
H1395:chr19:34837816-38633983:14	H1395:chr19:34837816-38633983:14	H1395	chr19	q	34837816	38633983	candidate_region_label	BFB	region	candidate_region	1	2	2	candidate_region_with_context	34844297	34850780	sv_attention	0.6321	0.0017	HP2	-0.3333	0.1111	0.0	0.0	1.0	2.0	C14	BFB	BFB:noncanonicalB	chromosome_arm	26260000	58600001	402	402	8	1	1	3796168	2.634235365768849e-07	3.0	3796168.0	3796168.0	3796168.0	False	0.0	0.0	0	0	0	1	0	0	0	0	0	0	0	0	2	0	1.0	1.0			0	0	1.0	1	0	0	1	sample_residual	coords	1	0	BFB:noncanonicalB	BFB	4.573544979095459	0.9897841811180115	BFB	0.1971626728773117	-1.4041229486465454	-5.7151265144348145	0.0032849074341356754	-3.73738956451416	0.023262176662683487	-2.4458186626434326	0.0797448605298996	-1.4041229486465454	0.1971626728773117
H1437:chr1:111853551-119999999:1		H1437	chr1	p	111853551	119999999	candidate_region_empty		empty_candidate_region	candidate_region	4	4	4	candidate_region_with_context	114069487	119999999	sv_attention	0.6482	0.728	HP2	-0.5523	0.4031	13.0	92.0	1.6975	2.3073	C1			chromosome_arm	0	123459000	402	402	8	4	4	8146449	4.910114824262694e-07	4.0047389973226375	1590127.0	2268462.0	2714947.5	False	0.5	0.3333333333333333	0	0	0	1	1	1	0	1	0	0	0	0	4	0					1	2	0.0	1	0	0	1	sample_residual	coords	0	1			-1.2945821285247803	0.21507826447486877	ecDNA	0.22689373791217804	-1.2259347438812256	-1.2259347438812256	0.22689373791217804	-2.218008518218994	0.09814494103193283	-1.2507593631744385	0.22256872057914734	-3.54693603515625	0.02800585888326168
H1437:chr5:0-5829466:2	H1437:chr5:0-5829466:2	H1437	chr5	p	0	5829466	candidate_region_label	Seismic_Amplification;BFB	region	candidate_region	10	23	23	candidate_region_with_context	596855	5829466	sv_attention	0.9996	0.8976	HP1	1.0	1.0	1312.0	0.0	7.0824	0.0	C2	Seismic_Amplification;BFB	Seismic_Amplification:noncanonical;BFB:noncanonicalB	chromosome_arm	0	48464000	402	402	8	10	8	5829467	1.7154226964489206e-06	7.082447503348076	146909.25	425867.0	870955.75	False	0.4	0.1111111111111111	1	0	1	0	2	1	0	0	3	2	0	0	11	2	2.0	9.0	8.0	9.0	1	0	3.0	1	6	0	1	sample_residual	coords	1	0	Seismic_Amplification:noncanonical;BFB:noncanonicalB	Seismic_Amplification;BFB	6.222878932952881	0.9980204105377197	Seismic_Amplification	0.4964250326156616	-0.014300044625997543	-2.2976410388946533	0.0913185179233551	-0.014300044625997543	0.4964250326156616	-4.020471572875977	0.017628172412514687	-1.3405020236968994	0.207427516579628
H1437:chr8:38023108-42999999:3		H1437	chr8	p	38023108	42999999	candidate_region_empty		empty_candidate_region	candidate_region	5	4	4	candidate_region_with_context	39408564	42766270	sv_attention	0.8774	0.6747	HP2	-0.6876	0.5835	2.0	123.0	2.0	2.5813	C3			chromosome_arm	0	45644000	402	402	8	5	5	4976892	1.0046430583585097e-06	4.581271455395382	233730.0	382200.0	1205166.0	False	0.6	0.25	0	0	2	1	1	0	1	0	0	0	0	0	5	0					0	0	0.0	4	1	0	4	sample_residual	coords	0	1			0.3988371193408966	0.5984082221984863	ecDNA	0.314018189907074	-0.7814000844955444	-0.7814000844955444	0.314018189907074	-1.4643899202346802	0.18779681622982025	-1.77720308303833	0.14464884996414185	-3.134322166442871	0.041713494807481766
H1437:chr8:124330148-127869979:4	H1437:chr8:124330148-127869979:4	H1437	chr8	q	124330148	127869979	candidate_region_label	BFB	region	candidate_region	2	3	3	candidate_region_with_context	127727587	127795249	sv_attention	0.4055	0.0191	mixed_HP	0.3605	0.3129	48.0	14.0	2.9387	3.0307	C4	BFB	BFB:noncanonicalB	chromosome_arm	45644000	145100001	402	402	8	2	2	3539832	5.649985649036451e-07	5.96933187789703	939238.0	1769916.0	2600594.0	False	0.0	0.0	0	0	0	0	0	1	1	0	0	0	0	0	3	0	2.0	2.0			0	1	1.0	1	0	0	1	sample_residual	coords	1	0	BFB:noncanonicalB	BFB	5.181736469268799	0.9944131970405579	BFB	0.33291688561439514	-0.6950216889381409	-3.9936294555664062	0.01809907704591751	-2.7173445224761963	0.061957623809576035	-3.2032148838043213	0.03904492408037186	-0.6950216889381409	0.33291688561439514
H1437:chr9:5537125-23084309:5	H1437:chr9:5537125-23084309:5	H1437	chr9	p	5537125	23084309	candidate_region_label	chromothripsis;BFB	region	candidate_region	10	53	53	candidate_region_with_context	10034999	21553197	sv_attention	1.0	0.6564	HP2	-0.9315	0.9086	22.0	406.0	0.0	0.8369	C5	chromothripsis;BFB	chromothripsis:noncanonical;BFB:noncanonicalB	chromosome_arm	0	49224000	402	402	8	10	10	17547185	5.698919798246842e-07	0.8368788101891852	775684.25	1636341.0	2142468.75	False	0.7	0.4444444444444444	3	4	3	0	0	0	0	0	0	0	0	0	13	0	5.0	5.0			2	3	1.0	0	5	2	0	sample_residual	coords	1	0	chromothripsis:noncanonical;BFB:noncanonicalB	chromothripsis;BFB	5.235540866851807	0.9947043061256409	chromothripsis	0.19544567167758942	-1.4150060415267944	-3.5421063899993896	0.028137629851698875	-2.0788278579711914	0.11117172986268997	-1.4150060415267944	0.19544567167758942	-2.101513385772705	0.10894981026649475
H1437:chr9:123944957-128643829:6	H1437:chr9:123944957-128643829:6	H1437	chr9	q	123944957	128643829	candidate_region_label	BFB	region	candidate_region	2	6	6	candidate_region_with_context	123945036	124008459	sv_attention	0.8683	0.0135	HP1	0.6786	0.5714	34.0	0.0	1.5423	1.4359	C6	BFB	BFB:noncanonicalB	chromosome_arm	49224000	138350001	402	402	8	2	1	4698873	4.256339764875535e-07	2.978210945475649	1191782.25	2349436.5	3507090.75	False	0.0	0.0	1	0	0	1	0	0	0	0	0	0	0	0	4	1	3.0	3.0	3.0	3.0	0	1	1.0	2	0	0	2	sample_residual	coords	1	0	BFB:noncanonicalB	BFB	5.0118489265441895	0.9933854937553406	BFB	0.4085090756416321	-0.37013229727745056	-3.479297399520874	0.02990705706179142	-3.31660795211792	0.03500581160187721	-2.6743524074554443	0.06450383365154266	-0.37013229727745056	0.4085090756416321
H1437:chr12:29363617-32999999:7	H1437:chr12:29363617-32999999:7	H1437	chr12	p	29363617	32999999	candidate_region_label	chromothripsis	region	candidate_region	4	5	5	candidate_region_with_context	30992418	31594116	sv_attention	0.7462	0.1655	HP1	0.614	0.4853	165.0	0.0	1.4542	2.0	C7	chromothripsis	chromothripsis:noncanonicalB	chromosome_arm	0	35807000	402	402	8	4	4	3636383	1.099994142531191e-06	3.454175206517025	364933.75	909675.5	1453837.75	True	0.75	0.6666666666666666	0	0	1	0	2	0	1	0	0	0	0	0	4	0					0	0	0.0	1	3	0	1	sample_residual	coords	1	0	chromothripsis:noncanonicalB	chromothripsis	3.4893743991851807	0.9703839421272278	chromothripsis	0.4009731113910675	-0.4014120101928711	-4.143574237823486	0.015618241392076015	-3.1642751693725586	0.040532469749450684	-0.4014120101928711	0.4009731113910675	-2.843020439147949	0.05504322797060013
H2009:chr1:45850148-56986953:1	H2009:chr1:45850148-56986953:1	H2009	chr1	p	45850148	56986953	candidate_region_label	chromothripsis	region	candidate_region	10	16	16	candidate_region_with_context	46818761	56986953	sv_attention	0.9947	0.913	HP1	0.683	0.5773	569.0	102.0	2.8436	0.5888	C1	chromothripsis	chromothripsis:noncanonical	chromosome_arm	0	123459000	402	402	8	10	9	11136806	8.979235159524194e-07	3.432415990724809	470443.5	724068.0	1449355.5	True	0.8	0.5555555555555556	0	0	1	4	4	1	0	0	0	0	0	0	11	0					4	4	0.0	0	1	2	0	sample_residual	coords	1	0	chromothripsis:noncanonical	chromothripsis	3.7340831756591797	0.9766626358032227	chromothripsis	0.5234461426734924	0.09385352581739426	-3.6731910705566406	0.0247663501650095	-2.9744412899017334	0.048593971878290176	0.09385352581739426	0.5234461426734924	-2.8385329246520996	0.05527710169553757
H2009:chr1:151000001-156374139:2	H2009:chr1:151000001-156374139:2	H2009	chr1	q	151000001	156374139	candidate_region_label	chromothripsis	region	candidate_region	5	6	6	candidate_region_with_context	153837663	156374139	sv_attention	0.9842	0.472	HP1	0.4678	0.2904	240.0	46.0	2.1966	2.0	C1	chromothripsis	chromothripsis:noncanonical	chromosome_arm	123459000	248950001	402	402	8	5	5	5374139	9.303815922885508e-07	4.1965682316739485	559282.0	678165.0	1598973.0	True	1.0	1.0	0	0	0	0	3	2	0	0	0	0	0	0	5	0					2	0	0.0	0	3	0	0	sample_residual	coords	1	0	chromothripsis:noncanonical	chromothripsis	3.927164077758789	0.9806811213493347	chromothripsis	0.41994285583496094	-0.3230080008506775	-4.524895191192627	0.010719693265855312	-3.2594668865203857	0.03698819503188133	-0.3230080008506775	0.41994285583496094	-3.15019154548645	0.04108373448252678
H2009:chr1:173590064-196663842:3	H2009:chr1:173590064-196663842:3	H2009	chr1	q	173590064	196663842	candidate_region_label	chromothripsis	region	candidate_region	20	53	53	candidate_region_with_context	175000038	196663842	sv_attention	0.9665	0.9389	HP2	-0.3368	0.1158	445.0	1237.0	2.0268	2.3259	C2	chromothripsis	chromothripsis:noncanonical	chromosome_arm	123459000	248950001	402	402	8	19	20	23073779	8.66784760311694e-07	4.352673538853471	376901.75	508249.0	1190259.5	True	0.9	0.7894736842105263	0	0	0	1	9	9	1	0	0	0	0	0	21	0					3	3	0.0	7	8	0	7	sample_residual	coords	1	0	chromothripsis:noncanonical	chromothripsis	3.441957950592041	0.9689903855323792	chromothripsis	0.568618655204773	0.276217520236969	-2.3160910606384277	0.08979904651641846	-3.0283966064453125	0.04615936800837517	0.276217520236969	0.568618655204773	-2.825942277908325	0.055938296020030975
H2009:chr3:56114072-61312739:4	H2009:chr3:56114072-61312739:4	H2009	chr3	p	56114072	61312739	candidate_region_label	chromothripsis	region	candidate_region	5	3	3	candidate_region_with_context	60039017	60439741	sv_attention	0.3	0.0771	HP1	1.0	1.0	188.0	0.0	2.0946	0.0	C3	chromothripsis	chromothripsis:noncanonicalB	chromosome_arm	0	90951000	402	402	8	5	5	5198668	9.617848264209217e-07	2.094613658729505	107489.0	176841.0	1066186.0	True	0.8	0.75	0	0	2	2	1	0	0	0	0	0	0	0	6	0					0	6	0.0	0	0	0	0	sample_residual	coords	1	0	chromothripsis:noncanonicalB	chromothripsis	3.92348051071167	0.9806112051010132	chromothripsis	0.4060612916946411	-0.3802720904350281	-4.617654323577881	0.009779354557394981	-2.553861379623413	0.07216750085353851	-0.3802720904350281	0.4060612916946411	-2.693734645843506	0.0633440762758255
H2009:chr12:101496434-105293022:5	H2009:chr12:101496434-105293022:5	H2009	chr12	q	101496434	105293022	candidate_region_label	BFB	region	candidate_region	2	6	6	candidate_region_with_context	104713178	104731698	sv_attention	0.8663	0.0049	HP2	-0.7885	0.7181	0.0	218.0	1.0	2.1527	C4	BFB	BFB:noncanonical	chromosome_arm	35807000	133250001	402	402	8	2	2	3796589	5.26788651602794e-07	3.1527273560556592	1239068.75	1898294.5	2557520.25	False	0.0	0.0	0	0	0	1	1	0	0	0	0	0	0	0	3	1	3.0	3.0	3.0	3.0	0	0	1.0	0	1	1	0	sample_residual	coords	1	0	BFB:noncanonical	BFB	5.352746486663818	0.9952871799468994	BFB	0.4121735990047455	-0.3549872934818268	-4.276413440704346	0.013702045194804668	-2.7873284816741943	0.05801277980208397	-2.9922358989715576	0.04777786508202553	-0.3549872934818268	0.4121735990047455
H2009:chr13:48402084-58685643:6		H2009	chr13	q	48402084	58685643	candidate_region_empty		empty_candidate_region	candidate_region	8	13	13	candidate_region_with_context	48417591	58685643	sv_attention	0.9964	0.9985	mixed_HP	-0.0838	0.3557	1142.0	674.0	0.1989	1.5066	C5			chromosome_arm	17900000	114350001	402	402	8	8	7	10283560	7.779407131382517e-07	1.7055387606864705	302398.25	585673.0	1943798.75	False	0.625	0.2857142857142857	1	3	0	2	2	0	0	0	0	0	0	0	9	0					2	0	0.0	0	2	5	0	sample_residual	coords	0	1			-2.3208107948303223	0.08941403031349182	chromothripsis	0.29168835282325745	-0.887198269367218	-1.5546869039535522	0.1744103580713272	-1.613861083984375	0.16605325043201447	-0.887198269367218	0.29168835282325745	-4.708525657653809	0.008937465026974678
H2009:chr13:93806668-107681239:7	H2009:chr13:93806668-107681239:7	H2009	chr13	q	93806668	107681239	candidate_region_label	chromothripsis	region	candidate_region	11	20	20	candidate_region_with_context	95298503	107681239	sv_attention	0.8811	0.8925	HP1	0.7306	0.6408	847.0	91.0	3.7592	1.0	C2	chromothripsis	chromothripsis:noncanonical	chromosome_arm	17900000	114350001	402	402	8	11	11	13874572	7.928172487050412e-07	4.759189616804036	365235.0	646317.0	1628778.0	True	0.7272727272727273	0.6	0	1	0	0	2	5	3	0	0	0	0	0	12	0					4	0	0.0	5	2	1	5	sample_residual	coords	1	0	chromothripsis:noncanonical	chromothripsis	3.7220845222473145	0.9763875007629395	chromothripsis	0.4232954978942871	-0.309259295463562	-3.5244414806365967	0.02862474136054516	-3.015770196914673	0.04671849310398102	-0.309259295463562	0.4232954978942871	-2.9665608406066895	0.04895960912108421
HCC1937:chr3:185299317-198295559:1		HCC1937	chr3	q	185299317	198295559	candidate_region_empty		empty_candidate_region	candidate_region	6	4	4	candidate_region_with_context	188195205	189563317	sv_attention	0.8012	0.1053	mixed_HP	0.0614	0.912	240.0	228.0	6.1886	4.7359	C1			chromosome_arm	90951000	198250001	402	402	8	6	5	12996243	4.616718847131437e-07	10.893251089064572	476385.75	1789974.0	3841110.75	False	0.6666666666666666	0.4	0	0	1	0	0	0	1	0	0	4	0	0	5	0					2	2	0.0	1	0	0	1	sample_residual	coords	0	1			-0.6224086284637451	0.34923383593559265	Seismic_Amplification	0.34913378953933716	-0.6228489279747009	-3.079646110534668	0.04395468533039093	-0.6228489279747009	0.34913378953933716	-1.3160098791122437	0.21148289740085602	-4.031860828399658	0.017432019114494324
HCC1937:chr4:128186850-130366021:2	HCC1937:chr4:128186850-130366021:2	HCC1937	chr4	q	128186850	130366021	candidate_region_label	BFB	region	candidate_region	2	4	4	candidate_region_with_context	128232717	128236541	sv_attention	0.6304	0.0018	HP2	-1.0	1.0	0.0	109.0	0.0	3.0421	C2	BFB	BFB:noncanonicalB	chromosome_arm	50494000	190200001	402	402	8	2	1	2179172	9.1777978057721e-07	3.042098978787376	567728.25	1089586.5	1611444.75	False	0.0	0.0	0	0	0	1	0	1	0	0	0	0	0	0	3	1	2.0	2.0	2.0	2.0	0	0	1.0	1	1	0	1	sample_residual	coords	1	0	BFB:noncanonicalB	BFB	5.371099948883057	0.995372474193573	BFB	0.43686115741729736	-0.2539108097553253	-3.6592705249786377	0.025104809552431107	-2.571882486343384	0.0709700882434845	-3.266092300415039	0.03675292059779167	-0.2539108097553253	0.43686115741729736
HCC1937:chr5:52000001-54211375:3	HCC1937:chr5:52000001-54211375:3	HCC1937	chr5	q	52000001	54211375	candidate_region_label	Seismic_Amplification;BFB	region	candidate_region	2	3	3	candidate_region_with_context	53632208	54211375	sv_attention	0.861	0.2619	mixed_HP	0.7053	0.6667	301.0	0.0	5.0476	4.0	C3	Seismic_Amplification;BFB	Seismic_Amplification:noncanonical;BFB:noncanonical	chromosome_arm	48464000	181500001	402	402	8	2	2	2211375	9.044146741280876e-07	9.047612458312136	842426.75	1105687.5	1368948.25	False	0.0	0.0	0	0	0	0	0	0	0	0	1	1	0	0	2	1	2.0	2.0	2.0	2.0	0	0	1.0	1	0	0	1	sample_residual	coords	1	0	Seismic_Amplification:noncanonical;BFB:noncanonical	Seismic_Amplification;BFB	6.227204322814941	0.9980289340019226	BFB	0.29479464888572693	-0.8722100257873535	-2.7057929039001465	0.06263239681720734	-0.898178219795227	0.2894250154495239	-4.443391799926758	0.011619399301707745	-0.8722100257873535	0.29479464888572693
HCC1937:chr6:18875101-23707534:4	HCC1937:chr6:18875101-23707534:4	HCC1937	chr6	p	18875101	23707534	candidate_region_label	Seismic_Amplification	region	candidate_region	9	68	68	candidate_region_with_context	21314688	23707534	sv_attention	1.0	0.4952	HP2	-0.6772	0.5697	17.0	395.0	2.0955	3.1222	C4	Seismic_Amplification	Seismic_Amplification:noncanonical	chromosome_arm	0	60589000	402	402	8	9	8	4832434	1.8624155032432928e-06	5.217706232511401	115264.0	346208.0	768656.0	False	0.5555555555555556	0.125	0	0	0	0	2	2	3	0	2	0	0	0	10	0					0	4	0.0	1	5	0	1	sample_residual	coords	1	0	Seismic_Amplification:noncanonical	Seismic_Amplification	1.6887990236282349	0.8440661430358887	Seismic_Amplification	0.5473087430000305	0.18980275094509125	-3.9835329055786133	0.018279382959008217	0.18980275094509125	0.5473087430000305	-1.8351447582244873	0.1376265287399292	-2.9624433517456055	0.04915168508887291
HCC1937:chr8:136730189-145138636:5	HCC1937:chr8:136730189-145138636:5	HCC1937	chr8	q	136730189	145138636	candidate_region_label	Seismic_Amplification	region	candidate_region	8	7	7	candidate_region_with_context	140269025	145072537	sv_attention	0.9893	0.5713	mixed_HP	0.1797	0.2144	164.0	169.0	9.6274	2.6432	C5	Seismic_Amplification	Seismic_Amplification:noncanonical	chromosome_arm	45644000	145100001	402	402	8	8	4	8408448	9.514240915802772e-07	12.223409718416526	65583.25	273024.5	1983771.75	False	0.5	0.4285714285714285	0	0	1	0	0	0	0	0	1	6	0	0	7	0					2	2	0.0	3	0	0	3	sample_residual	coords	1	0	Seismic_Amplification:noncanonical	Seismic_Amplification	3.086329460144043	0.9563252925872803	Seismic_Amplification	0.5249744653701782	0.09998106956481934	-1.1954963207244873	0.23227736353874207	0.09998106956481934	0.5249744653701782	-3.0547454357147217	0.04501304030418396	-2.3677964210510254	0.08566157519817352
HCC1937:chr12:38000001-46021190:6	HCC1937:chr12:38000001-46021190:6	HCC1937	chr12	q	38000001	46021190	candidate_region_label	BFB	region	candidate_region	3	3	3	candidate_region_with_context	41137069	46021190	sv_attention	0.8612	0.6089	mixed_HP	-0.0167	0.4697	20.0	13.0	1.0696	3.0	C6	BFB	BFB:noncanonicalB	chromosome_arm	35807000	133250001	402	402	8	3	3	8021190	3.74009342753382e-07	4.069613610948002	1847727.0	3137070.0	3731403.0	True	1.0	1.0	0	0	0	0	2	1	0	0	0	0	0	0	4	0	4.0	4.0			0	2	1.0	1	0	0	1	sample_residual	coords	1	0	BFB:noncanonicalB	BFB	4.738516807556152	0.9913243055343628	chromothripsis	0.30947616696357727	-0.8025693297386169	-3.670074462890625	0.024841737002134323	-3.4472734928131104	0.03085027076303959	-0.8025693297386169	0.30947616696357727	-2.272322177886963	0.09344131499528885
HCC1937:chr16:46000001-48375678:7	HCC1937:chr16:46000001-48375678:7	HCC1937	chr16	q	46000001	48375678	candidate_region_label	Seismic_Amplification	region	candidate_region	5	3	3	candidate_region_with_context	47156375	48375678	sv_attention	0.3304	0.5132	mixed_HP	0.0913	0.3596	49.0	28.0	3.0789	5.3732	C7	Seismic_Amplification	Seismic_Amplification:canonical	chromosome_arm	36800000	90300001	402	402	8	5	4	2375678	2.104662332184749e-06	8.452052885910561	143653.0	433076.0	571606.0	False	0.6	0.0	0	0	0	0	0	0	0	1	3	1	0	0	5	0					3	2	0.0	0	0	0	0	sample_residual	coords	1	0	Seismic_Amplification:canonical	Seismic_Amplification	2.0943572521209717	0.8903535008430481	Seismic_Amplification	0.645932137966156	0.6012059450149536	-3.972135543823242	0.018485039472579956	0.6012059450149536	0.645932137966156	-2.749382257461548	0.060121551156044006	-3.1339287757873535	0.04172922298312187
HCC1954:chr1:151000001-157603647:1	HCC1954:chr1:151000001-157603647:1	HCC1954	chr1	q	151000001	157603647	candidate_region_label	Seismic_Amplification;BFB	region	candidate_region	5	9	9	candidate_region_with_context	151753364	157603647	sv_attention	0.9695	0.8859	HP1	0.5357	0.3809	135.0	0.0	2.1789	5.0	C1	Seismic_Amplification;BFB	Seismic_Amplification:canonical;BFB:noncanonical	chromosome_arm	123459000	248950001	402	402	8	5	3	6603647	7.571573707680014e-07	7.178905837940762	79399.0	614263.0	1018800.0	True	0.8	0.75	0	0	0	0	0	0	0	2	3	0	0	0	5	1	5.0	5.0	5.0	5.0	0	2	1.0	0	1	1	0	sample_residual	coords	1	0	Seismic_Amplification:canonical;BFB:noncanonical	Seismic_Amplification;BFB	4.892510414123535	0.9925532937049866	Seismic_Amplification	0.390018105506897	-0.4472360610961914	-1.650163173675537	0.16108690202236176	-0.4472360610961914	0.390018105506897	-2.591538667678833	0.0696849673986435	-1.2908052206039429	0.21571657061576843
HCC1954:chr2:96000001-100873753:2		HCC1954	chr2	q	96000001	100873753	candidate_region_empty		empty_candidate_region	candidate_region	5	6	6	candidate_region_with_context	97223028	98621162	sv_attention	0.4318	0.2869	HP1	0.2602	0.0136	87.0	30.0	2.031	3.0069	C2			chromosome_arm	93989000	242150001	402	402	8	5	5	4873753	1.0259034464815922e-06	5.037902002830262	253368.0	286910.0	2080884.0	False	0.8	0.5	0	0	0	0	1	2	2	0	0	0	0	0	5	0					0	2	0.0	3	0	0	3	sample_residual	coords	0	1			-1.5529582500457764	0.17465941607952118	ecDNA	0.2681642472743988	-1.0039564371109009	-1.0039564371109009	0.2681642472743988	-1.4533326625823975	0.1894892007112503	-1.3520393371582031	0.20553717017173767	-3.906820058822632	0.019708113744854927
HCC1954:chr2:147926458-151799362:3	HCC1954:chr2:147926458-151799362:3	HCC1954	chr2	q	147926458	151799362	candidate_region_label	BFB	region	candidate_region	1	3	3	candidate_region_with_context	147929243	147963148	sv_attention	0.488	0.0088	mixed_HP	0.3344	0.3302	15.0	5.0	3.0095	2.9905	C3	BFB	BFB:noncanonicalB	chromosome_arm	93989000	242150001	402	402	8	1	1	3872905	2.582041129333149e-07	6.0	3872905.0	3872905.0	3872905.0	False	0.0	0.0	0	0	0	0	0	0	1	0	0	0	0	0	2	0	1.0	1.0			0	0	1.0	1	0	0	1	sample_residual	coords	1	0	BFB:noncanonicalB	BFB	4.031677722930908	0.9825648665428162	BFB	0.33837682008743286	-0.6705359816551208	-3.9318811893463135	0.019229721277952194	-3.450090169906616	0.030766168609261513	-2.631063461303711	0.0671657845377922	-0.6705359816551208	0.33837682008743286
HCC1954:chr2:198255428-205692703:4	HCC1954:chr2:198255428-205692703:4	HCC1954	chr2	q	198255428	205692703	candidate_region_label	chromothripsis;BFB	region	candidate_region	5	7	7	candidate_region_with_context	204631843	205692702	sv_attention	0.9187	0.1426	HP2	-0.5438	0.3917	0.0	80.0	2.0	0.9227	C4	chromothripsis;BFB	chromothripsis:noncanonicalB;BFB:noncanonicalB	chromosome_arm	93989000	242150001	402	402	8	5	5	7437276	6.722891553305269e-07	2.922704640421488	654238.0	822484.0	2334699.0	True	0.8	0.75	0	0	2	2	1	0	0	0	0	0	0	0	6	0	5.0	5.0			2	0	1.0	2	0	1	2	sample_residual	coords	1	0	chromothripsis:noncanonicalB;BFB:noncanonicalB	chromothripsis;BFB	4.942941188812256	0.9929169416427612	chromothripsis	0.33252641558647156	-0.6967806220054626	-2.8881239891052246	0.05274377018213272	-2.944035053253174	0.05001918971538544	-0.6967806220054626	0.33252641558647156	-1.6452445983886719	0.16175270080566406
HCC1954:chr4:0-4799073:5		HCC1954	chr4	p	0	4799073	candidate_region_empty		empty_candidate_region	candidate_region	6	8	8	candidate_region_with_context	1324114	1848952	sv_attention	0.9945	0.1094	mixed_HP	0.2872	0.543	55.0	38.0	2.9681	1.0	C5			chromosome_arm	0	50494000	402	402	8	6	5	4799074	1.25024119236336e-06	3.968093011276759	214636.25	764857.5	1342011.25	True	0.8333333333333334	0.6	0	0	0	2	3	1	0	0	0	0	0	0	7	0					4	3	0.0	0	0	0	0	sample_residual	coords	0	1			2.6476798057556152	0.933867871761322	chromothripsis	0.503970742225647	0.01588326133787632	-3.661426544189453	0.02505209483206272	-2.908083915710449	0.0517553836107254	0.01588326133787632	0.503970742225647	-3.0788156986236572	0.04398959502577782
HCC1954:chr4:38478872-47999999:6	HCC1954:chr4:38478872-47999999:6	HCC1954	chr4	p	38478872	47999999	candidate_region_label	BFB	region	candidate_region	8	10	10	candidate_region_with_context	41750885	47999999	sv_attention	0.9818	0.6563	HP2	-0.6394	0.5192	10.0	127.0	1.9911	3.0511	C6	BFB	BFB:noncanonicalB	chromosome_arm	0	50494000	402	402	8	8	7	9521128	8.402365770106231e-07	5.042274288871174	193650.75	679488.0	1932207.5	False	0.5	0.1428571428571428	1	0	0	0	1	3	1	1	1	0	0	0	8	0	7.0	7.0			0	2	1.0	3	2	0	3	sample_residual	coords	1	0	BFB:noncanonicalB	BFB	5.444327354431152	0.9956978559494019	BFB	0.2452768087387085	-1.1239635944366455	-3.512755870819092	0.028951458632946014	-1.7903622388839722	0.14302831888198853	-3.049708604812622	0.04523005336523056	-1.1239635944366455	0.2452768087387085
HCC1954:chr4:113806267-124363472:7	HCC1954:chr4:113806267-124363472:7	HCC1954	chr4	q	113806267	124363472	candidate_region_label	chromothripsis;BFB	region	candidate_region	11	12	12	candidate_region_with_context	115745030	124363472	sv_attention	0.9933	0.8164	mixed_HP	-0.0612	0.7263	61.0	76.0	1.9075	1.7772	C7	chromothripsis;BFB	chromothripsis:noncanonical;BFB:noncanonicalB	chromosome_arm	50494000	190200001	402	402	8	11	9	10557206	1.0419423472460422e-06	3.6847497936954543	286922.0	903802.0	1198660.5	True	0.8181818181818182	0.7	0	0	1	4	5	1	0	0	0	0	0	0	12	0	9.0	9.0			2	4	1.0	0	4	1	0	sample_residual	coords	1	0	chromothripsis:noncanonical;BFB:noncanonicalB	chromothripsis;BFB	4.6898369789123535	0.9908954501152039	chromothripsis	0.39345696568489075	-0.4328039288520813	-2.894015312194824	0.05245019868016243	-2.583353042602539	0.07021750509738922	-0.4328039288520813	0.39345696568489075	-1.772822380065918	0.14519169926643372
HCC1954:chr4:144179786-178151261:8	HCC1954:chr4:144179786-178151261:8	HCC1954	chr4	q	144179786	178151261	candidate_region_label	ecDNA;Seismic_Amplification;BFB	region	candidate_region	38	68	68	candidate_region_with_context	147291679	178151261	sv_attention	1.0	0.9084	mixed_HP	0.0378	0.9355	736.0	699.0	2.1212	1.8745	C8	ecDNA;Seismic_Amplification;BFB	ecDNA;Seismic_Amplification:noncanonical;BFB:noncanonical	chromosome_arm	50494000	190200001	402	402	8	38	28	33971476	1.1185854862473449e-06	3.995765536516776	94724.75	323457.0	1329490.5	False	0.5	0.1351351351351351	0	0	1	10	9	6	3	4	5	0	0	0	40	0					8	6	0.0	23	3	0	23	sample_residual	coords	1	0	ecDNA;Seismic_Amplification:noncanonical;BFB:noncanonical	ecDNA;Seismic_Amplification;BFB	4.136667728424072	0.9842752814292908	ecDNA	0.8689055442810059	1.8913164138793945	1.8913164138793945	0.8689055442810059	0.031237367540597916	0.5078086853027344	-3.00925612449646	0.047009460628032684	-1.3340190649032593	0.2084953337907791
HCC1954:chr5:0-3209105:9	HCC1954:chr5:0-3209105:9	HCC1954	chr5	p	0	3209105	candidate_region_label	ecDNA;Seismic_Amplification;BFB	region	candidate_region	25	49	49	candidate_region_with_context	379661	3209105	sv_attention	0.9996	0.8817	mixed_HP	0.7441	1.0	2701.0	212.0	25.2779	7.9107	C8	ecDNA;Seismic_Amplification;BFB	ecDNA;Seismic_Amplification:noncanonical;BFB:noncanonical	chromosome_arm	0	48464000	402	402	8	25	12	3209106	7.790331637533943e-06	33.18875126320188	51011.0	91793.0	180392.0	False	0.2	0.0416666666666666	0	0	0	0	0	0	0	1	0	2	13	9	25	0					0	1	0.0	19	5	0	19	sample_residual	coords	1	0	ecDNA;Seismic_Amplification:noncanonical;BFB:noncanonical	ecDNA;Seismic_Amplification;BFB	2.815434217453003	0.9435042142868042	ecDNA	0.8768991827964783	1.9633886814117432	1.9633886814117432	0.8768991827964783	0.11626473069190979	0.5290334820747375	-4.157652854919434	0.015403260476887226	-2.1077873706817627	0.1083422303199768
HCC1954:chr5:25588866-33474335:10	HCC1954:chr5:25588866-33474335:10	HCC1954	chr5	p	25588866	33474335	candidate_region_label	chromothripsis	region	candidate_region	4	5	5	candidate_region_with_context	32317426	33474335	sv_attention	0.7861	0.1467	mixed_HP	-0.4447	0.527	15.0	22.0	0.1467	6.4837	C9	chromothripsis	chromothripsis:noncanonicalB	chromosome_arm	0	48464000	402	402	8	4	4	7885470	5.072620909089756e-07	6.630441098572298	938328.0	1907208.0	2940247.5	True	0.75	0.6666666666666666	0	0	0	0	0	0	2	1	1	0	0	0	5	0					2	0	0.0	2	1	0	2	sample_residual	coords	1	0	chromothripsis:noncanonicalB	chromothripsis	3.3594460487365723	0.9664127826690674	chromothripsis	0.31175366044044495	-0.7919334173202515	-3.6459403038024902	0.0254331324249506	-2.801924467086792	0.05722027271986008	-0.7919334173202515	0.31175366044044495	-2.8842642307281494	0.052936941385269165
HCC1954:chr5:102783181-117504971:11	HCC1954:chr5:102783181-117504971:11	HCC1954	chr5	q	102783181	117504971	candidate_region_label	ecDNA;Seismic_Amplification;BFB	region	candidate_region	72	180	180	candidate_region_with_context	104285693	117504971	sv_attention	1.0	0.8979	mixed_HP	0.2076	0.3222	2325.0	1028.0	2.9667	4.0211	C8	ecDNA;Seismic_Amplification;BFB	ecDNA;Seismic_Amplification:noncanonical;BFB:noncanonical	chromosome_arm	48464000	181500001	402	402	8	72	43	14721791	4.890709289379261e-06	6.987719771943571	62117.25	113461.0	220104.5	False	0.2916666666666667	0.0	0	0	0	1	9	9	4	5	28	15	1	0	73	0	15.0	15.0			13	13	1.0	16	29	1	16	sample_residual	coords	1	0	ecDNA;Seismic_Amplification:noncanonical;BFB:noncanonical	ecDNA;Seismic_Amplification;BFB	4.845306873321533	0.9921962022781372	Seismic_Amplification	0.7048669457435608	0.870582640171051	0.5498347282409668	0.6340972185134888	0.870582640171051	0.7048669457435608	-3.5832455158233643	0.02703421749174595	-1.0948573350906372	0.25070470571517944
HCC1954:chr5:175753434-181538259:12	HCC1954:chr5:175753434-181538259:12	HCC1954	chr5	q	175753434	181538259	candidate_region_label	ecDNA;Seismic_Amplification;BFB	region	candidate_region	21	81	81	candidate_region_with_context	175790271	181538259	sv_attention	0.9999	0.9936	mixed_HP	-0.1472	0.3524	1526.0	1723.0	3.0571	5.94	C8	ecDNA;Seismic_Amplification;BFB	ecDNA;Seismic_Amplification:noncanonical;BFB:noncanonical	chromosome_arm	48464000	181500001	402	402	8	21	11	5784826	3.630186975373157e-06	8.950894494738826	38258.0	101424.0	203151.0	False	0.2857142857142857	0.05	0	0	1	0	2	1	1	1	0	8	7	0	23	1	5.0	18.0	5.0	5.0	3	1	2.0	12	5	0	12	sample_residual	coords	1	0	ecDNA;Seismic_Amplification:noncanonical;BFB:noncanonical	ecDNA;Seismic_Amplification;BFB	5.504622459411621	0.9959486126899719	ecDNA	0.8501179814338684	1.73552668094635	1.73552668094635	0.8501179814338684	0.061886016279459	0.515466570854187	-4.3876447677612305	0.012277362868189812	-0.5715152621269226	0.3608872592449188
HCC1954:chr8:39339828-42999999:13	HCC1954:chr8:39339828-42999999:13	HCC1954	chr8	p	39339828	42999999	candidate_region_label	Seismic_Amplification;BFB	region	candidate_region	7	10	10	candidate_region_with_context	39371574	39444144	sv_attention	0.9817	0.0198	HP2	-0.7619	0.6825	15.0	69.0	0.0	7.91	C10	Seismic_Amplification;BFB	Seismic_Amplification:noncanonical;BFB:noncanonicalB	chromosome_arm	0	45644000	402	402	8	7	4	3660172	1.912478429975422e-06	7.909990320129677	46160.5	252196.0	297515.0	False	0.4285714285714285	0.0	0	0	0	1	0	1	0	0	3	2	0	0	7	0	1.0	3.0			0	2	2.0	2	0	1	2	sample_residual	coords	1	0	Seismic_Amplification:noncanonical;BFB:noncanonicalB	Seismic_Amplification;BFB	4.956940174102783	0.9930146932601929	Seismic_Amplification	0.5887448787689209	0.35877931118011475	-2.165276288986206	0.1029123067855835	0.35877931118011475	0.5887448787689209	-4.090517997741699	0.016455259174108505	-1.4227980375289917	0.1942233145236969
HCC1954:chr8:71218391-132804534:14	HCC1954:chr8:71218391-132804534:14	HCC1954	chr8	q	71218391	132804534	candidate_region_label	ecDNA;Seismic_Amplification;BFB	region	candidate_region	181	413	413	candidate_region_with_context	72099278	132804534	sv_attention	1.0	0.9857	mixed_HP	0.4892	0.6417	11606.0	3052.0	7.2983	3.9251	C8	ecDNA;Seismic_Amplification;BFB	ecDNA;Seismic_Amplification:noncanonical;BFB:noncanonical	chromosome_arm	45644000	145100001	402	402	8	181	110	61586144	2.938972766341728e-06	11.223467686090562	70240.0	138027.0	324017.0	False	0.1602209944751381	0.0111111111111111	2	0	0	0	4	7	7	11	42	68	38	2	193	1	8.0	184.0	153.0	153.0	36	22	7.0	64	60	4	64	sample_residual	coords	1	0	ecDNA;Seismic_Amplification:noncanonical;BFB:noncanonical	ecDNA;Seismic_Amplification;BFB	5.161848068237305	0.9943015575408936	ecDNA	0.940173327922821	2.7546122074127197	2.7546122074127197	0.940173327922821	0.9655654430389404	0.7242347002029419	-4.359479904174805	0.012623641639947891	-0.776262640953064	0.3151259124279022
HCC1954:chr9:0-18581391:15	HCC1954:chr9:0-18581391:15	HCC1954	chr9	p	0	18581391	candidate_region_label	Seismic_Amplification;BFB	region	candidate_region	28	37	37	candidate_region_with_context	1133120	14802446	sv_attention	0.9994	0.7356	mixed_HP	-0.1003	0.1835	604.0	434.0	2.5506	11.1837	C11	Seismic_Amplification;BFB	Seismic_Amplification:noncanonical;BFB:noncanonicalB	chromosome_arm	0	49224000	402	402	8	28	26	18581392	1.506883876084203e-06	13.734265437330002	258420.0	519068.5	941492.5	False	0.3928571428571428	0.1481481481481481	0	0	0	0	0	0	0	1	1	25	1	0	27	0	1.0	23.0			4	4	4.0	13	2	0	13	sample_residual	coords	1	0	Seismic_Amplification:noncanonical;BFB:noncanonicalB	Seismic_Amplification;BFB	4.073324203491211	0.983264148235321	Seismic_Amplification	0.5036063194274902	0.014425519853830338	-0.7915970087051392	0.31182584166526794	0.014425519853830338	0.5036063194274902	-3.3223016262054443	0.03481398895382881	-1.8749762773513794	0.13296698033809662
HCC1954:chr9:125674254-127832869:16	HCC1954:chr9:125674254-127832869:16	HCC1954	chr9	q	125674254	127832869	candidate_region_label	chromothripsis	region	candidate_region	5	3	3	candidate_region_with_context	126367239	127156923	sv_attention	0.6072	0.3658	HP1	0.8598	0.8131	78.0	0.0	3.7548	1.0	C12	chromothripsis	chromothripsis:noncanonicalB	chromosome_arm	49224000	138350001	402	402	8	5	5	2158616	2.316298961927457e-06	4.754803077527453	160591.0	515473.0	632084.0	True	0.8	0.75	0	0	0	0	2	2	0	1	0	0	0	0	6	0					3	3	0.0	0	0	0	0	sample_residual	coords	1	0	chromothripsis:noncanonicalB	chromothripsis	3.2638168334960938	0.9631664752960205	chromothripsis	0.33756932616233826	-0.6741450428962708	-4.045611381530762	0.017198054119944572	-2.83797025680542	0.05530649051070213	-0.6741450428962708	0.33756932616233826	-2.796830654144287	0.057495683431625366
HCC1954:chr11:23782554-26756022:17	HCC1954:chr11:23782554-26756022:17	HCC1954	chr11	p	23782554	26756022	candidate_region_label	BFB	region	candidate_region	3	6	6	candidate_region_with_context	26059930	26148203	sv_attention	0.865	0.0297	HP1	0.4293	0.239	31.0	7.0	1.2965	1.2341	C13	BFB	BFB:noncanonicalB	chromosome_arm	0	53714000	402	402	8	3	3	2973469	1.0089225749452912e-06	2.530560432948856	440757.0	696091.0	1394023.0	False	0.6666666666666666	0.5	0	0	1	1	1	0	0	0	0	0	0	0	4	0	3.0	3.0			2	0	1.0	0	0	1	0	sample_residual	coords	1	0	BFB:noncanonicalB	BFB	5.2071099281311035	0.9945524334907532	BFB	0.24524599313735962	-1.124130129814148	-3.345534324645996	0.03404170274734497	-2.6913537979125977	0.06348548084497452	-2.3230080604553223	0.08923527598381042	-1.124130129814148	0.24524599313735962
HCC1954:chr11:44950563-50999999:18	HCC1954:chr11:44950563-50999999:18	HCC1954	chr11	p	44950563	50999999	candidate_region_label	chromothripsis	region	candidate_region	4	2	2	candidate_region_with_context	46499603	46616497	sv_attention	0.3	0.0193	mixed_HP	-0.1082	0.6429	3.0	4.0	1.9807	2.1409	C14	chromothripsis	chromothripsis:noncanonicalB	chromosome_arm	0	53714000	402	402	8	4	4	6049437	6.612185563714442e-07	4.121614953589896	668670.25	1200819.0	2044508.25	True	0.75	0.6666666666666666	0	0	0	1	2	1	0	0	0	0	0	0	4	0					3	0	0.0	1	0	0	1	sample_residual	coords	1	0	chromothripsis:noncanonicalB	chromothripsis	3.08205246925354	0.9561462998390198	chromothripsis	0.4560711085796356	-0.17616987228393555	-3.945479393005371	0.01897493004798889	-3.3556368350982666	0.033711064606904984	-0.17616987228393555	0.4560711085796356	-3.0546722412109375	0.04501618817448616
HCC1954:chr11:65787781-74859666:19	HCC1954:chr11:65787781-74859666:19	HCC1954	chr11	q	65787781	74859666	candidate_region_label	ecDNA;Seismic_Amplification;BFB	region	candidate_region	14	16	16	candidate_region_with_context	69092232	74859666	sv_attention	0.9991	0.6357	mixed_HP	0.5314	0.3488	569.0	79.0	3.5889	3.0464	C8	ecDNA;Seismic_Amplification;BFB	ecDNA;Seismic_Amplification:noncanonical;BFB:noncanonical	chromosome_arm	53714000	135050001	402	402	8	14	10	9071886	1.5432292689745e-06	6.635298076872202	105436.25	250574.0	812930.5	False	0.2857142857142857	0.0769230769230769	0	0	0	1	2	2	1	0	1	3	4	0	15	0	12.0	12.0			2	3	1.0	8	1	0	8	sample_residual	coords	1	0	ecDNA;Seismic_Amplification:noncanonical;BFB:noncanonical	ecDNA;Seismic_Amplification;BFB	5.033998966217041	0.9935293793678284	ecDNA	0.8593156337738037	1.809617042541504	1.809617042541504	0.8593156337738037	0.07987555861473083	0.5199583172798157	-3.852872848510742	0.020777812227606773	-0.861510694026947	0.29702380299568176
HCC1954:chr11:85045948-104108535:20	HCC1954:chr11:85045948-104108535:20	HCC1954	chr11	q	85045948	104108535	candidate_region_label	ecDNA;Seismic_Amplification;BFB	region	candidate_region	26	47	47	candidate_region_with_context	88322434	104108535	sv_attention	1.0	0.8281	HP2	-0.6439	0.5253	143.0	1056.0	2.0037	4.776	C8	ecDNA;Seismic_Amplification;BFB	ecDNA;Seismic_Amplification:noncanonical;BFB:noncanonical	chromosome_arm	53714000	135050001	402	402	8	26	18	19062588	1.3639281298006336e-06	6.77967972782725	60608.0	180908.0	1038513.25	False	0.3846153846153846	0.16	1	0	0	0	0	6	3	4	4	8	0	0	27	1	5.0	27.0	27.0	27.0	4	1	5.0	14	2	1	14	sample_residual	coords	1	0	ecDNA;Seismic_Amplification:noncanonical;BFB:noncanonical	ecDNA;Seismic_Amplification;BFB	5.183797359466553	0.99442458152771	ecDNA	0.5374289155006409	0.14999648928642273	0.14999648928642273	0.5374289155006409	0.11908459663391113	0.5297360420227051	-4.107789039611816	0.016178058460354805	-0.6486052870750427	0.3433038890361786
HCC1954:chr12:6941947-9032063:21	HCC1954:chr12:6941947-9032063:21	HCC1954	chr12	p	6941947	9032063	candidate_region_label	BFB	region	candidate_region	1	2	2	candidate_region_with_context	9032062	9032063	sv_attention	0.5218	0.0	HP1	0.6632	0.5509	36.0	2.0	3.0	2.0	C15	BFB	BFB:noncanonical	chromosome_arm	0	35807000	402	402	8	1	1	2090117	4.784421159198265e-07	5.0	2090117.0	2090117.0	2090117.0	False	0.0	0.0	0	0	0	0	0	1	0	0	0	0	0	0	2	1	2.0	2.0	2.0	2.0	0	0	1.0	1	0	0	1	sample_residual	coords	1	0	BFB:noncanonical	BFB	5.064393520355225	0.9937219023704529	BFB	0.40391239523887634	-0.38918954133987427	-4.11260986328125	0.01610150747001171	-2.9579174518585205	0.0493636429309845	-3.4002602100372314	0.03228733316063881	-0.38918954133987427	0.40391239523887634
HCC1954:chr12:38000001-45355960:22	HCC1954:chr12:38000001-45355960:22	HCC1954	chr12	q	38000001	45355960	candidate_region_label	Seismic_Amplification;BFB	region	candidate_region	17	23	23	candidate_region_with_context	40326774	45355960	sv_attention	0.9977	0.6837	HP1	0.7765	0.702	626.0	51.0	8.8374	2.0	C16	Seismic_Amplification;BFB	Seismic_Amplification:noncanonical;BFB:noncanonicalB	chromosome_arm	35807000	133250001	402	402	8	17	16	7355960	2.311051174829662e-06	10.83746037226956	157441.0	210604.0	431179.0	False	0.2352941176470588	0.125	0	0	0	0	1	0	0	0	1	15	0	0	17	0	12.0	13.0			2	3	2.0	9	1	0	9	sample_residual	coords	1	0	Seismic_Amplification:noncanonical;BFB:noncanonicalB	Seismic_Amplification;BFB	4.654634475708008	0.9905722737312317	Seismic_Amplification	0.4980076253414154	-0.007969435304403305	-0.9311103820800781	0.28269949555397034	-0.007969435304403305	0.4980076253414154	-3.5634427070617676	0.027560006827116013	-1.4911919832229614	0.18374288082122803
HCC1954:chr14:30457625-37594904:23	HCC1954:chr14:30457625-37594904:23	HCC1954	chr14	q	30457625	37594904	candidate_region_label	BFB	region	candidate_region	6	8	8	candidate_region_with_context	36434639	37594904	sv_attention	0.6896	0.1626	mixed_HP	-0.6388	0.3088	2.0	126.0	3.0518	2.9263	C17	BFB	BFB:noncanonical	chromosome_arm	17600000	107000001	402	402	8	6	5	7137280	8.406563845050215e-07	5.978115612670373	353738.75	405899.0	1365456.5	True	0.8333333333333334	0.8	0	0	0	0	0	2	3	1	0	0	0	0	8	1	8.0	8.0	8.0	8.0	3	0	1.0	2	2	0	2	sample_residual	coords	1	0	BFB:noncanonical	BFB	5.319190979003906	0.9951270818710327	BFB	0.25157979130744934	-1.0902043581008911	-2.364945650100708	0.08588512241840363	-2.2998228073120117	0.09113764017820358	-1.8694580793380737	0.13360443711280823	-1.0902043581008911	0.25157979130744934
HCC1954:chr15:21000001-27434570:24	HCC1954:chr15:21000001-27434570:24	HCC1954	chr15	q	21000001	27434570	candidate_region_label	Seismic_Amplification;BFB	region	candidate_region	10	16	16	candidate_region_with_context	24791616	27202624	sv_attention	0.9892	0.3747	HP1	0.4662	0.2882	303.0	92.0	3.893	1.9603	C18	Seismic_Amplification;BFB	Seismic_Amplification:noncanonical;BFB:noncanonical	chromosome_arm	19050000	101950001	402	402	8	10	9	6434570	1.5541054025366108e-06	5.853343269247207	268139.5	357704.5	748533.5	False	0.4	0.2222222222222222	0	0	0	1	1	2	2	1	1	2	0	0	9	1	4.0	9.0	9.0	9.0	1	0	2.0	4	1	1	4	sample_residual	coords	1	0	Seismic_Amplification:noncanonical;BFB:noncanonical	Seismic_Amplification;BFB	5.808237075805664	0.9970062375068665	ecDNA	0.5653146505355835	0.26276007294654846	0.26276007294654846	0.5653146505355835	-0.4381764531135559	0.3921755850315094	-4.543813705444336	0.010520913638174534	-0.41729915142059326	0.3971632122993469
HCC1954:chr17:39095055-42947300:25	HCC1954:chr17:39095055-42947300:25	HCC1954	chr17	q	39095055	42947300	candidate_region_label	ecDNA;Seismic_Amplification	region	candidate_region	3	14	14	candidate_region_with_context	39482909	39493730	sv_attention	0.9893	0.0028	mixed_HP	0.9254	0.8968	2650.0	2.0	37.8125	4.6903	C19	ecDNA;Seismic_Amplification	ecDNA;Seismic_Amplification:canonical	chromosome_arm	25150000	83250001	402	402	8	3	3	3852246	7.787664650699878e-07	42.5029363381943	443233.0	531128.0	1748454.0	False	0.6666666666666666	0.5	0	0	0	0	0	1	0	0	1	0	0	1	4	0					0	0	0.0	0	2	2	0	sample_residual	coords	1	0	ecDNA;Seismic_Amplification:canonical	ecDNA;Seismic_Amplification	2.9553182125091553	0.9505143165588379	ecDNA	0.8518929481506348	1.749526023864746	1.749526023864746	0.8518929481506348	0.597894012928009	0.6451743245124817	-4.225791931152344	0.014403271488845348	-1.7094663381576538	0.15323294699192047
HCC1954:chr19:0-8064793:26		HCC1954	chr19	p	0	8064793	candidate_region_empty		empty_candidate_region	candidate_region	5	9	9	candidate_region_with_context	1814593	8064793	sv_attention	0.9987	0.775	mixed_HP	-0.3787	0.7185	67.0	84.0	0.1444	3.0978	C20			chromosome_arm	0	26260000	402	402	8	5	5	8064794	6.199786380160485e-07	3.242259692619627	394548.0	1164679.0	1814596.0	False	0.8	0.5	0	0	0	3	1	1	0	0	0	0	0	0	5	0					2	2	0.0	1	0	0	1	sample_residual	coords	0	1			-1.1317062377929688	0.2438463717699051	chromothripsis	0.36939162015914917	-0.534827709197998	-2.787440061569214	0.05800667405128479	-2.638984441757202	0.06667120009660721	-0.534827709197998	0.36939162015914917	-4.291161060333252	0.01350416336208582
HCC1954:chr19:28000001-58617616:27	HCC1954:chr19:28000001-58617616:27	HCC1954	chr19	q	28000001	58617616	candidate_region_label	Seismic_Amplification	region	candidate_region	34	38	38	candidate_region_with_context	29807938	58617616	sv_attention	1.0	0.941	HP1	0.3359	0.1145	406.0	169.0	3.4098	2.3535	C21	Seismic_Amplification	Seismic_Amplification:noncanonical	chromosome_arm	26260000	58600001	402	402	8	34	29	30617616	1.110471827721662e-06	5.7611247940442665	223721.0	455030.5	1153438.75	False	0.5882352941176471	0.303030303030303	0	0	1	1	1	6	14	5	6	0	0	0	32	0					1	11	0.0	3	13	4	3	sample_residual	coords	1	0	Seismic_Amplification:noncanonical	Seismic_Amplification	5.266189098358154	0.9948633313179016	Seismic_Amplification	0.4906410574913025	-0.03743993863463402	-2.3106536865234375	0.09024446457624435	-0.03743993863463402	0.4906410574913025	-2.6033999919891357	0.06891992688179016	-2.425997734069824	0.08121159672737122
HCC1954:chr20:55358357-64444167:28	HCC1954:chr20:55358357-64444167:28	HCC1954	chr20	q	55358357	64444167	candidate_region_label	Seismic_Amplification;BFB	region	candidate_region	15	26	26	candidate_region_with_context	58118361	61406000	sv_attention	0.999	0.3618	mixed_HP	0.7104	0.3297	1148.0	87.0	7.1934	2.9891	C16	Seismic_Amplification;BFB	Seismic_Amplification:noncanonical;BFB:noncanonicalB	chromosome_arm	28120000	64400001	402	402	8	15	8	9085811	1.6509258226921077e-06	10.142738826506516	53726.5	183168.0	824823.5	False	0.3333333333333333	0.0	0	0	1	0	0	2	1	0	1	9	1	0	14	0	9.0	10.0			2	0	2.0	8	2	0	8	sample_residual	coords	1	0	Seismic_Amplification:noncanonical;BFB:noncanonicalB	Seismic_Amplification;BFB	5.350930213928223	0.9952787160873413	Seismic_Amplification	0.42594125866889954	-0.29843032360076904	-1.3333615064620972	0.2086038887500763	-0.29843032360076904	0.42594125866889954	-3.845891237258911	0.020920338109135628	-1.4372533559799194	0.1919710338115692
HCC1954:chr21:13000001-46709983:29	HCC1954:chr21:13000001-46709983:29	HCC1954	chr21	q	13000001	46709983	candidate_region_label	Seismic_Amplification	region	candidate_region	131	261	261	candidate_region_with_context	17366951	46709983	sv_attention	1.0	0.8705	HP1	0.7388	0.6517	2782.0	56.0	3.6432	1.9825	C22	Seismic_Amplification	Seismic_Amplification:noncanonical	chromosome_arm	12910000	46700001	402	402	8	131	98	33709983	3.886089174236605e-06	5.624639316807765	97571.0	175437.0	367809.5	False	0.5267175572519084	0.3076923076923077	0	0	3	4	8	34	35	21	25	1	0	0	135	0					29	38	0.0	3	61	4	3	sample_residual	coords	1	0	Seismic_Amplification:noncanonical	Seismic_Amplification	5.257508277893066	0.9948187470436096	Seismic_Amplification	0.5249707102775574	0.09996616840362549	-1.8729169368743896	0.13320457935333252	0.09996616840362549	0.5249707102775574	-2.7113568782806396	0.06230652704834938	-2.3943610191345215	0.08360370993614197
HCC1954:chr22:19000001-50818468:30	HCC1954:chr22:19000001-50818468:30	HCC1954	chr22	q	19000001	50818468	candidate_region_label	BFB	region	candidate_region	21	37	37	candidate_region_with_context	21199247	47887204	sv_attention	1.0	0.8388	mixed_HP	0.3225	0.5934	386.0	278.0	3.5232	0.768	C23	BFB	BFB:noncanonicalB	chromosome_arm	15050000	50800001	402	402	8	21	17	31818468	6.599940638248202e-07	4.289856973647257	196854.0	1194590.0	2189787.0	False	0.4285714285714285	0.25	0	0	1	5	4	3	3	3	1	1	0	0	21	0	21.0	21.0			0	5	1.0	8	5	2	8	sample_residual	coords	1	0	BFB:noncanonicalB	BFB	6.075475215911865	0.9977066516876221	BFB	0.15100495517253876	-1.7267407178878784	-1.8067281246185303	0.14103402197360992	-1.9945374727249146	0.11977764219045639	-2.3624744415283203	0.08607933670282364	-1.7267407178878784	0.15100495517253876
