candidate_id	sample_id	chrom	arm	sv_classes	evidence	tabular_n_windows	tabular_n_segments	tabular_n_segments_ge_100kb	tabular_component_length	tabular_segment_frequency	tabular_ploidy	tabular_segment_len_q25	tabular_segment_len_q50	tabular_segment_len_q75	tabular_oscillating_two_state	tabular_oscillating_segment_fraction	tabular_oscillating_transition_fraction	tabular_n_TCN_0	tabular_n_TCN_1	tabular_n_TCN_2	tabular_n_TCN_3	tabular_n_TCN_4	tabular_n_TCN_5	tabular_n_TCN_6	tabular_n_TCN_7	tabular_n_TCN_7_10	tabular_n_TCN_11_20	tabular_n_TCN_20_40	tabular_n_TCN_gt_40	tabular_n_breakpoints	tabular_n_FB_lowCN_2Mb	tabular_FB_first_index	tabular_FB_last_index	tabular_FB_lowCN_first_index	tabular_FB_lowCN_last_index	tabular_n_DEL	tabular_n_DUP	tabular_n_FB	tabular_n_INTER_CHR	tabular_n_INV_LIKE	tabular_n_sBND	tabular_n_interchromosomal_SV
AU565:chr3:0-19007244:1	AU565	chr3	p	Seismic_Amplification;BFB	candidate_region_label	0.42290717	0.42290717	0.42290717	0.4993491	0.093915105	0.38029006	0.046989225	0.06876583	0.16504103	0.0	0.53846157	0.16666667	0.0	0.11107637	0.11107637	0.22215274	0.25791135	0.22215274	0.11107637	0.0	0.0	0.0	0.0	0.0	0.42290717	0.0	0.0	0.0	0.0	0.0	0.25791135	0.17605188	0.0	0.17605188	0.28712824	0.0	0.17605188
AU565:chr3:36522773-39561702:2	AU565	chr3	p	Seismic_Amplification;BFB	candidate_region_label	0.3118308	0.3118308	0.28712824	0.2326633	0.19643547	0.39414233	0.032362636	0.059364203	0.08743661	0.0	0.6666667	0.4	0.0	0.17605188	0.0	0.0	0.0	0.17605188	0.11107637	0.0	0.11107637	0.0	0.0	0.0	0.35210377	0.0	0.0	0.0	0.0	0.0	0.17605188	0.25791135	0.0	0.0	0.17605188	0.0	0.0
AU565:chr3:151354228-158466862:3	AU565	chr3	q	Seismic_Amplification;BFB	candidate_region_label	0.25791135	0.25791135	0.25791135	0.34890378	0.080411576	0.36513862	0.07274386	0.112367444	0.19351463	0.0	0.5	0.33333334	0.0	0.11107637	0.11107637	0.0	0.11107637	0.0	0.0	0.0	0.11107637	0.0	0.0	0.0	0.3118308	0.0	0.11107637	0.11107637	0.0	0.0	0.17605188	0.17605188	0.11107637	0.0	0.11107637	0.0	0.0
AU565:chr3:178278467-198295559:4	AU565	chr3	q	Seismic_Amplification;BFB	candidate_region_label	0.48788267	0.48788267	0.46318012	0.507556	0.124835216	0.40067473	0.04852696	0.07161397	0.1274602	1.0	0.8	0.6315789	0.0	0.0	0.11107637	0.17605188	0.3689877	0.3332291	0.11107637	0.0	0.0	0.0	0.0	0.0	0.48006406	0.0	0.0	0.0	0.0	0.0	0.22215274	0.28712824	0.0	0.0	0.39820462	0.0	0.0
AU565:chr5:138061704-142844456:5	AU565	chr5	q	BFB	candidate_region_label	0.28712824	0.28712824	0.28712824	0.29248	0.12895924	0.43207005	0.06618908	0.1144437	0.14660695	1.0	0.8	0.75	0.0	0.0	0.0	0.11107637	0.0	0.17605188	0.17605188	0.0	0.0	0.0	0.0	0.0	0.3118308	0.0	0.0	0.0	0.0	0.0	0.17605188	0.0	0.0	0.11107637	0.22215274	0.0	0.11107637
AU565:chr5:155073273-164481680:6	AU565	chr5	q	BFB	candidate_region_label	0.3842611	0.3842611	0.35210377	0.39043567	0.13049066	0.39678794	0.02462244	0.037693433	0.073659115	0.0	0.4	0.11111111	0.11107637	0.0	0.11107637	0.0	0.17605188	0.17605188	0.17605188	0.17605188	0.0	0.0	0.0	0.0	0.4110314	0.17605188	0.28712824	0.4110314	0.28712824	0.4110314	0.25791135	0.11107637	0.17605188	0.22215274	0.17605188	0.0	0.22215274
AU565:chr6:0-8775217:7	AU565	chr6	p	BFB	candidate_region_label	0.44430548	0.44430548	0.3842611	0.37997508	0.17961767	0.28979495	0.013826843	0.029245947	0.06616735	0.0	0.4	0.071428575	0.11107637	0.22215274	0.22215274	0.0	0.0	0.17605188	0.22215274	0.22215274	0.0	0.0	0.0	0.0	0.45402053	0.0	0.4110314	0.4110314	0.0	0.0	0.22215274	0.17605188	0.11107637	0.0	0.3689877	0.11107637	0.0
AU565:chr6:24684333-34294777:8	AU565	chr6	p	chromothripsis	candidate_region_label	0.3842611	0.3842611	0.28712824	0.3936398	0.12852803	0.39858913	0.010565895	0.04371071	0.1637317	0.0	0.6	0.22222222	0.0	0.0	0.11107637	0.17605188	0.22215274	0.22215274	0.11107637	0.0	0.0	0.0	0.0	0.0	0.39820462	0.0	0.0	0.0	0.0	0.0	0.3118308	0.11107637	0.0	0.11107637	0.22215274	0.0	0.11107637
AU565:chr7:114215974-133164006:9	AU565	chr7	q	Seismic_Amplification;BFB	candidate_region_label	0.42290717	0.4339632	0.4110314	0.49885508	0.09969794	0.53674036	0.029979415	0.05918301	0.18778118	0.0	0.42857143	0.0	0.11107637	0.11107637	0.11107637	0.0	0.11107637	0.0	0.0	0.0	0.3332291	0.22215274	0.0	0.0	0.44430548	0.17605188	0.11107637	0.4110314	0.39820462	0.4110314	0.25791135	0.17605188	0.28712824	0.17605188	0.17605188	0.0	0.17605188
AU565:chr8:47000001-50494087:10	AU565	chr8	q	ecDNA;Seismic_Amplification;BFB	candidate_region_label	0.3332291	0.3332291	0.28712824	0.25046042	0.19818431	0.40677974	0.016304577	0.031001763	0.086070575	0.0	0.5714286	0.33333334	0.11107637	0.0	0.17605188	0.17605188	0.0	0.0	0.0	0.0	0.11107637	0.0	0.0	0.11107637	0.35210377	0.11107637	0.25791135	0.28712824	0.25791135	0.25791135	0.0	0.0	0.17605188	0.17605188	0.25791135	0.0	0.17605188
AU565:chr8:70898854-90691867:11	AU565	chr8	q	ecDNA;Seismic_Amplification;BFB	candidate_region_label	0.65611595	0.65611595	0.6027298	0.5057695	0.24895951	0.66738206	0.0140685765	0.028487112	0.04464	0.0	0.10169491	0.01724138	0.17605188	0.0	0.0	0.22215274	0.17605188	0.11107637	0.11107637	0.22215274	0.3332291	0.45402053	0.48788267	0.25791135	0.6613705	0.0	0.0	0.0	0.0	0.0	0.4110314	0.3332291	0.0	0.42290717	0.5339835	0.17605188	0.42290717
AU565:chr8:103691910-145138636:12	AU565	chr8	q	ecDNA;Seismic_Amplification;BFB	candidate_region_label	0.745794	0.745794	0.6785127	0.6247083	0.22623603	0.60802364	0.012636492	0.026981892	0.061169073	0.0	0.1826923	0.048543688	0.3332291	0.25791135	0.3842611	0.3689877	0.3118308	0.17605188	0.17605188	0.0	0.11107637	0.48006406	0.560313	0.4110314	0.74731296	0.17605188	0.46318012	0.73143375	0.46318012	0.53960687	0.5450396	0.42290717	0.25791135	0.509281	0.5742565	0.11107637	0.509281
AU565:chr10:27994282-32989762:13	AU565	chr10	p		candidate_region_empty	0.28712824	0.28712824	0.25791135	0.298501	0.12499367	0.2638452	0.064367354	0.06548499	0.068481065	0.0	0.6	0.5	0.0	0.11107637	0.0	0.11107637	0.11107637	0.17605188	0.0	0.0	0.0	0.0	0.0	0.0	0.3118308	0.0	0.0	0.0	0.0	0.0	0.25791135	0.0	0.0	0.11107637	0.11107637	0.0	0.11107637
AU565:chr10:55213168-71714103:14	AU565	chr10	q	BFB	candidate_region_label	0.49533746	0.49533746	0.46318012	0.4770424	0.14794333	0.39681822	0.02132952	0.05771576	0.07495693	0.0	0.71428573	0.5	0.0	0.0	0.0	0.17605188	0.3842611	0.17605188	0.28712824	0.17605188	0.0	0.0	0.0	0.0	0.509281	0.0	0.44430548	0.44430548	0.0	0.0	0.28712824	0.25791135	0.11107637	0.17605188	0.39820462	0.0	0.17605188
AU565:chr14:45524644-58036648:15	AU565	chr14	q	ecDNA;Seismic_Amplification;BFB	candidate_region_label	0.3842611	0.3842611	0.35210377	0.43392977	0.105848275	0.40864354	0.035941824	0.10018139	0.11591686	0.0	0.6	0.33333334	0.0	0.0	0.11107637	0.0	0.22215274	0.11107637	0.11107637	0.0	0.25791135	0.0	0.0	0.0	0.4110314	0.0	0.0	0.0	0.0	0.0	0.0	0.0	0.0	0.3689877	0.22215274	0.0	0.3689877
AU565:chr17:28000001-42420153:16	AU565	chr17	q	ecDNA;Seismic_Amplification;BFB	candidate_region_label	0.3842611	0.39820462	0.39820462	0.45594588	0.102163956	0.47771874	0.04694333	0.09709766	0.1304133	0.0	0.27272728	0.0	0.0	0.17605188	0.11107637	0.0	0.11107637	0.11107637	0.0	0.11107637	0.17605188	0.0	0.22215274	0.0	0.39820462	0.0	0.3689877	0.3689877	0.0	0.0	0.22215274	0.11107637	0.11107637	0.3118308	0.0	0.0	0.3118308
AU565:chr17:62570891-83257441:17	AU565	chr17	q	ecDNA;Seismic_Amplification;BFB	candidate_region_label	0.44430548	0.45402053	0.45402053	0.51278204	0.10324718	0.40422085	0.04673281	0.07628472	0.15238735	0.0	0.4375	0.2	0.0	0.0	0.17605188	0.25791135	0.17605188	0.22215274	0.17605188	0.11107637	0.11107637	0.11107637	0.0	0.0	0.45402053	0.0	0.0	0.0	0.0	0.0	0.25791135	0.28712824	0.0	0.28712824	0.17605188	0.0	0.28712824
AU565:chr18:47315093-56791383:18	AU565	chr18	q		candidate_region_empty	0.25791135	0.25791135	0.25791135	0.39151913	0.06345902	0.24808452	0.18350554	0.21654682	0.23223071	0.0	0.75	0.33333334	0.0	0.11107637	0.17605188	0.11107637	0.0	0.0	0.0	0.0	0.0	0.0	0.0	0.0	0.28712824	0.0	0.0	0.0	0.0	0.0	0.11107637	0.0	0.0	0.11107637	0.22215274	0.0	0.11107637
AU565:chr20:0-58962673:19	AU565	chr20	mixed	Seismic_Amplification;BFB	candidate_region_label	0.68533283	0.68972355	0.639232	0.68228704	0.14517994	0.45913333	0.014587416	0.037469693	0.09291301	0.0	0.34246576	0.097222224	0.0	0.0	0.0	0.17605188	0.11107637	0.42290717	0.3842611	0.4110314	0.5158227	0.39820462	0.0	0.0	0.68533283	0.0	0.5450396	0.5450396	0.0	0.0	0.48006406	0.48006406	0.11107637	0.0	0.55538183	0.11107637	0.0
AU565:chr22:46498609-50818468:20	AU565	chr22	q		candidate_region_empty	0.3118308	0.3118308	0.28712824	0.2785745	0.15693553	0.36064374	0.02590594	0.06652101	0.107574895	0.0	0.5	0.0	0.0	0.11107637	0.11107637	0.11107637	0.17605188	0.0	0.11107637	0.0	0.0	0.0	0.0	0.0	0.28712824	0.0	0.0	0.0	0.0	0.0	0.17605188	0.17605188	0.0	0.0	0.0	0.11107637	0.0
BT474:chr1:151000001-176668027:1	BT474	chr1	q	Seismic_Amplification;BFB	candidate_region_label	0.5339835	0.5339835	0.5158227	0.54724425	0.12952831	0.50394183	0.04869529	0.088518806	0.13063157	0.0	0.37037036	0.03846154	0.0	0.0	0.28712824	0.0	0.0	0.17605188	0.22215274	0.11107637	0.3689877	0.3332291	0.0	0.0	0.5339835	0.0	0.0	0.0	0.0	0.0	0.28712824	0.17605188	0.0	0.35210377	0.4110314	0.0	0.35210377
BT474:chr1:189780634-204485228:2	BT474	chr1	q	Seismic_Amplification;BFB	candidate_region_label	0.46318012	0.46318012	0.4110314	0.4589922	0.13845576	0.44000712	0.015186751	0.044102725	0.1193129	0.0	0.3529412	0.0	0.0	0.0	0.22215274	0.11107637	0.0	0.17605188	0.22215274	0.11107637	0.11107637	0.3118308	0.0	0.0	0.47184438	0.11107637	0.3118308	0.3118308	0.3118308	0.3118308	0.11107637	0.11107637	0.11107637	0.35210377	0.3118308	0.11107637	0.35210377
BT474:chr1:225071131-248956422:3	BT474	chr1	q	Seismic_Amplification;BFB	candidate_region_label	0.5339835	0.5339835	0.49533746	0.53571284	0.13629495	0.4928114	0.022602515	0.05829979	0.13339496	0.0	0.22222222	0.03846154	0.0	0.0	0.22215274	0.17605188	0.0	0.17605188	0.22215274	0.22215274	0.17605188	0.35210377	0.25791135	0.0	0.5281556	0.0	0.0	0.0	0.0	0.0	0.22215274	0.22215274	0.0	0.3689877	0.39820462	0.0	0.3689877
BT474:chr2:0-12798428:4	BT474	chr2	p	chromothripsis;BFB	candidate_region_label	0.28712824	0.28712824	0.25791135	0.4374258	0.059431113	0.38920674	0.17711973	0.20222096	0.25971618	0.0	0.6	0.0	0.11107637	0.0	0.17605188	0.0	0.11107637	0.0	0.11107637	0.0	0.0	0.0	0.0	0.0	0.28712824	0.0	0.11107637	0.11107637	0.0	0.0	0.11107637	0.11107637	0.11107637	0.0	0.17605188	0.0	0.0
BT474:chr3:94000001-96109704:5	BT474	chr3	q	BFB	candidate_region_label	0.11107637	0.11107637	0.11107637	0.18908793	0.069917925	0.3855507	0.18908793	0.18908793	0.18908793	0.0	0.0	0.0	0.0	0.0	0.0	0.0	0.11107637	0.0	0.0	0.0	0.0	0.0	0.0	0.0	0.11107637	0.0	0.11107637	0.11107637	0.0	0.0	0.0	0.0	0.11107637	0.0	0.0	0.0	0.0
BT474:chr4:75139194-78870225:6	BT474	chr4	q	Seismic_Amplification	candidate_region_label	0.39820462	0.39820462	0.35210377	0.2590239	0.24747749	0.55729336	0.017710676	0.023406953	0.06834514	0.0	0.18181819	0.1	0.0	0.0	0.11107637	0.0	0.0	0.11107637	0.0	0.11107637	0.17605188	0.3118308	0.0	0.0	0.4339632	0.0	0.0	0.0	0.0	0.0	0.0	0.0	0.0	0.3689877	0.28712824	0.0	0.3689877
BT474:chr4:177350069-190214555:7	BT474	chr4	q	Seismic_Amplification;BFB	candidate_region_label	0.39820462	0.39820462	0.35210377	0.43822178	0.11135563	0.3855624	0.01897916	0.044157207	0.142146	0.0	0.45454547	0.2	0.0	0.0	0.22215274	0.0	0.11107637	0.17605188	0.11107637	0.11107637	0.0	0.22215274	0.0	0.0	0.3842611	0.0	0.3842611	0.3842611	0.0	0.0	0.0	0.0	0.11107637	0.3689877	0.0	0.0	0.3689877
BT474:chr5:175902457-181538259:8	BT474	chr5	q		candidate_region_empty	0.28712824	0.28712824	0.25791135	0.31541327	0.11444902	0.40199623	0.025939358	0.043627217	0.14238113	0.0	0.4	0.25	0.0	0.0	0.11107637	0.11107637	0.11107637	0.11107637	0.0	0.11107637	0.0	0.0	0.0	0.0	0.25791135	0.0	0.0	0.0	0.0	0.0	0.0	0.25791135	0.0	0.0	0.0	0.0	0.0
BT474:chr7:69449818-72861001:9	BT474	chr7	q	Seismic_Amplification	candidate_region_label	0.3689877	0.3689877	0.3332291	0.24735719	0.23274839	0.53759974	0.024982177	0.03180945	0.05336664	0.0	0.44444445	0.125	0.0	0.0	0.0	0.0	0.0	0.0	0.0	0.17605188	0.22215274	0.25791135	0.0	0.0	0.3842611	0.0	0.0	0.0	0.0	0.0	0.17605188	0.25791135	0.0	0.11107637	0.22215274	0.0	0.11107637
BT474:chr8:70366367-80940353:10	BT474	chr8	q		candidate_region_empty	0.3118308	0.3118308	0.3118308	0.40812668	0.08099321	0.47904962	0.06731776	0.103320286	0.22853537	0.0	0.5	0.2	0.0	0.0	0.0	0.0	0.17605188	0.11107637	0.0	0.11107637	0.17605188	0.0	0.0	0.0	0.35210377	0.0	0.0	0.0	0.0	0.0	0.25791135	0.22215274	0.0	0.0	0.11107637	0.0	0.0
BT474:chr9:32557750-37999999:11	BT474	chr9	p	BFB	candidate_region_label	0.28712824	0.28712824	0.25791135	0.31047964	0.11743712	0.37107402	0.055713426	0.07770264	0.17370264	0.0	0.4	0.25	0.11107637	0.11107637	0.0	0.11107637	0.11107637	0.0	0.0	0.0	0.0	0.11107637	0.0	0.0	0.28712824	0.0	0.11107637	0.28712824	0.0	0.0	0.11107637	0.0	0.25791135	0.0	0.0	0.0	0.0
BT474:chr9:114665482-133000833:12	BT474	chr9	q	Seismic_Amplification;BFB	candidate_region_label	0.46318012	0.46318012	0.45402053	0.49365586	0.118227415	0.5288505	0.03806032	0.0968991	0.16196446	0.0	0.23529412	0.0	0.11107637	0.0	0.17605188	0.0	0.11107637	0.11107637	0.11107637	0.17605188	0.22215274	0.3118308	0.0	0.0	0.47184438	0.0	0.3689877	0.3689877	0.0	0.0	0.3118308	0.17605188	0.11107637	0.3332291	0.17605188	0.0	0.3332291
BT474:chr11:0-4707947:13	BT474	chr11	p	BFB	candidate_region_label	0.11107637	0.11107637	0.11107637	0.29030994	0.034709822	0.0	0.29030994	0.29030994	0.29030994	0.0	0.0	0.0	0.11107637	0.0	0.0	0.0	0.0	0.0	0.0	0.0	0.0	0.0	0.0	0.0	0.11107637	0.0	0.11107637	0.11107637	0.0	0.0	0.0	0.0	0.11107637	0.0	0.0	0.0	0.0
BT474:chr11:55000001-79871797:14	BT474	chr11	q	Seismic_Amplification	candidate_region_label	0.6027298	0.6027298	0.55029416	0.5421922	0.17823558	0.5228359	0.01239066	0.033413652	0.09244098	0.0	0.26190478	0.07317073	0.11107637	0.17605188	0.11107637	0.11107637	0.11107637	0.25791135	0.0	0.0	0.4110314	0.48788267	0.0	0.0	0.6135372	0.0	0.0	0.0	0.0	0.0	0.3689877	0.46318012	0.0	0.3842611	0.3689877	0.0	0.3842611
BT474:chr11:99415081-103035786:15	BT474	chr11	q	Seismic_Amplification	candidate_region_label	0.25791135	0.25791135	0.25791135	0.25509125	0.13411242	0.6883154	0.08053245	0.10264613	0.1264275	0.0	0.75	0.33333334	0.0	0.0	0.0	0.0	0.0	0.0	0.0	0.0	0.0	0.25791135	0.0	0.0	0.28712824	0.0	0.0	0.0	0.0	0.0	0.17605188	0.22215274	0.0	0.0	0.0	0.0	0.0
BT474:chr12:79130813-89476457:16	BT474	chr12	q	Seismic_Amplification;BFB	candidate_region_label	0.4339632	0.4339632	0.3842611	0.40480566	0.1542216	0.4706285	0.012974537	0.026512304	0.09733843	0.0	0.35714287	0.15384616	0.0	0.0	0.11107637	0.0	0.11107637	0.17605188	0.11107637	0.17605188	0.25791135	0.22215274	0.0	0.0	0.44430548	0.17605188	0.3689877	0.42290717	0.3689877	0.42290717	0.22215274	0.3332291	0.17605188	0.0	0.22215274	0.0	0.0
BT474:chr14:86217710-91424394:17	BT474	chr14	q	Seismic_Amplification	candidate_region_label	0.28712824	0.28712824	0.28712824	0.30427116	0.121299386	0.58159447	0.04454945	0.12468952	0.15814039	0.0	0.6	0.5	0.0	0.0	0.0	0.0	0.0	0.0	0.0	0.0	0.17605188	0.22215274	0.0	0.0	0.3118308	0.0	0.0	0.0	0.0	0.0	0.11107637	0.11107637	0.0	0.17605188	0.17605188	0.0	0.17605188
BT474:chr15:21000001-34214736:18	BT474	chr15	q	ecDNA;Seismic_Amplification;BFB	candidate_region_label	0.5339835	0.5339835	0.5221078	0.44237986	0.20055607	0.52298886	0.024623051	0.038616344	0.06766505	0.0	0.2962963	0.115384616	0.11107637	0.22215274	0.11107637	0.22215274	0.22215274	0.28712824	0.0	0.11107637	0.11107637	0.25791135	0.22215274	0.17605188	0.53960687	0.17605188	0.22215274	0.4339632	0.3118308	0.39820462	0.25791135	0.17605188	0.3118308	0.28712824	0.39820462	0.0	0.28712824
BT474:chr17:35844582-71997176:19	BT474	chr17	q	ecDNA;Seismic_Amplification;BFB	candidate_region_label	0.74731296	0.7488177	0.66894275	0.6025056	0.2467352	0.6872544	0.010766238	0.021276353	0.052177083	0.0	0.13207547	0.01904762	0.22215274	0.0	0.22215274	0.25791135	0.11107637	0.28712824	0.3332291	0.25791135	0.3118308	0.5450396	0.47184438	0.5281556	0.7532488	0.11107637	0.560313	0.560313	0.560313	0.560313	0.560313	0.42290717	0.11107637	0.3842611	0.62689906	0.25791135	0.3842611
BT474:chr19:9837949-17541691:20	BT474	chr19	p	Seismic_Amplification;BFB	candidate_region_label	0.4339632	0.4339632	0.4339632	0.36062554	0.18665782	0.48133025	0.027488219	0.038014222	0.06845752	0.0	0.42857143	0.23076923	0.0	0.11107637	0.0	0.11107637	0.0	0.22215274	0.22215274	0.17605188	0.11107637	0.22215274	0.0	0.0	0.44430548	0.0	0.11107637	0.11107637	0.0	0.0	0.25791135	0.0	0.11107637	0.22215274	0.3118308	0.11107637	0.22215274
BT474:chr20:32000001-64444167:21	BT474	chr20	q	ecDNA;Seismic_Amplification;BFB	candidate_region_label	0.7022168	0.70420754	0.65611595	0.5849796	0.22398974	0.74891275	0.015367485	0.028563445	0.057433277	0.0	0.125	0.012658228	0.3118308	0.11107637	0.25791135	0.22215274	0.11107637	0.17605188	0.0	0.17605188	0.28712824	0.39820462	0.44430548	0.55029416	0.7002011	0.0	0.0	0.0	0.0	0.0	0.49533746	0.46318012	0.0	0.49533746	0.45402053	0.22215274	0.49533746
C33A:chr4:89023117-91166470:1	C33A	chr4	q		candidate_region_empty	0.3332291	0.3332291	0.3118308	0.19088173	0.26142287	0.24132106	0.029771276	0.03513058	0.05126877	0.0	0.71428573	0.5	0.11107637	0.17605188	0.22215274	0.11107637	0.0	0.0	0.0	0.0	0.0	0.0	0.0	0.0	0.35210377	0.0	0.0	0.0	0.0	0.0	0.3118308	0.17605188	0.0	0.0	0.0	0.0	0.0
C33A:chr5:92726384-94878736:2	C33A	chr5	q		candidate_region_empty	0.35210377	0.35210377	0.3118308	0.1913582	0.2795319	0.26662797	0.017212795	0.025022486	0.036681917	0.0	0.5	0.14285715	0.11107637	0.11107637	0.17605188	0.11107637	0.17605188	0.11107637	0.0	0.0	0.0	0.0	0.0	0.0	0.3689877	0.0	0.0	0.0	0.0	0.0	0.25791135	0.28712824	0.0	0.0	0.0	0.0	0.0
C33A:chr7:124475765-131164398:3	C33A	chr7	q	chromothripsis;BFB	candidate_region_label	0.3332291	0.3332291	0.28712824	0.33995718	0.12905863	0.3301332	0.021500934	0.09268169	0.16736977	0.0	0.5714286	0.16666667	0.0	0.0	0.11107637	0.22215274	0.11107637	0.11107637	0.11107637	0.0	0.0	0.0	0.0	0.0	0.35210377	0.0	0.22215274	0.22215274	0.0	0.0	0.11107637	0.17605188	0.11107637	0.11107637	0.22215274	0.0	0.11107637
C33A:chr20:49956338-59003014:4	C33A	chr20	q		candidate_region_empty	0.25791135	0.25791135	0.25791135	0.38454032	0.065981425	0.3270892	0.054699175	0.181877	0.2632057	0.0	0.75	0.33333334	0.0	0.11107637	0.0	0.17605188	0.11107637	0.0	0.0	0.0	0.0	0.0	0.0	0.0	0.28712824	0.0	0.0	0.0	0.0	0.0	0.17605188	0.0	0.0	0.22215274	0.0	0.0	0.22215274
C4I:chr11:100593185-103914705:1	C4I	chr11	q	BFB	candidate_region_label	0.17605188	0.17605188	0.17605188	0.24393457	0.08493961	0.53333694	0.13679086	0.163102	0.18582025	0.0	0.0	0.0	0.0	0.0	0.0	0.0	0.0	0.0	0.0	0.0	0.17605188	0.0	0.0	0.0	0.22215274	0.11107637	0.17605188	0.22215274	0.17605188	0.17605188	0.0	0.0	0.17605188	0.0	0.11107637	0.0	0.0
C4I:chr17:16773785-21999999:2	C4I	chr17	p	BFB	candidate_region_label	0.22215274	0.22215274	0.22215274	0.30479476	0.08175031	0.29580614	0.049145527	0.06261652	0.20870602	0.0	0.6666667	0.5	0.0	0.0	0.11107637	0.0	0.0	0.11107637	0.11107637	0.0	0.0	0.0	0.0	0.0	0.25791135	0.0	0.11107637	0.11107637	0.0	0.0	0.0	0.0	0.11107637	0.0	0.17605188	0.11107637	0.0
C4I:chr18:0-14999999:3	C4I	chr18	p	chromothripsis;BFB	candidate_region_label	0.39820462	0.39820462	0.3842611	0.46209812	0.09912395	0.39452472	0.08182039	0.10389963	0.13844179	0.0	0.6363636	0.5	0.0	0.0	0.11107637	0.17605188	0.25791135	0.11107637	0.22215274	0.0	0.0	0.0	0.0	0.0	0.3842611	0.0	0.22215274	0.22215274	0.0	0.0	0.22215274	0.22215274	0.11107637	0.0	0.22215274	0.0	0.0
CAPAN1:chr3:48716345-60308344:1	CAPAN1	chr3	p		candidate_region_empty	0.28712824	0.28712824	0.25791135	0.42217696	0.064624354	0.4453809	0.033954985	0.22389233	0.252587	0.0	0.6	0.25	0.0	0.0	0.0	0.0	0.11107637	0.17605188	0.11107637	0.0	0.11107637	0.0	0.0	0.0	0.25791135	0.0	0.0	0.0	0.0	0.0	0.11107637	0.0	0.0	0.22215274	0.0	0.0	0.22215274
CAPAN1:chr7:81569598-101063738:2	CAPAN1	chr7	q		candidate_region_empty	0.3842611	0.3842611	0.35210377	0.5033565	0.074621014	0.482199	0.08392489	0.16217358	0.2418145	0.0	0.5	0.0	0.0	0.0	0.0	0.0	0.17605188	0.11107637	0.11107637	0.17605188	0.22215274	0.11107637	0.0	0.0	0.39820462	0.0	0.0	0.0	0.0	0.0	0.17605188	0.25791135	0.0	0.17605188	0.17605188	0.11107637	0.17605188
CAPAN1:chr8:37066357-40194350:3	CAPAN1	chr8	p		candidate_region_empty	0.25791135	0.25791135	0.25791135	0.23629859	0.14842795	0.27286074	0.059057962	0.08809996	0.119908266	0.0	0.5	0.33333334	0.0	0.11107637	0.11107637	0.11107637	0.11107637	0.0	0.0	0.0	0.0	0.0	0.0	0.0	0.28712824	0.0	0.0	0.0	0.0	0.0	0.25791135	0.0	0.0	0.0	0.11107637	0.0	0.0
CAPAN1:chr17:39540592-43756142:4	CAPAN1	chr17	q	Seismic_Amplification;chromothripsis	candidate_region_label	0.3332291	0.3332291	0.25791135	0.27527413	0.17633945	0.54171985	0.005411763	0.08686902	0.10371228	0.0	0.71428573	0.33333334	0.0	0.0	0.0	0.0	0.0	0.11107637	0.0	0.0	0.28712824	0.11107637	0.0	0.0	0.35210377	0.0	0.0	0.0	0.0	0.0	0.22215274	0.0	0.0	0.28712824	0.0	0.0	0.28712824
CAPAN2:chr3:171842933-174865042:1	CAPAN2	chr3	q	BFB	candidate_region_label	0.11107637	0.11107637	0.11107637	0.23196778	0.05151333	0.49814293	0.23196778	0.23196778	0.23196778	0.0	0.0	0.0	0.0	0.0	0.0	0.0	0.0	0.0	0.0	0.11107637	0.0	0.0	0.0	0.0	0.17605188	0.11107637	0.17605188	0.17605188	0.17605188	0.17605188	0.0	0.0	0.11107637	0.11107637	0.0	0.0	0.11107637
CAPAN2:chr11:0-17181454:2	CAPAN2	chr11	p		candidate_region_empty	0.3842611	0.3842611	0.3842611	0.48340034	0.08266319	0.46838984	0.093151376	0.14951323	0.22961962	0.0	0.6	0.44444445	0.0	0.0	0.0	0.11107637	0.11107637	0.17605188	0.22215274	0.22215274	0.0	0.0	0.0	0.0	0.3689877	0.0	0.0	0.0	0.0	0.0	0.17605188	0.0	0.0	0.0	0.3332291	0.0	0.0
CAPAN2:chr19:10941884-15447707:3	CAPAN2	chr19	p	BFB	candidate_region_label	0.22215274	0.22215274	0.17605188	0.28430107	0.091962785	0.21753392	0.033733245	0.059379846	0.19606145	0.0	0.6666667	0.5	0.0	0.11107637	0.11107637	0.0	0.0	0.0	0.11107637	0.0	0.0	0.0	0.0	0.0	0.25791135	0.0	0.22215274	0.22215274	0.0	0.0	0.17605188	0.0	0.11107637	0.0	0.11107637	0.0	0.0
CERV186:chr1:151000001-161727469:1	CERV186	chr1	q		candidate_region_empty	0.3332291	0.3332291	0.28712824	0.4103223	0.09052096	0.5113994	0.026588554	0.091542095	0.20978357	0.0	0.5714286	0.16666667	0.0	0.0	0.17605188	0.11107637	0.17605188	0.0	0.0	0.0	0.0	0.17605188	0.0	0.0	0.35210377	0.0	0.0	0.0	0.0	0.0	0.17605188	0.22215274	0.0	0.11107637	0.17605188	0.0	0.11107637
CERV186:chr17:0-5345937:2	CERV186	chr17	p	chromothripsis	candidate_region_label	0.28712824	0.28712824	0.25791135	0.30796915	0.11898503	0.27392784	0.020706287	0.07382538	0.100361384	1.0	1.0	1.0	0.0	0.0	0.17605188	0.22215274	0.0	0.0	0.0	0.0	0.0	0.0	0.0	0.0	0.3118308	0.0	0.0	0.0	0.0	0.0	0.22215274	0.0	0.0	0.22215274	0.0	0.0	0.22215274
CERV186:chrX:81324920-84146119:3	CERV186	chrX	q		candidate_region_empty	0.25791135	0.25791135	0.25791135	0.22342741	0.15910272	0.23411667	0.041343976	0.087683246	0.1249273	0.0	0.75	0.33333334	0.0	0.11107637	0.17605188	0.11107637	0.0	0.0	0.0	0.0	0.0	0.0	0.0	0.0	0.28712824	0.0	0.0	0.0	0.0	0.0	0.11107637	0.11107637	0.0	0.17605188	0.0	0.11107637	0.17605188
CERV186:chrX:144991991-156040895:4	CERV186	chrX	q		candidate_region_empty	0.28712824	0.28712824	0.28712824	0.41482896	0.06727414	0.22095461	0.07727307	0.10991648	0.2856684	0.0	0.8	0.5	0.11107637	0.17605188	0.17605188	0.0	0.0	0.0	0.0	0.0	0.0	0.0	0.0	0.0	0.28712824	0.0	0.0	0.0	0.0	0.0	0.17605188	0.17605188	0.0	0.11107637	0.0	0.0	0.11107637
CERV196:chr11:31804012-50999999:1	CERV196	chr11	p	Seismic_Amplification	candidate_region_label	0.509281	0.509281	0.48788267	0.500914	0.14193784	0.5942487	0.0488024	0.08518203	0.13074973	0.0	0.3043478	0.13636364	0.0	0.17605188	0.22215274	0.0	0.11107637	0.11107637	0.11107637	0.11107637	0.0	0.42290717	0.11107637	0.0	0.5158227	0.0	0.0	0.0	0.0	0.0	0.3332291	0.22215274	0.0	0.3689877	0.22215274	0.17605188	0.3689877
CERV196:chr13:19000001-36658956:2	CERV196	chr13	q	BFB	candidate_region_label	0.3842611	0.39820462	0.3689877	0.48772106	0.0872619	0.38034865	0.035409912	0.0899766	0.15740839	0.0	0.45454547	0.2	0.17605188	0.0	0.22215274	0.17605188	0.11107637	0.11107637	0.0	0.0	0.17605188	0.0	0.0	0.0	0.4110314	0.11107637	0.3689877	0.39820462	0.39820462	0.39820462	0.17605188	0.17605188	0.22215274	0.17605188	0.17605188	0.11107637	0.17605188
CERV215:chr8:36884526-42999999:1	CERV215	chr8	p	chromothripsis;BFB	candidate_region_label	0.25791135	0.25791135	0.25791135	0.32704532	0.090689704	0.31584698	0.07780388	0.091473274	0.16337937	1.0	0.75	0.6666667	0.0	0.0	0.11107637	0.0	0.17605188	0.11107637	0.0	0.0	0.0	0.0	0.0	0.0	0.25791135	0.11107637	0.25791135	0.25791135	0.25791135	0.25791135	0.0	0.0	0.11107637	0.11107637	0.0	0.17605188	0.11107637
CERV215:chr11:93422105-102966723:2	CERV215	chr11	q	ecDNA;Seismic_Amplification;BFB	candidate_region_label	0.3332291	0.3332291	0.3332291	0.39260262	0.09913062	0.57481015	0.061149873	0.077629745	0.19074857	0.0	0.2857143	0.16666667	0.0	0.0	0.0	0.0	0.11107637	0.11107637	0.11107637	0.0	0.11107637	0.0	0.17605188	0.11107637	0.35210377	0.17605188	0.25791135	0.35210377	0.3332291	0.35210377	0.0	0.0	0.28712824	0.22215274	0.0	0.0	0.22215274
CERV215:chr17:36651110-47994380:3	CERV215	chr17	q	BFB	candidate_region_label	0.39820462	0.39820462	0.39820462	0.41885185	0.12216457	0.2889652	0.03512356	0.06127091	0.1559796	0.0	0.54545456	0.4	0.0	0.22215274	0.17605188	0.22215274	0.17605188	0.11107637	0.0	0.0	0.0	0.0	0.0	0.0	0.4110314	0.0	0.11107637	0.11107637	0.0	0.0	0.3118308	0.0	0.11107637	0.0	0.28712824	0.0	0.0
CERV215:chr22:19000001-26749456:4	CERV215	chr22	q		candidate_region_empty	0.3689877	0.3689877	0.3118308	0.3614986	0.13889576	0.42363068	0.0071304385	0.041264396	0.10962224	0.0	0.5555556	0.125	0.11107637	0.0	0.0	0.11107637	0.17605188	0.22215274	0.11107637	0.11107637	0.0	0.0	0.0	0.0	0.3118308	0.0	0.0	0.0	0.0	0.0	0.0	0.11107637	0.0	0.17605188	0.22215274	0.0	0.17605188
CFPAC1:chr4:169433769-174050891:1	CFPAC1	chr4	q	chromothripsis	candidate_region_label	0.25791135	0.25791135	0.25791135	0.2876366	0.112447456	0.29382563	0.117224	0.12957698	0.13952143	1.0	0.75	0.6666667	0.0	0.11107637	0.11107637	0.17605188	0.0	0.0	0.0	0.0	0.0	0.0	0.0	0.0	0.28712824	0.0	0.0	0.0	0.0	0.0	0.17605188	0.0	0.0	0.11107637	0.17605188	0.0	0.11107637
CFPAC1:chr8:34116445-37127717:2	CFPAC1	chr8	p	BFB	candidate_region_label	0.11107637	0.11107637	0.11107637	0.2315181	0.0516745	0.3855507	0.2315181	0.2315181	0.2315181	0.0	0.0	0.0	0.0	0.0	0.0	0.0	0.11107637	0.0	0.0	0.0	0.0	0.0	0.0	0.0	0.17605188	0.0	0.11107637	0.11107637	0.0	0.0	0.0	0.0	0.11107637	0.11107637	0.0	0.0	0.11107637
CFPAC1:chr8:125817166-128418242:3	CFPAC1	chr8	q	BFB	candidate_region_label	0.22215274	0.22215274	0.22215274	0.21353883	0.13822721	0.44418183	0.07949696	0.10485751	0.12581186	0.0	0.6666667	0.5	0.0	0.0	0.0	0.11107637	0.0	0.11107637	0.0	0.11107637	0.0	0.0	0.0	0.0	0.25791135	0.11107637	0.25791135	0.25791135	0.25791135	0.25791135	0.17605188	0.0	0.11107637	0.0	0.11107637	0.0	0.0
CFPAC1:chr11:45868884-50999999:4	CFPAC1	chr11	p	chromothripsis	candidate_region_label	0.3118308	0.3118308	0.28712824	0.30222946	0.1395586	0.365537	0.053330425	0.10387385	0.13448511	1.0	0.8333333	0.6	0.0	0.0	0.0	0.17605188	0.22215274	0.11107637	0.0	0.0	0.0	0.0	0.0	0.0	0.25791135	0.0	0.0	0.0	0.0	0.0	0.0	0.11107637	0.0	0.0	0.22215274	0.0	0.0
CFPAC1:chr11:79558920-116268542:5	CFPAC1	chr11	q	chromothripsis	candidate_region_label	0.6300724	0.6300724	0.58292073	0.6049859	0.15489532	0.34165403	0.018289607	0.064250074	0.09720006	1.0	0.76	0.5510204	0.17605188	0.22215274	0.28712824	0.50246084	0.45402053	0.17605188	0.0	0.0	0.0	0.0	0.0	0.0	0.63318413	0.0	0.0	0.0	0.0	0.0	0.35210377	0.44430548	0.0	0.0	0.53960687	0.0	0.0
CFPAC1:chr11:126340678-135086622:6	CFPAC1	chr11	q	chromothripsis	candidate_region_label	0.48006406	0.48006406	0.39820462	0.3794752	0.20805258	0.37258342	0.009475863	0.026619669	0.07508827	0.0	0.7368421	0.5	0.0	0.0	0.11107637	0.35210377	0.3118308	0.25791135	0.0	0.0	0.0	0.0	0.0	0.0	0.509281	0.0	0.0	0.0	0.0	0.0	0.3842611	0.3332291	0.0	0.0	0.3118308	0.0	0.0
CFPAC1:chr12:23200844-26346628:7	CFPAC1	chr12	p	BFB	candidate_region_label	0.11107637	0.11107637	0.11107637	0.23701537	0.04974318	0.46615466	0.23701537	0.23701537	0.23701537	0.0	0.0	0.0	0.0	0.0	0.0	0.0	0.0	0.0	0.11107637	0.0	0.0	0.0	0.0	0.0	0.17605188	0.11107637	0.17605188	0.17605188	0.17605188	0.17605188	0.0	0.0	0.11107637	0.0	0.11107637	0.0	0.0
CFPAC1:chr12:75477540-85934539:8	CFPAC1	chr12	q	chromothripsis	candidate_region_label	0.3118308	0.3118308	0.28712824	0.4064335	0.08172159	0.36059317	0.09253243	0.11179716	0.20701839	1.0	0.8333333	0.8	0.0	0.0	0.22215274	0.0	0.17605188	0.11107637	0.0	0.0	0.0	0.0	0.0	0.0	0.35210377	0.0	0.0	0.0	0.0	0.0	0.22215274	0.0	0.0	0.25791135	0.11107637	0.0	0.25791135
CFPAC1:chr17:37492981-44235604:9	CFPAC1	chr17	q	Seismic_Amplification;BFB	candidate_region_label	0.3332291	0.3332291	0.3118308	0.34112343	0.12831922	0.46490648	0.057673197	0.09870659	0.15523626	0.0	0.42857143	0.0	0.0	0.0	0.0	0.11107637	0.11107637	0.11107637	0.11107637	0.17605188	0.11107637	0.0	0.0	0.0	0.35210377	0.11107637	0.22215274	0.22215274	0.22215274	0.22215274	0.11107637	0.22215274	0.11107637	0.11107637	0.17605188	0.0	0.11107637
CFPAC1:chr17:68423151-72496082:10	CFPAC1	chr17	q	Seismic_Amplification;BFB	candidate_region_label	0.25791135	0.25791135	0.17605188	0.27065316	0.12329145	0.4164957	0.006544598	0.048182555	0.13978662	0.0	0.5	0.33333334	0.0	0.0	0.11107637	0.11107637	0.0	0.11107637	0.11107637	0.0	0.0	0.0	0.0	0.0	0.35210377	0.0	0.3332291	0.3332291	0.0	0.0	0.17605188	0.11107637	0.11107637	0.0	0.22215274	0.11107637	0.0
CaSki:chr5:23506772-35239312:1	CaSki	chr5	p	BFB	candidate_region_label	0.25791135	0.25791135	0.25791135	0.42402685	0.052867357	0.55153286	0.20546362	0.2560768	0.2731819	0.0	0.75	0.33333334	0.0	0.0	0.0	0.0	0.0	0.0	0.0	0.0	0.25791135	0.0	0.0	0.0	0.28712824	0.0	0.22215274	0.22215274	0.0	0.0	0.0	0.0	0.11107637	0.25791135	0.0	0.0	0.25791135
CaSki:chr6:20537162-26063624:2	CaSki	chr6	p	chromothripsis	candidate_region_label	0.25791135	0.25791135	0.25791135	0.31264418	0.098129034	0.4375762	0.08958774	0.12629361	0.17180215	1.0	1.0	1.0	0.0	0.0	0.0	0.0	0.17605188	0.0	0.17605188	0.0	0.0	0.0	0.0	0.0	0.28712824	0.0	0.0	0.0	0.0	0.0	0.0	0.22215274	0.0	0.11107637	0.11107637	0.0	0.11107637
CaSki:chr6:63000001-65710352:3	CaSki	chr6	q	Seismic_Amplification	candidate_region_label	0.3689877	0.3689877	0.3332291	0.21852112	0.26371863	0.5671353	0.016528483	0.041009307	0.05538596	0.0	0.44444445	0.125	0.0	0.0	0.0	0.0	0.0	0.0	0.0	0.17605188	0.22215274	0.25791135	0.0	0.0	0.3689877	0.0	0.0	0.0	0.0	0.0	0.0	0.28712824	0.0	0.11107637	0.22215274	0.0	0.11107637
CaSki:chr7:45937204-57999999:4	CaSki	chr7	p	BFB	candidate_region_label	0.35210377	0.35210377	0.3332291	0.4282947	0.09168033	0.47983125	0.06643559	0.09672237	0.18437731	0.0	0.625	0.14285715	0.0	0.0	0.0	0.0	0.0	0.11107637	0.22215274	0.11107637	0.22215274	0.0	0.0	0.0	0.3689877	0.0	0.11107637	0.25791135	0.0	0.0	0.11107637	0.11107637	0.17605188	0.22215274	0.17605188	0.0	0.22215274
CaSki:chr11:99652394-104394528:5	CaSki	chr11	q	Seismic_Amplification;BFB	candidate_region_label	0.25791135	0.25791135	0.25791135	0.29130518	0.11022862	0.7256889	0.09195211	0.11984277	0.15283546	0.0	0.5	0.33333334	0.0	0.0	0.0	0.0	0.0	0.0	0.0	0.0	0.11107637	0.11107637	0.17605188	0.0	0.28712824	0.11107637	0.11107637	0.28712824	0.28712824	0.28712824	0.0	0.0	0.22215274	0.0	0.11107637	0.11107637	0.0
CaSki:chr22:19000001-28664067:6	CaSki	chr22	q		candidate_region_empty	0.3118308	0.3118308	0.28712824	0.39448	0.08703337	0.38253933	0.15425014	0.16486365	0.18799782	1.0	0.8333333	0.6	0.0	0.0	0.0	0.11107637	0.22215274	0.17605188	0.0	0.0	0.0	0.0	0.0	0.0	0.3118308	0.0	0.0	0.0	0.0	0.0	0.0	0.17605188	0.0	0.22215274	0.11107637	0.0	0.22215274
CaSki:chrX:80448062-86099488:7	CaSki	chrX	q	Seismic_Amplification;BFB	candidate_region_label	0.3118308	0.3118308	0.25791135	0.31580523	0.13038577	0.43282703	0.029791001	0.09865385	0.1352532	0.0	0.5	0.0	0.0	0.0	0.11107637	0.11107637	0.0	0.0	0.0	0.0	0.22215274	0.11107637	0.0	0.0	0.3332291	0.11107637	0.17605188	0.17605188	0.17605188	0.17605188	0.17605188	0.0	0.11107637	0.17605188	0.17605188	0.0	0.17605188
DOTC2:chr1:50777662-67572663:1	DOTC2	chr1	p	Seismic_Amplification;BFB	candidate_region_label	0.39820462	0.4110314	0.3842611	0.4798196	0.097155	0.44720408	0.023772173	0.09076955	0.17270824	0.0	0.5	0.27272728	0.0	0.0	0.0	0.0	0.22215274	0.22215274	0.17605188	0.17605188	0.17605188	0.0	0.0	0.0	0.42290717	0.0	0.11107637	0.39820462	0.0	0.0	0.11107637	0.11107637	0.17605188	0.25791135	0.28712824	0.0	0.25791135
DOTC2:chr1:151000001-157274177:2	DOTC2	chr1	q	chromothripsis	candidate_region_label	0.25791135	0.25791135	0.25791135	0.33072177	0.0888781	0.31565824	0.12763532	0.1594214	0.1842343	1.0	1.0	1.0	0.0	0.0	0.17605188	0.17605188	0.0	0.0	0.0	0.0	0.0	0.0	0.0	0.0	0.25791135	0.0	0.0	0.0	0.0	0.0	0.17605188	0.11107637	0.0	0.11107637	0.0	0.0	0.11107637
DOTC2:chr4:52000001-58379854:3	DOTC2	chr4	q	BFB	candidate_region_label	0.3332291	0.3332291	0.25791135	0.33312565	0.13346455	0.35928982	0.008016495	0.12518553	0.14751115	0.0	0.71428573	0.33333334	0.0	0.0	0.0	0.17605188	0.22215274	0.11107637	0.11107637	0.0	0.0	0.0	0.0	0.0	0.3332291	0.0	0.17605188	0.17605188	0.0	0.0	0.17605188	0.11107637	0.11107637	0.22215274	0.0	0.0	0.22215274
DOTC2:chr6:135706334-146381524:4	DOTC2	chr6	q		candidate_region_empty	0.28712824	0.28712824	0.28712824	0.4095777	0.06922897	0.4711748	0.14498122	0.17967069	0.21913101	0.0	0.6	0.5	0.0	0.0	0.0	0.11107637	0.11107637	0.0	0.0	0.11107637	0.17605188	0.0	0.0	0.0	0.3118308	0.0	0.0	0.0	0.0	0.0	0.0	0.0	0.0	0.3118308	0.0	0.0	0.3118308
DOTC2:chr7:13518946-20269876:5	DOTC2	chr7	p	chromothripsis	candidate_region_label	0.25791135	0.25791135	0.25791135	0.34130216	0.083853945	0.2720527	0.12201454	0.14457381	0.18249714	1.0	0.75	0.6666667	0.11107637	0.0	0.17605188	0.11107637	0.0	0.0	0.0	0.0	0.0	0.0	0.0	0.0	0.3118308	0.0	0.0	0.0	0.0	0.0	0.17605188	0.17605188	0.0	0.0	0.17605188	0.0	0.0
DOTC2:chr11:46374227-50999999:6	DOTC2	chr11	p	BFB	candidate_region_label	0.22215274	0.22215274	0.22215274	0.28789306	0.090085305	0.2707174	0.102876306	0.13619283	0.18808657	1.0	1.0	1.0	0.0	0.0	0.17605188	0.11107637	0.0	0.0	0.0	0.0	0.0	0.0	0.0	0.0	0.22215274	0.0	0.17605188	0.17605188	0.0	0.0	0.0	0.0	0.11107637	0.17605188	0.0	0.0	0.17605188
DOTC2:chr11:111434427-114924453:7	DOTC2	chr11	q	BFB	candidate_region_label	0.17605188	0.17605188	0.11107637	0.2503098	0.08163948	0.33348337	0.1081181	0.16829766	0.2124188	0.0	0.0	0.0	0.0	0.0	0.0	0.11107637	0.11107637	0.0	0.0	0.0	0.0	0.0	0.0	0.0	0.25791135	0.11107637	0.11107637	0.17605188	0.11107637	0.11107637	0.0	0.0	0.17605188	0.17605188	0.0	0.0	0.17605188
DOTC2:chr12:60924479-74275376:8	DOTC2	chr12	q	chromothripsis	candidate_region_label	0.28712824	0.28712824	0.28712824	0.44396874	0.057323933	0.34490147	0.15626119	0.21739954	0.27609387	1.0	0.8	0.75	0.0	0.0	0.17605188	0.17605188	0.11107637	0.0	0.0	0.0	0.0	0.0	0.0	0.0	0.3118308	0.0	0.0	0.0	0.0	0.0	0.17605188	0.0	0.0	0.22215274	0.11107637	0.0	0.22215274
DOTC2:chr17:59420854-63886034:9	DOTC2	chr17	q		candidate_region_empty	0.28712824	0.28712824	0.28712824	0.2830662	0.13539374	0.36416602	0.043196533	0.06744736	0.16267297	0.0	0.8	0.5	0.0	0.0	0.11107637	0.11107637	0.22215274	0.0	0.0	0.0	0.0	0.0	0.0	0.0	0.28712824	0.0	0.0	0.0	0.0	0.0	0.25791135	0.0	0.0	0.0	0.11107637	0.0	0.0
DOTC2:chr18:35372218-44136546:10	DOTC2	chr18	q	chromothripsis	candidate_region_label	0.28712824	0.28712824	0.28712824	0.37978932	0.08134515	0.3448221	0.039286293	0.1860728	0.21662271	0.0	0.8	0.5	0.0	0.0	0.11107637	0.22215274	0.11107637	0.0	0.0	0.0	0.0	0.0	0.0	0.0	0.3118308	0.0	0.0	0.0	0.0	0.0	0.17605188	0.11107637	0.0	0.17605188	0.11107637	0.0	0.17605188
DOTC2:chr20:20039636-24999999:11	DOTC2	chr20	p	chromothripsis	candidate_region_label	0.25791135	0.25791135	0.25791135	0.29752192	0.106564	0.37423456	0.09706133	0.14080504	0.1702526	1.0	1.0	1.0	0.0	0.0	0.0	0.17605188	0.17605188	0.0	0.0	0.0	0.0	0.0	0.0	0.0	0.25791135	0.0	0.0	0.0	0.0	0.0	0.17605188	0.0	0.0	0.17605188	0.0	0.0	0.17605188
DOTC2:chrX:146763144-156040895:12	DOTC2	chrX	q		candidate_region_empty	0.28712824	0.28712824	0.25791135	0.38833025	0.07768559	0.35780433	0.06048773	0.17767192	0.19064981	0.0	0.6	0.25	0.0	0.0	0.11107637	0.17605188	0.11107637	0.11107637	0.0	0.0	0.0	0.0	0.0	0.0	0.28712824	0.0	0.0	0.0	0.0	0.0	0.11107637	0.0	0.0	0.22215274	0.11107637	0.0	0.22215274
HOKUG:chr4:141456616-145575189:1	HOKUG	chr4	q	BFB	candidate_region_label	0.22215274	0.22215274	0.17605188	0.272146	0.09861109	0.26374444	0.01492835	0.016036477	0.18399316	0.0	0.6666667	0.5	0.11107637	0.0	0.11107637	0.0	0.11107637	0.0	0.0	0.0	0.0	0.0	0.0	0.0	0.25791135	0.0	0.22215274	0.22215274	0.0	0.0	0.17605188	0.0	0.11107637	0.11107637	0.0	0.0	0.11107637
HOKUG:chr22:46755296-50818468:2	HOKUG	chr22	q	BFB	candidate_region_label	0.22215274	0.22215274	0.17605188	0.27033222	0.09964365	0.30685264	0.057380572	0.09828728	0.18433928	0.0	0.6666667	0.5	0.0	0.11107637	0.11107637	0.11107637	0.0	0.0	0.0	0.0	0.0	0.0	0.0	0.0	0.17605188	0.0	0.17605188	0.17605188	0.0	0.0	0.0	0.0	0.11107637	0.11107637	0.0	0.0	0.11107637
HOS:chr1:151000001-156195938:1	HOS	chr1	q		candidate_region_empty	0.25791135	0.25791135	0.25791135	0.30398232	0.10287923	0.3813517	0.035776813	0.11579951	0.1865574	0.0	0.5	0.33333334	0.11107637	0.0	0.0	0.0	0.11107637	0.11107637	0.11107637	0.0	0.0	0.0	0.0	0.0	0.25791135	0.0	0.0	0.0	0.0	0.0	0.0	0.0	0.0	0.25791135	0.0	0.0	0.25791135
HOS:chr2:46988610-49699079:2	HOS	chr2	p	chromothripsis	candidate_region_label	0.28712824	0.28712824	0.25791135	0.21852642	0.18840201	0.31154087	0.027174782	0.046404228	0.07959426	0.0	0.8	0.5	0.0	0.0	0.17605188	0.17605188	0.11107637	0.0	0.0	0.0	0.0	0.0	0.0	0.0	0.3118308	0.0	0.0	0.0	0.0	0.0	0.0	0.17605188	0.0	0.11107637	0.22215274	0.0	0.11107637
HOS:chr6:16115965-25720586:3	HOS	chr6	p	chromothripsis;BFB	candidate_region_label	0.44430548	0.44430548	0.39820462	0.3935483	0.1695219	0.31666678	0.015996054	0.036629114	0.08882778	1.0	0.73333335	0.5714286	0.0	0.11107637	0.22215274	0.3332291	0.25791135	0.0	0.0	0.0	0.0	0.0	0.0	0.0	0.49533746	0.0	0.44430548	0.44430548	0.0	0.0	0.25791135	0.17605188	0.11107637	0.3689877	0.28712824	0.0	0.3689877
HOS:chr6:49170621-51360264:4	HOS	chr6	p	BFB	candidate_region_label	0.17605188	0.17605188	0.17605188	0.19331822	0.1169342	0.40790838	0.09095907	0.12324476	0.15027969	0.0	0.0	0.0	0.0	0.0	0.0	0.0	0.11107637	0.0	0.0	0.11107637	0.0	0.0	0.0	0.0	0.22215274	0.11107637	0.17605188	0.17605188	0.17605188	0.17605188	0.0	0.0	0.11107637	0.17605188	0.0	0.0	0.17605188
HOS:chr7:19941203-28593136:5	HOS	chr7	p		candidate_region_empty	0.28712824	0.28712824	0.28712824	0.3778597	0.08219356	0.28721175	0.09423592	0.13971555	0.14622845	0.0	0.8	0.5	0.11107637	0.17605188	0.0	0.17605188	0.0	0.0	0.0	0.0	0.0	0.0	0.0	0.0	0.3118308	0.0	0.0	0.0	0.0	0.0	0.17605188	0.0	0.0	0.17605188	0.17605188	0.0	0.17605188
HOS:chr7:63000001-70353239:6	HOS	chr7	q	BFB	candidate_region_label	0.28712824	0.28712824	0.22215274	0.3537749	0.09348897	0.2686147	0.009255201	0.058358517	0.24323907	0.0	0.6	0.25	0.0	0.11107637	0.17605188	0.11107637	0.11107637	0.0	0.0	0.0	0.0	0.0	0.0	0.0	0.28712824	0.0	0.22215274	0.22215274	0.0	0.0	0.17605188	0.0	0.11107637	0.0	0.11107637	0.11107637	0.0
HOS:chr7:131039415-141230513:7	HOS	chr7	q		candidate_region_empty	0.3842611	0.3842611	0.3842611	0.4025198	0.123214595	0.113980465	0.034465943	0.08231878	0.17625682	0.0	0.6	0.33333334	0.22215274	0.22215274	0.17605188	0.17605188	0.0	0.0	0.0	0.0	0.0	0.0	0.0	0.0	0.39820462	0.0	0.0	0.0	0.0	0.0	0.0	0.17605188	0.0	0.3118308	0.22215274	0.0	0.3118308
HOS:chr11:115215034-125184658:8	HOS	chr11	q	Seismic_Amplification;BFB	candidate_region_label	0.58292073	0.58292073	0.50246084	0.39918834	0.27931824	0.36956295	0.009848692	0.027031146	0.058280997	0.0	0.2972973	0.055555556	0.25791135	0.17605188	0.28712824	0.22215274	0.3118308	0.25791135	0.28712824	0.22215274	0.25791135	0.11107637	0.0	0.0	0.6027298	0.0	0.11107637	0.55029416	0.0	0.0	0.4110314	0.35210377	0.3118308	0.28712824	0.3842611	0.11107637	0.28712824
HOS:chr12:126179644-133275309:9	HOS	chr12	q	chromothripsis	candidate_region_label	0.35210377	0.35210377	0.3118308	0.34855482	0.1360449	0.24989524	0.017849093	0.051114	0.14984627	0.0	0.75	0.42857143	0.11107637	0.11107637	0.25791135	0.17605188	0.0	0.0	0.0	0.0	0.0	0.0	0.0	0.0	0.3332291	0.0	0.0	0.0	0.0	0.0	0.22215274	0.11107637	0.0	0.11107637	0.17605188	0.0	0.11107637
HOS:chrX:40892836-45441048:10	HOS	chrX	p	BFB	candidate_region_label	0.22215274	0.22215274	0.22215274	0.28557932	0.09129023	0.30680078	0.12594919	0.14329329	0.17316212	1.0	1.0	1.0	0.0	0.0	0.17605188	0.0	0.11107637	0.0	0.0	0.0	0.0	0.0	0.0	0.0	0.28712824	0.11107637	0.11107637	0.25791135	0.25791135	0.25791135	0.11107637	0.0	0.25791135	0.0	0.0	0.0	0.0
HeLa:chr2:178861687-197623598:1	HeLa	chr2	q	chromothripsis	candidate_region_label	0.46318012	0.47184438	0.4110314	0.49729273	0.121215396	0.35768688	0.010840631	0.034795802	0.10212039	0.0	0.6111111	0.29411766	0.0	0.0	0.28712824	0.25791135	0.3118308	0.22215274	0.0	0.0	0.0	0.0	0.0	0.0	0.48006406	0.0	0.0	0.0	0.0	0.0	0.17605188	0.3118308	0.0	0.0	0.39820462	0.0	0.0
HeLa:chr5:31906131-45999999:2	HeLa	chr5	p	Seismic_Amplification	candidate_region_label	0.45402053	0.45402053	0.42290717	0.45238143	0.13670412	0.53730196	0.018201696	0.059460647	0.15961379	0.0	0.4375	0.13333334	0.11107637	0.0	0.0	0.0	0.0	0.0	0.17605188	0.25791135	0.3118308	0.22215274	0.0	0.0	0.46318012	0.0	0.0	0.0	0.0	0.0	0.28712824	0.25791135	0.0	0.0	0.35210377	0.0	0.0
HeLa:chr6:33257934-38053809:3	HeLa	chr6	p		candidate_region_empty	0.25791135	0.25791135	0.25791135	0.29285777	0.10930227	0.42773253	0.049583595	0.076091	0.14805666	0.0	0.75	0.33333334	0.0	0.0	0.0	0.0	0.11107637	0.11107637	0.17605188	0.0	0.0	0.0	0.0	0.0	0.28712824	0.0	0.0	0.0	0.0	0.0	0.0	0.25791135	0.0	0.11107637	0.0	0.0	0.11107637
HeLa:chr11:20400801-30278058:4	HeLa	chr11	p	chromothripsis	candidate_region_label	0.3842611	0.3842611	0.3689877	0.39777902	0.12602842	0.3748761	0.05748921	0.114058815	0.14136821	0.0	0.6	0.22222222	0.0	0.0	0.17605188	0.11107637	0.25791135	0.17605188	0.11107637	0.0	0.0	0.0	0.0	0.0	0.39820462	0.0	0.0	0.0	0.0	0.0	0.28712824	0.17605188	0.0	0.0	0.22215274	0.11107637	0.0
HeLa:chr11:44892122-75358809:5	HeLa	chr11	mixed	Seismic_Amplification;chromothripsis;BFB	candidate_region_label	0.48006406	0.50246084	0.45402053	0.5748216	0.09795226	0.3548338	0.015566392	0.071675986	0.19288646	0.0	0.54545456	0.2857143	0.11107637	0.0	0.11107637	0.17605188	0.3332291	0.28712824	0.25791135	0.11107637	0.11107637	0.0	0.0	0.0	0.48006406	0.0	0.46318012	0.46318012	0.0	0.0	0.11107637	0.3332291	0.11107637	0.0	0.3842611	0.0	0.0
HeLa:chr12:44288126-56020661:6	HeLa	chr12	q	Seismic_Amplification	candidate_region_label	0.39820462	0.39820462	0.35210377	0.42402676	0.11919667	0.4506426	0.01643639	0.09150196	0.17698704	0.0	0.6363636	0.3	0.0	0.0	0.0	0.0	0.11107637	0.25791135	0.22215274	0.11107637	0.17605188	0.0	0.0	0.0	0.4110314	0.0	0.0	0.0	0.0	0.0	0.17605188	0.3689877	0.0	0.11107637	0.0	0.0	0.11107637
HeLa:chr17:59834629-64566240:7	HeLa	chr17	q	chromothripsis	candidate_region_label	0.35210377	0.35210377	0.25791135	0.29099947	0.17837602	0.33827603	0.005329781	0.015658133	0.03652955	0.0	0.5	0.14285715	0.11107637	0.0	0.11107637	0.22215274	0.11107637	0.11107637	0.11107637	0.0	0.0	0.0	0.0	0.0	0.3689877	0.0	0.0	0.0	0.0	0.0	0.11107637	0.17605188	0.0	0.22215274	0.22215274	0.0	0.22215274
JHUS_nk1:chr4:52000001-57524617:1	JHUS_nk1	chr4	q	BFB	candidate_region_label	0.28712824	0.28712824	0.28712824	0.31259704	0.11614601	0.3539115	0.0921878	0.135926	0.14608137	0.0	0.6	0.0	0.0	0.0	0.11107637	0.11107637	0.17605188	0.11107637	0.0	0.0	0.0	0.0	0.0	0.0	0.28712824	0.0	0.11107637	0.22215274	0.0	0.0	0.0	0.0	0.17605188	0.17605188	0.0	0.11107637	0.17605188
JHUS_nk1:chr5:52000001-54127521:2	JHUS_nk1	chr5	q	BFB	candidate_region_label	0.17605188	0.17605188	0.17605188	0.19004011	0.119428806	0.3301234	0.11934049	0.120754965	0.122157544	0.0	0.0	0.0	0.0	0.0	0.11107637	0.0	0.11107637	0.0	0.0	0.0	0.0	0.0	0.0	0.0	0.17605188	0.0	0.11107637	0.11107637	0.0	0.0	0.0	0.0	0.11107637	0.0	0.11107637	0.0	0.0
JHUS_nk1:chr8:93211252-107679084:3	JHUS_nk1	chr8	q	Seismic_Amplification;BFB	candidate_region_label	0.46318012	0.46318012	0.44430548	0.45646042	0.14003018	0.47561395	0.04418329	0.057840906	0.115566105	0.0	0.4117647	0.0625	0.11107637	0.0	0.0	0.11107637	0.11107637	0.25791135	0.17605188	0.11107637	0.3118308	0.11107637	0.0	0.0	0.46318012	0.11107637	0.4110314	0.4110314	0.4110314	0.4110314	0.22215274	0.0	0.11107637	0.28712824	0.35210377	0.0	0.28712824
JHUS_nk1:chr18:22000001-30714668:4	JHUS_nk1	chr18	q	chromothripsis	candidate_region_label	0.3689877	0.3689877	0.3689877	0.37893948	0.12783848	0.29351804	0.054678436	0.093095206	0.10641374	1.0	0.8888889	0.75	0.0	0.0	0.22215274	0.28712824	0.11107637	0.0	0.0	0.0	0.0	0.0	0.0	0.0	0.3689877	0.0	0.0	0.0	0.0	0.0	0.22215274	0.0	0.0	0.17605188	0.22215274	0.11107637	0.17605188
JHUS_nk1:chrX:0-3711885:5	JHUS_nk1	chrX	p	chromothripsis	candidate_region_label	0.25791135	0.25791135	0.25791135	0.25834805	0.13177377	0.31130698	0.084917895	0.10686193	0.12852138	1.0	1.0	1.0	0.0	0.0	0.17605188	0.17605188	0.0	0.0	0.0	0.0	0.0	0.0	0.0	0.0	0.25791135	0.0	0.0	0.0	0.0	0.0	0.0	0.0	0.0	0.25791135	0.0	0.0	0.25791135
MDA_MD_361:chr1:176691368-179785347:1	MDA_MD_361	chr1	q	chromothripsis	candidate_region_label	0.25791135	0.25791135	0.25791135	0.23491961	0.1495363	0.27834406	0.052088857	0.076804705	0.11485638	1.0	1.0	1.0	0.0	0.0	0.17605188	0.17605188	0.0	0.0	0.0	0.0	0.0	0.0	0.0	0.0	0.28712824	0.0	0.0	0.0	0.0	0.0	0.0	0.0	0.0	0.25791135	0.11107637	0.0	0.25791135
MDA_MD_361:chr2:104483566-107670061:2	MDA_MD_361	chr2	q	BFB	candidate_region_label	0.17605188	0.17605188	0.17605188	0.23864402	0.08778694	0.35452932	0.13739316	0.15881853	0.1778007	0.0	0.0	0.0	0.0	0.0	0.11107637	0.0	0.11107637	0.0	0.0	0.0	0.0	0.0	0.0	0.0	0.22215274	0.0	0.17605188	0.17605188	0.0	0.0	0.0	0.0	0.11107637	0.0	0.17605188	0.0	0.0
MDA_MD_361:chr2:155750530-163816134:3	MDA_MD_361	chr2	q	chromothripsis	candidate_region_label	0.3118308	0.3118308	0.3118308	0.3674146	0.10021916	0.3099104	0.09262659	0.11796983	0.1310461	1.0	1.0	1.0	0.0	0.0	0.22215274	0.22215274	0.0	0.0	0.0	0.0	0.0	0.0	0.0	0.0	0.3332291	0.0	0.0	0.0	0.0	0.0	0.0	0.17605188	0.0	0.25791135	0.11107637	0.0	0.25791135
MDA_MD_361:chr6:0-45857529:4	MDA_MD_361	chr6	p	chromothripsis	candidate_region_label	0.5158227	0.5158227	0.5158227	0.6411853	0.075853795	0.33965063	0.08464699	0.15674439	0.22127214	0.0	0.7083333	0.4347826	0.0	0.22215274	0.22215274	0.39820462	0.3118308	0.11107637	0.0	0.0	0.0	0.0	0.0	0.0	0.5221078	0.0	0.0	0.0	0.0	0.0	0.22215274	0.28712824	0.0	0.3842611	0.3118308	0.11107637	0.3842611
MDA_MD_361:chr7:70333668-77065396:5	MDA_MD_361	chr7	q	chromothripsis	candidate_region_label	0.4110314	0.4110314	0.4110314	0.34088874	0.18442471	0.34613928	0.042459134	0.06041055	0.110559	0.0	0.5	0.18181819	0.11107637	0.0	0.17605188	0.25791135	0.17605188	0.17605188	0.11107637	0.0	0.0	0.0	0.0	0.0	0.42290717	0.0	0.0	0.0	0.0	0.0	0.22215274	0.17605188	0.0	0.22215274	0.25791135	0.11107637	0.22215274
MDA_MD_361:chr9:17274853-37999999:6	MDA_MD_361	chr9	p	Seismic_Amplification	candidate_region_label	0.47184438	0.48006406	0.46318012	0.5130784	0.117251344	0.27534914	0.021145232	0.03412334	0.13453612	0.0	0.42105263	0.2777778	0.11107637	0.22215274	0.28712824	0.17605188	0.22215274	0.17605188	0.11107637	0.11107637	0.11107637	0.0	0.0	0.0	0.48006406	0.0	0.0	0.0	0.0	0.0	0.3118308	0.35210377	0.0	0.22215274	0.17605188	0.0	0.22215274
MDA_MD_361:chr10:5169057-11665508:7	MDA_MD_361	chr10	p	chromothripsis;BFB	candidate_region_label	0.28712824	0.28712824	0.28712824	0.3357383	0.10286078	0.32347208	0.08361127	0.10035518	0.11352897	1.0	1.0	1.0	0.0	0.0	0.17605188	0.22215274	0.0	0.0	0.0	0.0	0.0	0.0	0.0	0.0	0.3118308	0.0	0.0	0.0	0.0	0.0	0.11107637	0.11107637	0.0	0.25791135	0.0	0.0	0.25791135
MDA_MD_361:chr11:67893669-71061827:8	MDA_MD_361	chr11	q	Seismic_Amplification	candidate_region_label	0.35210377	0.35210377	0.35210377	0.2379124	0.22704971	0.4025672	0.036748707	0.048434258	0.06495581	0.0	0.5	0.14285715	0.0	0.0	0.17605188	0.11107637	0.17605188	0.0	0.17605188	0.0	0.11107637	0.0	0.0	0.0	0.3689877	0.0	0.0	0.0	0.0	0.0	0.11107637	0.25791135	0.0	0.25791135	0.0	0.0	0.25791135
MDA_MD_361:chr12:79507051-108683644:9	MDA_MD_361	chr12	q	Seismic_Amplification;BFB	candidate_region_label	0.5281556	0.5339835	0.50246084	0.56784445	0.11806171	0.45303044	0.024614783	0.09703761	0.15432584	0.0	0.5185185	0.23076923	0.0	0.11107637	0.17605188	0.17605188	0.25791135	0.3689877	0.25791135	0.28712824	0.0	0.0	0.0	0.0	0.53960687	0.0	0.28712824	0.5158227	0.0	0.0	0.3842611	0.3689877	0.17605188	0.22215274	0.22215274	0.11107637	0.22215274
MDA_MD_361:chr14:47643782-51330988:10	MDA_MD_361	chr14	q	BFB	candidate_region_label	0.22215274	0.22215274	0.22215274	0.2574728	0.107283995	0.45453134	0.11615866	0.15227053	0.15813597	0.0	0.6666667	0.5	0.0	0.0	0.0	0.0	0.11107637	0.11107637	0.0	0.11107637	0.0	0.0	0.0	0.0	0.25791135	0.11107637	0.11107637	0.25791135	0.25791135	0.25791135	0.0	0.0	0.17605188	0.0	0.17605188	0.0	0.0
MDA_MD_361:chr16:51942547-78700068:11	MDA_MD_361	chr16	q	chromothripsis;BFB	candidate_region_label	0.509281	0.5158227	0.5158227	0.5539178	0.11537852	0.36454585	0.046294175	0.06784103	0.13525058	0.0	0.5833333	0.13043478	0.0	0.0	0.22215274	0.3118308	0.35210377	0.3118308	0.11107637	0.0	0.0	0.0	0.0	0.0	0.5339835	0.0	0.11107637	0.11107637	0.0	0.0	0.28712824	0.17605188	0.11107637	0.3332291	0.39820462	0.11107637	0.3332291
MDA_MD_361:chr17:28000001-83257441:12	MDA_MD_361	chr17	q	Seismic_Amplification;BFB	candidate_region_label	0.73956996	0.73956996	0.68972355	0.67165637	0.18617183	0.4421866	0.01517241	0.032795753	0.07821809	0.0	0.28	0.04040404	0.3332291	0.11107637	0.22215274	0.22215274	0.3332291	0.3118308	0.42290717	0.3689877	0.5650969	0.47184438	0.0	0.0	0.7427122	0.0	0.7193009	0.72461355	0.0	0.0	0.49533746	0.53960687	0.22215274	0.42290717	0.56974214	0.22215274	0.42290717
MDA_MD_361:chr20:32000001-64444167:13	MDA_MD_361	chr20	q	BFB	candidate_region_label	0.49533746	0.50246084	0.48788267	0.5849796	0.09328671	0.36339134	0.03297294	0.10353328	0.1975494	0.0	0.54545456	0.33333334	0.0	0.0	0.22215274	0.3118308	0.3118308	0.25791135	0.17605188	0.11107637	0.0	0.0	0.0	0.0	0.48788267	0.11107637	0.42290717	0.42290717	0.42290717	0.42290717	0.28712824	0.17605188	0.11107637	0.25791135	0.3118308	0.17605188	0.25791135
MDA_MD_453:chr11:5412452-30053792:1	MDA_MD_453	chr11	p	Seismic_Amplification	candidate_region_label	0.53960687	0.5450396	0.50246084	0.540701	0.1401845	0.23724352	0.016450886	0.03475867	0.10589655	0.0	0.51724136	0.25	0.0	0.28712824	0.3118308	0.3689877	0.3118308	0.11107637	0.17605188	0.0	0.0	0.0	0.0	0.0	0.55029416	0.0	0.0	0.0	0.0	0.0	0.3689877	0.28712824	0.0	0.35210377	0.35210377	0.0	0.35210377
MDA_MD_453:chr11:65963805-104848322:2	MDA_MD_453	chr11	q	Seismic_Amplification	candidate_region_label	0.6236616	0.6236616	0.6135372	0.61433136	0.14488605	0.3323574	0.033125825	0.06004262	0.110030636	0.0	0.6666667	0.3617021	0.0	0.11107637	0.4110314	0.48006406	0.42290717	0.22215274	0.0	0.0	0.0	0.0	0.0	0.0	0.6362366	0.0	0.0	0.0	0.0	0.0	0.50246084	0.17605188	0.0	0.3332291	0.49533746	0.0	0.3332291
MDA_MD_453:chr17:39541414-83257441:3	MDA_MD_453	chr17	q	Seismic_Amplification	candidate_region_label	0.639232	0.639232	0.61698353	0.63338864	0.14309847	0.31827638	0.019783473	0.05830684	0.11855743	0.0	0.43396226	0.115384616	0.17605188	0.17605188	0.3689877	0.35210377	0.4110314	0.39820462	0.17605188	0.22215274	0.25791135	0.0	0.0	0.0	0.6362366	0.0	0.0	0.0	0.0	0.0	0.3689877	0.45402053	0.0	0.35210377	0.47184438	0.11107637	0.35210377
MDA_MD_453:chr22:46258149-50818468:4	MDA_MD_453	chr22	q		candidate_region_empty	0.28712824	0.28712824	0.25791135	0.2859426	0.1333967	0.33596528	0.021361485	0.07590602	0.07718782	0.0	0.6	0.25	0.0	0.11107637	0.11107637	0.17605188	0.11107637	0.0	0.0	0.0	0.0	0.0	0.0	0.0	0.25791135	0.0	0.0	0.0	0.0	0.0	0.17605188	0.17605188	0.0	0.0	0.0	0.0	0.0
ME180:chr7:10499860-18905252:1	ME180	chr7	p		candidate_region_empty	0.28712824	0.28712824	0.25791135	0.3735472	0.08411915	0.21823601	0.03607782	0.115131564	0.23946956	0.0	0.6	0.0	0.0	0.17605188	0.11107637	0.11107637	0.11107637	0.0	0.0	0.0	0.0	0.0	0.0	0.0	0.3118308	0.0	0.0	0.0	0.0	0.0	0.17605188	0.17605188	0.0	0.17605188	0.0	0.0	0.17605188
ME180:chr7:63000001-74291634:2	ME180	chr7	q	chromothripsis	candidate_region_label	0.3332291	0.3332291	0.3118308	0.41815314	0.086930096	0.2871954	0.09029263	0.14772277	0.18749282	1.0	0.85714287	0.6666667	0.0	0.0	0.22215274	0.22215274	0.11107637	0.0	0.0	0.0	0.0	0.0	0.0	0.0	0.3332291	0.0	0.0	0.0	0.0	0.0	0.0	0.0	0.0	0.11107637	0.28712824	0.11107637	0.11107637
ME180:chr10:57791209-62454072:3	ME180	chr10	q	BFB	candidate_region_label	0.28712824	0.28712824	0.25791135	0.2889883	0.131312	0.30327642	0.01848301	0.032275353	0.10446169	0.0	0.6	0.0	0.0	0.0	0.11107637	0.11107637	0.17605188	0.11107637	0.0	0.0	0.0	0.0	0.0	0.0	0.3118308	0.0	0.22215274	0.3118308	0.0	0.0	0.0	0.17605188	0.17605188	0.0	0.17605188	0.0	0.0
ME180:chr17:28000001-32569913:4	ME180	chr17	q	chromothripsis	candidate_region_label	0.25791135	0.25791135	0.25791135	0.2862299	0.11330957	0.3385895	0.04320769	0.06613687	0.14123647	1.0	1.0	1.0	0.0	0.0	0.0	0.17605188	0.17605188	0.0	0.0	0.0	0.0	0.0	0.0	0.0	0.25791135	0.0	0.0	0.0	0.0	0.0	0.0	0.25791135	0.0	0.0	0.0	0.0	0.0
MS751:chr7:48283690-57999999:1	MS751	chr7	p	Seismic_Amplification	candidate_region_label	0.39820462	0.39820462	0.3689877	0.3952945	0.1364399	0.63314205	0.03795444	0.087634735	0.108516395	0.0	0.27272728	0.0	0.11107637	0.0	0.11107637	0.11107637	0.0	0.17605188	0.0	0.11107637	0.11107637	0.22215274	0.11107637	0.0	0.39820462	0.0	0.0	0.0	0.0	0.0	0.25791135	0.25791135	0.0	0.17605188	0.11107637	0.0	0.17605188
MS751:chr7:106848449-115027870:2	MS751	chr7	q	Seismic_Amplification	candidate_region_label	0.25791135	0.25791135	0.25791135	0.36949405	0.07174642	0.48183843	0.12316222	0.19164327	0.23552266	0.0	0.5	0.33333334	0.11107637	0.0	0.0	0.0	0.11107637	0.11107637	0.0	0.0	0.11107637	0.0	0.0	0.0	0.28712824	0.0	0.0	0.0	0.0	0.0	0.22215274	0.11107637	0.0	0.0	0.0	0.11107637	0.0
MS751:chr11:33747903-50999999:3	MS751	chr11	p	chromothripsis;BFB	candidate_region_label	0.3689877	0.3689877	0.3689877	0.48404667	0.075654425	0.3556188	0.06674388	0.13773912	0.21439636	0.0	0.6666667	0.375	0.0	0.11107637	0.0	0.22215274	0.22215274	0.17605188	0.0	0.0	0.0	0.0	0.0	0.0	0.3689877	0.0	0.17605188	0.28712824	0.0	0.0	0.11107637	0.17605188	0.17605188	0.0	0.17605188	0.17605188	0.0
MS751:chr15:37362100-45708613:4	MS751	chr15	q	BFB	candidate_region_label	0.25791135	0.25791135	0.22215274	0.37250057	0.070557654	0.46941695	0.016817981	0.16761437	0.25843117	0.0	0.75	0.33333334	0.0	0.0	0.0	0.0	0.0	0.0	0.17605188	0.11107637	0.0	0.11107637	0.0	0.0	0.28712824	0.11107637	0.17605188	0.25791135	0.25791135	0.25791135	0.0	0.0	0.22215274	0.11107637	0.0	0.11107637	0.11107637
MS751:chr16:69041496-72273989:5	MS751	chr16	q		candidate_region_empty	0.3118308	0.3118308	0.25791135	0.24046524	0.18912612	0.45484567	0.015136686	0.02342853	0.038963594	0.0	0.6666667	0.4	0.0	0.0	0.11107637	0.0	0.17605188	0.11107637	0.17605188	0.0	0.0	0.0	0.0	0.0	0.3332291	0.0	0.0	0.0	0.0	0.0	0.25791135	0.0	0.0	0.0	0.22215274	0.0	0.0
MS751:chr19:47170733-58617616:6	MS751	chr19	q	chromothripsis	candidate_region_label	0.3332291	0.3332291	0.3118308	0.42024505	0.08599232	0.49786997	0.032636195	0.12235585	0.2239151	1.0	0.71428573	0.6666667	0.0	0.0	0.11107637	0.22215274	0.0	0.0	0.17605188	0.0	0.0	0.11107637	0.0	0.0	0.3332291	0.0	0.0	0.0	0.0	0.0	0.0	0.0	0.0	0.3118308	0.11107637	0.0	0.3118308
MS751:chr21:19398366-46709983:7	MS751	chr21	q	chromothripsis	candidate_region_label	0.5158227	0.5158227	0.48006406	0.55721205	0.11364144	0.39993808	0.026278045	0.095405504	0.1690052	0.0	0.41666666	0.13043478	0.0	0.25791135	0.22215274	0.22215274	0.25791135	0.22215274	0.3118308	0.11107637	0.0	0.0	0.0	0.0	0.509281	0.0	0.0	0.0	0.0	0.0	0.22215274	0.3332291	0.0	0.3118308	0.3118308	0.11107637	0.3118308
QGU:chr2:115422297-144073596:1	QGU	chr2	q	chromothripsis	candidate_region_label	0.48006406	0.48006406	0.46318012	0.5649177	0.09167492	0.3671896	0.06821386	0.12435547	0.22664875	1.0	0.8947368	0.8333333	0.0	0.0	0.11107637	0.35210377	0.3689877	0.11107637	0.0	0.0	0.0	0.0	0.0	0.0	0.48788267	0.0	0.0	0.0	0.0	0.0	0.3332291	0.3332291	0.0	0.11107637	0.28712824	0.0	0.11107637
QGU:chr3:172406302-179767780:2	QGU	chr3	q		candidate_region_empty	0.28712824	0.28712824	0.25791135	0.35393924	0.0934073	0.46410567	0.049610022	0.054679036	0.1690374	0.0	0.6	0.25	0.11107637	0.0	0.0	0.0	0.11107637	0.0	0.17605188	0.11107637	0.0	0.0	0.0	0.0	0.3118308	0.0	0.0	0.0	0.0	0.0	0.25791135	0.0	0.0	0.11107637	0.11107637	0.0	0.11107637
QGU:chr5:176778825-181538259:3	QGU	chr5	q	BFB	candidate_region_label	0.17605188	0.17605188	0.11107637	0.29180655	0.06321959	0.46505177	0.13208906	0.20296535	0.25253758	0.0	0.0	0.0	0.0	0.0	0.11107637	0.0	0.0	0.0	0.11107637	0.0	0.0	0.0	0.0	0.0	0.11107637	0.0	0.11107637	0.11107637	0.0	0.0	0.0	0.0	0.11107637	0.0	0.0	0.0	0.0
QGU:chr9:127119959-130795122:4	QGU	chr9	q	Seismic_Amplification;chromothripsis;BFB	candidate_region_label	0.3118308	0.3118308	0.25791135	0.25704405	0.17443705	0.48952034	0.014315695	0.03885987	0.12201173	0.0	0.6666667	0.2	0.0	0.0	0.0	0.0	0.17605188	0.17605188	0.0	0.0	0.17605188	0.0	0.0	0.0	0.3332291	0.0	0.17605188	0.22215274	0.0	0.0	0.0	0.22215274	0.17605188	0.11107637	0.11107637	0.0	0.11107637
QGU:chr11:93742459-102600648:5	QGU	chr11	q	ecDNA;Seismic_Amplification;BFB	candidate_region_label	0.35210377	0.35210377	0.3118308	0.38138378	0.1159642	0.69114333	0.041257694	0.072455056	0.15815333	0.0	0.375	0.2857143	0.0	0.0	0.0	0.0	0.0	0.11107637	0.17605188	0.0	0.11107637	0.11107637	0.11107637	0.17605188	0.3689877	0.11107637	0.11107637	0.3689877	0.3689877	0.3689877	0.17605188	0.0	0.3118308	0.11107637	0.0	0.0	0.11107637
QGU:chr15:39234408-44841817:6	QGU	chr15	q	BFB	candidate_region_label	0.28712824	0.28712824	0.28712824	0.31469864	0.11487748	0.35299718	0.04533892	0.047479942	0.17804292	0.0	0.6	0.25	0.0	0.0	0.11107637	0.17605188	0.11107637	0.0	0.0	0.0	0.11107637	0.0	0.0	0.0	0.3118308	0.11107637	0.17605188	0.17605188	0.17605188	0.17605188	0.17605188	0.22215274	0.11107637	0.0	0.0	0.0	0.0
QGU:chr18:0-14999999:7	QGU	chr18	p	BFB	candidate_region_label	0.35210377	0.35210377	0.3332291	0.46209812	0.077029765	0.4443991	0.09167546	0.15585038	0.22837615	0.0	0.375	0.0	0.0	0.0	0.11107637	0.11107637	0.17605188	0.0	0.0	0.0	0.11107637	0.17605188	0.11107637	0.0	0.35210377	0.17605188	0.11107637	0.3118308	0.28712824	0.3118308	0.0	0.0	0.28712824	0.17605188	0.11107637	0.0	0.17605188
QGU:chr19:10628859-17258292:8	QGU	chr19	p		candidate_region_empty	0.3118308	0.3118308	0.3118308	0.33866894	0.116147384	0.37329727	0.07132719	0.11128229	0.16351485	0.0	0.6666667	0.4	0.0	0.0	0.11107637	0.0	0.22215274	0.0	0.11107637	0.11107637	0.0	0.0	0.0	0.0	0.3332291	0.0	0.0	0.0	0.0	0.0	0.22215274	0.17605188	0.0	0.0	0.0	0.17605188	0.0
SCC090:chr11:42492627-50999999:1	SCC090	chr11	p	chromothripsis	candidate_region_label	0.3332291	0.3332291	0.3118308	0.3753446	0.10819502	0.27007824	0.038297575	0.08282405	0.1790359	0.0	0.71428573	0.5	0.11107637	0.17605188	0.22215274	0.0	0.11107637	0.0	0.0	0.0	0.0	0.0	0.0	0.0	0.3332291	0.0	0.0	0.0	0.0	0.0	0.17605188	0.17605188	0.0	0.11107637	0.0	0.17605188	0.11107637
SCC090:chr13:25010024-30018501:2	SCC090	chr13	q	Seismic_Amplification;BFB	candidate_region_label	0.25791135	0.25791135	0.22215274	0.29886192	0.10578951	0.43211102	0.083632514	0.10596271	0.15197505	0.0	0.5	0.33333334	0.0	0.0	0.0	0.0	0.11107637	0.0	0.11107637	0.0	0.17605188	0.0	0.0	0.0	0.28712824	0.11107637	0.28712824	0.28712824	0.28712824	0.28712824	0.0	0.0	0.11107637	0.17605188	0.17605188	0.0	0.17605188
SCC154:chr3:11563306-15377266:1	SCC154	chr3	p	BFB	candidate_region_label	0.11107637	0.11107637	0.11107637	0.26192003	0.041962292	0.2631793	0.26192003	0.26192003	0.26192003	0.0	0.0	0.0	0.0	0.0	0.11107637	0.0	0.0	0.0	0.0	0.0	0.0	0.0	0.0	0.0	0.22215274	0.0	0.17605188	0.17605188	0.0	0.0	0.0	0.0	0.11107637	0.17605188	0.0	0.0	0.17605188
SCC154:chr8:7382377-18646857:2	SCC154	chr8	p		candidate_region_empty	0.28712824	0.28712824	0.25791135	0.41778457	0.06619645	0.39681074	0.06383594	0.11893253	0.2938177	0.0	0.6	0.0	0.0	0.0	0.11107637	0.11107637	0.17605188	0.11107637	0.0	0.0	0.0	0.0	0.0	0.0	0.3118308	0.0	0.0	0.0	0.0	0.0	0.0	0.17605188	0.0	0.0	0.25791135	0.0	0.0
SCC154:chr10:0-7022269:3	SCC154	chr10	p	chromothripsis	candidate_region_label	0.25791135	0.25791135	0.25791135	0.3470369	0.08124438	0.22464484	0.055819962	0.16557766	0.23346142	1.0	1.0	1.0	0.0	0.17605188	0.17605188	0.0	0.0	0.0	0.0	0.0	0.0	0.0	0.0	0.0	0.25791135	0.0	0.0	0.0	0.0	0.0	0.17605188	0.0	0.0	0.0	0.0	0.17605188	0.0
SCC154:chr11:101229977-104063433:4	SCC154	chr11	q	Seismic_Amplification;BFB	candidate_region_label	0.22215274	0.22215274	0.22215274	0.22396117	0.13013199	0.55495477	0.06020465	0.08812933	0.14098269	0.0	0.6666667	0.5	0.0	0.0	0.0	0.0	0.11107637	0.0	0.0	0.0	0.17605188	0.0	0.0	0.0	0.25791135	0.11107637	0.25791135	0.25791135	0.25791135	0.25791135	0.0	0.0	0.11107637	0.0	0.17605188	0.11107637	0.0
SKBR3:chr3:0-39561702:1	SKBR3	chr3	p	Seismic_Amplification	candidate_region_label	0.509281	0.5158227	0.509281	0.6171374	0.08544658	0.42201728	0.053851448	0.10201646	0.16494748	0.0	0.45833334	0.13043478	0.0	0.11107637	0.22215274	0.3118308	0.0	0.25791135	0.22215274	0.28712824	0.11107637	0.11107637	0.0	0.0	0.5221078	0.0	0.0	0.0	0.0	0.0	0.3689877	0.3118308	0.0	0.0	0.3842611	0.0	0.0
SKBR3:chr3:151354228-158466862:2	SKBR3	chr3	q	Seismic_Amplification	candidate_region_label	0.25791135	0.25791135	0.25791135	0.34890378	0.080411576	0.44058326	0.07274386	0.112367444	0.19351463	0.0	0.5	0.33333334	0.0	0.11107637	0.0	0.11107637	0.0	0.0	0.11107637	0.0	0.0	0.11107637	0.0	0.0	0.3118308	0.0	0.0	0.0	0.0	0.0	0.17605188	0.17605188	0.0	0.0	0.17605188	0.0	0.0
SKBR3:chr3:178278467-198295559:3	SKBR3	chr3	q	Seismic_Amplification	candidate_region_label	0.509281	0.509281	0.49533746	0.507556	0.13786277	0.47591537	0.039161164	0.06484535	0.1072351	0.0	0.47826087	0.045454547	0.0	0.0	0.11107637	0.0	0.17605188	0.28712824	0.3118308	0.28712824	0.25791135	0.0	0.0	0.0	0.5158227	0.0	0.0	0.0	0.0	0.0	0.25791135	0.3118308	0.0	0.17605188	0.3842611	0.17605188	0.17605188
SKBR3:chr5:138061704-142822544:4	SKBR3	chr5	q	chromothripsis;BFB	candidate_region_label	0.28712824	0.28712824	0.28712824	0.29184726	0.12938266	0.43190143	0.06618908	0.11259561	0.14660695	1.0	0.8	0.75	0.0	0.0	0.0	0.11107637	0.0	0.17605188	0.17605188	0.0	0.0	0.0	0.0	0.0	0.3118308	0.0	0.22215274	0.22215274	0.0	0.0	0.11107637	0.0	0.11107637	0.17605188	0.17605188	0.0	0.17605188
SKBR3:chr5:155073273-164481680:5	SKBR3	chr5	q	chromothripsis;BFB	candidate_region_label	0.3842611	0.3842611	0.3332291	0.39043567	0.13049066	0.3927605	0.013424955	0.030096883	0.0724063	0.0	0.6	0.33333334	0.11107637	0.0	0.0	0.0	0.22215274	0.0	0.22215274	0.17605188	0.11107637	0.0	0.0	0.0	0.4110314	0.17605188	0.28712824	0.4110314	0.28712824	0.4110314	0.25791135	0.0	0.17605188	0.28712824	0.11107637	0.0	0.28712824
SKBR3:chr6:0-8775217:6	SKBR3	chr6	p	chromothripsis	candidate_region_label	0.42290717	0.42290717	0.39820462	0.37997508	0.16378239	0.2932591	0.016428083	0.029245947	0.06744602	0.0	0.61538464	0.33333334	0.17605188	0.0	0.25791135	0.11107637	0.0	0.11107637	0.25791135	0.11107637	0.0	0.0	0.0	0.0	0.4339632	0.0	0.0	0.0	0.0	0.0	0.22215274	0.17605188	0.0	0.0	0.3332291	0.17605188	0.0
SKBR3:chr6:24683776-34294777:7	SKBR3	chr6	p	BFB	candidate_region_label	0.3689877	0.3689877	0.35210377	0.39364856	0.11909089	0.39083672	0.040553372	0.14183201	0.15125239	0.0	0.6666667	0.375	0.0	0.0	0.0	0.17605188	0.17605188	0.25791135	0.11107637	0.0	0.0	0.0	0.0	0.0	0.39820462	0.0	0.3118308	0.3118308	0.0	0.0	0.28712824	0.0	0.11107637	0.22215274	0.17605188	0.0	0.22215274
SKBR3:chr7:114215974-117502838:8	SKBR3	chr7	q	Seismic_Amplification;BFB	candidate_region_label	0.3118308	0.3118308	0.25791135	0.24259262	0.18717833	0.6030101	0.013599737	0.023418682	0.05622079	0.0	0.5	0.0	0.0	0.0	0.11107637	0.0	0.11107637	0.0	0.0	0.0	0.0	0.25791135	0.0	0.0	0.3332291	0.0	0.11107637	0.11107637	0.0	0.0	0.22215274	0.11107637	0.11107637	0.0	0.17605188	0.0	0.0
SKBR3:chr7:128941972-133164006:9	SKBR3	chr7	q	Seismic_Amplification;BFB	candidate_region_label	0.22215274	0.22215274	0.22215274	0.2754812	0.09674034	0.5368705	0.10539586	0.13117902	0.17322753	1.0	1.0	1.0	0.0	0.0	0.17605188	0.0	0.0	0.0	0.0	0.0	0.0	0.11107637	0.0	0.0	0.25791135	0.11107637	0.11107637	0.11107637	0.11107637	0.11107637	0.11107637	0.11107637	0.11107637	0.11107637	0.0	0.0	0.11107637
SKBR3:chr8:70318233-91550065:10	SKBR3	chr8	q	ecDNA;Seismic_Amplification;BFB	candidate_region_label	0.68972355	0.68972355	0.62689906	0.51692086	0.2685594	0.6767044	0.013323168	0.026357496	0.04414736	0.0	0.10958904	0.0	0.25791135	0.0	0.0	0.22215274	0.22215274	0.11107637	0.11107637	0.17605188	0.3118308	0.53960687	0.47184438	0.3332291	0.69187456	0.11107637	0.6830916	0.68972355	0.6830916	0.6830916	0.4339632	0.39820462	0.17605188	0.42290717	0.5450396	0.28712824	0.42290717
SKBR3:chr8:103691910-145138636:11	SKBR3	chr8	q	ecDNA;Seismic_Amplification;BFB	candidate_region_label	0.75178534	0.75178534	0.6830916	0.6247083	0.23112516	0.62519306	0.01218742	0.024605725	0.050623827	0.0	0.1574074	0.08411215	0.3118308	0.22215274	0.3118308	0.39820462	0.25791135	0.22215274	0.17605188	0.0	0.22215274	0.44430548	0.6027298	0.42290717	0.75613624	0.17605188	0.48006406	0.72805995	0.48006406	0.57864714	0.53960687	0.44430548	0.25791135	0.509281	0.58292073	0.25791135	0.509281
SKBR3:chr10:55213168-71714103:12	SKBR3	chr10	q	Seismic_Amplification;BFB	candidate_region_label	0.47184438	0.48006406	0.45402053	0.4770424	0.13806657	0.46947017	0.02776749	0.056189623	0.10417537	0.0	0.6315789	0.3888889	0.11107637	0.0	0.0	0.0	0.11107637	0.11107637	0.3332291	0.25791135	0.28712824	0.0	0.0	0.0	0.48788267	0.11107637	0.35210377	0.4110314	0.35210377	0.35210377	0.22215274	0.3118308	0.17605188	0.11107637	0.35210377	0.0	0.11107637
SKBR3:chr14:45524644-68507616:13	SKBR3	chr14	q	ecDNA;Seismic_Amplification;BFB	candidate_region_label	0.4339632	0.44430548	0.39820462	0.52955735	0.09053478	0.3791037	0.019116009	0.094707645	0.20799844	0.0	0.53333336	0.14285715	0.0	0.11107637	0.11107637	0.25791135	0.25791135	0.11107637	0.11107637	0.0	0.22215274	0.0	0.0	0.0	0.48006406	0.0	0.47184438	0.47184438	0.0	0.0	0.11107637	0.0	0.11107637	0.4339632	0.22215274	0.0	0.4339632
SKBR3:chr17:39120759-42420153:14	SKBR3	chr17	q	Seismic_Amplification;BFB	candidate_region_label	0.28712824	0.28712824	0.28712824	0.24307905	0.1662337	0.72017556	0.056876555	0.09709766	0.09775394	0.0	0.4	0.25	0.0	0.0	0.0	0.0	0.0	0.0	0.0	0.0	0.11107637	0.17605188	0.17605188	0.0	0.3118308	0.0	0.25791135	0.25791135	0.0	0.0	0.0	0.0	0.11107637	0.28712824	0.0	0.0	0.28712824
SKBR3:chr17:67753703-83257441:15	SKBR3	chr17	q	Seismic_Amplification	candidate_region_label	0.42290717	0.42290717	0.4110314	0.4672645	0.10973972	0.4663332	0.03907378	0.06760041	0.18723813	0.0	0.46153846	0.16666667	0.0	0.0	0.11107637	0.11107637	0.11107637	0.25791135	0.11107637	0.17605188	0.11107637	0.17605188	0.0	0.0	0.39820462	0.0	0.0	0.0	0.0	0.0	0.17605188	0.22215274	0.0	0.25791135	0.17605188	0.0	0.25791135
SKBR3:chr18:47315093-56791383:16	SKBR3	chr18	q		candidate_region_empty	0.25791135	0.25791135	0.25791135	0.39151913	0.06345902	0.24865693	0.18082985	0.21654682	0.23420048	0.0	0.75	0.33333334	0.0	0.11107637	0.17605188	0.11107637	0.0	0.0	0.0	0.0	0.0	0.0	0.0	0.0	0.28712824	0.0	0.0	0.0	0.0	0.0	0.17605188	0.0	0.0	0.0	0.22215274	0.0	0.0
SKBR3:chr19:52741290-58617616:17	SKBR3	chr19	q	chromothripsis	candidate_region_label	0.3118308	0.3118308	0.25791135	0.32134745	0.12679861	0.3817368	0.012811638	0.027764527	0.09096407	1.0	0.8333333	0.8	0.0	0.0	0.11107637	0.22215274	0.17605188	0.0	0.0	0.0	0.0	0.0	0.0	0.0	0.28712824	0.0	0.0	0.0	0.0	0.0	0.17605188	0.0	0.0	0.11107637	0.17605188	0.0	0.11107637
SKBR3:chr20:9564034-58962673:18	SKBR3	chr20	mixed	Seismic_Amplification;BFB	candidate_region_label	0.64217246	0.6450599	0.598959	0.65332735	0.13485016	0.51107967	0.017069899	0.053744942	0.11224808	0.0	0.3272727	0.018518519	0.0	0.0	0.0	0.17605188	0.17605188	0.17605188	0.3118308	0.3842611	0.44430548	0.47184438	0.0	0.0	0.6506833	0.0	0.50246084	0.50246084	0.0	0.0	0.49533746	0.4339632	0.11107637	0.0	0.47184438	0.22215274	0.0
SKBR3:chr22:46498609-50818468:19	SKBR3	chr22	q		candidate_region_empty	0.3118308	0.3118308	0.28712824	0.2785745	0.15693553	0.36064374	0.02590594	0.06652101	0.107574895	0.0	0.5	0.0	0.0	0.11107637	0.11107637	0.11107637	0.17605188	0.0	0.11107637	0.0	0.0	0.0	0.0	0.0	0.28712824	0.0	0.0	0.0	0.0	0.0	0.17605188	0.17605188	0.0	0.0	0.0	0.11107637	0.0
SNU1000:chr2:189545608-197927733:1	SNU1000	chr2	q	BFB	candidate_region_label	0.25791135	0.25791135	0.22215274	0.3731344	0.07030944	0.42234513	0.024417037	0.17093618	0.25886664	1.0	0.75	0.6666667	0.0	0.0	0.0	0.0	0.11107637	0.17605188	0.11107637	0.0	0.0	0.0	0.0	0.0	0.28712824	0.11107637	0.28712824	0.28712824	0.28712824	0.28712824	0.0	0.17605188	0.11107637	0.0	0.11107637	0.11107637	0.0
SNU1000:chr3:0-10257984:2	SNU1000	chr3	p		candidate_region_empty	0.35210377	0.35210377	0.3332291	0.40351295	0.10389947	0.36171755	0.033449925	0.09712692	0.19681744	0.0	0.75	0.42857143	0.0	0.0	0.0	0.22215274	0.22215274	0.17605188	0.0	0.0	0.0	0.0	0.0	0.0	0.35210377	0.0	0.0	0.0	0.0	0.0	0.0	0.17605188	0.0	0.11107637	0.28712824	0.0	0.11107637
SNU1000:chr6:63000001-65279176:3	SNU1000	chr6	q	Seismic_Amplification;BFB	candidate_region_label	0.22215274	0.22215274	0.22215274	0.19793203	0.15136863	0.5042854	0.06040742	0.067877024	0.111654915	0.0	0.6666667	0.5	0.0	0.0	0.0	0.0	0.0	0.0	0.11107637	0.0	0.17605188	0.0	0.0	0.0	0.22215274	0.17605188	0.17605188	0.22215274	0.17605188	0.22215274	0.0	0.0	0.17605188	0.0	0.0	0.11107637	0.0
SNU1000:chr11:100077105-102913626:4	SNU1000	chr11	q	ecDNA;Seismic_Amplification;BFB	candidate_region_label	0.3118308	0.3118308	0.28712824	0.22409438	0.20477548	0.79498863	0.03499219	0.040967993	0.050495356	0.0	0.33333334	0.2	0.0	0.0	0.0	0.11107637	0.0	0.0	0.0	0.0	0.0	0.11107637	0.17605188	0.17605188	0.3332291	0.22215274	0.11107637	0.3332291	0.28712824	0.3332291	0.0	0.0	0.28712824	0.11107637	0.0	0.11107637	0.11107637
SNU1000:chr16:46000001-57779990:5	SNU1000	chr16	q	chromothripsis	candidate_region_label	0.25791135	0.25791135	0.25791135	0.42464676	0.05268271	0.35661492	0.19521593	0.24505974	0.27054438	1.0	1.0	1.0	0.0	0.0	0.0	0.17605188	0.17605188	0.0	0.0	0.0	0.0	0.0	0.0	0.0	0.25791135	0.0	0.0	0.0	0.0	0.0	0.17605188	0.0	0.0	0.11107637	0.0	0.11107637	0.11107637
SNU1000:chr19:0-7902715:6	SNU1000	chr19	p	chromothripsis	candidate_region_label	0.25791135	0.25791135	0.25791135	0.36439273	0.073806904	0.23540832	0.14717448	0.18927354	0.21672547	1.0	1.0	1.0	0.0	0.17605188	0.17605188	0.0	0.0	0.0	0.0	0.0	0.0	0.0	0.0	0.0	0.28712824	0.0	0.0	0.0	0.0	0.0	0.0	0.11107637	0.0	0.22215274	0.11107637	0.0	0.22215274
SNU1005:chr1:164651675-169240920:1	SNU1005	chr1	q	BFB	candidate_region_label	0.11107637	0.11107637	0.11107637	0.2868074	0.03552459	0.2631793	0.2868074	0.2868074	0.2868074	0.0	0.0	0.0	0.0	0.0	0.11107637	0.0	0.0	0.0	0.0	0.0	0.0	0.0	0.0	0.0	0.17605188	0.11107637	0.11107637	0.17605188	0.11107637	0.11107637	0.0	0.0	0.17605188	0.0	0.0	0.0	0.0
SNU1005:chr3:162515130-188635593:2	SNU1005	chr3	q		candidate_region_empty	0.4339632	0.4339632	0.4339632	0.5500481	0.07734034	0.68491304	0.10426749	0.13668892	0.20145127	0.0	0.5	0.15384616	0.0	0.0	0.0	0.0	0.0	0.0	0.0	0.0	0.0	0.4339632	0.0	0.0	0.44430548	0.0	0.0	0.0	0.0	0.0	0.25791135	0.17605188	0.0	0.22215274	0.28712824	0.11107637	0.22215274
SNU1005:chr5:11163896-18765239:3	SNU1005	chr5	p	Seismic_Amplification	candidate_region_label	0.39820462	0.39820462	0.39820462	0.35865307	0.16127168	0.6446228	0.0336907	0.045141615	0.09846674	0.0	0.54545456	0.3	0.0	0.0	0.0	0.0	0.0	0.0	0.0	0.0	0.11107637	0.3842611	0.0	0.0	0.4110314	0.0	0.0	0.0	0.0	0.0	0.11107637	0.17605188	0.0	0.0	0.3689877	0.0	0.0
SNU1005:chr5:52275188-56218111:4	SNU1005	chr5	q	Seismic_Amplification;BFB	candidate_region_label	0.35210377	0.35210377	0.3332291	0.2663262	0.19971187	0.64859754	0.019387996	0.035135575	0.06767976	0.0	0.25	0.14285715	0.0	0.0	0.0	0.0	0.11107637	0.0	0.0	0.0	0.0	0.22215274	0.25791135	0.0	0.3689877	0.17605188	0.17605188	0.3689877	0.28712824	0.3689877	0.11107637	0.0	0.28712824	0.0	0.22215274	0.0	0.0
SNU1005:chr6:51101197-57999999:5	SNU1005	chr6	p	Seismic_Amplification	candidate_region_label	0.3332291	0.3332291	0.3332291	0.34445187	0.12622909	0.44355637	0.0229809	0.067035526	0.11596806	0.0	0.2857143	0.16666667	0.0	0.0	0.11107637	0.11107637	0.0	0.0	0.0	0.0	0.11107637	0.25791135	0.0	0.0	0.3332291	0.0	0.0	0.0	0.0	0.0	0.25791135	0.0	0.0	0.11107637	0.17605188	0.0	0.11107637
SNU1005:chrX:97585206-100505594:6	SNU1005	chrX	q	Seismic_Amplification;BFB	candidate_region_label	0.28712824	0.28712824	0.25791135	0.22769848	0.17979993	0.59734416	0.01930812	0.07645221	0.094403334	0.0	0.4	0.25	0.0	0.0	0.0	0.0	0.0	0.0	0.11107637	0.0	0.17605188	0.17605188	0.0	0.0	0.3118308	0.17605188	0.25791135	0.3118308	0.25791135	0.3118308	0.0	0.11107637	0.17605188	0.22215274	0.0	0.0	0.22215274
SNU1005:chrX:115725836-120929381:7	SNU1005	chrX	q	Seismic_Amplification;BFB	candidate_region_label	0.28712824	0.28712824	0.25791135	0.30418685	0.121352635	0.4313536	0.017860249	0.0576436	0.13074909	0.0	0.4	0.25	0.11107637	0.11107637	0.11107637	0.0	0.11107637	0.0	0.0	0.0	0.11107637	0.0	0.0	0.0	0.3332291	0.0	0.25791135	0.25791135	0.0	0.0	0.25791135	0.11107637	0.11107637	0.0	0.0	0.11107637	0.0
SNU1299:chr11:99700441-104484500:1	SNU1299	chr11	q	Seismic_Amplification;BFB	candidate_region_label	0.28712824	0.28712824	0.25791135	0.29251763	0.12893407	0.5710975	0.032591723	0.035234626	0.08021475	0.0	0.4	0.25	0.0	0.0	0.0	0.0	0.0	0.0	0.11107637	0.0	0.17605188	0.11107637	0.11107637	0.0	0.3118308	0.22215274	0.11107637	0.3118308	0.25791135	0.3118308	0.0	0.0	0.28712824	0.11107637	0.0	0.0	0.11107637
SNU1299:chr12:101817157-106306116:2	SNU1299	chr12	q	BFB	candidate_region_label	0.17605188	0.17605188	0.11107637	0.2837898	0.06640407	0.4664326	0.12683819	0.19615918	0.24497114	0.0	0.0	0.0	0.0	0.0	0.0	0.0	0.0	0.0	0.11107637	0.11107637	0.0	0.0	0.0	0.0	0.22215274	0.0	0.17605188	0.17605188	0.0	0.0	0.0	0.0	0.11107637	0.11107637	0.11107637	0.0	0.11107637
SNU1299:chr16:51419845-53976563:3	SNU1299	chr16	q	BFB	candidate_region_label	0.17605188	0.17605188	0.11107637	0.21147308	0.10413951	0.3971418	0.08590798	0.13724262	0.1764332	0.0	0.0	0.0	0.0	0.0	0.0	0.0	0.11107637	0.0	0.0	0.0	0.0	0.11107637	0.0	0.0	0.22215274	0.0	0.11107637	0.11107637	0.0	0.0	0.0	0.0	0.11107637	0.0	0.17605188	0.0	0.0
SNU1299:chr18:27518532-39718769:4	SNU1299	chr18	q	chromothripsis	candidate_region_label	0.28712824	0.28712824	0.28712824	0.43003914	0.061896387	0.34024107	0.17334175	0.18951528	0.24242753	1.0	0.8	0.75	0.0	0.0	0.11107637	0.17605188	0.17605188	0.0	0.0	0.0	0.0	0.0	0.0	0.0	0.3118308	0.0	0.0	0.0	0.0	0.0	0.28712824	0.0	0.0	0.11107637	0.0	0.0	0.11107637
SNU1299:chr20:32000001-42314643:5	SNU1299	chr20	q	Seismic_Amplification	candidate_region_label	0.3332291	0.3332291	0.28712824	0.40434963	0.093346715	0.60802597	0.023466611	0.12797587	0.20110784	0.0	0.42857143	0.16666667	0.0	0.0	0.0	0.0	0.0	0.11107637	0.0	0.0	0.0	0.3118308	0.0	0.0	0.3332291	0.0	0.0	0.0	0.0	0.0	0.0	0.17605188	0.0	0.22215274	0.17605188	0.0	0.22215274
SNU682:chr2:170519254-174396706:1	SNU682	chr2	q		candidate_region_empty	0.3118308	0.3118308	0.28712824	0.26410386	0.16851024	0.40312263	0.031225335	0.061609484	0.10823678	0.0	0.6666667	0.4	0.0	0.0	0.0	0.17605188	0.17605188	0.17605188	0.0	0.0	0.0	0.0	0.0	0.0	0.35210377	0.0	0.0	0.0	0.0	0.0	0.17605188	0.0	0.0	0.11107637	0.28712824	0.0	0.11107637
SNU682:chr4:52000001-64307744:2	SNU682	chr4	q	chromothripsis	candidate_region_label	0.3118308	0.3118308	0.3118308	0.43139103	0.07156065	0.3964468	0.15149425	0.16475166	0.20470187	1.0	0.8333333	0.8	0.0	0.0	0.0	0.11107637	0.17605188	0.22215274	0.0	0.0	0.0	0.0	0.0	0.0	0.3118308	0.0	0.0	0.0	0.0	0.0	0.22215274	0.11107637	0.0	0.11107637	0.0	0.11107637	0.11107637
SNU682:chr11:32506388-40107226:3	SNU682	chr11	p	BFB	candidate_region_label	0.22215274	0.22215274	0.22215274	0.3586433	0.059951335	0.5865685	0.14454682	0.20031235	0.25373155	0.0	0.6666667	0.5	0.0	0.0	0.0	0.0	0.0	0.0	0.11107637	0.0	0.11107637	0.11107637	0.0	0.0	0.25791135	0.17605188	0.11107637	0.17605188	0.11107637	0.17605188	0.0	0.11107637	0.17605188	0.11107637	0.0	0.0	0.11107637
SNU682:chr16:78258738-83740189:4	SNU682	chr16	q	BFB	candidate_region_label	0.3118308	0.3118308	0.25791135	0.31149077	0.13324071	0.38377628	0.013182325	0.024212496	0.033956688	0.0	0.6666667	0.4	0.0	0.0	0.0	0.17605188	0.17605188	0.17605188	0.0	0.0	0.0	0.0	0.0	0.0	0.3332291	0.0	0.25791135	0.25791135	0.0	0.0	0.25791135	0.0	0.11107637	0.17605188	0.0	0.0	0.17605188
SNU682:chr22:19000001-25858892:5	SNU682	chr22	q	BFB	candidate_region_label	0.28712824	0.28712824	0.28712824	0.3436076	0.09867085	0.43881664	0.03507671	0.14523083	0.18259907	0.0	0.4	0.25	0.0	0.0	0.0	0.11107637	0.11107637	0.11107637	0.11107637	0.11107637	0.0	0.0	0.0	0.0	0.28712824	0.0	0.11107637	0.11107637	0.0	0.0	0.17605188	0.0	0.11107637	0.0	0.11107637	0.11107637	0.0
SNU703:chr8:34169414-42999999:1	SNU703	chr8	p	BFB	candidate_region_label	0.4110314	0.4110314	0.3842611	0.38091642	0.15465656	0.42654496	0.03492618	0.05489229	0.13939583	0.0	0.5	0.36363637	0.0	0.0	0.11107637	0.0	0.17605188	0.22215274	0.22215274	0.17605188	0.11107637	0.0	0.0	0.0	0.4110314	0.0	0.3842611	0.3842611	0.0	0.0	0.28712824	0.17605188	0.11107637	0.22215274	0.11107637	0.0	0.22215274
SNU703:chr11:34220392-42675400:2	SNU703	chr11	p		candidate_region_empty	0.3118308	0.3118308	0.28712824	0.3744241	0.09664347	0.33150288	0.05017532	0.10493811	0.17088896	0.0	0.6666667	0.2	0.0	0.11107637	0.0	0.22215274	0.11107637	0.0	0.11107637	0.0	0.0	0.0	0.0	0.0	0.3332291	0.0	0.0	0.0	0.0	0.0	0.11107637	0.0	0.0	0.0	0.28712824	0.11107637	0.0
SNU703:chr12:64593784-76107212:3	SNU703	chr12	q	BFB	candidate_region_label	0.3332291	0.3332291	0.3118308	0.42113373	0.08559664	0.59822464	0.07842875	0.11100702	0.21226686	0.0	0.2857143	0.16666667	0.11107637	0.0	0.0	0.11107637	0.0	0.11107637	0.0	0.0	0.0	0.22215274	0.11107637	0.0	0.35210377	0.0	0.11107637	0.11107637	0.0	0.0	0.0	0.0	0.11107637	0.28712824	0.17605188	0.0	0.28712824
SNU703:chr18:0-7107447:4	SNU703	chr18	p	Seismic_Amplification;BFB	candidate_region_label	0.4339632	0.4339632	0.4110314	0.3487972	0.19615567	0.54295677	0.03437474	0.04095033	0.08482404	0.0	0.2857143	0.07692308	0.0	0.0	0.0	0.11107637	0.17605188	0.17605188	0.11107637	0.11107637	0.17605188	0.25791135	0.11107637	0.0	0.4339632	0.0	0.11107637	0.25791135	0.0	0.0	0.11107637	0.22215274	0.17605188	0.11107637	0.28712824	0.17605188	0.11107637
SNU902:chr16:55273326-57412529:1	SNU902	chr16	q	BFB	candidate_region_label	0.17605188	0.17605188	0.11107637	0.19066155	0.11895128	0.49703372	0.07353268	0.12122605	0.15826428	0.0	0.0	0.0	0.0	0.0	0.0	0.0	0.0	0.11107637	0.0	0.11107637	0.0	0.0	0.0	0.0	0.22215274	0.0	0.11107637	0.11107637	0.0	0.0	0.0	0.17605188	0.11107637	0.0	0.0	0.0	0.0
SNU902:chr19:17718043-23999999:2	SNU902	chr19	p		candidate_region_empty	0.42290717	0.42290717	0.39820462	0.33089995	0.2021036	0.40898904	0.017348886	0.030565718	0.0572893	0.0	0.6923077	0.5	0.0	0.11107637	0.0	0.0	0.17605188	0.28712824	0.25791135	0.0	0.11107637	0.0	0.0	0.0	0.42290717	0.0	0.0	0.0	0.0	0.0	0.28712824	0.11107637	0.0	0.11107637	0.3118308	0.0	0.11107637
SNU902:chr21:41590199-46709983:3	SNU902	chr21	q	chromothripsis	candidate_region_label	0.3332291	0.3332291	0.28712824	0.30192116	0.15529194	0.38749975	0.014819891	0.027498005	0.14748602	0.0	0.71428573	0.5	0.0	0.0	0.17605188	0.0	0.22215274	0.17605188	0.0	0.0	0.0	0.0	0.0	0.0	0.3118308	0.0	0.0	0.0	0.0	0.0	0.0	0.17605188	0.0	0.0	0.25791135	0.0	0.0
SUIT:chr3:55637719-60664161:1	SUIT	chr3	p	chromothripsis	candidate_region_label	0.3689877	0.3689877	0.25791135	0.2993595	0.1849374	0.38969475	0.0084978	0.014349034	0.018310478	0.0	0.44444445	0.25	0.0	0.11107637	0.17605188	0.17605188	0.17605188	0.11107637	0.11107637	0.0	0.0	0.0	0.0	0.0	0.3842611	0.0	0.0	0.0	0.0	0.0	0.3118308	0.11107637	0.0	0.0	0.17605188	0.11107637	0.0
SUIT:chr6:156864594-162608624:2	SUIT	chr6	q		candidate_region_empty	0.25791135	0.25791135	0.25791135	0.31810963	0.09523994	0.30949804	0.046623196	0.053460207	0.15214077	0.0	0.5	0.33333334	0.11107637	0.11107637	0.11107637	0.11107637	0.0	0.0	0.0	0.0	0.0	0.0	0.0	0.0	0.28712824	0.0	0.0	0.0	0.0	0.0	0.25791135	0.0	0.0	0.11107637	0.0	0.0	0.11107637
SUIT:chr8:32759576-34984208:3	SUIT	chr8	p	Seismic_Amplification;BFB	candidate_region_label	0.28712824	0.28712824	0.25791135	0.19513652	0.21227038	0.5598123	0.03039651	0.052813232	0.07903911	0.0	0.4	0.25	0.0	0.0	0.0	0.0	0.0	0.0	0.11107637	0.11107637	0.11107637	0.17605188	0.0	0.0	0.3118308	0.11107637	0.11107637	0.17605188	0.17605188	0.17605188	0.0	0.0	0.17605188	0.0	0.25791135	0.0	0.0
SUIT:chr12:55349815-58993974:4	SUIT	chr12	q	BFB	candidate_region_label	0.25791135	0.25791135	0.22215274	0.25593507	0.1335026	0.5106605	0.09770563	0.12873623	0.13727677	0.0	0.75	0.33333334	0.0	0.0	0.0	0.0	0.0	0.0	0.17605188	0.11107637	0.11107637	0.0	0.0	0.0	0.28712824	0.11107637	0.25791135	0.25791135	0.25791135	0.25791135	0.0	0.0	0.11107637	0.22215274	0.11107637	0.0	0.22215274
SUIT:chr17:52259302-64570686:5	SUIT	chr17	q		candidate_region_empty	0.3689877	0.3689877	0.35210377	0.43143663	0.09888439	0.32737723	0.04380813	0.10405021	0.162695	0.0	0.5555556	0.25	0.11107637	0.11107637	0.0	0.11107637	0.11107637	0.17605188	0.22215274	0.0	0.0	0.0	0.0	0.0	0.39820462	0.0	0.0	0.0	0.0	0.0	0.0	0.0	0.0	0.11107637	0.3689877	0.11107637	0.11107637
ScaBER:chr1:91117935-109646786:1	ScaBER	chr1	p	BFB	candidate_region_label	0.3842611	0.3842611	0.3689877	0.4953155	0.07777634	0.5176121	0.04600242	0.1597563	0.22541147	0.0	0.4	0.0	0.0	0.11107637	0.0	0.0	0.11107637	0.17605188	0.11107637	0.17605188	0.17605188	0.11107637	0.0	0.0	0.39820462	0.17605188	0.17605188	0.39820462	0.25791135	0.39820462	0.17605188	0.0	0.3118308	0.22215274	0.0	0.0	0.22215274
ScaBER:chr3:10270628-18985001:2	ScaBER	chr3	p	chromothripsis	candidate_region_label	0.3118308	0.3118308	0.28712824	0.37893444	0.09440328	0.36016917	0.07141758	0.1221837	0.21181443	0.0	0.6666667	0.4	0.0	0.0	0.0	0.17605188	0.17605188	0.17605188	0.0	0.0	0.0	0.0	0.0	0.0	0.3332291	0.0	0.0	0.0	0.0	0.0	0.11107637	0.11107637	0.0	0.22215274	0.17605188	0.0	0.22215274
ScaBER:chr9:9094848-15433422:3	ScaBER	chr9	p	chromothripsis	candidate_region_label	0.3118308	0.3118308	0.3118308	0.33219078	0.12003378	0.256288	0.05432589	0.080128305	0.09687958	1.0	0.8333333	0.6	0.0	0.22215274	0.17605188	0.11107637	0.0	0.0	0.0	0.0	0.0	0.0	0.0	0.0	0.3332291	0.0	0.0	0.0	0.0	0.0	0.28712824	0.0	0.0	0.0	0.17605188	0.0	0.0
ScaBER:chr11:100583104-104021457:4	ScaBER	chr11	q	BFB	candidate_region_label	0.11107637	0.11107637	0.11107637	0.2483806	0.046005987	0.57443047	0.2483806	0.2483806	0.2483806	0.0	0.0	0.0	0.0	0.0	0.0	0.0	0.0	0.0	0.0	0.0	0.11107637	0.0	0.0	0.0	0.17605188	0.0	0.11107637	0.11107637	0.0	0.0	0.0	0.0	0.11107637	0.11107637	0.0	0.0	0.11107637
ZR7530:chr6:100115301-111370648:1	ZR7530	chr6	q	chromothripsis	candidate_region_label	0.3118308	0.3118308	0.3118308	0.41766042	0.07699998	0.27714467	0.12161951	0.16210702	0.21120784	1.0	0.8333333	0.6	0.0	0.11107637	0.22215274	0.17605188	0.0	0.0	0.0	0.0	0.0	0.0	0.0	0.0	0.3332291	0.0	0.0	0.0	0.0	0.0	0.0	0.17605188	0.0	0.22215274	0.17605188	0.0	0.22215274
ZR7530:chr8:47000001-72913724:2	ZR7530	chr8	q	ecDNA;Seismic_Amplification;BFB	candidate_region_label	0.5221078	0.5281556	0.47184438	0.54877275	0.12521192	0.2581667	0.009376558	0.023672212	0.12695904	0.0	0.34615386	0.16	0.22215274	0.28712824	0.25791135	0.25791135	0.25791135	0.11107637	0.11107637	0.0	0.0	0.25791135	0.0	0.0	0.55029416	0.0	0.0	0.0	0.0	0.0	0.3118308	0.3332291	0.0	0.25791135	0.42290717	0.0	0.25791135
ZR7530:chr8:84292564-145138636:3	ZR7530	chr8	q	ecDNA;Seismic_Amplification;BFB	candidate_region_label	0.73956996	0.73956996	0.6939971	0.6874414	0.17518242	0.5344051	0.01594979	0.030163305	0.06490676	0.0	0.15	0.0	0.3118308	0.28712824	0.17605188	0.22215274	0.3118308	0.3332291	0.28712824	0.28712824	0.39820462	0.5650969	0.46318012	0.0	0.745794	0.0	0.55538183	0.6613705	0.0	0.0	0.50246084	0.39820462	0.22215274	0.5650969	0.56974214	0.11107637	0.5650969
ZR7530:chr17:28000001-31100863:4	ZR7530	chr17	q	ecDNA;Seismic_Amplification;BFB	candidate_region_label	0.3118308	0.3118308	0.28712824	0.23519957	0.19403028	0.2111922	0.042135797	0.0484737	0.054372955	0.0	0.6666667	0.4	0.17605188	0.17605188	0.0	0.0	0.0	0.11107637	0.11107637	0.0	0.0	0.0	0.0	0.0	0.3118308	0.0	0.0	0.0	0.0	0.0	0.11107637	0.17605188	0.0	0.17605188	0.11107637	0.0	0.17605188
ZR7530:chr17:48045677-68434855:5	ZR7530	chr17	q	ecDNA;Seismic_Amplification;BFB	candidate_region_label	0.61698353	0.61698353	0.53960687	0.5104809	0.21274348	0.43575317	0.01070287	0.026080374	0.08161816	0.0	0.3043478	0.11111111	0.3332291	0.11107637	0.3332291	0.3118308	0.3118308	0.11107637	0.11107637	0.17605188	0.22215274	0.25791135	0.17605188	0.3118308	0.62689906	0.11107637	0.4110314	0.560313	0.4110314	0.4110314	0.25791135	0.22215274	0.22215274	0.5158227	0.4339632	0.11107637	0.5158227
SCC152:chr1:24012196-25424062:1	SCC152	chr1	p		candidate_region_empty	0.17605188	0.17605188	0.17605188	0.14673352	0.15900786	0.34503818	0.05976924	0.08901875	0.1138933	0.0	0.0	0.0	0.0	0.0	0.0	0.11107637	0.0	0.11107637	0.0	0.0	0.0	0.0	0.0	0.0	0.22215274	0.0	0.0	0.0	0.0	0.0	0.0	0.17605188	0.0	0.0	0.11107637	0.0	0.0
SCC152:chr1:170918867-171357168:2	SCC152	chr1	q		candidate_region_empty	0.17605188	0.17605188	0.11107637	0.06057721	0.30926752	0.47244543	0.020367319	0.033025786	0.044790328	0.0	0.0	0.0	0.0	0.0	0.0	0.0	0.0	0.0	0.11107637	0.0	0.11107637	0.0	0.0	0.0	0.22215274	0.0	0.0	0.0	0.0	0.0	0.11107637	0.17605188	0.0	0.0	0.0	0.0	0.0
SCC152:chr1:232257800-232382315:3	SCC152	chr1	q		candidate_region_empty	0.11107637	0.11107637	0.11107637	0.019558787	0.39658383	0.5263586	0.019558787	0.019558787	0.019558787	0.0	0.0	0.0	0.0	0.0	0.0	0.0	0.0	0.0	0.0	0.0	0.11107637	0.0	0.0	0.0	0.17605188	0.0	0.0	0.0	0.0	0.0	0.0	0.17605188	0.0	0.0	0.0	0.0	0.0
SCC152:chr1:248950002-248956422:4	SCC152	chr1	q		candidate_region_empty	0.11107637	0.11107637	0.0	0.0010667455	0.9108871	0.2631793	0.0010667455	0.0010667455	0.0010667455	0.0	0.0	0.0	0.0	0.0	0.11107637	0.0	0.0	0.0	0.0	0.0	0.0	0.0	0.0	0.0	0.0	0.0	0.0	0.0	0.0	0.0	0.0	0.0	0.0	0.0	0.0	0.0	0.0
SCC152:chr2:42133920-43274065:5	SCC152	chr2	p		candidate_region_empty	0.11107637	0.11107637	0.11107637	0.12681234	0.113481544	0.0	0.12681234	0.12681234	0.12681234	0.0	0.0	0.0	0.11107637	0.0	0.0	0.0	0.0	0.0	0.0	0.0	0.0	0.0	0.0	0.0	0.17605188	0.0	0.0	0.0	0.0	0.0	0.17605188	0.0	0.0	0.0	0.0	0.0	0.0
SCC152:chr2:141129231-141364775:6	SCC152	chr2	q		candidate_region_empty	0.11107637	0.11107637	0.11107637	0.035252027	0.29867414	0.0	0.035252027	0.035252027	0.035252027	0.0	0.0	0.0	0.11107637	0.0	0.0	0.0	0.0	0.0	0.0	0.0	0.0	0.0	0.0	0.0	0.17605188	0.0	0.0	0.0	0.0	0.0	0.17605188	0.0	0.0	0.0	0.0	0.0	0.0
SCC152:chr2:242150002-242193529:7	SCC152	chr2	q		candidate_region_empty	0.11107637	0.11107637	0.0	0.007101213	0.5725202	0.2631793	0.007101213	0.007101213	0.007101213	0.0	0.0	0.0	0.0	0.0	0.11107637	0.0	0.0	0.0	0.0	0.0	0.0	0.0	0.0	0.0	0.0	0.0	0.0	0.0	0.0	0.0	0.0	0.0	0.0	0.0	0.0	0.0	0.0
SCC152:chr3:47192082-47216096:8	SCC152	chr3	p		candidate_region_empty	0.11107637	0.11107637	0.0	0.0039551957	0.67629415	0.2631793	0.0039551957	0.0039551957	0.0039551957	0.0	0.0	0.0	0.0	0.0	0.11107637	0.0	0.0	0.0	0.0	0.0	0.0	0.0	0.0	0.0	0.17605188	0.0	0.0	0.0	0.0	0.0	0.0	0.17605188	0.0	0.0	0.0	0.0	0.0
SCC152:chr3:82230375-82350839:9	SCC152	chr3	p		candidate_region_empty	0.11107637	0.11107637	0.11107637	0.018957296	0.40189388	0.3320953	0.018957296	0.018957296	0.018957296	0.0	0.0	0.0	0.0	0.0	0.0	0.11107637	0.0	0.0	0.0	0.0	0.0	0.0	0.0	0.0	0.17605188	0.0	0.0	0.0	0.0	0.0	0.0	0.0	0.0	0.0	0.17605188	0.0	0.0
SCC152:chr3:141240288-142026013:10	SCC152	chr3	q		candidate_region_empty	0.22215274	0.22215274	0.22215274	0.09663751	0.28335977	0.37098122	0.032119073	0.039642338	0.045587283	1.0	1.0	1.0	0.0	0.11107637	0.0	0.0	0.0	0.0	0.17605188	0.0	0.0	0.0	0.0	0.0	0.25791135	0.0	0.0	0.0	0.0	0.0	0.0	0.25791135	0.0	0.0	0.0	0.0	0.0
SCC152:chr3:154744644-159753451:11	SCC152	chr3	q	ecDNA	candidate_region_label	0.17605188	0.17605188	0.11107637	0.29887107	0.060545158	0.55223393	0.13654445	0.2090034	0.25933856	0.0	0.0	0.0	0.0	0.0	0.0	0.0	0.0	0.0	0.0	0.0	0.11107637	0.11107637	0.0	0.0	0.22215274	0.0	0.0	0.0	0.0	0.0	0.0	0.0	0.0	0.11107637	0.0	0.17605188	0.11107637
SCC152:chr3:195744134-198295559:12	SCC152	chr3	q	ecDNA	candidate_region_label	0.17605188	0.17605188	0.11107637	0.21122487	0.104303524	0.5920448	0.08453339	0.1370489	0.17692167	0.0	0.0	0.0	0.0	0.0	0.11107637	0.0	0.0	0.0	0.0	0.0	0.0	0.11107637	0.0	0.0	0.11107637	0.0	0.0	0.0	0.0	0.0	0.0	0.0	0.0	0.0	0.0	0.11107637	0.0
SCC152:chr4:190200002-190214555:13	SCC152	chr4	q		candidate_region_empty	0.11107637	0.11107637	0.0	0.0024081846	0.764873	0.2631793	0.0024081846	0.0024081846	0.0024081846	0.0	0.0	0.0	0.0	0.0	0.11107637	0.0	0.0	0.0	0.0	0.0	0.0	0.0	0.0	0.0	0.0	0.0	0.0	0.0	0.0	0.0	0.0	0.0	0.0	0.0	0.0	0.0	0.0
SCC152:chr5:29509639-36022279:14	SCC152	chr5	p		candidate_region_empty	0.17605188	0.22215274	0.17605188	0.33609784	0.0682774	0.3317894	0.020074286	0.02467703	0.23950242	0.0	0.6666667	0.5	0.0	0.11107637	0.0	0.11107637	0.11107637	0.0	0.0	0.0	0.0	0.0	0.0	0.0	0.25791135	0.0	0.0	0.0	0.0	0.0	0.25791135	0.0	0.0	0.0	0.0	0.0	0.0
SCC152:chr5:71095378-75128425:15	SCC152	chr5	q		candidate_region_empty	0.11107637	0.11107637	0.11107637	0.26933762	0.03991716	0.16604765	0.26933762	0.26933762	0.26933762	0.0	0.0	0.0	0.0	0.11107637	0.0	0.0	0.0	0.0	0.0	0.0	0.0	0.0	0.0	0.0	0.17605188	0.0	0.0	0.0	0.0	0.0	0.0	0.0	0.0	0.11107637	0.0	0.11107637	0.11107637
SCC152:chr6:0-2269575:16	SCC152	chr6	p		candidate_region_empty	0.17605188	0.17605188	0.11107637	0.19744338	0.11387869	0.005070462	0.07618805	0.12639455	0.16492629	0.0	0.0	0.0	0.11107637	0.0	0.11107637	0.0	0.0	0.0	0.0	0.0	0.0	0.0	0.0	0.0	0.17605188	0.0	0.0	0.0	0.0	0.0	0.0	0.17605188	0.0	0.0	0.0	0.0	0.0
SCC152:chr6:134367044-134825955:17	SCC152	chr6	q		candidate_region_empty	0.11107637	0.11107637	0.11107637	0.062948495	0.20842889	0.3320953	0.062948495	0.062948495	0.062948495	0.0	0.0	0.0	0.0	0.0	0.0	0.11107637	0.0	0.0	0.0	0.0	0.0	0.0	0.0	0.0	0.17605188	0.0	0.0	0.0	0.0	0.0	0.0	0.0	0.0	0.0	0.17605188	0.0	0.0
SCC152:chr6:149770978-149966871:18	SCC152	chr6	q		candidate_region_empty	0.11107637	0.11107637	0.11107637	0.02981567	0.32601383	0.2631793	0.02981567	0.02981567	0.02981567	0.0	0.0	0.0	0.0	0.0	0.11107637	0.0	0.0	0.0	0.0	0.0	0.0	0.0	0.0	0.0	0.17605188	0.0	0.0	0.0	0.0	0.0	0.0	0.17605188	0.0	0.0	0.0	0.0	0.0
SCC152:chr6:170800002-170805979:19	SCC152	chr6	q		candidate_region_empty	0.11107637	0.11107637	0.0	0.000993367	0.9236906	0.2631793	0.000993367	0.000993367	0.000993367	0.0	0.0	0.0	0.0	0.0	0.11107637	0.0	0.0	0.0	0.0	0.0	0.0	0.0	0.0	0.0	0.0	0.0	0.0	0.0	0.0	0.0	0.0	0.0	0.0	0.0	0.0	0.0	0.0
SCC152:chr7:159300002-159345973:20	SCC152	chr7	q		candidate_region_empty	0.11107637	0.11107637	0.0	0.0074910996	0.56309724	0.2631793	0.0074910996	0.0074910996	0.0074910996	0.0	0.0	0.0	0.0	0.0	0.11107637	0.0	0.0	0.0	0.0	0.0	0.0	0.0	0.0	0.0	0.0	0.0	0.0	0.0	0.0	0.0	0.0	0.0	0.0	0.0	0.0	0.0	0.0
SCC152:chr8:145100002-145138636:21	SCC152	chr8	q		candidate_region_empty	0.11107637	0.11107637	0.0	0.0063178916	0.59316254	0.2631793	0.0063178916	0.0063178916	0.0063178916	0.0	0.0	0.0	0.0	0.0	0.11107637	0.0	0.0	0.0	0.0	0.0	0.0	0.0	0.0	0.0	0.0	0.0	0.0	0.0	0.0	0.0	0.0	0.0	0.0	0.0	0.0	0.0	0.0
SCC152:chr9:97818032-97942607:22	SCC152	chr9	q		candidate_region_empty	0.11107637	0.11107637	0.11107637	0.01956768	0.3965066	0.0	0.01956768	0.01956768	0.01956768	0.0	0.0	0.0	0.11107637	0.0	0.0	0.0	0.0	0.0	0.0	0.0	0.0	0.0	0.0	0.0	0.22215274	0.0	0.0	0.0	0.0	0.0	0.0	0.11107637	0.0	0.11107637	0.0	0.11107637	0.11107637
SCC152:chr9:108230866-108585071:23	SCC152	chr9	q		candidate_region_empty	0.11107637	0.11107637	0.11107637	0.050535884	0.24167842	0.46615466	0.050535884	0.050535884	0.050535884	0.0	0.0	0.0	0.0	0.0	0.0	0.0	0.0	0.0	0.11107637	0.0	0.0	0.0	0.0	0.0	0.17605188	0.0	0.0	0.0	0.0	0.0	0.0	0.17605188	0.0	0.0	0.0	0.0	0.0
SCC152:chr10:61194154-61266447:24	SCC152	chr10	q		candidate_region_empty	0.11107637	0.11107637	0.0	0.011633379	0.48599342	0.3320953	0.011633379	0.011633379	0.011633379	0.0	0.0	0.0	0.0	0.0	0.0	0.11107637	0.0	0.0	0.0	0.0	0.0	0.0	0.0	0.0	0.17605188	0.0	0.0	0.0	0.0	0.0	0.0	0.17605188	0.0	0.0	0.0	0.0	0.0
SCC152:chr10:133750002-133797422:25	SCC152	chr10	q		candidate_region_empty	0.11107637	0.11107637	0.0	0.0077218255	0.5577543	0.2631793	0.0077218255	0.0077218255	0.0077218255	0.0	0.0	0.0	0.0	0.0	0.11107637	0.0	0.0	0.0	0.0	0.0	0.0	0.0	0.0	0.0	0.0	0.0	0.0	0.0	0.0	0.0	0.0	0.0	0.0	0.0	0.0	0.0	0.0
SCC152:chr11:9401665-10929493:26	SCC152	chr11	p		candidate_region_empty	0.17605188	0.17605188	0.11107637	0.15456013	0.15080617	0.3828795	0.058948062	0.09458925	0.12393518	0.0	0.0	0.0	0.0	0.0	0.0	0.11107637	0.11107637	0.0	0.0	0.0	0.0	0.0	0.0	0.0	0.25791135	0.0	0.0	0.0	0.0	0.0	0.0	0.0	0.0	0.0	0.25791135	0.0	0.0
SCC152:chr11:135076383-135086622:27	SCC152	chr11	q		candidate_region_empty	0.11107637	0.11107637	0.0	0.0016979878	0.8274605	0.2631793	0.0016979878	0.0016979878	0.0016979878	0.0	0.0	0.0	0.0	0.0	0.11107637	0.0	0.0	0.0	0.0	0.0	0.0	0.0	0.0	0.0	0.11107637	0.0	0.0	0.0	0.0	0.0	0.0	0.0	0.0	0.11107637	0.0	0.0	0.11107637
SCC152:chr12:57671836-58010199:28	SCC152	chr12	q		candidate_region_empty	0.11107637	0.11107637	0.11107637	0.048574664	0.2478036	0.2631793	0.048574664	0.048574664	0.048574664	0.0	0.0	0.0	0.0	0.0	0.11107637	0.0	0.0	0.0	0.0	0.0	0.0	0.0	0.0	0.0	0.17605188	0.0	0.0	0.0	0.0	0.0	0.0	0.17605188	0.0	0.0	0.0	0.0	0.0
SCC152:chr12:133250002-133275309:29	SCC152	chr12	q		candidate_region_empty	0.11107637	0.11107637	0.0	0.0041655093	0.667071	0.2631793	0.0041655093	0.0041655093	0.0041655093	0.0	0.0	0.0	0.0	0.0	0.11107637	0.0	0.0	0.0	0.0	0.0	0.0	0.0	0.0	0.0	0.0	0.0	0.0	0.0	0.0	0.0	0.0	0.0	0.0	0.0	0.0	0.0	0.0
SCC152:chr13:72909271-73218361:30	SCC152	chr13	q		candidate_region_empty	0.11107637	0.11107637	0.11107637	0.044888835	0.26012483	0.3320953	0.044888835	0.044888835	0.044888835	0.0	0.0	0.0	0.0	0.0	0.0	0.11107637	0.0	0.0	0.0	0.0	0.0	0.0	0.0	0.0	0.17605188	0.0	0.0	0.0	0.0	0.0	0.0	0.17605188	0.0	0.0	0.0	0.0	0.0
SCC152:chr13:114350002-114364328:31	SCC152	chr13	q		candidate_region_empty	0.11107637	0.11107637	0.0	0.0023708898	0.76766557	0.2631793	0.0023708898	0.0023708898	0.0023708898	0.0	0.0	0.0	0.0	0.0	0.11107637	0.0	0.0	0.0	0.0	0.0	0.0	0.0	0.0	0.0	0.0	0.0	0.0	0.0	0.0	0.0	0.0	0.0	0.0	0.0	0.0	0.0	0.0
SCC152:chr14:91404278-91666087:32	SCC152	chr14	q		candidate_region_empty	0.17605188	0.17605188	0.11107637	0.038757868	0.3885875	0.35071784	0.013995036	0.020503033	0.026766427	0.0	0.0	0.0	0.11107637	0.0	0.0	0.0	0.11107637	0.0	0.0	0.0	0.0	0.0	0.0	0.0	0.22215274	0.0	0.0	0.0	0.0	0.0	0.0	0.0	0.0	0.22215274	0.0	0.0	0.22215274
SCC152:chr14:106075079-107043718:33	SCC152	chr14	q		candidate_region_empty	0.17605188	0.17605188	0.11107637	0.11289049	0.20182931	0.020702561	0.039049324	0.065826125	0.088890515	0.0	0.0	0.0	0.11107637	0.0	0.11107637	0.0	0.0	0.0	0.0	0.0	0.0	0.0	0.0	0.0	0.11107637	0.0	0.0	0.0	0.0	0.0	0.11107637	0.0	0.0	0.0	0.0	0.0	0.0
SCC152:chr15:41456961-56139903:34	SCC152	chr15	q		candidate_region_empty	0.25791135	0.3118308	0.25791135	0.4587623	0.061744127	0.1786059	0.014006797	0.037797086	0.26221502	1.0	0.8333333	0.8	0.0	0.17605188	0.0	0.22215274	0.0	0.11107637	0.0	0.0	0.0	0.0	0.0	0.0	0.3332291	0.0	0.0	0.0	0.0	0.0	0.25791135	0.22215274	0.0	0.0	0.0	0.0	0.0
SCC152:chr15:74834670-74955943:35	SCC152	chr15	q		candidate_region_empty	0.17605188	0.17605188	0.0	0.01907759	0.515711	0.2776342	0.006798279	0.009811612	0.0127714295	0.0	0.0	0.0	0.0	0.0	0.11107637	0.11107637	0.0	0.0	0.0	0.0	0.0	0.0	0.0	0.0	0.22215274	0.0	0.0	0.0	0.0	0.0	0.0	0.0	0.0	0.0	0.22215274	0.0	0.0
SCC152:chr15:101950002-101991189:36	SCC152	chr15	q		candidate_region_empty	0.11107637	0.11107637	0.0	0.0067270617	0.5820736	0.2631793	0.0067270617	0.0067270617	0.0067270617	0.0	0.0	0.0	0.0	0.0	0.11107637	0.0	0.0	0.0	0.0	0.0	0.0	0.0	0.0	0.0	0.0	0.0	0.0	0.0	0.0	0.0	0.0	0.0	0.0	0.0	0.0	0.0	0.0
SCC152:chr16:90300002-90338345:37	SCC152	chr16	q		candidate_region_empty	0.11107637	0.11107637	0.0	0.0062711895	0.5944745	0.2631793	0.0062711895	0.0062711895	0.0062711895	0.0	0.0	0.0	0.0	0.0	0.11107637	0.0	0.0	0.0	0.0	0.0	0.0	0.0	0.0	0.0	0.0	0.0	0.0	0.0	0.0	0.0	0.0	0.0	0.0	0.0	0.0	0.0	0.0
SCC152:chr17:21795851-21999999:38	SCC152	chr17	p		candidate_region_empty	0.11107637	0.11107637	0.11107637	0.030962182	0.3198151	0.2631793	0.03096232	0.03096232	0.03096232	0.0	0.0	0.0	0.0	0.0	0.11107637	0.0	0.0	0.0	0.0	0.0	0.0	0.0	0.0	0.0	0.11107637	0.0	0.0	0.0	0.0	0.0	0.0	0.0	0.0	0.11107637	0.0	0.0	0.11107637
SCC152:chr17:48539679-48625674:39	SCC152	chr17	q		candidate_region_empty	0.11107637	0.11107637	0.0	0.01374959	0.45700437	0.3320953	0.01374959	0.01374959	0.01374959	0.0	0.0	0.0	0.0	0.0	0.0	0.11107637	0.0	0.0	0.0	0.0	0.0	0.0	0.0	0.0	0.17605188	0.0	0.0	0.0	0.0	0.0	0.0	0.17605188	0.0	0.0	0.0	0.0	0.0
SCC152:chr17:83250002-83257441:40	SCC152	chr17	q		candidate_region_empty	0.11107637	0.11107637	0.0	0.00123541	0.88452506	0.2631793	0.00123541	0.00123541	0.00123541	0.0	0.0	0.0	0.0	0.0	0.11107637	0.0	0.0	0.0	0.0	0.0	0.0	0.0	0.0	0.0	0.0	0.0	0.0	0.0	0.0	0.0	0.0	0.0	0.0	0.0	0.0	0.0	0.0
SCC152:chr18:80350002-80373285:41	SCC152	chr18	q		candidate_region_empty	0.11107637	0.11107637	0.0	0.0038361773	0.6817362	0.2631793	0.0038361773	0.0038361773	0.0038361773	0.0	0.0	0.0	0.0	0.0	0.11107637	0.0	0.0	0.0	0.0	0.0	0.0	0.0	0.0	0.0	0.0	0.0	0.0	0.0	0.0	0.0	0.0	0.0	0.0	0.0	0.0	0.0	0.0
SCC152:chr19:17304846-17356981:42	SCC152	chr19	p		candidate_region_empty	0.11107637	0.11107637	0.0	0.008470397	0.5414815	0.3855507	0.008470397	0.008470397	0.008470397	0.0	0.0	0.0	0.0	0.0	0.0	0.0	0.11107637	0.0	0.0	0.0	0.0	0.0	0.0	0.0	0.17605188	0.0	0.0	0.0	0.0	0.0	0.0	0.11107637	0.0	0.0	0.11107637	0.0	0.0
SCC152:chr19:32832827-33458207:43	SCC152	chr19	q		candidate_region_empty	0.11107637	0.11107637	0.11107637	0.08095704	0.17212531	0.3320953	0.08095704	0.08095704	0.08095704	0.0	0.0	0.0	0.0	0.0	0.0	0.11107637	0.0	0.0	0.0	0.0	0.0	0.0	0.0	0.0	0.17605188	0.0	0.0	0.0	0.0	0.0	0.0	0.0	0.0	0.11107637	0.11107637	0.0	0.11107637
SCC152:chr19:58600002-58617616:44	SCC152	chr19	q		candidate_region_empty	0.11107637	0.11107637	0.0	0.0029102757	0.7310165	0.2631793	0.0029102757	0.0029102757	0.0029102757	0.0	0.0	0.0	0.0	0.0	0.11107637	0.0	0.0	0.0	0.0	0.0	0.0	0.0	0.0	0.0	0.0	0.0	0.0	0.0	0.0	0.0	0.0	0.0	0.0	0.0	0.0	0.0	0.0
SCC152:chr20:0-1586858:45	SCC152	chr20	p		candidate_region_empty	0.11107637	0.11107637	0.11107637	0.1584074	0.08806652	0.3320953	0.1584074	0.1584074	0.1584074	0.0	0.0	0.0	0.0	0.0	0.0	0.11107637	0.0	0.0	0.0	0.0	0.0	0.0	0.0	0.0	0.11107637	0.0	0.0	0.0	0.0	0.0	0.0	0.11107637	0.0	0.0	0.0	0.0	0.0
SCC152:chr20:14913191-14960863:46	SCC152	chr20	p		candidate_region_empty	0.11107637	0.11107637	0.0	0.007761919	0.5568425	0.16604765	0.007761919	0.007761919	0.007761919	0.0	0.0	0.0	0.0	0.11107637	0.0	0.0	0.0	0.0	0.0	0.0	0.0	0.0	0.0	0.0	0.17605188	0.0	0.0	0.0	0.0	0.0	0.17605188	0.0	0.0	0.0	0.0	0.0	0.0
SCC152:chr20:37042729-37511969:47	SCC152	chr20	q		candidate_region_empty	0.11107637	0.11107637	0.11107637	0.06412432	0.20568915	0.3855507	0.06412432	0.06412432	0.06412432	0.0	0.0	0.0	0.0	0.0	0.0	0.0	0.11107637	0.0	0.0	0.0	0.0	0.0	0.0	0.0	0.17605188	0.0	0.0	0.0	0.0	0.0	0.0	0.17605188	0.0	0.0	0.0	0.0	0.0
SCC152:chr20:50003414-50162175:48	SCC152	chr20	q		candidate_region_empty	0.11107637	0.11107637	0.11107637	0.024558699	0.358204	0.3855507	0.024558699	0.024558699	0.024558699	0.0	0.0	0.0	0.0	0.0	0.0	0.0	0.11107637	0.0	0.0	0.0	0.0	0.0	0.0	0.0	0.11107637	0.0	0.0	0.0	0.0	0.0	0.11107637	0.0	0.0	0.0	0.0	0.0	0.0
SCC152:chr21:34724450-34811197:49	SCC152	chr21	q		candidate_region_empty	0.11107637	0.11107637	0.0	0.013864959	0.4555601	0.0	0.013864959	0.013864959	0.013864959	0.0	0.0	0.0	0.11107637	0.0	0.0	0.0	0.0	0.0	0.0	0.0	0.0	0.0	0.0	0.0	0.17605188	0.0	0.0	0.0	0.0	0.0	0.0	0.0	0.0	0.0	0.17605188	0.0	0.0
SCC152:chr21:46700002-46709983:50	SCC152	chr21	q		candidate_region_empty	0.11107637	0.11107637	0.0	0.0016554182	0.83201313	0.2631793	0.0016554182	0.0016554182	0.0016554182	0.0	0.0	0.0	0.0	0.0	0.11107637	0.0	0.0	0.0	0.0	0.0	0.0	0.0	0.0	0.0	0.0	0.0	0.0	0.0	0.0	0.0	0.0	0.0	0.0	0.0	0.0	0.0	0.0
SCC152:chr22:50800002-50818468:51	SCC152	chr22	q		candidate_region_empty	0.11107637	0.11107637	0.0	0.0030497592	0.7226552	0.2631793	0.0030497592	0.0030497592	0.0030497592	0.0	0.0	0.0	0.0	0.0	0.11107637	0.0	0.0	0.0	0.0	0.0	0.0	0.0	0.0	0.0	0.0	0.0	0.0	0.0	0.0	0.0	0.0	0.0	0.0	0.0	0.0	0.0	0.0
SCC152:chrX:49227472-49273295:52	SCC152	chrX	p		candidate_region_empty	0.11107637	0.11107637	0.0	0.0074675153	0.5636528	0.16604765	0.0074675153	0.0074675153	0.0074675153	0.0	0.0	0.0	0.0	0.11107637	0.0	0.0	0.0	0.0	0.0	0.0	0.0	0.0	0.0	0.0	0.17605188	0.0	0.0	0.0	0.0	0.0	0.0	0.17605188	0.0	0.0	0.0	0.0	0.0
SCC152:chrX:156000002-156040895:53	SCC152	chrX	q		candidate_region_empty	0.11107637	0.11107637	0.0	0.006679993	0.58331364	0.2631793	0.006679993	0.006679993	0.006679993	0.0	0.0	0.0	0.0	0.0	0.11107637	0.0	0.0	0.0	0.0	0.0	0.0	0.0	0.0	0.0	0.0	0.0	0.0	0.0	0.0	0.0	0.0	0.0	0.0	0.0	0.0	0.0	0.0
SIHA:chr8:122372903-132352646:1	SIHA	chr8	q	Seismic_Amplification	candidate_region_label	0.35210377	0.35210377	0.3332291	0.39934203	0.10608763	0.476148	0.06686617	0.09906382	0.15871201	0.0	0.625	0.2857143	0.0	0.0	0.11107637	0.0	0.0	0.0	0.22215274	0.17605188	0.17605188	0.0	0.0	0.0	0.3689877	0.0	0.0	0.0	0.0	0.0	0.22215274	0.17605188	0.0	0.0	0.17605188	0.17605188	0.0
SIHA:chr12:13391580-17305507:2	SIHA	chr12	p	BFB	candidate_region_label	0.17605188	0.17605188	0.11107637	0.2653456	0.07438514	0.42991406	0.116538934	0.18069385	0.22690283	0.0	0.0	0.0	0.0	0.0	0.0	0.0	0.0	0.11107637	0.11107637	0.0	0.0	0.0	0.0	0.0	0.22215274	0.0	0.11107637	0.11107637	0.0	0.0	0.17605188	0.0	0.11107637	0.0	0.0	0.0	0.0
SIHA:chr14:99617761-107043718:3	SIHA	chr14	q	chromothripsis	candidate_region_label	0.35210377	0.35210377	0.3118308	0.35521954	0.13174625	0.3875679	0.016036665	0.04433122	0.1375415	1.0	0.875	0.85714287	0.0	0.0	0.11107637	0.0	0.25791135	0.22215274	0.0	0.0	0.0	0.0	0.0	0.0	0.35210377	0.0	0.0	0.0	0.0	0.0	0.0	0.22215274	0.0	0.22215274	0.17605188	0.0	0.22215274
SIHA:chr15:56942785-59003347:4	SIHA	chr15	q	chromothripsis	candidate_region_label	0.25791135	0.25791135	0.25791135	0.18643315	0.19441497	0.43606192	0.01735891	0.027432492	0.07668892	1.0	1.0	1.0	0.0	0.0	0.0	0.0	0.0	0.17605188	0.17605188	0.0	0.0	0.0	0.0	0.0	0.25791135	0.0	0.0	0.0	0.0	0.0	0.0	0.25791135	0.0	0.0	0.0	0.0	0.0
SIHA:chr16:0-12624669:5	SIHA	chr16	p	Seismic_Amplification;BFB	candidate_region_label	0.4110314	0.4110314	0.3842611	0.43531367	0.120397694	0.4245627	0.028124558	0.09381744	0.16744386	0.0	0.5833333	0.18181819	0.0	0.0	0.0	0.17605188	0.25791135	0.22215274	0.17605188	0.11107637	0.0	0.0	0.0	0.0	0.4110314	0.0	0.0	0.0	0.0	0.0	0.17605188	0.28712824	0.0	0.0	0.28712824	0.0	0.0
SIHA:chr16:46000001-83660982:6	SIHA	chr16	q	Seismic_Amplification;BFB	candidate_region_label	0.6587648	0.6587648	0.61698353	0.6091385	0.17171822	0.47086078	0.018231578	0.046865467	0.085615225	0.0	0.41666666	0.13559322	0.17605188	0.0	0.0	0.25791135	0.3118308	0.35210377	0.39820462	0.4339632	0.44430548	0.0	0.0	0.0	0.6613705	0.0	0.22215274	0.22215274	0.0	0.0	0.5221078	0.3332291	0.11107637	0.22215274	0.48788267	0.28712824	0.22215274
SIHA:chr17:41643122-51230020:7	SIHA	chr17	q		candidate_region_empty	0.28712824	0.28712824	0.25791135	0.39326954	0.07563896	0.3643282	0.025284473	0.13056721	0.23928472	0.0	0.8	0.5	0.0	0.0	0.0	0.17605188	0.17605188	0.0	0.11107637	0.0	0.0	0.0	0.0	0.0	0.25791135	0.0	0.0	0.0	0.0	0.0	0.0	0.25791135	0.0	0.0	0.0	0.0	0.0
SIHA:chr22:38424856-41465811:8	SIHA	chr22	q		candidate_region_empty	0.25791135	0.25791135	0.25791135	0.23274688	0.15129942	0.4017237	0.038697425	0.059618875	0.109495275	0.0	0.75	0.33333334	0.0	0.0	0.0	0.0	0.11107637	0.17605188	0.11107637	0.0	0.0	0.0	0.0	0.0	0.25791135	0.0	0.0	0.0	0.0	0.0	0.0	0.11107637	0.0	0.0	0.11107637	0.17605188	0.0
HT3:chr2:192896152-201173028:1	HT3	chr2	q	BFB	candidate_region_label	0.28712824	0.28712824	0.25791135	0.37125415	0.0851598	0.38656467	0.05821954	0.14035442	0.16113615	0.0	0.6	0.25	0.0	0.11107637	0.0	0.0	0.11107637	0.11107637	0.17605188	0.0	0.0	0.0	0.0	0.0	0.3118308	0.0	0.22215274	0.22215274	0.0	0.0	0.11107637	0.0	0.11107637	0.0	0.25791135	0.0	0.0
HT3:chr4:147311642-163986655:2	HT3	chr4	q	chromothripsis	candidate_region_label	0.49533746	0.49533746	0.46318012	0.478692	0.14688674	0.33466828	0.02515826	0.04358565	0.12205603	1.0	0.7619048	0.6	0.0	0.17605188	0.35210377	0.22215274	0.35210377	0.0	0.0	0.0	0.0	0.0	0.0	0.0	0.509281	0.0	0.0	0.0	0.0	0.0	0.28712824	0.3689877	0.0	0.0	0.3689877	0.0	0.0
HT3:chr4:179056217-190214555:3	HT3	chr4	q	BFB	candidate_region_label	0.35210377	0.35210377	0.3332291	0.41633588	0.09741279	0.29866248	0.065395154	0.110359184	0.17533104	0.0	0.625	0.2857143	0.11107637	0.11107637	0.11107637	0.25791135	0.0	0.0	0.11107637	0.0	0.0	0.0	0.0	0.0	0.3332291	0.0	0.3118308	0.3118308	0.0	0.0	0.0	0.17605188	0.11107637	0.11107637	0.17605188	0.11107637	0.11107637
HT3:chr9:0-9058989:4	HT3	chr9	p		candidate_region_empty	0.28712824	0.28712824	0.28712824	0.38474447	0.079203166	0.45709902	0.071725145	0.119431056	0.22947061	0.0	0.6	0.5	0.0	0.0	0.0	0.0	0.17605188	0.0	0.0	0.11107637	0.17605188	0.0	0.0	0.0	0.28712824	0.0	0.0	0.0	0.0	0.0	0.0	0.17605188	0.0	0.0	0.22215274	0.0	0.0
HT3:chr16:0-2274184:5	HT3	chr16	p	BFB	candidate_region_label	0.17605188	0.17605188	0.11107637	0.19767816	0.11370752	0.33120775	0.076802574	0.12657438	0.16485032	0.0	0.0	0.0	0.0	0.0	0.11107637	0.11107637	0.0	0.0	0.0	0.0	0.0	0.0	0.0	0.0	0.17605188	0.0	0.11107637	0.17605188	0.0	0.0	0.0	0.0	0.17605188	0.0	0.0	0.0	0.0
HT3:chr17:36065957-43130302:6	HT3	chr17	q	chromothripsis	candidate_region_label	0.3689877	0.3689877	0.35210377	0.34790877	0.1480502	0.37896812	0.02964807	0.046637718	0.07366027	1.0	0.7777778	0.625	0.0	0.0	0.0	0.22215274	0.25791135	0.11107637	0.11107637	0.0	0.0	0.0	0.0	0.0	0.3842611	0.0	0.0	0.0	0.0	0.0	0.17605188	0.22215274	0.0	0.0	0.25791135	0.11107637	0.0
HT3:chr17:68545640-70759442:7	HT3	chr17	q	Seismic_Amplification;BFB	candidate_region_label	0.25791135	0.25791135	0.25791135	0.19457583	0.18598795	0.5208949	0.022003204	0.053796604	0.097341195	0.0	0.5	0.33333334	0.0	0.0	0.0	0.11107637	0.0	0.11107637	0.0	0.0	0.17605188	0.0	0.0	0.0	0.28712824	0.0	0.17605188	0.28712824	0.0	0.0	0.0	0.0	0.17605188	0.0	0.22215274	0.0	0.0
SW756:chr2:46517143-51066702:1	SW756	chr2	p		candidate_region_empty	0.25791135	0.25791135	0.25791135	0.28561977	0.11368547	0.3415974	0.027227268	0.039903656	0.13369979	0.0	0.5	0.33333334	0.0	0.0	0.11107637	0.11107637	0.11107637	0.11107637	0.0	0.0	0.0	0.0	0.0	0.0	0.28712824	0.0	0.0	0.0	0.0	0.0	0.0	0.17605188	0.0	0.0	0.22215274	0.0	0.0
SW756:chr7:69863045-74914782:2	SW756	chr7	q	chromothripsis	candidate_region_label	0.25791135	0.25791135	0.25791135	0.3000576	0.10510298	0.34676573	0.028988017	0.08225373	0.16622208	1.0	1.0	1.0	0.0	0.0	0.0	0.17605188	0.17605188	0.0	0.0	0.0	0.0	0.0	0.0	0.0	0.28712824	0.0	0.0	0.0	0.0	0.0	0.25791135	0.0	0.0	0.11107637	0.0	0.0	0.11107637
SW756:chr11:55000001-62681904:3	SW756	chr11	q	chromothripsis	candidate_region_label	0.25791135	0.25791135	0.25791135	0.3602068	0.07553934	0.34419954	0.112477325	0.13839534	0.19648774	1.0	1.0	1.0	0.0	0.0	0.0	0.17605188	0.17605188	0.0	0.0	0.0	0.0	0.0	0.0	0.0	0.25791135	0.0	0.0	0.0	0.0	0.0	0.0	0.22215274	0.0	0.11107637	0.0	0.0	0.11107637
SW756:chr12:110841681-121836136:4	SW756	chr12	q	chromothripsis	candidate_region_label	0.39820462	0.39820462	0.35210377	0.4140741	0.124957606	0.32027882	0.015675126	0.043669675	0.15061778	1.0	0.8181818	0.6	0.0	0.0	0.28712824	0.25791135	0.17605188	0.0	0.0	0.0	0.0	0.0	0.0	0.0	0.4110314	0.0	0.0	0.0	0.0	0.0	0.25791135	0.17605188	0.0	0.0	0.3118308	0.0	0.0
SW756:chr13:63017873-70247578:5	SW756	chr13	q	chromothripsis	candidate_region_label	0.35210377	0.35210377	0.3118308	0.35129172	0.1342655	0.44508228	0.039033927	0.06772717	0.12657872	0.0	0.5	0.14285715	0.0	0.0	0.0	0.17605188	0.17605188	0.17605188	0.17605188	0.0	0.0	0.0	0.0	0.0	0.3689877	0.0	0.0	0.0	0.0	0.0	0.25791135	0.17605188	0.0	0.0	0.22215274	0.0	0.0
SW756:chr13:81829801-88210313:6	SW756	chr13	q	chromothripsis	candidate_region_label	0.25791135	0.25791135	0.25791135	0.33314052	0.087705016	0.38632175	0.10347392	0.13330975	0.18085685	1.0	0.75	0.6666667	0.0	0.0	0.0	0.17605188	0.11107637	0.11107637	0.0	0.0	0.0	0.0	0.0	0.0	0.28712824	0.0	0.0	0.0	0.0	0.0	0.17605188	0.11107637	0.0	0.0	0.17605188	0.0	0.0
SW756:chr14:66576116-69905275:7	SW756	chr14	q		candidate_region_empty	0.25791135	0.25791135	0.25791135	0.24422891	0.14221123	0.31198162	0.028304983	0.098661914	0.14966983	0.0	0.75	0.33333334	0.0	0.0	0.11107637	0.11107637	0.17605188	0.0	0.0	0.0	0.0	0.0	0.0	0.0	0.28712824	0.0	0.0	0.0	0.0	0.0	0.11107637	0.25791135	0.0	0.0	0.0	0.0	0.0
SW756:chr15:40377914-46639828:8	SW756	chr15	q		candidate_region_empty	0.35210377	0.35210377	0.3118308	0.33044058	0.1483322	0.28993797	0.019950494	0.034415346	0.1131082	0.0	0.75	0.42857143	0.0	0.0	0.22215274	0.11107637	0.22215274	0.11107637	0.0	0.0	0.0	0.0	0.0	0.0	0.3842611	0.0	0.0	0.0	0.0	0.0	0.0	0.3332291	0.0	0.11107637	0.17605188	0.0	0.11107637
SW756:chr16:7234484-9323266:9	SW756	chr16	p	BFB	candidate_region_label	0.17605188	0.17605188	0.17605188	0.18796286	0.12104101	0.40274644	0.10792188	0.11918336	0.12973185	0.0	0.0	0.0	0.0	0.0	0.0	0.0	0.11107637	0.11107637	0.0	0.0	0.0	0.0	0.0	0.0	0.22215274	0.0	0.11107637	0.11107637	0.0	0.0	0.11107637	0.0	0.11107637	0.11107637	0.0	0.0	0.11107637
SW756:chr21:13000001-24610447:10	SW756	chr21	q	chromothripsis	candidate_region_label	0.3332291	0.3332291	0.3118308	0.42242092	0.08502637	0.39550725	0.033887476	0.18312027	0.20755129	1.0	1.0	1.0	0.0	0.0	0.0	0.0	0.22215274	0.25791135	0.0	0.0	0.0	0.0	0.0	0.0	0.35210377	0.0	0.0	0.0	0.0	0.0	0.0	0.0	0.0	0.17605188	0.3118308	0.0	0.17605188
SNU17:chr4:18359712-23939176:1	SNU17	chr4	p	chromothripsis	candidate_region_label	0.28712824	0.28712824	0.28712824	0.31399223	0.11530243	0.43580815	0.033328727	0.11858026	0.16848363	0.0	0.8	0.5	0.0	0.0	0.0	0.0	0.11107637	0.17605188	0.17605188	0.0	0.0	0.0	0.0	0.0	0.3118308	0.0	0.0	0.0	0.0	0.0	0.0	0.0	0.0	0.0	0.3118308	0.0	0.0
SNU17:chr4:52000001-57201939:2	SNU17	chr4	q	chromothripsis	candidate_region_label	0.25791135	0.25791135	0.25791135	0.30414367	0.10278878	0.44861183	0.055570193	0.13992497	0.19490074	1.0	1.0	1.0	0.0	0.0	0.0	0.0	0.0	0.17605188	0.17605188	0.0	0.0	0.0	0.0	0.0	0.25791135	0.0	0.0	0.0	0.0	0.0	0.0	0.11107637	0.0	0.0	0.22215274	0.0	0.0
SNU17:chr4:144713083-168228294:3	SNU17	chr4	q	chromothripsis	candidate_region_label	0.47184438	0.48006406	0.44430548	0.53321564	0.10672306	0.44213033	0.035748973	0.09895345	0.13926043	1.0	0.7894737	0.5555556	0.0	0.0	0.0	0.0	0.22215274	0.3332291	0.35210377	0.0	0.11107637	0.0	0.0	0.0	0.48006406	0.0	0.0	0.0	0.0	0.0	0.3118308	0.28712824	0.0	0.0	0.35210377	0.0	0.0
SNU17:chr14:104704928-107043718:4	SNU17	chr14	q	Seismic_Amplification;BFB	candidate_region_label	0.28712824	0.28712824	0.22215274	0.2009348	0.20607755	0.51916873	0.007131397	0.024167594	0.077490136	0.0	0.4	0.25	0.0	0.0	0.11107637	0.0	0.0	0.0	0.11107637	0.0	0.17605188	0.11107637	0.0	0.0	0.25791135	0.0	0.22215274	0.25791135	0.0	0.0	0.0	0.0	0.17605188	0.0	0.17605188	0.0	0.0
H1395:chr3:57889659-86999999:1	H1395	chr3	p	chromothripsis	candidate_region_label	0.5450396	0.55029416	0.5339835	0.5674781	0.1276451	0.30109295	0.023617944	0.051433988	0.14113392	1.0	0.8666667	0.7241379	0.0	0.11107637	0.44430548	0.22215274	0.39820462	0.0	0.0	0.0	0.0	0.0	0.0	0.0	0.55029416	0.0	0.0	0.0	0.0	0.0	0.3689877	0.4110314	0.0	0.11107637	0.35210377	0.0	0.11107637
H1395:chr4:128521930-140523510:2	H1395	chr4	q	chromothripsis	candidate_region_label	0.3118308	0.3118308	0.28712824	0.42751184	0.07306103	0.34162727	0.051534887	0.16735299	0.24078074	1.0	0.6666667	0.6	0.0	0.0	0.17605188	0.11107637	0.17605188	0.11107637	0.0	0.0	0.0	0.0	0.0	0.0	0.3118308	0.0	0.0	0.0	0.0	0.0	0.0	0.25791135	0.0	0.11107637	0.11107637	0.0	0.11107637
H1395:chr6:19728358-34969653:3	H1395	chr6	p	chromothripsis	candidate_region_label	0.44430548	0.45402053	0.3842611	0.46459284	0.12934266	0.27402958	0.012410735	0.048879854	0.102742024	0.0	0.4375	0.06666667	0.17605188	0.17605188	0.17605188	0.25791135	0.22215274	0.22215274	0.0	0.0	0.0	0.0	0.0	0.0	0.47184438	0.0	0.0	0.0	0.0	0.0	0.28712824	0.28712824	0.0	0.28712824	0.11107637	0.17605188	0.28712824
H1395:chr6:69531484-105846477:4	H1395	chr6	q	Seismic_Amplification;BFB	candidate_region_label	0.5158227	0.5221078	0.48006406	0.60323256	0.094392955	0.26062828	0.02191405	0.07612911	0.18430117	0.0	0.4	0.0	0.22215274	0.3118308	0.22215274	0.25791135	0.17605188	0.25791135	0.11107637	0.11107637	0.11107637	0.0	0.0	0.0	0.5281556	0.11107637	0.11107637	0.39820462	0.39820462	0.39820462	0.25791135	0.3118308	0.3118308	0.25791135	0.3118308	0.0	0.25791135
H1395:chr7:144590243-152317108:5	H1395	chr7	q	BFB	candidate_region_label	0.17605188	0.17605188	0.17605188	0.3610677	0.041482292	0.48134947	0.2580214	0.2636241	0.26904455	0.0	0.0	0.0	0.0	0.0	0.0	0.0	0.0	0.0	0.11107637	0.11107637	0.0	0.0	0.0	0.0	0.22215274	0.0	0.11107637	0.11107637	0.0	0.0	0.0	0.11107637	0.11107637	0.11107637	0.0	0.0	0.11107637
H1395:chr8:47000001-54212044:6	H1395	chr8	q		candidate_region_empty	0.25791135	0.25791135	0.25791135	0.35093364	0.07951525	0.23050013	0.06726239	0.12664318	0.20609686	0.0	0.75	0.33333334	0.0	0.11107637	0.17605188	0.11107637	0.0	0.0	0.0	0.0	0.0	0.0	0.0	0.0	0.22215274	0.0	0.0	0.0	0.0	0.0	0.11107637	0.0	0.0	0.0	0.11107637	0.11107637	0.0
H1395:chr8:120179944-127476886:7	H1395	chr8	q	Seismic_Amplification	candidate_region_label	0.39820462	0.39820462	0.3842611	0.35264784	0.16566335	0.45868146	0.038665578	0.062329188	0.10677324	0.0	0.54545456	0.3	0.0	0.0	0.0	0.11107637	0.11107637	0.22215274	0.22215274	0.11107637	0.17605188	0.0	0.0	0.0	0.4110314	0.0	0.0	0.0	0.0	0.0	0.22215274	0.17605188	0.0	0.0	0.3118308	0.11107637	0.0
H1395:chr11:55000001-62716861:8	H1395	chr11	q	chromothripsis	candidate_region_label	0.28712824	0.28712824	0.28712824	0.36087653	0.09001879	0.39755347	0.09188826	0.15826534	0.20101415	1.0	0.8	0.75	0.0	0.0	0.11107637	0.0	0.17605188	0.17605188	0.0	0.0	0.0	0.0	0.0	0.0	0.25791135	0.0	0.0	0.0	0.0	0.0	0.17605188	0.0	0.0	0.11107637	0.0	0.11107637	0.11107637
H1395:chr14:58867756-69539841:9	H1395	chr14	q	chromothripsis	candidate_region_label	0.28712824	0.28712824	0.25791135	0.40953335	0.069245696	0.3027335	0.15002282	0.15317628	0.22946846	0.0	0.8	0.5	0.11107637	0.0	0.11107637	0.22215274	0.0	0.0	0.0	0.0	0.0	0.0	0.0	0.0	0.3118308	0.0	0.0	0.0	0.0	0.0	0.0	0.17605188	0.0	0.11107637	0.22215274	0.0	0.11107637
H1395:chr14:90931441-101098629:10	H1395	chr14	q	Seismic_Amplification	candidate_region_label	0.35210377	0.35210377	0.28712824	0.40216333	0.10460325	0.44185638	0.00433525	0.06358092	0.16549791	1.0	0.75	0.5714286	0.0	0.0	0.0	0.0	0.11107637	0.11107637	0.22215274	0.22215274	0.0	0.0	0.0	0.0	0.3689877	0.0	0.0	0.0	0.0	0.0	0.0	0.25791135	0.0	0.28712824	0.0	0.0	0.28712824
H1395:chr16:46000001-48363069:11	H1395	chr16	q	ecDNA	candidate_region_label	0.11107637	0.11107637	0.11107637	0.20214233	0.06359486	1.0	0.20214233	0.20214233	0.20214233	0.0	0.0	0.0	0.0	0.0	0.0	0.0	0.0	0.0	0.0	0.0	0.0	0.0	0.0	0.11107637	0.11107637	0.0	0.0	0.0	0.0	0.0	0.11107637	0.0	0.0	0.0	0.0	0.0	0.0
H1395:chr18:11457824-14999999:12	H1395	chr18	p	BFB	candidate_region_label	0.17605188	0.17605188	0.17605188	0.25223437	0.080670364	0.38851896	0.110512264	0.16987337	0.21355511	0.0	0.0	0.0	0.0	0.0	0.0	0.0	0.11107637	0.0	0.11107637	0.0	0.0	0.0	0.0	0.0	0.17605188	0.0	0.11107637	0.11107637	0.0	0.0	0.0	0.0	0.11107637	0.0	0.11107637	0.0	0.0
H1395:chr18:48905542-58733200:13	H1395	chr18	q	BFB	candidate_region_label	0.28712824	0.28712824	0.28712824	0.3970173	0.074119285	0.41835988	0.02093193	0.114501566	0.2676378	0.0	0.6	0.25	0.0	0.0	0.0	0.11107637	0.11107637	0.17605188	0.11107637	0.0	0.0	0.0	0.0	0.0	0.3332291	0.0	0.22215274	0.25791135	0.0	0.0	0.0	0.17605188	0.17605188	0.22215274	0.0	0.0	0.22215274
H1395:chr19:34837816-38633983:14	H1395	chr19	q	BFB	candidate_region_label	0.11107637	0.11107637	0.11107637	0.2613029	0.042137668	0.3320953	0.2613029	0.2613029	0.2613029	0.0	0.0	0.0	0.0	0.0	0.0	0.11107637	0.0	0.0	0.0	0.0	0.0	0.0	0.0	0.0	0.17605188	0.0	0.11107637	0.11107637	0.0	0.0	0.0	0.0	0.11107637	0.11107637	0.0	0.0	0.11107637
H1437:chr1:111853551-119999999:1	H1437	chr1	p		candidate_region_empty	0.25791135	0.25791135	0.25791135	0.36889428	0.07198581	0.38577765	0.15861782	0.1973866	0.21872742	0.0	0.5	0.33333334	0.0	0.0	0.0	0.11107637	0.11107637	0.11107637	0.0	0.11107637	0.0	0.0	0.0	0.0	0.25791135	0.0	0.0	0.0	0.0	0.0	0.11107637	0.17605188	0.0	0.11107637	0.0	0.0	0.11107637
H1437:chr5:0-5829466:2	H1437	chr5	p	Seismic_Amplification;BFB	candidate_region_label	0.3842611	0.3842611	0.35210377	0.32020777	0.18002053	0.50059915	0.02284512	0.05913001	0.104408234	0.0	0.4	0.11111111	0.11107637	0.0	0.11107637	0.0	0.17605188	0.11107637	0.0	0.0	0.22215274	0.17605188	0.0	0.0	0.39820462	0.17605188	0.17605188	0.3689877	0.35210377	0.3689877	0.11107637	0.0	0.22215274	0.11107637	0.3118308	0.0	0.11107637
H1437:chr8:38023108-42999999:3	H1437	chr8	p		candidate_region_empty	0.28712824	0.28712824	0.28712824	0.29798344	0.12533006	0.41189677	0.03500702	0.05394607	0.13180046	0.0	0.6	0.25	0.0	0.0	0.17605188	0.11107637	0.11107637	0.0	0.11107637	0.0	0.0	0.0	0.0	0.0	0.28712824	0.0	0.0	0.0	0.0	0.0	0.0	0.0	0.0	0.25791135	0.11107637	0.0	0.25791135
H1437:chr8:124330148-127869979:4	H1437	chr8	q	BFB	candidate_region_label	0.17605188	0.17605188	0.17605188	0.25214833	0.08071342	0.46510285	0.11038252	0.16980283	0.21351647	0.0	0.0	0.0	0.0	0.0	0.0	0.0	0.0	0.11107637	0.11107637	0.0	0.0	0.0	0.0	0.0	0.22215274	0.0	0.17605188	0.17605188	0.0	0.0	0.0	0.11107637	0.11107637	0.11107637	0.0	0.0	0.11107637
H1437:chr9:5537125-23084309:5	H1437	chr9	p	chromothripsis;BFB	candidate_region_label	0.3842611	0.3842611	0.3842611	0.48671967	0.08127602	0.14566636	0.09569764	0.16156533	0.19083479	0.0	0.7	0.44444445	0.22215274	0.25791135	0.22215274	0.0	0.0	0.0	0.0	0.0	0.0	0.0	0.0	0.0	0.42290717	0.0	0.28712824	0.28712824	0.0	0.0	0.17605188	0.22215274	0.11107637	0.0	0.28712824	0.17605188	0.0
H1437:chr9:123944957-128643829:6	H1437	chr9	q	BFB	candidate_region_label	0.17605188	0.17605188	0.11107637	0.29004472	0.06390552	0.3307868	0.13078584	0.20146535	0.250942	0.0	0.0	0.0	0.11107637	0.0	0.0	0.11107637	0.0	0.0	0.0	0.0	0.0	0.0	0.0	0.0	0.25791135	0.11107637	0.22215274	0.22215274	0.22215274	0.22215274	0.0	0.11107637	0.11107637	0.17605188	0.0	0.0	0.17605188
H1437:chr12:29363617-32999999:7	H1437	chr12	p	chromothripsis	candidate_region_label	0.25791135	0.25791135	0.25791135	0.25565577	0.13370416	0.35785896	0.051850982	0.107822224	0.14960887	1.0	0.75	0.6666667	0.0	0.0	0.11107637	0.0	0.17605188	0.0	0.11107637	0.0	0.0	0.0	0.0	0.0	0.25791135	0.0	0.0	0.0	0.0	0.0	0.0	0.0	0.0	0.11107637	0.22215274	0.0	0.11107637
H2009:chr1:45850148-56986953:1	H2009	chr1	p	chromothripsis	candidate_region_label	0.3842611	0.3842611	0.3689877	0.41604045	0.11547155	0.35668585	0.06426068	0.0907811	0.14930415	1.0	0.8	0.5555556	0.0	0.0	0.11107637	0.25791135	0.25791135	0.11107637	0.0	0.0	0.0	0.0	0.0	0.0	0.39820462	0.0	0.0	0.0	0.0	0.0	0.25791135	0.25791135	0.0	0.0	0.11107637	0.17605188	0.0
H2009:chr1:151000001-156374139:2	H2009	chr1	q	chromothripsis	candidate_region_label	0.28712824	0.28712824	0.28712824	0.30870816	0.11852743	0.39478812	0.074037574	0.08628349	0.15918607	1.0	1.0	1.0	0.0	0.0	0.0	0.0	0.22215274	0.17605188	0.0	0.0	0.0	0.0	0.0	0.0	0.28712824	0.0	0.0	0.0	0.0	0.0	0.17605188	0.0	0.0	0.0	0.22215274	0.0	0.0
H2009:chr1:173590064-196663842:3	H2009	chr1	q	chromothripsis	candidate_region_label	0.48006406	0.48788267	0.48788267	0.5301872	0.11249036	0.40187842	0.053305976	0.06849156	0.13067001	1.0	0.9	0.7894737	0.0	0.0	0.0	0.11107637	0.3689877	0.3689877	0.11107637	0.0	0.0	0.0	0.0	0.0	0.49533746	0.0	0.0	0.0	0.0	0.0	0.22215274	0.22215274	0.0	0.3332291	0.35210377	0.0	0.3332291
H2009:chr3:56114072-61312739:4	H2009	chr3	p	chromothripsis	candidate_region_label	0.28712824	0.28712824	0.28712824	0.30405575	0.12143547	0.2706177	0.017015882	0.027138956	0.120950736	1.0	0.8	0.75	0.0	0.0	0.17605188	0.17605188	0.11107637	0.0	0.0	0.0	0.0	0.0	0.0	0.0	0.3118308	0.0	0.0	0.0	0.0	0.0	0.0	0.3118308	0.0	0.0	0.0	0.0	0.0
H2009:chr12:101496434-105293022:5	H2009	chr12	q	BFB	candidate_region_label	0.17605188	0.17605188	0.17605188	0.26131752	0.07625893	0.3410717	0.13434334	0.17735374	0.21151063	0.0	0.0	0.0	0.0	0.0	0.0	0.11107637	0.11107637	0.0	0.0	0.0	0.0	0.0	0.0	0.0	0.22215274	0.11107637	0.22215274	0.22215274	0.22215274	0.22215274	0.0	0.0	0.11107637	0.0	0.11107637	0.11107637	0.0
H2009:chr13:48402084-58685643:6	H2009	chr13	q		candidate_region_empty	0.35210377	0.35210377	0.3332291	0.40389115	0.10370299	0.23843046	0.044034563	0.07683482	0.17995013	0.0	0.625	0.2857143	0.11107637	0.22215274	0.0	0.17605188	0.17605188	0.0	0.0	0.0	0.0	0.0	0.0	0.0	0.3689877	0.0	0.0	0.0	0.0	0.0	0.17605188	0.0	0.0	0.0	0.17605188	0.28712824	0.0
H2009:chr13:93806668-107681239:7	H2009	chr13	q	chromothripsis	candidate_region_label	0.39820462	0.39820462	0.39820462	0.4499422	0.10520459	0.41941407	0.05188776	0.08309011	0.16108651	1.0	0.72727275	0.6	0.0	0.11107637	0.0	0.0	0.17605188	0.28712824	0.22215274	0.0	0.0	0.0	0.0	0.0	0.4110314	0.0	0.0	0.0	0.0	0.0	0.25791135	0.0	0.0	0.28712824	0.17605188	0.11107637	0.28712824
HCC1937:chr3:185299317-198295559:1	HCC1937	chr3	q		candidate_region_empty	0.3118308	0.3118308	0.28712824	0.43979815	0.06840435	0.59313405	0.06493284	0.17100538	0.26285738	0.0	0.6666667	0.4	0.0	0.0	0.11107637	0.0	0.0	0.0	0.11107637	0.0	0.0	0.25791135	0.0	0.0	0.28712824	0.0	0.0	0.0	0.0	0.0	0.17605188	0.17605188	0.0	0.11107637	0.0	0.0	0.11107637
HCC1937:chr4:128186850-130366021:2	HCC1937	chr4	q	BFB	candidate_region_label	0.17605188	0.17605188	0.11107637	0.19277012	0.11734713	0.33460337	0.07493793	0.1228277	0.15998393	0.0	0.0	0.0	0.0	0.0	0.0	0.11107637	0.0	0.11107637	0.0	0.0	0.0	0.0	0.0	0.0	0.22215274	0.11107637	0.17605188	0.17605188	0.17605188	0.17605188	0.0	0.0	0.11107637	0.11107637	0.11107637	0.0	0.11107637
HCC1937:chr5:52000001-54211375:3	HCC1937	chr5	q	Seismic_Amplification;BFB	candidate_region_label	0.17605188	0.17605188	0.17605188	0.19444987	0.11608684	0.5527362	0.10184726	0.124107	0.14374101	0.0	0.0	0.0	0.0	0.0	0.0	0.0	0.0	0.0	0.0	0.0	0.11107637	0.11107637	0.0	0.0	0.17605188	0.11107637	0.17605188	0.17605188	0.17605188	0.17605188	0.0	0.0	0.11107637	0.11107637	0.0	0.0	0.11107637
HCC1937:chr6:18875101-23707534:4	HCC1937	chr6	p	Seismic_Amplification	candidate_region_label	0.3689877	0.3689877	0.35210377	0.29390574	0.1895209	0.4377651	0.018181859	0.049548626	0.095036656	0.0	0.5555556	0.125	0.0	0.0	0.0	0.0	0.17605188	0.17605188	0.22215274	0.0	0.17605188	0.0	0.0	0.0	0.3842611	0.0	0.0	0.0	0.0	0.0	0.0	0.25791135	0.0	0.11107637	0.28712824	0.0	0.11107637
HCC1937:chr8:136730189-145138636:5	HCC1937	chr8	q	Seismic_Amplification	candidate_region_label	0.35210377	0.35210377	0.25791135	0.37360135	0.12048121	0.61853117	0.010587051	0.040232595	0.18219803	0.0	0.5	0.42857143	0.0	0.0	0.11107637	0.0	0.0	0.0	0.0	0.0	0.11107637	0.3118308	0.0	0.0	0.3332291	0.0	0.0	0.0	0.0	0.0	0.17605188	0.17605188	0.0	0.22215274	0.0	0.0	0.22215274
HCC1937:chr12:38000001-46021190:6	HCC1937	chr12	q	BFB	candidate_region_label	0.22215274	0.22215274	0.22215274	0.36659604	0.05725872	0.38886297	0.1744202	0.23666464	0.25903696	1.0	1.0	1.0	0.0	0.0	0.0	0.0	0.17605188	0.11107637	0.0	0.0	0.0	0.0	0.0	0.0	0.25791135	0.0	0.25791135	0.25791135	0.0	0.0	0.0	0.17605188	0.11107637	0.11107637	0.0	0.0	0.11107637
HCC1937:chr16:46000001-48375678:7	HCC1937	chr16	q	Seismic_Amplification	candidate_region_label	0.28712824	0.28712824	0.25791135	0.20276603	0.204161	0.5380986	0.022371255	0.05997053	0.07534967	0.0	0.6	0.0	0.0	0.0	0.0	0.0	0.0	0.0	0.0	0.11107637	0.22215274	0.11107637	0.0	0.0	0.28712824	0.0	0.0	0.0	0.0	0.0	0.22215274	0.17605188	0.0	0.0	0.0	0.0	0.0
HCC1954:chr1:151000001-157603647:1	HCC1954	chr1	q	Seismic_Amplification;BFB	candidate_region_label	0.28712824	0.28712824	0.22215274	0.33810467	0.101584	0.50344115	0.012734068	0.079813085	0.11708388	1.0	0.8	0.75	0.0	0.0	0.0	0.0	0.0	0.0	0.0	0.17605188	0.22215274	0.0	0.0	0.0	0.28712824	0.11107637	0.28712824	0.28712824	0.28712824	0.28712824	0.0	0.17605188	0.11107637	0.0	0.11107637	0.11107637	0.0
HCC1954:chr2:96000001-100873753:2	HCC1954	chr2	q		candidate_region_empty	0.28712824	0.28712824	0.28712824	0.2950823	0.12723123	0.43073547	0.037639055	0.042040665	0.18753609	0.0	0.8	0.5	0.0	0.0	0.0	0.0	0.11107637	0.17605188	0.17605188	0.0	0.0	0.0	0.0	0.0	0.28712824	0.0	0.0	0.0	0.0	0.0	0.0	0.17605188	0.0	0.22215274	0.0	0.0	0.22215274
HCC1954:chr2:147926458-151799362:3	HCC1954	chr2	q	BFB	candidate_region_label	0.11107637	0.11107637	0.11107637	0.26394838	0.04139165	0.46615466	0.26394838	0.26394838	0.26394838	0.0	0.0	0.0	0.0	0.0	0.0	0.0	0.0	0.0	0.11107637	0.0	0.0	0.0	0.0	0.0	0.17605188	0.0	0.11107637	0.11107637	0.0	0.0	0.0	0.0	0.11107637	0.11107637	0.0	0.0	0.11107637
HCC1954:chr2:198255428-205692703:4	HCC1954	chr2	q	chromothripsis;BFB	candidate_region_label	0.28712824	0.28712824	0.28712824	0.35544324	0.09266289	0.32742083	0.08389008	0.1000334	0.2007304	1.0	0.8	0.75	0.0	0.0	0.17605188	0.17605188	0.11107637	0.0	0.0	0.0	0.0	0.0	0.0	0.0	0.3118308	0.0	0.28712824	0.28712824	0.0	0.0	0.17605188	0.0	0.11107637	0.17605188	0.0	0.11107637	0.17605188
HCC1954:chr4:0-4799073:5	HCC1954	chr4	p		candidate_region_empty	0.3118308	0.3118308	0.28712824	0.2929497	0.14615719	0.38401708	0.03240744	0.09467833	0.141835	1.0	0.8333333	0.6	0.0	0.0	0.0	0.17605188	0.22215274	0.11107637	0.0	0.0	0.0	0.0	0.0	0.0	0.3332291	0.0	0.0	0.0	0.0	0.0	0.25791135	0.22215274	0.0	0.0	0.0	0.0	0.0
HCC1954:chr4:38478872-47999999:6	HCC1954	chr4	p	BFB	candidate_region_label	0.35210377	0.35210377	0.3332291	0.3922309	0.10990913	0.43090886	0.029502744	0.08641483	0.17929259	0.0	0.5	0.14285715	0.11107637	0.0	0.0	0.0	0.11107637	0.22215274	0.11107637	0.11107637	0.11107637	0.0	0.0	0.0	0.35210377	0.0	0.3332291	0.3332291	0.0	0.0	0.0	0.17605188	0.11107637	0.22215274	0.17605188	0.0	0.22215274
HCC1954:chr4:113806267-124363472:7	HCC1954	chr4	q	chromothripsis;BFB	candidate_region_label	0.39820462	0.39820462	0.3689877	0.40788487	0.12865232	0.36994952	0.042042222	0.10730882	0.13130805	1.0	0.8181818	0.7	0.0	0.0	0.11107637	0.25791135	0.28712824	0.11107637	0.0	0.0	0.0	0.0	0.0	0.0	0.4110314	0.0	0.3689877	0.3689877	0.0	0.0	0.17605188	0.25791135	0.11107637	0.0	0.25791135	0.11107637	0.0
HCC1954:chr4:144179786-178151261:8	HCC1954	chr4	q	ecDNA;Seismic_Amplification;BFB	candidate_region_label	0.5870833	0.5870833	0.53960687	0.5924221	0.13529254	0.38534772	0.015083827	0.046707876	0.14094159	0.0	0.5	0.13513513	0.0	0.0	0.11107637	0.3842611	0.3689877	0.3118308	0.22215274	0.25791135	0.28712824	0.0	0.0	0.0	0.5950974	0.0	0.0	0.0	0.0	0.0	0.35210377	0.3118308	0.0	0.509281	0.22215274	0.0	0.509281
HCC1954:chr5:0-3209105:9	HCC1954	chr5	p	ecDNA;Seismic_Amplification;BFB	candidate_region_label	0.5221078	0.5221078	0.4110314	0.23954171	0.3917143	0.84608746	0.008292093	0.0146368835	0.027641097	0.0	0.2	0.041666668	0.0	0.0	0.0	0.0	0.0	0.0	0.0	0.11107637	0.0	0.17605188	0.42290717	0.3689877	0.5221078	0.0	0.0	0.0	0.0	0.0	0.0	0.11107637	0.0	0.48006406	0.28712824	0.0	0.48006406
HCC1954:chr5:25588866-33474335:10	HCC1954	chr5	p	chromothripsis	candidate_region_label	0.25791135	0.25791135	0.25791135	0.36406955	0.0739393	0.48681292	0.11030429	0.17786554	0.22854058	1.0	0.75	0.6666667	0.0	0.0	0.0	0.0	0.0	0.0	0.17605188	0.11107637	0.11107637	0.0	0.0	0.0	0.28712824	0.0	0.0	0.0	0.0	0.0	0.17605188	0.0	0.0	0.17605188	0.11107637	0.0	0.17605188
HCC1954:chr5:102783181-117504971:11	HCC1954	chr5	q	ecDNA;Seismic_Amplification;BFB	candidate_region_label	0.6875432	0.6875432	0.60641384	0.45917463	0.3195805	0.49777493	0.010044053	0.017912198	0.033156086	0.0	0.29166666	0.0	0.0	0.0	0.0	0.11107637	0.3689877	0.3689877	0.25791135	0.28712824	0.53960687	0.44430548	0.11107637	0.0	0.68972355	0.0	0.44430548	0.44430548	0.0	0.0	0.42290717	0.42290717	0.11107637	0.45402053	0.5450396	0.11107637	0.45402053
HCC1954:chr5:175753434-181538259:12	HCC1954	chr5	q	ecDNA;Seismic_Amplification;BFB	candidate_region_label	0.49533746	0.49533746	0.39820462	0.31911477	0.27618963	0.5504191	0.006257385	0.016100649	0.03082399	0.0	0.2857143	0.05	0.0	0.0	0.11107637	0.0	0.17605188	0.11107637	0.11107637	0.11107637	0.0	0.35210377	0.3332291	0.0	0.509281	0.11107637	0.28712824	0.47184438	0.28712824	0.28712824	0.22215274	0.11107637	0.17605188	0.4110314	0.28712824	0.0	0.4110314
HCC1954:chr8:39339828-42999999:13	HCC1954	chr8	p	Seismic_Amplification;BFB	candidate_region_label	0.3332291	0.3332291	0.25791135	0.25650874	0.19264548	0.5239507	0.0075211325	0.037483133	0.043408483	0.0	0.42857143	0.0	0.0	0.0	0.0	0.11107637	0.0	0.11107637	0.0	0.0	0.22215274	0.17605188	0.0	0.0	0.3332291	0.0	0.11107637	0.22215274	0.0	0.0	0.0	0.17605188	0.17605188	0.17605188	0.0	0.11107637	0.17605188
HCC1954:chr8:71218391-132804534:14	HCC1954	chr8	q	ecDNA;Seismic_Amplification;BFB	candidate_region_label	0.83393854	0.83393854	0.75469905	0.689424	0.24705373	0.59969467	0.01131382	0.021549344	0.046778385	0.0	0.160221	0.011111111	0.17605188	0.0	0.0	0.0	0.25791135	0.3332291	0.3332291	0.39820462	0.6027298	0.6785127	0.5870833	0.17605188	0.84417075	0.11107637	0.35210377	0.8365585	0.80716825	0.80716825	0.57864714	0.50246084	0.3332291	0.66894275	0.6587648	0.25791135	0.66894275
HCC1954:chr9:0-18581391:15	HCC1954	chr9	p	Seismic_Amplification;BFB	candidate_region_label	0.53960687	0.53960687	0.5281556	0.4957633	0.16562045	0.64444804	0.038309496	0.06968289	0.11057617	0.0	0.39285713	0.14814815	0.0	0.0	0.0	0.0	0.0	0.0	0.0	0.11107637	0.11107637	0.5221078	0.11107637	0.0	0.5339835	0.0	0.11107637	0.509281	0.0	0.0	0.25791135	0.25791135	0.25791135	0.42290717	0.17605188	0.0	0.42290717
HCC1954:chr9:125674254-127832869:16	HCC1954	chr9	q	chromothripsis	candidate_region_label	0.28712824	0.28712824	0.28712824	0.191689	0.21604486	0.41923153	0.024821559	0.06928793	0.081642956	1.0	0.8	0.75	0.0	0.0	0.0	0.0	0.17605188	0.17605188	0.0	0.11107637	0.0	0.0	0.0	0.0	0.3118308	0.0	0.0	0.0	0.0	0.0	0.22215274	0.22215274	0.0	0.0	0.0	0.0	0.0
HCC1954:chr11:23782554-26756022:17	HCC1954	chr11	p	BFB	candidate_region_label	0.22215274	0.22215274	0.22215274	0.22993992	0.12571436	0.30218965	0.060861446	0.08805437	0.14549586	0.0	0.6666667	0.5	0.0	0.0	0.11107637	0.11107637	0.11107637	0.0	0.0	0.0	0.0	0.0	0.0	0.0	0.25791135	0.0	0.22215274	0.22215274	0.0	0.0	0.17605188	0.0	0.11107637	0.0	0.0	0.11107637	0.0
HCC1954:chr11:44950563-50999999:18	HCC1954	chr11	p	chromothripsis	candidate_region_label	0.25791135	0.25791135	0.25791135	0.32549128	0.09146593	0.39130768	0.08533784	0.13147159	0.18555656	1.0	0.75	0.6666667	0.0	0.0	0.0	0.11107637	0.17605188	0.11107637	0.0	0.0	0.0	0.0	0.0	0.0	0.25791135	0.0	0.0	0.0	0.0	0.0	0.22215274	0.0	0.0	0.11107637	0.0	0.0	0.11107637
HCC1954:chr11:65787781-74859666:19	HCC1954	chr11	q	ecDNA;Seismic_Amplification;BFB	candidate_region_label	0.4339632	0.4339632	0.3842611	0.384958	0.16821443	0.48696536	0.016706675	0.037267108	0.09915743	0.0	0.2857143	0.07692308	0.0	0.0	0.0	0.11107637	0.17605188	0.17605188	0.11107637	0.0	0.11107637	0.22215274	0.25791135	0.0	0.44430548	0.0	0.4110314	0.4110314	0.0	0.0	0.17605188	0.22215274	0.11107637	0.35210377	0.11107637	0.0	0.35210377
HCC1954:chr11:85045948-104108535:20	HCC1954	chr11	q	ecDNA;Seismic_Amplification;BFB	candidate_region_label	0.5281556	0.5281556	0.47184438	0.49980947	0.15503927	0.491453	0.009807055	0.02771394	0.118703455	0.0	0.3846154	0.16	0.11107637	0.0	0.0	0.0	0.0	0.3118308	0.22215274	0.25791135	0.25791135	0.35210377	0.0	0.0	0.5339835	0.11107637	0.28712824	0.5339835	0.5339835	0.5339835	0.25791135	0.11107637	0.28712824	0.4339632	0.17605188	0.11107637	0.4339632
HCC1954:chr12:6941947-9032063:21	HCC1954	chr12	p	BFB	candidate_region_label	0.11107637	0.11107637	0.11107637	0.18803483	0.07046018	0.42922693	0.18803483	0.18803483	0.18803483	0.0	0.0	0.0	0.0	0.0	0.0	0.0	0.0	0.11107637	0.0	0.0	0.0	0.0	0.0	0.0	0.17605188	0.11107637	0.17605188	0.17605188	0.17605188	0.17605188	0.0	0.0	0.11107637	0.11107637	0.0	0.0	0.11107637
HCC1954:chr12:38000001-45355960:22	HCC1954	chr12	q	Seismic_Amplification;BFB	candidate_region_label	0.46318012	0.46318012	0.45402053	0.35382918	0.21575947	0.59200764	0.02436859	0.031853236	0.059749763	0.0	0.23529412	0.125	0.0	0.0	0.0	0.0	0.11107637	0.0	0.0	0.0	0.11107637	0.44430548	0.0	0.0	0.46318012	0.0	0.4110314	0.42290717	0.0	0.0	0.17605188	0.22215274	0.17605188	0.3689877	0.11107637	0.0	0.3689877
HCC1954:chr14:30457625-37594904:23	HCC1954	chr14	q	BFB	candidate_region_label	0.3118308	0.3118308	0.28712824	0.34940934	0.10995024	0.46540457	0.05047837	0.056779493	0.14349517	1.0	0.8333333	0.8	0.0	0.0	0.0	0.0	0.0	0.17605188	0.22215274	0.11107637	0.0	0.0	0.0	0.0	0.35210377	0.11107637	0.35210377	0.35210377	0.35210377	0.35210377	0.22215274	0.0	0.11107637	0.17605188	0.17605188	0.0	0.17605188
HCC1954:chr15:21000001-27434570:24	HCC1954	chr15	q	Seismic_Amplification;BFB	candidate_region_label	0.3842611	0.3842611	0.3689877	0.33435678	0.16898344	0.46108243	0.03959181	0.0509659	0.093129575	0.0	0.4	0.22222222	0.0	0.0	0.0	0.11107637	0.11107637	0.17605188	0.17605188	0.11107637	0.11107637	0.17605188	0.0	0.0	0.3689877	0.11107637	0.25791135	0.3689877	0.3689877	0.3689877	0.11107637	0.0	0.17605188	0.25791135	0.11107637	0.11107637	0.25791135
HCC1954:chr17:39095055-42947300:25	HCC1954	chr17	q	ecDNA;Seismic_Amplification	candidate_region_label	0.22215274	0.22215274	0.22215274	0.26324028	0.10378667	0.9038041	0.061147623	0.071000785	0.16850643	0.0	0.6666667	0.5	0.0	0.0	0.0	0.0	0.0	0.11107637	0.0	0.0	0.11107637	0.0	0.0	0.11107637	0.25791135	0.0	0.0	0.0	0.0	0.0	0.0	0.0	0.0	0.0	0.17605188	0.17605188	0.0
HCC1954:chr19:0-8064793:26	HCC1954	chr19	p		candidate_region_empty	0.28712824	0.28712824	0.28712824	0.3673997	0.08693573	0.3461816	0.055428393	0.12871201	0.1724698	0.0	0.8	0.5	0.0	0.0	0.0	0.22215274	0.11107637	0.11107637	0.0	0.0	0.0	0.0	0.0	0.0	0.28712824	0.0	0.0	0.0	0.0	0.0	0.17605188	0.17605188	0.0	0.11107637	0.0	0.0	0.11107637
HCC1954:chr19:28000001-58617616:27	HCC1954	chr19	q	Seismic_Amplification	candidate_region_label	0.56974214	0.56974214	0.5450396	0.5756191	0.13460106	0.45783707	0.03364937	0.06250448	0.12784433	0.0	0.5882353	0.3030303	0.0	0.0	0.11107637	0.11107637	0.11107637	0.3118308	0.4339632	0.28712824	0.3118308	0.0	0.0	0.0	0.560313	0.0	0.0	0.0	0.0	0.0	0.11107637	0.39820462	0.0	0.22215274	0.42290717	0.25791135	0.22215274
HCC1954:chr20:55358357-64444167:28	HCC1954	chr20	q	Seismic_Amplification;BFB	candidate_region_label	0.44430548	0.44430548	0.35210377	0.38518825	0.17568852	0.577519	0.008722154	0.028032597	0.10024721	0.0	0.33333334	0.0	0.0	0.0	0.11107637	0.0	0.0	0.17605188	0.11107637	0.0	0.11107637	0.3689877	0.11107637	0.0	0.4339632	0.0	0.3689877	0.3842611	0.0	0.0	0.17605188	0.0	0.17605188	0.35210377	0.17605188	0.0	0.35210377
HCC1954:chr21:13000001-46709983:29	HCC1954	chr21	q	Seismic_Amplification	candidate_region_label	0.7824657	0.7824657	0.73636484	0.5911712	0.28588402	0.45295173	0.015516593	0.02694	0.05220176	0.0	0.52671754	0.30769232	0.0	0.0	0.22215274	0.25791135	0.35210377	0.56974214	0.5742565	0.49533746	0.5221078	0.11107637	0.0	0.0	0.7872496	0.0	0.0	0.0	0.0	0.0	0.5450396	0.5870833	0.0	0.22215274	0.6613705	0.25791135	0.22215274
HCC1954:chr22:19000001-50818468:30	HCC1954	chr22	q	BFB	candidate_region_label	0.49533746	0.49533746	0.46318012	0.5818319	0.09133305	0.39905047	0.029949408	0.13099921	0.19332568	0.0	0.42857143	0.25	0.0	0.0	0.11107637	0.28712824	0.25791135	0.22215274	0.22215274	0.22215274	0.11107637	0.11107637	0.0	0.0	0.49533746	0.0	0.49533746	0.49533746	0.0	0.0	0.0	0.28712824	0.11107637	0.35210377	0.28712824	0.17605188	0.35210377
