candidate_id	label_id	sample_id	chrom	arm	start_bp	end_bp	evidence	sv_class	label_scope	candidate_scope	n_segments	n_sv_nodes	encoded_sv_nodes	embedding_mode	localized_start_bp	localized_end_bp	localization_method	localization_confidence	localization_span_fraction	haplotype	haplotype_score	haplotype_confidence	sv_hp1_support	sv_hp2_support	cn_hp1_mean	cn_hp2_mean	cluster_id	sv_classes	raw_sv_classes	context_scope	context_start_bp	context_end_bp	local_embedding_dim	context_embedding_dim	coordinate_feature_dim	n_windows	n_segments_ge_100kb	component_length	segment_frequency	ploidy	segment_len_q25	segment_len_q50	segment_len_q75	oscillating_two_state	oscillating_segment_fraction	oscillating_transition_fraction	n_TCN_0	n_TCN_1	n_TCN_2	n_TCN_3	n_TCN_4	n_TCN_5	n_TCN_6	n_TCN_7	n_TCN_7_10	n_TCN_11_20	n_TCN_20_40	n_TCN_gt_40	n_breakpoints	n_FB_lowCN_2Mb	FB_first_index	FB_last_index	FB_lowCN_first_index	FB_lowCN_last_index	n_DEL	n_DUP	n_FB	n_INTER_CHR	n_INV_LIKE	n_sBND	n_interchromosomal_SV	embedding_normalization	embedding_features	is_labeled	is_background_chromosome	raw_true_classes	true_classes	objectness_logit	objectness_prob	top_type_class	max_type_probability	max_type_logit	type_logit_ecDNA	type_probability_ecDNA	type_logit_Seismic_Amplification	type_probability_Seismic_Amplification	type_logit_chromothripsis	type_probability_chromothripsis	type_logit_BFB	type_probability_BFB	cluster_key	cluster_size	cluster_aggregation	objectness_tau	secondary_thresholding	secondary_min	secondary_delta	type_rescue	rescue_type_tau	rescue_objectness_floor	rescue_margin	type_threshold_ecDNA	secondary_threshold_ecDNA	type_threshold_Seismic_Amplification	secondary_threshold_Seismic_Amplification	type_threshold_chromothripsis	secondary_threshold_chromothripsis	type_threshold_BFB	secondary_threshold_BFB	primary_predicted_class	prediction_source	rescued_by_type_confidence	rescue_top_type_class	rescue_top_type_probability	rescue_type_margin	predicted_classes	predicted_class	predicted_raw_classes	predicted_raw_class	called_complex_sv	class_exact_match	class_any_match	class_base_exact_match	class_wrong_level_match	class_partial_class_match	class_correctness	objectness_correct	n_predicted_classes	split
AU565:chr3:0-19007244:1	AU565:chr3:0-19007244:1	AU565	chr3	p	0	19007244	candidate_region_label	Seismic_Amplification;BFB	region	candidate_region	13	17	17	candidate_region_with_context	12980560	19007244	sv_attention	0.8683	0.3171	HP2	-0.7032	0.6042	12.0	115.0	0.9972	2.8942	C1	Seismic_Amplification;BFB	Seismic_Amplification:noncanonical;BFB:noncanonicalB	chromosome_arm	0	90951000	402	402	8	13	13	19007245	6.839497254862553e-07	3.891396938377971	325693.0	510733.0	1691897.0	False	0.5384615384615384	0.1666666666666666	0	1	1	3	4	3	1	0	0	0	0	0	13	0					4	2	0.0	2	5	0	2	sample_residual	coords	1	0	Seismic_Amplification:noncanonical;BFB:noncanonicalB	Seismic_Amplification;BFB	4.682027339935303	0.9908247436757405	chromothripsis	0.6795482255313894	0.7516964077949524	-1.9668115377426147	0.12273177160931066	0.7025622725486755	0.6687556159581676	0.7516964077949524	0.6795482255313894	-1.3951255083084106	0.19859075917256866	AU565:C1	4	max	0.7900000214576721	min_delta	0.30000001192092896	0.20000000298023224	type_confidence	0.9800000190734863	0.10000000149011612	0.30000001192092896	0.6399999856948853	0.8399999886751175	0.20999999344348907	0.4099999964237213	0.23000000417232513	0.4300000071525574	0.11999999731779099	0.3200000002980232	chromothripsis	objectness_type_threshold	False	chromothripsis	0.6795482255313894	0.010792609573221812	Seismic_Amplification;chromothripsis	Seismic_Amplification;chromothripsis	Seismic_Amplification:canonical;chromothripsis:canonical	Seismic_Amplification:canonical;chromothripsis:canonical	True	False	True	False	False	True	partial_class	True	2	train
AU565:chr3:36522773-39561702:2	AU565:chr3:36522773-39561702:2	AU565	chr3	p	36522773	39561702	candidate_region_label	Seismic_Amplification;BFB	region	candidate_region	6	11	11	candidate_region_with_context	37907000	39561702	sv_attention	0.9559	0.5445	mixed_HP	0.2097	0.3	37.0	18.0	1.9621	2.2205	C1	Seismic_Amplification;BFB	Seismic_Amplification:noncanonical;BFB:noncanonicalB	chromosome_arm	0	90951000	402	402	8	6	5	3038930	1.974379140026259e-06	4.182578736594788	214309.75	427872.0	689816.0	False	0.6666666666666666	0.4	0	2	0	0	0	2	1	0	1	0	0	0	8	0					2	4	0.0	0	2	0	0	sample_residual	coords	1	0	Seismic_Amplification:noncanonical;BFB:noncanonicalB	Seismic_Amplification;BFB	4.682027339935303	0.9908247436757405	chromothripsis	0.6795482255313894	0.7516964077949524	-1.9668115377426147	0.12273177160931066	0.7025622725486755	0.6687556159581676	0.7516964077949524	0.6795482255313894	-1.3951255083084106	0.19859075917256866	AU565:C1	4	max	0.7900000214576721	min_delta	0.30000001192092896	0.20000000298023224	type_confidence	0.9800000190734863	0.10000000149011612	0.30000001192092896	0.6399999856948853	0.8399999886751175	0.20999999344348907	0.4099999964237213	0.23000000417232513	0.4300000071525574	0.11999999731779099	0.3200000002980232	chromothripsis	objectness_type_threshold	False	chromothripsis	0.6795482255313894	0.010792609573221812	Seismic_Amplification;chromothripsis	Seismic_Amplification;chromothripsis	Seismic_Amplification:canonical;chromothripsis:canonical	Seismic_Amplification:canonical;chromothripsis:canonical	True	False	True	False	False	True	partial_class	True	2	train
AU565:chr3:151354228-158466862:3	AU565:chr3:151354228-158466862:3	AU565	chr3	q	151354228	158466862	candidate_region_label	Seismic_Amplification;BFB	region	candidate_region	4	8	8	candidate_region_with_context	151911755	158466862	sv_attention	0.7134	0.9216	mixed_HP	0.2017	0.2	34.0	14.0	1.3861	2.2055	C1	Seismic_Amplification;BFB	Seismic_Amplification:noncanonical;BFB:noncanonicalB	chromosome_arm	90951000	198250001	402	402	8	4	4	7112635	5.623794838340503e-07	3.591606486203777	547225.25	962471.5	2193405.0	False	0.5	0.3333333333333333	0	1	1	0	1	0	0	0	1	0	0	0	6	0	1.0	1.0			2	2	1.0	0	1	0	0	sample_residual	coords	1	0	Seismic_Amplification:noncanonical;BFB:noncanonicalB	Seismic_Amplification;BFB	4.682027339935303	0.9908247436757405	chromothripsis	0.6795482255313894	0.7516964077949524	-1.9668115377426147	0.12273177160931066	0.7025622725486755	0.6687556159581676	0.7516964077949524	0.6795482255313894	-1.3951255083084106	0.19859075917256866	AU565:C1	4	max	0.7900000214576721	min_delta	0.30000001192092896	0.20000000298023224	type_confidence	0.9800000190734863	0.10000000149011612	0.30000001192092896	0.6399999856948853	0.8399999886751175	0.20999999344348907	0.4099999964237213	0.23000000417232513	0.4300000071525574	0.11999999731779099	0.3200000002980232	chromothripsis	objectness_type_threshold	False	chromothripsis	0.6795482255313894	0.010792609573221812	Seismic_Amplification;chromothripsis	Seismic_Amplification;chromothripsis	Seismic_Amplification:canonical;chromothripsis:canonical	Seismic_Amplification:canonical;chromothripsis:canonical	True	False	True	False	False	True	partial_class	True	2	train
AU565:chr3:178278467-198295559:4	AU565:chr3:178278467-198295559:4	AU565	chr3	q	178278467	198295559	candidate_region_label	Seismic_Amplification;BFB	region	candidate_region	20	30	30	candidate_region_with_context	179003027	198295559	sv_attention	1.0	0.9638	HP2	-0.6223	0.4963	13.0	88.0	1.3391	2.992	C1	Seismic_Amplification;BFB	Seismic_Amplification:noncanonical;BFB:noncanonicalB	chromosome_arm	90951000	198250001	402	402	8	20	17	20017093	9.991460798028965e-07	4.325845616044248	337981.0	536771.5	1148481.25	True	0.8	0.631578947368421	0	0	1	2	9	7	1	0	0	0	0	0	19	0					3	5	0.0	0	11	0	0	sample_residual	coords	1	0	Seismic_Amplification:noncanonical;BFB:noncanonicalB	Seismic_Amplification;BFB	4.682027339935303	0.9908247436757405	chromothripsis	0.6795482255313894	0.7516964077949524	-1.9668115377426147	0.12273177160931066	0.7025622725486755	0.6687556159581676	0.7516964077949524	0.6795482255313894	-1.3951255083084106	0.19859075917256866	AU565:C1	4	max	0.7900000214576721	min_delta	0.30000001192092896	0.20000000298023224	type_confidence	0.9800000190734863	0.10000000149011612	0.30000001192092896	0.6399999856948853	0.8399999886751175	0.20999999344348907	0.4099999964237213	0.23000000417232513	0.4300000071525574	0.11999999731779099	0.3200000002980232	chromothripsis	objectness_type_threshold	False	chromothripsis	0.6795482255313894	0.010792609573221812	Seismic_Amplification;chromothripsis	Seismic_Amplification;chromothripsis	Seismic_Amplification:canonical;chromothripsis:canonical	Seismic_Amplification:canonical;chromothripsis:canonical	True	False	True	False	False	True	partial_class	True	2	train
AU565:chr5:138061704-142844456:5	AU565:chr5:138061704-142844456:5	AU565	chr5	q	138061704	142844456	candidate_region_label	BFB	region	candidate_region	5	7	7	candidate_region_with_context	140116700	142844456	sv_attention	0.9179	0.5703	mixed_HP	0.0064	0.5	39.0	26.0	1.5703	3.5013	C2	BFB	BFB:noncanonical	chromosome_arm	48464000	181500001	402	402	8	5	5	4782753	1.0454230021914157e-06	5.071633847702359	487556.0	987072.0	1410036.0	True	0.8	0.75	0	0	0	1	0	2	2	0	0	0	0	0	6	0					2	0	0.0	1	3	0	1	sample_residual	coords	1	0	BFB:noncanonical	BFB	5.368032932281494	0.9953583500724542	BFB	0.371200665309702	-0.5270693898200989	-2.295912504196167	0.09146205189216948	-2.3225252628326416	0.08927453081407677	-0.7498818039894104	0.320847055689009	-0.5270693898200989	0.371200665309702	AU565:C2	2	max	0.7900000214576721	min_delta	0.30000001192092896	0.20000000298023224	type_confidence	0.9800000190734863	0.10000000149011612	0.30000001192092896	0.6399999856948853	0.8399999886751175	0.20999999344348907	0.4099999964237213	0.23000000417232513	0.4300000071525574	0.11999999731779099	0.3200000002980232	BFB	objectness_type_threshold	False	BFB	0.371200665309702	0.05035360962069302	BFB	BFB	BFB:canonical	BFB:canonical	True	False	True	True	True	False	wrong_level	True	1	train
AU565:chr5:155073273-164481680:6	AU565:chr5:155073273-164481680:6	AU565	chr5	q	155073273	164481680	candidate_region_label	BFB	region	candidate_region	10	53	53	candidate_region_with_context	155073325	164481680	sv_attention	1.0	1.0	mixed_HP	-0.4651	0.4087	92.0	149.0	0.1649	4.0752	C2	BFB	BFB:noncanonical	chromosome_arm	48464000	181500001	402	402	8	10	8	9408408	1.0628790758223922e-06	4.240131380356805	159205.25	253777.0	555745.25	False	0.4	0.1111111111111111	1	0	1	0	2	2	2	2	0	0	0	0	12	2	5.0	12.0	5.0	12.0	4	1	2.0	3	2	0	3	sample_residual	coords	1	0	BFB:noncanonical	BFB	5.368032932281494	0.9953583500724542	BFB	0.371200665309702	-0.5270693898200989	-2.295912504196167	0.09146205189216948	-2.3225252628326416	0.08927453081407677	-0.7498818039894104	0.320847055689009	-0.5270693898200989	0.371200665309702	AU565:C2	2	max	0.7900000214576721	min_delta	0.30000001192092896	0.20000000298023224	type_confidence	0.9800000190734863	0.10000000149011612	0.30000001192092896	0.6399999856948853	0.8399999886751175	0.20999999344348907	0.4099999964237213	0.23000000417232513	0.4300000071525574	0.11999999731779099	0.3200000002980232	BFB	objectness_type_threshold	False	BFB	0.371200665309702	0.05035360962069302	BFB	BFB	BFB:canonical	BFB:canonical	True	False	True	True	True	False	wrong_level	True	1	train
AU565:chr6:0-8775217:7	AU565:chr6:0-8775217:7	AU565	chr6	p	0	8775217	candidate_region_label	BFB	region	candidate_region	15	31	31	candidate_region_with_context	6709076	8775217	sv_attention	0.9994	0.2355	HP1	0.7112	0.615	345.0	35.0	1.7669	0.5856	C3	BFB	BFB:noncanonicalB	chromosome_arm	0	60589000	402	402	8	15	10	8775218	1.7093592432689422e-06	2.352533464125905	86499.5	191813.0	487362.0	False	0.4	0.0714285714285714	1	3	3	0	0	2	3	3	0	0	0	0	16	0	12.0	12.0			3	2	1.0	0	9	1	0	sample_residual	coords	1	0	BFB:noncanonicalB	BFB	6.064765930175781	0.9976820834538788	Seismic_Amplification	0.3085955265074448	-0.8066935539245605	-3.390352249145508	0.03259834505677168	-0.8066935539245605	0.3085955265074448	-3.0919322967529297	0.04344126917962113	-1.7513993978500366	0.1478707799836955	AU565:C3	1	max	0.7900000214576721	min_delta	0.30000001192092896	0.20000000298023224	type_confidence	0.9800000190734863	0.10000000149011612	0.30000001192092896	0.6399999856948853	0.8399999886751175	0.20999999344348907	0.4099999964237213	0.23000000417232513	0.4300000071525574	0.11999999731779099	0.3200000002980232	Seismic_Amplification	objectness_type_threshold	False	Seismic_Amplification	0.3085955265074448	0.16072474652374932	Seismic_Amplification	Seismic_Amplification	Seismic_Amplification:noncanonical	Seismic_Amplification:noncanonical	True	False	False	False	False	False	wrong	True	1	train
AU565:chr6:24684333-34294777:8	AU565:chr6:24684333-34294777:8	AU565	chr6	p	24684333	34294777	candidate_region_label	chromothripsis	region	candidate_region	10	24	24	candidate_region_with_context	26739554	32646123	sv_attention	0.9999	0.6146	mixed_HP	0.1607	0.4156	95.0	59.0	2.1711	2.1086	C4	chromothripsis	chromothripsis:canonical	chromosome_arm	0	60589000	402	402	8	10	5	9610445	1.0405345434056384e-06	4.279679869142376	65448.0	299870.0	1670832.25	False	0.6	0.2222222222222222	0	0	1	2	3	3	1	0	0	0	0	0	11	0					6	1	0.0	1	3	0	1	sample_residual	coords	1	0	chromothripsis:canonical	chromothripsis	2.486233949661255	0.923171116313734	chromothripsis	0.551858807294369	0.2081838846206665	-3.0740721225738525	0.044189514561986484	-2.8018038272857666	0.05722677827245889	0.2081838846206665	0.551858807294369	-2.9561190605163574	0.04944810319999362	AU565:C4	1	max	0.7900000214576721	min_delta	0.30000001192092896	0.20000000298023224	type_confidence	0.9800000190734863	0.10000000149011612	0.30000001192092896	0.6399999856948853	0.8399999886751175	0.20999999344348907	0.4099999964237213	0.23000000417232513	0.4300000071525574	0.11999999731779099	0.3200000002980232	chromothripsis	objectness_type_threshold	False	chromothripsis	0.551858807294369	0.4946320290219101	chromothripsis	chromothripsis	chromothripsis:canonical	chromothripsis:canonical	True	True	True	True	False	False	exact	True	1	train
AU565:chr7:114215974-133164006:9	AU565:chr7:114215974-133164006:9	AU565	chr7	q	114215974	133164006	candidate_region_label	Seismic_Amplification;BFB	region	candidate_region	14	22	22	candidate_region_with_context	114409365	128945378	sv_attention	0.9998	0.7672	HP1	0.8616	0.8155	379.0	0.0	6.655	1.7436	C5	Seismic_Amplification;BFB	Seismic_Amplification:noncanonical;BFB:noncanonicalB	chromosome_arm	59904000	159300001	402	402	8	13	12	18948033	7.388629732701014e-07	8.39861214090138	197069.5	426320.5	2085418.0	False	0.4285714285714285	0.0	1	1	1	0	1	0	0	0	7	3	0	0	15	2	1.0	12.0	11.0	12.0	4	2	5.0	2	2	0	2	sample_residual	coords	1	0	Seismic_Amplification:noncanonical;BFB:noncanonicalB	Seismic_Amplification;BFB	4.430978298187256	0.9882371716090347	Seismic_Amplification	0.6749405730107264	0.7306166291236877	-0.46146467328071594	0.3866384202138628	0.7306166291236877	0.6749405730107264	-3.992368459701538	0.01812150062747288	-1.1731494665145874	0.2362861752759099	AU565:C5	1	max	0.7900000214576721	min_delta	0.30000001192092896	0.20000000298023224	type_confidence	0.9800000190734863	0.10000000149011612	0.30000001192092896	0.6399999856948853	0.8399999886751175	0.20999999344348907	0.4099999964237213	0.23000000417232513	0.4300000071525574	0.11999999731779099	0.3200000002980232	Seismic_Amplification	objectness_type_threshold	False	Seismic_Amplification	0.6749405730107264	0.2883021527968636	Seismic_Amplification	Seismic_Amplification	Seismic_Amplification:canonical	Seismic_Amplification:canonical	True	False	True	False	False	True	partial_class	True	1	train
AU565:chr8:47000001-50494087:10	AU565:chr8:47000001-50494087:10	AU565	chr8	q	47000001	50494087	candidate_region_label	ecDNA;Seismic_Amplification;BFB	region	candidate_region	7	23	23	candidate_region_with_context	48905178	50494087	sv_attention	0.9992	0.4547	mixed_HP	-0.0035	0.3	32.0	74.0	3.9766	0.4867	C6	ecDNA;Seismic_Amplification;BFB	ecDNA;Seismic_Amplification:noncanonical;BFB:noncanonicalB	chromosome_arm	45644000	145100001	402	402	8	7	5	3494087	2.003384575140802e-06	4.463317312934681	102772.5	204435.0	676022.5	False	0.5714285714285714	0.3333333333333333	1	0	2	2	0	0	0	0	1	0	0	1	8	1	4.0	5.0	4.0	4.0	0	0	2.0	2	4	0	2	sample_residual	coords	1	0	ecDNA;Seismic_Amplification:noncanonical;BFB:noncanonicalB	ecDNA;Seismic_Amplification;BFB	6.408315658569336	0.9983549131504182	ecDNA	0.9828493770312535	4.048421382904053	4.048421382904053	0.9828493770312535	0.8604933023452759	0.7027637090375264	-3.2748804092407227	0.036443064613687896	-0.6800445318222046	0.3362513636267992	AU565:C6	4	max	0.7900000214576721	min_delta	0.30000001192092896	0.20000000298023224	type_confidence	0.9800000190734863	0.10000000149011612	0.30000001192092896	0.6399999856948853	0.8399999886751175	0.20999999344348907	0.4099999964237213	0.23000000417232513	0.4300000071525574	0.11999999731779099	0.3200000002980232	ecDNA	objectness_type_threshold	False	ecDNA	0.9828493770312535	0.28008566799372714	ecDNA;Seismic_Amplification;BFB	ecDNA;Seismic_Amplification;BFB	ecDNA;Seismic_Amplification:canonical;BFB:canonical	ecDNA;Seismic_Amplification:canonical;BFB:canonical	True	False	True	True	True	False	wrong_level	True	3	train
AU565:chr8:70898854-90691867:11	AU565:chr8:70898854-90691867:11	AU565	chr8	q	70898854	90691867	candidate_region_label	ecDNA;Seismic_Amplification;BFB	region	candidate_region	59	106	106	candidate_region_with_context	70977190	90691867	sv_attention	1.0	0.996	mixed_HP	-0.2224	0.2	115.0	1103.0	14.8725	0.3421	C6	ecDNA;Seismic_Amplification;BFB	ecDNA;Seismic_Amplification:noncanonical;BFB:noncanonicalB	chromosome_arm	45644000	145100001	402	402	8	59	42	19793014	2.980849707881781e-06	15.214586368705646	88076.5	186399.0	307138.0	False	0.1016949152542373	0.0172413793103448	2	0	0	3	2	1	1	3	7	16	20	4	61	0					12	7	0.0	13	27	2	13	sample_residual	coords	1	0	ecDNA;Seismic_Amplification:noncanonical;BFB:noncanonicalB	ecDNA;Seismic_Amplification;BFB	6.408315658569336	0.9983549131504182	ecDNA	0.9828493770312535	4.048421382904053	4.048421382904053	0.9828493770312535	0.8604933023452759	0.7027637090375264	-3.2748804092407227	0.036443064613687896	-0.6800445318222046	0.3362513636267992	AU565:C6	4	max	0.7900000214576721	min_delta	0.30000001192092896	0.20000000298023224	type_confidence	0.9800000190734863	0.10000000149011612	0.30000001192092896	0.6399999856948853	0.8399999886751175	0.20999999344348907	0.4099999964237213	0.23000000417232513	0.4300000071525574	0.11999999731779099	0.3200000002980232	ecDNA	objectness_type_threshold	False	ecDNA	0.9828493770312535	0.28008566799372714	ecDNA;Seismic_Amplification;BFB	ecDNA;Seismic_Amplification;BFB	ecDNA;Seismic_Amplification:canonical;BFB:canonical	ecDNA;Seismic_Amplification:canonical;BFB:canonical	True	False	True	True	True	False	wrong_level	True	3	train
AU565:chr8:103691910-145138636:12	AU565:chr8:103691910-145138636:12	AU565	chr8	q	103691910	145138636	candidate_region_label	ecDNA;Seismic_Amplification;BFB	region	candidate_region	104	205	205	candidate_region_with_context	103694000	145138636	sv_attention	1.0	0.9999	mixed_HP	-0.1295	0.2	379.0	1777.0	11.1308	0.5341	C6	ecDNA;Seismic_Amplification;BFB	ecDNA;Seismic_Amplification:noncanonical;BFB:noncanonicalB	chromosome_arm	45644000	145100001	402	402	8	104	68	41446727	2.509245181169553e-06	11.655934520474922	78767.25	175732.5	443418.75	False	0.1826923076923076	0.0485436893203883	7	4	10	9	6	2	2	0	1	19	32	12	105	2	17.0	95.0	17.0	28.0	29	13	4.0	23	35	1	23	sample_residual	coords	1	0	ecDNA;Seismic_Amplification:noncanonical;BFB:noncanonicalB	ecDNA;Seismic_Amplification;BFB	6.408315658569336	0.9983549131504182	ecDNA	0.9828493770312535	4.048421382904053	4.048421382904053	0.9828493770312535	0.8604933023452759	0.7027637090375264	-3.2748804092407227	0.036443064613687896	-0.6800445318222046	0.3362513636267992	AU565:C6	4	max	0.7900000214576721	min_delta	0.30000001192092896	0.20000000298023224	type_confidence	0.9800000190734863	0.10000000149011612	0.30000001192092896	0.6399999856948853	0.8399999886751175	0.20999999344348907	0.4099999964237213	0.23000000417232513	0.4300000071525574	0.11999999731779099	0.3200000002980232	ecDNA	objectness_type_threshold	False	ecDNA	0.9828493770312535	0.28008566799372714	ecDNA;Seismic_Amplification;BFB	ecDNA;Seismic_Amplification;BFB	ecDNA;Seismic_Amplification:canonical;BFB:canonical	ecDNA;Seismic_Amplification:canonical;BFB:canonical	True	False	True	True	True	False	wrong_level	True	3	train
AU565:chr10:27994282-32989762:13		AU565	chr10	p	27994282	32989762	candidate_region_empty		empty_candidate_region	candidate_region	5	14	14	candidate_region_with_context	27994482	29036260	sv_attention	0.8059	0.2085	HP2	-0.6369	0.5158	8.0	77.0	0.7159	1.2924	C7			chromosome_arm	0	40246000	402	402	8	5	4	4995481	1.0009046175933808e-06	2.008350747405505	471385.0	481285.0	508154.0	False	0.6	0.5	0	1	0	1	1	2	0	0	0	0	0	0	6	0					4	0	0.0	1	1	0	1	sample_residual	coords	0	1			-1.865139126777649	0.1341051686215316	chromothripsis	0.22553490533498327	-1.2336976528167725	-1.4537816047668457	0.18942025552816247	-2.079495668411255	0.11110576537361967	-1.2336976528167725	0.22553490533498327	-4.101675510406494	0.01627565143191266	AU565:C7	1	max	0.7900000214576721	min_delta	0.30000001192092896	0.20000000298023224	type_confidence	0.9800000190734863	0.10000000149011612	0.30000001192092896	0.6399999856948853	0.8399999886751175	0.20999999344348907	0.4099999964237213	0.23000000417232513	0.4300000071525574	0.11999999731779099	0.3200000002980232	none	none_objectness	False	chromothripsis	0.22553490533498327	0.0361146498068208		none		none	False	False	False	False	False	False	background	True	0	train
AU565:chr10:55213168-71714103:14	AU565:chr10:55213168-71714103:14	AU565	chr10	q	55213168	71714103	candidate_region_label	BFB	region	candidate_region	21	29	29	candidate_region_with_context	55266419	71714103	sv_attention	1.0	0.9968	HP1	0.4908	0.321	171.0	29.0	2.2314	2.0094	C8	BFB	BFB:noncanonicalB	chromosome_arm	40246000	133750001	402	402	8	21	17	16500936	1.2726550784755482e-06	4.240793310149194	136527.0	413819.0	567907.0	False	0.7142857142857143	0.5	0	0	0	2	10	2	5	2	0	0	0	0	23	0	15.0	15.0			5	4	1.0	2	11	0	2	sample_residual	coords	1	0	BFB:noncanonicalB	BFB	5.687859535217285	0.9966245973140735	BFB	0.16827335014013614	-1.5979140996932983	-2.703465700149536	0.06276916249564216	-2.592541456222534	0.06961998485845035	-1.6967689990997314	0.15488772364451692	-1.5979140996932983	0.16827335014013614	AU565:C8	1	max	0.7900000214576721	min_delta	0.30000001192092896	0.20000000298023224	type_confidence	0.9800000190734863	0.10000000149011612	0.30000001192092896	0.6399999856948853	0.8399999886751175	0.20999999344348907	0.4099999964237213	0.23000000417232513	0.4300000071525574	0.11999999731779099	0.3200000002980232	BFB	objectness_type_threshold	False	BFB	0.16827335014013614	0.013385626495619224	BFB	BFB	BFB:noncanonicalB	BFB:noncanonicalB	True	True	True	True	False	False	exact	True	1	train
AU565:chr14:45524644-58036648:15	AU565:chr14:45524644-58036648:15	AU565	chr14	q	45524644	58036648	candidate_region_label	ecDNA;Seismic_Amplification;BFB	region	candidate_region	10	13	13	candidate_region_with_context	49692456	58036648	sv_attention	0.6623	0.6669	mixed_HP	-0.3008	0.7887	65.0	77.0	0.6006	3.9054	C6	ecDNA;Seismic_Amplification;BFB	ecDNA;Seismic_Amplification:noncanonical;BFB:noncanonicalB	chromosome_arm	17600000	107000001	402	402	8	10	8	12512005	7.992324171865341e-07	4.505988688463599	240669.25	824103.0	1004713.5	False	0.6	0.3333333333333333	0	0	1	0	3	1	1	0	4	0	0	0	12	0					0	0	0.0	9	3	0	9	sample_residual	coords	1	0	ecDNA;Seismic_Amplification:noncanonical;BFB:noncanonicalB	ecDNA;Seismic_Amplification;BFB	6.408315658569336	0.9983549131504182	ecDNA	0.9828493770312535	4.048421382904053	4.048421382904053	0.9828493770312535	0.8604933023452759	0.7027637090375264	-3.2748804092407227	0.036443064613687896	-0.6800445318222046	0.3362513636267992	AU565:C6	4	max	0.7900000214576721	min_delta	0.30000001192092896	0.20000000298023224	type_confidence	0.9800000190734863	0.10000000149011612	0.30000001192092896	0.6399999856948853	0.8399999886751175	0.20999999344348907	0.4099999964237213	0.23000000417232513	0.4300000071525574	0.11999999731779099	0.3200000002980232	ecDNA	objectness_type_threshold	False	ecDNA	0.9828493770312535	0.28008566799372714	ecDNA;Seismic_Amplification;BFB	ecDNA;Seismic_Amplification;BFB	ecDNA;Seismic_Amplification:canonical;BFB:canonical	ecDNA;Seismic_Amplification:canonical;BFB:canonical	True	False	True	True	True	False	wrong_level	True	3	train
AU565:chr17:28000001-42420153:16	AU565:chr17:28000001-42420153:16	AU565	chr17	q	28000001	42420153	candidate_region_label	ecDNA;Seismic_Amplification;BFB	region	candidate_region	11	13	13	candidate_region_with_context	30641929	42420153	sv_attention	0.9959	0.8168	HP2	-0.2778	0.0371	38.0	348.0	5.6254	0.7208	C9	ecDNA;Seismic_Amplification;BFB	ecDNA;Seismic_Amplification:noncanonical;BFB:noncanonicalB	chromosome_arm	25150000	83250001	402	402	8	10	11	14420153	7.62821309870984e-07	6.346199031314023	325328.0	790663.0	1186888.5	False	0.2727272727272727	0.0	0	2	1	0	1	1	0	1	2	0	3	0	11	0	9.0	9.0			3	1	1.0	6	0	0	6	sample_residual	coords	1	0	ecDNA;Seismic_Amplification:noncanonical;BFB:noncanonicalB	ecDNA;Seismic_Amplification;BFB	5.701768398284912	0.9966710651345517	ecDNA	0.8753298470128754	1.9489293098449707	1.9489293098449707	0.8753298470128754	0.11288970708847046	0.5281924925006178	-2.379767417907715	0.08472860065207183	-1.0302053689956665	0.26304429104037613	AU565:C9	2	max	0.7900000214576721	min_delta	0.30000001192092896	0.20000000298023224	type_confidence	0.9800000190734863	0.10000000149011612	0.30000001192092896	0.6399999856948853	0.8399999886751175	0.20999999344348907	0.4099999964237213	0.23000000417232513	0.4300000071525574	0.11999999731779099	0.3200000002980232	ecDNA	objectness_type_threshold	False	ecDNA	0.8753298470128754	0.3471373545122576	ecDNA;Seismic_Amplification	ecDNA;Seismic_Amplification	ecDNA;Seismic_Amplification:canonical	ecDNA;Seismic_Amplification:canonical	True	False	True	False	False	True	partial_class	True	2	train
AU565:chr17:62570891-83257441:17	AU565:chr17:62570891-83257441:17	AU565	chr17	q	62570891	83257441	candidate_region_label	ecDNA;Seismic_Amplification;BFB	region	candidate_region	16	30	30	candidate_region_with_context	63555000	83257441	sv_attention	1.0	0.9524	mixed_HP	0.0105	0.7394	196.0	159.0	1.8133	2.5928	C9	ecDNA;Seismic_Amplification;BFB	ecDNA;Seismic_Amplification:noncanonical;BFB:noncanonicalB	chromosome_arm	25150000	83250001	402	402	8	15	16	20686551	7.734493778107332e-07	4.405269684637134	323655.0	580448.0	1495088.25	False	0.4375	0.2	0	0	2	4	2	3	2	1	1	1	0	0	16	0					4	5	0.0	5	2	0	5	sample_residual	coords	1	0	ecDNA;Seismic_Amplification:noncanonical;BFB:noncanonicalB	ecDNA;Seismic_Amplification;BFB	5.701768398284912	0.9966710651345517	ecDNA	0.8753298470128754	1.9489293098449707	1.9489293098449707	0.8753298470128754	0.11288970708847046	0.5281924925006178	-2.379767417907715	0.08472860065207183	-1.0302053689956665	0.26304429104037613	AU565:C9	2	max	0.7900000214576721	min_delta	0.30000001192092896	0.20000000298023224	type_confidence	0.9800000190734863	0.10000000149011612	0.30000001192092896	0.6399999856948853	0.8399999886751175	0.20999999344348907	0.4099999964237213	0.23000000417232513	0.4300000071525574	0.11999999731779099	0.3200000002980232	ecDNA	objectness_type_threshold	False	ecDNA	0.8753298470128754	0.3471373545122576	ecDNA;Seismic_Amplification	ecDNA;Seismic_Amplification	ecDNA;Seismic_Amplification:canonical	ecDNA;Seismic_Amplification:canonical	True	False	True	False	False	True	partial_class	True	2	train
AU565:chr18:47315093-56791383:18		AU565	chr18	q	47315093	56791383	candidate_region_empty		empty_candidate_region	candidate_region	4	6	6	candidate_region_with_context	51458064	56212928	sv_attention	0.8977	0.5018	mixed_HP	-0.245	0.3	14.0	27.0	0.8168	1.0	C10			chromosome_arm	18540000	80350001	402	402	8	4	4	9476291	4.221060750456059e-07	1.816798154467819	2007271.5	2666659.0	3028460.25	False	0.75	0.3333333333333333	0	1	2	1	0	0	0	0	0	0	0	0	5	0					1	0	0.0	1	3	0	1	sample_residual	coords	0	1			-1.036247730255127	0.26187464549828726	chromothripsis	0.34715674188948703	-0.6315606832504272	-1.4994361400604248	0.1825096365754454	-1.9717029333114624	0.1222060926056286	-0.6315606832504272	0.34715674188948703	-4.066137790679932	0.01685452736330441	AU565:C10	1	max	0.7900000214576721	min_delta	0.30000001192092896	0.20000000298023224	type_confidence	0.9800000190734863	0.10000000149011612	0.30000001192092896	0.6399999856948853	0.8399999886751175	0.20999999344348907	0.4099999964237213	0.23000000417232513	0.4300000071525574	0.11999999731779099	0.3200000002980232	none	none_objectness	False	chromothripsis	0.34715674188948703	0.16464710531404164		none		none	False	False	False	False	False	False	background	True	0	train
AU565:chr20:0-58962673:19	AU565:chr20:0-58962673:19	AU565	chr20	mixed	0	58962673	candidate_region_label	Seismic_Amplification;BFB	region	candidate_region	73	156	156	candidate_region_with_context	3073212	58962673	sv_attention	1.0	0.9479	mixed_HP	-0.0494	0.2968	351.0	406.0	2.8904	2.9074	C11	Seismic_Amplification;BFB	Seismic_Amplification:canonical;BFB:noncanonicalB	chromosome	0	64400001	402	402	8	71	53	58962674	1.2380713941162166e-06	5.797808881598551	91469.0	252095.0	746263.0	False	0.3424657534246575	0.0972222222222222	0	0	0	2	1	13	10	12	24	11	0	0	71	0	29.0	29.0			19	19	1.0	0	31	1	0	sample_residual	coords	1	0	Seismic_Amplification:canonical;BFB:noncanonicalB	Seismic_Amplification;BFB	7.0915398597717285	0.9991685768016612	Seismic_Amplification	0.9892872122422698	4.525546550750732	-4.007456302642822	0.017854983719505838	4.525546550750732	0.9892872122422698	-2.154386043548584	0.1039220746335855	-1.376104712486267	0.2016353286591989	AU565:C11	1	max	0.7900000214576721	min_delta	0.30000001192092896	0.20000000298023224	type_confidence	0.9800000190734863	0.10000000149011612	0.30000001192092896	0.6399999856948853	0.8399999886751175	0.20999999344348907	0.4099999964237213	0.23000000417232513	0.4300000071525574	0.11999999731779099	0.3200000002980232	Seismic_Amplification	objectness_type_threshold	False	Seismic_Amplification	0.9892872122422698	0.7876518835830709	Seismic_Amplification	Seismic_Amplification	Seismic_Amplification:canonical	Seismic_Amplification:canonical	True	False	True	False	False	True	partial_class	True	1	train
AU565:chr22:46498609-50818468:20		AU565	chr22	q	46498609	50818468	candidate_region_empty		empty_candidate_region	candidate_region	6	4	4	candidate_region_with_context	47479650	49818212	sv_attention	0.7524	0.5414	mixed_HP	-0.1498	0.3571	13.0	22.0	1.8704	1.6423	C12			chromosome_arm	15050000	50800001	402	402	8	6	5	4319860	1.388933900635669e-06	3.5062559897774466	168166.75	490521.5	906843.75	False	0.5	0.0	0	1	1	1	2	0	1	0	0	0	0	0	5	0					2	2	0.0	0	0	1	0	sample_residual	coords	0	1			-1.9893776178359985	0.12032272304555142	chromothripsis	0.3091707176114792	-0.803999125957489	-2.8208343982696533	0.0562086529843661	-0.977256178855896	0.2734365568790579	-0.803999125957489	0.3091707176114792	-4.183501720428467	0.015016109120003614	AU565:C12	1	max	0.7900000214576721	min_delta	0.30000001192092896	0.20000000298023224	type_confidence	0.9800000190734863	0.10000000149011612	0.30000001192092896	0.6399999856948853	0.8399999886751175	0.20999999344348907	0.4099999964237213	0.23000000417232513	0.4300000071525574	0.11999999731779099	0.3200000002980232	none	none_objectness	False	chromothripsis	0.3091707176114792	0.035734160732421305		none		none	False	False	False	False	False	False	background	True	0	train
BT474:chr1:151000001-176668027:1	BT474:chr1:151000001-176668027:1	BT474	chr1	q	151000001	176668027	candidate_region_label	Seismic_Amplification;BFB	region	candidate_region	27	31	31	candidate_region_with_context	155554875	176668027	sv_attention	1.0	0.8225	mixed_HP	0.2453	0.2	224.0	53.0	1.8035	5.3925	C1	Seismic_Amplification;BFB	Seismic_Amplification:noncanonical;BFB:noncanonicalB	chromosome_arm	123459000	248950001	402	402	8	27	24	25668027	1.0518923016560642e-06	7.196018026629004	339333.0	700824.0	1189754.5	False	0.3703703703703703	0.0384615384615384	0	0	5	0	0	2	3	1	9	7	0	0	27	0					5	2	0.0	8	12	0	8	sample_residual	coords	1	0	Seismic_Amplification:noncanonical;BFB:noncanonicalB	Seismic_Amplification;BFB	5.530897617340088	0.9960532081436304	Seismic_Amplification	0.7412820705759715	1.052642822265625	0.6151732206344604	0.6491199785551585	1.052642822265625	0.7412820705759715	-3.1126935482025146	0.042586684607912074	-1.098855972290039	0.2499543121044623	BT474:C1	3	max	0.7900000214576721	min_delta	0.30000001192092896	0.20000000298023224	type_confidence	0.9800000190734863	0.10000000149011612	0.30000001192092896	0.6399999856948853	0.8399999886751175	0.20999999344348907	0.4099999964237213	0.23000000417232513	0.4300000071525574	0.11999999731779099	0.3200000002980232	Seismic_Amplification	objectness_type_threshold	False	Seismic_Amplification	0.7412820705759715	0.09216209202081305	Seismic_Amplification	Seismic_Amplification	Seismic_Amplification:canonical	Seismic_Amplification:canonical	True	False	True	False	False	True	partial_class	True	1	train
BT474:chr1:189780634-204485228:2	BT474:chr1:189780634-204485228:2	BT474	chr1	q	189780634	204485228	candidate_region_label	Seismic_Amplification;BFB	region	candidate_region	17	21	21	candidate_region_with_context	191518846	204485228	sv_attention	0.9999	0.8818	mixed_HP	0.0155	0.3	119.0	62.0	1.0991	4.1771	C1	Seismic_Amplification;BFB	Seismic_Amplification:noncanonical;BFB:noncanonicalB	chromosome_arm	123459000	248950001	402	402	8	17	12	14704595	1.1561012050994945e-06	5.276171156022999	95401.0	302931.0	1045981.0	False	0.3529411764705882	0.0	0	0	3	1	0	2	3	1	1	6	0	0	18	1	6.0	6.0	6.0	6.0	1	1	1.0	8	6	1	8	sample_residual	coords	1	0	Seismic_Amplification:noncanonical;BFB:noncanonicalB	Seismic_Amplification;BFB	5.530897617340088	0.9960532081436304	Seismic_Amplification	0.7412820705759715	1.052642822265625	0.6151732206344604	0.6491199785551585	1.052642822265625	0.7412820705759715	-3.1126935482025146	0.042586684607912074	-1.098855972290039	0.2499543121044623	BT474:C1	3	max	0.7900000214576721	min_delta	0.30000001192092896	0.20000000298023224	type_confidence	0.9800000190734863	0.10000000149011612	0.30000001192092896	0.6399999856948853	0.8399999886751175	0.20999999344348907	0.4099999964237213	0.23000000417232513	0.4300000071525574	0.11999999731779099	0.3200000002980232	Seismic_Amplification	objectness_type_threshold	False	Seismic_Amplification	0.7412820705759715	0.09216209202081305	Seismic_Amplification	Seismic_Amplification	Seismic_Amplification:canonical	Seismic_Amplification:canonical	True	False	True	False	False	True	partial_class	True	1	train
BT474:chr1:225071131-248956422:3	BT474:chr1:225071131-248956422:3	BT474	chr1	q	225071131	248956422	candidate_region_label	Seismic_Amplification;BFB	region	candidate_region	27	36	36	candidate_region_with_context	226784014	248956422	sv_attention	0.9997	0.9283	mixed_HP	0.2573	0.1667	405.0	128.0	2.5002	4.325	C1	Seismic_Amplification;BFB	Seismic_Amplification:noncanonical;BFB:noncanonicalB	chromosome_arm	123459000	248950001	402	402	8	27	21	23885292	1.1304027599913788e-06	6.823919422881663	145241.0	418782.0	1226364.0	False	0.2222222222222222	0.0384615384615384	0	0	3	2	0	2	3	3	2	8	4	0	26	0					3	3	0.0	9	11	0	9	sample_residual	coords	1	0	Seismic_Amplification:noncanonical;BFB:noncanonicalB	Seismic_Amplification;BFB	5.530897617340088	0.9960532081436304	Seismic_Amplification	0.7412820705759715	1.052642822265625	0.6151732206344604	0.6491199785551585	1.052642822265625	0.7412820705759715	-3.1126935482025146	0.042586684607912074	-1.098855972290039	0.2499543121044623	BT474:C1	3	max	0.7900000214576721	min_delta	0.30000001192092896	0.20000000298023224	type_confidence	0.9800000190734863	0.10000000149011612	0.30000001192092896	0.6399999856948853	0.8399999886751175	0.20999999344348907	0.4099999964237213	0.23000000417232513	0.4300000071525574	0.11999999731779099	0.3200000002980232	Seismic_Amplification	objectness_type_threshold	False	Seismic_Amplification	0.7412820705759715	0.09216209202081305	Seismic_Amplification	Seismic_Amplification	Seismic_Amplification:canonical	Seismic_Amplification:canonical	True	False	True	False	False	True	partial_class	True	1	train
BT474:chr2:0-12798428:4	BT474:chr2:0-12798428:4	BT474	chr2	p	0	12798428	candidate_region_label	chromothripsis;BFB	region	candidate_region	5	9	9	candidate_region_with_context	12623	12798428	sv_attention	0.9698	0.999	HP1	0.7702	0.6936	69.0	10.0	3.7037	0.3732	C2	chromothripsis;BFB	chromothripsis:noncanonical;BFB:noncanonicalB	chromosome_arm	0	93989000	402	402	8	5	4	12798429	3.9067294900022493e-07	4.076894125052379	1894228.0	2364656.0	3750724.0	False	0.6	0.0	1	0	2	0	1	0	1	0	0	0	0	0	5	0	1.0	1.0			1	1	1.0	0	2	0	0	sample_residual	coords	1	0	chromothripsis:noncanonical;BFB:noncanonicalB	chromothripsis;BFB	3.996370553970337	0.9819495719235313	chromothripsis	0.2985646738575404	-0.8541421294212341	-5.051199436187744	0.0063609300176968335	-2.8969576358795166	0.05230416307302499	-0.8541421294212341	0.2985646738575404	-2.5107641220092773	0.07510701178528191	BT474:C2	1	max	0.7900000214576721	min_delta	0.30000001192092896	0.20000000298023224	type_confidence	0.9800000190734863	0.10000000149011612	0.30000001192092896	0.6399999856948853	0.8399999886751175	0.20999999344348907	0.4099999964237213	0.23000000417232513	0.4300000071525574	0.11999999731779099	0.3200000002980232	chromothripsis	objectness_type_threshold	False	chromothripsis	0.2985646738575404	0.22345766207225848	chromothripsis	chromothripsis	chromothripsis:noncanonical	chromothripsis:noncanonical	True	False	True	False	False	True	partial_class	True	1	train
BT474:chr3:94000001-96109704:5	BT474:chr3:94000001-96109704:5	BT474	chr3	q	94000001	96109704	candidate_region_label	BFB	region	candidate_region	1	1	1	candidate_region_with_context	96109703	96109704	sv_attention	0.3	0.0	HP2	-0.5	0.3333	0.0	10.0	3.0	1.0	C3	BFB	BFB:noncanonicalB	chromosome_arm	90951000	198250001	402	402	8	1	1	2109704	4.740001440960438e-07	4.0	2109704.0	2109704.0	2109704.0	False	0.0	0.0	0	0	0	0	1	0	0	0	0	0	0	0	1	0	1.0	1.0			0	0	1.0	0	0	0	0	sample_residual	coords	1	0	BFB:noncanonicalB	BFB	4.465808391571045	0.9886352431974331	BFB	0.1797660957233106	-1.5179330110549927	-5.578399181365967	0.0037643854057417634	-3.533822774887085	0.028365040069259467	-2.6008291244506836	0.06908507836272716	-1.5179330110549927	0.1797660957233106	BT474:C3	1	max	0.7900000214576721	min_delta	0.30000001192092896	0.20000000298023224	type_confidence	0.9800000190734863	0.10000000149011612	0.30000001192092896	0.6399999856948853	0.8399999886751175	0.20999999344348907	0.4099999964237213	0.23000000417232513	0.4300000071525574	0.11999999731779099	0.3200000002980232	BFB	objectness_type_threshold	False	BFB	0.1797660957233106	0.11068101736058343	BFB	BFB	BFB:noncanonicalB	BFB:noncanonicalB	True	True	True	True	False	False	exact	True	1	train
BT474:chr4:75139194-78870225:6	BT474:chr4:75139194-78870225:6	BT474	chr4	q	75139194	78870225	candidate_region_label	Seismic_Amplification	region	candidate_region	11	27	27	candidate_region_with_context	75832960	78870225	sv_attention	1.0	0.8141	mixed_HP	0.4732	0.7971	98.0	15.0	4.3914	4.8492	C4	Seismic_Amplification	Seismic_Amplification:noncanonical	chromosome_arm	50494000	190200001	402	402	8	11	8	3731032	2.9482459544705057e-06	9.240580622197829	112115.5	150782.0	506924.5	False	0.1818181818181818	0.1	0	0	1	0	0	1	0	1	2	6	0	0	14	0					0	0	0.0	9	5	0	9	sample_residual	coords	1	0	Seismic_Amplification:noncanonical	Seismic_Amplification	4.335416316986084	0.9870728783477659	Seismic_Amplification	0.580988426265134	0.32683229446411133	-2.51310396194458	0.07494463409167869	0.32683229446411133	0.580988426265134	-3.3690736293792725	0.03327609618751665	-2.407616376876831	0.08259375046903672	BT474:C4	1	max	0.7900000214576721	min_delta	0.30000001192092896	0.20000000298023224	type_confidence	0.9800000190734863	0.10000000149011612	0.30000001192092896	0.6399999856948853	0.8399999886751175	0.20999999344348907	0.4099999964237213	0.23000000417232513	0.4300000071525574	0.11999999731779099	0.3200000002980232	Seismic_Amplification	objectness_type_threshold	False	Seismic_Amplification	0.580988426265134	0.4983946757960973	Seismic_Amplification	Seismic_Amplification	Seismic_Amplification:canonical	Seismic_Amplification:canonical	True	False	True	True	True	False	wrong_level	True	1	train
BT474:chr4:177350069-190214555:7	BT474:chr4:177350069-190214555:7	BT474	chr4	q	177350069	190214555	candidate_region_label	Seismic_Amplification;BFB	region	candidate_region	11	24	24	candidate_region_with_context	178536529	190119438	sv_attention	1.0	0.9004	HP1	0.3992	0.1989	181.0	58.0	2.338	1.6645	C5	Seismic_Amplification;BFB	Seismic_Amplification:noncanonical;BFB:noncanonicalB	chromosome_arm	50494000	190200001	402	402	8	11	8	12864487	8.550671317091773e-07	4.000243927332664	120612.0	303357.0	1346385.5	False	0.4545454545454545	0.2	0	0	3	0	1	2	1	1	0	3	0	0	10	0	10.0	10.0			0	0	1.0	9	0	0	9	sample_residual	coords	1	0	Seismic_Amplification:noncanonical;BFB:noncanonicalB	Seismic_Amplification;BFB	5.3686137199401855	0.9953610326005944	BFB	0.2609702844532917	-1.0409315824508667	-1.2139514684677124	0.22900263101186888	-1.2828599214553833	0.2170637949337634	-2.8515167236328125	0.054602968777506464	-1.0409315824508667	0.2609702844532917	BT474:C5	1	max	0.7900000214576721	min_delta	0.30000001192092896	0.20000000298023224	type_confidence	0.9800000190734863	0.10000000149011612	0.30000001192092896	0.6399999856948853	0.8399999886751175	0.20999999344348907	0.4099999964237213	0.23000000417232513	0.4300000071525574	0.11999999731779099	0.3200000002980232	BFB	objectness_type_threshold	False	BFB	0.2609702844532917	0.0319676534414228	BFB	BFB	BFB:canonical	BFB:canonical	True	False	True	False	False	True	partial_class	True	1	train
BT474:chr5:175902457-181538259:8		BT474	chr5	q	175902457	181538259	candidate_region_empty		empty_candidate_region	candidate_region	5	1	1	candidate_region_with_context	176370075	177719774	sv_attention	0.3	0.2395	HP1	0.4894	0.3192	7.0	0.0	1.0234	3.348	C6			chromosome_arm	48464000	181500001	402	402	8	5	4	5635803	8.871850204842149e-07	4.3553065996096745	168401.0	299219.0	1349698.0	False	0.4	0.25	0	0	1	1	1	1	0	1	0	0	0	0	4	0					0	4	0.0	0	0	0	0	sample_residual	coords	0	1			-1.032596230506897	0.26258108041641964	chromothripsis	0.277902620543373	-0.9548892378807068	-2.680826187133789	0.06411428431102267	-1.6254271268844604	0.16445776237848572	-0.9548892378807068	0.277902620543373	-3.689085006713867	0.024385353182492103	BT474:C6	1	max	0.7900000214576721	min_delta	0.30000001192092896	0.20000000298023224	type_confidence	0.9800000190734863	0.10000000149011612	0.30000001192092896	0.6399999856948853	0.8399999886751175	0.20999999344348907	0.4099999964237213	0.23000000417232513	0.4300000071525574	0.11999999731779099	0.3200000002980232	none	none_objectness	False	chromothripsis	0.277902620543373	0.11344485816488728		none		none	False	False	False	False	False	False	background	True	0	train
BT474:chr7:69449818-72861001:9	BT474:chr7:69449818-72861001:9	BT474	chr7	q	69449818	72861001	candidate_region_label	Seismic_Amplification	region	candidate_region	9	9	9	candidate_region_with_context	69988929	72861001	sv_attention	0.7447	0.842	HP1	0.4702	0.2936	45.0	0.0	1.7311	6.7013	C7	Seismic_Amplification	Seismic_Amplification:noncanonical	chromosome_arm	59904000	159300001	402	402	8	9	7	3411184	2.6383801049723496e-06	8.432390337196704	161710.0	210286.0	377403.0	False	0.4444444444444444	0.125	0	0	0	0	0	0	0	2	3	4	0	0	10	0					2	4	0.0	1	3	0	1	sample_residual	coords	1	0	Seismic_Amplification:noncanonical	Seismic_Amplification	3.4697697162628174	0.9698152780083582	Seismic_Amplification	0.7224750224760937	0.9567719101905823	-4.439956188201904	0.011658921386984567	0.9567719101905823	0.7224750224760937	-2.9710302352905273	0.0487519234411675	-2.9429783821105957	0.05006942397801658	BT474:C7	1	max	0.7900000214576721	min_delta	0.30000001192092896	0.20000000298023224	type_confidence	0.9800000190734863	0.10000000149011612	0.30000001192092896	0.6399999856948853	0.8399999886751175	0.20999999344348907	0.4099999964237213	0.23000000417232513	0.4300000071525574	0.11999999731779099	0.3200000002980232	Seismic_Amplification	objectness_type_threshold	False	Seismic_Amplification	0.7224750224760937	0.6724055984980771	Seismic_Amplification	Seismic_Amplification	Seismic_Amplification:canonical	Seismic_Amplification:canonical	True	False	True	True	True	False	wrong_level	True	1	train
BT474:chr8:70366367-80940353:10		BT474	chr8	q	70366367	80940353	candidate_region_empty		empty_candidate_region	candidate_region	6	8	8	candidate_region_with_context	70858037	80940353	sv_attention	0.9608	0.9535	mixed_HP	0.2373	0.1706	49.0	18.0	2.5119	3.8752	C8			chromosome_arm	45644000	145100001	402	402	8	6	6	10573987	5.674302417810803e-07	6.387125405015157	497664.0	858782.5	2940124.25	False	0.5	0.2	0	0	0	0	2	1	0	1	2	0	0	0	8	0					4	3	0.0	0	1	0	0	sample_residual	coords	0	1			0.00016608834266662598	0.5000415220855712	Seismic_Amplification	0.41245105232520357	-0.35384202003479004	-2.9960570335388184	0.04760432143869414	-0.35384202003479004	0.41245105232520357	-2.2470483779907227	0.0956043700137433	-3.8343772888183594	0.02115747949228411	BT474:C8	1	max	0.7900000214576721	min_delta	0.30000001192092896	0.20000000298023224	type_confidence	0.9800000190734863	0.10000000149011612	0.30000001192092896	0.6399999856948853	0.8399999886751175	0.20999999344348907	0.4099999964237213	0.23000000417232513	0.4300000071525574	0.11999999731779099	0.3200000002980232	none	none_objectness	False	Seismic_Amplification	0.41245105232520357	0.3168466823114603		none		none	False	False	False	False	False	False	background	True	0	train
BT474:chr9:32557750-37999999:11	BT474:chr9:32557750-37999999:11	BT474	chr9	p	32557750	37999999	candidate_region_label	BFB	region	candidate_region	5	14	14	candidate_region_with_context	34393241	35447014	sv_attention	0.8532	0.1936	HP1	0.7338	0.6451	58.0	0.0	2.2269	1.4799	C9	BFB	BFB:noncanonicalB	chromosome_arm	0	49224000	402	402	8	5	4	5442250	9.187376544627682e-07	3.706792594974505	396935.0	593951.0	1835493.0	False	0.4	0.25	1	1	0	1	1	0	0	0	0	1	0	0	5	0	1.0	5.0			1	0	4.0	0	0	0	0	sample_residual	coords	1	0	BFB:noncanonicalB	BFB	4.604664325714111	0.9900940497430842	BFB	0.23290687484720735	-1.1919695138931274	-5.020841121673584	0.006555712856797064	-1.5757256746292114	0.17140168280445903	-3.7267298698425293	0.02350561044495841	-1.1919695138931274	0.23290687484720735	BT474:C9	1	max	0.7900000214576721	min_delta	0.30000001192092896	0.20000000298023224	type_confidence	0.9800000190734863	0.10000000149011612	0.30000001192092896	0.6399999856948853	0.8399999886751175	0.20999999344348907	0.4099999964237213	0.23000000417232513	0.4300000071525574	0.11999999731779099	0.3200000002980232	BFB	objectness_type_threshold	False	BFB	0.23290687484720735	0.06150519204274832	BFB	BFB	BFB:noncanonicalB	BFB:noncanonicalB	True	True	True	True	False	False	exact	True	1	train
BT474:chr9:114665482-133000833:12	BT474:chr9:114665482-133000833:12	BT474	chr9	q	114665482	133000833	candidate_region_label	Seismic_Amplification;BFB	region	candidate_region	17	21	21	candidate_region_with_context	116953365	133000833	sv_attention	0.9999	0.8752	mixed_HP	0.0972	0.2679	115.0	62.0	2.8038	5.2903	C10	Seismic_Amplification;BFB	Seismic_Amplification:noncanonical;BFB:noncanonicalB	chromosome_arm	49224000	138350001	402	402	8	17	16	18335352	9.271706373567304e-07	8.094109510414635	256540.0	788531.0	1642662.0	False	0.2352941176470588	0.0	1	0	2	0	1	1	1	2	3	6	0	0	18	0	9.0	9.0			6	2	1.0	7	2	0	7	sample_residual	coords	1	0	Seismic_Amplification:noncanonical;BFB:noncanonicalB	Seismic_Amplification;BFB	4.9298295974731445	0.992824130481127	Seismic_Amplification	0.479820013757268	-0.0807638168334961	-1.843377709388733	0.13665230635568773	-0.0807638168334961	0.479820013757268	-3.0881011486053467	0.0436007479461176	-1.5428544282913208	0.1761207079608648	BT474:C10	1	max	0.7900000214576721	min_delta	0.30000001192092896	0.20000000298023224	type_confidence	0.9800000190734863	0.10000000149011612	0.30000001192092896	0.6399999856948853	0.8399999886751175	0.20999999344348907	0.4099999964237213	0.23000000417232513	0.4300000071525574	0.11999999731779099	0.3200000002980232	Seismic_Amplification	objectness_type_threshold	False	Seismic_Amplification	0.479820013757268	0.30369930579640325	Seismic_Amplification	Seismic_Amplification	Seismic_Amplification:noncanonical	Seismic_Amplification:noncanonical	True	False	True	False	False	True	partial_class	True	1	train
BT474:chr11:0-4707947:13	BT474:chr11:0-4707947:13	BT474	chr11	p	0	4707947	candidate_region_label	BFB	region	candidate_region	1	1	1	candidate_region_with_context	4707946	4707947	sv_attention	0.3	0.0	HP1	0.6667	0.5556	6.0	0.0	0.0	0.0	C11	BFB	BFB:noncanonicalB	chromosome_arm	0	53714000	402	402	8	1	1	4707948	2.1240676405091986e-07	0.0	4707948.0	4707948.0	4707948.0	False	0.0	0.0	1	0	0	0	0	0	0	0	0	0	0	0	1	0	1.0	1.0			0	0	1.0	0	0	0	0	sample_residual	coords	1	0	BFB:noncanonicalB	BFB	4.099672794342041	0.9836922524898911	BFB	0.1455784186777597	-1.769709825515747	-5.314412593841553	0.004896078514633596	-3.8392608165740967	0.021056578562498304	-1.9090746641159058	0.12908484450855584	-1.769709825515747	0.1455784186777597	BT474:C11	1	max	0.7900000214576721	min_delta	0.30000001192092896	0.20000000298023224	type_confidence	0.9800000190734863	0.10000000149011612	0.30000001192092896	0.6399999856948853	0.8399999886751175	0.20999999344348907	0.4099999964237213	0.23000000417232513	0.4300000071525574	0.11999999731779099	0.3200000002980232	BFB	objectness_type_threshold	False	BFB	0.1455784186777597	0.016493574169203856	BFB	BFB	BFB:noncanonicalB	BFB:noncanonicalB	True	True	True	True	False	False	exact	True	1	train
BT474:chr11:55000001-79871797:14	BT474:chr11:55000001-79871797:14	BT474	chr11	q	55000001	79871797	candidate_region_label	Seismic_Amplification	region	candidate_region	42	166	166	candidate_region_with_context	62274538	79871797	sv_attention	1.0	0.7075	mixed_HP	-0.2338	0.5887	226.0	448.0	3.766	4.1026	C12	Seismic_Amplification	Seismic_Amplification:noncanonical	chromosome_arm	53714000	135050001	402	402	8	42	30	24871797	1.6886596493208754e-06	7.86862424938576	77177.25	221991.5	741324.25	False	0.2619047619047619	0.073170731707317	1	2	1	1	1	4	0	0	12	20	0	0	45	0					9	17	0.0	10	9	0	10	sample_residual	coords	1	0	Seismic_Amplification:noncanonical	Seismic_Amplification	3.8262627124786377	0.9786738143258346	Seismic_Amplification	0.7081468575616106	0.8864007592201233	-1.1558303833007812	0.23942575161361937	0.8864007592201233	0.7081468575616106	-2.8507981300354004	0.054640075520580464	-2.3170418739318848	0.08972136071094439	BT474:C12	2	max	0.7900000214576721	min_delta	0.30000001192092896	0.20000000298023224	type_confidence	0.9800000190734863	0.10000000149011612	0.30000001192092896	0.6399999856948853	0.8399999886751175	0.20999999344348907	0.4099999964237213	0.23000000417232513	0.4300000071525574	0.11999999731779099	0.3200000002980232	Seismic_Amplification	objectness_type_threshold	False	Seismic_Amplification	0.7081468575616106	0.4687211059479912	Seismic_Amplification	Seismic_Amplification	Seismic_Amplification:canonical	Seismic_Amplification:canonical	True	False	True	True	True	False	wrong_level	True	1	train
BT474:chr11:99415081-103035786:15	BT474:chr11:99415081-103035786:15	BT474	chr11	q	99415081	103035786	candidate_region_label	Seismic_Amplification	region	candidate_region	4	5	5	candidate_region_with_context	99662802	103035786	sv_attention	0.7108	0.9316	mixed_HP	0.26	0.9772	59.0	15.0	4.9316	11.7636	C12	Seismic_Amplification	Seismic_Amplification:noncanonical	chromosome_arm	53714000	135050001	402	402	8	4	4	3620706	1.104756917573534e-06	16.695228223445923	621245.5	851279.0	1135210.0	False	0.75	0.3333333333333333	0	0	0	0	0	0	0	0	0	4	0	0	5	0					2	3	0.0	0	0	0	0	sample_residual	coords	1	0	Seismic_Amplification:noncanonical	Seismic_Amplification	3.8262627124786377	0.9786738143258346	Seismic_Amplification	0.7081468575616106	0.8864007592201233	-1.1558303833007812	0.23942575161361937	0.8864007592201233	0.7081468575616106	-2.8507981300354004	0.054640075520580464	-2.3170418739318848	0.08972136071094439	BT474:C12	2	max	0.7900000214576721	min_delta	0.30000001192092896	0.20000000298023224	type_confidence	0.9800000190734863	0.10000000149011612	0.30000001192092896	0.6399999856948853	0.8399999886751175	0.20999999344348907	0.4099999964237213	0.23000000417232513	0.4300000071525574	0.11999999731779099	0.3200000002980232	Seismic_Amplification	objectness_type_threshold	False	Seismic_Amplification	0.7081468575616106	0.4687211059479912	Seismic_Amplification	Seismic_Amplification	Seismic_Amplification:canonical	Seismic_Amplification:canonical	True	False	True	True	True	False	wrong_level	True	1	train
BT474:chr12:79130813-89476457:16	BT474:chr12:79130813-89476457:16	BT474	chr12	q	79130813	89476457	candidate_region_label	Seismic_Amplification;BFB	region	candidate_region	14	23	23	candidate_region_with_context	79926187	89476457	sv_attention	0.9802	0.9231	HP1	0.5966	0.4621	98.0	25.0	4.914	1.218	C13	Seismic_Amplification;BFB	Seismic_Amplification:canonical;BFB:noncanonicalB	chromosome_arm	35807000	133250001	402	402	8	14	10	10345645	1.3532264058934944e-06	6.131956586563718	80957.5	172424.5	793251.75	False	0.3571428571428571	0.1538461538461538	0	0	1	0	1	2	1	2	4	3	0	0	15	2	9.0	13.0	9.0	13.0	3	7	2.0	0	3	0	0	sample_residual	coords	1	0	Seismic_Amplification:canonical;BFB:noncanonicalB	Seismic_Amplification;BFB	5.365128040313721	0.9953449098359652	Seismic_Amplification	0.632261455375474	0.5419307947158813	-2.609454870223999	0.06853239428420799	0.5419307947158813	0.632261455375474	-4.087337970733643	0.016506805450986994	-1.2501028776168823	0.22268233072539645	BT474:C13	1	max	0.7900000214576721	min_delta	0.30000001192092896	0.20000000298023224	type_confidence	0.9800000190734863	0.10000000149011612	0.30000001192092896	0.6399999856948853	0.8399999886751175	0.20999999344348907	0.4099999964237213	0.23000000417232513	0.4300000071525574	0.11999999731779099	0.3200000002980232	Seismic_Amplification	objectness_type_threshold	False	Seismic_Amplification	0.632261455375474	0.4095791246500775	Seismic_Amplification	Seismic_Amplification	Seismic_Amplification:canonical	Seismic_Amplification:canonical	True	False	True	False	False	True	partial_class	True	1	train
BT474:chr14:86217710-91424394:17	BT474:chr14:86217710-91424394:17	BT474	chr14	q	86217710	91424394	candidate_region_label	Seismic_Amplification	region	candidate_region	5	22	22	candidate_region_with_context	89827748	91125401	sv_attention	0.9992	0.2492	mixed_HP	0.2908	0.836	42.0	14.0	4.508	5.8259	C14	Seismic_Amplification	Seismic_Amplification:noncanonical	chromosome_arm	17600000	107000001	402	402	8	5	5	5206685	9.60303916983647e-07	10.33392686517429	306428.0	1113060.0	1582718.0	False	0.6	0.5	0	0	0	0	0	0	0	0	2	3	0	0	6	0					1	1	0.0	2	2	0	2	sample_residual	coords	1	0	Seismic_Amplification:noncanonical	Seismic_Amplification	2.637749671936035	0.9332519218462727	Seismic_Amplification	0.6422822080535849	0.5852833986282349	-2.849745273590088	0.05469448584147045	0.5852833986282349	0.6422822080535849	-3.321197271347046	0.03485111406186027	-2.66721773147583	0.06493570097071867	BT474:C14	1	max	0.7900000214576721	min_delta	0.30000001192092896	0.20000000298023224	type_confidence	0.9800000190734863	0.10000000149011612	0.30000001192092896	0.6399999856948853	0.8399999886751175	0.20999999344348907	0.4099999964237213	0.23000000417232513	0.4300000071525574	0.11999999731779099	0.3200000002980232	Seismic_Amplification	objectness_type_threshold	False	Seismic_Amplification	0.6422822080535849	0.5773465070828663	Seismic_Amplification	Seismic_Amplification	Seismic_Amplification:canonical	Seismic_Amplification:canonical	True	False	True	True	True	False	wrong_level	True	1	train
BT474:chr15:21000001-34214736:18	BT474:chr15:21000001-34214736:18	BT474	chr15	q	21000001	34214736	candidate_region_label	ecDNA;Seismic_Amplification;BFB	region	candidate_region	27	48	48	candidate_region_with_context	23315940	33628116	sv_attention	0.9998	0.7804	mixed_HP	0.1856	0.7222	112.0	140.0	7.0041	0.8701	C15	ecDNA;Seismic_Amplification;BFB	ecDNA;Seismic_Amplification:noncanonical;BFB:noncanonicalB	chromosome_arm	19050000	101950001	402	402	8	27	25	13214736	2.0431736207215944e-06	7.874287159425659	159209.5	260739.0	500788.0	False	0.2962962962962963	0.1153846153846153	1	3	1	3	3	5	0	1	1	4	3	2	28	2	3.0	14.0	6.0	11.0	4	2	6.0	5	11	0	5	sample_residual	coords	1	0	ecDNA;Seismic_Amplification:noncanonical;BFB:noncanonicalB	ecDNA;Seismic_Amplification;BFB	6.335129261016846	0.998230221015859	ecDNA	0.8482860995359944	1.7212214469909668	1.7212214469909668	0.8482860995359944	0.9935730695724487	0.7297930925262011	-5.045085430145264	0.0063996902628585504	-1.1037170886993408	0.24904407202530798	BT474:C15	1	max	0.7900000214576721	min_delta	0.30000001192092896	0.20000000298023224	type_confidence	0.9800000190734863	0.10000000149011612	0.30000001192092896	0.6399999856948853	0.8399999886751175	0.20999999344348907	0.4099999964237213	0.23000000417232513	0.4300000071525574	0.11999999731779099	0.3200000002980232	ecDNA	objectness_type_threshold	False	ecDNA	0.8482860995359944	0.11849300700979337	ecDNA;Seismic_Amplification	ecDNA;Seismic_Amplification	ecDNA;Seismic_Amplification:canonical	ecDNA;Seismic_Amplification:canonical	True	False	True	False	False	True	partial_class	True	2	train
BT474:chr17:35844582-71997176:19	BT474:chr17:35844582-71997176:19	BT474	chr17	q	35844582	71997176	candidate_region_label	ecDNA;Seismic_Amplification;BFB	region	candidate_region	106	168	168	candidate_region_with_context	37483134	71997176	sv_attention	1.0	0.9547	mixed_HP	0.0662	1.0	898.0	773.0	8.7143	7.9026	C16	ecDNA;Seismic_Amplification;BFB	ecDNA;Seismic_Amplification:noncanonical;BFB:noncanonicalB	chromosome_arm	25150000	83250001	402	402	8	105	64	36152595	2.932016360098079e-06	16.617031889412086	66729.5	136164.5	367607.0	False	0.1320754716981132	0.019047619047619	3	0	3	4	1	5	7	4	6	29	18	26	109	1	32.0	32.0	32.0	32.0	32	13	1.0	10	49	4	10	sample_residual	coords	1	0	ecDNA;Seismic_Amplification:noncanonical;BFB:noncanonicalB	ecDNA;Seismic_Amplification;BFB	5.803371429443359	0.99699171235583	ecDNA	0.9244551305858921	2.5044777393341064	2.5044777393341064	0.9244551305858921	0.7345197200775146	0.6757963093662454	-3.9640581607818604	0.01863216133301961	-1.022999882698059	0.2644434717935568	BT474:C16	2	max	0.7900000214576721	min_delta	0.30000001192092896	0.20000000298023224	type_confidence	0.9800000190734863	0.10000000149011612	0.30000001192092896	0.6399999856948853	0.8399999886751175	0.20999999344348907	0.4099999964237213	0.23000000417232513	0.4300000071525574	0.11999999731779099	0.3200000002980232	ecDNA	objectness_type_threshold	False	ecDNA	0.9244551305858921	0.24865882121964678	ecDNA;Seismic_Amplification	ecDNA;Seismic_Amplification	ecDNA;Seismic_Amplification:canonical	ecDNA;Seismic_Amplification:canonical	True	False	True	False	False	True	partial_class	True	2	train
BT474:chr19:9837949-17541691:20	BT474:chr19:9837949-17541691:20	BT474	chr19	p	9837949	17541691	candidate_region_label	Seismic_Amplification;BFB	region	candidate_region	14	19	19	candidate_region_with_context	9838146	17541691	sv_attention	0.9998	1.0	mixed_HP	0.0699	0.8846	62.0	68.0	4.2038	2.254	C17	Seismic_Amplification;BFB	Seismic_Amplification:noncanonical;BFB:noncanonicalB	chromosome_arm	0	26260000	402	402	8	14	14	7703743	1.817298422338336e-06	6.45778772734241	179309.75	256192.5	507941.0	False	0.4285714285714285	0.2307692307692307	0	1	0	1	0	3	3	2	1	3	0	0	15	0	1.0	1.0			4	0	1.0	3	6	1	3	sample_residual	coords	1	0	Seismic_Amplification:noncanonical;BFB:noncanonicalB	Seismic_Amplification;BFB	4.66668701171875	0.9906842284210489	Seismic_Amplification	0.5986234675100328	0.3997328281402588	-3.9172213077545166	0.01950816336617246	0.3997328281402588	0.5986234675100328	-3.767381429672241	0.022590385423162183	-2.401132822036743	0.08308635393001308	BT474:C17	1	max	0.7900000214576721	min_delta	0.30000001192092896	0.20000000298023224	type_confidence	0.9800000190734863	0.10000000149011612	0.30000001192092896	0.6399999856948853	0.8399999886751175	0.20999999344348907	0.4099999964237213	0.23000000417232513	0.4300000071525574	0.11999999731779099	0.3200000002980232	Seismic_Amplification	objectness_type_threshold	False	Seismic_Amplification	0.5986234675100328	0.5155371135800197	Seismic_Amplification	Seismic_Amplification	Seismic_Amplification:canonical	Seismic_Amplification:canonical	True	False	True	False	False	True	partial_class	True	1	train
BT474:chr20:32000001-64444167:21	BT474:chr20:32000001-64444167:21	BT474	chr20	q	32000001	64444167	candidate_region_label	ecDNA;Seismic_Amplification;BFB	region	candidate_region	80	119	119	candidate_region_with_context	33431769	64444167	sv_attention	1.0	0.9559	mixed_HP	0.0933	0.1837	479.0	150.0	2.551	19.2644	C16	ecDNA;Seismic_Amplification;BFB	ecDNA;Seismic_Amplification:noncanonical;BFB:noncanonicalB	chromosome_arm	28120000	64400001	402	402	8	79	59	32444167	2.4657745104073714e-06	21.788406711135472	96589.5	186942.5	411424.75	False	0.125	0.0126582278481012	6	1	4	3	1	2	0	2	5	11	15	30	78	0					21	17	0.0	21	16	3	21	sample_residual	coords	1	0	ecDNA;Seismic_Amplification:noncanonical;BFB:noncanonicalB	ecDNA;Seismic_Amplification;BFB	5.803371429443359	0.99699171235583	ecDNA	0.9244551305858921	2.5044777393341064	2.5044777393341064	0.9244551305858921	0.7345197200775146	0.6757963093662454	-3.9640581607818604	0.01863216133301961	-1.022999882698059	0.2644434717935568	BT474:C16	2	max	0.7900000214576721	min_delta	0.30000001192092896	0.20000000298023224	type_confidence	0.9800000190734863	0.10000000149011612	0.30000001192092896	0.6399999856948853	0.8399999886751175	0.20999999344348907	0.4099999964237213	0.23000000417232513	0.4300000071525574	0.11999999731779099	0.3200000002980232	ecDNA	objectness_type_threshold	False	ecDNA	0.9244551305858921	0.24865882121964678	ecDNA;Seismic_Amplification	ecDNA;Seismic_Amplification	ecDNA;Seismic_Amplification:canonical	ecDNA;Seismic_Amplification:canonical	True	False	True	False	False	True	partial_class	True	2	train
C33A:chr4:89023117-91166470:1		C33A	chr4	q	89023117	91166470	candidate_region_empty		empty_candidate_region	candidate_region	7	5	5	candidate_region_with_context	89992794	90506122	sv_attention	0.7279	0.2395	HP1	0.4152	0.2203	70.0	17.0	0.8929	0.8455	C1			chromosome_arm	50494000	190200001	402	402	8	7	6	2143354	3.265909411137871e-06	1.738382926945339	195575.5	234645.0	360174.0	False	0.7142857142857143	0.5	1	2	3	1	0	0	0	0	0	0	0	0	8	0					6	2	0.0	0	0	0	0	sample_residual	coords	0	1			-0.6400079727172852	0.34524473715226794	Seismic_Amplification	0.2973190693883962	-0.8600970506668091	-2.7656726837158203	0.05920759460448039	-0.8600970506668091	0.2973190693883962	-0.8825654983520508	0.29264642684445225	-3.352759599685669	0.03380491367276211	C33A:C1	1	max	0.7900000214576721	min_delta	0.30000001192092896	0.20000000298023224	type_confidence	0.9800000190734863	0.10000000149011612	0.30000001192092896	0.6399999856948853	0.8399999886751175	0.20999999344348907	0.4099999964237213	0.23000000417232513	0.4300000071525574	0.11999999731779099	0.3200000002980232	none	none_objectness	False	Seismic_Amplification	0.2973190693883962	0.00467264254394395		none		none	False	False	False	False	False	False	background	True	0	train
C33A:chr5:92726384-94878736:2		C33A	chr5	q	92726384	94878736	candidate_region_empty		empty_candidate_region	candidate_region	8	13	13	candidate_region_with_context	94123157	94878736	sv_attention	0.9965	0.351	HP1	0.6588	0.5451	167.0	11.0	1.2502	0.7933	C2			chromosome_arm	48464000	181500001	402	402	8	8	6	2152353	3.716862429164733e-06	2.043500764047533	108798.25	161991.0	246190.75	False	0.5	0.1428571428571428	1	1	2	1	2	1	0	0	0	0	0	0	9	0					4	5	0.0	0	0	0	0	sample_residual	coords	0	1			-0.812828540802002	0.3072880785477508	chromothripsis	0.39616604695211477	-0.42146581411361694	-3.0323657989501953	0.045984927144088	-0.9564112424850464	0.2775972989555444	-0.42146581411361694	0.39616604695211477	-3.5665059089660645	0.027478029498872392	C33A:C2	1	max	0.7900000214576721	min_delta	0.30000001192092896	0.20000000298023224	type_confidence	0.9800000190734863	0.10000000149011612	0.30000001192092896	0.6399999856948853	0.8399999886751175	0.20999999344348907	0.4099999964237213	0.23000000417232513	0.4300000071525574	0.11999999731779099	0.3200000002980232	none	none_objectness	False	chromothripsis	0.39616604695211477	0.11856874799657036		none		none	False	False	False	False	False	False	background	True	0	train
C33A:chr7:124475765-131164398:3	C33A:chr7:124475765-131164398:3	C33A	chr7	q	124475765	131164398	candidate_region_label	chromothripsis;BFB	region	candidate_region	7	8	8	candidate_region_with_context	127935310	128770815	sv_attention	0.8043	0.1249	mixed_HP	0.0733	0.3304	71.0	41.0	1.0149	1.9524	C3	chromothripsis;BFB	chromothripsis:noncanonical;BFB:noncanonicalB	chromosome_arm	59904000	159300001	402	402	8	7	5	6688634	1.0465515081255755e-06	2.9673715141238106	137696.5	743841.0	1729773.5	False	0.5714285714285714	0.1666666666666666	0	0	1	3	1	1	1	0	0	0	0	0	8	0	3.0	3.0			1	2	1.0	1	3	0	1	sample_residual	coords	1	0	chromothripsis:noncanonical;BFB:noncanonicalB	chromothripsis;BFB	4.706366062164307	0.991043386022641	chromothripsis	0.27728001236774485	-0.9579939842224121	-3.9157984256744385	0.019535398293698946	-2.8180272579193115	0.056357755298862514	-0.9579939842224121	0.27728001236774485	-1.7636092901229858	0.14633887773996127	C33A:C3	1	max	0.7900000214576721	min_delta	0.30000001192092896	0.20000000298023224	type_confidence	0.9800000190734863	0.10000000149011612	0.30000001192092896	0.6399999856948853	0.8399999886751175	0.20999999344348907	0.4099999964237213	0.23000000417232513	0.4300000071525574	0.11999999731779099	0.3200000002980232	chromothripsis	objectness_type_threshold	False	chromothripsis	0.27728001236774485	0.1309411346277836	chromothripsis	chromothripsis	chromothripsis:noncanonicalB	chromothripsis:noncanonicalB	True	False	True	False	False	True	partial_class	True	1	train
C33A:chr20:49956338-59003014:4		C33A	chr20	q	49956338	59003014	candidate_region_empty		empty_candidate_region	candidate_region	4	7	7	candidate_region_with_context	53624475	59003014	sv_attention	0.9184	0.5945	HP1	0.4948	0.3264	87.0	24.0	1.9682	0.9491	C4			chromosome_arm	28120000	64400001	402	402	8	4	4	9046677	4.421513004167165e-07	2.9172778026672117	388459.75	1978030.0	3851239.5	False	0.75	0.3333333333333333	0	1	0	2	1	0	0	0	0	0	0	0	5	0					2	0	0.0	3	0	0	3	sample_residual	coords	0	1			-2.033809185028076	0.1156986241312451	chromothripsis	0.30528988244198335	-0.8222329020500183	-2.165738344192505	0.10286966589649998	-2.016716718673706	0.11745891618447618	-0.8222329020500183	0.30528988244198335	-4.815759181976318	0.008035969608009735	C33A:C4	1	max	0.7900000214576721	min_delta	0.30000001192092896	0.20000000298023224	type_confidence	0.9800000190734863	0.10000000149011612	0.30000001192092896	0.6399999856948853	0.8399999886751175	0.20999999344348907	0.4099999964237213	0.23000000417232513	0.4300000071525574	0.11999999731779099	0.3200000002980232	none	none_objectness	False	chromothripsis	0.30528988244198335	0.18783096625750717		none		none	False	False	False	False	False	False	background	True	0	train
C4I:chr11:100593185-103914705:1	C4I:chr11:100593185-103914705:1	C4I	chr11	q	100593185	103914705	candidate_region_label	BFB	region	candidate_region	2	3	3	candidate_region_with_context	102566220	103914705	sv_attention	0.8264	0.406	mixed_HP	-0.6559	0.6667	0.0	85.0	4.266	4.0	C1	BFB	BFB:noncanonicalB	chromosome_arm	53714000	135050001	402	402	8	2	2	3321521	6.021337814814358e-07	8.266029930263876	1272192.25	1660760.5	2049328.75	False	0.0	0.0	0	0	0	0	0	0	0	0	2	0	0	0	3	1	2.0	3.0	2.0	2.0	0	0	2.0	0	1	0	0	sample_residual	coords	1	0	BFB:noncanonicalB	BFB	5.395797252655029	0.9954848758747429	BFB	0.32919712600169104	-0.7118185758590698	-3.3747549057006836	0.03309382017044338	-0.7412475347518921	0.3227314025187222	-4.442168235778809	0.011633459497972072	-0.7118185758590698	0.32919712600169104	C4I:C1	1	max	0.7900000214576721	min_delta	0.30000001192092896	0.20000000298023224	type_confidence	0.9800000190734863	0.10000000149011612	0.30000001192092896	0.6399999856948853	0.8399999886751175	0.20999999344348907	0.4099999964237213	0.23000000417232513	0.4300000071525574	0.11999999731779099	0.3200000002980232	BFB	objectness_type_threshold	False	BFB	0.32919712600169104	0.006465723482968866	BFB	BFB	BFB:canonical	BFB:canonical	True	False	True	True	True	False	wrong_level	True	1	train
C4I:chr17:16773785-21999999:2	C4I:chr17:16773785-21999999:2	C4I	chr17	p	16773785	21999999	candidate_region_label	BFB	region	candidate_region	3	4	4	candidate_region_with_context	17229792	21999999	sv_attention	0.8785	0.9127	mixed_HP	0.1343	0.2	52.0	14.0	0.3065	2.1312	C2	BFB	BFB:noncanonicalB	chromosome_arm	0	25150000	402	402	8	3	3	5226215	5.74029197038392e-07	2.4377230940556407	342956.0	456009.0	2498156.5	False	0.6666666666666666	0.5	0	0	1	0	0	1	1	0	0	0	0	0	4	0	1.0	1.0			0	0	1.0	0	2	1	0	sample_residual	coords	1	0	BFB:noncanonicalB	BFB	4.5905442237854	0.9899545995880455	BFB	0.19777877628632964	-1.4002352952957153	-2.8978776931762695	0.052258576051099584	-2.5330679416656494	0.07357226382088358	-2.1559205055236816	0.10377926886102441	-1.4002352952957153	0.19777877628632964	C4I:C2	1	max	0.7900000214576721	min_delta	0.30000001192092896	0.20000000298023224	type_confidence	0.9800000190734863	0.10000000149011612	0.30000001192092896	0.6399999856948853	0.8399999886751175	0.20999999344348907	0.4099999964237213	0.23000000417232513	0.4300000071525574	0.11999999731779099	0.3200000002980232	BFB	objectness_type_threshold	False	BFB	0.19777877628632964	0.09399950742530523	BFB	BFB	BFB:noncanonicalB	BFB:noncanonicalB	True	True	True	True	False	False	exact	True	1	train
C4I:chr18:0-14999999:3	C4I:chr18:0-14999999:3	C4I	chr18	p	0	14999999	candidate_region_label	chromothripsis;BFB	region	candidate_region	11	19	19	candidate_region_with_context	8350971	14999999	sv_attention	0.9998	0.4433	HP1	0.4471	0.2628	132.0	51.0	3.0512	1.1396	C3	chromothripsis;BFB	chromothripsis:canonical;BFB:noncanonicalB	chromosome_arm	0	18540000	402	402	8	11	10	15000000	7.333333333333333e-07	4.1908576	633822.5	865255.0	1294811.5	False	0.6363636363636364	0.5	0	0	1	2	4	1	3	0	0	0	0	0	10	0	3.0	3.0			3	3	1.0	0	3	0	0	sample_residual	coords	1	0	chromothripsis:canonical;BFB:noncanonicalB	chromothripsis;BFB	5.541429042816162	0.9960943938970648	chromothripsis	0.653368669438413	0.6338797807693481	-5.182014465332031	0.005585309503921504	-3.733489513397217	0.023350954418107125	0.6338797807693481	0.653368669438413	-2.1100399494171143	0.10812481422604277	C4I:C3	1	max	0.7900000214576721	min_delta	0.30000001192092896	0.20000000298023224	type_confidence	0.9800000190734863	0.10000000149011612	0.30000001192092896	0.6399999856948853	0.8399999886751175	0.20999999344348907	0.4099999964237213	0.23000000417232513	0.4300000071525574	0.11999999731779099	0.3200000002980232	chromothripsis	objectness_type_threshold	False	chromothripsis	0.653368669438413	0.5452438552123702	chromothripsis	chromothripsis	chromothripsis:canonical	chromothripsis:canonical	True	False	True	False	False	True	partial_class	True	1	train
CAPAN1:chr3:48716345-60308344:1		CAPAN1	chr3	p	48716345	60308344	candidate_region_empty		empty_candidate_region	candidate_region	5	7	7	candidate_region_with_context	48717202	56759455	sv_attention	0.9682	0.6938	mixed_HP	-0.0594	0.2261	11.0	13.0	2.6782	2.7403	C1			chromosome_arm	0	90951000	402	402	8	5	4	11592000	4.313319530710835e-07	5.418550897170462	225967.0	2831874.0	3551796.0	False	0.6	0.25	0	0	0	0	1	2	1	0	1	0	0	0	4	0					1	0	0.0	3	0	0	3	sample_residual	coords	0	1			-1.3918029069900513	0.1991200889948206	ecDNA	0.35398210166086663	-0.6015808582305908	-0.6015808582305908	0.35398210166086663	-1.4277633428573608	0.19344742056060096	-1.7043566703796387	0.15389711507516377	-4.055882453918457	0.01702530762021019	CAPAN1:C1	1	max	0.7900000214576721	min_delta	0.30000001192092896	0.20000000298023224	type_confidence	0.9800000190734863	0.10000000149011612	0.30000001192092896	0.6399999856948853	0.8399999886751175	0.20999999344348907	0.4099999964237213	0.23000000417232513	0.4300000071525574	0.11999999731779099	0.3200000002980232	none	none_objectness	False	ecDNA	0.35398210166086663	0.16053468110026567		none		none	False	False	False	False	False	False	background	True	0	train
CAPAN1:chr7:81569598-101063738:2		CAPAN1	chr7	q	81569598	101063738	candidate_region_empty		empty_candidate_region	candidate_region	10	30	30	candidate_region_with_context	85231736	101063738	sv_attention	1.0	0.8121	HP2	-0.5674	0.4232	12.0	73.0	2.377	4.1079	C2			chromosome_arm	59904000	159335973	402	402	8	10	8	19494141	5.129746419706311e-07	6.484882970734643	654583.5	1645980.0	3266897.5	False	0.5	0.0	0	0	0	0	2	1	1	2	3	1	0	0	11	0					2	4	0.0	2	2	1	2	sample_residual	coords	0	1			0.5144563913345337	0.6258505741848426	Seismic_Amplification	0.522780037423904	0.09118327498435974	-1.6356391906738281	0.16305931237940946	0.09118327498435974	0.522780037423904	-2.329425096511841	0.08871513019853654	-3.776754379272461	0.022384353580973935	CAPAN1:C2	1	max	0.7900000214576721	min_delta	0.30000001192092896	0.20000000298023224	type_confidence	0.9800000190734863	0.10000000149011612	0.30000001192092896	0.6399999856948853	0.8399999886751175	0.20999999344348907	0.4099999964237213	0.23000000417232513	0.4300000071525574	0.11999999731779099	0.3200000002980232	none	none_objectness	False	Seismic_Amplification	0.522780037423904	0.35972072504449454		none		none	False	False	False	False	False	False	background	True	0	train
CAPAN1:chr8:37066357-40194350:3		CAPAN1	chr8	p	37066357	40194350	candidate_region_empty		empty_candidate_region	candidate_region	4	3	3	candidate_region_with_context	38702144	40194350	sv_attention	0.3463	0.477	HP1	0.5806	0.4408	0.0	0.0	1.6784	0.4454	C3			chromosome_arm	0	45644000	402	402	8	4	4	3127994	1.278774831409523e-06	2.1237256209570736	425250.75	696555.0	1053302.75	False	0.5	0.3333333333333333	0	1	1	1	1	0	0	0	0	0	0	0	5	0					4	0	0.0	0	1	0	0	sample_residual	coords	0	1			-2.7159616947174072	0.062038037312068584	chromothripsis	0.31248668789710904	-0.7885193228721619	-3.6288862228393555	0.025859280403673406	-1.3868454694747925	0.19991183724161693	-0.7885193228721619	0.31248668789710904	-4.556521415710449	0.010389441754119641	CAPAN1:C3	1	max	0.7900000214576721	min_delta	0.30000001192092896	0.20000000298023224	type_confidence	0.9800000190734863	0.10000000149011612	0.30000001192092896	0.6399999856948853	0.8399999886751175	0.20999999344348907	0.4099999964237213	0.23000000417232513	0.4300000071525574	0.11999999731779099	0.3200000002980232	none	none_objectness	False	chromothripsis	0.31248668789710904	0.11257485065549211		none		none	False	False	False	False	False	False	background	True	0	train
CAPAN1:chr17:39540592-43756142:4	CAPAN1:chr17:39540592-43756142:4	CAPAN1	chr17	q	39540592	43756142	candidate_region_label	Seismic_Amplification;chromothripsis	region	candidate_region	7	8	8	candidate_region_with_context	40485144	42996538	sv_attention	0.9103	0.5957	mixed_HP	-0.3468	0.3309	6.0	13.0	2.9928	5.6032	C4	Seismic_Amplification;chromothripsis	Seismic_Amplification:noncanonical;chromothripsis:noncanonicalB	chromosome_arm	25150000	83250001	402	402	8	7	4	4215551	1.660518399611344e-06	8.596020306716726	33003.5	684071.0	863159.5	False	0.7142857142857143	0.3333333333333333	0	0	0	0	0	1	0	0	5	1	0	0	8	0					3	0	0.0	5	0	0	5	sample_residual	coords	1	0	Seismic_Amplification:noncanonical;chromothripsis:noncanonicalB	Seismic_Amplification;chromothripsis	3.1923348903656006	0.9605448044681223	Seismic_Amplification	0.5454967342840258	0.1824917197227478	-2.1786389350891113	0.10168518740966927	0.1824917197227478	0.5454967342840258	-3.0201103687286377	0.04652557820816118	-2.9555885791778564	0.049473043368484376	CAPAN1:C4	1	max	0.7900000214576721	min_delta	0.30000001192092896	0.20000000298023224	type_confidence	0.9800000190734863	0.10000000149011612	0.30000001192092896	0.6399999856948853	0.8399999886751175	0.20999999344348907	0.4099999964237213	0.23000000417232513	0.4300000071525574	0.11999999731779099	0.3200000002980232	Seismic_Amplification	objectness_type_threshold	False	Seismic_Amplification	0.5454967342840258	0.44381154687435653	Seismic_Amplification	Seismic_Amplification	Seismic_Amplification:canonical	Seismic_Amplification:canonical	True	False	True	False	False	True	partial_class	True	1	train
CAPAN2:chr3:171842933-174865042:1	CAPAN2:chr3:171842933-174865042:1	CAPAN2	chr3	q	171842933	174865042	candidate_region_label	BFB	region	candidate_region	1	1	1	candidate_region_with_context	174865041	174865042	sv_attention	0.3	0.0	HP1	0.8095	0.746	13.0	0.0	5.0	2.0	C1	BFB	BFB:noncanonical	chromosome_arm	90951000	198250001	402	402	8	1	1	3022110	3.308946398377293e-07	7.0	3022110.0	3022110.0	3022110.0	False	0.0	0.0	0	0	0	0	0	0	0	1	0	0	0	0	2	1	2.0	2.0	2.0	2.0	0	0	1.0	1	0	0	1	sample_residual	coords	1	0	BFB:noncanonical	BFB	4.14120626449585	0.9843453108754	BFB	0.3368071474749058	-0.6775553226470947	-3.340728998184204	0.03420007039393308	-3.005328893661499	0.04718571133318213	-3.315190553665161	0.0350537245930091	-0.6775553226470947	0.3368071474749058	CAPAN2:C1	1	max	0.7900000214576721	min_delta	0.30000001192092896	0.20000000298023224	type_confidence	0.9800000190734863	0.10000000149011612	0.30000001192092896	0.6399999856948853	0.8399999886751175	0.20999999344348907	0.4099999964237213	0.23000000417232513	0.4300000071525574	0.11999999731779099	0.3200000002980232	BFB	objectness_type_threshold	False	BFB	0.3368071474749058	0.2896214361417237	BFB	BFB	BFB:canonical	BFB:canonical	True	False	True	True	True	False	wrong_level	True	1	train
CAPAN2:chr11:0-17181454:2		CAPAN2	chr11	p	0	17181454	candidate_region_empty		empty_candidate_region	candidate_region	10	16	16	candidate_region_with_context	3997118	17181454	sv_attention	0.9991	0.7674	mixed_HP	-0.1152	0.2	44.0	225.0	6.0656	0.0	C2			chromosome_arm	0	53714000	402	402	8	10	10	17181455	5.820228845577979e-07	6.065618540455392	748762.25	1452430.0	2965840.25	False	0.6	0.4444444444444444	0	0	0	1	1	2	3	3	0	0	0	0	9	0					2	0	0.0	0	7	0	0	sample_residual	coords	0	1			-1.554031252861023	0.174504792422384	ecDNA	0.2985150328015898	-0.8543791770935059	-0.8543791770935059	0.2985150328015898	-1.3331109285354614	0.20864524673819576	-1.0022374391555786	0.2685017416209529	-4.505862712860107	0.010923419345454972	CAPAN2:C2	1	max	0.7900000214576721	min_delta	0.30000001192092896	0.20000000298023224	type_confidence	0.9800000190734863	0.10000000149011612	0.30000001192092896	0.6399999856948853	0.8399999886751175	0.20999999344348907	0.4099999964237213	0.23000000417232513	0.4300000071525574	0.11999999731779099	0.3200000002980232	none	none_objectness	False	ecDNA	0.2985150328015898	0.030013291180636892		none		none	False	False	False	False	False	False	background	True	0	train
CAPAN2:chr19:10941884-15447707:3	CAPAN2:chr19:10941884-15447707:3	CAPAN2	chr19	p	10941884	15447707	candidate_region_label	BFB	region	candidate_region	3	4	4	candidate_region_with_context	15019700	15021398	sv_attention	0.6322	0.0004	HP1	0.8288	0.7717	38.0	0.0	1.0996	0.38	C3	BFB	BFB:noncanonicalB	chromosome_arm	0	26260000	402	402	8	3	2	4505824	6.658049670826024e-07	1.479534486921815	224337.0	428006.0	2242578.0	False	0.6666666666666666	0.5	0	1	1	0	0	0	1	0	0	0	0	0	4	0	3.0	3.0			2	0	1.0	0	1	0	0	sample_residual	coords	1	0	BFB:noncanonicalB	BFB	4.877930164337158	0.9924447612973111	BFB	0.19340927545375217	-1.4280078411102295	-4.150916576385498	0.015505758522216556	-2.7353665828704834	0.06091843030795939	-2.8268871307373047	0.055888421293239884	-1.4280078411102295	0.19340927545375217	CAPAN2:C3	1	max	0.7900000214576721	min_delta	0.30000001192092896	0.20000000298023224	type_confidence	0.9800000190734863	0.10000000149011612	0.30000001192092896	0.6399999856948853	0.8399999886751175	0.20999999344348907	0.4099999964237213	0.23000000417232513	0.4300000071525574	0.11999999731779099	0.3200000002980232	BFB	objectness_type_threshold	False	BFB	0.19340927545375217	0.1324908451457928	BFB	BFB	BFB:noncanonicalB	BFB:noncanonicalB	True	True	True	True	False	False	exact	True	1	train
CERV186:chr1:151000001-161727469:1		CERV186	chr1	q	151000001	161727469	candidate_region_empty		empty_candidate_region	candidate_region	7	17	17	candidate_region_with_context	155604037	161727469	sv_attention	0.9992	0.5708	HP2	-0.3137	0.085	5.0	335.0	7.4552	0.0	C1			chromosome_arm	123459000	248950001	402	402	8	7	5	10727469	6.525304337863852e-07	7.455178197205697	172961.0	731958.0	2520846.5	False	0.5714285714285714	0.1666666666666666	0	0	2	1	2	0	0	0	0	2	0	0	8	0					2	3	0.0	1	2	0	1	sample_residual	coords	0	1			0.048396795988082886	0.5120968379377733	Seismic_Amplification	0.3394665075239921	-0.6656725406646729	-3.09909725189209	0.04314450777814446	-0.6656725406646729	0.3394665075239921	-0.991183340549469	0.270678409107747	-3.706526041030884	0.023973842630895633	CERV186:C1	1	max	0.7900000214576721	min_delta	0.30000001192092896	0.20000000298023224	type_confidence	0.9800000190734863	0.10000000149011612	0.30000001192092896	0.6399999856948853	0.8399999886751175	0.20999999344348907	0.4099999964237213	0.23000000417232513	0.4300000071525574	0.11999999731779099	0.3200000002980232	none	none_objectness	False	Seismic_Amplification	0.3394665075239921	0.06878809841624511		none		none	False	False	False	False	False	False	background	True	0	train
CERV186:chr17:0-5345937:2	CERV186:chr17:0-5345937:2	CERV186	chr17	p	0	5345937	candidate_region_label	chromothripsis	region	candidate_region	5	9	9	candidate_region_with_context	165958	5345937	sv_attention	0.6696	0.969	mixed_HP	0.1673	0.4792	58.0	38.0	1.16	0.9776	C2	chromothripsis	chromothripsis:noncanonicalB	chromosome_arm	0	25150000	402	402	8	5	4	5345938	9.352895600360498e-07	2.1376712561948903	132285.0	557298.0	826074.0	True	1.0	1.0	0	0	2	3	0	0	0	0	0	0	0	0	6	0					3	0	0.0	3	0	0	3	sample_residual	coords	1	0	chromothripsis:noncanonicalB	chromothripsis	4.462462425231934	0.9885975877310866	chromothripsis	0.3446945584508124	-0.6424427628517151	-4.655142784118652	0.009422918870122692	-3.208875894546509	0.03883307002294148	-0.6424427628517151	0.3446945584508124	-3.0872344970703125	0.04363690137265882	CERV186:C2	1	max	0.7900000214576721	min_delta	0.30000001192092896	0.20000000298023224	type_confidence	0.9800000190734863	0.10000000149011612	0.30000001192092896	0.6399999856948853	0.8399999886751175	0.20999999344348907	0.4099999964237213	0.23000000417232513	0.4300000071525574	0.11999999731779099	0.3200000002980232	chromothripsis	objectness_type_threshold	False	chromothripsis	0.3446945584508124	0.30105765707815363	chromothripsis	chromothripsis	chromothripsis:noncanonical	chromothripsis:noncanonical	True	False	True	True	True	False	wrong_level	True	1	train
CERV186:chrX:81324920-84146119:3		CERV186	chrX	q	81324920	84146119	candidate_region_empty		empty_candidate_region	candidate_region	4	5	5	candidate_region_with_context	82620148	84146119	sv_attention	0.7223	0.5409	HP2	-0.3333	0.1111	0.0	19.0	1.6573	0.0	C3			chromosome_arm	61090000	156000001	402	402	8	4	4	2821200	1.417836381681554e-06	1.6572550687650645	281541.75	692318.5	1116076.75	False	0.75	0.3333333333333333	0	1	2	1	0	0	0	0	0	0	0	0	5	0					1	1	0.0	2	0	1	2	sample_residual	coords	0	1			-1.0816446542739868	0.2531949073027094	chromothripsis	0.28589688763405485	-0.9153961539268494	-4.9149603843688965	0.007282583413388443	-1.475203275680542	0.18615302965506217	-0.9153961539268494	0.28589688763405485	-3.8497681617736816	0.020841075052002927	CERV186:C3	1	max	0.7900000214576721	min_delta	0.30000001192092896	0.20000000298023224	type_confidence	0.9800000190734863	0.10000000149011612	0.30000001192092896	0.6399999856948853	0.8399999886751175	0.20999999344348907	0.4099999964237213	0.23000000417232513	0.4300000071525574	0.11999999731779099	0.3200000002980232	none	none_objectness	False	chromothripsis	0.28589688763405485	0.09974385797899268		none		none	False	False	False	False	False	False	background	True	0	train
CERV186:chrX:144991991-156040895:4		CERV186	chrX	q	144991991	156040895	candidate_region_empty		empty_candidate_region	candidate_region	5	2	2	candidate_region_with_context	151174611	151174612	sv_attention	0.3314	0.0	mixed_HP	0.1667	0.375	3.0	5.0	1.5134	0.0	C4			chromosome_arm	61090000	156000001	402	402	8	5	5	11048905	4.52533531603358e-07	1.515194401617174	589848.0	933823.0	4551179.0	False	0.8	0.5	1	2	2	0	0	0	0	0	0	0	0	0	5	0					2	2	0.0	1	0	0	1	sample_residual	coords	0	1			-1.366683840751648	0.2031561502367333	chromothripsis	0.35159965710258717	-0.6120151281356812	-2.875422239303589	0.05338198903047148	-2.1028194427490234	0.1088230881604033	-0.6120151281356812	0.35159965710258717	-4.219561576843262	0.01449198420971331	CERV186:C4	1	max	0.7900000214576721	min_delta	0.30000001192092896	0.20000000298023224	type_confidence	0.9800000190734863	0.10000000149011612	0.30000001192092896	0.6399999856948853	0.8399999886751175	0.20999999344348907	0.4099999964237213	0.23000000417232513	0.4300000071525574	0.11999999731779099	0.3200000002980232	none	none_objectness	False	chromothripsis	0.35159965710258717	0.24277656894218386		none		none	False	False	False	False	False	False	background	True	0	train
CERV196:chr11:31804012-50999999:1	CERV196:chr11:31804012-50999999:1	CERV196	chr11	p	31804012	50999999	candidate_region_label	Seismic_Amplification	region	candidate_region	23	56	56	candidate_region_with_context	31804846	49747804	sv_attention	1.0	0.9347	HP1	0.9277	0.9036	1566.0	69.0	10.686	0.2627	C1	Seismic_Amplification	Seismic_Amplification:noncanonical	chromosome_arm	0	53714000	402	402	8	23	20	19195988	1.1981670336530738e-06	10.948722358026062	340194.0	667111.0	1191307.5	False	0.3043478260869565	0.1363636363636363	0	2	3	0	1	1	1	1	0	13	1	0	24	0					7	3	0.0	9	3	2	9	sample_residual	coords	1	0	Seismic_Amplification:noncanonical	Seismic_Amplification	3.144948959350586	0.9587092347503228	Seismic_Amplification	0.42155065831854366	-0.31641101837158203	-1.370945692062378	0.2024670986198715	-0.31641101837158203	0.42155065831854366	-3.0727365016937256	0.04424596127160029	-3.001391887664795	0.04736303193802551	CERV196:C1	1	max	0.7900000214576721	min_delta	0.30000001192092896	0.20000000298023224	type_confidence	0.9800000190734863	0.10000000149011612	0.30000001192092896	0.6399999856948853	0.8399999886751175	0.20999999344348907	0.4099999964237213	0.23000000417232513	0.4300000071525574	0.11999999731779099	0.3200000002980232	Seismic_Amplification	objectness_type_threshold	False	Seismic_Amplification	0.42155065831854366	0.21908355969867216	Seismic_Amplification	Seismic_Amplification	Seismic_Amplification:noncanonical	Seismic_Amplification:noncanonical	True	True	True	True	False	False	exact	True	1	train
CERV196:chr13:19000001-36658956:2	CERV196:chr13:19000001-36658956:2	CERV196	chr13	q	19000001	36658956	candidate_region_label	BFB	region	candidate_region	11	17	17	candidate_region_with_context	23594957	34731602	sv_attention	0.9975	0.6307	HP1	0.7958	0.7278	459.0	69.0	3.7178	0.1748	C2	BFB	BFB:noncanonicalB	chromosome_arm	17900000	114350001	402	402	8	10	9	17658956	6.229133817423861e-07	3.892593480611198	236716.0	715766.0	1571399.5	False	0.4545454545454545	0.2	2	0	3	2	1	1	0	0	2	0	0	0	12	1	9.0	11.0	11.0	11.0	2	2	3.0	2	2	1	2	sample_residual	coords	1	0	BFB:noncanonicalB	BFB	6.7638325691223145	0.9988465371621261	BFB	0.2208163516993011	-1.2609153985977173	-2.4230942726135254	0.0814285103777159	-1.72941255569458	0.15066273573561528	-2.7981135845184326	0.05742619940170553	-1.2609153985977173	0.2208163516993011	CERV196:C2	1	max	0.7900000214576721	min_delta	0.30000001192092896	0.20000000298023224	type_confidence	0.9800000190734863	0.10000000149011612	0.30000001192092896	0.6399999856948853	0.8399999886751175	0.20999999344348907	0.4099999964237213	0.23000000417232513	0.4300000071525574	0.11999999731779099	0.3200000002980232	BFB	objectness_type_threshold	False	BFB	0.2208163516993011	0.07015361596368583	BFB	BFB	BFB:noncanonicalB	BFB:noncanonicalB	True	True	True	True	False	False	exact	True	1	train
CERV215:chr8:36884526-42999999:1	CERV215:chr8:36884526-42999999:1	CERV215	chr8	p	36884526	42999999	candidate_region_label	chromothripsis;BFB	region	candidate_region	4	5	5	candidate_region_with_context	37504924	38878405	sv_attention	0.7769	0.2246	mixed_HP	-0.0475	0.3	4.0	8.0	2.0865	0.6512	C1	chromothripsis;BFB	chromothripsis:noncanonicalB;BFB:noncanonical	chromosome_arm	0	45644000	402	402	8	4	4	6115474	6.540784900728872e-07	2.7376895069785268	594919.5	731243.0	1665192.25	True	0.75	0.6666666666666666	0	0	1	0	2	1	0	0	0	0	0	0	4	1	4.0	4.0	4.0	4.0	0	0	1.0	1	0	2	1	sample_residual	coords	1	0	chromothripsis:noncanonicalB;BFB:noncanonical	chromothripsis;BFB	5.047260761260986	0.9936141272476435	chromothripsis	0.22528259926206404	-1.235142707824707	-3.8315014839172363	0.021217119039242827	-3.1097381114959717	0.0427073498370252	-1.235142707824707	0.22528259926206404	-1.8410879373550415	0.13692267494318716	CERV215:C1	1	max	0.7900000214576721	min_delta	0.30000001192092896	0.20000000298023224	type_confidence	0.9800000190734863	0.10000000149011612	0.30000001192092896	0.6399999856948853	0.8399999886751175	0.20999999344348907	0.4099999964237213	0.23000000417232513	0.4300000071525574	0.11999999731779099	0.3200000002980232	BFB	objectness_type_threshold	False	chromothripsis	0.22528259926206404	0.08835992431887688	BFB	BFB	BFB:noncanonicalB	BFB:noncanonicalB	True	False	True	False	False	True	partial_class	True	1	train
CERV215:chr11:93422105-102966723:2	CERV215:chr11:93422105-102966723:2	CERV215	chr11	q	93422105	102966723	candidate_region_label	ecDNA;Seismic_Amplification;BFB	region	candidate_region	7	14	14	candidate_region_with_context	101295179	102447260	sv_attention	0.9617	0.1207	mixed_HP	-0.5189	0.2388	75.0	258.0	2.7164	7.301	C2	ecDNA;Seismic_Amplification;BFB	ecDNA;Seismic_Amplification:noncanonical;BFB:noncanonical	chromosome_arm	53714000	135050001	402	402	8	7	7	9544619	7.333975300637983e-07	10.017447632011294	443252.5	593254.0	2140843.5	False	0.2857142857142857	0.1666666666666666	0	0	0	0	1	1	1	0	1	0	2	1	8	2	4.0	8.0	7.0	8.0	0	0	5.0	3	0	0	3	sample_residual	coords	1	0	ecDNA;Seismic_Amplification:noncanonical;BFB:noncanonical	ecDNA;Seismic_Amplification;BFB	5.529472827911377	0.9960476030299119	ecDNA	0.8695432594680899	1.8969264030456543	1.8969264030456543	0.8695432594680899	0.30064254999160767	0.5745995859792847	-4.912206649780273	0.007302518703966212	-0.20879213511943817	0.4479907706202604	CERV215:C2	1	max	0.7900000214576721	min_delta	0.30000001192092896	0.20000000298023224	type_confidence	0.9800000190734863	0.10000000149011612	0.30000001192092896	0.6399999856948853	0.8399999886751175	0.20999999344348907	0.4099999964237213	0.23000000417232513	0.4300000071525574	0.11999999731779099	0.3200000002980232	ecDNA	objectness_type_threshold	False	ecDNA	0.8695432594680899	0.2949436734888051	ecDNA;Seismic_Amplification;BFB	ecDNA;Seismic_Amplification;BFB	ecDNA;Seismic_Amplification:canonical;BFB:canonical	ecDNA;Seismic_Amplification:canonical;BFB:canonical	True	False	True	True	True	False	wrong_level	True	3	train
CERV215:chr17:36651110-47994380:3	CERV215:chr17:36651110-47994380:3	CERV215	chr17	q	36651110	47994380	candidate_region_label	BFB	region	candidate_region	11	20	20	candidate_region_with_context	36656119	47994380	sv_attention	0.9999	0.9996	HP2	-0.4723	0.2964	8.0	112.0	1.5408	0.8001	C3	BFB	BFB:noncanonicalB	chromosome_arm	25150000	83250001	402	402	8	11	11	11343271	9.697379177487693e-07	2.3409416031760157	234593.0	444301.0	1549450.0	False	0.5454545454545454	0.4	0	3	2	3	2	1	0	0	0	0	0	0	12	0	1.0	1.0			6	0	1.0	0	5	0	0	sample_residual	coords	1	0	BFB:noncanonicalB	BFB	5.010808944702148	0.9933786257339317	chromothripsis	0.17843515002095112	-1.5269856452941895	-3.155073881149292	0.04089181801278851	-2.2092413902282715	0.09892367339797596	-1.5269856452941895	0.17843515002095112	-2.0775411128997803	0.11129894654504979	CERV215:C3	1	max	0.7900000214576721	min_delta	0.30000001192092896	0.20000000298023224	type_confidence	0.9800000190734863	0.10000000149011612	0.30000001192092896	0.6399999856948853	0.8399999886751175	0.20999999344348907	0.4099999964237213	0.23000000417232513	0.4300000071525574	0.11999999731779099	0.3200000002980232	none	none_type_threshold	False	chromothripsis	0.17843515002095112	0.06713620347590132		none		none	False	False	False	False	False	False	wrong	False	0	train
CERV215:chr22:19000001-26749456:4		CERV215	chr22	q	19000001	26749456	candidate_region_empty		empty_candidate_region	candidate_region	9	14	14	candidate_region_with_context	19034297	26749456	sv_attention	0.9975	0.9956	mixed_HP	-0.009	0.2	36.0	112.0	4.8615	0.0	C4			chromosome_arm	15050000	50807217	402	402	8	9	6	7749456	1.1613718433913297e-06	4.861458662388689	43711.0	280930.0	930412.0	False	0.5555555555555556	0.125	1	0	0	1	2	3	1	1	0	0	0	0	6	0					0	1	0.0	2	3	0	2	sample_residual	coords	0	1			-1.7302881479263306	0.1505507261785631	chromothripsis	0.3982768668712022	-0.4126500189304352	-2.2825520038604736	0.09257834239250311	-2.1554107666015625	0.10382668881216672	-0.4126500189304352	0.3982768668712022	-4.751794338226318	0.008562239966247878	CERV215:C4	1	max	0.7900000214576721	min_delta	0.30000001192092896	0.20000000298023224	type_confidence	0.9800000190734863	0.10000000149011612	0.30000001192092896	0.6399999856948853	0.8399999886751175	0.20999999344348907	0.4099999964237213	0.23000000417232513	0.4300000071525574	0.11999999731779099	0.3200000002980232	none	none_objectness	False	chromothripsis	0.3982768668712022	0.29445017805903545		none		none	False	False	False	False	False	False	background	True	0	train
CFPAC1:chr4:169433769-174050891:1	CFPAC1:chr4:169433769-174050891:1	CFPAC1	chr4	q	169433769	174050891	candidate_region_label	chromothripsis	region	candidate_region	4	10	10	candidate_region_with_context	173701222	174050890	sv_attention	0.9817	0.0757	HP2	-0.4957	0.3276	0.0	85.0	1.8225	0.5869	C1	chromothripsis	chromothripsis:noncanonicalB	chromosome_arm	50494000	190200001	402	402	8	4	4	4617123	8.663403595702346e-07	2.409419242242409	1020498.0	1175942.5	1309725.25	True	0.75	0.6666666666666666	0	1	1	2	0	0	0	0	0	0	0	0	5	0					2	0	0.0	1	2	0	1	sample_residual	coords	1	0	chromothripsis:noncanonicalB	chromothripsis	3.5779032707214355	0.9728249073090174	chromothripsis	0.38692727734738674	-0.4602468013763428	-3.418851613998413	0.03171147159531702	-2.8262572288513184	0.05592166730619195	-0.4602468013763428	0.38692727734738674	-2.592108964920044	0.0696480038508919	CFPAC1:C1	1	max	0.7900000214576721	min_delta	0.30000001192092896	0.20000000298023224	type_confidence	0.9800000190734863	0.10000000149011612	0.30000001192092896	0.6399999856948853	0.8399999886751175	0.20999999344348907	0.4099999964237213	0.23000000417232513	0.4300000071525574	0.11999999731779099	0.3200000002980232	chromothripsis	objectness_type_threshold	False	chromothripsis	0.38692727734738674	0.3172792734964949	chromothripsis	chromothripsis	chromothripsis:noncanonical	chromothripsis:noncanonical	True	False	True	True	True	False	wrong_level	True	1	train
CFPAC1:chr8:34116445-37127717:2	CFPAC1:chr8:34116445-37127717:2	CFPAC1	chr8	p	34116445	37127717	candidate_region_label	BFB	region	candidate_region	1	4	4	candidate_region_with_context	34146806	34147348	sv_attention	0.6235	0.0002	mixed_HP	0.2381	0.3	19.0	9.0	2.0	2.0	C2	BFB	BFB:noncanonicalB	chromosome_arm	0	45644000	402	402	8	1	1	3011273	3.320854668440889e-07	4.0	3011273.0	3011273.0	3011273.0	False	0.0	0.0	0	0	0	0	1	0	0	0	0	0	0	0	2	0	1.0	1.0			0	0	1.0	1	0	0	1	sample_residual	coords	1	0	BFB:noncanonicalB	BFB	3.5567874908447266	0.9722610692879381	BFB	0.20868185935834263	-1.332889199256897	-4.325847148895264	0.013049795174791243	-3.5672051906585693	0.02745934877637587	-2.7836086750030518	0.0582163861400408	-1.332889199256897	0.20868185935834263	CFPAC1:C2	1	max	0.7900000214576721	min_delta	0.30000001192092896	0.20000000298023224	type_confidence	0.9800000190734863	0.10000000149011612	0.30000001192092896	0.6399999856948853	0.8399999886751175	0.20999999344348907	0.4099999964237213	0.23000000417232513	0.4300000071525574	0.11999999731779099	0.3200000002980232	BFB	objectness_type_threshold	False	BFB	0.20868185935834263	0.15046547321830184	BFB	BFB	BFB:noncanonicalB	BFB:noncanonicalB	True	True	True	True	False	False	exact	True	1	train
CFPAC1:chr8:125817166-128418242:3	CFPAC1:chr8:125817166-128418242:3	CFPAC1	chr8	q	125817166	128418242	candidate_region_label	BFB	region	candidate_region	3	3	3	candidate_region_with_context	126163566	127915578	sv_attention	0.3	0.6736	HP1	0.8927	0.857	6.0	0.0	4.5197	0.8668	C3	BFB	BFB:noncanonical	chromosome_arm	45644000	145100001	402	402	8	3	3	2601077	1.1533683931694448e-06	5.386503744410488	611204.0	876006.0	1127337.5	False	0.6666666666666666	0.5	0	0	0	1	0	1	0	1	0	0	0	0	4	1	4.0	4.0	4.0	4.0	2	0	1.0	0	1	0	0	sample_residual	coords	1	0	BFB:noncanonical	BFB	5.268803119659424	0.9948766137187182	BFB	0.47075712583475826	-0.1171051412820816	-2.714479446411133	0.062124344343947195	-1.6878868341445923	0.1560539441802628	-4.040253639221191	0.017288846726469947	-0.1171051412820816	0.47075712583475826	CFPAC1:C3	1	max	0.7900000214576721	min_delta	0.30000001192092896	0.20000000298023224	type_confidence	0.9800000190734863	0.10000000149011612	0.30000001192092896	0.6399999856948853	0.8399999886751175	0.20999999344348907	0.4099999964237213	0.23000000417232513	0.4300000071525574	0.11999999731779099	0.3200000002980232	BFB	objectness_type_threshold	False	BFB	0.47075712583475826	0.31470318165449546	BFB	BFB	BFB:canonical	BFB:canonical	True	False	True	True	True	False	wrong_level	True	1	train
CFPAC1:chr11:45868884-50999999:4	CFPAC1:chr11:45868884-50999999:4	CFPAC1	chr11	p	45868884	50999999	candidate_region_label	chromothripsis	region	candidate_region	6	9	9	candidate_region_with_context	45884966	50999999	sv_attention	0.924	0.9969	mixed_HP	-0.0975	0.4608	80.0	124.0	2.0495	1.5497	C4	chromothripsis	chromothripsis:noncanonical	chromosome_arm	0	53714000	402	402	8	6	5	5131116	1.1693362613513318e-06	3.5992487794078327	377103.75	864966.5	1240974.25	True	0.8333333333333334	0.6	0	0	0	2	3	1	0	0	0	0	0	0	4	0					0	1	0.0	0	3	0	0	sample_residual	coords	1	0	chromothripsis:noncanonical	chromothripsis	3.7736282348632812	0.9775471338408847	chromothripsis	0.7658350122323505	1.1849408149719238	-2.708611011505127	0.062467148076684	-2.1051597595214844	0.10859633047543038	1.1849408149719238	0.7658350122323505	-2.481205463409424	0.07718629492551493	CFPAC1:C4	3	max	0.7900000214576721	min_delta	0.30000001192092896	0.20000000298023224	type_confidence	0.9800000190734863	0.10000000149011612	0.30000001192092896	0.6399999856948853	0.8399999886751175	0.20999999344348907	0.4099999964237213	0.23000000417232513	0.4300000071525574	0.11999999731779099	0.3200000002980232	chromothripsis	objectness_type_threshold	False	chromothripsis	0.7658350122323505	0.6572386817569201	chromothripsis	chromothripsis	chromothripsis:canonical	chromothripsis:canonical	True	False	True	True	True	False	wrong_level	True	1	train
CFPAC1:chr11:79558920-116268542:5	CFPAC1:chr11:79558920-116268542:5	CFPAC1	chr11	q	79558920	116268542	candidate_region_label	chromothripsis	region	candidate_region	50	106	106	candidate_region_with_context	79562454	116268542	sv_attention	1.0	0.9999	HP2	-0.3981	0.1974	107.0	581.0	1.872	1.2909	C4	chromothripsis	chromothripsis:noncanonical	chromosome_arm	53714000	135050001	402	402	8	50	37	36709623	1.3620406834469534e-06	3.162834633305823	115985.25	470350.0	791763.5	True	0.76	0.5510204081632653	2	3	5	22	16	2	0	0	0	0	0	0	51	0					8	15	0.0	0	28	0	0	sample_residual	coords	1	0	chromothripsis:noncanonical	chromothripsis	3.7736282348632812	0.9775471338408847	chromothripsis	0.7658350122323505	1.1849408149719238	-2.708611011505127	0.062467148076684	-2.1051597595214844	0.10859633047543038	1.1849408149719238	0.7658350122323505	-2.481205463409424	0.07718629492551493	CFPAC1:C4	3	max	0.7900000214576721	min_delta	0.30000001192092896	0.20000000298023224	type_confidence	0.9800000190734863	0.10000000149011612	0.30000001192092896	0.6399999856948853	0.8399999886751175	0.20999999344348907	0.4099999964237213	0.23000000417232513	0.4300000071525574	0.11999999731779099	0.3200000002980232	chromothripsis	objectness_type_threshold	False	chromothripsis	0.7658350122323505	0.6572386817569201	chromothripsis	chromothripsis	chromothripsis:canonical	chromothripsis:canonical	True	False	True	True	True	False	wrong_level	True	1	train
CFPAC1:chr11:126340678-135086622:6	CFPAC1:chr11:126340678-135086622:6	CFPAC1	chr11	q	126340678	135086622	candidate_region_label	chromothripsis	region	candidate_region	19	40	40	candidate_region_with_context	127035792	135086622	sv_attention	1.0	0.9205	HP2	-0.4963	0.3284	23.0	194.0	2.0351	1.7088	C4	chromothripsis	chromothripsis:noncanonical	chromosome_arm	53714000	135050001	402	402	8	19	11	8745945	2.172435340034725e-06	3.7365428207014793	58502.5	173180.0	569143.0	False	0.7368421052631579	0.5	0	0	1	8	6	4	0	0	0	0	0	0	23	0					10	7	0.0	0	6	0	0	sample_residual	coords	1	0	chromothripsis:noncanonical	chromothripsis	3.7736282348632812	0.9775471338408847	chromothripsis	0.7658350122323505	1.1849408149719238	-2.708611011505127	0.062467148076684	-2.1051597595214844	0.10859633047543038	1.1849408149719238	0.7658350122323505	-2.481205463409424	0.07718629492551493	CFPAC1:C4	3	max	0.7900000214576721	min_delta	0.30000001192092896	0.20000000298023224	type_confidence	0.9800000190734863	0.10000000149011612	0.30000001192092896	0.6399999856948853	0.8399999886751175	0.20999999344348907	0.4099999964237213	0.23000000417232513	0.4300000071525574	0.11999999731779099	0.3200000002980232	chromothripsis	objectness_type_threshold	False	chromothripsis	0.7658350122323505	0.6572386817569201	chromothripsis	chromothripsis	chromothripsis:canonical	chromothripsis:canonical	True	False	True	True	True	False	wrong_level	True	1	train
CFPAC1:chr12:23200844-26346628:7	CFPAC1:chr12:23200844-26346628:7	CFPAC1	chr12	p	23200844	26346628	candidate_region_label	BFB	region	candidate_region	1	8	8	candidate_region_with_context	23220204	25551766	sv_attention	0.7468	0.7412	mixed_HP	0.0598	0.359	98.0	58.0	2.0	4.0	C5	BFB	BFB:noncanonical	chromosome_arm	0	35807000	402	402	8	1	1	3145785	3.178856787733428e-07	6.0	3145785.0	3145785.0	3145785.0	False	0.0	0.0	0	0	0	0	0	0	1	0	0	0	0	0	2	1	2.0	2.0	2.0	2.0	0	0	1.0	0	1	0	0	sample_residual	coords	1	0	BFB:noncanonical	BFB	5.1150431632995605	0.9940301347287146	BFB	0.3243186606591656	-0.7339950203895569	-4.848297119140625	0.007780705588044757	-3.179551839828491	0.03994251605798216	-3.0994880199432373	0.04312837855721186	-0.7339950203895569	0.3243186606591656	CFPAC1:C5	1	max	0.7900000214576721	min_delta	0.30000001192092896	0.20000000298023224	type_confidence	0.9800000190734863	0.10000000149011612	0.30000001192092896	0.6399999856948853	0.8399999886751175	0.20999999344348907	0.4099999964237213	0.23000000417232513	0.4300000071525574	0.11999999731779099	0.3200000002980232	BFB	objectness_type_threshold	False	BFB	0.3243186606591656	0.28119028210195374	BFB	BFB	BFB:canonical	BFB:canonical	True	False	True	True	True	False	wrong_level	True	1	train
CFPAC1:chr12:75477540-85934539:8	CFPAC1:chr12:75477540-85934539:8	CFPAC1	chr12	q	75477540	85934539	candidate_region_label	chromothripsis	region	candidate_region	6	12	12	candidate_region_with_context	75532746	85934539	sv_attention	0.9933	0.9947	HP2	-0.9407	0.921	6.0	129.0	0.0	3.5053	C6	chromothripsis	chromothripsis:noncanonicalB	chromosome_arm	35807000	133250001	402	402	8	6	5	10457000	5.737783303050588e-07	3.5053045806636702	742280.0	955768.0	2462913.75	True	0.8333333333333334	0.8	0	0	3	0	2	1	0	0	0	0	0	0	8	0					3	0	0.0	4	1	0	4	sample_residual	coords	1	0	chromothripsis:noncanonicalB	chromothripsis	4.222093105316162	0.9855441265931367	chromothripsis	0.3926254355401141	-0.43628960847854614	-2.6937317848205566	0.06334424388332563	-3.0507965087890625	0.04518309837976176	-0.43628960847854614	0.3926254355401141	-2.7438108921051025	0.06043714089781166	CFPAC1:C6	1	max	0.7900000214576721	min_delta	0.30000001192092896	0.20000000298023224	type_confidence	0.9800000190734863	0.10000000149011612	0.30000001192092896	0.6399999856948853	0.8399999886751175	0.20999999344348907	0.4099999964237213	0.23000000417232513	0.4300000071525574	0.11999999731779099	0.3200000002980232	chromothripsis	objectness_type_threshold	False	chromothripsis	0.3926254355401141	0.3292811916567885	chromothripsis	chromothripsis	chromothripsis:noncanonical	chromothripsis:noncanonical	True	False	True	True	True	False	wrong_level	True	1	train
CFPAC1:chr17:37492981-44235604:9	CFPAC1:chr17:37492981-44235604:9	CFPAC1	chr17	q	37492981	44235604	candidate_region_label	Seismic_Amplification;BFB	region	candidate_region	7	11	11	candidate_region_with_context	37493676	44235604	sv_attention	0.9895	0.9999	mixed_HP	0.0559	0.4304	97.0	61.0	2.1226	3.841	C7	Seismic_Amplification;BFB	Seismic_Amplification:noncanonical;BFB:noncanonicalB	chromosome_arm	25150000	83250001	402	402	8	7	6	6742624	1.0381714893192917e-06	5.963621877773401	413458.0	808033.0	1538104.5	False	0.4285714285714285	0.0	0	0	0	1	1	1	1	2	1	0	0	0	8	1	3.0	3.0	3.0	3.0	1	3	1.0	1	2	0	1	sample_residual	coords	1	0	Seismic_Amplification:noncanonical;BFB:noncanonicalB	Seismic_Amplification;BFB	6.130102634429932	0.9978283686662818	Seismic_Amplification	0.2878044053220631	-0.9060714840888977	-3.1662731170654297	0.04045483896024587	-0.9060714840888977	0.2878044053220631	-2.799872398376465	0.05733107163954895	-1.1653562784194946	0.23769538421269873	CFPAC1:C7	2	max	0.7900000214576721	min_delta	0.30000001192092896	0.20000000298023224	type_confidence	0.9800000190734863	0.10000000149011612	0.30000001192092896	0.6399999856948853	0.8399999886751175	0.20999999344348907	0.4099999964237213	0.23000000417232513	0.4300000071525574	0.11999999731779099	0.3200000002980232	Seismic_Amplification	objectness_type_threshold	False	Seismic_Amplification	0.2878044053220631	0.050109021109364354	Seismic_Amplification	Seismic_Amplification	Seismic_Amplification:noncanonical	Seismic_Amplification:noncanonical	True	False	True	False	False	True	partial_class	True	1	train
CFPAC1:chr17:68423151-72496082:10	CFPAC1:chr17:68423151-72496082:10	CFPAC1	chr17	q	68423151	72496082	candidate_region_label	Seismic_Amplification;BFB	region	candidate_region	4	13	13	candidate_region_with_context	68423193	69115243	sv_attention	0.9955	0.1699	HP1	0.3551	0.1402	41.0	9.0	1.8416	2.8478	C7	Seismic_Amplification;BFB	Seismic_Amplification:noncanonical;BFB:noncanonicalB	chromosome_arm	25150000	83250001	402	402	8	4	2	4072932	9.820934894076309e-07	4.689454918471509	40048.75	335219.0	1313403.25	False	0.5	0.3333333333333333	0	0	1	1	0	1	1	0	0	0	0	0	8	0	7.0	7.0			2	1	1.0	0	3	1	0	sample_residual	coords	1	0	Seismic_Amplification:noncanonical;BFB:noncanonicalB	Seismic_Amplification;BFB	6.130102634429932	0.9978283686662818	Seismic_Amplification	0.2878044053220631	-0.9060714840888977	-3.1662731170654297	0.04045483896024587	-0.9060714840888977	0.2878044053220631	-2.799872398376465	0.05733107163954895	-1.1653562784194946	0.23769538421269873	CFPAC1:C7	2	max	0.7900000214576721	min_delta	0.30000001192092896	0.20000000298023224	type_confidence	0.9800000190734863	0.10000000149011612	0.30000001192092896	0.6399999856948853	0.8399999886751175	0.20999999344348907	0.4099999964237213	0.23000000417232513	0.4300000071525574	0.11999999731779099	0.3200000002980232	Seismic_Amplification	objectness_type_threshold	False	Seismic_Amplification	0.2878044053220631	0.050109021109364354	Seismic_Amplification	Seismic_Amplification	Seismic_Amplification:noncanonical	Seismic_Amplification:noncanonical	True	False	True	False	False	True	partial_class	True	1	train
CaSki:chr5:23506772-35239312:1	CaSki:chr5:23506772-35239312:1	CaSki	chr5	p	23506772	35239312	candidate_region_label	BFB	region	candidate_region	4	7	7	candidate_region_with_context	27795095	27955455	sv_attention	0.918	0.0137	mixed_HP	0.5137	0.45	23.0	5.0	5.6474	3.3499	C1	BFB	BFB:noncanonicalB	chromosome_arm	0	48464000	402	402	8	4	4	11732541	3.409321135123244e-07	8.997265894915689	2430759.5	3648111.0	4150486.75	False	0.75	0.3333333333333333	0	0	0	0	0	0	0	0	4	0	0	0	5	0	3.0	3.0			0	0	1.0	4	0	0	4	sample_residual	coords	1	0	BFB:noncanonicalB	BFB	4.0798845291137695	0.9833717558469408	Seismic_Amplification	0.21294703898279652	-1.307252049446106	-1.526376724243164	0.17852443291963557	-1.307252049446106	0.21294703898279652	-3.5291032791137695	0.02849540149212462	-1.5093387365341187	0.18103681303927474	CaSki:C1	1	max	0.7900000214576721	min_delta	0.30000001192092896	0.20000000298023224	type_confidence	0.9800000190734863	0.10000000149011612	0.30000001192092896	0.6399999856948853	0.8399999886751175	0.20999999344348907	0.4099999964237213	0.23000000417232513	0.4300000071525574	0.11999999731779099	0.3200000002980232	Seismic_Amplification	objectness_type_threshold	False	Seismic_Amplification	0.21294703898279652	0.031910225943521775	Seismic_Amplification	Seismic_Amplification	Seismic_Amplification:noncanonical	Seismic_Amplification:noncanonical	True	False	False	False	False	False	wrong	True	1	train
CaSki:chr6:20537162-26063624:2	CaSki:chr6:20537162-26063624:2	CaSki	chr6	p	20537162	26063624	candidate_region_label	chromothripsis	region	candidate_region	4	2	2	candidate_region_with_context	23447076	23447077	sv_attention	0.3	0.0	mixed_HP	0.2222	0.2021	6.0	3.0	2.6064	2.6064	C2	chromothripsis	chromothripsis:noncanonicalB	chromosome_arm	0	60589000	402	402	8	4	4	5526463	7.237902434160873e-07	5.212805369365542	711767.5	1133495.5	1803343.75	True	1.0	1.0	0	0	0	0	2	0	2	0	0	0	0	0	5	0					0	3	0.0	1	1	0	1	sample_residual	coords	1	0	chromothripsis:noncanonicalB	chromothripsis	3.212144374847412	0.9612887424909331	chromothripsis	0.44743376614024305	-0.2110447883605957	-3.7173328399658203	0.023722269907644294	-3.353220224380493	0.03378987191415636	-0.2110447883605957	0.44743376614024305	-2.8778271675109863	0.05326059279938274	CaSki:C2	1	max	0.7900000214576721	min_delta	0.30000001192092896	0.20000000298023224	type_confidence	0.9800000190734863	0.10000000149011612	0.30000001192092896	0.6399999856948853	0.8399999886751175	0.20999999344348907	0.4099999964237213	0.23000000417232513	0.4300000071525574	0.11999999731779099	0.3200000002980232	chromothripsis	objectness_type_threshold	False	chromothripsis	0.44743376614024305	0.39417317334086033	chromothripsis	chromothripsis	chromothripsis:noncanonical	chromothripsis:noncanonical	True	False	True	True	True	False	wrong_level	True	1	train
CaSki:chr6:63000001-65710352:3	CaSki:chr6:63000001-65710352:3	CaSki	chr6	q	63000001	65710352	candidate_region_label	Seismic_Amplification	region	candidate_region	9	11	11	candidate_region_with_context	63679868	65385358	sv_attention	0.9237	0.6293	mixed_HP	-0.5436	0.8301	7.0	87.0	5.1796	4.4904	C3	Seismic_Amplification	Seismic_Amplification:noncanonical	chromosome_arm	60589000	170800001	402	402	8	9	7	2710352	3.320601899679451e-06	9.670066471070916	104255.0	278971.0	394193.0	False	0.4444444444444444	0.125	0	0	0	0	0	0	0	2	3	4	0	0	9	0					0	5	0.0	1	3	0	1	sample_residual	coords	1	0	Seismic_Amplification:noncanonical	Seismic_Amplification	3.4660444259643555	0.969706034261446	Seismic_Amplification	0.6984278376101231	0.83982253074646	-3.6439013481140137	0.025483721484827835	0.83982253074646	0.6984278376101231	-3.1168487071990967	0.04241758769851249	-2.7955636978149414	0.057564376628189515	CaSki:C3	1	max	0.7900000214576721	min_delta	0.30000001192092896	0.20000000298023224	type_confidence	0.9800000190734863	0.10000000149011612	0.30000001192092896	0.6399999856948853	0.8399999886751175	0.20999999344348907	0.4099999964237213	0.23000000417232513	0.4300000071525574	0.11999999731779099	0.3200000002980232	Seismic_Amplification	objectness_type_threshold	False	Seismic_Amplification	0.6984278376101231	0.6408634609819336	Seismic_Amplification	Seismic_Amplification	Seismic_Amplification:canonical	Seismic_Amplification:canonical	True	False	True	True	True	False	wrong_level	True	1	train
CaSki:chr7:45937204-57999999:4	CaSki:chr7:45937204-57999999:4	CaSki	chr7	p	45937204	57999999	candidate_region_label	BFB	region	candidate_region	8	13	13	candidate_region_with_context	50305770	57999999	sv_attention	0.9959	0.6378	HP1	0.6588	0.5451	35.0	8.0	5.5158	0.8955	C4	BFB	BFB:noncanonicalB	chromosome_arm	0	59904000	402	402	8	8	7	12062796	6.631961611553408e-07	6.411267586718701	489757.75	786635.5	2023042.75	False	0.625	0.1428571428571428	0	0	0	0	0	1	3	1	3	0	0	0	9	0	1.0	4.0			1	1	2.0	3	2	0	3	sample_residual	coords	1	0	BFB:noncanonicalB	BFB	4.518970489501953	0.9892172942728665	Seismic_Amplification	0.3763259842966235	-0.505172073841095	-3.1333413124084473	0.04175271817817777	-0.505172073841095	0.3763259842966235	-3.371454954147339	0.03319957691431067	-1.4721497297286987	0.18661608551662384	CaSki:C4	1	max	0.7900000214576721	min_delta	0.30000001192092896	0.20000000298023224	type_confidence	0.9800000190734863	0.10000000149011612	0.30000001192092896	0.6399999856948853	0.8399999886751175	0.20999999344348907	0.4099999964237213	0.23000000417232513	0.4300000071525574	0.11999999731779099	0.3200000002980232	Seismic_Amplification	objectness_type_threshold	False	Seismic_Amplification	0.3763259842966235	0.18970989877999966	Seismic_Amplification	Seismic_Amplification	Seismic_Amplification:noncanonical	Seismic_Amplification:noncanonical	True	False	False	False	False	False	wrong	True	1	train
CaSki:chr11:99652394-104394528:5	CaSki:chr11:99652394-104394528:5	CaSki	chr11	q	99652394	104394528	candidate_region_label	Seismic_Amplification;BFB	region	candidate_region	4	7	7	candidate_region_with_context	100567651	101989131	sv_attention	0.8825	0.2998	HP1	0.9827	0.9769	45.0	0.0	19.1709	0.512	C5	Seismic_Amplification;BFB	Seismic_Amplification:canonical;BFB:noncanonical	chromosome_arm	53714000	135050001	402	402	8	4	4	4742135	8.435019247659546e-07	19.682881444750095	736224.0	1052496.0	1501805.75	False	0.5	0.3333333333333333	0	0	0	0	0	0	0	0	1	1	2	0	5	1	1.0	5.0	5.0	5.0	0	0	3.0	0	1	1	0	sample_residual	coords	1	0	Seismic_Amplification:canonical;BFB:noncanonical	Seismic_Amplification;BFB	5.242935657501221	0.9947430615335685	Seismic_Amplification	0.7588790946801697	1.1465439796447754	0.46533629298210144	0.6142793271768578	1.1465439796447754	0.7588790946801697	-4.971599102020264	0.0068843315464649744	-0.5015047788619995	0.37718710539886646	CaSki:C5	1	max	0.7900000214576721	min_delta	0.30000001192092896	0.20000000298023224	type_confidence	0.9800000190734863	0.10000000149011612	0.30000001192092896	0.6399999856948853	0.8399999886751175	0.20999999344348907	0.4099999964237213	0.23000000417232513	0.4300000071525574	0.11999999731779099	0.3200000002980232	Seismic_Amplification	objectness_type_threshold	False	Seismic_Amplification	0.7588790946801697	0.14459976750331183	Seismic_Amplification;BFB	Seismic_Amplification;BFB	Seismic_Amplification:canonical;BFB:canonical	Seismic_Amplification:canonical;BFB:canonical	True	False	True	True	True	False	wrong_level	True	2	train
CaSki:chr22:19000001-28664067:6		CaSki	chr22	q	19000001	28664067	candidate_region_empty		empty_candidate_region	candidate_region	6	5	5	candidate_region_with_context	24685816	28664067	sv_attention	0.3	0.4117	mixed_HP	0.1164	0.5833	28.0	20.0	2.0	1.9375	C6			chromosome_arm	15050000	50800001	402	402	8	6	5	9664067	6.208566227862451e-07	3.937540685510562	1523131.75	1689033.5	2089431.0	True	0.8333333333333334	0.6	0	0	0	1	3	2	0	0	0	0	0	0	6	0					0	2	0.0	3	1	0	3	sample_residual	coords	0	1			2.2018442153930664	0.9004149998274733	chromothripsis	0.5297409740995626	0.11910449713468552	-2.87324857711792	0.053491935986620616	-3.275933027267456	0.03640611999620355	0.11910449713468552	0.5297409740995626	-3.122593402862549	0.04218486012452795	CaSki:C6	1	max	0.7900000214576721	min_delta	0.30000001192092896	0.20000000298023224	type_confidence	0.9800000190734863	0.10000000149011612	0.30000001192092896	0.6399999856948853	0.8399999886751175	0.20999999344348907	0.4099999964237213	0.23000000417232513	0.4300000071525574	0.11999999731779099	0.3200000002980232	chromothripsis	objectness_type_threshold	False	chromothripsis	0.5297409740995626	0.47624903811294195	chromothripsis	chromothripsis	chromothripsis:canonical	chromothripsis:canonical	True	False	False	False	False	False	background	False	1	train
CaSki:chrX:80448062-86099488:7	CaSki:chrX:80448062-86099488:7	CaSki	chrX	q	80448062	86099488	candidate_region_label	Seismic_Amplification;BFB	region	candidate_region	6	7	7	candidate_region_with_context	80507539	85738904	sv_attention	0.9179	0.9257	HP1	0.8863	0.8484	118.0	11.0	5.0908	0.0	C7	Seismic_Amplification;BFB	Seismic_Amplification:noncanonical;BFB:noncanonicalB	chromosome_arm	61090000	156000001	402	402	8	6	4	5651427	1.0616787583029917e-06	5.090849974705503	195717.0	807461.0	1251325.75	False	0.5	0.0	0	0	1	1	0	0	0	0	3	1	0	0	7	1	2.0	2.0	2.0	2.0	2	0	1.0	2	2	0	2	sample_residual	coords	1	0	Seismic_Amplification:noncanonical;BFB:noncanonicalB	Seismic_Amplification;BFB	5.059849262237549	0.9936935081516064	Seismic_Amplification	0.6284979984848481	0.525778591632843	-1.4018634557724	0.19752057565677283	0.525778591632843	0.6284979984848481	-4.344851493835449	0.012807280324270037	-1.1470829248428345	0.24102230201713165	CaSki:C7	1	max	0.7900000214576721	min_delta	0.30000001192092896	0.20000000298023224	type_confidence	0.9800000190734863	0.10000000149011612	0.30000001192092896	0.6399999856948853	0.8399999886751175	0.20999999344348907	0.4099999964237213	0.23000000417232513	0.4300000071525574	0.11999999731779099	0.3200000002980232	Seismic_Amplification	objectness_type_threshold	False	Seismic_Amplification	0.6284979984848481	0.38747569646771646	Seismic_Amplification	Seismic_Amplification	Seismic_Amplification:canonical	Seismic_Amplification:canonical	True	False	True	False	False	True	partial_class	True	1	train
DOTC2:chr1:50777662-67572663:1	DOTC2:chr1:50777662-67572663:1	DOTC2	chr1	p	50777662	67572663	candidate_region_label	Seismic_Amplification;BFB	region	candidate_region	12	36	36	candidate_region_with_context	64409477	67572663	sv_attention	1.0	0.1883	HP2	-0.3293	0.1057	38.0	159.0	3.3916	2.0759	C1	Seismic_Amplification;BFB	Seismic_Amplification:noncanonical;BFB:noncanonicalB	chromosome_arm	0	123459000	402	402	8	11	10	16795002	7.144982775232775e-07	5.467586309307971	153306.5	723948.5	1818625.75	False	0.5	0.2727272727272727	0	0	0	0	3	3	2	2	2	0	0	0	13	0	1.0	11.0			1	1	2.0	4	5	0	4	sample_residual	coords	1	0	Seismic_Amplification:noncanonical;BFB:noncanonicalB	Seismic_Amplification;BFB	5.081271648406982	0.9938263462593571	Seismic_Amplification	0.3142129192213523	-0.78049635887146	-1.3763266801834106	0.20159959899360883	-0.78049635887146	0.3142129192213523	-3.5288994312286377	0.028501045239867826	-1.3655507564544678	0.20333963984480485	DOTC2:C1	1	max	0.7900000214576721	min_delta	0.30000001192092896	0.20000000298023224	type_confidence	0.9800000190734863	0.10000000149011612	0.30000001192092896	0.6399999856948853	0.8399999886751175	0.20999999344348907	0.4099999964237213	0.23000000417232513	0.4300000071525574	0.11999999731779099	0.3200000002980232	Seismic_Amplification	objectness_type_threshold	False	Seismic_Amplification	0.3142129192213523	0.11087327937654745	Seismic_Amplification	Seismic_Amplification	Seismic_Amplification:noncanonical	Seismic_Amplification:noncanonical	True	False	True	False	False	True	partial_class	True	1	train
DOTC2:chr1:151000001-157274177:2	DOTC2:chr1:151000001-157274177:2	DOTC2	chr1	q	151000001	157274177	candidate_region_label	chromothripsis	region	candidate_region	4	6	6	candidate_region_with_context	152139659	155869543	sv_attention	0.7642	0.5945	mixed_HP	-0.0684	0.5455	18.0	26.0	1.5842	1.1506	C2	chromothripsis	chromothripsis:noncanonicalB	chromosome_arm	123459000	248950001	402	402	8	4	4	6274177	6.375338151920164e-07	2.7347456088663105	1150739.75	1602645.5	2020450.0	True	1.0	1.0	0	0	2	2	0	0	0	0	0	0	0	0	4	0					2	1	0.0	1	0	0	1	sample_residual	coords	1	0	chromothripsis:noncanonicalB	chromothripsis	5.001452922821045	0.9933168012691836	chromothripsis	0.46856486940556935	-0.1259065866470337	-4.408223628997803	0.012030299202859536	-3.385847806930542	0.03274069522444129	-0.1259065866470337	0.46856486940556935	-2.9927492141723633	0.04775451647075017	DOTC2:C2	1	max	0.7900000214576721	min_delta	0.30000001192092896	0.20000000298023224	type_confidence	0.9800000190734863	0.10000000149011612	0.30000001192092896	0.6399999856948853	0.8399999886751175	0.20999999344348907	0.4099999964237213	0.23000000417232513	0.4300000071525574	0.11999999731779099	0.3200000002980232	chromothripsis	objectness_type_threshold	False	chromothripsis	0.46856486940556935	0.42081035293481917	chromothripsis	chromothripsis	chromothripsis:canonical	chromothripsis:canonical	True	False	True	True	True	False	wrong_level	True	1	train
DOTC2:chr4:52000001-58379854:3	DOTC2:chr4:52000001-58379854:3	DOTC2	chr4	q	52000001	58379854	candidate_region_label	BFB	region	candidate_region	7	14	14	candidate_region_with_context	53228550	58379854	sv_attention	0.9514	0.8074	HP2	-0.2748	0.0331	29.0	85.0	2.0154	1.4655	C3	BFB	BFB:noncanonicalB	chromosome_arm	50494000	190200001	402	402	8	7	4	6379854	1.0972037918109097e-06	3.480859593338656	49274.5	1119358.0	1423146.5	False	0.7142857142857143	0.3333333333333333	0	0	0	2	3	1	1	0	0	0	0	0	7	0	2.0	2.0			2	1	1.0	3	0	0	3	sample_residual	coords	1	0	BFB:noncanonicalB	BFB	5.152946949005127	0.9942509038899529	chromothripsis	0.13397179493912384	-1.866288185119629	-3.545711040496826	0.028039224605203243	-3.361088275909424	0.03353393499073036	-1.866288185119629	0.13397179493912384	-1.943421721458435	0.12527242584482706	DOTC2:C3	1	max	0.7900000214576721	min_delta	0.30000001192092896	0.20000000298023224	type_confidence	0.9800000190734863	0.10000000149011612	0.30000001192092896	0.6399999856948853	0.8399999886751175	0.20999999344348907	0.4099999964237213	0.23000000417232513	0.4300000071525574	0.11999999731779099	0.3200000002980232	BFB	objectness_type_threshold	False	chromothripsis	0.13397179493912384	0.008699369094296777	BFB	BFB	BFB:noncanonicalB	BFB:noncanonicalB	True	True	True	True	False	False	exact	True	1	train
DOTC2:chr6:135706334-146381524:4		DOTC2	chr6	q	135706334	146381524	candidate_region_empty		empty_candidate_region	candidate_region	5	9	9	candidate_region_with_context	138755144	145190767	sv_attention	0.9062	0.6029	HP2	-0.5529	0.4039	9.0	30.0	1.2856	4.8626	C4			chromosome_arm	60589000	170800001	402	402	8	5	5	10675191	4.6837569463628333e-07	6.148239876925856	1386642.0	1938867.0	2723954.0	False	0.6	0.5	0	0	0	1	1	0	0	1	2	0	0	0	6	0					0	0	0.0	6	0	0	6	sample_residual	coords	0	1			-0.2286829650402069	0.44307711225520974	ecDNA	0.7000573594099029	0.8475710153579712	0.8475710153579712	0.7000573594099029	-0.9930236339569092	0.27031526718236687	-2.4809763431549072	0.07720261641486163	-3.6838808059692383	0.02450947173877534	DOTC2:C4	1	max	0.7900000214576721	min_delta	0.30000001192092896	0.20000000298023224	type_confidence	0.9800000190734863	0.10000000149011612	0.30000001192092896	0.6399999856948853	0.8399999886751175	0.20999999344348907	0.4099999964237213	0.23000000417232513	0.4300000071525574	0.11999999731779099	0.3200000002980232	none	none_objectness	False	ecDNA	0.7000573594099029	0.429742092227536		none		none	False	False	False	False	False	False	background	True	0	train
DOTC2:chr7:13518946-20269876:5	DOTC2:chr7:13518946-20269876:5	DOTC2	chr7	p	13518946	20269876	candidate_region_label	chromothripsis	region	candidate_region	4	7	7	candidate_region_with_context	14558761	20269876	sv_attention	0.9181	0.846	HP1	0.4971	0.3295	49.0	4.0	0.8382	1.2751	C5	chromothripsis	chromothripsis:canonical	chromosome_arm	0	59904000	402	402	8	4	4	6750931	5.925108699822291e-07	2.1132069043514146	1079416.25	1380815.0	1989131.5	True	0.75	0.6666666666666666	1	0	2	1	0	0	0	0	0	0	0	0	6	0					2	2	0.0	0	2	0	0	sample_residual	coords	1	0	chromothripsis:canonical	chromothripsis	5.0065083503723145	0.9933502783341054	chromothripsis	0.5817851584085095	0.3301059603691101	-5.0005083084106445	0.006689472508382523	-3.300654649734497	0.03554873776447334	0.3301059603691101	0.5817851584085095	-3.058835744857788	0.04483753834558093	DOTC2:C5	1	max	0.7900000214576721	min_delta	0.30000001192092896	0.20000000298023224	type_confidence	0.9800000190734863	0.10000000149011612	0.30000001192092896	0.6399999856948853	0.8399999886751175	0.20999999344348907	0.4099999964237213	0.23000000417232513	0.4300000071525574	0.11999999731779099	0.3200000002980232	chromothripsis	objectness_type_threshold	False	chromothripsis	0.5817851584085095	0.5369476200629286	chromothripsis	chromothripsis	chromothripsis:canonical	chromothripsis:canonical	True	True	True	True	False	False	exact	True	1	train
DOTC2:chr11:46374227-50999999:6	DOTC2:chr11:46374227-50999999:6	DOTC2	chr11	p	46374227	50999999	candidate_region_label	BFB	region	candidate_region	3	11	11	candidate_region_with_context	46374231	49747804	sv_attention	0.9756	0.7293	mixed_HP	0.1212	0.2	37.0	7.0	0.0	2.0959	C6	BFB	BFB:noncanonicalB	chromosome_arm	0	53714000	402	402	8	3	3	4625773	6.485402547855245e-07	2.09590202545607	853837.5	1264054.0	2091076.5	True	1.0	1.0	0	0	2	1	0	0	0	0	0	0	0	0	3	0	2.0	2.0			0	0	1.0	2	0	0	2	sample_residual	coords	1	0	BFB:noncanonicalB	BFB	4.482601642608643	0.9888223853891517	chromothripsis	0.2474553697827634	-1.1122300624847412	-4.34170389175415	0.012847137343931598	-2.740774154663086	0.060609810847062816	-1.1122300624847412	0.2474553697827634	-2.3244760036468506	0.0891160536591592	DOTC2:C6	1	max	0.7900000214576721	min_delta	0.30000001192092896	0.20000000298023224	type_confidence	0.9800000190734863	0.10000000149011612	0.30000001192092896	0.6399999856948853	0.8399999886751175	0.20999999344348907	0.4099999964237213	0.23000000417232513	0.4300000071525574	0.11999999731779099	0.3200000002980232	chromothripsis	objectness_type_threshold	False	chromothripsis	0.2474553697827634	0.1583393161236042	chromothripsis	chromothripsis	chromothripsis:noncanonicalB	chromothripsis:noncanonicalB	True	False	False	False	False	False	wrong	True	1	train
DOTC2:chr11:111434427-114924453:7	DOTC2:chr11:111434427-114924453:7	DOTC2	chr11	q	111434427	114924453	candidate_region_label	BFB	region	candidate_region	2	4	4	candidate_region_with_context	111434511	114843329	sv_attention	0.9502	0.9767	HP2	-0.8925	0.8566	5.0	57.0	0.0	3.0232	C7	BFB	BFB:noncanonical	chromosome_arm	53714000	135050001	402	402	8	2	1	3490027	5.730614691519579e-07	3.0232445193117417	913068.75	1745013.5	2576958.25	False	0.0	0.0	0	0	0	1	1	0	0	0	0	0	0	0	4	1	1.0	2.0	1.0	1.0	0	0	2.0	2	0	0	2	sample_residual	coords	1	0	BFB:noncanonical	BFB	4.944334030151367	0.9929267303230309	BFB	0.32509546826030356	-0.7304523587226868	-4.695404529571533	0.009054438418172125	-3.126073122024536	0.04204448480496226	-2.9701335430145264	0.048793524531244505	-0.7304523587226868	0.32509546826030356	DOTC2:C7	1	max	0.7900000214576721	min_delta	0.30000001192092896	0.20000000298023224	type_confidence	0.9800000190734863	0.10000000149011612	0.30000001192092896	0.6399999856948853	0.8399999886751175	0.20999999344348907	0.4099999964237213	0.23000000417232513	0.4300000071525574	0.11999999731779099	0.3200000002980232	BFB	objectness_type_threshold	False	BFB	0.32509546826030356	0.27630194372905903	BFB	BFB	BFB:canonical	BFB:canonical	True	False	True	True	True	False	wrong_level	True	1	train
DOTC2:chr12:60924479-74275376:8	DOTC2:chr12:60924479-74275376:8	DOTC2	chr12	q	60924479	74275376	candidate_region_label	chromothripsis	region	candidate_region	5	11	11	candidate_region_with_context	62478238	74275376	sv_attention	0.9992	0.8836	mixed_HP	-0.0482	0.8889	47.0	43.0	1.234	1.9856	C8	chromothripsis	chromothripsis:noncanonicalB	chromosome_arm	35807000	133250001	402	402	8	5	5	13350898	3.745066436729575e-07	3.219650543356709	1553761.0	2685467.0	4241267.0	True	0.8	0.75	0	0	2	2	1	0	0	0	0	0	0	0	6	0					2	0	0.0	3	1	0	3	sample_residual	coords	1	0	chromothripsis:noncanonicalB	chromothripsis	4.4710469245910645	0.988693950844257	chromothripsis	0.4542536952005513	-0.18349838256835938	-3.6470742225646973	0.025405043885808394	-3.296604871749878	0.0356878459658532	-0.18349838256835938	0.4542536952005513	-3.0279383659362793	0.046179550918416586	DOTC2:C8	1	max	0.7900000214576721	min_delta	0.30000001192092896	0.20000000298023224	type_confidence	0.9800000190734863	0.10000000149011612	0.30000001192092896	0.6399999856948853	0.8399999886751175	0.20999999344348907	0.4099999964237213	0.23000000417232513	0.4300000071525574	0.11999999731779099	0.3200000002980232	chromothripsis	objectness_type_threshold	False	chromothripsis	0.4542536952005513	0.40807414428213473	chromothripsis	chromothripsis	chromothripsis:noncanonical	chromothripsis:noncanonical	True	False	True	True	True	False	wrong_level	True	1	train
DOTC2:chr17:59420854-63886034:9		DOTC2	chr17	q	59420854	63886034	candidate_region_empty		empty_candidate_region	candidate_region	5	10	10	candidate_region_with_context	59421340	63886034	sv_attention	0.908	0.9999	HP1	0.3099	0.0799	65.0	27.0	1.9717	1.6013	C9			chromosome_arm	25150000	83250001	402	402	8	5	5	4465181	1.119775435755012e-06	3.573002303825981	295866.0	498829.0	1653920.0	False	0.8	0.5	0	0	1	1	3	0	0	0	0	0	0	0	5	0					4	0	0.0	0	1	0	0	sample_residual	coords	0	1			-1.4363194704055786	0.19211594679388355	chromothripsis	0.4351449666587527	-0.2608898878097534	-3.7226245403289795	0.02360002502840121	-1.9666956663131714	0.12274424787899559	-0.2608898878097534	0.4351449666587527	-4.752013206481934	0.008560382209209624	DOTC2:C9	1	max	0.7900000214576721	min_delta	0.30000001192092896	0.20000000298023224	type_confidence	0.9800000190734863	0.10000000149011612	0.30000001192092896	0.6399999856948853	0.8399999886751175	0.20999999344348907	0.4099999964237213	0.23000000417232513	0.4300000071525574	0.11999999731779099	0.3200000002980232	none	none_objectness	False	chromothripsis	0.4351449666587527	0.3124007187797571		none		none	False	False	False	False	False	False	background	True	0	train
DOTC2:chr18:35372218-44136546:10	DOTC2:chr18:35372218-44136546:10	DOTC2	chr18	q	35372218	44136546	candidate_region_label	chromothripsis	region	candidate_region	5	11	11	candidate_region_with_context	40501427	43944393	sv_attention	0.9957	0.3928	HP1	0.425	0.2334	63.0	24.0	2.2183	1.0	C10	chromothripsis	chromothripsis:noncanonical	chromosome_arm	18540000	80350001	402	402	8	5	5	8764329	5.704943299139045e-07	3.2182529889053684	265817.0	2053953.0	2668329.0	False	0.8	0.5	0	0	1	3	1	0	0	0	0	0	0	0	6	0					2	1	0.0	2	1	0	2	sample_residual	coords	1	0	chromothripsis:noncanonical	chromothripsis	1.1274343729019165	0.7553651109734671	chromothripsis	0.5145144110335327	0.05807396024465561	-3.1024885177612305	0.04300472265405394	-3.0844013690948486	0.04375528850313231	0.05807396024465561	0.5145144110335327	-3.794874668121338	0.021991234981924776	DOTC2:C10	1	max	0.7900000214576721	min_delta	0.30000001192092896	0.20000000298023224	type_confidence	0.9800000190734863	0.10000000149011612	0.30000001192092896	0.6399999856948853	0.8399999886751175	0.20999999344348907	0.4099999964237213	0.23000000417232513	0.4300000071525574	0.11999999731779099	0.3200000002980232	none	none_objectness	False	chromothripsis	0.5145144110335327	0.47075912253040036		none		none	False	False	False	False	False	False	wrong	False	0	train
DOTC2:chr20:20039636-24999999:11	DOTC2:chr20:20039636-24999999:11	DOTC2	chr20	p	20039636	24999999	candidate_region_label	chromothripsis	region	candidate_region	4	11	11	candidate_region_with_context	23821005	23862272	sv_attention	0.7733	0.0083	mixed_HP	0.0204	1.0	19.0	19.0	2.0	1.7693	C11	chromothripsis	chromothripsis:noncanonicalB	chromosome_arm	0	28120000	402	402	8	4	4	4960364	8.063924341036262e-07	3.769302212498921	790272.75	1327582.5	1777401.0	True	1.0	1.0	0	0	0	2	2	0	0	0	0	0	0	0	4	0					2	0	0.0	2	0	0	2	sample_residual	coords	1	0	chromothripsis:noncanonicalB	chromothripsis	3.0240135192871094	0.9536472631089238	chromothripsis	0.3480571173299773	-0.6275903582572937	-4.845127582550049	0.00780521315123386	-3.4050402641296387	0.03213831479744843	-0.6275903582572937	0.3480571173299773	-3.50435471534729	0.02918857957620086	DOTC2:C11	1	max	0.7900000214576721	min_delta	0.30000001192092896	0.20000000298023224	type_confidence	0.9800000190734863	0.10000000149011612	0.30000001192092896	0.6399999856948853	0.8399999886751175	0.20999999344348907	0.4099999964237213	0.23000000417232513	0.4300000071525574	0.11999999731779099	0.3200000002980232	chromothripsis	objectness_type_threshold	False	chromothripsis	0.3480571173299773	0.31591880253252885	chromothripsis	chromothripsis	chromothripsis:noncanonical	chromothripsis:noncanonical	True	False	True	True	True	False	wrong_level	True	1	train
DOTC2:chrX:146763144-156040895:12		DOTC2	chrX	q	146763144	156040895	candidate_region_empty		empty_candidate_region	candidate_region	5	7	7	candidate_region_with_context	148902125	150806278	sv_attention	0.9179	0.2052	mixed_HP	0.2297	0.3	12.0	6.0	1.7684	1.6912	C12			chromosome_arm	61090000	156000001	402	402	8	5	4	9277752	5.389236530573354e-07	3.4531595584792525	437530.0	1903833.0	2138983.0	False	0.6	0.25	0	0	1	2	1	1	0	0	0	0	0	0	5	0					1	0	0.0	3	1	0	3	sample_residual	coords	0	1			-0.2799161374568939	0.4304743362003933	chromothripsis	0.3081237035755343	-0.808905839920044	-1.6910922527313232	0.15563225226481536	-2.1960575580596924	0.10010508077547758	-0.808905839920044	0.3081237035755343	-3.458904981613159	0.03050440056585891	DOTC2:C12	1	max	0.7900000214576721	min_delta	0.30000001192092896	0.20000000298023224	type_confidence	0.9800000190734863	0.10000000149011612	0.30000001192092896	0.6399999856948853	0.8399999886751175	0.20999999344348907	0.4099999964237213	0.23000000417232513	0.4300000071525574	0.11999999731779099	0.3200000002980232	none	none_objectness	False	chromothripsis	0.3081237035755343	0.15249145131071895		none		none	False	False	False	False	False	False	background	True	0	train
HOKUG:chr4:141456616-145575189:1	HOKUG:chr4:141456616-145575189:1	HOKUG	chr4	q	141456616	145575189	candidate_region_label	BFB	region	candidate_region	3	3	3	candidate_region_with_context	145474188	145496774	sv_attention	0.3948	0.0055	HP2	-0.4408	0.2544	8.0	41.0	1.0281	0.979	C1	BFB	BFB:noncanonicalB	chromosome_arm	50494000	190200001	402	402	8	3	2	4118574	7.284074536477917e-07	2.007085947709086	93704.0	101000.0	2016083.0	False	0.6666666666666666	0.5	1	0	1	0	1	0	0	0	0	0	0	0	4	0	3.0	3.0			2	0	1.0	1	0	0	1	sample_residual	coords	1	0	BFB:noncanonicalB	BFB	4.5572638511657715	0.9896181888228478	BFB	0.20556270552714476	-1.3518829345703125	-2.8237216472625732	0.05605568273127069	-2.961095094680786	0.049214738400885444	-2.1761913299560547	0.10190898272970152	-1.3518829345703125	0.20556270552714476	HOKUG:C1	1	max	0.7900000214576721	min_delta	0.30000001192092896	0.20000000298023224	type_confidence	0.9800000190734863	0.10000000149011612	0.30000001192092896	0.6399999856948853	0.8399999886751175	0.20999999344348907	0.4099999964237213	0.23000000417232513	0.4300000071525574	0.11999999731779099	0.3200000002980232	BFB	objectness_type_threshold	False	BFB	0.20556270552714476	0.10365372279744324	BFB	BFB	BFB:noncanonicalB	BFB:noncanonicalB	True	True	True	True	False	False	exact	True	1	train
HOKUG:chr22:46755296-50818468:2	HOKUG:chr22:46755296-50818468:2	HOKUG	chr22	q	46755296	50818468	candidate_region_label	BFB	region	candidate_region	3	2	2	candidate_region_with_context	49996510	49999604	sv_attention	0.3	0.0008	HP1	0.5895	0.4526	36.0	0.0	1.0	1.6027	C2	BFB	BFB:noncanonicalB	chromosome_arm	15050000	50800001	402	402	8	3	2	4063173	7.383392240497759e-07	2.599956241095321	410978.5	803490.0	2022353.0	False	0.6666666666666666	0.5	0	1	1	1	0	0	0	0	0	0	0	0	2	0	2.0	2.0			0	0	1.0	1	0	0	1	sample_residual	coords	1	0	BFB:noncanonicalB	BFB	3.824164390563965	0.9786299754366743	BFB	0.1265372498954939	-1.9319287538528442	-3.0817203521728516	0.04386760161148089	-2.4365885257720947	0.08042485266995753	-2.7309062480926514	0.061174094635063264	-1.9319287538528442	0.1265372498954939	HOKUG:C2	1	max	0.7900000214576721	min_delta	0.30000001192092896	0.20000000298023224	type_confidence	0.9800000190734863	0.10000000149011612	0.30000001192092896	0.6399999856948853	0.8399999886751175	0.20999999344348907	0.4099999964237213	0.23000000417232513	0.4300000071525574	0.11999999731779099	0.3200000002980232	BFB	objectness_type_threshold	False	BFB	0.1265372498954939	0.04611239722553637	BFB	BFB	BFB:noncanonicalB	BFB:noncanonicalB	True	True	True	True	False	False	exact	True	1	train
HOS:chr1:151000001-156195938:1		HOS	chr1	q	151000001	156195938	candidate_region_empty		empty_candidate_region	candidate_region	4	13	13	candidate_region_with_context	154196090	155392740	sv_attention	0.9959	0.2303	mixed_HP	0.0809	0.3	54.0	116.0	3.8587	0.0544	C1			chromosome_arm	123459000	248950001	402	402	8	4	4	5195938	7.698321265573223e-07	3.913122904853753	239441.5	1003302.5	2062845.5	False	0.5	0.3333333333333333	1	0	0	0	1	1	1	0	0	0	0	0	4	0					0	0	0.0	4	0	0	4	sample_residual	coords	0	1			-0.7745107412338257	0.3155041510879518	chromothripsis	0.22365330802602917	-1.244502067565918	-2.1307790279388428	0.10614105861393287	-1.9273691177368164	0.12704206504776602	-1.244502067565918	0.22365330802602917	-4.329700469970703	0.013000259342740697	HOS:C1	1	max	0.7900000214576721	min_delta	0.30000001192092896	0.20000000298023224	type_confidence	0.9800000190734863	0.10000000149011612	0.30000001192092896	0.6399999856948853	0.8399999886751175	0.20999999344348907	0.4099999964237213	0.23000000417232513	0.4300000071525574	0.11999999731779099	0.3200000002980232	none	none_objectness	False	chromothripsis	0.22365330802602917	0.09661124297826315		none		none	False	False	False	False	False	False	background	True	0	train
HOS:chr2:46988610-49699079:2	HOS:chr2:46988610-49699079:2	HOS	chr2	p	46988610	49699079	candidate_region_label	chromothripsis	region	candidate_region	5	21	21	candidate_region_with_context	49196622	49211287	sv_attention	0.9999	0.0054	HP1	0.3078	0.077	53.0	3.0	0.1838	2.4873	C2	chromothripsis	chromothripsis:noncanonicalB	chromosome_arm	0	93989000	402	402	8	5	4	2710470	1.844698520920726e-06	2.671103535549185	177094.0	321048.0	612145.0	False	0.8	0.5	0	0	2	2	1	0	0	0	0	0	0	0	6	0					0	2	0.0	1	3	0	1	sample_residual	coords	1	0	chromothripsis:noncanonicalB	chromothripsis	0.8841476440429688	0.7076809769488689	chromothripsis	0.3687393214075837	-0.5376289486885071	-3.6966652870178223	0.02420566165018585	-2.394383668899536	0.08360197364330813	-0.5376289486885071	0.3687393214075837	-2.8308606147766113	0.05567913038757592	HOS:C2	1	max	0.7900000214576721	min_delta	0.30000001192092896	0.20000000298023224	type_confidence	0.9800000190734863	0.10000000149011612	0.30000001192092896	0.6399999856948853	0.8399999886751175	0.20999999344348907	0.4099999964237213	0.23000000417232513	0.4300000071525574	0.11999999731779099	0.3200000002980232	none	none_objectness	False	chromothripsis	0.3687393214075837	0.2851373477642756		none		none	False	False	False	False	False	False	wrong	False	0	train
HOS:chr6:16115965-25720586:3	HOS:chr6:16115965-25720586:3	HOS	chr6	p	16115965	25720586	candidate_region_label	chromothripsis;BFB	region	candidate_region	15	28	28	candidate_region_with_context	17630065	24152376	sv_attention	1.0	0.6791	HP1	0.4418	0.2557	138.0	24.0	1.2624	1.4881	C3	chromothripsis;BFB	chromothripsis:noncanonical;BFB:noncanonicalB	chromosome_arm	0	60589000	402	402	8	15	11	9604622	1.561748083370694e-06	2.7505022061253426	100733.0	245796.0	703980.0	True	0.7333333333333333	0.5714285714285714	0	1	3	7	4	0	0	0	0	0	0	0	21	0	15.0	15.0			4	2	1.0	9	5	0	9	sample_residual	coords	1	0	chromothripsis:noncanonical;BFB:noncanonicalB	chromothripsis;BFB	4.673985958099365	0.990751349618383	chromothripsis	0.2577540379042762	-1.0576748847961426	-2.780632734298706	0.058379763425984096	-2.4536564350128174	0.07917157200581706	-1.0576748847961426	0.2577540379042762	-2.1420934200286865	0.10507237788030306	HOS:C3	1	max	0.7900000214576721	min_delta	0.30000001192092896	0.20000000298023224	type_confidence	0.9800000190734863	0.10000000149011612	0.30000001192092896	0.6399999856948853	0.8399999886751175	0.20999999344348907	0.4099999964237213	0.23000000417232513	0.4300000071525574	0.11999999731779099	0.3200000002980232	chromothripsis	objectness_type_threshold	False	chromothripsis	0.2577540379042762	0.15268166002397315	chromothripsis	chromothripsis	chromothripsis:noncanonicalB	chromothripsis:noncanonicalB	True	False	True	False	False	True	partial_class	True	1	train
HOS:chr6:49170621-51360264:4	HOS:chr6:49170621-51360264:4	HOS	chr6	p	49170621	51360264	candidate_region_label	BFB	region	candidate_region	2	7	7	candidate_region_with_context	49170806	50182688	sv_attention	0.918	0.4621	HP1	0.4749	0.2998	73.0	16.0	2.567	1.9221	C4	BFB	BFB:noncanonicalB	chromosome_arm	0	60589000	402	402	8	2	2	2189644	9.133904872207536e-07	4.489117865735252	725910.0	1094822.0	1463734.0	False	0.0	0.0	0	0	0	0	1	0	0	1	0	0	0	0	3	1	2.0	2.0	2.0	2.0	0	0	1.0	2	0	0	2	sample_residual	coords	1	0	BFB:noncanonicalB	BFB	3.7918896675109863	0.9779444730699155	BFB	0.20955501090264345	-1.3276097774505615	-3.6792590618133545	0.024620215071110625	-2.9623754024505615	0.04915486397451579	-3.174473285675049	0.040137719599447334	-1.3276097774505615	0.20955501090264345	HOS:C4	1	max	0.7900000214576721	min_delta	0.30000001192092896	0.20000000298023224	type_confidence	0.9800000190734863	0.10000000149011612	0.30000001192092896	0.6399999856948853	0.8399999886751175	0.20999999344348907	0.4099999964237213	0.23000000417232513	0.4300000071525574	0.11999999731779099	0.3200000002980232	BFB	objectness_type_threshold	False	BFB	0.20955501090264345	0.16040014692812765	BFB	BFB	BFB:noncanonicalB	BFB:noncanonicalB	True	True	True	True	False	False	exact	True	1	train
HOS:chr7:19941203-28593136:5		HOS	chr7	p	19941203	28593136	candidate_region_empty		empty_candidate_region	candidate_region	5	5	5	candidate_region_with_context	20352832	28593136	sv_attention	0.5611	0.9524	HP1	0.5821	0.4429	59.0	0.0	0.8646	1.452	C5			chromosome_arm	0	59904000	402	402	8	5	5	8651934	5.779054717708203e-07	2.316576270692772	760179.0	1312417.0	1404569.0	False	0.8	0.5	1	2	0	2	0	0	0	0	0	0	0	0	6	0					2	0	0.0	2	2	0	2	sample_residual	coords	0	1			-2.581592082977295	0.07033255989108426	chromothripsis	0.28777916494765676	-0.9061946272850037	-1.9182606935501099	0.12805564714755502	-1.6603002548217773	0.15972169542392411	-0.9061946272850037	0.28777916494765676	-4.58245325088501	0.010126180803528166	HOS:C5	1	max	0.7900000214576721	min_delta	0.30000001192092896	0.20000000298023224	type_confidence	0.9800000190734863	0.10000000149011612	0.30000001192092896	0.6399999856948853	0.8399999886751175	0.20999999344348907	0.4099999964237213	0.23000000417232513	0.4300000071525574	0.11999999731779099	0.3200000002980232	none	none_objectness	False	chromothripsis	0.28777916494765676	0.12805746952373265		none		none	False	False	False	False	False	False	background	True	0	train
HOS:chr7:63000001-70353239:6	HOS:chr7:63000001-70353239:6	HOS	chr7	q	63000001	70353239	candidate_region_label	BFB	region	candidate_region	5	9	9	candidate_region_with_context	66303524	66780492	sv_attention	0.9616	0.0649	HP2	-0.3734	0.1645	18.0	45.0	0.7624	1.3065	C6	BFB	BFB:noncanonicalB	chromosome_arm	59904000	159300001	402	402	8	5	3	7353239	6.799724583955451e-07	2.068846803429074	57102.0	419282.0	3303525.0	False	0.6	0.25	0	1	2	1	1	0	0	0	0	0	0	0	5	0	3.0	3.0			2	0	1.0	0	1	1	0	sample_residual	coords	1	0	BFB:noncanonicalB	BFB	6.291443347930908	0.9981513390628858	BFB	0.1764655051716181	-1.5404800176620483	-3.289156436920166	0.03594506644949308	-2.6555898189544678	0.06564531872125921	-2.3439671993255615	0.08754648763039054	-1.5404800176620483	0.1764655051716181	HOS:C6	1	max	0.7900000214576721	min_delta	0.30000001192092896	0.20000000298023224	type_confidence	0.9800000190734863	0.10000000149011612	0.30000001192092896	0.6399999856948853	0.8399999886751175	0.20999999344348907	0.4099999964237213	0.23000000417232513	0.4300000071525574	0.11999999731779099	0.3200000002980232	BFB	objectness_type_threshold	False	BFB	0.1764655051716181	0.08891901754122757	BFB	BFB	BFB:noncanonicalB	BFB:noncanonicalB	True	True	True	True	False	False	exact	True	1	train
HOS:chr7:131039415-141230513:7		HOS	chr7	q	131039415	141230513	candidate_region_empty		empty_candidate_region	candidate_region	10	27	27	candidate_region_with_context	133004341	141230513	sv_attention	0.9979	0.8072	mixed_HP	-0.3333	1.0	28.0	28.0	0.0	0.6093	C7			chromosome_arm	59904000	159300001	402	402	8	10	10	10191099	9.8124844042826e-07	0.6092988597206248	229731.25	638715.5	1879282.0	False	0.6	0.3333333333333333	3	3	2	2	0	0	0	0	0	0	0	0	11	0					0	2	0.0	6	3	0	6	sample_residual	coords	0	1			-0.3364735543727875	0.41666634637986083	chromothripsis	0.4442689864809411	-0.2238541841506958	-3.074462413787842	0.04417303284179473	-2.1830055713653564	0.1012870088480808	-0.2238541841506958	0.4442689864809411	-3.669095277786255	0.024865471675994937	HOS:C7	1	max	0.7900000214576721	min_delta	0.30000001192092896	0.20000000298023224	type_confidence	0.9800000190734863	0.10000000149011612	0.30000001192092896	0.6399999856948853	0.8399999886751175	0.20999999344348907	0.4099999964237213	0.23000000417232513	0.4300000071525574	0.11999999731779099	0.3200000002980232	none	none_objectness	False	chromothripsis	0.4442689864809411	0.3429819776328603		none		none	False	False	False	False	False	False	background	True	0	train
HOS:chr11:115215034-125184658:8	HOS:chr11:115215034-125184658:8	HOS	chr11	q	115215034	125184658	candidate_region_label	Seismic_Amplification;BFB	region	candidate_region	37	86	86	candidate_region_with_context	116499926	125184658	sv_attention	1.0	0.8711	HP1	0.4591	0.2788	741.0	92.0	1.5059	2.1712	C8	Seismic_Amplification;BFB	Seismic_Amplification:noncanonical;BFB:noncanonicalB	chromosome_arm	53714000	135050001	402	402	8	37	22	9969625	3.7112729917123262e-06	3.677196684930476	60873.0	176080.0	418622.0	False	0.2972972972972973	0.0555555555555555	4	2	5	3	6	4	5	3	4	1	0	0	42	0	1.0	30.0			12	8	6.0	5	10	1	5	sample_residual	coords	1	0	Seismic_Amplification:noncanonical;BFB:noncanonicalB	Seismic_Amplification;BFB	4.749521732330322	0.9914184464839825	Seismic_Amplification	0.3706071499535827	-0.5296130180358887	-2.532775402069092	0.07359220562765047	-0.5296130180358887	0.3706071499535827	-2.8029985427856445	0.057162355218886136	-1.800238013267517	0.14182209417217664	HOS:C8	1	max	0.7900000214576721	min_delta	0.30000001192092896	0.20000000298023224	type_confidence	0.9800000190734863	0.10000000149011612	0.30000001192092896	0.6399999856948853	0.8399999886751175	0.20999999344348907	0.4099999964237213	0.23000000417232513	0.4300000071525574	0.11999999731779099	0.3200000002980232	Seismic_Amplification	objectness_type_threshold	False	Seismic_Amplification	0.3706071499535827	0.22878505578140604	Seismic_Amplification	Seismic_Amplification	Seismic_Amplification:noncanonical	Seismic_Amplification:noncanonical	True	False	True	False	False	True	partial_class	True	1	train
HOS:chr12:126179644-133275309:9	HOS:chr12:126179644-133275309:9	HOS	chr12	q	126179644	133275309	candidate_region_label	chromothripsis	region	candidate_region	8	13	13	candidate_region_with_context	126540473	133275309	sv_attention	0.9271	0.9491	HP2	-0.2816	0.0421	4.0	99.0	1.8379	0.0	C9	chromothripsis	chromothripsis:canonical	chromosome_arm	35807000	133265182	402	402	8	8	6	7095666	1.127448783525042e-06	1.8381702295457536	113039.5	358911.5	1457335.5	False	0.75	0.4285714285714285	1	1	4	2	0	0	0	0	0	0	0	0	7	0					3	1	0.0	1	2	0	1	sample_residual	coords	1	0	chromothripsis:canonical	chromothripsis	1.6001249551773071	0.832035848618789	chromothripsis	0.5356349293693353	0.1427817940711975	-4.084391117095947	0.01655471387230085	-2.55208420753479	0.07228659116288921	0.1427817940711975	0.5356349293693353	-3.26628041267395	0.03674626006162498	HOS:C9	1	max	0.7900000214576721	min_delta	0.30000001192092896	0.20000000298023224	type_confidence	0.9800000190734863	0.10000000149011612	0.30000001192092896	0.6399999856948853	0.8399999886751175	0.20999999344348907	0.4099999964237213	0.23000000417232513	0.4300000071525574	0.11999999731779099	0.3200000002980232	chromothripsis	objectness_type_threshold	False	chromothripsis	0.5356349293693353	0.4633483382064461	chromothripsis	chromothripsis	chromothripsis:canonical	chromothripsis:canonical	True	True	True	True	False	False	exact	True	1	train
HOS:chrX:40892836-45441048:10	HOS:chrX:40892836-45441048:10	HOS	chrX	p	40892836	45441048	candidate_region_label	BFB	region	candidate_region	3	8	8	candidate_region_with_context	41788423	43154488	sv_attention	0.9412	0.3004	HP2	-0.9744	0.9658	1.0	51.0	0.0	2.5992	C10	BFB	BFB:noncanonicalB	chromosome_arm	0	61090000	402	402	8	3	3	4548213	6.595997153167628e-07	2.5991773032617425	1129091.0	1362593.0	1826312.0	True	1.0	1.0	0	0	2	0	1	0	0	0	0	0	0	0	5	1	1.0	4.0	4.0	4.0	1	0	4.0	0	0	0	0	sample_residual	coords	1	0	BFB:noncanonicalB	BFB	4.771056175231934	0.9915997341277678	chromothripsis	0.23723435356155423	-1.1679023504257202	-4.490400791168213	0.011091740972119034	-3.0012004375457764	0.047371670872948114	-1.1679023504257202	0.23723435356155423	-1.8401144742965698	0.13703775446486255	HOS:C10	1	max	0.7900000214576721	min_delta	0.30000001192092896	0.20000000298023224	type_confidence	0.9800000190734863	0.10000000149011612	0.30000001192092896	0.6399999856948853	0.8399999886751175	0.20999999344348907	0.4099999964237213	0.23000000417232513	0.4300000071525574	0.11999999731779099	0.3200000002980232	chromothripsis	objectness_type_threshold	False	chromothripsis	0.23723435356155423	0.10019659909669168	chromothripsis	chromothripsis	chromothripsis:noncanonicalB	chromothripsis:noncanonicalB	True	False	False	False	False	False	wrong	True	1	train
HeLa:chr2:178861687-197623598:1	HeLa:chr2:178861687-197623598:1	HeLa	chr2	q	178861687	197623598	candidate_region_label	chromothripsis	region	candidate_region	18	64	64	candidate_region_with_context	179401176	197623598	sv_attention	1.0	0.9712	HP2	-0.5176	0.3568	46.0	174.0	1.0538	2.3972	C1	chromothripsis	chromothripsis:noncanonical	chromosome_arm	93989000	242150001	402	402	8	17	12	18761912	9.593904928239724e-07	3.4509764783034904	67205.75	232167.5	845448.5	False	0.6111111111111112	0.2941176470588235	0	0	5	4	6	3	0	0	0	0	0	0	19	0					2	6	0.0	0	11	0	0	sample_residual	coords	1	0	chromothripsis:noncanonical	chromothripsis	3.589007616043091	0.9731169322707981	chromothripsis	0.597029102012573	0.3931015133857727	-2.734762668609619	0.0609529878201262	-2.080057382583618	0.11105030188349282	0.3931015133857727	0.597029102012573	-2.4323699474334717	0.08073739752882247	HeLa:C1	1	max	0.7900000214576721	min_delta	0.30000001192092896	0.20000000298023224	type_confidence	0.9800000190734863	0.10000000149011612	0.30000001192092896	0.6399999856948853	0.8399999886751175	0.20999999344348907	0.4099999964237213	0.23000000417232513	0.4300000071525574	0.11999999731779099	0.3200000002980232	chromothripsis	objectness_type_threshold	False	chromothripsis	0.597029102012573	0.4859788001290801	chromothripsis	chromothripsis	chromothripsis:canonical	chromothripsis:canonical	True	False	True	True	True	False	wrong_level	True	1	train
HeLa:chr5:31906131-45999999:2	HeLa:chr5:31906131-45999999:2	HeLa	chr5	p	31906131	45999999	candidate_region_label	Seismic_Amplification	region	candidate_region	16	34	34	candidate_region_with_context	34087958	45999999	sv_attention	0.9855	0.8452	mixed_HP	-0.387	0.5093	43.0	64.0	0.9747	7.4459	C2	Seismic_Amplification	Seismic_Amplification:canonical	chromosome_arm	0	48464000	402	402	8	16	13	14093869	1.1352454035155286e-06	8.420673201943341	115396.75	428698.5	1605651.5	False	0.4375	0.1333333333333333	1	0	0	0	0	0	2	4	6	3	0	0	17	0					5	4	0.0	0	8	0	0	sample_residual	coords	1	0	Seismic_Amplification:canonical	Seismic_Amplification	2.986182689666748	0.9519459889179909	Seismic_Amplification	0.7022757747110788	0.858158528804779	-3.5123910903930664	0.028961715567181096	0.858158528804779	0.7022757747110788	-3.1561641693115234	0.040849078660828535	-2.923462390899658	0.05100584570553833	HeLa:C2	1	max	0.7900000214576721	min_delta	0.30000001192092896	0.20000000298023224	type_confidence	0.9800000190734863	0.10000000149011612	0.30000001192092896	0.6399999856948853	0.8399999886751175	0.20999999344348907	0.4099999964237213	0.23000000417232513	0.4300000071525574	0.11999999731779099	0.3200000002980232	Seismic_Amplification	objectness_type_threshold	False	Seismic_Amplification	0.7022757747110788	0.6512699290055405	Seismic_Amplification	Seismic_Amplification	Seismic_Amplification:canonical	Seismic_Amplification:canonical	True	True	True	True	False	False	exact	True	1	train
HeLa:chr6:33257934-38053809:3		HeLa	chr6	p	33257934	38053809	candidate_region_empty		empty_candidate_region	candidate_region	4	4	4	candidate_region_with_context	37646120	38053809	sv_attention	0.6086	0.085	mixed_HP	-0.25	0.2	1.0	15.0	4.9627	0.0	C3			chromosome_arm	0	60589000	402	402	8	4	4	4795876	8.34049921223985e-07	4.962686691649242	346490.5	578612.0	1431090.5	False	0.75	0.3333333333333333	0	0	0	0	1	1	2	0	0	0	0	0	5	0					0	4	0.0	1	0	0	1	sample_residual	coords	0	1			-1.7929165363311768	0.14271551971094804	chromothripsis	0.26560562639584745	-1.017033576965332	-3.4012207984924316	0.03225733350966308	-1.42914617061615	0.19323175560271566	-1.017033576965332	0.26560562639584745	-4.1126861572265625	0.016100298390211872	HeLa:C3	1	max	0.7900000214576721	min_delta	0.30000001192092896	0.20000000298023224	type_confidence	0.9800000190734863	0.10000000149011612	0.30000001192092896	0.6399999856948853	0.8399999886751175	0.20999999344348907	0.4099999964237213	0.23000000417232513	0.4300000071525574	0.11999999731779099	0.3200000002980232	none	none_objectness	False	chromothripsis	0.26560562639584745	0.07237387079313179		none		none	False	False	False	False	False	False	background	True	0	train
HeLa:chr11:20400801-30278058:4	HeLa:chr11:20400801-30278058:4	HeLa	chr11	p	20400801	30278058	candidate_region_label	chromothripsis	region	candidate_region	10	15	15	candidate_region_with_context	25240276	30278058	sv_attention	0.9965	0.51	HP1	0.4627	0.2837	93.0	16.0	1.8445	1.9376	C4	chromothripsis	chromothripsis:noncanonical	chromosome_arm	0	53714000	402	402	8	10	9	9877258	1.0124267281466172e-06	3.782091851807455	411898.5	982488.5	1335461.0	False	0.6	0.2222222222222222	0	0	2	1	4	2	1	0	0	0	0	0	11	0					5	2	0.0	0	3	1	0	sample_residual	coords	1	0	chromothripsis:noncanonical	chromothripsis	2.7473666667938232	0.9397644566580818	chromothripsis	0.6395919829585877	0.5735936760902405	-4.0729217529296875	0.016742481715722478	-2.8558127880096436	0.05438162343117215	0.5735936760902405	0.6395919829585877	-2.8783750534057617	0.053232973015658276	HeLa:C4	1	max	0.7900000214576721	min_delta	0.30000001192092896	0.20000000298023224	type_confidence	0.9800000190734863	0.10000000149011612	0.30000001192092896	0.6399999856948853	0.8399999886751175	0.20999999344348907	0.4099999964237213	0.23000000417232513	0.4300000071525574	0.11999999731779099	0.3200000002980232	chromothripsis	objectness_type_threshold	False	chromothripsis	0.6395919829585877	0.5852103595274155	chromothripsis	chromothripsis	chromothripsis:canonical	chromothripsis:canonical	True	False	True	True	True	False	wrong_level	True	1	train
HeLa:chr11:44892122-75358809:5	HeLa:chr11:44892122-75358809:5	HeLa	chr11	mixed	44892122	75358809	candidate_region_label	Seismic_Amplification;chromothripsis;BFB	region	candidate_region	22	42	42	candidate_region_with_context	44942904	75358809	sv_attention	1.0	0.9983	HP1	0.317	0.0893	183.0	72.0	1.8356	1.5627	C5	Seismic_Amplification;chromothripsis;BFB	Seismic_Amplification:canonical;chromothripsis:noncanonical;BFB:noncanonicalB	chromosome	0	135050001	402	402	8	19	16	30466688	7.221001508270279e-07	3.398280968380941	97899.0	537343.5	2181391.75	False	0.5454545454545454	0.2857142857142857	1	0	1	2	7	5	4	1	1	0	0	0	19	0	17.0	17.0			1	7	1.0	0	10	0	0	sample_residual	coords	1	0	Seismic_Amplification:canonical;chromothripsis:noncanonical;BFB:noncanonicalB	Seismic_Amplification;chromothripsis;BFB	7.8854265213012695	0.999623955336862	Seismic_Amplification	0.953502039742682	3.020733118057251	-6.471236705780029	0.001544920508278424	3.020733118057251	0.953502039742682	-0.10094041377305984	0.47478630138432215	-1.3977917432785034	0.1981667622795853	HeLa:C5	1	max	0.7900000214576721	min_delta	0.30000001192092896	0.20000000298023224	type_confidence	0.9800000190734863	0.10000000149011612	0.30000001192092896	0.6399999856948853	0.8399999886751175	0.20999999344348907	0.4099999964237213	0.23000000417232513	0.4300000071525574	0.11999999731779099	0.3200000002980232	Seismic_Amplification	objectness_type_threshold	False	Seismic_Amplification	0.953502039742682	0.47871573835835984	Seismic_Amplification;chromothripsis	Seismic_Amplification;chromothripsis	Seismic_Amplification:canonical;chromothripsis:canonical	Seismic_Amplification:canonical;chromothripsis:canonical	True	False	True	False	False	True	partial_class	True	2	train
HeLa:chr12:44288126-56020661:6	HeLa:chr12:44288126-56020661:6	HeLa	chr12	q	44288126	56020661	candidate_region_label	Seismic_Amplification	region	candidate_region	11	18	18	candidate_region_with_context	48210126	51883100	sv_attention	0.9469	0.3131	HP2	-0.5232	0.3642	4.0	76.0	3.4213	2.1398	C6	Seismic_Amplification	Seismic_Amplification:noncanonical	chromosome_arm	35807000	133250001	402	402	8	11	8	11732536	9.375637117158644e-07	5.561089776327982	103645.0	731541.0	1891924.5	False	0.6363636363636364	0.3	0	0	0	0	1	4	3	1	2	0	0	0	12	0					2	9	0.0	1	0	0	1	sample_residual	coords	1	0	Seismic_Amplification:noncanonical	Seismic_Amplification	2.391955852508545	0.9162118366928347	Seismic_Amplification	0.6113347854350537	0.4529263973236084	-3.603483200073242	0.026506963489660064	0.4529263973236084	0.6113347854350537	-2.3211193084716797	0.08938890738469246	-3.390746593475342	0.03258591142695983	HeLa:C6	1	max	0.7900000214576721	min_delta	0.30000001192092896	0.20000000298023224	type_confidence	0.9800000190734863	0.10000000149011612	0.30000001192092896	0.6399999856948853	0.8399999886751175	0.20999999344348907	0.4099999964237213	0.23000000417232513	0.4300000071525574	0.11999999731779099	0.3200000002980232	Seismic_Amplification	objectness_type_threshold	False	Seismic_Amplification	0.6113347854350537	0.5219458780503612	Seismic_Amplification	Seismic_Amplification	Seismic_Amplification:canonical	Seismic_Amplification:canonical	True	False	True	True	True	False	wrong_level	True	1	train
HeLa:chr17:59834629-64566240:7	HeLa:chr17:59834629-64566240:7	HeLa	chr17	q	59834629	64566240	candidate_region_label	chromothripsis	region	candidate_region	8	13	13	candidate_region_with_context	63799201	64566240	sv_attention	0.8941	0.1621	mixed_HP	0.1219	0.9545	28.0	27.0	2.0635	1.0411	C7	chromothripsis	chromothripsis:noncanonical	chromosome_arm	25150000	83250001	402	402	8	8	4	4731612	1.6907557086253058e-06	3.1045459771426738	32495.5	98503.5	245052.0	False	0.5	0.1428571428571428	1	0	1	3	1	1	1	0	0	0	0	0	9	0					1	2	0.0	3	3	0	3	sample_residual	coords	1	0	chromothripsis:noncanonical	chromothripsis	2.003909111022949	0.881206898987483	chromothripsis	0.5146721022368222	0.05870526283979416	-4.726934432983398	0.008775872883913573	-2.0212838649749756	0.11698630174296767	0.05870526283979416	0.5146721022368222	-2.8549880981445312	0.05442404808777503	HeLa:C7	1	max	0.7900000214576721	min_delta	0.30000001192092896	0.20000000298023224	type_confidence	0.9800000190734863	0.10000000149011612	0.30000001192092896	0.6399999856948853	0.8399999886751175	0.20999999344348907	0.4099999964237213	0.23000000417232513	0.4300000071525574	0.11999999731779099	0.3200000002980232	chromothripsis	objectness_type_threshold	False	chromothripsis	0.5146721022368222	0.3976858004938546	chromothripsis	chromothripsis	chromothripsis:canonical	chromothripsis:canonical	True	False	True	True	True	False	wrong_level	True	1	train
JHUS_nk1:chr4:52000001-57524617:1	JHUS_nk1:chr4:52000001-57524617:1	JHUS_nk1	chr4	q	52000001	57524617	candidate_region_label	BFB	region	candidate_region	5	7	7	candidate_region_with_context	53635459	55783094	sv_attention	0.9082	0.3887	HP1	0.664	0.5519	43.0	5.0	2.3814	1.0	C1	BFB	BFB:noncanonicalB	chromosome_arm	50494000	190200001	402	402	8	5	5	5524617	9.05040114092977e-07	3.3813791978701877	738681.0	1260432.0	1402448.0	False	0.6	0.0	0	0	1	1	2	1	0	0	0	0	0	0	5	0	1.0	3.0			0	0	2.0	2	0	1	2	sample_residual	coords	1	0	BFB:noncanonicalB	BFB	3.6981823444366455	0.975830145010755	BFB	0.17940790047462613	-1.5203641653060913	-2.609708786010742	0.06851618716657643	-2.8109850883483887	0.05673344101960293	-2.1139800548553467	0.10774544098774387	-1.5203641653060913	0.17940790047462613	JHUS_nk1:C1	1	max	0.7900000214576721	min_delta	0.30000001192092896	0.20000000298023224	type_confidence	0.9800000190734863	0.10000000149011612	0.30000001192092896	0.6399999856948853	0.8399999886751175	0.20999999344348907	0.4099999964237213	0.23000000417232513	0.4300000071525574	0.11999999731779099	0.3200000002980232	BFB	objectness_type_threshold	False	BFB	0.17940790047462613	0.07166245948688225	BFB	BFB	BFB:noncanonicalB	BFB:noncanonicalB	True	True	True	True	False	False	exact	True	1	train
JHUS_nk1:chr5:52000001-54127521:2	JHUS_nk1:chr5:52000001-54127521:2	JHUS_nk1	chr5	q	52000001	54127521	candidate_region_label	BFB	region	candidate_region	2	3	3	candidate_region_with_context	53028878	53033834	sv_attention	0.3933	0.0023	mixed_HP	-0.1957	0.8913	12.0	11.0	0.4836	2.4836	C2	BFB	BFB:noncanonicalB	chromosome_arm	48464000	181500001	402	402	8	2	2	2127521	9.400612261876616e-07	2.967209254338735	1046319.75	1063760.5	1081201.25	False	0.0	0.0	0	0	1	0	1	0	0	0	0	0	0	0	2	0	1.0	1.0			0	0	1.0	0	1	0	0	sample_residual	coords	1	0	BFB:noncanonicalB	BFB	4.572926998138428	0.9897778844869876	BFB	0.2443353591037919	-1.1290559768676758	-4.896583080291748	0.007416653208512193	-2.8925118446350098	0.05252497312720193	-2.551966905593872	0.0722944579711714	-1.1290559768676758	0.2443353591037919	JHUS_nk1:C2	1	max	0.7900000214576721	min_delta	0.30000001192092896	0.20000000298023224	type_confidence	0.9800000190734863	0.10000000149011612	0.30000001192092896	0.6399999856948853	0.8399999886751175	0.20999999344348907	0.4099999964237213	0.23000000417232513	0.4300000071525574	0.11999999731779099	0.3200000002980232	BFB	objectness_type_threshold	False	BFB	0.2443353591037919	0.1720409011326205	BFB	BFB	BFB:noncanonicalB	BFB:noncanonicalB	True	True	True	True	False	False	exact	True	1	train
JHUS_nk1:chr8:93211252-107679084:3	JHUS_nk1:chr8:93211252-107679084:3	JHUS_nk1	chr8	q	93211252	107679084	candidate_region_label	Seismic_Amplification;BFB	region	candidate_region	17	31	31	candidate_region_with_context	97159664	107679084	sv_attention	1.0	0.7271	HP1	0.5235	0.3647	228.0	10.0	2.3198	3.9622	C3	Seismic_Amplification;BFB	Seismic_Amplification:noncanonical;BFB:noncanonicalB	chromosome_arm	45644000	145100001	402	402	8	17	15	14467833	1.1750204747317722e-06	6.281936831866942	303561.0	414881.0	1000499.0	False	0.4117647058823529	0.0625	1	0	0	1	1	4	2	1	6	1	0	0	17	1	12.0	12.0	12.0	12.0	3	0	1.0	5	8	0	5	sample_residual	coords	1	0	Seismic_Amplification:noncanonical;BFB:noncanonicalB	Seismic_Amplification;BFB	5.722438335418701	0.9967389456595807	Seismic_Amplification	0.44192409834844715	-0.23335683345794678	-0.7128583192825317	0.32896756401605687	-0.23335683345794678	0.44192409834844715	-4.015923500061035	0.017707105975854592	-0.7247451543807983	0.3263489246785079	JHUS_nk1:C3	1	max	0.7900000214576721	min_delta	0.30000001192092896	0.20000000298023224	type_confidence	0.9800000190734863	0.10000000149011612	0.30000001192092896	0.6399999856948853	0.8399999886751175	0.20999999344348907	0.4099999964237213	0.23000000417232513	0.4300000071525574	0.11999999731779099	0.3200000002980232	Seismic_Amplification	objectness_type_threshold	False	Seismic_Amplification	0.44192409834844715	0.11295653433239028	Seismic_Amplification;BFB	Seismic_Amplification;BFB	Seismic_Amplification:noncanonical;BFB:canonical	Seismic_Amplification:noncanonical;BFB:canonical	True	False	True	True	True	False	wrong_level	True	2	train
JHUS_nk1:chr18:22000001-30714668:4	JHUS_nk1:chr18:22000001-30714668:4	JHUS_nk1	chr18	q	22000001	30714668	candidate_region_label	chromothripsis	region	candidate_region	9	16	16	candidate_region_with_context	28206935	30714668	sv_attention	0.9991	0.2878	HP1	0.3795	0.1726	82.0	17.0	0.9924	1.4126	C4	chromothripsis	chromothripsis:noncanonicalB	chromosome_arm	18540000	80350001	402	402	8	9	9	8714668	1.0327415800578978e-06	2.405044231174384	388287.0	748173.0	893605.0	True	0.8888888888888888	0.75	0	0	3	5	1	0	0	0	0	0	0	0	9	0					3	0	0.0	2	3	1	2	sample_residual	coords	1	0	chromothripsis:noncanonicalB	chromothripsis	4.1182403564453125	0.9839874500522776	chromothripsis	0.4766720426612154	-0.09337962418794632	-3.488187789916992	0.029650198974206395	-3.135087013244629	0.04168292953107118	-0.09337962418794632	0.4766720426612154	-2.936216354370117	0.05039202302526559	JHUS_nk1:C4	1	max	0.7900000214576721	min_delta	0.30000001192092896	0.20000000298023224	type_confidence	0.9800000190734863	0.10000000149011612	0.30000001192092896	0.6399999856948853	0.8399999886751175	0.20999999344348907	0.4099999964237213	0.23000000417232513	0.4300000071525574	0.11999999731779099	0.3200000002980232	chromothripsis	objectness_type_threshold	False	chromothripsis	0.4766720426612154	0.4262800196359498	chromothripsis	chromothripsis	chromothripsis:canonical	chromothripsis:canonical	True	False	True	True	True	False	wrong_level	True	1	train
JHUS_nk1:chrX:0-3711885:5	JHUS_nk1:chrX:0-3711885:5	JHUS_nk1	chrX	p	0	3711885	candidate_region_label	chromothripsis	region	candidate_region	4	5	5	candidate_region_with_context	522242	2319651	sv_attention	0.8495	0.4842	HP1	0.5507	0.401	40.0	1.0	1.0	1.6675	C5	chromothripsis	chromothripsis:noncanonicalB	chromosome_arm	0	61090000	402	402	8	4	4	3711886	1.0776193018858875e-06	2.6675210391698454	664471.0	898704.0	1162204.5	True	1.0	1.0	0	0	2	2	0	0	0	0	0	0	0	0	4	0					0	0	0.0	4	0	0	4	sample_residual	coords	1	0	chromothripsis:noncanonicalB	chromothripsis	3.751396656036377	0.9770539633140656	chromothripsis	0.25487548660835263	-1.072776198387146	-3.6449761390686035	0.025457043410834372	-2.8625261783599854	0.05403742328914249	-1.072776198387146	0.25487548660835263	-2.663759231567383	0.0651460140614641	JHUS_nk1:C5	1	max	0.7900000214576721	min_delta	0.30000001192092896	0.20000000298023224	type_confidence	0.9800000190734863	0.10000000149011612	0.30000001192092896	0.6399999856948853	0.8399999886751175	0.20999999344348907	0.4099999964237213	0.23000000417232513	0.4300000071525574	0.11999999731779099	0.3200000002980232	chromothripsis	objectness_type_threshold	False	chromothripsis	0.25487548660835263	0.18972947254688854	chromothripsis	chromothripsis	chromothripsis:noncanonicalB	chromothripsis:noncanonicalB	True	True	True	True	False	False	exact	True	1	train
MDA_MD_361:chr1:176691368-179785347:1	MDA_MD_361:chr1:176691368-179785347:1	MDA_MD_361	chr1	q	176691368	179785347	candidate_region_label	chromothripsis	region	candidate_region	4	4	4	candidate_region_with_context	177862139	178038239	sv_attention	0.8612	0.0569	HP1	0.4753	0.3004	29.0	4.0	1.0	1.1961	C1	chromothripsis	chromothripsis:noncanonicalB	chromosome_arm	123459000	248950001	402	402	8	4	4	3093980	1.292833179270713e-06	2.196050717845623	366883.25	585386.5	991998.25	True	1.0	1.0	0	0	2	2	0	0	0	0	0	0	0	0	5	0					0	0	0.0	4	1	0	4	sample_residual	coords	1	0	chromothripsis:noncanonicalB	chromothripsis	4.160097599029541	0.9846337711884138	chromothripsis	0.25826259050645367	-1.055018424987793	-4.046097278594971	0.017189843179425148	-2.5572926998138428	0.07193808039259529	-1.055018424987793	0.25826259050645367	-2.505441904067993	0.0754775617801501	MDA_MD_361:C1	1	max	0.7900000214576721	min_delta	0.30000001192092896	0.20000000298023224	type_confidence	0.9800000190734863	0.10000000149011612	0.30000001192092896	0.6399999856948853	0.8399999886751175	0.20999999344348907	0.4099999964237213	0.23000000417232513	0.4300000071525574	0.11999999731779099	0.3200000002980232	chromothripsis	objectness_type_threshold	False	chromothripsis	0.25826259050645367	0.1827850287263036	chromothripsis	chromothripsis	chromothripsis:noncanonicalB	chromothripsis:noncanonicalB	True	True	True	True	False	False	exact	True	1	train
MDA_MD_361:chr2:104483566-107670061:2	MDA_MD_361:chr2:104483566-107670061:2	MDA_MD_361	chr2	q	104483566	107670061	candidate_region_label	BFB	region	candidate_region	2	3	3	candidate_region_with_context	105451153	105452383	sv_attention	0.3935	0.0004	HP1	0.7693	0.6924	38.0	1.0	2.3927	1.0	C2	BFB	BFB:noncanonicalB	chromosome_arm	93989000	242150001	402	402	8	2	2	3186496	6.276486774187069e-07	3.3926940438651108	1280418.5	1593248.0	1906077.5	False	0.0	0.0	0	0	1	0	1	0	0	0	0	0	0	0	3	0	2.0	2.0			0	0	1.0	0	2	0	0	sample_residual	coords	1	0	BFB:noncanonicalB	BFB	5.492868423461914	0.9959008514458415	BFB	0.21719354307674277	-1.2820966243743896	-5.353616714477539	0.004708732253803213	-3.1032068729400635	0.04297516822286663	-2.222672939300537	0.09773284789906321	-1.2820966243743896	0.21719354307674277	MDA_MD_361:C2	1	max	0.7900000214576721	min_delta	0.30000001192092896	0.20000000298023224	type_confidence	0.9800000190734863	0.10000000149011612	0.30000001192092896	0.6399999856948853	0.8399999886751175	0.20999999344348907	0.4099999964237213	0.23000000417232513	0.4300000071525574	0.11999999731779099	0.3200000002980232	BFB	objectness_type_threshold	False	BFB	0.21719354307674277	0.11946069517767956	BFB	BFB	BFB:noncanonicalB	BFB:noncanonicalB	True	True	True	True	False	False	exact	True	1	train
MDA_MD_361:chr2:155750530-163816134:3	MDA_MD_361:chr2:155750530-163816134:3	MDA_MD_361	chr2	q	155750530	163816134	candidate_region_label	chromothripsis	region	candidate_region	6	9	9	candidate_region_with_context	155752450	163816134	sv_attention	0.9698	0.9998	mixed_HP	0.0222	0.9074	26.0	28.0	1.5094	1.1368	C3	chromothripsis	chromothripsis:noncanonicalB	chromosome_arm	93989000	242150001	402	402	8	6	6	8065605	7.438995586815868e-07	2.6462016178575567	743264.5	1029560.0	1195207.5	True	1.0	1.0	0	0	3	3	0	0	0	0	0	0	0	0	7	0					0	2	0.0	4	1	0	4	sample_residual	coords	1	0	chromothripsis:noncanonicalB	chromothripsis	4.415835380554199	0.9880598355882716	chromothripsis	0.3560819912386715	-0.5924103856086731	-3.466301202774048	0.030286423510718894	-2.5711147785186768	0.07102071940893884	-0.5924103856086731	0.3560819912386715	-2.4256432056427	0.08123805881723072	MDA_MD_361:C3	1	max	0.7900000214576721	min_delta	0.30000001192092896	0.20000000298023224	type_confidence	0.9800000190734863	0.10000000149011612	0.30000001192092896	0.6399999856948853	0.8399999886751175	0.20999999344348907	0.4099999964237213	0.23000000417232513	0.4300000071525574	0.11999999731779099	0.3200000002980232	chromothripsis	objectness_type_threshold	False	chromothripsis	0.3560819912386715	0.2748439324214408	chromothripsis	chromothripsis	chromothripsis:noncanonical	chromothripsis:noncanonical	True	False	True	True	True	False	wrong_level	True	1	train
MDA_MD_361:chr6:0-45857529:4	MDA_MD_361:chr6:0-45857529:4	MDA_MD_361	chr6	p	0	45857529	candidate_region_label	chromothripsis	region	candidate_region	24	76	76	candidate_region_with_context	1637831	45857529	sv_attention	1.0	0.9643	HP1	0.512	0.3494	349.0	70.0	1.8837	1.2444	C4	chromothripsis	chromothripsis:noncanonical	chromosome_arm	0	60589000	402	402	8	24	24	45857530	5.233600675832301e-07	3.1281659304371603	661767.75	1561175.5	2772103.5	False	0.7083333333333334	0.4347826086956521	0	3	3	11	6	1	0	0	0	0	0	0	25	0					3	5	0.0	10	6	1	10	sample_residual	coords	1	0	chromothripsis:noncanonical	chromothripsis	3.767876625061035	0.9774205459361719	chromothripsis	0.40531889605462107	-0.3833511471748352	-1.744328260421753	0.1487639990958848	-1.921231985092163	0.12772424695656767	-0.3833511471748352	0.40531889605462107	-3.1338276863098145	0.0417332629727984	MDA_MD_361:C4	1	max	0.7900000214576721	min_delta	0.30000001192092896	0.20000000298023224	type_confidence	0.9800000190734863	0.10000000149011612	0.30000001192092896	0.6399999856948853	0.8399999886751175	0.20999999344348907	0.4099999964237213	0.23000000417232513	0.4300000071525574	0.11999999731779099	0.3200000002980232	chromothripsis	objectness_type_threshold	False	chromothripsis	0.40531889605462107	0.25655489695873623	chromothripsis	chromothripsis	chromothripsis:noncanonical	chromothripsis:noncanonical	True	True	True	True	False	False	exact	True	1	train
MDA_MD_361:chr7:70333668-77065396:5	MDA_MD_361:chr7:70333668-77065396:5	MDA_MD_361	chr7	q	70333668	77065396	candidate_region_label	chromothripsis	region	candidate_region	12	39	39	candidate_region_with_context	70674729	77065396	sv_attention	1.0	0.9493	mixed_HP	0.2344	0.2	181.0	52.0	0.9658	2.2757	C5	chromothripsis	chromothripsis:noncanonical	chromosome_arm	59904000	159300001	402	402	8	12	12	6731729	1.7826029538622246e-06	3.241510464844916	290145.25	436864.5	941292.5	False	0.5	0.1818181818181818	1	0	2	4	2	2	1	0	0	0	0	0	13	0					3	2	0.0	3	4	1	3	sample_residual	coords	1	0	chromothripsis:noncanonical	chromothripsis	4.959699630737305	0.9930338332837234	chromothripsis	0.5281071102556043	0.11254709213972092	-3.754843235015869	0.022868892969445834	-2.4140634536743164	0.08210655517309177	0.11254709213972092	0.5281071102556043	-2.6684131622314453	0.0648631532839819	MDA_MD_361:C5	1	max	0.7900000214576721	min_delta	0.30000001192092896	0.20000000298023224	type_confidence	0.9800000190734863	0.10000000149011612	0.30000001192092896	0.6399999856948853	0.8399999886751175	0.20999999344348907	0.4099999964237213	0.23000000417232513	0.4300000071525574	0.11999999731779099	0.3200000002980232	chromothripsis	objectness_type_threshold	False	chromothripsis	0.5281071102556043	0.4460005550825125	chromothripsis	chromothripsis	chromothripsis:canonical	chromothripsis:canonical	True	False	True	True	True	False	wrong_level	True	1	train
MDA_MD_361:chr9:17274853-37999999:6	MDA_MD_361:chr9:17274853-37999999:6	MDA_MD_361	chr9	p	17274853	37999999	candidate_region_label	Seismic_Amplification	region	candidate_region	19	38	38	candidate_region_with_context	18995938	37999999	sv_attention	0.9989	0.917	mixed_HP	-0.0415	0.9174	117.0	125.0	1.0151	1.1412	C6	Seismic_Amplification	Seismic_Amplification:noncanonical	chromosome_arm	0	49224000	402	402	8	18	17	20725147	9.167606869085174e-07	2.15634263052513	135271.0	227206.0	1241660.0	False	0.4210526315789473	0.2777777777777778	1	3	5	2	3	2	1	1	1	0	0	0	19	0					6	8	0.0	3	2	0	3	sample_residual	coords	1	0	Seismic_Amplification:noncanonical	Seismic_Amplification	3.970855236053467	0.9814917174197975	Seismic_Amplification	0.4825083942851329	-0.0699949860572815	-1.3770999908447266	0.2014751577960887	-0.0699949860572815	0.4825083942851329	-1.8732682466506958	0.1331640118795759	-2.500307559967041	0.075836621736921	MDA_MD_361:C6	2	max	0.7900000214576721	min_delta	0.30000001192092896	0.20000000298023224	type_confidence	0.9800000190734863	0.10000000149011612	0.30000001192092896	0.6399999856948853	0.8399999886751175	0.20999999344348907	0.4099999964237213	0.23000000417232513	0.4300000071525574	0.11999999731779099	0.3200000002980232	Seismic_Amplification	objectness_type_threshold	False	Seismic_Amplification	0.4825083942851329	0.2810332364890442	Seismic_Amplification	Seismic_Amplification	Seismic_Amplification:noncanonical	Seismic_Amplification:noncanonical	True	True	True	True	False	False	exact	True	1	train
MDA_MD_361:chr10:5169057-11665508:7	MDA_MD_361:chr10:5169057-11665508:7	MDA_MD_361	chr10	p	5169057	11665508	candidate_region_label	chromothripsis;BFB	region	candidate_region	5	7	7	candidate_region_with_context	8944539	11665508	sv_attention	0.8417	0.4188	HP1	0.5434	0.3912	97.0	4.0	1.1271	1.7314	C7	chromothripsis;BFB	chromothripsis:noncanonical;BFB:noncanonicalB	chromosome_arm	0	40246000	402	402	8	5	5	6496452	7.696508802035326e-07	2.858574187879784	651473.0	826006.0	976196.0	True	1.0	1.0	0	0	2	3	0	0	0	0	0	0	0	0	6	0					1	1	0.0	4	0	0	4	sample_residual	coords	1	0	chromothripsis:noncanonical;BFB:noncanonicalB	chromothripsis;BFB	5.2220940589904785	0.9946329430266752	chromothripsis	0.3993394104335639	-0.4082183241844177	-2.4321722984313965	0.0807520680300968	-2.417692184448242	0.08183349001063998	-0.4082183241844177	0.3993394104335639	-2.322601795196533	0.08926830857727981	MDA_MD_361:C7	2	max	0.7900000214576721	min_delta	0.30000001192092896	0.20000000298023224	type_confidence	0.9800000190734863	0.10000000149011612	0.30000001192092896	0.6399999856948853	0.8399999886751175	0.20999999344348907	0.4099999964237213	0.23000000417232513	0.4300000071525574	0.11999999731779099	0.3200000002980232	chromothripsis	objectness_type_threshold	False	chromothripsis	0.3993394104335639	0.3100711018562841	chromothripsis	chromothripsis	chromothripsis:noncanonical	chromothripsis:noncanonical	True	False	True	False	False	True	partial_class	True	1	train
MDA_MD_361:chr11:67893669-71061827:8	MDA_MD_361:chr11:67893669-71061827:8	MDA_MD_361	chr11	q	67893669	71061827	candidate_region_label	Seismic_Amplification	region	candidate_region	8	10	10	candidate_region_with_context	68549516	71061827	sv_attention	0.6758	0.793	mixed_HP	-0.201	0.5423	58.0	84.0	1.667	2.7011	C6	Seismic_Amplification	Seismic_Amplification:noncanonical	chromosome_arm	53714000	135076622	402	402	8	8	8	3168159	2.5251257907194684e-06	4.368086323950282	246690.25	337237.0	476589.25	False	0.5	0.1428571428571428	0	0	2	1	2	0	2	0	1	0	0	0	9	0					1	4	0.0	4	0	0	4	sample_residual	coords	1	0	Seismic_Amplification:noncanonical	Seismic_Amplification	3.970855236053467	0.9814917174197975	Seismic_Amplification	0.4825083942851329	-0.0699949860572815	-1.3770999908447266	0.2014751577960887	-0.0699949860572815	0.4825083942851329	-1.8732682466506958	0.1331640118795759	-2.500307559967041	0.075836621736921	MDA_MD_361:C6	2	max	0.7900000214576721	min_delta	0.30000001192092896	0.20000000298023224	type_confidence	0.9800000190734863	0.10000000149011612	0.30000001192092896	0.6399999856948853	0.8399999886751175	0.20999999344348907	0.4099999964237213	0.23000000417232513	0.4300000071525574	0.11999999731779099	0.3200000002980232	Seismic_Amplification	objectness_type_threshold	False	Seismic_Amplification	0.4825083942851329	0.2810332364890442	Seismic_Amplification	Seismic_Amplification	Seismic_Amplification:noncanonical	Seismic_Amplification:noncanonical	True	True	True	True	False	False	exact	True	1	train
MDA_MD_361:chr12:79507051-108683644:9	MDA_MD_361:chr12:79507051-108683644:9	MDA_MD_361	chr12	q	79507051	108683644	candidate_region_label	Seismic_Amplification;BFB	region	candidate_region	27	54	54	candidate_region_with_context	82555304	108683644	sv_attention	1.0	0.8955	mixed_HP	0.0384	0.4965	343.0	228.0	2.0045	3.6223	C8	Seismic_Amplification;BFB	Seismic_Amplification:noncanonical;BFB:noncanonicalB	chromosome_arm	35807000	133250001	402	402	8	26	22	29176594	9.253993115166218e-07	5.626816618828092	159152.0	790018.0	1524278.0	False	0.5185185185185185	0.2307692307692307	0	1	2	2	4	9	4	5	0	0	0	0	28	0	5.0	24.0			10	9	2.0	3	3	1	3	sample_residual	coords	1	0	Seismic_Amplification:noncanonical;BFB:noncanonicalB	Seismic_Amplification;BFB	5.37156343460083	0.9953746328706107	BFB	0.22164572913128017	-1.2561014890670776	-1.8507050275802612	0.1357901399453766	-1.4429935216903687	0.19108221257054092	-1.696868658065796	0.15487467898200416	-1.2561014890670776	0.22164572913128017	MDA_MD_361:C8	1	max	0.7900000214576721	min_delta	0.30000001192092896	0.20000000298023224	type_confidence	0.9800000190734863	0.10000000149011612	0.30000001192092896	0.6399999856948853	0.8399999886751175	0.20999999344348907	0.4099999964237213	0.23000000417232513	0.4300000071525574	0.11999999731779099	0.3200000002980232	BFB	objectness_type_threshold	False	BFB	0.22164572913128017	0.030563516560739246	BFB	BFB	BFB:noncanonicalB	BFB:noncanonicalB	True	False	True	False	False	True	partial_class	True	1	train
MDA_MD_361:chr14:47643782-51330988:10	MDA_MD_361:chr14:47643782-51330988:10	MDA_MD_361	chr14	q	47643782	51330988	candidate_region_label	BFB	region	candidate_region	3	16	16	candidate_region_with_context	49315739	51330988	sv_attention	0.9991	0.5466	HP1	0.2808	0.0411	58.0	6.0	0.6161	5.0524	C9	BFB	BFB:noncanonical	chromosome_arm	17600000	107000001	402	402	8	3	3	3687207	8.136239706639741e-07	5.668465860473795	1007624.0	1493340.0	1582649.5	False	0.6666666666666666	0.5	0	0	0	0	1	1	0	1	0	0	0	0	4	1	1.0	4.0	4.0	4.0	0	0	2.0	0	2	0	0	sample_residual	coords	1	0	BFB:noncanonical	BFB	4.4760050773620605	0.9887492400984711	BFB	0.2676137480582018	-1.0067633390426636	-4.143492698669434	0.015619495033313951	-2.181722640991211	0.10140385112216467	-3.384528875350952	0.032782489879762754	-1.0067633390426636	0.2676137480582018	MDA_MD_361:C9	1	max	0.7900000214576721	min_delta	0.30000001192092896	0.20000000298023224	type_confidence	0.9800000190734863	0.10000000149011612	0.30000001192092896	0.6399999856948853	0.8399999886751175	0.20999999344348907	0.4099999964237213	0.23000000417232513	0.4300000071525574	0.11999999731779099	0.3200000002980232	BFB	objectness_type_threshold	False	BFB	0.2676137480582018	0.16620989693603716	BFB	BFB	BFB:canonical	BFB:canonical	True	False	True	True	True	False	wrong_level	True	1	train
MDA_MD_361:chr16:51942547-78700068:11	MDA_MD_361:chr16:51942547-78700068:11	MDA_MD_361	chr16	q	51942547	78700068	candidate_region_label	chromothripsis;BFB	region	candidate_region	24	44	44	candidate_region_with_context	51943027	78700068	sv_attention	1.0	1.0	mixed_HP	0.1596	0.5968	234.0	169.0	2.07	1.5102	C7	chromothripsis;BFB	chromothripsis:noncanonical;BFB:noncanonicalB	chromosome_arm	36800000	90300001	402	402	8	23	24	26757522	8.96944044370028e-07	3.5802590015622524	320176.0	502373.5	1251290.25	False	0.5833333333333334	0.1304347826086956	0	0	3	6	8	6	1	0	0	0	0	0	27	0	1.0	1.0			5	2	1.0	7	11	1	7	sample_residual	coords	1	0	chromothripsis:noncanonical;BFB:noncanonicalB	chromothripsis;BFB	5.2220940589904785	0.9946329430266752	chromothripsis	0.3993394104335639	-0.4082183241844177	-2.4321722984313965	0.0807520680300968	-2.417692184448242	0.08183349001063998	-0.4082183241844177	0.3993394104335639	-2.322601795196533	0.08926830857727981	MDA_MD_361:C7	2	max	0.7900000214576721	min_delta	0.30000001192092896	0.20000000298023224	type_confidence	0.9800000190734863	0.10000000149011612	0.30000001192092896	0.6399999856948853	0.8399999886751175	0.20999999344348907	0.4099999964237213	0.23000000417232513	0.4300000071525574	0.11999999731779099	0.3200000002980232	chromothripsis	objectness_type_threshold	False	chromothripsis	0.3993394104335639	0.3100711018562841	chromothripsis	chromothripsis	chromothripsis:noncanonical	chromothripsis:noncanonical	True	False	True	False	False	True	partial_class	True	1	train
MDA_MD_361:chr17:28000001-83257441:12	MDA_MD_361:chr17:28000001-83257441:12	MDA_MD_361	chr17	q	28000001	83257441	candidate_region_label	Seismic_Amplification;BFB	region	candidate_region	100	203	203	candidate_region_with_context	35534892	83257441	sv_attention	1.0	0.8636	HP1	0.5555	0.4074	1536.0	284.0	3.4426	1.8914	C10	Seismic_Amplification;BFB	Seismic_Amplification:noncanonical;BFB:noncanonicalB	chromosome_arm	25150000	83250001	402	402	8	100	73	55257441	1.8097110215436868e-06	5.333532274865932	95306.75	217469.5	598888.25	False	0.28	0.0404040404040404	7	1	3	3	7	6	13	9	33	18	0	0	102	0	88.0	91.0			21	28	3.0	13	34	3	13	sample_residual	coords	1	0	Seismic_Amplification:noncanonical;BFB:noncanonicalB	Seismic_Amplification;BFB	5.87366247177124	0.9971953347216732	Seismic_Amplification	0.4015001038917934	-0.3992185592651367	-2.4163036346435547	0.08193788175561643	-0.3992185592651367	0.4015001038917934	-2.5250370502471924	0.07412152248387364	-1.9074459075927734	0.12926806313622347	MDA_MD_361:C10	1	max	0.7900000214576721	min_delta	0.30000001192092896	0.20000000298023224	type_confidence	0.9800000190734863	0.10000000149011612	0.30000001192092896	0.6399999856948853	0.8399999886751175	0.20999999344348907	0.4099999964237213	0.23000000417232513	0.4300000071525574	0.11999999731779099	0.3200000002980232	Seismic_Amplification	objectness_type_threshold	False	Seismic_Amplification	0.4015001038917934	0.27223204075556995	Seismic_Amplification	Seismic_Amplification	Seismic_Amplification:noncanonical	Seismic_Amplification:noncanonical	True	False	True	False	False	True	partial_class	True	1	train
MDA_MD_361:chr20:32000001-64444167:13	MDA_MD_361:chr20:32000001-64444167:13	MDA_MD_361	chr20	q	32000001	64444167	candidate_region_label	BFB	region	candidate_region	22	44	44	candidate_region_with_context	44194276	64444167	sv_attention	1.0	0.6241	HP2	-0.5223	0.3631	135.0	383.0	0.6953	2.865	C11	BFB	BFB:noncanonicalB	chromosome_arm	28120000	64400001	402	402	8	21	20	32444167	6.780879903620271e-07	3.55823797232951	218764.5	861159.5	2271656.5	False	0.5454545454545454	0.3333333333333333	0	0	3	6	6	4	2	1	0	0	0	0	20	1	13.0	13.0	13.0	13.0	5	2	1.0	4	6	2	4	sample_residual	coords	1	0	BFB:noncanonicalB	BFB	6.540396213531494	0.9985581656016723	chromothripsis	0.16077493593518316	-1.6524734497070312	-2.9533348083496094	0.04957913566101901	-2.8683199882507324	0.05374202299453763	-1.6524734497070312	0.16077493593518316	-1.7317923307418823	0.1503584645466074	MDA_MD_361:C11	1	max	0.7900000214576721	min_delta	0.30000001192092896	0.20000000298023224	type_confidence	0.9800000190734863	0.10000000149011612	0.30000001192092896	0.6399999856948853	0.8399999886751175	0.20999999344348907	0.4099999964237213	0.23000000417232513	0.4300000071525574	0.11999999731779099	0.3200000002980232	BFB	objectness_type_threshold	False	chromothripsis	0.16077493593518316	0.010416471388575765	BFB	BFB	BFB:noncanonicalB	BFB:noncanonicalB	True	True	True	True	False	False	exact	True	1	train
MDA_MD_453:chr11:5412452-30053792:1	MDA_MD_453:chr11:5412452-30053792:1	MDA_MD_453	chr11	p	5412452	30053792	candidate_region_label	Seismic_Amplification	region	candidate_region	29	49	49	candidate_region_with_context	22485532	30053792	sv_attention	1.0	0.3071	HP1	0.4095	0.2127	190.0	80.0	1.1961	0.496	C1	Seismic_Amplification	Seismic_Amplification:noncanonical	chromosome_arm	0	53714000	402	402	8	28	22	24641341	1.1768840015646876e-06	1.6921665910958337	103741.0	231893.0	887738.0	False	0.5172413793103449	0.25	0	5	6	9	6	1	2	0	0	0	0	0	30	0					9	5	0.0	8	8	0	8	sample_residual	coords	1	0	Seismic_Amplification:noncanonical	Seismic_Amplification	5.290722370147705	0.9949871358511954	Seismic_Amplification	0.29003870390144737	-0.8951960802078247	-1.2449915409088135	0.22356833103901536	-0.8951960802078247	0.29003870390144737	-1.5014281272888184	0.18221262028388693	-2.1775567531585693	0.10178408227255747	MDA_MD_453:C1	3	max	0.7900000214576721	min_delta	0.30000001192092896	0.20000000298023224	type_confidence	0.9800000190734863	0.10000000149011612	0.30000001192092896	0.6399999856948853	0.8399999886751175	0.20999999344348907	0.4099999964237213	0.23000000417232513	0.4300000071525574	0.11999999731779099	0.3200000002980232	Seismic_Amplification	objectness_type_threshold	False	Seismic_Amplification	0.29003870390144737	0.06647037286243201	Seismic_Amplification	Seismic_Amplification	Seismic_Amplification:noncanonical	Seismic_Amplification:noncanonical	True	True	True	True	False	False	exact	True	1	train
MDA_MD_453:chr11:65963805-104848322:2	MDA_MD_453:chr11:65963805-104848322:2	MDA_MD_453	chr11	q	65963805	104848322	candidate_region_label	Seismic_Amplification	region	candidate_region	48	81	81	candidate_region_with_context	67992151	104848322	sv_attention	1.0	0.9478	mixed_HP	-0.0672	0.8422	261.0	230.0	1.0095	1.9949	C1	Seismic_Amplification	Seismic_Amplification:noncanonical	chromosome_arm	53714000	135076382	402	402	8	48	45	38884518	1.2344244565407757e-06	3.0043789921736974	219883.0	433696.0	935148.0	False	0.6666666666666666	0.3617021276595745	0	1	12	19	13	3	0	0	0	0	0	0	52	0					22	2	0.0	7	21	0	7	sample_residual	coords	1	0	Seismic_Amplification:noncanonical	Seismic_Amplification	5.290722370147705	0.9949871358511954	Seismic_Amplification	0.29003870390144737	-0.8951960802078247	-1.2449915409088135	0.22356833103901536	-0.8951960802078247	0.29003870390144737	-1.5014281272888184	0.18221262028388693	-2.1775567531585693	0.10178408227255747	MDA_MD_453:C1	3	max	0.7900000214576721	min_delta	0.30000001192092896	0.20000000298023224	type_confidence	0.9800000190734863	0.10000000149011612	0.30000001192092896	0.6399999856948853	0.8399999886751175	0.20999999344348907	0.4099999964237213	0.23000000417232513	0.4300000071525574	0.11999999731779099	0.3200000002980232	Seismic_Amplification	objectness_type_threshold	False	Seismic_Amplification	0.29003870390144737	0.06647037286243201	Seismic_Amplification	Seismic_Amplification	Seismic_Amplification:noncanonical	Seismic_Amplification:noncanonical	True	True	True	True	False	False	exact	True	1	train
MDA_MD_453:chr17:39541414-83257441:3	MDA_MD_453:chr17:39541414-83257441:3	MDA_MD_453	chr17	q	39541414	83257441	candidate_region_label	Seismic_Amplification	region	candidate_region	53	79	79	candidate_region_with_context	45819434	83257441	sv_attention	0.9996	0.8564	mixed_HP	0.1634	0.3	450.0	229.0	1.1647	1.6112	C1	Seismic_Amplification	Seismic_Amplification:noncanonical	chromosome_arm	25150000	83250001	402	402	8	53	46	43716028	1.212369980182097e-06	2.7757872238529995	126033.0	418842.0	1036728.0	False	0.4339622641509434	0.1153846153846153	2	2	9	8	12	11	2	3	4	0	0	0	52	0					9	16	0.0	8	18	1	8	sample_residual	coords	1	0	Seismic_Amplification:noncanonical	Seismic_Amplification	5.290722370147705	0.9949871358511954	Seismic_Amplification	0.29003870390144737	-0.8951960802078247	-1.2449915409088135	0.22356833103901536	-0.8951960802078247	0.29003870390144737	-1.5014281272888184	0.18221262028388693	-2.1775567531585693	0.10178408227255747	MDA_MD_453:C1	3	max	0.7900000214576721	min_delta	0.30000001192092896	0.20000000298023224	type_confidence	0.9800000190734863	0.10000000149011612	0.30000001192092896	0.6399999856948853	0.8399999886751175	0.20999999344348907	0.4099999964237213	0.23000000417232513	0.4300000071525574	0.11999999731779099	0.3200000002980232	Seismic_Amplification	objectness_type_threshold	False	Seismic_Amplification	0.29003870390144737	0.06647037286243201	Seismic_Amplification	Seismic_Amplification	Seismic_Amplification:noncanonical	Seismic_Amplification:noncanonical	True	True	True	True	False	False	exact	True	1	train
MDA_MD_453:chr22:46258149-50818468:4		MDA_MD_453	chr22	q	46258149	50818468	candidate_region_empty		empty_candidate_region	candidate_region	5	2	2	candidate_region_with_context	47424043	47560789	sv_attention	0.5569	0.03	mixed_HP	-0.1674	0.8077	12.0	14.0	1.0	2.0695	C2			chromosome_arm	15050000	50800001	402	402	8	5	4	4560320	1.0964142867167215e-06	3.065144112693846	136745.0	576861.0	589035.0	False	0.6	0.25	0	1	1	2	1	0	0	0	0	0	0	0	4	0					2	2	0.0	0	0	0	0	sample_residual	coords	0	1			-2.4943461418151855	0.0762554881944301	chromothripsis	0.31351359882540275	-0.783743679523468	-4.174598217010498	0.015148367731823752	-0.8326847553253174	0.3030776922228899	-0.783743679523468	0.31351359882540275	-4.0734429359436035	0.016733904072421302	MDA_MD_453:C2	1	max	0.7900000214576721	min_delta	0.30000001192092896	0.20000000298023224	type_confidence	0.9800000190734863	0.10000000149011612	0.30000001192092896	0.6399999856948853	0.8399999886751175	0.20999999344348907	0.4099999964237213	0.23000000417232513	0.4300000071525574	0.11999999731779099	0.3200000002980232	none	none_objectness	False	chromothripsis	0.31351359882540275	0.010435906602512868		none		none	False	False	False	False	False	False	background	True	0	train
MS751:chr7:48283690-57999999:1	MS751:chr7:48283690-57999999:1	MS751	chr7	p	48283690	57999999	candidate_region_label	Seismic_Amplification	region	candidate_region	11	15	15	candidate_region_with_context	52251606	57999999	sv_attention	0.9986	0.5916	HP1	0.254	0.0053	127.0	21.0	2.1513	10.9037	C1	Seismic_Amplification	Seismic_Amplification:noncanonical	chromosome_arm	0	59904000	402	402	8	11	9	9716310	1.1321170279663782e-06	13.055025827706196	255742.0	691826.0	917646.0	False	0.2727272727272727	0.0	1	0	1	1	0	2	0	1	1	3	1	0	11	0					4	4	0.0	2	1	0	2	sample_residual	coords	1	0	Seismic_Amplification:noncanonical	Seismic_Amplification	3.3060104846954346	0.9646344310962575	Seismic_Amplification	0.6758632598713135	0.7348253130912781	-1.1774173974990845	0.23551687273780875	0.7348253130912781	0.6758632598713135	-1.9356591701507568	0.12612551758305512	-1.8464356660842896	0.1362919340448473	MS751:C1	2	max	0.7900000214576721	min_delta	0.30000001192092896	0.20000000298023224	type_confidence	0.9800000190734863	0.10000000149011612	0.30000001192092896	0.6399999856948853	0.8399999886751175	0.20999999344348907	0.4099999964237213	0.23000000417232513	0.4300000071525574	0.11999999731779099	0.3200000002980232	Seismic_Amplification	objectness_type_threshold	False	Seismic_Amplification	0.6758632598713135	0.4403463871335047	Seismic_Amplification	Seismic_Amplification	Seismic_Amplification:canonical	Seismic_Amplification:canonical	True	False	True	True	True	False	wrong_level	True	1	train
MS751:chr7:106848449-115027870:2	MS751:chr7:106848449-115027870:2	MS751	chr7	q	106848449	115027870	candidate_region_label	Seismic_Amplification	region	candidate_region	4	4	4	candidate_region_with_context	111163946	111441501	sv_attention	0.8544	0.0339	HP1	0.5143	0.3524	23.0	1.0	2.2967	4.1769	C1	Seismic_Amplification	Seismic_Amplification:noncanonical	chromosome_arm	59904000	159300001	402	402	8	4	4	8179422	4.890321100928648e-07	6.473626009270582	1093784.75	2157749.5	3108820.25	False	0.5	0.3333333333333333	1	0	0	0	1	1	0	0	1	0	0	0	5	0					3	1	0.0	0	0	1	0	sample_residual	coords	1	0	Seismic_Amplification:noncanonical	Seismic_Amplification	3.3060104846954346	0.9646344310962575	Seismic_Amplification	0.6758632598713135	0.7348253130912781	-1.1774173974990845	0.23551687273780875	0.7348253130912781	0.6758632598713135	-1.9356591701507568	0.12612551758305512	-1.8464356660842896	0.1362919340448473	MS751:C1	2	max	0.7900000214576721	min_delta	0.30000001192092896	0.20000000298023224	type_confidence	0.9800000190734863	0.10000000149011612	0.30000001192092896	0.6399999856948853	0.8399999886751175	0.20999999344348907	0.4099999964237213	0.23000000417232513	0.4300000071525574	0.11999999731779099	0.3200000002980232	Seismic_Amplification	objectness_type_threshold	False	Seismic_Amplification	0.6758632598713135	0.4403463871335047	Seismic_Amplification	Seismic_Amplification	Seismic_Amplification:canonical	Seismic_Amplification:canonical	True	False	True	True	True	False	wrong_level	True	1	train
MS751:chr11:33747903-50999999:3	MS751:chr11:33747903-50999999:3	MS751	chr11	p	33747903	50999999	candidate_region_label	chromothripsis;BFB	region	candidate_region	9	13	13	candidate_region_with_context	36367554	50999999	sv_attention	0.993	0.8482	mixed_HP	0.2516	0.9766	54.0	53.0	2.9625	0.4502	C2	chromothripsis;BFB	chromothripsis:noncanonical;BFB:noncanonicalB	chromosome_arm	0	53714000	402	402	8	9	9	17252097	5.216757128133467e-07	3.4127167845161086	492516.0	1285157.0	2619653.0	False	0.6666666666666666	0.375	0	1	0	3	3	2	0	0	0	0	0	0	9	0	2.0	5.0			1	2	2.0	0	2	2	0	sample_residual	coords	1	0	chromothripsis:noncanonical;BFB:noncanonicalB	chromothripsis;BFB	5.006267070770264	0.993348684371272	BFB	0.18827964854698834	-1.461227536201477	-3.4512312412261963	0.030732162318912633	-3.022373676300049	0.046425278722314174	-1.5858992338180542	0.16996162846612695	-1.461227536201477	0.18827964854698834	MS751:C2	1	max	0.7900000214576721	min_delta	0.30000001192092896	0.20000000298023224	type_confidence	0.9800000190734863	0.10000000149011612	0.30000001192092896	0.6399999856948853	0.8399999886751175	0.20999999344348907	0.4099999964237213	0.23000000417232513	0.4300000071525574	0.11999999731779099	0.3200000002980232	BFB	objectness_type_threshold	False	BFB	0.18827964854698834	0.01831802008086139	BFB	BFB	BFB:noncanonicalB	BFB:noncanonicalB	True	False	True	False	False	True	partial_class	True	1	train
MS751:chr15:37362100-45708613:4	MS751:chr15:37362100-45708613:4	MS751	chr15	q	37362100	45708613	candidate_region_label	BFB	region	candidate_region	4	7	7	candidate_region_with_context	40704202	40879455	sv_attention	0.822	0.021	mixed_HP	0.4769	0.3314	50.0	8.0	2.9942	3.1018	C3	BFB	BFB:noncanonicalB	chromosome_arm	19050000	101950001	402	402	8	4	3	8346514	4.792419925252627e-07	6.09597803346403	106174.75	1733782.5	3714236.25	False	0.75	0.3333333333333333	0	0	0	0	0	0	2	1	0	1	0	0	5	1	2.0	4.0	4.0	4.0	0	0	3.0	1	0	1	1	sample_residual	coords	1	0	BFB:noncanonicalB	BFB	5.226639270782471	0.9946571520424617	BFB	0.229099127694732	-1.2134050130844116	-3.180635929107666	0.03990096509288978	-2.1207172870635986	0.10709945759073555	-3.655407428741455	0.025199530776480995	-1.2134050130844116	0.229099127694732	MS751:C3	1	max	0.7900000214576721	min_delta	0.30000001192092896	0.20000000298023224	type_confidence	0.9800000190734863	0.10000000149011612	0.30000001192092896	0.6399999856948853	0.8399999886751175	0.20999999344348907	0.4099999964237213	0.23000000417232513	0.4300000071525574	0.11999999731779099	0.3200000002980232	BFB	objectness_type_threshold	False	BFB	0.229099127694732	0.12199967010399645	BFB	BFB	BFB:noncanonicalB	BFB:noncanonicalB	True	True	True	True	False	False	exact	True	1	train
MS751:chr16:69041496-72273989:5		MS751	chr16	q	69041496	72273989	candidate_region_empty		empty_candidate_region	candidate_region	6	6	6	candidate_region_with_context	69456209	72273989	sv_attention	0.9457	0.8717	mixed_HP	-0.6526	0.2396	0.0	37.0	2.9585	2.7187	C4			chromosome_arm	36800000	90300001	402	402	8	6	4	3232494	1.8561519371729687e-06	5.677221365298744	95072.0	150931.0	263368.5	False	0.6666666666666666	0.4	0	0	1	0	2	1	2	0	0	0	0	0	7	0					4	0	0.0	0	3	0	0	sample_residual	coords	0	1			-1.0684033632278442	0.25570683889915646	chromothripsis	0.5311751505935698	0.12486257404088974	-4.862412929534912	0.007672482921747137	-1.5487821102142334	0.17526223889659348	0.12486257404088974	0.5311751505935698	-4.430030345916748	0.011773852929865823	MS751:C4	1	max	0.7900000214576721	min_delta	0.30000001192092896	0.20000000298023224	type_confidence	0.9800000190734863	0.10000000149011612	0.30000001192092896	0.6399999856948853	0.8399999886751175	0.20999999344348907	0.4099999964237213	0.23000000417232513	0.4300000071525574	0.11999999731779099	0.3200000002980232	none	none_objectness	False	chromothripsis	0.5311751505935698	0.3559129116969763		none		none	False	False	False	False	False	False	background	True	0	train
MS751:chr19:47170733-58617616:6	MS751:chr19:47170733-58617616:6	MS751	chr19	q	47170733	58617616	candidate_region_label	chromothripsis	region	candidate_region	7	12	12	candidate_region_with_context	53631664	54888031	sv_attention	0.9973	0.1098	mixed_HP	0.2532	0.3207	67.0	25.0	2.9621	4.0364	C5	chromothripsis	chromothripsis:noncanonicalB	chromosome_arm	26260000	58600001	402	402	8	7	6	11446884	6.115201307185432e-07	6.990889747812592	216304.5	1083679.0	2832397.5	True	0.7142857142857143	0.6666666666666666	0	0	1	3	0	0	2	0	0	1	0	0	7	0					0	0	0.0	6	1	0	6	sample_residual	coords	1	0	chromothripsis:noncanonicalB	chromothripsis	4.436183929443359	0.9882975307394933	chromothripsis	0.29307703845911637	-0.8804861903190613	-3.689624786376953	0.024372514738575962	-2.973416328430176	0.048641387027268376	-0.8804861903190613	0.29307703845911637	-3.0530219078063965	0.04508718825160054	MS751:C5	1	max	0.7900000214576721	min_delta	0.30000001192092896	0.20000000298023224	type_confidence	0.9800000190734863	0.10000000149011612	0.30000001192092896	0.6399999856948853	0.8399999886751175	0.20999999344348907	0.4099999964237213	0.23000000417232513	0.4300000071525574	0.11999999731779099	0.3200000002980232	chromothripsis	objectness_type_threshold	False	chromothripsis	0.29307703845911637	0.24443565143184798	chromothripsis	chromothripsis	chromothripsis:noncanonical	chromothripsis:noncanonical	True	False	True	True	True	False	wrong_level	True	1	train
MS751:chr21:19398366-46709983:7	MS751:chr21:19398366-46709983:7	MS751	chr21	q	19398366	46709983	candidate_region_label	chromothripsis	region	candidate_region	24	25	25	candidate_region_with_context	23871052	46709983	sv_attention	0.9727	0.8362	mixed_HP	-0.2598	0.3	93.0	197.0	2.0212	2.2892	C6	chromothripsis	chromothripsis:noncanonical	chromosome_arm	12910000	46700001	402	402	8	24	19	27311618	8.787469127607159e-07	4.309493088252772	170777.75	772574.5	1756691.5	False	0.4166666666666667	0.1304347826086956	0	4	3	3	4	3	6	1	0	0	0	0	23	0					3	7	0.0	6	6	1	6	sample_residual	coords	1	0	chromothripsis:noncanonical	chromothripsis	4.770828723907471	0.9915978393142902	chromothripsis	0.4028377438597818	-0.393655002117157	-2.6368908882141113	0.06680159408086621	-1.7982268333435059	0.14206704841321563	-0.393655002117157	0.4028377438597818	-2.9516282081604004	0.04965961428872672	MS751:C6	1	max	0.7900000214576721	min_delta	0.30000001192092896	0.20000000298023224	type_confidence	0.9800000190734863	0.10000000149011612	0.30000001192092896	0.6399999856948853	0.8399999886751175	0.20999999344348907	0.4099999964237213	0.23000000417232513	0.4300000071525574	0.11999999731779099	0.3200000002980232	chromothripsis	objectness_type_threshold	False	chromothripsis	0.4028377438597818	0.26077069544656617	chromothripsis	chromothripsis	chromothripsis:noncanonical	chromothripsis:noncanonical	True	True	True	True	False	False	exact	True	1	train
QGU:chr2:115422297-144073596:1	QGU:chr2:115422297-144073596:1	QGU	chr2	q	115422297	144073596	candidate_region_label	chromothripsis	region	candidate_region	19	40	40	candidate_region_with_context	116176514	144073596	sv_attention	1.0	0.9737	mixed_HP	0.3082	0.3	116.0	52.0	2.111	1.52	C1	chromothripsis	chromothripsis:canonical	chromosome_arm	93989000	242150001	402	402	8	19	17	28651300	6.631461748681561e-07	3.6310865475563054	505738.0	1108829.0	2895774.5	True	0.8947368421052632	0.8333333333333334	0	0	1	8	9	1	0	0	0	0	0	0	20	0					7	7	0.0	1	5	0	1	sample_residual	coords	1	0	chromothripsis:canonical	chromothripsis	3.6018893718719482	0.9734518777661425	chromothripsis	0.6096942556229574	0.4460272192955017	-2.7416493892669678	0.06055999742053253	-2.784461259841919	0.058169658870748396	0.4460272192955017	0.6096942556229574	-2.904871940612793	0.05191325047517604	QGU:C1	1	max	0.7900000214576721	min_delta	0.30000001192092896	0.20000000298023224	type_confidence	0.9800000190734863	0.10000000149011612	0.30000001192092896	0.6399999856948853	0.8399999886751175	0.20999999344348907	0.4099999964237213	0.23000000417232513	0.4300000071525574	0.11999999731779099	0.3200000002980232	chromothripsis	objectness_type_threshold	False	chromothripsis	0.6096942556229574	0.5491342582024249	chromothripsis	chromothripsis	chromothripsis:canonical	chromothripsis:canonical	True	True	True	True	False	False	exact	True	1	train
QGU:chr3:172406302-179767780:2		QGU	chr3	q	172406302	179767780	candidate_region_empty		empty_candidate_region	candidate_region	5	4	4	candidate_region_with_context	174551816	175245224	sv_attention	0.6331	0.0942	mixed_HP	0.1821	0.2	30.0	12.0	2.0467	3.8937	C2			chromosome_arm	90951000	198250001	402	402	8	5	4	7361479	6.792113378303463e-07	5.940381545610603	346704.0	388292.0	1757224.0	False	0.6	0.25	1	0	0	0	1	0	2	1	0	0	0	0	6	0					4	0	0.0	1	1	0	1	sample_residual	coords	0	1			-2.436420440673828	0.08043728456515076	chromothripsis	0.2959116478861184	-0.8668429255485535	-1.680605411529541	0.15701531906164085	-1.2234265804290771	0.22733399829036624	-0.8668429255485535	0.2959116478861184	-4.404058933258057	0.012079899718925828	QGU:C2	1	max	0.7900000214576721	min_delta	0.30000001192092896	0.20000000298023224	type_confidence	0.9800000190734863	0.10000000149011612	0.30000001192092896	0.6399999856948853	0.8399999886751175	0.20999999344348907	0.4099999964237213	0.23000000417232513	0.4300000071525574	0.11999999731779099	0.3200000002980232	none	none_objectness	False	chromothripsis	0.2959116478861184	0.06857764959575216		none		none	False	False	False	False	False	False	background	True	0	train
QGU:chr5:176778825-181538259:3	QGU:chr5:176778825-181538259:3	QGU	chr5	q	176778825	181538259	candidate_region_label	BFB	region	candidate_region	2	2	2	candidate_region_with_context	176783944	176789065	sv_attention	0.5582	0.0011	HP1	0.7778	0.7037	1.0	0.0	4.0	2.0	C3	BFB	BFB:noncanonicalB	chromosome_arm	48464000	181500001	402	402	8	2	1	4759435	4.202179460377125e-07	5.967846603640979	1208987.75	2379717.5	3550447.25	False	0.0	0.0	0	0	1	0	0	0	1	0	0	0	0	0	1	0	1.0	1.0			0	0	1.0	0	0	0	0	sample_residual	coords	1	0	BFB:noncanonicalB	BFB	5.064742088317871	0.9937240961745849	BFB	0.29667447689057797	-0.8631843328475952	-4.404107570648193	0.012079319295266039	-2.945952892303467	0.049928138096422416	-2.642914056777954	0.06642709321581237	-0.8631843328475952	0.29667447689057797	QGU:C3	1	max	0.7900000214576721	min_delta	0.30000001192092896	0.20000000298023224	type_confidence	0.9800000190734863	0.10000000149011612	0.30000001192092896	0.6399999856948853	0.8399999886751175	0.20999999344348907	0.4099999964237213	0.23000000417232513	0.4300000071525574	0.11999999731779099	0.3200000002980232	BFB	objectness_type_threshold	False	BFB	0.29667447689057797	0.2302473836747656	BFB	BFB	BFB:canonical	BFB:canonical	True	False	True	True	True	False	wrong_level	True	1	train
QGU:chr9:127119959-130795122:4	QGU:chr9:127119959-130795122:4	QGU	chr9	q	127119959	130795122	candidate_region_label	Seismic_Amplification;chromothripsis;BFB	region	candidate_region	6	12	12	candidate_region_with_context	127199799	128999477	sv_attention	0.8818	0.4897	mixed_HP	-0.1247	0.5968	36.0	26.0	1.0186	5.6986	C4	Seismic_Amplification;chromothripsis;BFB	Seismic_Amplification:noncanonical;chromothripsis:noncanonicalB;BFB:noncanonicalB	chromosome_arm	49224000	138350001	402	402	8	6	4	3675164	1.6325802059445511e-06	6.717168267865053	89691.0	262582.5	1079381.25	False	0.6666666666666666	0.2	0	0	0	0	2	2	0	0	2	0	0	0	7	0	2.0	3.0			0	3	2.0	1	1	0	1	sample_residual	coords	1	0	Seismic_Amplification:noncanonical;chromothripsis:noncanonicalB;BFB:noncanonicalB	Seismic_Amplification;chromothripsis;BFB	4.397969722747803	0.9878472154714808	Seismic_Amplification	0.5065614697797887	0.026247385889291763	-3.5343353748321533	0.028350915991581304	0.026247385889291763	0.5065614697797887	-3.5744192600250244	0.027267349997279845	-1.3813759088516235	0.20078811366397203	QGU:C4	1	max	0.7900000214576721	min_delta	0.30000001192092896	0.20000000298023224	type_confidence	0.9800000190734863	0.10000000149011612	0.30000001192092896	0.6399999856948853	0.8399999886751175	0.20999999344348907	0.4099999964237213	0.23000000417232513	0.4300000071525574	0.11999999731779099	0.3200000002980232	Seismic_Amplification	objectness_type_threshold	False	Seismic_Amplification	0.5065614697797887	0.30577335611581663	Seismic_Amplification	Seismic_Amplification	Seismic_Amplification:canonical	Seismic_Amplification:canonical	True	False	True	False	False	True	partial_class	True	1	train
QGU:chr11:93742459-102600648:5	QGU:chr11:93742459-102600648:5	QGU	chr11	q	93742459	102600648	candidate_region_label	ecDNA;Seismic_Amplification;BFB	region	candidate_region	8	11	11	candidate_region_with_context	97399342	101664969	sv_attention	0.9877	0.4815	mixed_HP	-0.4433	0.4071	11.0	850.0	13.684	3.2213	C5	ecDNA;Seismic_Amplification;BFB	ecDNA;Seismic_Amplification:noncanonical;BFB:noncanonical	chromosome_arm	53714000	135050001	402	402	8	8	6	8858190	9.031190344754402e-07	16.905357527892267	280878.5	544546.5	1582918.5	False	0.375	0.2857142857142857	0	0	0	0	0	1	2	0	1	1	1	2	9	1	1.0	9.0	9.0	9.0	2	0	6.0	1	0	0	1	sample_residual	coords	1	0	ecDNA;Seismic_Amplification:noncanonical;BFB:noncanonical	ecDNA;Seismic_Amplification;BFB	5.499094009399414	0.9959261881356773	ecDNA	0.8589640382336907	1.8067121505737305	1.8067121505737305	0.8589640382336907	0.7928107380867004	0.6884345316998467	-5.3114166259765625	0.004910696863117794	-0.5652067065238953	0.36234358632975466	QGU:C5	1	max	0.7900000214576721	min_delta	0.30000001192092896	0.20000000298023224	type_confidence	0.9800000190734863	0.10000000149011612	0.30000001192092896	0.6399999856948853	0.8399999886751175	0.20999999344348907	0.4099999964237213	0.23000000417232513	0.4300000071525574	0.11999999731779099	0.3200000002980232	ecDNA	objectness_type_threshold	False	ecDNA	0.8589640382336907	0.17052950653384402	ecDNA;Seismic_Amplification;BFB	ecDNA;Seismic_Amplification;BFB	ecDNA;Seismic_Amplification:canonical;BFB:canonical	ecDNA;Seismic_Amplification:canonical;BFB:canonical	True	False	True	True	True	False	wrong_level	True	3	train
QGU:chr15:39234408-44841817:6	QGU:chr15:39234408-44841817:6	QGU	chr15	q	39234408	44841817	candidate_region_label	BFB	region	candidate_region	5	4	4	candidate_region_with_context	39564008	39591714	sv_attention	0.6321	0.0049	HP2	-0.2638	0.0184	11.0	39.0	2.2351	1.1296	C6	BFB	BFB:noncanonicalB	chromosome_arm	19050000	101950001	402	402	8	5	5	5607410	8.916772627648058e-07	3.3646888670527035	312631.0	329602.0	1910304.0	False	0.6	0.25	0	0	1	2	1	0	0	0	1	0	0	0	6	1	2.0	2.0	2.0	2.0	2	3	1.0	0	0	0	0	sample_residual	coords	1	0	BFB:noncanonicalB	BFB	5.745156764984131	0.9968119629443924	BFB	0.22263640166116377	-1.2503682374954224	-3.8166861534118652	0.021526980591518547	-1.2685245275497437	0.21950993326189383	-3.1637861728668213	0.04055148817637761	-1.2503682374954224	0.22263640166116377	QGU:C6	1	max	0.7900000214576721	min_delta	0.30000001192092896	0.20000000298023224	type_confidence	0.9800000190734863	0.10000000149011612	0.30000001192092896	0.6399999856948853	0.8399999886751175	0.20999999344348907	0.4099999964237213	0.23000000417232513	0.4300000071525574	0.11999999731779099	0.3200000002980232	BFB	objectness_type_threshold	False	BFB	0.22263640166116377	0.003126468399269944	BFB	BFB	BFB:noncanonicalB	BFB:noncanonicalB	True	True	True	True	False	False	exact	True	1	train
QGU:chr18:0-14999999:7	QGU:chr18:0-14999999:7	QGU	chr18	p	0	14999999	candidate_region_label	BFB	region	candidate_region	8	16	16	candidate_region_with_context	4009693	5086135	sv_attention	0.8113	0.0718	mixed_HP	0.1745	0.938	59.0	62.0	4.2414	1.1509	C7	BFB	BFB:noncanonicalB	chromosome_arm	0	18540000	402	402	8	8	7	15000000	5.333333333333333e-07	5.3922984	733344.5	1547474.0	2936361.75	False	0.375	0.0	0	0	1	1	2	0	0	0	1	2	1	0	8	2	1.0	6.0	5.0	6.0	0	0	5.0	2	1	0	2	sample_residual	coords	1	0	BFB:noncanonicalB	BFB	5.568234920501709	0.996197303526505	BFB	0.1817059316565421	-1.504832148551941	-2.387408494949341	0.08413791487941083	-1.677208423614502	0.15746547355570262	-2.938000202178955	0.05030672958072516	-1.504832148551941	0.1817059316565421	QGU:C7	1	max	0.7900000214576721	min_delta	0.30000001192092896	0.20000000298023224	type_confidence	0.9800000190734863	0.10000000149011612	0.30000001192092896	0.6399999856948853	0.8399999886751175	0.20999999344348907	0.4099999964237213	0.23000000417232513	0.4300000071525574	0.11999999731779099	0.3200000002980232	BFB	objectness_type_threshold	False	BFB	0.1817059316565421	0.024240458100839496	BFB	BFB	BFB:noncanonicalB	BFB:noncanonicalB	True	True	True	True	False	False	exact	True	1	train
QGU:chr19:10628859-17258292:8		QGU	chr19	p	10628859	17258292	candidate_region_empty		empty_candidate_region	candidate_region	6	10	10	candidate_region_with_context	11042859	15120256	sv_attention	0.7935	0.615	mixed_HP	-0.0661	0.3119	79.0	139.0	2.536	1.2146	C8			chromosome_arm	0	26260000	402	402	8	6	6	6629434	9.050546396570204e-07	3.750677961346323	534129.5	949735.5	1667359.75	False	0.6666666666666666	0.4	0	0	1	0	3	0	1	1	0	0	0	0	7	0					3	2	0.0	0	0	2	0	sample_residual	coords	0	1			-1.2530218362808228	0.22217748285937552	chromothripsis	0.382337234465269	-0.47963958978652954	-2.8636717796325684	0.05397889306258337	-2.4136900901794434	0.08213469812926971	-0.47963958978652954	0.382337234465269	-4.538949966430664	0.010571665645983521	QGU:C8	1	max	0.7900000214576721	min_delta	0.30000001192092896	0.20000000298023224	type_confidence	0.9800000190734863	0.10000000149011612	0.30000001192092896	0.6399999856948853	0.8399999886751175	0.20999999344348907	0.4099999964237213	0.23000000417232513	0.4300000071525574	0.11999999731779099	0.3200000002980232	none	none_objectness	False	chromothripsis	0.382337234465269	0.3002025363359993		none		none	False	False	False	False	False	False	background	True	0	train
SCC090:chr11:42492627-50999999:1	SCC090:chr11:42492627-50999999:1	SCC090	chr11	p	42492627	50999999	candidate_region_label	chromothripsis	region	candidate_region	7	8	8	candidate_region_with_context	46414182	48181254	sv_attention	0.9752	0.2077	HP1	1.0	1.0	5.0	0.0	2.0877	0.0	C1	chromothripsis	chromothripsis:noncanonicalB	chromosome_arm	0	53714000	402	402	8	7	6	8507373	8.228156917534943e-07	2.087652910011116	258330.0	643691.0	1927695.0	False	0.7142857142857143	0.5	1	2	3	0	1	0	0	0	0	0	0	0	7	0					2	2	0.0	1	0	2	1	sample_residual	coords	1	0	chromothripsis:noncanonicalB	chromothripsis	0.3703862726688385	0.5915523122292499	chromothripsis	0.314986605051427	-0.776908278465271	-2.5447709560394287	0.07277856356089016	-2.441988706588745	0.08002637696764277	-0.776908278465271	0.314986605051427	-3.8966870307922363	0.019904834536811432	SCC090:C1	1	max	0.7900000214576721	min_delta	0.30000001192092896	0.20000000298023224	type_confidence	0.9800000190734863	0.10000000149011612	0.30000001192092896	0.6399999856948853	0.8399999886751175	0.20999999344348907	0.4099999964237213	0.23000000417232513	0.4300000071525574	0.11999999731779099	0.3200000002980232	none	none_objectness	False	chromothripsis	0.314986605051427	0.23496022808378425		none		none	False	False	False	False	False	False	wrong	False	0	train
SCC090:chr13:25010024-30018501:2	SCC090:chr13:25010024-30018501:2	SCC090	chr13	q	25010024	30018501	candidate_region_label	Seismic_Amplification;BFB	region	candidate_region	4	5	5	candidate_region_with_context	29085611	30018501	sv_attention	0.7943	0.1863	HP2	-0.7367	0.6489	0.0	35.0	2.0037	3.069	C2	Seismic_Amplification;BFB	Seismic_Amplification:noncanonical;BFB:noncanonical	chromosome_arm	17900000	114350001	402	402	8	4	3	5008478	7.98645816154129e-07	5.072672177056583	651683.5	888487.5	1488923.5	False	0.5	0.3333333333333333	0	0	0	0	1	0	1	0	2	0	0	0	5	1	5.0	5.0	5.0	5.0	0	0	1.0	2	2	0	2	sample_residual	coords	1	0	Seismic_Amplification:noncanonical;BFB:noncanonical	Seismic_Amplification;BFB	6.921297550201416	0.9990144233069069	BFB	0.328221447197574	-0.7162402272224426	-1.8825116157531738	0.13210065045075825	-1.3788988590240479	0.20118590604141634	-3.9077000617980957	0.0196911175133561	-0.7162402272224426	0.328221447197574	SCC090:C2	1	max	0.7900000214576721	min_delta	0.30000001192092896	0.20000000298023224	type_confidence	0.9800000190734863	0.10000000149011612	0.30000001192092896	0.6399999856948853	0.8399999886751175	0.20999999344348907	0.4099999964237213	0.23000000417232513	0.4300000071525574	0.11999999731779099	0.3200000002980232	BFB	objectness_type_threshold	False	BFB	0.328221447197574	0.12703554115615767	BFB	BFB	BFB:canonical	BFB:canonical	True	False	True	False	False	True	partial_class	True	1	train
SKBR3:chr3:0-39561702:1	SKBR3:chr3:0-39561702:1	SKBR3	chr3	p	0	39561702	candidate_region_label	Seismic_Amplification	region	candidate_region	24	35	35	candidate_region_with_context	3811036	39561702	sv_attention	0.9987	0.9037	mixed_HP	-0.2457	0.3	222.0	410.0	2.0686	2.7535	C1	Seismic_Amplification	Seismic_Amplification:noncanonical	chromosome_arm	0	90951000	402	402	8	23	23	39561703	6.066472922057982e-07	4.822114836664134	381415.5	844298.0	1690386.5	False	0.4583333333333333	0.1304347826086956	0	1	3	6	0	4	3	5	1	1	0	0	25	0					9	6	0.0	0	10	0	0	sample_residual	coords	1	0	Seismic_Amplification:noncanonical	Seismic_Amplification	3.89389967918396	0.9800407152163907	Seismic_Amplification	0.6554102204987243	0.642906665802002	-1.763136863708496	0.14639790490898227	0.642906665802002	0.6554102204987243	-2.0204379558563232	0.11707371289930198	-2.062561511993408	0.11278925076423389	SKBR3:C1	3	max	0.7900000214576721	min_delta	0.30000001192092896	0.20000000298023224	type_confidence	0.9800000190734863	0.10000000149011612	0.30000001192092896	0.6399999856948853	0.8399999886751175	0.20999999344348907	0.4099999964237213	0.23000000417232513	0.4300000071525574	0.11999999731779099	0.3200000002980232	Seismic_Amplification	objectness_type_threshold	False	Seismic_Amplification	0.6554102204987243	0.509012315589742	Seismic_Amplification	Seismic_Amplification	Seismic_Amplification:canonical	Seismic_Amplification:canonical	True	False	True	True	True	False	wrong_level	True	1	train
SKBR3:chr3:151354228-158466862:2	SKBR3:chr3:151354228-158466862:2	SKBR3	chr3	q	151354228	158466862	candidate_region_label	Seismic_Amplification	region	candidate_region	4	9	9	candidate_region_with_context	151357525	158466862	sv_attention	0.9172	0.9995	mixed_HP	-0.1412	0.179	74.0	109.0	2.5371	2.7542	C1	Seismic_Amplification	Seismic_Amplification:noncanonical	chromosome_arm	90951000	198250001	402	402	8	4	4	7112635	5.623794838340503e-07	5.291284031867233	547225.25	962471.5	2193405.0	False	0.5	0.3333333333333333	0	1	0	1	0	0	1	0	0	1	0	0	6	0					2	2	0.0	0	2	0	0	sample_residual	coords	1	0	Seismic_Amplification:noncanonical	Seismic_Amplification	3.89389967918396	0.9800407152163907	Seismic_Amplification	0.6554102204987243	0.642906665802002	-1.763136863708496	0.14639790490898227	0.642906665802002	0.6554102204987243	-2.0204379558563232	0.11707371289930198	-2.062561511993408	0.11278925076423389	SKBR3:C1	3	max	0.7900000214576721	min_delta	0.30000001192092896	0.20000000298023224	type_confidence	0.9800000190734863	0.10000000149011612	0.30000001192092896	0.6399999856948853	0.8399999886751175	0.20999999344348907	0.4099999964237213	0.23000000417232513	0.4300000071525574	0.11999999731779099	0.3200000002980232	Seismic_Amplification	objectness_type_threshold	False	Seismic_Amplification	0.6554102204987243	0.509012315589742	Seismic_Amplification	Seismic_Amplification	Seismic_Amplification:canonical	Seismic_Amplification:canonical	True	False	True	True	True	False	wrong_level	True	1	train
SKBR3:chr3:178278467-198295559:3	SKBR3:chr3:178278467-198295559:3	SKBR3	chr3	q	178278467	198295559	candidate_region_label	Seismic_Amplification	region	candidate_region	23	47	47	candidate_region_with_context	179003027	198295559	sv_attention	1.0	0.9638	mixed_HP	0.1403	0.3436	225.0	141.0	3.0308	3.2701	C1	Seismic_Amplification	Seismic_Amplification:noncanonical	chromosome_arm	90951000	198250001	402	402	8	23	21	20017093	1.149017991773331e-06	6.291104657404549	264867.0	475611.0	902960.0	False	0.4782608695652174	0.0454545454545454	0	0	1	0	2	5	6	5	4	0	0	0	24	0					4	6	0.0	2	10	2	2	sample_residual	coords	1	0	Seismic_Amplification:noncanonical	Seismic_Amplification	3.89389967918396	0.9800407152163907	Seismic_Amplification	0.6554102204987243	0.642906665802002	-1.763136863708496	0.14639790490898227	0.642906665802002	0.6554102204987243	-2.0204379558563232	0.11707371289930198	-2.062561511993408	0.11278925076423389	SKBR3:C1	3	max	0.7900000214576721	min_delta	0.30000001192092896	0.20000000298023224	type_confidence	0.9800000190734863	0.10000000149011612	0.30000001192092896	0.6399999856948853	0.8399999886751175	0.20999999344348907	0.4099999964237213	0.23000000417232513	0.4300000071525574	0.11999999731779099	0.3200000002980232	Seismic_Amplification	objectness_type_threshold	False	Seismic_Amplification	0.6554102204987243	0.509012315589742	Seismic_Amplification	Seismic_Amplification	Seismic_Amplification:canonical	Seismic_Amplification:canonical	True	False	True	True	True	False	wrong_level	True	1	train
SKBR3:chr5:138061704-142822544:4	SKBR3:chr5:138061704-142822544:4	SKBR3	chr5	q	138061704	142822544	candidate_region_label	chromothripsis;BFB	region	candidate_region	5	7	7	candidate_region_with_context	138543674	140117514	sv_attention	0.9179	0.3306	mixed_HP	0.0087	0.4101	34.0	55.0	3.7952	1.2722	C2	chromothripsis;BFB	chromothripsis:noncanonicalB;BFB:noncanonicalB	chromosome_arm	48464000	181500001	402	402	8	5	5	4760841	1.0502346119099546e-06	5.067360997773292	487556.0	965160.0	1410036.0	True	0.8	0.75	0	0	0	1	0	2	2	0	0	0	0	0	6	0	3.0	3.0			1	0	1.0	2	2	0	2	sample_residual	coords	1	0	chromothripsis:noncanonicalB;BFB:noncanonicalB	chromothripsis;BFB	4.868969440460205	0.9923772750397652	chromothripsis	0.19421109469881143	-1.4228761196136475	-4.096009254455566	0.016366621562637598	-2.467803716659546	0.0781463076808422	-1.4228761196136475	0.19421109469881143	-1.8103834390640259	0.14059179004100245	SKBR3:C2	1	max	0.7900000214576721	min_delta	0.30000001192092896	0.20000000298023224	type_confidence	0.9800000190734863	0.10000000149011612	0.30000001192092896	0.6399999856948853	0.8399999886751175	0.20999999344348907	0.4099999964237213	0.23000000417232513	0.4300000071525574	0.11999999731779099	0.3200000002980232	BFB	objectness_type_threshold	False	chromothripsis	0.19421109469881143	0.05361930465780898	BFB	BFB	BFB:noncanonicalB	BFB:noncanonicalB	True	False	True	False	False	True	partial_class	True	1	train
SKBR3:chr5:155073273-164481680:5	SKBR3:chr5:155073273-164481680:5	SKBR3	chr5	q	155073273	164481680	candidate_region_label	chromothripsis;BFB	region	candidate_region	10	51	51	candidate_region_with_context	155101794	164481680	sv_attention	1.0	0.997	HP1	0.5895	0.4527	430.0	176.0	4.0082	0.1446	C3	chromothripsis;BFB	chromothripsis:noncanonicalB;BFB:noncanonical	chromosome_arm	48464000	181500001	402	402	8	10	7	9408408	1.0628790758223922e-06	4.152769416462381	83882.75	197913.5	544094.75	False	0.6	0.3333333333333333	1	0	0	0	3	0	3	2	1	0	0	0	12	2	5.0	12.0	5.0	12.0	4	0	2.0	5	1	0	5	sample_residual	coords	1	0	chromothripsis:noncanonicalB;BFB:noncanonical	chromothripsis;BFB	5.064339637756348	0.993721585786095	BFB	0.4117064328211607	-0.35691553354263306	-1.4785703420639038	0.18564345779950567	-1.8691507577896118	0.13364001751654075	-3.295969247817993	0.035709726926926644	-0.35691553354263306	0.4117064328211607	SKBR3:C3	1	max	0.7900000214576721	min_delta	0.30000001192092896	0.20000000298023224	type_confidence	0.9800000190734863	0.10000000149011612	0.30000001192092896	0.6399999856948853	0.8399999886751175	0.20999999344348907	0.4099999964237213	0.23000000417232513	0.4300000071525574	0.11999999731779099	0.3200000002980232	BFB	objectness_type_threshold	False	BFB	0.4117064328211607	0.22606297502165504	BFB	BFB	BFB:canonical	BFB:canonical	True	False	True	False	False	True	partial_class	True	1	train
SKBR3:chr6:0-8775217:6	SKBR3:chr6:0-8775217:6	SKBR3	chr6	p	0	8775217	candidate_region_label	chromothripsis	region	candidate_region	13	27	27	candidate_region_with_context	6709076	8775217	sv_attention	1.0	0.2355	mixed_HP	0.1205	0.541	249.0	361.0	2.0755	0.3258	C4	chromothripsis	chromothripsis:noncanonical	chromosome_arm	0	60589000	402	402	8	13	11	8775218	1.48144467749975e-06	2.4013658692011983	103590.0	191813.0	498817.0	False	0.6153846153846154	0.3333333333333333	2	0	4	1	0	1	4	1	0	0	0	0	14	0					3	2	0.0	0	7	2	0	sample_residual	coords	1	0	chromothripsis:noncanonical	chromothripsis	5.156494617462158	0.9942711470026832	chromothripsis	0.4858605256224044	-0.05657298117876053	-4.732623100280762	0.008726526009426373	-2.581178903579712	0.0703595807907297	-0.05657298117876053	0.4858605256224044	-2.975037097930908	0.048566440109964276	SKBR3:C4	1	max	0.7900000214576721	min_delta	0.30000001192092896	0.20000000298023224	type_confidence	0.9800000190734863	0.10000000149011612	0.30000001192092896	0.6399999856948853	0.8399999886751175	0.20999999344348907	0.4099999964237213	0.23000000417232513	0.4300000071525574	0.11999999731779099	0.3200000002980232	chromothripsis	objectness_type_threshold	False	chromothripsis	0.4858605256224044	0.4155009448316747	chromothripsis	chromothripsis	chromothripsis:canonical	chromothripsis:canonical	True	False	True	True	True	False	wrong_level	True	1	train
SKBR3:chr6:24683776-34294777:7	SKBR3:chr6:24683776-34294777:7	SKBR3	chr6	p	24683776	34294777	candidate_region_label	BFB	region	candidate_region	9	16	16	candidate_region_with_context	26739554	34294777	sv_attention	0.9987	0.7861	mixed_HP	0.1305	0.5833	119.0	85.0	2.1756	1.9359	C5	BFB	BFB:noncanonicalB	chromosome_arm	0	60589000	402	402	8	9	8	9611002	9.364268158512504e-07	4.111555798240391	275477.0	1341969.0	1478155.0	False	0.6666666666666666	0.375	0	0	0	2	2	4	1	0	0	0	0	0	11	0	6.0	6.0			5	0	1.0	3	2	0	3	sample_residual	coords	1	0	BFB:noncanonicalB	BFB	5.358271598815918	0.9953130329219548	BFB	0.235986000753126	-1.1748136281967163	-3.6536993980407715	0.02524152176464822	-3.2527852058410645	0.03722693376585179	-2.1007015705108643	0.1090286509551343	-1.1748136281967163	0.235986000753126	SKBR3:C5	1	max	0.7900000214576721	min_delta	0.30000001192092896	0.20000000298023224	type_confidence	0.9800000190734863	0.10000000149011612	0.30000001192092896	0.6399999856948853	0.8399999886751175	0.20999999344348907	0.4099999964237213	0.23000000417232513	0.4300000071525574	0.11999999731779099	0.3200000002980232	BFB	objectness_type_threshold	False	BFB	0.235986000753126	0.12695734979799173	BFB	BFB	BFB:noncanonicalB	BFB:noncanonicalB	True	True	True	True	False	False	exact	True	1	train
SKBR3:chr7:114215974-117502838:8	SKBR3:chr7:114215974-117502838:8	SKBR3	chr7	q	114215974	117502838	candidate_region_label	Seismic_Amplification;BFB	region	candidate_region	6	10	10	candidate_region_with_context	114219432	115616501	sv_attention	0.9983	0.425	HP2	-0.8807	0.8409	39.0	629.0	0.709	10.6848	C6	Seismic_Amplification;BFB	Seismic_Amplification:noncanonical;BFB:noncanonicalB	chromosome_arm	59904000	159300001	402	402	8	6	4	3286865	1.8254476530067408e-06	11.393817817281818	85020.0	150863.0	401194.0	False	0.5	0.0	0	0	1	0	1	0	0	0	0	4	0	0	7	0	1.0	1.0			3	1	1.0	0	2	0	0	sample_residual	coords	1	0	Seismic_Amplification:noncanonical;BFB:noncanonicalB	Seismic_Amplification;BFB	4.597906589508057	0.9900275510809033	Seismic_Amplification	0.6764256103139773	0.7373934388160706	-3.829270124435425	0.021263507115340228	0.7373934388160706	0.6764256103139773	-1.5171631574630737	0.1798796388117833	-1.953154444694519	0.12420980527181572	SKBR3:C6	2	max	0.7900000214576721	min_delta	0.30000001192092896	0.20000000298023224	type_confidence	0.9800000190734863	0.10000000149011612	0.30000001192092896	0.6399999856948853	0.8399999886751175	0.20999999344348907	0.4099999964237213	0.23000000417232513	0.4300000071525574	0.11999999731779099	0.3200000002980232	Seismic_Amplification	objectness_type_threshold	False	Seismic_Amplification	0.6764256103139773	0.49654597150219404	Seismic_Amplification	Seismic_Amplification	Seismic_Amplification:canonical	Seismic_Amplification:canonical	True	False	True	False	False	True	partial_class	True	1	train
SKBR3:chr7:128941972-133164006:9	SKBR3:chr7:128941972-133164006:9	SKBR3	chr7	q	128941972	133164006	candidate_region_label	Seismic_Amplification;BFB	region	candidate_region	3	4	4	candidate_region_with_context	129509162	133164006	sv_attention	0.6156	0.8657	HP2	-0.6404	0.5206	40.0	200.0	1.7313	6.6724	C6	Seismic_Amplification;BFB	Seismic_Amplification:noncanonical;BFB:noncanonicalB	chromosome_arm	59904000	159300001	402	402	8	3	3	4222035	7.105578234192753e-07	8.403718585942562	882075.5	1196959.0	1827421.5	True	1.0	1.0	0	0	2	0	0	0	0	0	0	1	0	0	4	1	1.0	1.0	1.0	1.0	1	1	1.0	1	0	0	1	sample_residual	coords	1	0	Seismic_Amplification:noncanonical;BFB:noncanonicalB	Seismic_Amplification;BFB	4.597906589508057	0.9900275510809033	Seismic_Amplification	0.6764256103139773	0.7373934388160706	-3.829270124435425	0.021263507115340228	0.7373934388160706	0.6764256103139773	-1.5171631574630737	0.1798796388117833	-1.953154444694519	0.12420980527181572	SKBR3:C6	2	max	0.7900000214576721	min_delta	0.30000001192092896	0.20000000298023224	type_confidence	0.9800000190734863	0.10000000149011612	0.30000001192092896	0.6399999856948853	0.8399999886751175	0.20999999344348907	0.4099999964237213	0.23000000417232513	0.4300000071525574	0.11999999731779099	0.3200000002980232	Seismic_Amplification	objectness_type_threshold	False	Seismic_Amplification	0.6764256103139773	0.49654597150219404	Seismic_Amplification	Seismic_Amplification	Seismic_Amplification:canonical	Seismic_Amplification:canonical	True	False	True	False	False	True	partial_class	True	1	train
SKBR3:chr8:70318233-91550065:10	SKBR3:chr8:70318233-91550065:10	SKBR3	chr8	q	70318233	91550065	candidate_region_label	ecDNA;Seismic_Amplification;BFB	region	candidate_region	73	129	129	candidate_region_with_context	70941166	91550065	sv_attention	1.0	0.9707	HP2	-0.2918	0.0557	227.0	5424.0	15.5726	0.2854	C7	ecDNA;Seismic_Amplification;BFB	ecDNA;Seismic_Amplification:noncanonical;BFB:noncanonicalB	chromosome_arm	45644000	145100001	402	402	8	73	49	21231833	3.4382335241615737e-06	15.858015509070745	83221.0	171336.0	303280.0	False	0.1095890410958904	0.0	4	0	0	3	3	1	1	2	6	28	18	7	74	1	70.0	73.0	70.0	70.0	14	11	2.0	13	29	5	13	sample_residual	coords	1	0	ecDNA;Seismic_Amplification:noncanonical;BFB:noncanonicalB	ecDNA;Seismic_Amplification;BFB	5.469405651092529	0.995803945223226	ecDNA	0.9694709466754491	3.458071708679199	3.458071708679199	0.9694709466754491	1.006500005722046	0.7323346363400938	-3.2533137798309326	0.03720799373170795	-0.5735635161399841	0.36041496936381645	SKBR3:C7	3	max	0.7900000214576721	min_delta	0.30000001192092896	0.20000000298023224	type_confidence	0.9800000190734863	0.10000000149011612	0.30000001192092896	0.6399999856948853	0.8399999886751175	0.20999999344348907	0.4099999964237213	0.23000000417232513	0.4300000071525574	0.11999999731779099	0.3200000002980232	ecDNA	objectness_type_threshold	False	ecDNA	0.9694709466754491	0.23713631033535532	ecDNA;Seismic_Amplification;BFB	ecDNA;Seismic_Amplification;BFB	ecDNA;Seismic_Amplification:canonical;BFB:canonical	ecDNA;Seismic_Amplification:canonical;BFB:canonical	True	False	True	True	True	False	wrong_level	True	3	train
SKBR3:chr8:103691910-145138636:11	SKBR3:chr8:103691910-145138636:11	SKBR3	chr8	q	103691910	145138636	candidate_region_label	ecDNA;Seismic_Amplification;BFB	region	candidate_region	108	203	203	candidate_region_with_context	108858627	145138636	sv_attention	1.0	0.8753	mixed_HP	-0.246	0.2	605.0	6454.0	12.0959	0.5102	C7	ecDNA;Seismic_Amplification;BFB	ecDNA;Seismic_Amplification:noncanonical;BFB:noncanonicalB	chromosome_arm	45644000	145100001	402	402	8	108	70	41446727	2.6057546112145355e-06	12.596301922706708	75864.5	159089.0	354920.75	False	0.1574074074074074	0.0841121495327102	6	3	6	11	4	3	2	0	3	15	42	13	111	2	19.0	93.0	19.0	36.0	28	15	4.0	23	37	4	23	sample_residual	coords	1	0	ecDNA;Seismic_Amplification:noncanonical;BFB:noncanonicalB	ecDNA;Seismic_Amplification;BFB	5.469405651092529	0.995803945223226	ecDNA	0.9694709466754491	3.458071708679199	3.458071708679199	0.9694709466754491	1.006500005722046	0.7323346363400938	-3.2533137798309326	0.03720799373170795	-0.5735635161399841	0.36041496936381645	SKBR3:C7	3	max	0.7900000214576721	min_delta	0.30000001192092896	0.20000000298023224	type_confidence	0.9800000190734863	0.10000000149011612	0.30000001192092896	0.6399999856948853	0.8399999886751175	0.20999999344348907	0.4099999964237213	0.23000000417232513	0.4300000071525574	0.11999999731779099	0.3200000002980232	ecDNA	objectness_type_threshold	False	ecDNA	0.9694709466754491	0.23713631033535532	ecDNA;Seismic_Amplification;BFB	ecDNA;Seismic_Amplification;BFB	ecDNA;Seismic_Amplification:canonical;BFB:canonical	ecDNA;Seismic_Amplification:canonical;BFB:canonical	True	False	True	True	True	False	wrong_level	True	3	train
SKBR3:chr10:55213168-71714103:12	SKBR3:chr10:55213168-71714103:12	SKBR3	chr10	q	55213168	71714103	candidate_region_label	Seismic_Amplification;BFB	region	candidate_region	19	30	30	candidate_region_with_context	55266330	70051894	sv_attention	1.0	0.896	HP2	-0.5306	0.3741	12.0	414.0	3.9499	2.1477	C8	Seismic_Amplification;BFB	Seismic_Amplification:noncanonical;BFB:noncanonicalB	chromosome_arm	40246000	133750001	402	402	8	18	16	16500936	1.1514498329064483e-06	6.0975542841933335	181287.5	400932.0	868343.5	False	0.631578947368421	0.3888888888888889	1	0	0	0	1	1	7	4	5	0	0	0	20	1	8.0	12.0	8.0	8.0	3	6	2.0	1	8	0	1	sample_residual	coords	1	0	Seismic_Amplification:noncanonical;BFB:noncanonicalB	Seismic_Amplification;BFB	5.648370265960693	0.9964891156718897	Seismic_Amplification	0.4681028717161383	-0.12776201963424683	-2.0100185871124268	0.11815504112198821	-0.12776201963424683	0.4681028717161383	-3.758533239364624	0.022786581488827153	-1.3031798601150513	0.2136303381354733	SKBR3:C8	1	max	0.7900000214576721	min_delta	0.30000001192092896	0.20000000298023224	type_confidence	0.9800000190734863	0.10000000149011612	0.30000001192092896	0.6399999856948853	0.8399999886751175	0.20999999344348907	0.4099999964237213	0.23000000417232513	0.4300000071525574	0.11999999731779099	0.3200000002980232	Seismic_Amplification	objectness_type_threshold	False	Seismic_Amplification	0.4681028717161383	0.254472533580665	Seismic_Amplification	Seismic_Amplification	Seismic_Amplification:noncanonical	Seismic_Amplification:noncanonical	True	False	True	False	False	True	partial_class	True	1	train
SKBR3:chr14:45524644-68507616:13	SKBR3:chr14:45524644-68507616:13	SKBR3	chr14	q	45524644	68507616	candidate_region_label	ecDNA;Seismic_Amplification;BFB	region	candidate_region	15	19	19	candidate_region_with_context	49692456	68507616	sv_attention	0.9998	0.8187	HP2	-0.6589	0.5452	64.0	341.0	0.7564	3.1109	C7	ecDNA;Seismic_Amplification;BFB	ecDNA;Seismic_Amplification:noncanonical;BFB:noncanonicalB	chromosome_arm	17600000	107000001	402	402	8	14	11	22982973	6.526570779158989e-07	3.867233103393543	121532.5	765168.0	2483336.5	False	0.5333333333333333	0.1428571428571428	0	1	1	4	4	1	1	0	3	0	0	0	19	0	18.0	18.0			1	0	1.0	14	3	0	14	sample_residual	coords	1	0	ecDNA;Seismic_Amplification:noncanonical;BFB:noncanonicalB	ecDNA;Seismic_Amplification;BFB	5.469405651092529	0.995803945223226	ecDNA	0.9694709466754491	3.458071708679199	3.458071708679199	0.9694709466754491	1.006500005722046	0.7323346363400938	-3.2533137798309326	0.03720799373170795	-0.5735635161399841	0.36041496936381645	SKBR3:C7	3	max	0.7900000214576721	min_delta	0.30000001192092896	0.20000000298023224	type_confidence	0.9800000190734863	0.10000000149011612	0.30000001192092896	0.6399999856948853	0.8399999886751175	0.20999999344348907	0.4099999964237213	0.23000000417232513	0.4300000071525574	0.11999999731779099	0.3200000002980232	ecDNA	objectness_type_threshold	False	ecDNA	0.9694709466754491	0.23713631033535532	ecDNA;Seismic_Amplification;BFB	ecDNA;Seismic_Amplification;BFB	ecDNA;Seismic_Amplification:canonical;BFB:canonical	ecDNA;Seismic_Amplification:canonical;BFB:canonical	True	False	True	True	True	False	wrong_level	True	3	train
SKBR3:chr17:39120759-42420153:14	SKBR3:chr17:39120759-42420153:14	SKBR3	chr17	q	39120759	42420153	candidate_region_label	Seismic_Amplification;BFB	region	candidate_region	5	6	6	candidate_region_with_context	41115866	41385941	sv_attention	0.8648	0.0819	HP2	-0.297	0.0627	13.0	464.0	19.2123	0.0	C9	Seismic_Amplification;BFB	Seismic_Amplification:noncanonical;BFB:noncanonicalB	chromosome_arm	25150000	83250001	402	402	8	5	5	3299395	1.515429343864557e-06	19.21230558935805	406718.0	790663.0	797728.0	False	0.4	0.25	0	0	0	0	0	0	0	0	1	2	2	0	6	0	4.0	4.0			0	0	1.0	5	0	0	5	sample_residual	coords	1	0	Seismic_Amplification:noncanonical;BFB:noncanonicalB	Seismic_Amplification;BFB	6.052919864654541	0.997654526768151	Seismic_Amplification	0.49090367440317484	-0.036389317363500595	-0.6237622499465942	0.34892627073573673	-0.036389317363500595	0.49090367440317484	-4.466087341308594	0.01136162306230896	-1.317991852760315	0.21115259086799743	SKBR3:C9	1	max	0.7900000214576721	min_delta	0.30000001192092896	0.20000000298023224	type_confidence	0.9800000190734863	0.10000000149011612	0.30000001192092896	0.6399999856948853	0.8399999886751175	0.20999999344348907	0.4099999964237213	0.23000000417232513	0.4300000071525574	0.11999999731779099	0.3200000002980232	Seismic_Amplification	objectness_type_threshold	False	Seismic_Amplification	0.49090367440317484	0.1419774036674381	Seismic_Amplification	Seismic_Amplification	Seismic_Amplification:canonical	Seismic_Amplification:canonical	True	False	True	False	False	True	partial_class	True	1	train
SKBR3:chr17:67753703-83257441:15	SKBR3:chr17:67753703-83257441:15	SKBR3	chr17	q	67753703	83257441	candidate_region_label	Seismic_Amplification	region	candidate_region	13	18	18	candidate_region_with_context	68253907	83257441	sv_attention	0.9997	0.9677	mixed_HP	-0.2807	0.3	161.0	323.0	2.4851	3.522	C10	Seismic_Amplification	Seismic_Amplification:noncanonical	chromosome_arm	25150000	83250001	402	402	8	13	12	15503739	8.385074077936942e-07	6.005218741104969	264204.0	500206.0	2075381.0	False	0.4615384615384615	0.1666666666666666	0	0	1	1	1	4	1	2	1	2	0	0	11	0					2	3	0.0	4	2	0	4	sample_residual	coords	1	0	Seismic_Amplification:noncanonical	Seismic_Amplification	2.8839352130889893	0.9470465596094326	Seismic_Amplification	0.4860838550043875	-0.05567895993590355	-1.9184110164642334	0.1280388634204862	-0.05567895993590355	0.4860838550043875	-2.7575418949127197	0.059662122772724965	-3.2033872604370117	0.03903845298011632	SKBR3:C10	1	max	0.7900000214576721	min_delta	0.30000001192092896	0.20000000298023224	type_confidence	0.9800000190734863	0.10000000149011612	0.30000001192092896	0.6399999856948853	0.8399999886751175	0.20999999344348907	0.4099999964237213	0.23000000417232513	0.4300000071525574	0.11999999731779099	0.3200000002980232	Seismic_Amplification	objectness_type_threshold	False	Seismic_Amplification	0.4860838550043875	0.3580449915839013	Seismic_Amplification	Seismic_Amplification	Seismic_Amplification:noncanonical	Seismic_Amplification:noncanonical	True	True	True	True	False	False	exact	True	1	train
SKBR3:chr18:47315093-56791383:16		SKBR3	chr18	q	47315093	56791383	candidate_region_empty		empty_candidate_region	candidate_region	4	5	5	candidate_region_with_context	51458064	56212928	sv_attention	0.8536	0.5018	HP1	0.4228	0.2304	53.0	10.0	0.8235	1.0	C11			chromosome_arm	18540000	80350001	402	402	8	4	4	9476291	4.221060750456059e-07	1.823536866902884	1959378.0	2666659.0	3076353.75	False	0.75	0.3333333333333333	0	1	2	1	0	0	0	0	0	0	0	0	5	0					2	0	0.0	0	3	0	0	sample_residual	coords	0	1			-0.9893535375595093	0.2710397849955392	chromothripsis	0.34339197722565284	-0.6482146382331848	-2.9414055347442627	0.05014428545627379	-2.2097558975219727	0.0988778208228958	-0.6482146382331848	0.34339197722565284	-3.9041969776153564	0.01975885276894423	SKBR3:C11	1	max	0.7900000214576721	min_delta	0.30000001192092896	0.20000000298023224	type_confidence	0.9800000190734863	0.10000000149011612	0.30000001192092896	0.6399999856948853	0.8399999886751175	0.20999999344348907	0.4099999964237213	0.23000000417232513	0.4300000071525574	0.11999999731779099	0.3200000002980232	none	none_objectness	False	chromothripsis	0.34339197722565284	0.24451415640275703		none		none	False	False	False	False	False	False	background	True	0	train
SKBR3:chr19:52741290-58617616:17	SKBR3:chr19:52741290-58617616:17	SKBR3	chr19	q	52741290	58617616	candidate_region_label	chromothripsis	region	candidate_region	6	6	6	candidate_region_with_context	53991152	58549277	sv_attention	0.8654	0.7757	HP1	0.4666	0.2888	24.0	9.0	2.9268	1.0	C12	chromothripsis	chromothripsis:noncanonicalB	chromosome_arm	26260000	58600001	402	402	8	6	4	5876327	1.0210459697018223e-06	3.921026859124756	79901.5	181266.5	725961.75	True	0.8333333333333334	0.8	0	0	1	3	2	0	0	0	0	0	0	0	5	0					2	0	0.0	1	2	0	1	sample_residual	coords	1	0	chromothripsis:noncanonicalB	chromothripsis	4.1158928871154785	0.9839504209241607	chromothripsis	0.37366265920418223	-0.5165356993675232	-4.8930134773254395	0.007442977622540953	-3.1875884532928467	0.039635472033374156	-0.5165356993675232	0.37366265920418223	-3.1659374237060547	0.04046787199773874	SKBR3:C12	1	max	0.7900000214576721	min_delta	0.30000001192092896	0.20000000298023224	type_confidence	0.9800000190734863	0.10000000149011612	0.30000001192092896	0.6399999856948853	0.8399999886751175	0.20999999344348907	0.4099999964237213	0.23000000417232513	0.4300000071525574	0.11999999731779099	0.3200000002980232	chromothripsis	objectness_type_threshold	False	chromothripsis	0.37366265920418223	0.33319478720644347	chromothripsis	chromothripsis	chromothripsis:noncanonical	chromothripsis:noncanonical	True	False	True	True	True	False	wrong_level	True	1	train
SKBR3:chr20:9564034-58962673:18	SKBR3:chr20:9564034-58962673:18	SKBR3	chr20	mixed	9564034	58962673	candidate_region_label	Seismic_Amplification;BFB	region	candidate_region	55	132	132	candidate_region_with_context	14443096	58962673	sv_attention	1.0	0.9012	mixed_HP	-0.3052	0.5002	268.0	778.0	3.9432	3.5007	C13	Seismic_Amplification;BFB	Seismic_Amplification:canonical;BFB:noncanonicalB	chromosome	0	64400001	402	402	8	54	41	49398640	1.1133909759458965e-06	7.443901107398908	107848.0	380533.0	961066.5	False	0.3272727272727272	0.0185185185185185	0	0	0	2	2	2	6	10	15	18	0	0	57	0	22.0	22.0			21	14	1.0	0	18	3	0	sample_residual	coords	1	0	Seismic_Amplification:canonical;BFB:noncanonicalB	Seismic_Amplification;BFB	7.4021477699279785	0.9993904304620098	Seismic_Amplification	0.9940515678491302	5.118661403656006	-4.583602428436279	0.010114668342233476	5.118661403656006	0.9940515678491302	-2.0535013675689697	0.11369906538238601	-1.4497545957565308	0.19003933683987584	SKBR3:C13	1	max	0.7900000214576721	min_delta	0.30000001192092896	0.20000000298023224	type_confidence	0.9800000190734863	0.10000000149011612	0.30000001192092896	0.6399999856948853	0.8399999886751175	0.20999999344348907	0.4099999964237213	0.23000000417232513	0.4300000071525574	0.11999999731779099	0.3200000002980232	Seismic_Amplification	objectness_type_threshold	False	Seismic_Amplification	0.9940515678491302	0.8040122310092543	Seismic_Amplification	Seismic_Amplification	Seismic_Amplification:canonical	Seismic_Amplification:canonical	True	False	True	False	False	True	partial_class	True	1	train
SKBR3:chr22:46498609-50818468:19		SKBR3	chr22	q	46498609	50818468	candidate_region_empty		empty_candidate_region	candidate_region	6	4	4	candidate_region_with_context	47180615	47862623	sv_attention	0.4589	0.1579	mixed_HP	-0.2429	0.3	19.0	44.0	1.8704	1.6423	C14			chromosome_arm	15050000	50800001	402	402	8	6	5	4319860	1.388933900635669e-06	3.5062559897774466	168166.75	490521.5	906843.75	False	0.5	0.0	0	1	1	1	2	0	1	0	0	0	0	0	5	0					2	2	0.0	0	0	1	0	sample_residual	coords	0	1			-1.8615257740020752	0.13452530967369442	chromothripsis	0.2835740947886183	-0.9268013834953308	-3.7873735427856445	0.02215314612947946	-1.1297813653945923	0.24420145140401775	-0.9268013834953308	0.2835740947886183	-4.433282375335693	0.01173607483637818	SKBR3:C14	1	max	0.7900000214576721	min_delta	0.30000001192092896	0.20000000298023224	type_confidence	0.9800000190734863	0.10000000149011612	0.30000001192092896	0.6399999856948853	0.8399999886751175	0.20999999344348907	0.4099999964237213	0.23000000417232513	0.4300000071525574	0.11999999731779099	0.3200000002980232	none	none_objectness	False	chromothripsis	0.2835740947886183	0.03937264338460053		none		none	False	False	False	False	False	False	background	True	0	train
SNU1000:chr2:189545608-197927733:1	SNU1000:chr2:189545608-197927733:1	SNU1000	chr2	q	189545608	197927733	candidate_region_label	BFB	region	candidate_region	4	5	5	candidate_region_with_context	194547462	194557219	sv_attention	0.7774	0.0012	mixed_HP	-0.2864	0.3	14.0	29.0	2.0247	2.8054	C1	BFB	BFB:noncanonical	chromosome_arm	93989000	242150001	402	402	8	4	3	8382126	4.772059021780393e-07	4.830087975294096	157777.5	1788816.0	3726570.0	True	0.75	0.6666666666666666	0	0	0	0	1	2	1	0	0	0	0	0	5	1	5.0	5.0	5.0	5.0	0	2	1.0	0	1	1	0	sample_residual	coords	1	0	BFB:noncanonical	BFB	5.35474157333374	0.9952965365288572	chromothripsis	0.2293848697052421	-1.2117878198623657	-3.7436740398406982	0.023119813351735154	-2.72859263420105	0.061307104684971254	-1.2117878198623657	0.2293848697052421	-1.3130463361740112	0.21197752833243677	SNU1000:C1	1	max	0.7900000214576721	min_delta	0.30000001192092896	0.20000000298023224	type_confidence	0.9800000190734863	0.10000000149011612	0.30000001192092896	0.6399999856948853	0.8399999886751175	0.20999999344348907	0.4099999964237213	0.23000000417232513	0.4300000071525574	0.11999999731779099	0.3200000002980232	BFB	objectness_type_threshold	False	chromothripsis	0.2293848697052421	0.017407341372805335	BFB	BFB	BFB:noncanonicalB	BFB:noncanonicalB	True	False	True	True	True	False	wrong_level	True	1	train
SNU1000:chr3:0-10257984:2		SNU1000	chr3	p	0	10257984	candidate_region_empty		empty_candidate_region	candidate_region	8	8	8	candidate_region_with_context	3842167	6163195	sv_attention	0.7903	0.2263	HP2	-0.2645	0.0193	10.0	73.0	3.0411	0.4854	C2			chromosome_arm	0	90951000	402	402	8	8	7	10257985	7.798802591347131e-07	3.5265007698880435	222257.5	790977.5	2257319.5	False	0.75	0.4285714285714285	0	0	0	3	3	2	0	0	0	0	0	0	8	0					0	2	0.0	1	5	0	1	sample_residual	coords	0	1			-0.7076704502105713	0.33011378971773664	chromothripsis	0.48079694892502706	-0.07685000449419022	-2.3054709434509277	0.09067087227167081	-2.3500401973724365	0.08706257739214548	-0.07685000449419022	0.48079694892502706	-3.987295627593994	0.018211983085832956	SNU1000:C2	1	max	0.7900000214576721	min_delta	0.30000001192092896	0.20000000298023224	type_confidence	0.9800000190734863	0.10000000149011612	0.30000001192092896	0.6399999856948853	0.8399999886751175	0.20999999344348907	0.4099999964237213	0.23000000417232513	0.4300000071525574	0.11999999731779099	0.3200000002980232	none	none_objectness	False	chromothripsis	0.48079694892502706	0.39012607665335625		none		none	False	False	False	False	False	False	background	True	0	train
SNU1000:chr6:63000001-65279176:3	SNU1000:chr6:63000001-65279176:3	SNU1000	chr6	q	63000001	65279176	candidate_region_label	Seismic_Amplification;BFB	region	candidate_region	3	4	4	candidate_region_with_context	63873674	63905828	sv_attention	0.6319	0.0141	HP2	-0.5183	0.3578	0.0	90.0	5.2078	2.0	C3	Seismic_Amplification;BFB	Seismic_Amplification:canonical;BFB:noncanonical	chromosome_arm	60589000	170800001	402	402	8	3	3	2279176	1.3162651765374857e-06	7.207781233217619	436837.5	502698.0	954099.5	False	0.6666666666666666	0.5	0	0	0	0	0	0	1	0	2	0	0	0	3	2	2.0	3.0	2.0	3.0	0	0	2.0	0	0	1	0	sample_residual	coords	1	0	Seismic_Amplification:canonical;BFB:noncanonical	Seismic_Amplification;BFB	5.7033514976501465	0.9966763134978445	Seismic_Amplification	0.5596285733326456	0.2396547794342041	-3.410057544708252	0.031982615873027156	0.2396547794342041	0.5596285733326456	-4.550968170166016	0.010446692969934553	-1.0777219533920288	0.25393735785615107	SNU1000:C3	1	max	0.7900000214576721	min_delta	0.30000001192092896	0.20000000298023224	type_confidence	0.9800000190734863	0.10000000149011612	0.30000001192092896	0.6399999856948853	0.8399999886751175	0.20999999344348907	0.4099999964237213	0.23000000417232513	0.4300000071525574	0.11999999731779099	0.3200000002980232	Seismic_Amplification	objectness_type_threshold	False	Seismic_Amplification	0.5596285733326456	0.3056912154764945	Seismic_Amplification	Seismic_Amplification	Seismic_Amplification:canonical	Seismic_Amplification:canonical	True	False	True	False	False	True	partial_class	True	1	train
SNU1000:chr11:100077105-102913626:4	SNU1000:chr11:100077105-102913626:4	SNU1000	chr11	q	100077105	102913626	candidate_region_label	ecDNA;Seismic_Amplification;BFB	region	candidate_region	6	9	9	candidate_region_with_context	100309454	102913626	sv_attention	0.9588	0.9181	HP2	-0.3333	0.1111	0.0	594.0	26.6214	0.0	C4	ecDNA;Seismic_Amplification;BFB	ecDNA;Seismic_Amplification:noncanonical;BFB:noncanonical	chromosome_arm	53714000	135050001	402	402	8	6	5	2836522	2.115266513004306e-06	26.62138562648201	233620.25	278654.0	353876.75	False	0.3333333333333333	0.2	0	0	0	1	0	0	0	0	0	1	2	2	7	3	1.0	7.0	5.0	7.0	0	0	5.0	1	0	1	1	sample_residual	coords	1	0	ecDNA;Seismic_Amplification:noncanonical;BFB:noncanonical	ecDNA;Seismic_Amplification;BFB	5.396302223205566	0.9954871450171543	ecDNA	0.8364307745658651	1.6319074630737305	1.6319074630737305	0.8364307745658651	1.2012287378311157	0.7687432970029141	-5.39792537689209	0.0045055688440542654	-0.5527145266532898	0.3652348476769739	SNU1000:C4	1	max	0.7900000214576721	min_delta	0.30000001192092896	0.20000000298023224	type_confidence	0.9800000190734863	0.10000000149011612	0.30000001192092896	0.6399999856948853	0.8399999886751175	0.20999999344348907	0.4099999964237213	0.23000000417232513	0.4300000071525574	0.11999999731779099	0.3200000002980232	ecDNA	objectness_type_threshold	False	ecDNA	0.8364307745658651	0.06768747756295102	ecDNA;Seismic_Amplification;BFB	ecDNA;Seismic_Amplification;BFB	ecDNA;Seismic_Amplification:canonical;BFB:canonical	ecDNA;Seismic_Amplification:canonical;BFB:canonical	True	False	True	True	True	False	wrong_level	True	3	train
SNU1000:chr16:46000001-57779990:5	SNU1000:chr16:46000001-57779990:5	SNU1000	chr16	q	46000001	57779990	candidate_region_label	chromothripsis	region	candidate_region	4	4	4	candidate_region_with_context	50824942	56215604	sv_attention	0.7739	0.4576	mixed_HP	0.0768	0.9194	16.0	15.0	2.0	1.4311	C5	chromothripsis	chromothripsis:noncanonicalB	chromosome_arm	36800000	90300001	402	402	8	4	4	11779990	3.395588621042972e-07	3.4311040162173314	2226169.5	3350794.5	4069622.5	True	1.0	1.0	0	0	0	2	2	0	0	0	0	0	0	0	4	0					2	0	0.0	1	0	1	1	sample_residual	coords	1	0	chromothripsis:noncanonicalB	chromothripsis	2.7618229389190674	0.9405776024557467	chromothripsis	0.45669847347067133	-0.17364108562469482	-3.446413516998291	0.030875996127828566	-3.518436908721924	0.028792172756183287	-0.17364108562469482	0.45669847347067133	-3.1991233825683594	0.03919872479129266	SNU1000:C5	1	max	0.7900000214576721	min_delta	0.30000001192092896	0.20000000298023224	type_confidence	0.9800000190734863	0.10000000149011612	0.30000001192092896	0.6399999856948853	0.8399999886751175	0.20999999344348907	0.4099999964237213	0.23000000417232513	0.4300000071525574	0.11999999731779099	0.3200000002980232	chromothripsis	objectness_type_threshold	False	chromothripsis	0.45669847347067133	0.41749974867937867	chromothripsis	chromothripsis	chromothripsis:noncanonical	chromothripsis:noncanonical	True	False	True	True	True	False	wrong_level	True	1	train
SNU1000:chr19:0-7902715:6	SNU1000:chr19:0-7902715:6	SNU1000	chr19	p	0	7902715	candidate_region_label	chromothripsis	region	candidate_region	4	7	7	candidate_region_with_context	5881828	6076645	sv_attention	0.8061	0.0247	mixed_HP	0.5733	0.3	17.0	8.0	1.6716	0.0	C6	chromothripsis	chromothripsis:noncanonicalB	chromosome_arm	0	26260000	402	402	8	4	4	7902716	5.061550990823914e-07	1.671621250213218	1418256.5	2113169.0	2670591.5	True	1.0	1.0	0	2	2	0	0	0	0	0	0	0	0	0	5	0					0	1	0.0	3	1	0	3	sample_residual	coords	1	0	chromothripsis:noncanonicalB	chromothripsis	3.1645872592926025	0.9594796682762006	chromothripsis	0.3445849468138073	-0.6429280638694763	-4.024907112121582	0.01755152408221501	-3.4320266246795654	0.03130940806848733	-0.6429280638694763	0.3445849468138073	-3.266493082046509	0.03673873316395397	SNU1000:C6	1	max	0.7900000214576721	min_delta	0.30000001192092896	0.20000000298023224	type_confidence	0.9800000190734863	0.10000000149011612	0.30000001192092896	0.6399999856948853	0.8399999886751175	0.20999999344348907	0.4099999964237213	0.23000000417232513	0.4300000071525574	0.11999999731779099	0.3200000002980232	chromothripsis	objectness_type_threshold	False	chromothripsis	0.3445849468138073	0.3078462136498533	chromothripsis	chromothripsis	chromothripsis:noncanonical	chromothripsis:noncanonical	True	False	True	True	True	False	wrong_level	True	1	train
SNU1005:chr1:164651675-169240920:1	SNU1005:chr1:164651675-169240920:1	SNU1005	chr1	q	164651675	169240920	candidate_region_label	BFB	region	candidate_region	1	2	2	candidate_region_with_context	169240919	169240920	sv_attention	0.5822	0.0	mixed_HP	-0.1515	0.3182	14.0	8.0	0.0	2.0	C1	BFB	BFB:canonical	chromosome_arm	123459000	248950001	402	402	8	1	1	4589246	2.1790071833150805e-07	2.0	4589246.0	4589246.0	4589246.0	False	0.0	0.0	0	0	1	0	0	0	0	0	0	0	0	0	2	1	1.0	2.0	1.0	1.0	0	0	2.0	0	0	0	0	sample_residual	coords	1	0	BFB:canonical	BFB	4.584455966949463	0.9898938740218048	BFB	0.34338293263805775	-0.6482547521591187	-4.484395980834961	0.011157799757794983	-3.5829389095306396	0.02704228398156784	-2.582318067550659	0.0702851055475771	-0.6482547521591187	0.34338293263805775	SNU1005:C1	1	max	0.7900000214576721	min_delta	0.30000001192092896	0.20000000298023224	type_confidence	0.9800000190734863	0.10000000149011612	0.30000001192092896	0.6399999856948853	0.8399999886751175	0.20999999344348907	0.4099999964237213	0.23000000417232513	0.4300000071525574	0.11999999731779099	0.3200000002980232	BFB	objectness_type_threshold	False	BFB	0.34338293263805775	0.27309782709048064	BFB	BFB	BFB:canonical	BFB:canonical	True	True	True	True	False	False	exact	True	1	train
SNU1005:chr3:162515130-188635593:2		SNU1005	chr3	q	162515130	188635593	candidate_region_empty		empty_candidate_region	candidate_region	14	19	19	candidate_region_with_context	175523892	187886378	sv_attention	0.9998	0.4733	mixed_HP	-0.1748	1.0	69.0	124.0	8.5968	7.8489	C2			chromosome_arm	90951000	198250001	402	402	8	14	14	26120464	5.359782276455732e-07	16.44568297102226	869376.5	1270803.0	2349153.5	False	0.5	0.1538461538461538	0	0	0	0	0	0	0	0	0	14	0	0	15	0					4	2	0.0	3	5	1	3	sample_residual	coords	0	1			0.1442367136478424	0.5359967929115101	Seismic_Amplification	0.4626141915384469	-0.14982286095619202	-2.738252639770508	0.060753535639508326	-0.14982286095619202	0.4626141915384469	-1.34037446975708	0.2074484838899904	-3.5997142791748047	0.026604391773525242	SNU1005:C2	1	max	0.7900000214576721	min_delta	0.30000001192092896	0.20000000298023224	type_confidence	0.9800000190734863	0.10000000149011612	0.30000001192092896	0.6399999856948853	0.8399999886751175	0.20999999344348907	0.4099999964237213	0.23000000417232513	0.4300000071525574	0.11999999731779099	0.3200000002980232	none	none_objectness	False	Seismic_Amplification	0.4626141915384469	0.2551657076484565		none		none	False	False	False	False	False	False	background	True	0	train
SNU1005:chr5:11163896-18765239:3	SNU1005:chr5:11163896-18765239:3	SNU1005	chr5	p	11163896	18765239	candidate_region_label	Seismic_Amplification	region	candidate_region	11	17	17	candidate_region_with_context	12991651	18765239	sv_attention	0.9851	0.7595	mixed_HP	-0.2432	1.0	35.0	70.0	6.4395	7.3055	C3	Seismic_Amplification	Seismic_Amplification:canonical	chromosome_arm	0	48464000	402	402	8	11	11	7601344	1.4471125106296993e-06	13.745016144513391	224024.5	311078.0	805433.0	False	0.5454545454545454	0.3	0	0	0	0	0	0	0	0	1	10	0	0	12	0					1	2	0.0	0	9	0	0	sample_residual	coords	1	0	Seismic_Amplification:canonical	Seismic_Amplification	2.366469621658325	0.9142344487426187	Seismic_Amplification	0.6888510722771893	0.7947534322738647	-3.1721696853637695	0.04022656375532948	0.7947534322738647	0.6888510722771893	-2.9894371032714844	0.047905357281425504	-2.6362462043762207	0.06684179434318381	SNU1005:C3	1	max	0.7900000214576721	min_delta	0.30000001192092896	0.20000000298023224	type_confidence	0.9800000190734863	0.10000000149011612	0.30000001192092896	0.6399999856948853	0.8399999886751175	0.20999999344348907	0.4099999964237213	0.23000000417232513	0.4300000071525574	0.11999999731779099	0.3200000002980232	Seismic_Amplification	objectness_type_threshold	False	Seismic_Amplification	0.6888510722771893	0.6220092779340055	Seismic_Amplification	Seismic_Amplification	Seismic_Amplification:canonical	Seismic_Amplification:canonical	True	True	True	True	False	False	exact	True	1	train
SNU1005:chr5:52275188-56218111:4	SNU1005:chr5:52275188-56218111:4	SNU1005	chr5	q	52275188	56218111	candidate_region_label	Seismic_Amplification;BFB	region	candidate_region	8	11	11	candidate_region_with_context	54536225	55137578	sv_attention	0.792	0.1525	HP1	1.0	1.0	216.0	0.0	13.9917	0.0	C4	Seismic_Amplification;BFB	Seismic_Amplification:canonical;BFB:noncanonical	chromosome_arm	48464000	181500001	402	402	8	8	7	3942924	2.0289511032928864e-06	13.991709959410834	123364.25	234682.0	500920.5	False	0.25	0.1428571428571428	0	0	0	0	1	0	0	0	0	3	4	0	9	2	2.0	9.0	5.0	9.0	1	0	5.0	0	3	0	0	sample_residual	coords	1	0	Seismic_Amplification:canonical;BFB:noncanonical	Seismic_Amplification;BFB	6.293565273284912	0.9981552503957164	Seismic_Amplification	0.6883155444298704	0.7922560572624207	-0.4642927944660187	0.3859679490724924	0.7922560572624207	0.6883155444298704	-4.946571350097656	0.00705757376186034	-1.0298727750778198	0.2631087701148782	SNU1005:C4	1	max	0.7900000214576721	min_delta	0.30000001192092896	0.20000000298023224	type_confidence	0.9800000190734863	0.10000000149011612	0.30000001192092896	0.6399999856948853	0.8399999886751175	0.20999999344348907	0.4099999964237213	0.23000000417232513	0.4300000071525574	0.11999999731779099	0.3200000002980232	Seismic_Amplification	objectness_type_threshold	False	Seismic_Amplification	0.6883155444298704	0.30234759535737804	Seismic_Amplification	Seismic_Amplification	Seismic_Amplification:canonical	Seismic_Amplification:canonical	True	False	True	False	False	True	partial_class	True	1	train
SNU1005:chr6:51101197-57999999:5	SNU1005:chr6:51101197-57999999:5	SNU1005	chr6	p	51101197	57999999	candidate_region_label	Seismic_Amplification	region	candidate_region	7	7	7	candidate_region_with_context	51227338	57999999	sv_attention	0.7064	0.9817	HP1	0.8426	0.7901	146.0	0.0	4.1016	1.2682	C5	Seismic_Amplification	Seismic_Amplification:noncanonical	chromosome_arm	0	60589000	402	402	8	7	7	6898803	1.0146687765979113e-06	5.36985111765041	147844.0	495130.0	1005329.5	False	0.2857142857142857	0.1666666666666666	0	0	1	1	0	0	0	0	1	4	0	0	7	0					4	0	0.0	1	2	0	1	sample_residual	coords	1	0	Seismic_Amplification:noncanonical	Seismic_Amplification	3.3816301822662354	0.967125474363318	Seismic_Amplification	0.48192429342073567	-0.07233434915542603	-2.7539210319519043	0.05986558661315723	-0.07233434915542603	0.48192429342073567	-2.8685591220855713	0.05372986342370408	-2.416553020477295	0.08191912389514568	SNU1005:C5	1	max	0.7900000214576721	min_delta	0.30000001192092896	0.20000000298023224	type_confidence	0.9800000190734863	0.10000000149011612	0.30000001192092896	0.6399999856948853	0.8399999886751175	0.20999999344348907	0.4099999964237213	0.23000000417232513	0.4300000071525574	0.11999999731779099	0.3200000002980232	Seismic_Amplification	objectness_type_threshold	False	Seismic_Amplification	0.48192429342073567	0.40000516952559	Seismic_Amplification	Seismic_Amplification	Seismic_Amplification:noncanonical	Seismic_Amplification:noncanonical	True	True	True	True	False	False	exact	True	1	train
SNU1005:chrX:97585206-100505594:6	SNU1005:chrX:97585206-100505594:6	SNU1005	chrX	q	97585206	100505594	candidate_region_label	Seismic_Amplification;BFB	region	candidate_region	5	8	8	candidate_region_with_context	98265833	100505594	sv_attention	0.9505	0.7669	mixed_HP	-0.2441	0.9775	20.0	38.0	4.9325	6.1716	C6	Seismic_Amplification;BFB	Seismic_Amplification:noncanonical;BFB:noncanonicalB	chromosome_arm	61090000	156000001	402	402	8	5	4	2920389	1.712100682477574e-06	11.104120033324328	122826.0	582037.0	761948.0	False	0.4	0.25	0	0	0	0	0	0	1	0	2	2	0	0	6	2	4.0	6.0	4.0	6.0	0	1	2.0	3	0	0	3	sample_residual	coords	1	0	Seismic_Amplification:noncanonical;BFB:noncanonicalB	Seismic_Amplification;BFB	5.346355438232422	0.9952571146590172	Seismic_Amplification	0.5944529238106926	0.3824045658111572	-1.8678042888641357	0.1337959890938353	0.3824045658111572	0.5944529238106926	-3.6748952865600586	0.024725224702873142	-0.9890246987342834	0.27110476094795677	SNU1005:C6	2	max	0.7900000214576721	min_delta	0.30000001192092896	0.20000000298023224	type_confidence	0.9800000190734863	0.10000000149011612	0.30000001192092896	0.6399999856948853	0.8399999886751175	0.20999999344348907	0.4099999964237213	0.23000000417232513	0.4300000071525574	0.11999999731779099	0.3200000002980232	Seismic_Amplification	objectness_type_threshold	False	Seismic_Amplification	0.5944529238106926	0.3233481628627358	Seismic_Amplification	Seismic_Amplification	Seismic_Amplification:canonical	Seismic_Amplification:canonical	True	False	True	False	False	True	partial_class	True	1	train
SNU1005:chrX:115725836-120929381:7	SNU1005:chrX:115725836-120929381:7	SNU1005	chrX	q	115725836	120929381	candidate_region_label	Seismic_Amplification;BFB	region	candidate_region	5	5	5	candidate_region_with_context	116252155	120929381	sv_attention	0.7769	0.8989	HP2	-0.5145	0.3527	0.0	48.0	3.6799	1.3736	C6	Seismic_Amplification;BFB	Seismic_Amplification:noncanonical;BFB:noncanonicalB	chromosome_arm	61090000	156000001	402	402	8	5	4	5203546	9.608832131012198e-07	5.053501785128833	113114.0	413207.0	1191299.0	False	0.4	0.25	1	1	1	0	1	0	0	0	1	0	0	0	7	0	4.0	4.0			4	1	1.0	0	0	1	0	sample_residual	coords	1	0	Seismic_Amplification:noncanonical;BFB:noncanonicalB	Seismic_Amplification;BFB	5.346355438232422	0.9952571146590172	Seismic_Amplification	0.5944529238106926	0.3824045658111572	-1.8678042888641357	0.1337959890938353	0.3824045658111572	0.5944529238106926	-3.6748952865600586	0.024725224702873142	-0.9890246987342834	0.27110476094795677	SNU1005:C6	2	max	0.7900000214576721	min_delta	0.30000001192092896	0.20000000298023224	type_confidence	0.9800000190734863	0.10000000149011612	0.30000001192092896	0.6399999856948853	0.8399999886751175	0.20999999344348907	0.4099999964237213	0.23000000417232513	0.4300000071525574	0.11999999731779099	0.3200000002980232	Seismic_Amplification	objectness_type_threshold	False	Seismic_Amplification	0.5944529238106926	0.3233481628627358	Seismic_Amplification	Seismic_Amplification	Seismic_Amplification:canonical	Seismic_Amplification:canonical	True	False	True	False	False	True	partial_class	True	1	train
SNU1299:chr11:99700441-104484500:1	SNU1299:chr11:99700441-104484500:1	SNU1299	chr11	q	99700441	104484500	candidate_region_label	Seismic_Amplification;BFB	region	candidate_region	5	7	7	candidate_region_with_context	103612582	103884684	sv_attention	0.7595	0.0569	mixed_HP	-0.4053	0.867	37.0	169.0	5.2469	4.6011	C1	Seismic_Amplification;BFB	Seismic_Amplification:noncanonical;BFB:noncanonical	chromosome_arm	53714000	135050001	402	402	8	5	4	4784060	1.045137393761784e-06	9.848014866034289	215980.0	235416.0	618158.0	False	0.4	0.25	0	0	0	0	0	0	1	0	2	1	1	0	6	3	1.0	6.0	4.0	6.0	0	0	5.0	1	0	0	1	sample_residual	coords	1	0	Seismic_Amplification:noncanonical;BFB:noncanonical	Seismic_Amplification;BFB	5.117368221282959	0.9940439163117984	Seismic_Amplification	0.6072469157520866	0.43575435876846313	-1.0348358154296875	0.2621476551758779	0.43575435876846313	0.6072469157520866	-4.535439491271973	0.01060844804353409	-0.7688433527946472	0.3167293653758183	SNU1299:C1	1	max	0.7900000214576721	min_delta	0.30000001192092896	0.20000000298023224	type_confidence	0.9800000190734863	0.10000000149011612	0.30000001192092896	0.6399999856948853	0.8399999886751175	0.20999999344348907	0.4099999964237213	0.23000000417232513	0.4300000071525574	0.11999999731779099	0.3200000002980232	Seismic_Amplification	objectness_type_threshold	False	Seismic_Amplification	0.6072469157520866	0.29051755037626825	Seismic_Amplification	Seismic_Amplification	Seismic_Amplification:canonical	Seismic_Amplification:canonical	True	False	True	False	False	True	partial_class	True	1	train
SNU1299:chr12:101817157-106306116:2	SNU1299:chr12:101817157-106306116:2	SNU1299	chr12	q	101817157	106306116	candidate_region_label	BFB	region	candidate_region	2	6	6	candidate_region_with_context	101829876	101882609	sv_attention	0.8742	0.0117	mixed_HP	-0.1296	0.3333	52.0	77.0	3.0	3.0081	C2	BFB	BFB:noncanonicalB	chromosome_arm	35807000	133250001	402	402	8	2	1	4488960	4.455374964357e-07	6.008125712859994	1140478.0	2244480.0	3348482.0	False	0.0	0.0	0	0	0	0	0	0	1	1	0	0	0	0	3	0	2.0	2.0			0	0	1.0	1	1	0	1	sample_residual	coords	1	0	BFB:noncanonicalB	BFB	4.992076396942139	0.9932542660827728	BFB	0.35069873887811776	-0.6159692406654358	-3.9258036613464355	0.019344678756410157	-3.105848550796509	0.042866651571793604	-3.0185744762420654	0.04659375933001767	-0.6159692406654358	0.35069873887811776	SNU1299:C2	1	max	0.7900000214576721	min_delta	0.30000001192092896	0.20000000298023224	type_confidence	0.9800000190734863	0.10000000149011612	0.30000001192092896	0.6399999856948853	0.8399999886751175	0.20999999344348907	0.4099999964237213	0.23000000417232513	0.4300000071525574	0.11999999731779099	0.3200000002980232	BFB	objectness_type_threshold	False	BFB	0.35069873887811776	0.30410497954810006	BFB	BFB	BFB:canonical	BFB:canonical	True	False	True	True	True	False	wrong_level	True	1	train
SNU1299:chr16:51419845-53976563:3	SNU1299:chr16:51419845-53976563:3	SNU1299	chr16	q	51419845	53976563	candidate_region_label	BFB	region	candidate_region	2	6	6	candidate_region_with_context	51431416	51491484	sv_attention	0.8647	0.0235	HP2	-0.3139	0.0852	8.0	24.0	2.2479	2.0	C3	BFB	BFB:noncanonicalB	chromosome_arm	36800000	90300001	402	402	8	2	1	2556719	7.822525666684528e-07	4.247877455441916	674388.25	1278359.5	1882330.75	False	0.0	0.0	0	0	0	0	1	0	0	0	0	1	0	0	3	0	1.0	1.0			0	0	1.0	0	2	0	0	sample_residual	coords	1	0	BFB:noncanonicalB	BFB	4.300212860107422	0.9866158932753478	BFB	0.24087853579417592	-1.1478689908981323	-5.531527519226074	0.0039443163504122684	-2.3415420055389404	0.08774041108594499	-3.1283419132232666	0.041953200162288706	-1.1478689908981323	0.24087853579417592	SNU1299:C3	1	max	0.7900000214576721	min_delta	0.30000001192092896	0.20000000298023224	type_confidence	0.9800000190734863	0.10000000149011612	0.30000001192092896	0.6399999856948853	0.8399999886751175	0.20999999344348907	0.4099999964237213	0.23000000417232513	0.4300000071525574	0.11999999731779099	0.3200000002980232	BFB	objectness_type_threshold	False	BFB	0.24087853579417592	0.15313812470823093	BFB	BFB	BFB:noncanonicalB	BFB:noncanonicalB	True	True	True	True	False	False	exact	True	1	train
SNU1299:chr18:27518532-39718769:4	SNU1299:chr18:27518532-39718769:4	SNU1299	chr18	q	27518532	39718769	candidate_region_label	chromothripsis	region	candidate_region	5	5	5	candidate_region_with_context	29347890	36436148	sv_attention	0.8435	0.581	mixed_HP	0.4742	0.3	50.0	22.0	2.581	0.5574	C4	chromothripsis	chromothripsis:noncanonicalB	chromosome_arm	18540000	80350001	402	402	8	5	5	12200238	4.0982807056714806e-07	3.1383536944115358	1829360.0	2117688.0	3282621.0	True	0.8	0.75	0	0	1	2	2	0	0	0	0	0	0	0	6	0					5	0	0.0	1	0	0	1	sample_residual	coords	1	0	chromothripsis:noncanonicalB	chromothripsis	2.8693649768829346	0.9463110938920626	chromothripsis	0.5164417313274114	0.06579064577817917	-2.6324872970581055	0.06707663440167226	-3.2659780979156494	0.03675696228522415	0.06579064577817917	0.5164417313274114	-2.9475841522216797	0.04985081554776899	SNU1299:C4	1	max	0.7900000214576721	min_delta	0.30000001192092896	0.20000000298023224	type_confidence	0.9800000190734863	0.10000000149011612	0.30000001192092896	0.6399999856948853	0.8399999886751175	0.20999999344348907	0.4099999964237213	0.23000000417232513	0.4300000071525574	0.11999999731779099	0.3200000002980232	chromothripsis	objectness_type_threshold	False	chromothripsis	0.5164417313274114	0.44936509692573917	chromothripsis	chromothripsis	chromothripsis:canonical	chromothripsis:canonical	True	False	True	True	True	False	wrong_level	True	1	train
SNU1299:chr20:32000001-42314643:5	SNU1299:chr20:32000001-42314643:5	SNU1299	chr20	q	32000001	42314643	candidate_region_label	Seismic_Amplification	region	candidate_region	7	17	17	candidate_region_with_context	33155138	33634643	sv_attention	0.9994	0.0465	mixed_HP	-0.5281	1.0	18.0	124.0	5.2958	6.3602	C5	Seismic_Amplification	Seismic_Amplification:noncanonical	chromosome_arm	28120000	64400001	402	402	8	7	5	10314643	6.786468518590513e-07	11.656057412748073	151194.0	1155139.0	2342259.5	False	0.4285714285714285	0.1666666666666666	0	0	0	0	0	1	0	0	0	6	0	0	7	0					0	2	0.0	3	2	0	3	sample_residual	coords	1	0	Seismic_Amplification:noncanonical	Seismic_Amplification	1.0850638151168823	0.7474510666604668	Seismic_Amplification	0.32112232286632764	-0.7486188411712646	-2.709700584411621	0.06240336764758229	-0.7486188411712646	0.32112232286632764	-2.1227517127990723	0.10690506261109016	-3.5162532329559326	0.028853298154041158	SNU1299:C5	1	max	0.7900000214576721	min_delta	0.30000001192092896	0.20000000298023224	type_confidence	0.9800000190734863	0.10000000149011612	0.30000001192092896	0.6399999856948853	0.8399999886751175	0.20999999344348907	0.4099999964237213	0.23000000417232513	0.4300000071525574	0.11999999731779099	0.3200000002980232	none	none_objectness	False	Seismic_Amplification	0.32112232286632764	0.21421726025523746		none		none	False	False	False	False	False	False	wrong	False	0	train
SNU682:chr2:170519254-174396706:1		SNU682	chr2	q	170519254	174396706	candidate_region_empty		empty_candidate_region	candidate_region	6	13	13	candidate_region_with_context	170925184	174396706	sv_attention	0.9959	0.8953	mixed_HP	-0.2028	0.3	32.0	72.0	2.5425	1.838	C1			chromosome_arm	93989000	242150001	402	402	8	6	5	3877453	1.5474075378863392e-06	4.380546456655955	206051.75	447238.0	914431.5	False	0.6666666666666666	0.4	0	0	0	2	2	2	0	0	0	0	0	0	8	0					2	0	0.0	1	5	0	1	sample_residual	coords	0	1			-1.8133317232131958	0.14023593876217058	chromothripsis	0.4003517813503516	-0.40399956703186035	-2.36946177482605	0.08553122766955353	-2.0728557109832764	0.1117632313504574	-0.40399956703186035	0.4003517813503516	-4.0958147048950195	0.01636975386310937	SNU682:C1	1	max	0.7900000214576721	min_delta	0.30000001192092896	0.20000000298023224	type_confidence	0.9800000190734863	0.10000000149011612	0.30000001192092896	0.6399999856948853	0.8399999886751175	0.20999999344348907	0.4099999964237213	0.23000000417232513	0.4300000071525574	0.11999999731779099	0.3200000002980232	none	none_objectness	False	chromothripsis	0.4003517813503516	0.2885885499998942		none		none	False	False	False	False	False	False	background	True	0	train
SNU682:chr4:52000001-64307744:2	SNU682:chr4:52000001-64307744:2	SNU682	chr4	q	52000001	64307744	candidate_region_label	chromothripsis	region	candidate_region	6	13	13	candidate_region_with_context	56368538	64307744	sv_attention	0.9959	0.6451	HP1	0.5336	0.3782	77.0	9.0	2.1576	2.075	C2	chromothripsis	chromothripsis:noncanonicalB	chromosome_arm	50494000	190200001	402	402	8	6	6	12307744	4.874979525085994e-07	4.23267399776921	1481753.75	1687227.5	2415115.25	True	0.8333333333333334	0.8	0	0	0	1	2	3	0	0	0	0	0	0	6	0					3	1	0.0	1	0	1	1	sample_residual	coords	1	0	chromothripsis:noncanonicalB	chromothripsis	4.108761310577393	0.9838374095777476	chromothripsis	0.4049167457815707	-0.38501983880996704	-3.4447855949401855	0.030924745119424318	-2.997931480407715	0.04751940951481478	-0.38501983880996704	0.4049167457815707	-2.9436402320861816	0.05003795412638084	SNU682:C2	1	max	0.7900000214576721	min_delta	0.30000001192092896	0.20000000298023224	type_confidence	0.9800000190734863	0.10000000149011612	0.30000001192092896	0.6399999856948853	0.8399999886751175	0.20999999344348907	0.4099999964237213	0.23000000417232513	0.4300000071525574	0.11999999731779099	0.3200000002980232	chromothripsis	objectness_type_threshold	False	chromothripsis	0.4049167457815707	0.3548787916551899	chromothripsis	chromothripsis	chromothripsis:noncanonical	chromothripsis:noncanonical	True	False	True	True	True	False	wrong_level	True	1	train
SNU682:chr11:32506388-40107226:3	SNU682:chr11:32506388-40107226:3	SNU682	chr11	p	32506388	40107226	candidate_region_label	BFB	region	candidate_region	3	6	6	candidate_region_with_context	32508435	37347804	sv_attention	0.8647	0.6367	mixed_HP	0.5374	0.2123	28.0	8.0	7.9349	2.6368	C3	BFB	BFB:noncanonical	chromosome_arm	0	53714000	402	402	8	3	3	7600839	3.9469327004558313e-07	10.571717411722574	1380429.5	2326345.0	3583162.5	False	0.6666666666666666	0.5	0	0	0	0	0	0	1	0	1	1	0	0	4	2	1.0	2.0	1.0	2.0	0	1	2.0	1	0	0	1	sample_residual	coords	1	0	BFB:noncanonical	BFB	4.7292962074279785	0.9912446480369996	BFB	0.28711330134269086	-0.909445583820343	-3.5141000747680664	0.028913692581423803	-1.4658888578414917	0.1875682917014058	-3.7501158714294434	0.022974768808528844	-0.909445583820343	0.28711330134269086	SNU682:C3	1	max	0.7900000214576721	min_delta	0.30000001192092896	0.20000000298023224	type_confidence	0.9800000190734863	0.10000000149011612	0.30000001192092896	0.6399999856948853	0.8399999886751175	0.20999999344348907	0.4099999964237213	0.23000000417232513	0.4300000071525574	0.11999999731779099	0.3200000002980232	BFB	objectness_type_threshold	False	BFB	0.28711330134269086	0.09954500964128507	BFB	BFB	BFB:canonical	BFB:canonical	True	False	True	True	True	False	wrong_level	True	1	train
SNU682:chr16:78258738-83740189:4	SNU682:chr16:78258738-83740189:4	SNU682	chr16	q	78258738	83740189	candidate_region_label	BFB	region	candidate_region	6	8	8	candidate_region_with_context	78391111	78753247	sv_attention	0.9504	0.0661	HP2	-0.4458	0.261	9.0	45.0	1.9736	1.9895	C4	BFB	BFB:noncanonicalB	chromosome_arm	36800000	90300001	402	402	8	6	4	5481452	1.0946004817701588e-06	3.963101017759528	82306.0	156357.5	225979.5	False	0.6666666666666666	0.4	0	0	0	2	2	2	0	0	0	0	0	0	7	0	4.0	4.0			4	0	1.0	2	0	0	2	sample_residual	coords	1	0	BFB:noncanonicalB	BFB	5.299543380737305	0.9950309411668521	BFB	0.255780627306207	-1.068015694618225	-2.786179780960083	0.05807557951639886	-2.5235371589660645	0.07422452208023794	-3.0812320709228516	0.04388808626871851	-1.068015694618225	0.255780627306207	SNU682:C4	1	max	0.7900000214576721	min_delta	0.30000001192092896	0.20000000298023224	type_confidence	0.9800000190734863	0.10000000149011612	0.30000001192092896	0.6399999856948853	0.8399999886751175	0.20999999344348907	0.4099999964237213	0.23000000417232513	0.4300000071525574	0.11999999731779099	0.3200000002980232	BFB	objectness_type_threshold	False	BFB	0.255780627306207	0.18155610522596904	BFB	BFB	BFB:noncanonicalB	BFB:noncanonicalB	True	True	True	True	False	False	exact	True	1	train
SNU682:chr22:19000001-25858892:5	SNU682:chr22:19000001-25858892:5	SNU682	chr22	q	19000001	25858892	candidate_region_label	BFB	region	candidate_region	5	8	8	candidate_region_with_context	20390218	23869485	sv_attention	0.9479	0.5073	HP1	0.396	0.1947	54.0	0.0	0.493	4.7521	C5	BFB	BFB:noncanonicalB	chromosome_arm	15050000	50800001	402	402	8	5	5	6858892	7.289807158357356e-07	5.245059260300351	234246.0	1390219.0	1990960.0	False	0.4	0.25	0	0	0	1	1	1	1	1	0	0	0	0	5	0	1.0	1.0			2	0	1.0	0	1	1	0	sample_residual	coords	1	0	BFB:noncanonicalB	BFB	5.794582843780518	0.9969652378306039	BFB	0.2500757763400464	-1.0982081890106201	-4.0099196434021	0.017811837390652206	-3.239732265472412	0.037697601776150294	-2.700462579727173	0.06294606580292986	-1.0982081890106201	0.2500757763400464	SNU682:C5	1	max	0.7900000214576721	min_delta	0.30000001192092896	0.20000000298023224	type_confidence	0.9800000190734863	0.10000000149011612	0.30000001192092896	0.6399999856948853	0.8399999886751175	0.20999999344348907	0.4099999964237213	0.23000000417232513	0.4300000071525574	0.11999999731779099	0.3200000002980232	BFB	objectness_type_threshold	False	BFB	0.2500757763400464	0.18712971053711655	BFB	BFB	BFB:noncanonicalB	BFB:noncanonicalB	True	True	True	True	False	False	exact	True	1	train
SNU703:chr8:34169414-42999999:1	SNU703:chr8:34169414-42999999:1	SNU703	chr8	p	34169414	42999999	candidate_region_label	BFB	region	candidate_region	12	18	18	candidate_region_with_context	35424586	41365743	sv_attention	0.9983	0.6728	mixed_HP	0.2271	0.3354	50.0	29.0	2.8355	2.0977	C1	BFB	BFB:noncanonicalB	chromosome_arm	0	45644000	402	402	8	12	10	8830586	1.3589132136870644e-06	4.933200809096928	233131.75	390069.5	1307985.25	False	0.5	0.3636363636363636	0	0	1	0	2	3	3	2	1	0	0	0	12	0	10.0	10.0			5	2	1.0	3	1	0	3	sample_residual	coords	1	0	BFB:noncanonicalB	BFB	5.773414611816406	0.9969005137635674	BFB	0.233003624725767	-1.1914280652999878	-2.4019410610198975	0.08302480059480981	-1.749690055847168	0.14808629531217904	-3.1524462699890137	0.04099499648517512	-1.1914280652999878	0.233003624725767	SNU703:C1	1	max	0.7900000214576721	min_delta	0.30000001192092896	0.20000000298023224	type_confidence	0.9800000190734863	0.10000000149011612	0.30000001192092896	0.6399999856948853	0.8399999886751175	0.20999999344348907	0.4099999964237213	0.23000000417232513	0.4300000071525574	0.11999999731779099	0.3200000002980232	BFB	objectness_type_threshold	False	BFB	0.233003624725767	0.08491732941358796	BFB	BFB	BFB:noncanonicalB	BFB:noncanonicalB	True	True	True	True	False	False	exact	True	1	train
SNU703:chr11:34220392-42675400:2		SNU703	chr11	p	34220392	42675400	candidate_region_empty		empty_candidate_region	candidate_region	6	19	19	candidate_region_with_context	39128098	42675400	sv_attention	0.9995	0.4196	HP2	-0.3652	0.1536	14.0	79.0	1.947	1.0431	C2			chromosome_arm	0	53714000	402	402	8	6	5	8455009	7.096385113250619e-07	2.9901204126453327	351279.5	876913.5	1788025.75	False	0.6666666666666666	0.2	0	1	0	3	1	0	1	0	0	0	0	0	7	0					1	0	0.0	0	5	1	0	sample_residual	coords	0	1			-2.228975772857666	0.09717846429338868	chromothripsis	0.38765277097567885	-0.4571894705295563	-2.2743115425109863	0.0932729317587916	-1.5651366710662842	0.17291080332998468	-0.4571894705295563	0.38765277097567885	-4.548471450805664	0.010472534527189464	SNU703:C2	1	max	0.7900000214576721	min_delta	0.30000001192092896	0.20000000298023224	type_confidence	0.9800000190734863	0.10000000149011612	0.30000001192092896	0.6399999856948853	0.8399999886751175	0.20999999344348907	0.4099999964237213	0.23000000417232513	0.4300000071525574	0.11999999731779099	0.3200000002980232	none	none_objectness	False	chromothripsis	0.38765277097567885	0.21474196764569417		none		none	False	False	False	False	False	False	background	True	0	train
SNU703:chr12:64593784-76107212:3	SNU703:chr12:64593784-76107212:3	SNU703	chr12	q	64593784	76107212	candidate_region_label	BFB	region	candidate_region	7	11	11	candidate_region_with_context	68778802	76107212	sv_attention	0.5794	0.6365	HP1	0.9875	0.9834	26.0	0.0	10.9405	0.2082	C3	BFB	BFB:noncanonicalB	chromosome_arm	35807000	133250001	402	402	8	7	6	11513429	6.079856835005453e-07	11.148690802713944	600910.5	946518.0	2573699.0	False	0.2857142857142857	0.1666666666666666	1	0	0	1	0	1	0	0	0	3	1	0	8	0	1.0	1.0			0	0	1.0	5	2	0	5	sample_residual	coords	1	0	BFB:noncanonicalB	BFB	4.5030436515808105	0.9890460812089849	ecDNA	0.4440404362317247	-0.22477993369102478	-0.22477993369102478	0.4440404362317247	-1.2029949426651	0.2309428613774105	-3.8190407752990723	0.021477439686099185	-1.3677387237548828	0.20298543531539934	SNU703:C3	1	max	0.7900000214576721	min_delta	0.30000001192092896	0.20000000298023224	type_confidence	0.9800000190734863	0.10000000149011612	0.30000001192092896	0.6399999856948853	0.8399999886751175	0.20999999344348907	0.4099999964237213	0.23000000417232513	0.4300000071525574	0.11999999731779099	0.3200000002980232	Seismic_Amplification	objectness_type_threshold	False	ecDNA	0.4440404362317247	0.2130975748543142	Seismic_Amplification	Seismic_Amplification	Seismic_Amplification:noncanonical	Seismic_Amplification:noncanonical	True	False	False	False	False	False	wrong	True	1	train
SNU703:chr18:0-7107447:4	SNU703:chr18:0-7107447:4	SNU703	chr18	p	0	7107447	candidate_region_label	Seismic_Amplification;BFB	region	candidate_region	14	22	22	candidate_region_with_context	1919086	7107447	sv_attention	0.9884	0.73	mixed_HP	-0.0872	0.2	58.0	174.0	7.5148	1.1309	C4	Seismic_Amplification;BFB	Seismic_Amplification:noncanonical;BFB:noncanonicalB	chromosome_arm	0	18540000	402	402	8	14	12	7107448	1.969764675028224e-06	8.645695613953137	229058.5	278518.5	663534.0	False	0.2857142857142857	0.0769230769230769	0	0	0	1	2	2	1	1	2	4	1	0	14	0	1.0	4.0			1	3	2.0	1	5	2	1	sample_residual	coords	1	0	Seismic_Amplification:noncanonical;BFB:noncanonicalB	Seismic_Amplification;BFB	6.093690872192383	0.9977480198696207	Seismic_Amplification	0.5765629290795504	0.30867958068847656	-2.2350573539733887	0.09664620349610446	0.30867958068847656	0.5765629290795504	-3.688544511795044	0.02439821524523943	-1.805681824684143	0.14116082658017523	SNU703:C4	1	max	0.7900000214576721	min_delta	0.30000001192092896	0.20000000298023224	type_confidence	0.9800000190734863	0.10000000149011612	0.30000001192092896	0.6399999856948853	0.8399999886751175	0.20999999344348907	0.4099999964237213	0.23000000417232513	0.4300000071525574	0.11999999731779099	0.3200000002980232	Seismic_Amplification	objectness_type_threshold	False	Seismic_Amplification	0.5765629290795504	0.43540210249937517	Seismic_Amplification	Seismic_Amplification	Seismic_Amplification:canonical	Seismic_Amplification:canonical	True	False	True	False	False	True	partial_class	True	1	train
SNU902:chr16:55273326-57412529:1	SNU902:chr16:55273326-57412529:1	SNU902	chr16	q	55273326	57412529	candidate_region_label	BFB	region	candidate_region	2	2	2	candidate_region_with_context	55275058	55276792	sv_attention	0.6216	0.0008	HP2	-0.8085	0.7447	0.0	14.0	2.0	4.963	C1	BFB	BFB:noncanonicalB	chromosome_arm	36800000	90300001	402	402	8	2	1	2139204	9.349271972191524e-07	6.963043262821124	554565.5	1069602.0	1584638.5	False	0.0	0.0	0	0	0	0	0	1	0	1	0	0	0	0	3	0	1.0	1.0			0	2	1.0	0	0	0	0	sample_residual	coords	1	0	BFB:noncanonicalB	BFB	5.592698574066162	0.9962888616471628	BFB	0.20383696469696339	-1.3624835014343262	-4.664077281951904	0.009339887611774022	-1.5848095417022705	0.1701154117167989	-3.6643171310424805	0.024981591662055484	-1.3624835014343262	0.20383696469696339	SNU902:C1	1	max	0.7900000214576721	min_delta	0.30000001192092896	0.20000000298023224	type_confidence	0.9800000190734863	0.10000000149011612	0.30000001192092896	0.6399999856948853	0.8399999886751175	0.20999999344348907	0.4099999964237213	0.23000000417232513	0.4300000071525574	0.11999999731779099	0.3200000002980232	BFB	objectness_type_threshold	False	BFB	0.20383696469696339	0.03372155298016449	BFB	BFB	BFB:noncanonicalB	BFB:noncanonicalB	True	True	True	True	False	False	exact	True	1	train
SNU902:chr19:17718043-23999999:2		SNU902	chr19	p	17718043	23999999	candidate_region_empty		empty_candidate_region	candidate_region	13	10	10	candidate_region_with_context	17812500	23999999	sv_attention	0.972	0.985	mixed_HP	0.2649	0.3	32.0	16.0	2.5459	1.9681	C2			chromosome_arm	0	26260000	402	402	8	13	11	6281957	2.069418813277455e-06	4.513935545881641	109704.0	201288.0	410206.0	False	0.6923076923076923	0.5	0	1	0	0	2	5	4	0	1	0	0	0	13	0					5	1	0.0	1	6	0	1	sample_residual	coords	0	1			-0.431639701128006	0.3937348541279803	Seismic_Amplification	0.4880035757500369	-0.047994907945394516	-2.79836106300354	0.05741280524669105	-0.047994907945394516	0.4880035757500369	-1.3573408126831055	0.20467282981657042	-3.8474535942077637	0.020888360215285055	SNU902:C2	1	max	0.7900000214576721	min_delta	0.30000001192092896	0.20000000298023224	type_confidence	0.9800000190734863	0.10000000149011612	0.30000001192092896	0.6399999856948853	0.8399999886751175	0.20999999344348907	0.4099999964237213	0.23000000417232513	0.4300000071525574	0.11999999731779099	0.3200000002980232	none	none_objectness	False	Seismic_Amplification	0.4880035757500369	0.28333074593346647		none		none	False	False	False	False	False	False	background	True	0	train
SNU902:chr21:41590199-46709983:3	SNU902:chr21:41590199-46709983:3	SNU902	chr21	q	41590199	46709983	candidate_region_label	chromothripsis	region	candidate_region	7	6	6	candidate_region_with_context	41769576	44424664	sv_attention	0.9006	0.5186	HP1	0.4393	0.2524	30.0	6.0	1.9911	2.0537	C3	chromothripsis	chromothripsis:noncanonicalB	chromosome_arm	12910000	46700001	402	402	8	7	5	5119785	1.3672449136047705e-06	4.040846441793943	92992.5	179379.0	1422781.0	False	0.7142857142857143	0.5	0	0	2	0	3	2	0	0	0	0	0	0	6	0					0	2	0.0	0	4	0	0	sample_residual	coords	1	0	chromothripsis:noncanonicalB	chromothripsis	0.6280710697174072	0.6520519545540371	chromothripsis	0.4879442634141143	-0.048232294619083405	-2.8393306732177734	0.055235455870424714	-2.283567190170288	0.09249309430094788	-0.048232294619083405	0.4879442634141143	-3.2812609672546387	0.036219673020204866	SNU902:C3	1	max	0.7900000214576721	min_delta	0.30000001192092896	0.20000000298023224	type_confidence	0.9800000190734863	0.10000000149011612	0.30000001192092896	0.6399999856948853	0.8399999886751175	0.20999999344348907	0.4099999964237213	0.23000000417232513	0.4300000071525574	0.11999999731779099	0.3200000002980232	none	none_objectness	False	chromothripsis	0.4879442634141143	0.3954511691131664		none		none	False	False	False	False	False	False	wrong	False	0	train
SUIT:chr3:55637719-60664161:1	SUIT:chr3:55637719-60664161:1	SUIT	chr3	p	55637719	60664161	candidate_region_label	chromothripsis	region	candidate_region	9	12	12	candidate_region_with_context	60174420	60664161	sv_attention	0.8693	0.0974	HP2	-0.2793	0.0391	11.0	150.0	3.8599	0.2274	C1	chromothripsis	chromothripsis:noncanonical	chromosome_arm	0	90951000	402	402	8	9	4	5026443	1.79053059986953e-06	4.087246786644154	52309.0	89909.0	116125.0	False	0.4444444444444444	0.25	0	1	2	2	2	1	1	0	0	0	0	0	10	0					6	1	0.0	0	2	1	0	sample_residual	coords	1	0	chromothripsis:noncanonical	chromothripsis	3.3971238136291504	0.9676145263615515	chromothripsis	0.34046674323232307	-0.6612149477005005	-2.4765772819519043	0.077516599445772	-2.1479811668395996	0.10452002619437684	-0.6612149477005005	0.34046674323232307	-2.6272754669189453	0.06740351377558366	SUIT:C1	1	max	0.7900000214576721	min_delta	0.30000001192092896	0.20000000298023224	type_confidence	0.9800000190734863	0.10000000149011612	0.30000001192092896	0.6399999856948853	0.8399999886751175	0.20999999344348907	0.4099999964237213	0.23000000417232513	0.4300000071525574	0.11999999731779099	0.3200000002980232	chromothripsis	objectness_type_threshold	False	chromothripsis	0.34046674323232307	0.23594671703794623	chromothripsis	chromothripsis	chromothripsis:noncanonical	chromothripsis:noncanonical	True	True	True	True	False	False	exact	True	1	train
SUIT:chr6:156864594-162608624:2		SUIT	chr6	q	156864594	162608624	candidate_region_empty		empty_candidate_region	candidate_region	4	4	4	candidate_region_with_context	162200156	162608624	sv_attention	0.7576	0.0711	HP2	-0.3894	0.1858	4.0	31.0	1.8147	0.8252	C2			chromosome_arm	60589000	170800001	402	402	8	4	4	5744031	6.963750717919176e-07	2.63993073853536	322784.75	378176.5	1491399.5	False	0.5	0.3333333333333333	1	1	1	1	0	0	0	0	0	0	0	0	5	0					4	0	0.0	1	0	0	1	sample_residual	coords	0	1			-1.7094961404800415	0.15322908007998978	chromothripsis	0.28950489844249006	-0.8977898359298706	-1.6212377548217773	0.16503423940422796	-1.3171945810317993	0.21128542074925635	-0.8977898359298706	0.28950489844249006	-4.034705638885498	0.017383359804503694	SUIT:C2	1	max	0.7900000214576721	min_delta	0.30000001192092896	0.20000000298023224	type_confidence	0.9800000190734863	0.10000000149011612	0.30000001192092896	0.6399999856948853	0.8399999886751175	0.20999999344348907	0.4099999964237213	0.23000000417232513	0.4300000071525574	0.11999999731779099	0.3200000002980232	none	none_objectness	False	chromothripsis	0.28950489844249006	0.0782194776932337		none		none	False	False	False	False	False	False	background	True	0	train
SUIT:chr8:32759576-34984208:3	SUIT:chr8:32759576-34984208:3	SUIT	chr8	p	32759576	34984208	candidate_region_label	Seismic_Amplification;BFB	region	candidate_region	5	9	9	candidate_region_with_context	32760769	34221042	sv_attention	0.9473	0.6564	mixed_HP	0.1168	0.8512	60.0	41.0	4.5537	4.7951	C3	Seismic_Amplification;BFB	Seismic_Amplification:canonical;BFB:noncanonicalB	chromosome_arm	0	45644000	402	402	8	5	4	2224633	2.24756173265433e-06	9.348827874080804	200069.0	372837.0	606784.0	False	0.4	0.25	0	0	0	0	0	0	1	1	1	2	0	0	6	1	1.0	2.0	2.0	2.0	0	0	2.0	0	4	0	0	sample_residual	coords	1	0	Seismic_Amplification:canonical;BFB:noncanonicalB	Seismic_Amplification;BFB	4.378616809844971	0.98761267488653	Seismic_Amplification	0.7001188199594834	0.8478637337684631	-4.018110275268555	0.017669110248460067	0.8478637337684631	0.7001188199594834	-4.291799068450928	0.013495666711579696	-1.6960434913635254	0.15498271458535892	SUIT:C3	1	max	0.7900000214576721	min_delta	0.30000001192092896	0.20000000298023224	type_confidence	0.9800000190734863	0.10000000149011612	0.30000001192092896	0.6399999856948853	0.8399999886751175	0.20999999344348907	0.4099999964237213	0.23000000417232513	0.4300000071525574	0.11999999731779099	0.3200000002980232	Seismic_Amplification	objectness_type_threshold	False	Seismic_Amplification	0.7001188199594834	0.5451361053741245	Seismic_Amplification	Seismic_Amplification	Seismic_Amplification:canonical	Seismic_Amplification:canonical	True	False	True	False	False	True	partial_class	True	1	train
SUIT:chr12:55349815-58993974:4	SUIT:chr12:55349815-58993974:4	SUIT	chr12	q	55349815	58993974	candidate_region_label	BFB	region	candidate_region	4	8	8	candidate_region_with_context	56212645	58993974	sv_attention	0.9502	0.7632	mixed_HP	0.2808	0.4764	56.0	25.0	4.0	3.4291	C4	BFB	BFB:noncanonicalB	chromosome_arm	35807000	133265306	402	402	8	4	3	3644160	1.0976466455918511e-06	7.42913977432385	797207.0	1164993.5	1278826.5	False	0.75	0.3333333333333333	0	0	0	0	0	0	2	1	1	0	0	0	5	1	4.0	4.0	4.0	4.0	0	0	1.0	3	1	0	3	sample_residual	coords	1	0	BFB:noncanonicalB	BFB	5.753359317779541	0.9968379236805139	BFB	0.21903822772789136	-1.2712799310684204	-2.44010853767395	0.08016490840328336	-1.3925065994262695	0.1990078940212119	-3.7581212520599365	0.02279575715951255	-1.2712799310684204	0.21903822772789136	SUIT:C4	1	max	0.7900000214576721	min_delta	0.30000001192092896	0.20000000298023224	type_confidence	0.9800000190734863	0.10000000149011612	0.30000001192092896	0.6399999856948853	0.8399999886751175	0.20999999344348907	0.4099999964237213	0.23000000417232513	0.4300000071525574	0.11999999731779099	0.3200000002980232	BFB	objectness_type_threshold	False	BFB	0.21903822772789136	0.02003033370667945	BFB	BFB	BFB:noncanonicalB	BFB:noncanonicalB	True	True	True	True	False	False	exact	True	1	train
SUIT:chr17:52259302-64570686:5		SUIT	chr17	q	52259302	64570686	candidate_region_empty		empty_candidate_region	candidate_region	9	15	15	candidate_region_with_context	58549031	64570686	sv_attention	0.9889	0.4891	HP2	-0.3522	0.1362	22.0	68.0	1.4109	1.5111	C5			chromosome_arm	25150000	83250001	402	402	8	9	8	12311385	7.310306679549052e-07	2.921990661489345	300630.0	866941.0	1654271.0	False	0.5555555555555556	0.25	1	1	0	1	1	2	3	0	0	0	0	0	11	0					0	0	0.0	1	9	1	1	sample_residual	coords	0	1			-1.1900312900543213	0.23325333961683614	chromothripsis	0.5882176363162843	0.3566020429134369	-1.6666285991668701	0.15887419189602392	-2.32466721534729	0.08910053338683277	0.3566020429134369	0.5882176363162843	-4.531021595001221	0.01065491827703618	SUIT:C5	1	max	0.7900000214576721	min_delta	0.30000001192092896	0.20000000298023224	type_confidence	0.9800000190734863	0.10000000149011612	0.30000001192092896	0.6399999856948853	0.8399999886751175	0.20999999344348907	0.4099999964237213	0.23000000417232513	0.4300000071525574	0.11999999731779099	0.3200000002980232	none	none_objectness	False	chromothripsis	0.5882176363162843	0.4293434444202604		none		none	False	False	False	False	False	False	background	True	0	train
ScaBER:chr1:91117935-109646786:1	ScaBER:chr1:91117935-109646786:1	ScaBER	chr1	p	91117935	109646786	candidate_region_label	BFB	region	candidate_region	10	14	14	candidate_region_with_context	92472549	105505789	sv_attention	0.9969	0.7034	HP2	-0.7509	0.6678	11.0	127.0	1.6453	6.032	C1	BFB	BFB:noncanonical	chromosome_arm	0	123459000	402	402	8	10	9	18528852	5.396988437276093e-07	7.677325772800171	317867.0	1607880.5	2866960.75	False	0.4	0.0	0	1	0	0	1	2	1	2	2	1	0	0	11	2	2.0	11.0	4.0	11.0	2	0	6.0	3	0	0	3	sample_residual	coords	1	0	BFB:noncanonical	BFB	4.771628379821777	0.9916044990806537	BFB	0.35503308872401484	-0.5969880223274231	-1.708627462387085	0.15334182495626852	-0.8194737434387207	0.30587538097059086	-3.766680955886841	0.022605857099604804	-0.5969880223274231	0.35503308872401484	ScaBER:C1	1	max	0.7900000214576721	min_delta	0.30000001192092896	0.20000000298023224	type_confidence	0.9800000190734863	0.10000000149011612	0.30000001192092896	0.6399999856948853	0.8399999886751175	0.20999999344348907	0.4099999964237213	0.23000000417232513	0.4300000071525574	0.11999999731779099	0.3200000002980232	BFB	objectness_type_threshold	False	BFB	0.35503308872401484	0.049157707753423985	BFB	BFB	BFB:canonical	BFB:canonical	True	False	True	True	True	False	wrong_level	True	1	train
ScaBER:chr3:10270628-18985001:2	ScaBER:chr3:10270628-18985001:2	ScaBER	chr3	p	10270628	18985001	candidate_region_label	chromothripsis	region	candidate_region	6	15	15	candidate_region_with_context	10272761	18985001	sv_attention	0.9683	0.9998	HP1	0.9467	0.9289	72.0	3.0	3.4973	0.0	C2	chromothripsis	chromothripsis:noncanonical	chromosome_arm	0	90951000	402	402	8	6	5	8714374	6.885176146903954e-07	3.4973379613957354	534961.75	1081528.0	2564011.0	False	0.6666666666666666	0.4	0	0	0	2	2	2	0	0	0	0	0	0	7	0					1	1	0.0	3	2	0	3	sample_residual	coords	1	0	chromothripsis:noncanonical	chromothripsis	0.37294426560401917	0.5921702247656997	chromothripsis	0.3273339809168855	-0.7202679514884949	-1.9486875534057617	0.1246965376583552	-2.727602243423462	0.06136412500119423	-0.7202679514884949	0.3273339809168855	-3.7833914756774902	0.022239571534904717	ScaBER:C2	1	max	0.7900000214576721	min_delta	0.30000001192092896	0.20000000298023224	type_confidence	0.9800000190734863	0.10000000149011612	0.30000001192092896	0.6399999856948853	0.8399999886751175	0.20999999344348907	0.4099999964237213	0.23000000417232513	0.4300000071525574	0.11999999731779099	0.3200000002980232	none	none_objectness	False	chromothripsis	0.3273339809168855	0.20263744325853028		none		none	False	False	False	False	False	False	wrong	False	0	train
ScaBER:chr9:9094848-15433422:3	ScaBER:chr9:9094848-15433422:3	ScaBER	chr9	p	9094848	15433422	candidate_region_label	chromothripsis	region	candidate_region	6	12	12	candidate_region_with_context	13656597	15433422	sv_attention	0.9861	0.2803	mixed_HP	0.087	0.454	53.0	34.0	0.7892	1.1257	C3	chromothripsis	chromothripsis:noncanonicalB	chromosome_arm	0	49224000	402	402	8	6	6	6338575	9.465849974166116e-07	1.9149285131121745	385353.5	617319.0	788321.5	True	0.8333333333333334	0.6	0	3	2	1	0	0	0	0	0	0	0	0	7	0					5	0	0.0	0	2	0	0	sample_residual	coords	1	0	chromothripsis:noncanonicalB	chromothripsis	3.9708027839660645	0.9814907645654821	chromothripsis	0.31062460054104407	-0.7972008585929871	-4.409749507904053	0.012012176757798093	-2.5705885887145996	0.07105544355349908	-0.7972008585929871	0.31062460054104407	-3.2173590660095215	0.03851767089892942	ScaBER:C3	1	max	0.7900000214576721	min_delta	0.30000001192092896	0.20000000298023224	type_confidence	0.9800000190734863	0.10000000149011612	0.30000001192092896	0.6399999856948853	0.8399999886751175	0.20999999344348907	0.4099999964237213	0.23000000417232513	0.4300000071525574	0.11999999731779099	0.3200000002980232	chromothripsis	objectness_type_threshold	False	chromothripsis	0.31062460054104407	0.239569156987545	chromothripsis	chromothripsis	chromothripsis:noncanonical	chromothripsis:noncanonical	True	False	True	True	True	False	wrong_level	True	1	train
ScaBER:chr11:100583104-104021457:4	ScaBER:chr11:100583104-104021457:4	ScaBER	chr11	q	100583104	104021457	candidate_region_label	BFB	region	candidate_region	1	3	3	candidate_region_with_context	104005208	104021457	sv_attention	0.8135	0.0047	HP1	0.8667	0.8222	84.0	0.0	8.0	2.0	C4	BFB	BFB:noncanonicalB	chromosome_arm	53714000	135050001	402	402	8	1	1	3438354	2.9083683646302854e-07	10.0	3438354.0	3438354.0	3438354.0	False	0.0	0.0	0	0	0	0	0	0	0	0	1	0	0	0	2	0	1.0	1.0			0	0	1.0	1	0	0	1	sample_residual	coords	1	0	BFB:noncanonicalB	BFB	4.428032398223877	0.9882028778002883	BFB	0.3058030118275124	-0.8198146224021912	-3.779198408126831	0.02233093256357466	-2.41559100151062	0.08199150489033402	-3.6243934631347656	0.02597269702689192	-0.8198146224021912	0.3058030118275124	ScaBER:C4	1	max	0.7900000214576721	min_delta	0.30000001192092896	0.20000000298023224	type_confidence	0.9800000190734863	0.10000000149011612	0.30000001192092896	0.6399999856948853	0.8399999886751175	0.20999999344348907	0.4099999964237213	0.23000000417232513	0.4300000071525574	0.11999999731779099	0.3200000002980232	BFB	objectness_type_threshold	False	BFB	0.3058030118275124	0.22381150693717838	BFB	BFB	BFB:canonical	BFB:canonical	True	False	True	True	True	False	wrong_level	True	1	train
SCC152:chr1:24012196-25424062:1		SCC152	chr1	p	24012196	25424062	candidate_region_empty		empty_candidate_region	candidate_region	2	2	2	candidate_region_with_context	24168953	24325712	sv_attention	0.3	0.111	HP1	0.6923	0.5897	10.0	3.0	3.2221	0.0	C1			chromosome_arm	0	123459000	402	402	8	2	2	1411867	1.41656402479837e-06	3.222059159963368	431346.25	705933.5	980520.75	False	0.0	0.0	0	0	0	1	0	1	0	0	0	0	0	0	3	0					0	2		0	1	0	0	sample_residual	coords	0	1			3.4503817558288574	0.9692425233782003	BFB	0.13220868730900875	-1.8815696239471436	-3.07855486869812	0.04400056409998823	-2.0988075733184814	0.10921277278892903	-2.2691404819488525	0.09371118510161955	-1.8815696239471436	0.13220868730900875	SCC152:C1	1	max	0.7900000214576721	min_delta	0.30000001192092896	0.20000000298023224	type_confidence	0.9800000190734863	0.10000000149011612	0.30000001192092896	0.6399999856948853	0.8399999886751175	0.20999999344348907	0.4099999964237213	0.23000000417232513	0.4300000071525574	0.11999999731779099	0.3200000002980232	BFB	objectness_type_threshold	False	BFB	0.13220868730900875	0.02299591452007972	BFB	BFB	BFB:noncanonicalB	BFB:noncanonicalB	True	False	False	False	False	False	background	False	1	train
SCC152:chr1:170918867-171357168:2		SCC152	chr1	q	170918867	171357168	candidate_region_empty		empty_candidate_region	candidate_region	2	2	2	candidate_region_with_context	170935729	170959684	sv_attention	0.3	0.0547	HP1	0.5685	0.4246	13.0	4.0	5.0931	1.0931	C2			chromosome_arm	123459000	248950001	402	402	8	2	1	438302	4.563063823573701e-06	6.186255139150632	129984.5	219151.0	308317.5	False	0.0	0.0	0	0	0	0	0	0	1	0	1	0	0	0	3	0					1	2		0	0	0	0	sample_residual	coords	0	1			2.637532949447632	0.933238420333991	Seismic_Amplification	0.5101533439918636	0.040618959814310074	-1.31730318069458	0.21126732384624383	0.040618959814310074	0.5101533439918636	-3.3140976428985596	0.035090711047842456	-2.374060869216919	0.08517219159383785	SCC152:C2	1	max	0.7900000214576721	min_delta	0.30000001192092896	0.20000000298023224	type_confidence	0.9800000190734863	0.10000000149011612	0.30000001192092896	0.6399999856948853	0.8399999886751175	0.20999999344348907	0.4099999964237213	0.23000000417232513	0.4300000071525574	0.11999999731779099	0.3200000002980232	Seismic_Amplification	objectness_type_threshold	False	Seismic_Amplification	0.5101533439918636	0.2988860201456198	Seismic_Amplification	Seismic_Amplification	Seismic_Amplification:canonical	Seismic_Amplification:canonical	True	False	False	False	False	False	background	False	1	train
SCC152:chr1:232257800-232382315:3		SCC152	chr1	q	232257800	232382315	candidate_region_empty		empty_candidate_region	candidate_region	1	1	1	candidate_region_with_context	232382314	232382315	sv_attention	0.3	0.0	mixed_HP	0.75	0.3333	16.0	0.0	5.0	3.0	C3			chromosome_arm	123459000	248950001	402	402	8	1	1	124516	8.03109640528125e-06	8.0	124516.0	124516.0	124516.0	False	0.0	0.0	0	0	0	0	0	0	0	0	1	0	0	0	2	0					0	2		0	0	0	0	sample_residual	coords	0	1			1.7359927892684937	0.8501773596480209	Seismic_Amplification	0.5096730970936567	0.03869721665978432	-0.5179357528686523	0.37333505025665775	0.03869721665978432	0.5096730970936567	-3.149836540222168	0.041097719454120454	-2.2798895835876465	0.09280224865600338	SCC152:C3	1	max	0.7900000214576721	min_delta	0.30000001192092896	0.20000000298023224	type_confidence	0.9800000190734863	0.10000000149011612	0.30000001192092896	0.6399999856948853	0.8399999886751175	0.20999999344348907	0.4099999964237213	0.23000000417232513	0.4300000071525574	0.11999999731779099	0.3200000002980232	Seismic_Amplification	objectness_type_threshold	False	Seismic_Amplification	0.5096730970936567	0.13633804683699896	Seismic_Amplification	Seismic_Amplification	Seismic_Amplification:canonical	Seismic_Amplification:canonical	True	False	False	False	False	False	background	False	1	train
SCC152:chr1:248950002-248956422:4		SCC152	chr1	q	248950002	248956422	candidate_region_empty		empty_candidate_region	candidate_region	1	0	0	candidate_region_with_context	248953412	248955519	cn_attention	0.2049	0.3282	mixed_HP	0.0	0.2	0.0	0.0	1.0	1.0	C4			chromosome_arm	123459000	248950001	402	402	8	1	0	6421	0.000155738981467	2.0	6421.0	6421.0	6421.0	False	0.0	0.0	0	0	1	0	0	0	0	0	0	0	0	0	0	0					0	0		0	0	0	0	sample_residual	coords	0	1			-0.9378068447113037	0.28134356253029685	ecDNA	0.4472163028845692	-0.21192440390586853	-0.21192440390586853	0.4472163028845692	-0.8688088059425354	0.2955022251445403	-1.4822015762329102	0.1850951144848363	-3.3796603679656982	0.032937211161101404	SCC152:C4	1	max	0.7900000214576721	min_delta	0.30000001192092896	0.20000000298023224	type_confidence	0.9800000190734863	0.10000000149011612	0.30000001192092896	0.6399999856948853	0.8399999886751175	0.20999999344348907	0.4099999964237213	0.23000000417232513	0.4300000071525574	0.11999999731779099	0.3200000002980232	none	none_objectness	False	ecDNA	0.4472163028845692	0.15171407774002893		none		none	False	False	False	False	False	False	background	True	0	train
SCC152:chr2:42133920-43274065:5		SCC152	chr2	p	42133920	43274065	candidate_region_empty		empty_candidate_region	candidate_region	1	0	0	candidate_region_with_context	42632733	43002389	cn_attention	0.2036	0.3242	mixed_HP	0.0	0.2	0.0	0.0	0.0	0.0	C5			chromosome_arm	0	93989000	402	402	8	1	1	1140146	8.770806545828341e-07	0.0	1140146.0	1140146.0	1140146.0	False	0.0	0.0	1	0	0	0	0	0	0	0	0	0	0	0	2	0					2	0		0	0	0	0	sample_residual	coords	0	1			1.3939844369888306	0.8012275740481524	chromothripsis	0.16375357411502656	-1.6305606365203857	-2.7264673709869385	0.061429524578334956	-3.054807186126709	0.04501038667752593	-1.6305606365203857	0.16375357411502656	-2.3482770919799805	0.08720281580725157	SCC152:C5	1	max	0.7900000214576721	min_delta	0.30000001192092896	0.20000000298023224	type_confidence	0.9800000190734863	0.10000000149011612	0.30000001192092896	0.6399999856948853	0.8399999886751175	0.20999999344348907	0.4099999964237213	0.23000000417232513	0.4300000071525574	0.11999999731779099	0.3200000002980232	none	none_type_threshold	False	chromothripsis	0.16375357411502656	0.07655075830777498		none		none	False	False	False	False	False	False	background	True	0	train
SCC152:chr2:141129231-141364775:6		SCC152	chr2	q	141129231	141364775	candidate_region_empty		empty_candidate_region	candidate_region	1	0	0	candidate_region_with_context	141234121	141310489	cn_attention	0.2036	0.3242	mixed_HP	0.0	0.2	0.0	0.0	0.0	0.0	C6			chromosome_arm	93989000	242150001	402	402	8	1	1	235545	4.245473264132119e-06	0.0	235545.0	235545.0	235545.0	False	0.0	0.0	1	0	0	0	0	0	0	0	0	0	0	0	2	0					2	0		0	0	0	0	sample_residual	coords	0	1			0.7901498079299927	0.6878634963452126	chromothripsis	0.20053925512136794	-1.382927417755127	-2.550201892852783	0.07241292319085535	-2.5940983295440674	0.06951920898146967	-1.382927417755127	0.20053925512136794	-2.839773178100586	0.05521236851845099	SCC152:C6	1	max	0.7900000214576721	min_delta	0.30000001192092896	0.20000000298023224	type_confidence	0.9800000190734863	0.10000000149011612	0.30000001192092896	0.6399999856948853	0.8399999886751175	0.20999999344348907	0.4099999964237213	0.23000000417232513	0.4300000071525574	0.11999999731779099	0.3200000002980232	none	none_objectness	False	chromothripsis	0.20053925512136794	0.1281263319305126		none		none	False	False	False	False	False	False	background	True	0	train
SCC152:chr2:242150002-242193529:7		SCC152	chr2	q	242150002	242193529	candidate_region_empty		empty_candidate_region	candidate_region	1	0	0	candidate_region_with_context	242173125	242187408	cn_attention	0.2049	0.3281	mixed_HP	0.0	0.2	0.0	0.0	1.0	1.0	C7			chromosome_arm	93989000	242150001	402	402	8	1	0	43528	2.297371806653189e-05	2.0	43528.0	43528.0	43528.0	False	0.0	0.0	0	0	1	0	0	0	0	0	0	0	0	0	0	0					0	0		0	0	0	0	sample_residual	coords	0	1			-0.9288824796676636	0.28315149014410035	ecDNA	0.4730222289825409	-0.1080159842967987	-0.1080159842967987	0.4730222289825409	-1.1750454902648926	0.23594419936771527	-1.3694707155227661	0.20270537376101644	-3.08786940574646	0.043610412581235394	SCC152:C7	1	max	0.7900000214576721	min_delta	0.30000001192092896	0.20000000298023224	type_confidence	0.9800000190734863	0.10000000149011612	0.30000001192092896	0.6399999856948853	0.8399999886751175	0.20999999344348907	0.4099999964237213	0.23000000417232513	0.4300000071525574	0.11999999731779099	0.3200000002980232	none	none_objectness	False	ecDNA	0.4730222289825409	0.23707802961482566		none		none	False	False	False	False	False	False	background	True	0	train
SCC152:chr3:47192082-47216096:8		SCC152	chr3	p	47192082	47216096	candidate_region_empty		empty_candidate_region	candidate_region	1	0	0	candidate_region_with_context	47202775	47209998	cn_attention	0.204	0.3008	mixed_HP	0.0	0.2	0.0	0.0	1.0	1.0	C8			chromosome_arm	0	90951000	402	402	8	1	0	24015	4.164064126587549e-05	2.0	24015.0	24015.0	24015.0	False	0.0	0.0	0	0	1	0	0	0	0	0	0	0	0	0	2	0					0	2		0	0	0	0	sample_residual	coords	0	1			-0.3572424352169037	0.4116272581335786	ecDNA	0.31380049759549294	-0.7824109792709351	-0.7824109792709351	0.31380049759549294	-1.4977222681045532	0.18276548520126093	-1.6069685220718384	0.1670099199179777	-3.0633933544158936	0.04464275340193036	SCC152:C8	1	max	0.7900000214576721	min_delta	0.30000001192092896	0.20000000298023224	type_confidence	0.9800000190734863	0.10000000149011612	0.30000001192092896	0.6399999856948853	0.8399999886751175	0.20999999344348907	0.4099999964237213	0.23000000417232513	0.4300000071525574	0.11999999731779099	0.3200000002980232	none	none_objectness	False	ecDNA	0.31380049759549294	0.13103501239423201		none		none	False	False	False	False	False	False	background	True	0	train
SCC152:chr3:82230375-82350839:9		SCC152	chr3	p	82230375	82350839	candidate_region_empty		empty_candidate_region	candidate_region	1	2	2	candidate_region_with_context	82230615	82350838	sv_attention	0.3	0.998	HP2	-0.3333	0.1111	0.0	8.0	3.0	0.0	C9			chromosome_arm	0	90951000	402	402	8	1	1	120465	8.301166313867098e-06	3.0	120465.0	120465.0	120465.0	False	0.0	0.0	0	0	0	1	0	0	0	0	0	0	0	0	2	0					0	0		0	2	0	0	sample_residual	coords	0	1			-0.061781078577041626	0.48455964123760453	ecDNA	0.28514851847126343	-0.9190646409988403	-0.9190646409988403	0.28514851847126343	-1.4257858991622925	0.19375613927530538	-1.8114356994628906	0.14046469797789995	-2.730144739151001	0.06121784410080729	SCC152:C9	1	max	0.7900000214576721	min_delta	0.30000001192092896	0.20000000298023224	type_confidence	0.9800000190734863	0.10000000149011612	0.30000001192092896	0.6399999856948853	0.8399999886751175	0.20999999344348907	0.4099999964237213	0.23000000417232513	0.4300000071525574	0.11999999731779099	0.3200000002980232	none	none_objectness	False	ecDNA	0.28514851847126343	0.09139237919595805		none		none	False	False	False	False	False	False	background	True	0	train
SCC152:chr3:141240288-142026013:10		SCC152	chr3	q	141240288	142026013	candidate_region_empty		empty_candidate_region	candidate_region	3	3	3	candidate_region_with_context	141869463	142026013	sv_attention	0.454	0.1992	HP2	-0.4922	0.3229	0.0	12.0	2.8222	0.8827	C10			chromosome_arm	90951000	198250001	402	402	8	3	3	785726	3.81812489341068e-06	3.704969671361263	212536.5	268524.0	314588.5	True	1.0	1.0	0	1	0	0	0	0	2	0	0	0	0	0	4	0					0	4		0	0	0	0	sample_residual	coords	0	1			3.4352142810821533	0.9687871264671561	chromothripsis	0.17128614625884728	-1.576539397239685	-2.9437828063964844	0.05003117741145006	-1.8827542066574097	0.13207283986914956	-1.576539397239685	0.17128614625884728	-2.6914358139038086	0.06348060450555039	SCC152:C10	1	max	0.7900000214576721	min_delta	0.30000001192092896	0.20000000298023224	type_confidence	0.9800000190734863	0.10000000149011612	0.30000001192092896	0.6399999856948853	0.8399999886751175	0.20999999344348907	0.4099999964237213	0.23000000417232513	0.4300000071525574	0.11999999731779099	0.3200000002980232	none	none_type_threshold	False	chromothripsis	0.17128614625884728	0.03921330638969772		none		none	False	False	False	False	False	False	background	True	0	train
SCC152:chr3:154744644-159753451:11	SCC152:chr3:154744644-159753451:11	SCC152	chr3	q	154744644	159753451	candidate_region_label	ecDNA	region	candidate_region	2	4	4	candidate_region_with_context	159732166	159753451	sv_attention	0.6774	0.0042	mixed_HP	0.083	0.3	21.0	9.0	2.0266	7.0	C11	ecDNA	ecDNA	chromosome_arm	90951000	198250001	402	402	8	2	1	5008808	3.9929659911100603e-07	9.026566799925252	1268835.5	2504404.0	3739972.5	False	0.0	0.0	0	0	0	0	0	0	0	0	1	1	0	0	3	0					0	0		1	0	2	1	sample_residual	coords	1	0	ecDNA	ecDNA	2.3355631828308105	0.9117798507569377	ecDNA	0.9090613908071988	2.3022279739379883	2.3022279739379883	0.9090613908071988	-1.0497230291366577	0.2592782903726283	-3.3299944400787354	0.03455641577739038	-2.325042724609375	0.08907006114578622	SCC152:C11	1	max	0.7900000214576721	min_delta	0.30000001192092896	0.20000000298023224	type_confidence	0.9800000190734863	0.10000000149011612	0.30000001192092896	0.6399999856948853	0.8399999886751175	0.20999999344348907	0.4099999964237213	0.23000000417232513	0.4300000071525574	0.11999999731779099	0.3200000002980232	ecDNA	objectness_type_threshold	False	ecDNA	0.9090613908071988	0.6497831004345705	ecDNA	ecDNA	ecDNA	ecDNA	True	True	True	True	False	False	exact	True	1	train
SCC152:chr3:195744134-198295559:12	SCC152:chr3:195744134-198295559:12	SCC152	chr3	q	195744134	198295559	candidate_region_label	ecDNA	region	candidate_region	2	0	0	candidate_region_with_context	196023196	197737434	cn_attention	0.2017	0.6719	mixed_HP	-0.4545	0.3333	0.0	0.0	3.0	8.0	C12	ecDNA	ecDNA	chromosome_arm	90951000	198250001	402	402	8	2	1	2551426	7.838753700871591e-07	10.839296926503062	660635.5	1275713.0	1890790.5	False	0.0	0.0	0	0	1	0	0	0	0	0	0	1	0	0	1	0					0	0		0	0	1	0	sample_residual	coords	1	0	ecDNA	ecDNA	2.593581438064575	0.9304473477863607	ecDNA	0.8679915222389675	1.8833158016204834	1.8833158016204834	0.8679915222389675	-0.46014806628227234	0.38695069901068935	-3.3254473209381104	0.0347084394786457	-2.024240255355835	0.11668125076089822	SCC152:C12	1	max	0.7900000214576721	min_delta	0.30000001192092896	0.20000000298023224	type_confidence	0.9800000190734863	0.10000000149011612	0.30000001192092896	0.6399999856948853	0.8399999886751175	0.20999999344348907	0.4099999964237213	0.23000000417232513	0.4300000071525574	0.11999999731779099	0.3200000002980232	ecDNA	objectness_type_threshold	False	ecDNA	0.8679915222389675	0.4810408232282781	ecDNA	ecDNA	ecDNA	ecDNA	True	True	True	True	False	False	exact	True	1	train
SCC152:chr4:190200002-190214555:13		SCC152	chr4	q	190200002	190214555	candidate_region_empty		empty_candidate_region	candidate_region	1	0	0	candidate_region_with_context	190207733	190212508	cn_attention	0.2049	0.3281	mixed_HP	0.0	0.2	0.0	0.0	1.0	1.0	C13			chromosome_arm	50494000	190200001	402	402	8	1	0	14554	6.87096330905593e-05	2.0	14554.0	14554.0	14554.0	False	0.0	0.0	0	0	1	0	0	0	0	0	0	0	0	0	0	0					0	0		0	0	0	0	sample_residual	coords	0	1			-0.9666271209716797	0.2755532987622232	ecDNA	0.45889041372080347	-0.1648103892803192	-0.1648103892803192	0.45889041372080347	-0.9773857593536377	0.27341081400614387	-1.4286689758300781	0.19330615793625802	-3.285304546356201	0.0360787849400084	SCC152:C13	1	max	0.7900000214576721	min_delta	0.30000001192092896	0.20000000298023224	type_confidence	0.9800000190734863	0.10000000149011612	0.30000001192092896	0.6399999856948853	0.8399999886751175	0.20999999344348907	0.4099999964237213	0.23000000417232513	0.4300000071525574	0.11999999731779099	0.3200000002980232	none	none_objectness	False	ecDNA	0.45889041372080347	0.1854795997146596		none		none	False	False	False	False	False	False	background	True	0	train
SCC152:chr5:29509639-36022279:14		SCC152	chr5	p	29509639	36022279	candidate_region_empty		empty_candidate_region	candidate_region	3	3	3	candidate_region_with_context	31103344	36022279	sv_attention	0.3	0.7553	HP1	0.4947	0.3263	19.0	1.0	1.0245	1.9704	C14			chromosome_arm	0	48464000	402	402	8	2	2	6512641	4.6064261794869394e-07	2.9948956191505105	127999.5	159585.0	3208113.5	False	0.6666666666666666	0.5	0	1	0	1	1	0	0	0	0	0	0	0	4	0					4	0		0	0	0	0	sample_residual	coords	0	1			-2.4014759063720703	0.08306022047036972	ecDNA	0.4874152378712462	-0.050349682569503784	-0.050349682569503784	0.4874152378712462	-1.8460264205932617	0.1363401161393004	-0.7340266704559326	0.32431172502666444	-4.233233451843262	0.014298013508638671	SCC152:C14	1	max	0.7900000214576721	min_delta	0.30000001192092896	0.20000000298023224	type_confidence	0.9800000190734863	0.10000000149011612	0.30000001192092896	0.6399999856948853	0.8399999886751175	0.20999999344348907	0.4099999964237213	0.23000000417232513	0.4300000071525574	0.11999999731779099	0.3200000002980232	none	none_objectness	False	ecDNA	0.4874152378712462	0.16310351284458174		none		none	False	False	False	False	False	False	background	True	0	train
SCC152:chr5:71095378-75128425:15		SCC152	chr5	q	71095378	75128425	candidate_region_empty		empty_candidate_region	candidate_region	1	1	1	candidate_region_with_context	75128424	75128425	sv_attention	0.3	0.0	HP2	-1.0	1.0	0.0	0.0	0.0	1.0	C15			chromosome_arm	48464000	181500001	402	402	8	1	1	4033048	2.4795142532397335e-07	1.0	4033048.0	4033048.0	4033048.0	False	0.0	0.0	0	1	0	0	0	0	0	0	0	0	0	0	2	0					0	0		1	0	1	1	sample_residual	coords	0	1			0.6135909557342529	0.6487595118116605	ecDNA	0.1928105846699082	-1.4318500757217407	-1.4318500757217407	0.1928105846699082	-2.8759653568267822	0.05335455068074839	-2.073902130126953	0.1116593932025352	-3.060361385345459	0.044772244890113895	SCC152:C15	1	max	0.7900000214576721	min_delta	0.30000001192092896	0.20000000298023224	type_confidence	0.9800000190734863	0.10000000149011612	0.30000001192092896	0.6399999856948853	0.8399999886751175	0.20999999344348907	0.4099999964237213	0.23000000417232513	0.4300000071525574	0.11999999731779099	0.3200000002980232	none	none_objectness	False	ecDNA	0.1928105846699082	0.08115119146737299		none		none	False	False	False	False	False	False	background	True	0	train
SCC152:chr6:0-2269575:16		SCC152	chr6	p	0	2269575	candidate_region_empty		empty_candidate_region	candidate_region	2	1	1	candidate_region_with_context	2245299	2269575	sv_attention	0.3	0.0107	HP2	-0.3333	0.1111	0.0	11.0	0.0214	0.0	C16			chromosome_arm	0	60589000	402	402	8	2	1	2269576	8.812218669918963e-07	0.0213916608212282	579531.5	1134788.0	1690044.5	False	0.0	0.0	1	0	1	0	0	0	0	0	0	0	0	0	2	0					0	2		0	0	0	0	sample_residual	coords	0	1			2.728724956512451	0.9387005098293107	chromothripsis	0.2885899459665706	-0.9022421836853027	-3.3649182319641113	0.033410029887369824	-3.116452217102051	0.04243369538863328	-0.9022421836853027	0.2885899459665706	-2.4753775596618652	0.07760243241409703	SCC152:C16	1	max	0.7900000214576721	min_delta	0.30000001192092896	0.20000000298023224	type_confidence	0.9800000190734863	0.10000000149011612	0.30000001192092896	0.6399999856948853	0.8399999886751175	0.20999999344348907	0.4099999964237213	0.23000000417232513	0.4300000071525574	0.11999999731779099	0.3200000002980232	chromothripsis	objectness_type_threshold	False	chromothripsis	0.2885899459665706	0.21098751355247358	chromothripsis	chromothripsis	chromothripsis:noncanonicalB	chromothripsis:noncanonicalB	True	False	False	False	False	False	background	False	1	train
SCC152:chr6:134367044-134825955:17		SCC152	chr6	q	134367044	134825955	candidate_region_empty		empty_candidate_region	candidate_region	1	1	1	candidate_region_with_context	134825954	134825955	sv_attention	0.3	0.0	HP2	-0.5556	0.4074	0.0	8.0	2.0	1.0	C17			chromosome_arm	60589000	170800001	402	402	8	1	1	458912	2.179067010668712e-06	3.0	458912.0	458912.0	458912.0	False	0.0	0.0	0	0	0	1	0	0	0	0	0	0	0	0	2	0					0	0		0	2	0	0	sample_residual	coords	0	1			0.867678165435791	0.7042623429585084	ecDNA	0.1678387574260752	-1.601022481918335	-1.601022481918335	0.1678387574260752	-2.0796923637390137	0.11108634097831248	-2.101766347885132	0.10892526003695335	-2.2886714935302734	0.09206553892386758	SCC152:C17	1	max	0.7900000214576721	min_delta	0.30000001192092896	0.20000000298023224	type_confidence	0.9800000190734863	0.10000000149011612	0.30000001192092896	0.6399999856948853	0.8399999886751175	0.20999999344348907	0.4099999964237213	0.23000000417232513	0.4300000071525574	0.11999999731779099	0.3200000002980232	none	none_objectness	False	ecDNA	0.1678387574260752	0.05675241644776273		none		none	False	False	False	False	False	False	background	True	0	train
SCC152:chr6:149770978-149966871:18		SCC152	chr6	q	149770978	149966871	candidate_region_empty		empty_candidate_region	candidate_region	1	0	0	candidate_region_with_context	149858211	149917897	cn_attention	0.2041	0.3047	mixed_HP	0.0	0.2	0.0	0.0	1.0	1.0	C18			chromosome_arm	60589000	170800001	402	402	8	1	1	195894	5.104801576362727e-06	2.0	195894.0	195894.0	195894.0	False	0.0	0.0	0	0	1	0	0	0	0	0	0	0	0	0	2	0					0	2		0	0	0	0	sample_residual	coords	0	1			-0.06707426905632019	0.48323771666487386	chromothripsis	0.20826104083941424	-1.3354394435882568	-1.8723889589309692	0.13326554199742083	-1.697051763534546	0.15485071409402743	-1.3354394435882568	0.20826104083941424	-2.5117287635803223	0.07504002950270784	SCC152:C18	1	max	0.7900000214576721	min_delta	0.30000001192092896	0.20000000298023224	type_confidence	0.9800000190734863	0.10000000149011612	0.30000001192092896	0.6399999856948853	0.8399999886751175	0.20999999344348907	0.4099999964237213	0.23000000417232513	0.4300000071525574	0.11999999731779099	0.3200000002980232	none	none_objectness	False	chromothripsis	0.20826104083941424	0.053410326745386816		none		none	False	False	False	False	False	False	background	True	0	train
SCC152:chr6:170800002-170805979:19		SCC152	chr6	q	170800002	170805979	candidate_region_empty		empty_candidate_region	candidate_region	1	0	0	candidate_region_with_context	170803177	170805138	cn_attention	0.2049	0.3281	mixed_HP	0.0	0.2	0.0	0.0	1.0	1.0	C19			chromosome_arm	60589000	170800001	402	402	8	1	0	5978	0.0001672800267648	2.0	5978.0	5978.0	5978.0	False	0.0	0.0	0	0	1	0	0	0	0	0	0	0	0	0	0	0					0	0		0	0	0	0	sample_residual	coords	0	1			-0.9319100379943848	0.2825373699261349	ecDNA	0.4265776021578334	-0.29582831263542175	-0.29582831263542175	0.4265776021578334	-0.8697575330734253	0.2953047568303466	-1.4901361465454102	0.18390129344772443	-3.4105212688446045	0.03196826221527209	SCC152:C19	1	max	0.7900000214576721	min_delta	0.30000001192092896	0.20000000298023224	type_confidence	0.9800000190734863	0.10000000149011612	0.30000001192092896	0.6399999856948853	0.8399999886751175	0.20999999344348907	0.4099999964237213	0.23000000417232513	0.4300000071525574	0.11999999731779099	0.3200000002980232	none	none_objectness	False	ecDNA	0.4265776021578334	0.1312728453274868		none		none	False	False	False	False	False	False	background	True	0	train
SCC152:chr7:159300002-159345973:20		SCC152	chr7	q	159300002	159345973	candidate_region_empty		empty_candidate_region	candidate_region	1	0	0	candidate_region_with_context	159324424	159339508	cn_attention	0.2049	0.3281	mixed_HP	0.0	0.2	0.0	0.0	1.0	1.0	C20			chromosome_arm	59904000	159300001	402	402	8	1	0	45972	2.175237100843992e-05	2.0	45972.0	45972.0	45972.0	False	0.0	0.0	0	0	1	0	0	0	0	0	0	0	0	0	0	0					0	0		0	0	0	0	sample_residual	coords	0	1			-0.9267951250076294	0.2835753662636226	ecDNA	0.4268458344912346	-0.29473182559013367	-0.29473182559013367	0.4268458344912346	-1.2223743200302124	0.22751888428048558	-1.408346176147461	0.1964950388543489	-3.161041498184204	0.040658410178057124	SCC152:C20	1	max	0.7900000214576721	min_delta	0.30000001192092896	0.20000000298023224	type_confidence	0.9800000190734863	0.10000000149011612	0.30000001192092896	0.6399999856948853	0.8399999886751175	0.20999999344348907	0.4099999964237213	0.23000000417232513	0.4300000071525574	0.11999999731779099	0.3200000002980232	none	none_objectness	False	ecDNA	0.4268458344912346	0.199326950210749		none		none	False	False	False	False	False	False	background	True	0	train
SCC152:chr8:145100002-145138636:21		SCC152	chr8	q	145100002	145138636	candidate_region_empty		empty_candidate_region	candidate_region	1	0	0	candidate_region_with_context	145120526	145133203	cn_attention	0.2049	0.3281	mixed_HP	0.0	0.2	0.0	0.0	1.0	1.0	C21			chromosome_arm	45644000	145100001	402	402	8	1	0	38635	2.588326646822829e-05	2.0	38635.0	38635.0	38635.0	False	0.0	0.0	0	0	1	0	0	0	0	0	0	0	0	0	0	0					0	0		0	0	0	0	sample_residual	coords	0	1			-0.9637534618377686	0.27612731900718673	ecDNA	0.42051340712525376	-0.3206661641597748	-0.3206661641597748	0.42051340712525376	-1.1950116157531738	0.232363810759932	-1.3968007564544678	0.19832427391315513	-3.19915771484375	0.039197431783249435	SCC152:C21	1	max	0.7900000214576721	min_delta	0.30000001192092896	0.20000000298023224	type_confidence	0.9800000190734863	0.10000000149011612	0.30000001192092896	0.6399999856948853	0.8399999886751175	0.20999999344348907	0.4099999964237213	0.23000000417232513	0.4300000071525574	0.11999999731779099	0.3200000002980232	none	none_objectness	False	ecDNA	0.42051340712525376	0.18814959636532175		none		none	False	False	False	False	False	False	background	True	0	train
SCC152:chr9:97818032-97942607:22		SCC152	chr9	q	97818032	97942607	candidate_region_empty		empty_candidate_region	candidate_region	1	6	6	candidate_region_with_context	97856422	97942607	sv_attention	0.5409	0.6918	mixed_HP	0.0	0.2	0.0	0.0	0.0	0.0	C22			chromosome_arm	49224000	138350001	402	402	8	1	1	124576	8.027228358592345e-06	0.0	124576.0	124576.0	124576.0	False	0.0	0.0	1	0	0	0	0	0	0	0	0	0	0	0	3	0					0	1		1	0	1	1	sample_residual	coords	0	1			-0.24831339716911316	0.43823867299457214	chromothripsis	0.25916971649853615	-1.050288438796997	-1.7629752159118652	0.14641810647080092	-2.384073495864868	0.08439526233718446	-1.050288438796997	0.25916971649853615	-2.8870556354522705	0.052797171282020286	SCC152:C22	1	max	0.7900000214576721	min_delta	0.30000001192092896	0.20000000298023224	type_confidence	0.9800000190734863	0.10000000149011612	0.30000001192092896	0.6399999856948853	0.8399999886751175	0.20999999344348907	0.4099999964237213	0.23000000417232513	0.4300000071525574	0.11999999731779099	0.3200000002980232	none	none_objectness	False	chromothripsis	0.25916971649853615	0.11275161002773523		none		none	False	False	False	False	False	False	background	True	0	train
SCC152:chr9:108230866-108585071:23		SCC152	chr9	q	108230866	108585071	candidate_region_empty		empty_candidate_region	candidate_region	1	0	0	candidate_region_with_context	108388597	108506205	cn_attention	0.2024	0.332	HP2	-0.3333	0.1111	0.0	0.0	2.0	4.0	C23			chromosome_arm	49224000	138350001	402	402	8	1	1	354206	2.823215868731755e-06	6.0	354206.0	354206.0	354206.0	False	0.0	0.0	0	0	0	0	0	0	1	0	0	0	0	0	2	0					0	2		0	0	0	0	sample_residual	coords	0	1			1.1699291467666626	0.7631322084330875	Seismic_Amplification	0.22936851799250743	-1.2118803262710571	-1.8729777336120605	0.13319754976800818	-1.2118803262710571	0.22936851799250743	-2.524466037750244	0.07416071918765725	-2.4283688068389893	0.08103485626183235	SCC152:C23	1	max	0.7900000214576721	min_delta	0.30000001192092896	0.20000000298023224	type_confidence	0.9800000190734863	0.10000000149011612	0.30000001192092896	0.6399999856948853	0.8399999886751175	0.20999999344348907	0.4099999964237213	0.23000000417232513	0.4300000071525574	0.11999999731779099	0.3200000002980232	none	none_objectness	False	Seismic_Amplification	0.22936851799250743	0.09617096822449925		none		none	False	False	False	False	False	False	background	True	0	train
SCC152:chr10:61194154-61266447:24		SCC152	chr10	q	61194154	61266447	candidate_region_empty		empty_candidate_region	candidate_region	1	0	0	candidate_region_with_context	61226346	61248373	cn_attention	0.2034	0.3047	HP2	-0.3333	0.1111	0.0	0.0	1.0	2.0	C24			chromosome_arm	40246000	133750001	402	402	8	1	0	72294	1.3832406562093672e-05	3.0	72294.0	72294.0	72294.0	False	0.0	0.0	0	0	0	1	0	0	0	0	0	0	0	0	2	0					0	2		0	0	0	0	sample_residual	coords	0	1			0.9137119054794312	0.7137591324844977	ecDNA	0.28503896475513063	-0.9196021556854248	-0.9196021556854248	0.28503896475513063	-1.5424761772155762	0.17617559974970376	-1.7215651273727417	0.15166967519525884	-2.936263084411621	0.050389786915130234	SCC152:C24	1	max	0.7900000214576721	min_delta	0.30000001192092896	0.20000000298023224	type_confidence	0.9800000190734863	0.10000000149011612	0.30000001192092896	0.6399999856948853	0.8399999886751175	0.20999999344348907	0.4099999964237213	0.23000000417232513	0.4300000071525574	0.11999999731779099	0.3200000002980232	none	none_objectness	False	ecDNA	0.28503896475513063	0.10886336500542687		none		none	False	False	False	False	False	False	background	True	0	train
SCC152:chr10:133750002-133797422:25		SCC152	chr10	q	133750002	133797422	candidate_region_empty		empty_candidate_region	candidate_region	1	0	0	candidate_region_with_context	133775193	133790753	cn_attention	0.2049	0.3281	mixed_HP	0.0	0.2	0.0	0.0	1.0	1.0	C25			chromosome_arm	40246000	133750001	402	402	8	1	0	47421	2.108770375993758e-05	2.0	47421.0	47421.0	47421.0	False	0.0	0.0	0	0	1	0	0	0	0	0	0	0	0	0	0	0					0	0		0	0	0	0	sample_residual	coords	0	1			-0.9187580347061157	0.2852110208594241	ecDNA	0.419061235738181	-0.32662829756736755	-0.32662829756736755	0.419061235738181	-1.2335411310195923	0.22556224600146427	-1.4137089252471924	0.19564972049852686	-3.167323589324951	0.04041408114989757	SCC152:C25	1	max	0.7900000214576721	min_delta	0.30000001192092896	0.20000000298023224	type_confidence	0.9800000190734863	0.10000000149011612	0.30000001192092896	0.6399999856948853	0.8399999886751175	0.20999999344348907	0.4099999964237213	0.23000000417232513	0.4300000071525574	0.11999999731779099	0.3200000002980232	none	none_objectness	False	ecDNA	0.419061235738181	0.19349898973671673		none		none	False	False	False	False	False	False	background	True	0	train
SCC152:chr11:9401665-10929493:26		SCC152	chr11	p	9401665	10929493	candidate_region_empty		empty_candidate_region	candidate_region	2	3	3	candidate_region_with_context	9486371	10929493	sv_attention	0.435	0.9446	mixed_HP	0.1211	0.3	8.0	15.0	3.8891	0.0554	C26			chromosome_arm	0	53714000	402	402	8	2	1	1527829	1.309047020314446e-06	3.9445566225016018	424311.25	763914.5	1103517.75	False	0.0	0.0	0	0	0	1	1	0	0	0	0	0	0	0	4	0					0	0		0	4	0	0	sample_residual	coords	0	1			1.137054681777954	0.7571384647008002	chromothripsis	0.25120101626471875	-1.0922170877456665	-1.8727247714996338	0.13322675846221033	-2.9831788539886475	0.04819160770752207	-1.0922170877456665	0.25120101626471875	-3.021733045578003	0.0464536476688863	SCC152:C26	1	max	0.7900000214576721	min_delta	0.30000001192092896	0.20000000298023224	type_confidence	0.9800000190734863	0.10000000149011612	0.30000001192092896	0.6399999856948853	0.8399999886751175	0.20999999344348907	0.4099999964237213	0.23000000417232513	0.4300000071525574	0.11999999731779099	0.3200000002980232	none	none_objectness	False	chromothripsis	0.25120101626471875	0.11797425780250842		none		none	False	False	False	False	False	False	background	True	0	train
SCC152:chr11:135076383-135086622:27		SCC152	chr11	q	135076383	135086622	candidate_region_empty		empty_candidate_region	candidate_region	1	0	0	candidate_region_with_context	135081822	135085182	cn_attention	0.2049	0.3282	mixed_HP	0.0	0.2	0.0	0.0	1.0	1.0	C27			chromosome_arm	53714000	135076382	402	402	8	1	0	10240	9.765625e-05	2.0	10240.0	10240.0	10240.0	False	0.0	0.0	0	0	1	0	0	0	0	0	0	0	0	0	1	0					0	0		1	0	0	1	sample_residual	coords	0	1			-0.6392853260040283	0.3454081102896077	ecDNA	0.4326764200269073	-0.2709396779537201	-0.2709396779537201	0.4326764200269073	-1.0571504831314087	0.25785437754616725	-1.6290714740753174	0.16395759967295787	-3.263484001159668	0.03684537009381226	SCC152:C27	1	max	0.7900000214576721	min_delta	0.30000001192092896	0.20000000298023224	type_confidence	0.9800000190734863	0.10000000149011612	0.30000001192092896	0.6399999856948853	0.8399999886751175	0.20999999344348907	0.4099999964237213	0.23000000417232513	0.4300000071525574	0.11999999731779099	0.3200000002980232	none	none_objectness	False	ecDNA	0.4326764200269073	0.17482204248074007		none		none	False	False	False	False	False	False	background	True	0	train
SCC152:chr12:57671836-58010199:28		SCC152	chr12	q	57671836	58010199	candidate_region_empty		empty_candidate_region	candidate_region	1	0	0	candidate_region_with_context	57822513	57924286	cn_attention	0.2041	0.3008	mixed_HP	0.0	0.2	0.0	0.0	1.0	1.0	C28			chromosome_arm	35807000	133250001	402	402	8	1	1	338364	2.9553971462685155e-06	2.0	338364.0	338364.0	338364.0	False	0.0	0.0	0	0	1	0	0	0	0	0	0	0	0	0	2	0					0	2		0	0	0	0	sample_residual	coords	0	1			1.305425763130188	0.7867467138771641	chromothripsis	0.20738322470274023	-1.3407714366912842	-2.7336273193359375	0.0610180050274539	-2.1540839672088623	0.10395020803600818	-1.3407714366912842	0.20738322470274023	-2.690366268157959	0.06354421956871703	SCC152:C28	1	max	0.7900000214576721	min_delta	0.30000001192092896	0.20000000298023224	type_confidence	0.9800000190734863	0.10000000149011612	0.30000001192092896	0.6399999856948853	0.8399999886751175	0.20999999344348907	0.4099999964237213	0.23000000417232513	0.4300000071525574	0.11999999731779099	0.3200000002980232	none	none_objectness	False	chromothripsis	0.20738322470274023	0.10343301666673205		none		none	False	False	False	False	False	False	background	True	0	train
SCC152:chr12:133250002-133275309:29		SCC152	chr12	q	133250002	133275309	candidate_region_empty		empty_candidate_region	candidate_region	1	0	0	candidate_region_with_context	133263446	133271750	cn_attention	0.2049	0.3281	mixed_HP	0.0	0.2	0.0	0.0	1.0	1.0	C29			chromosome_arm	35807000	133250001	402	402	8	1	0	25308	3.951319740793425e-05	2.0	25308.0	25308.0	25308.0	False	0.0	0.0	0	0	1	0	0	0	0	0	0	0	0	0	0	0					0	0		0	0	0	0	sample_residual	coords	0	1			-0.9930521249771118	0.27030964751004155	ecDNA	0.41313129287719463	-0.3510356843471527	-0.3510356843471527	0.41313129287719463	-1.1146485805511475	0.24700526555838215	-1.4139140844345093	0.195617436427003	-3.2853469848632812	0.0360773090805971	SCC152:C29	1	max	0.7900000214576721	min_delta	0.30000001192092896	0.20000000298023224	type_confidence	0.9800000190734863	0.10000000149011612	0.30000001192092896	0.6399999856948853	0.8399999886751175	0.20999999344348907	0.4099999964237213	0.23000000417232513	0.4300000071525574	0.11999999731779099	0.3200000002980232	none	none_objectness	False	ecDNA	0.41313129287719463	0.16612602731881249		none		none	False	False	False	False	False	False	background	True	0	train
SCC152:chr13:72909271-73218361:30		SCC152	chr13	q	72909271	73218361	candidate_region_empty		empty_candidate_region	candidate_region	1	0	0	candidate_region_with_context	73045705	73149540	cn_attention	0.2019	0.3359	HP1	1.0	1.0	0.0	0.0	3.0	0.0	C30			chromosome_arm	17900000	114350001	402	402	8	1	1	309091	3.235293166090245e-06	3.0	309091.0	309091.0	309091.0	False	0.0	0.0	0	0	0	1	0	0	0	0	0	0	0	0	2	0					0	2		0	0	0	0	sample_residual	coords	0	1			1.0119911432266235	0.73340963833168	Seismic_Amplification	0.14761056593644822	-1.753466010093689	-1.9125348329544067	0.12869634458901202	-1.753466010093689	0.14761056593644822	-2.193857431411743	0.10030345155276375	-2.2872915267944336	0.09218095457278432	SCC152:C30	1	max	0.7900000214576721	min_delta	0.30000001192092896	0.20000000298023224	type_confidence	0.9800000190734863	0.10000000149011612	0.30000001192092896	0.6399999856948853	0.8399999886751175	0.20999999344348907	0.4099999964237213	0.23000000417232513	0.4300000071525574	0.11999999731779099	0.3200000002980232	none	none_objectness	False	Seismic_Amplification	0.14761056593644822	0.0189142213474362		none		none	False	False	False	False	False	False	background	True	0	train
SCC152:chr13:114350002-114364328:31		SCC152	chr13	q	114350002	114364328	candidate_region_empty		empty_candidate_region	candidate_region	1	0	0	candidate_region_with_context	114357612	114362313	cn_attention	0.2049	0.3281	mixed_HP	0.0	0.2	0.0	0.0	1.0	1.0	C31			chromosome_arm	17900000	114350001	402	402	8	1	0	14327	6.979828296223913e-05	2.0	14327.0	14327.0	14327.0	False	0.0	0.0	0	0	1	0	0	0	0	0	0	0	0	0	0	0					0	0		0	0	0	0	sample_residual	coords	0	1			-0.9727307558059692	0.2743365393912339	ecDNA	0.411837342010936	-0.3563750684261322	-0.3563750684261322	0.411837342010936	-1.007137417793274	0.26754043625766716	-1.4561022520065308	0.18906419962071871	-3.36271333694458	0.033481307626059956	SCC152:C31	1	max	0.7900000214576721	min_delta	0.30000001192092896	0.20000000298023224	type_confidence	0.9800000190734863	0.10000000149011612	0.30000001192092896	0.6399999856948853	0.8399999886751175	0.20999999344348907	0.4099999964237213	0.23000000417232513	0.4300000071525574	0.11999999731779099	0.3200000002980232	none	none_objectness	False	ecDNA	0.411837342010936	0.14429690575326887		none		none	False	False	False	False	False	False	background	True	0	train
SCC152:chr14:91404278-91666087:32		SCC152	chr14	q	91404278	91666087	candidate_region_empty		empty_candidate_region	candidate_region	2	2	2	candidate_region_with_context	91666086	91666087	sv_attention	0.6025	0.0	HP1	0.2778	0.037	5.0	1.0	0.8308	2.4925	C32			chromosome_arm	17600000	107000001	402	402	8	2	1	261810	7.639127611626752e-06	3.323356632672549	87596.5	130905.0	174213.5	False	0.0	0.0	1	0	0	0	1	0	0	0	0	0	0	0	3	0					0	0		3	0	0	3	sample_residual	coords	0	1			-0.8728091716766357	0.2946701082016376	ecDNA	0.5522988329654818	0.20996329188346863	0.20996329188346863	0.5522988329654818	-1.3956743478775024	0.19850342444933097	-1.6376590728759766	0.1627838446614988	-3.388383150100708	0.03266049914371125	SCC152:C32	1	max	0.7900000214576721	min_delta	0.30000001192092896	0.20000000298023224	type_confidence	0.9800000190734863	0.10000000149011612	0.30000001192092896	0.6399999856948853	0.8399999886751175	0.20999999344348907	0.4099999964237213	0.23000000417232513	0.4300000071525574	0.11999999731779099	0.3200000002980232	none	none_objectness	False	ecDNA	0.5522988329654818	0.35379540851615077		none		none	False	False	False	False	False	False	background	True	0	train
SCC152:chr14:106075079-107043718:33		SCC152	chr14	q	106075079	107043718	candidate_region_empty		empty_candidate_region	candidate_region	2	1	1	candidate_region_with_context	106758468	107043718	sv_attention	0.3	0.2945	mixed_HP	0.0	0.2	0.0	0.0	0.0	0.0	C33			chromosome_arm	17600000	107000001	402	402	8	2	1	968640	2.064750578130162e-06	0.0902647010241162	264018.5	484320.0	704621.5	False	0.0	0.0	1	0	1	0	0	0	0	0	0	0	0	0	1	0					1	0		0	0	0	0	sample_residual	coords	0	1			0.6779131889343262	0.6632727837662458	chromothripsis	0.25472928561570624	-1.0735461711883545	-2.0228753089904785	0.11682200495032898	-2.3670570850372314	0.0857194995666095	-1.0735461711883545	0.25472928561570624	-2.5137248039245605	0.07490160375543169	SCC152:C33	1	max	0.7900000214576721	min_delta	0.30000001192092896	0.20000000298023224	type_confidence	0.9800000190734863	0.10000000149011612	0.30000001192092896	0.6399999856948853	0.8399999886751175	0.20999999344348907	0.4099999964237213	0.23000000417232513	0.4300000071525574	0.11999999731779099	0.3200000002980232	none	none_objectness	False	chromothripsis	0.25472928561570624	0.13790728066537727		none		none	False	False	False	False	False	False	background	True	0	train
SCC152:chr15:41456961-56139903:34		SCC152	chr15	q	41456961	56139903	candidate_region_empty		empty_candidate_region	candidate_region	6	6	6	candidate_region_with_context	41721357	56139902	sv_attention	0.5751	0.982	HP1	0.7909	0.7213	23.0	4.0	1.0885	0.0191	C34			chromosome_arm	19050000	101950001	402	402	8	4	4	14682943	4.0863742370994697e-07	1.1076428615162506	87673.25	254557.0	3822489.0	True	0.8333333333333334	0.8	0	2	0	3	0	1	0	0	0	0	0	0	7	0					4	3		0	0	0	0	sample_residual	coords	0	1			2.882383108139038	0.9469686684883782	chromothripsis	0.4457444465481913	-0.21788007020950317	-2.1465108394622803	0.1046577223966928	-2.459871530532837	0.07871965364073624	-0.21788007020950317	0.4457444465481913	-3.142091751098633	0.04140401858847107	SCC152:C34	1	max	0.7900000214576721	min_delta	0.30000001192092896	0.20000000298023224	type_confidence	0.9800000190734863	0.10000000149011612	0.30000001192092896	0.6399999856948853	0.8399999886751175	0.20999999344348907	0.4099999964237213	0.23000000417232513	0.4300000071525574	0.11999999731779099	0.3200000002980232	chromothripsis	objectness_type_threshold	False	chromothripsis	0.4457444465481913	0.3410867241514985	chromothripsis	chromothripsis	chromothripsis:noncanonical	chromothripsis:noncanonical	True	False	False	False	False	False	background	False	1	train
SCC152:chr15:74834670-74955943:35		SCC152	chr15	q	74834670	74955943	candidate_region_empty		empty_candidate_region	candidate_region	2	4	4	candidate_region_with_context	74857297	74879926	sv_attention	0.3578	0.1866	HP1	0.9167	0.8889	15.0	1.0	2.1866	0.0	C35			chromosome_arm	19050000	101950001	402	402	8	2	0	121274	1.649158104787506e-05	2.1865939937661825	41633.0	60637.0	79641.0	False	0.0	0.0	0	0	1	1	0	0	0	0	0	0	0	0	3	0					0	0		0	3	0	0	sample_residual	coords	0	1			0.12275955080986023	0.5306514045482494	ecDNA	0.4116598109432477	-0.3571080267429352	-0.3571080267429352	0.4116598109432477	-1.259630799293518	0.2210374546130573	-1.9974524974822998	0.11947065302137602	-2.744296073913574	0.060409595969843674	SCC152:C35	1	max	0.7900000214576721	min_delta	0.30000001192092896	0.20000000298023224	type_confidence	0.9800000190734863	0.10000000149011612	0.30000001192092896	0.6399999856948853	0.8399999886751175	0.20999999344348907	0.4099999964237213	0.23000000417232513	0.4300000071525574	0.11999999731779099	0.3200000002980232	none	none_objectness	False	ecDNA	0.4116598109432477	0.19062235633019042		none		none	False	False	False	False	False	False	background	True	0	train
SCC152:chr15:101950002-101991189:36		SCC152	chr15	q	101950002	101991189	candidate_region_empty		empty_candidate_region	candidate_region	1	0	0	candidate_region_with_context	101971882	101985397	cn_attention	0.2049	0.3281	mixed_HP	0.0	0.2	0.0	0.0	1.0	1.0	C36			chromosome_arm	19050000	101950001	402	402	8	1	0	41188	2.4278916189181315e-05	2.0	41188.0	41188.0	41188.0	False	0.0	0.0	0	0	1	0	0	0	0	0	0	0	0	0	0	0					0	0		0	0	0	0	sample_residual	coords	0	1			-0.9595521688461304	0.2769678670921463	ecDNA	0.40730713258848533	-0.3751088082790375	-0.3751088082790375	0.40730713258848533	-1.2169853448867798	0.22846740895428755	-1.4148046970367432	0.195477335405148	-3.2203848361968994	0.03840577068054857	SCC152:C36	1	max	0.7900000214576721	min_delta	0.30000001192092896	0.20000000298023224	type_confidence	0.9800000190734863	0.10000000149011612	0.30000001192092896	0.6399999856948853	0.8399999886751175	0.20999999344348907	0.4099999964237213	0.23000000417232513	0.4300000071525574	0.11999999731779099	0.3200000002980232	none	none_objectness	False	ecDNA	0.40730713258848533	0.17883972363419778		none		none	False	False	False	False	False	False	background	True	0	train
SCC152:chr16:90300002-90338345:37		SCC152	chr16	q	90300002	90338345	candidate_region_empty		empty_candidate_region	candidate_region	1	0	0	candidate_region_with_context	90320371	90332953	cn_attention	0.2049	0.3281	mixed_HP	0.0	0.2	0.0	0.0	1.0	1.0	C37			chromosome_arm	36800000	90300001	402	402	8	1	0	38344	2.6079699561861048e-05	2.0	38344.0	38344.0	38344.0	False	0.0	0.0	0	0	1	0	0	0	0	0	0	0	0	0	0	0					0	0		0	0	0	0	sample_residual	coords	0	1			-0.978217363357544	0.2732456408996331	ecDNA	0.3513361939712775	-0.6131709814071655	-0.6131709814071655	0.3513361939712775	-1.2410680055618286	0.22425013861773066	-1.4319980144500732	0.19278756132210625	-3.3238534927368164	0.03476187834076271	SCC152:C37	1	max	0.7900000214576721	min_delta	0.30000001192092896	0.20000000298023224	type_confidence	0.9800000190734863	0.10000000149011612	0.30000001192092896	0.6399999856948853	0.8399999886751175	0.20999999344348907	0.4099999964237213	0.23000000417232513	0.4300000071525574	0.11999999731779099	0.3200000002980232	none	none_objectness	False	ecDNA	0.3513361939712775	0.12708605535354686		none		none	False	False	False	False	False	False	background	True	0	train
SCC152:chr17:21795851-21999999:38		SCC152	chr17	p	21795851	21999999	candidate_region_empty		empty_candidate_region	candidate_region	1	0	0	candidate_region_with_context	21883570	21952949	cn_attention	0.2024	0.3398	HP1	1.0	1.0	0.0	0.0	2.0	0.0	C38			chromosome_arm	0	25150000	402	402	8	1	1	204149	4.898383043757256e-06	2.0	204150.0	204150.0	204150.0	False	0.0	0.0	0	0	1	0	0	0	0	0	0	0	0	0	1	0					0	0		1	0	0	1	sample_residual	coords	0	1			0.0691734254360199	0.5172864639847422	chromothripsis	0.1718603242556716	-1.5724997520446777	-1.5830397605895996	0.17036540850426915	-1.769823431968689	0.14556428826914855	-1.5724997520446777	0.1718603242556716	-3.030179977416992	0.046080915040045044	SCC152:C38	1	max	0.7900000214576721	min_delta	0.30000001192092896	0.20000000298023224	type_confidence	0.9800000190734863	0.10000000149011612	0.30000001192092896	0.6399999856948853	0.8399999886751175	0.20999999344348907	0.4099999964237213	0.23000000417232513	0.4300000071525574	0.11999999731779099	0.3200000002980232	none	none_objectness	False	chromothripsis	0.1718603242556716	0.0014949157514024536		none		none	False	False	False	False	False	False	background	True	0	train
SCC152:chr17:48539679-48625674:39		SCC152	chr17	q	48539679	48625674	candidate_region_empty		empty_candidate_region	candidate_region	1	0	0	candidate_region_with_context	48578981	48604847	cn_attention	0.2035	0.3008	HP2	-0.3333	0.1111	0.0	0.0	1.0	2.0	C39			chromosome_arm	25150000	83250001	402	402	8	1	0	85996	1.1628447834783012e-05	3.0	85996.0	85996.0	85996.0	False	0.0	0.0	0	0	0	1	0	0	0	0	0	0	0	0	2	0					0	2		0	0	0	0	sample_residual	coords	0	1			0.7810007333755493	0.6858957548051817	ecDNA	0.237542552854679	-1.1661999225616455	-1.1661999225616455	0.237542552854679	-1.596911072731018	0.16841377792864315	-1.7224971055984497	0.15154980022345746	-2.9384212493896484	0.050286617453329165	SCC152:C39	1	max	0.7900000214576721	min_delta	0.30000001192092896	0.20000000298023224	type_confidence	0.9800000190734863	0.10000000149011612	0.30000001192092896	0.6399999856948853	0.8399999886751175	0.20999999344348907	0.4099999964237213	0.23000000417232513	0.4300000071525574	0.11999999731779099	0.3200000002980232	none	none_objectness	False	ecDNA	0.237542552854679	0.06912877492603586		none		none	False	False	False	False	False	False	background	True	0	train
SCC152:chr17:83250002-83257441:40		SCC152	chr17	q	83250002	83257441	candidate_region_empty		empty_candidate_region	candidate_region	1	0	0	candidate_region_with_context	83253953	83256394	cn_attention	0.2049	0.3281	mixed_HP	0.0	0.2	0.0	0.0	1.0	1.0	C40			chromosome_arm	25150000	83250001	402	402	8	1	0	7440	0.0001344086021505	2.0	7440.0	7440.0	7440.0	False	0.0	0.0	0	0	1	0	0	0	0	0	0	0	0	0	0	0					0	0		0	0	0	0	sample_residual	coords	0	1			-0.9547677040100098	0.2779270097382065	ecDNA	0.3522630893993172	-0.6091063022613525	-0.6091063022613525	0.3522630893993172	-0.9492375254631042	0.279038187615015	-1.5208181142807007	0.1793410795119886	-3.52736496925354	0.028543563305236108	SCC152:C40	1	max	0.7900000214576721	min_delta	0.30000001192092896	0.20000000298023224	type_confidence	0.9800000190734863	0.10000000149011612	0.30000001192092896	0.6399999856948853	0.8399999886751175	0.20999999344348907	0.4099999964237213	0.23000000417232513	0.4300000071525574	0.11999999731779099	0.3200000002980232	none	none_objectness	False	ecDNA	0.3522630893993172	0.07322490178430224		none		none	False	False	False	False	False	False	background	True	0	train
SCC152:chr18:80350002-80373285:41		SCC152	chr18	q	80350002	80373285	candidate_region_empty		empty_candidate_region	candidate_region	1	0	0	candidate_region_with_context	80362371	80370010	cn_attention	0.2049	0.3281	mixed_HP	0.0	0.2	0.0	0.0	1.0	1.0	C41			chromosome_arm	18540000	80350001	402	402	8	1	0	23284	4.294794708812919e-05	2.0	23284.0	23284.0	23284.0	False	0.0	0.0	0	0	1	0	0	0	0	0	0	0	0	0	0	0					0	0		0	0	0	0	sample_residual	coords	0	1			-1.0052785873413086	0.26790485477670345	ecDNA	0.37166160159373696	-0.5250951051712036	-0.5250951051712036	0.37166160159373696	-1.12961745262146	0.2442317055780724	-1.4518203735351562	0.18972156684527966	-3.382796287536621	0.03283747091774914	SCC152:C41	1	max	0.7900000214576721	min_delta	0.30000001192092896	0.20000000298023224	type_confidence	0.9800000190734863	0.10000000149011612	0.30000001192092896	0.6399999856948853	0.8399999886751175	0.20999999344348907	0.4099999964237213	0.23000000417232513	0.4300000071525574	0.11999999731779099	0.3200000002980232	none	none_objectness	False	ecDNA	0.37166160159373696	0.12742989601566457		none		none	False	False	False	False	False	False	background	True	0	train
SCC152:chr19:17304846-17356981:42		SCC152	chr19	p	17304846	17356981	candidate_region_empty		empty_candidate_region	candidate_region	1	2	2	candidate_region_with_context	17356980	17356981	sv_attention	0.3	0.0	HP1	0.3333	0.1111	18.0	0.0	0.0	4.0	C42			chromosome_arm	0	26260000	402	402	8	1	0	52136	1.918060457265613e-05	4.0	52136.0	52136.0	52136.0	False	0.0	0.0	0	0	0	0	1	0	0	0	0	0	0	0	2	0					0	1		0	1	0	0	sample_residual	coords	0	1			1.4847779273986816	0.8152931739839412	ecDNA	0.31135515977216843	-0.7937914133071899	-0.7937914133071899	0.31135515977216843	-1.4876221418380737	0.18427889919045642	-1.5677125453948975	0.17254273101647416	-2.837812900543213	0.055314713566802724	SCC152:C42	2	max	0.7900000214576721	min_delta	0.30000001192092896	0.20000000298023224	type_confidence	0.9800000190734863	0.10000000149011612	0.30000001192092896	0.6399999856948853	0.8399999886751175	0.20999999344348907	0.4099999964237213	0.23000000417232513	0.4300000071525574	0.11999999731779099	0.3200000002980232	none	none_type_threshold	False	ecDNA	0.31135515977216843	0.127076260581712		none		none	False	False	False	False	False	False	background	True	0	train
SCC152:chr19:32832827-33458207:43		SCC152	chr19	q	32832827	33458207	candidate_region_empty		empty_candidate_region	candidate_region	1	1	1	candidate_region_with_context	33458206	33458207	sv_attention	0.3	0.0	HP1	0.3333	0.1111	2.0	0.0	0.0	3.0	C42			chromosome_arm	26260000	58600001	402	402	8	1	1	625381	1.599025234217221e-06	3.0	625381.0	625381.0	625381.0	False	0.0	0.0	0	0	0	1	0	0	0	0	0	0	0	0	2	0					0	0		1	1	0	1	sample_residual	coords	0	1			1.4847779273986816	0.8152931739839412	ecDNA	0.31135515977216843	-0.7937914133071899	-0.7937914133071899	0.31135515977216843	-1.4876221418380737	0.18427889919045642	-1.5677125453948975	0.17254273101647416	-2.837812900543213	0.055314713566802724	SCC152:C42	2	max	0.7900000214576721	min_delta	0.30000001192092896	0.20000000298023224	type_confidence	0.9800000190734863	0.10000000149011612	0.30000001192092896	0.6399999856948853	0.8399999886751175	0.20999999344348907	0.4099999964237213	0.23000000417232513	0.4300000071525574	0.11999999731779099	0.3200000002980232	none	none_type_threshold	False	ecDNA	0.31135515977216843	0.127076260581712		none		none	False	False	False	False	False	False	background	True	0	train
SCC152:chr19:58600002-58617616:44		SCC152	chr19	q	58600002	58617616	candidate_region_empty		empty_candidate_region	candidate_region	1	0	0	candidate_region_with_context	58609359	58615139	cn_attention	0.2049	0.3281	mixed_HP	0.0	0.2	0.0	0.0	1.0	1.0	C43			chromosome_arm	26260000	58600001	402	402	8	1	0	17615	5.676979846721544e-05	2.0	17615.0	17615.0	17615.0	False	0.0	0.0	0	0	1	0	0	0	0	0	0	0	0	0	0	0					0	0		0	0	0	0	sample_residual	coords	0	1			-0.9700287580490112	0.2748747701581111	ecDNA	0.2920012979024463	-0.8856840133666992	-0.8856840133666992	0.2920012979024463	-1.1346149444580078	0.24331043512875203	-1.498024344444275	0.1827203707192966	-3.572683334350586	0.027313431218938342	SCC152:C43	1	max	0.7900000214576721	min_delta	0.30000001192092896	0.20000000298023224	type_confidence	0.9800000190734863	0.10000000149011612	0.30000001192092896	0.6399999856948853	0.8399999886751175	0.20999999344348907	0.4099999964237213	0.23000000417232513	0.4300000071525574	0.11999999731779099	0.3200000002980232	none	none_objectness	False	ecDNA	0.2920012979024463	0.04869086277369425		none		none	False	False	False	False	False	False	background	True	0	train
SCC152:chr20:0-1586858:45		SCC152	chr20	p	0	1586858	candidate_region_empty		empty_candidate_region	candidate_region	1	3	3	candidate_region_with_context	1302443	1586858	sv_attention	0.7662	0.1792	HP1	0.4641	0.2854	13.0	4.0	2.0	1.0	C44			chromosome_arm	0	28120000	402	402	8	1	1	1586859	6.301757118937473e-07	3.0	1586859.0	1586859.0	1586859.0	False	0.0	0.0	0	0	0	1	0	0	0	0	0	0	0	0	1	0					0	1		0	0	0	0	sample_residual	coords	0	1			2.475886344909668	0.9224339787580824	chromothripsis	0.11727523519681003	-2.0184898376464844	-3.2068967819213867	0.03890700798489531	-3.4308791160583496	0.031344229729719814	-2.0184898376464844	0.11727523519681003	-2.437058925628662	0.08039007031645584	SCC152:C44	1	max	0.7900000214576721	min_delta	0.30000001192092896	0.20000000298023224	type_confidence	0.9800000190734863	0.10000000149011612	0.30000001192092896	0.6399999856948853	0.8399999886751175	0.20999999344348907	0.4099999964237213	0.23000000417232513	0.4300000071525574	0.11999999731779099	0.3200000002980232	none	none_type_threshold	False	chromothripsis	0.11727523519681003	0.03688516488035419		none		none	False	False	False	False	False	False	background	True	0	train
SCC152:chr20:14913191-14960863:46		SCC152	chr20	p	14913191	14960863	candidate_region_empty		empty_candidate_region	candidate_region	1	0	0	candidate_region_with_context	14933116	14949876	cn_attention	0.2024	0.3516	HP1	1.0	1.0	0.0	0.0	1.0	0.0	C45			chromosome_arm	0	28120000	402	402	8	1	0	47673	2.0976233926960756e-05	1.0	47673.0	47673.0	47673.0	False	0.0	0.0	0	1	0	0	0	0	0	0	0	0	0	0	2	0					2	0		0	0	0	0	sample_residual	coords	0	1			-1.034942388534546	0.2621270416611134	chromothripsis	0.24768831395535196	-1.1109795570373535	-1.5192641019821167	0.17956990969323472	-1.7382240295410156	0.1495386563028365	-1.1109795570373535	0.24768831395535196	-3.784014940261841	0.022226018351837046	SCC152:C45	1	max	0.7900000214576721	min_delta	0.30000001192092896	0.20000000298023224	type_confidence	0.9800000190734863	0.10000000149011612	0.30000001192092896	0.6399999856948853	0.8399999886751175	0.20999999344348907	0.4099999964237213	0.23000000417232513	0.4300000071525574	0.11999999731779099	0.3200000002980232	none	none_objectness	False	chromothripsis	0.24768831395535196	0.06811840426211724		none		none	False	False	False	False	False	False	background	True	0	train
SCC152:chr20:37042729-37511969:47		SCC152	chr20	q	37042729	37511969	candidate_region_empty		empty_candidate_region	candidate_region	1	0	0	candidate_region_with_context	37264518	37473476	cn_attention	0.2019	0.4453	HP1	1.0	1.0	0.0	0.0	4.0	0.0	C46			chromosome_arm	28120000	64400001	402	402	8	1	1	469241	2.131101075992933e-06	4.0	469241.0	469241.0	469241.0	False	0.0	0.0	0	0	0	0	1	0	0	0	0	0	0	0	2	0					0	2		0	0	0	0	sample_residual	coords	0	1			0.940324068069458	0.7191651130081665	chromothripsis	0.19864041475036426	-1.3948135375976562	-2.3444368839263916	0.08750897550572896	-2.678049325942993	0.06428110791329335	-1.3948135375976562	0.19864041475036426	-3.062908172607422	0.04466345087064459	SCC152:C46	1	max	0.7900000214576721	min_delta	0.30000001192092896	0.20000000298023224	type_confidence	0.9800000190734863	0.10000000149011612	0.30000001192092896	0.6399999856948853	0.8399999886751175	0.20999999344348907	0.4099999964237213	0.23000000417232513	0.4300000071525574	0.11999999731779099	0.3200000002980232	none	none_objectness	False	chromothripsis	0.19864041475036426	0.1111314392446353		none		none	False	False	False	False	False	False	background	True	0	train
SCC152:chr20:50003414-50162175:48		SCC152	chr20	q	50003414	50162175	candidate_region_empty		empty_candidate_region	candidate_region	1	1	1	candidate_region_with_context	50162174	50162175	sv_attention	0.3	0.0	HP2	-0.6667	0.5556	0.0	4.0	2.0	2.0	C47			chromosome_arm	28120000	64400001	402	402	8	1	1	158762	6.298736473463424e-06	4.0	158762.0	158762.0	158762.0	False	0.0	0.0	0	0	0	0	1	0	0	0	0	0	0	0	1	0					1	0		0	0	0	0	sample_residual	coords	0	1			-1.2244840860366821	0.22714829755523644	ecDNA	0.2511739076412368	-1.0923612117767334	-1.0923612117767334	0.2511739076412368	-1.661093831062317	0.15961521777914034	-1.2992781400680542	0.21428652986874522	-3.6682851314544678	0.024885123003204508	SCC152:C47	1	max	0.7900000214576721	min_delta	0.30000001192092896	0.20000000298023224	type_confidence	0.9800000190734863	0.10000000149011612	0.30000001192092896	0.6399999856948853	0.8399999886751175	0.20999999344348907	0.4099999964237213	0.23000000417232513	0.4300000071525574	0.11999999731779099	0.3200000002980232	none	none_objectness	False	ecDNA	0.2511739076412368	0.0368873777724916		none		none	False	False	False	False	False	False	background	True	0	train
SCC152:chr21:34724450-34811197:49		SCC152	chr21	q	34724450	34811197	candidate_region_empty		empty_candidate_region	candidate_region	1	3	3	candidate_region_with_context	34724637	34811197	sv_attention	0.4364	0.9978	HP2	-0.3333	0.1111	4.0	12.0	0.0	0.0	C48			chromosome_arm	12910000	46700001	402	402	8	1	0	86748	1.1527643288606076e-05	0.0	86748.0	86748.0	86748.0	False	0.0	0.0	1	0	0	0	0	0	0	0	0	0	0	0	2	0					0	0		0	2	0	0	sample_residual	coords	0	1			-0.7991200685501099	0.3102137761995911	chromothripsis	0.2752765901530642	-0.9680137038230896	-1.8844139575958252	0.13188269943117514	-2.330803394317627	0.08860376519635497	-0.9680137038230896	0.2752765901530642	-3.191075325012207	0.03950295884863813	SCC152:C48	1	max	0.7900000214576721	min_delta	0.30000001192092896	0.20000000298023224	type_confidence	0.9800000190734863	0.10000000149011612	0.30000001192092896	0.6399999856948853	0.8399999886751175	0.20999999344348907	0.4099999964237213	0.23000000417232513	0.4300000071525574	0.11999999731779099	0.3200000002980232	none	none_objectness	False	chromothripsis	0.2752765901530642	0.14339389072188907		none		none	False	False	False	False	False	False	background	True	0	train
SCC152:chr21:46700002-46709983:50		SCC152	chr21	q	46700002	46709983	candidate_region_empty		empty_candidate_region	candidate_region	1	0	0	candidate_region_with_context	46705304	46708579	cn_attention	0.2049	0.3281	mixed_HP	0.0	0.2	0.0	0.0	1.0	1.0	C49			chromosome_arm	12910000	46700001	402	402	8	1	0	9982	0.0001001803245842	2.0	9982.0	9982.0	9982.0	False	0.0	0.0	0	0	1	0	0	0	0	0	0	0	0	0	0	0					0	0		0	0	0	0	sample_residual	coords	0	1			-0.944645881652832	0.2799628521071861	ecDNA	0.2934879243386029	-0.8785037994384766	-0.8785037994384766	0.2934879243386029	-1.0390475988388062	0.26133380216128094	-1.5316734313964844	0.17774897472387194	-3.629716157913208	0.02583838208425733	SCC152:C49	1	max	0.7900000214576721	min_delta	0.30000001192092896	0.20000000298023224	type_confidence	0.9800000190734863	0.10000000149011612	0.30000001192092896	0.6399999856948853	0.8399999886751175	0.20999999344348907	0.4099999964237213	0.23000000417232513	0.4300000071525574	0.11999999731779099	0.3200000002980232	none	none_objectness	False	ecDNA	0.2934879243386029	0.03215412217732194		none		none	False	False	False	False	False	False	background	True	0	train
SCC152:chr22:50800002-50818468:51		SCC152	chr22	q	50800002	50818468	candidate_region_empty		empty_candidate_region	candidate_region	1	0	0	candidate_region_with_context	50809812	50815871	cn_attention	0.2049	0.3281	mixed_HP	0.0	0.2	0.0	0.0	1.0	1.0	C50			chromosome_arm	15050000	50800001	402	402	8	1	0	18467	5.415064710023285e-05	2.0	18467.0	18467.0	18467.0	False	0.0	0.0	0	0	1	0	0	0	0	0	0	0	0	0	0	0					0	0		0	0	0	0	sample_residual	coords	0	1			-0.9901617765426636	0.2708801249387112	ecDNA	0.31241320249056737	-0.7888613939285278	-0.7888613939285278	0.31241320249056737	-1.1265078783035278	0.24480613522559802	-1.490702509880066	0.18381630794485526	-3.5256106853485107	0.028592247795346134	SCC152:C50	1	max	0.7900000214576721	min_delta	0.30000001192092896	0.20000000298023224	type_confidence	0.9800000190734863	0.10000000149011612	0.30000001192092896	0.6399999856948853	0.8399999886751175	0.20999999344348907	0.4099999964237213	0.23000000417232513	0.4300000071525574	0.11999999731779099	0.3200000002980232	none	none_objectness	False	ecDNA	0.31241320249056737	0.06760706726496934		none		none	False	False	False	False	False	False	background	True	0	train
SCC152:chrX:49227472-49273295:52		SCC152	chrX	p	49227472	49273295	candidate_region_empty		empty_candidate_region	candidate_region	1	0	0	candidate_region_with_context	49247519	49263450	cn_attention	0.2024	0.3477	HP1	1.0	1.0	0.0	0.0	1.0	0.0	C51			chromosome_arm	0	61090000	402	402	8	1	0	45824	2.1822625698324023e-05	1.0	45824.0	45824.0	45824.0	False	0.0	0.0	0	1	0	0	0	0	0	0	0	0	0	0	2	0					0	2		0	0	0	0	sample_residual	coords	0	1			-1.062974452972412	0.256741443319889	chromothripsis	0.20271876404230663	-1.3693878650665283	-1.4553134441375732	0.18918516846120523	-1.3702856302261353	0.20257370249081705	-1.3693878650665283	0.20271876404230663	-3.2953124046325684	0.03573235192043725	SCC152:C51	1	max	0.7900000214576721	min_delta	0.30000001192092896	0.20000000298023224	type_confidence	0.9800000190734863	0.10000000149011612	0.30000001192092896	0.6399999856948853	0.8399999886751175	0.20999999344348907	0.4099999964237213	0.23000000417232513	0.4300000071525574	0.11999999731779099	0.3200000002980232	none	none_objectness	False	chromothripsis	0.20271876404230663	0.0001450615514895781		none		none	False	False	False	False	False	False	background	True	0	train
SCC152:chrX:156000002-156040895:53		SCC152	chrX	q	156000002	156040895	candidate_region_empty		empty_candidate_region	candidate_region	1	0	0	candidate_region_with_context	156021726	156035144	cn_attention	0.2049	0.3281	mixed_HP	0.0	0.2	0.0	0.0	1.0	1.0	C52			chromosome_arm	61090000	156000001	402	402	8	1	0	40894	2.445346505599844e-05	2.0	40894.0	40894.0	40894.0	False	0.0	0.0	0	0	1	0	0	0	0	0	0	0	0	0	0	0					0	0		0	0	0	0	sample_residual	coords	0	1			-0.9556207656860352	0.2777558466969741	ecDNA	0.4189182687471112	-0.3272155821323395	-0.3272155821323395	0.4189182687471112	-1.2061233520507812	0.23038769778744075	-1.404325008392334	0.19713069480025405	-3.1961240768432617	0.039311841449595465	SCC152:C52	1	max	0.7900000214576721	min_delta	0.30000001192092896	0.20000000298023224	type_confidence	0.9800000190734863	0.10000000149011612	0.30000001192092896	0.6399999856948853	0.8399999886751175	0.20999999344348907	0.4099999964237213	0.23000000417232513	0.4300000071525574	0.11999999731779099	0.3200000002980232	none	none_objectness	False	ecDNA	0.4189182687471112	0.18853057095967043		none		none	False	False	False	False	False	False	background	True	0	train
SIHA:chr8:122372903-132352646:1	SIHA:chr8:122372903-132352646:1	SIHA	chr8	q	122372903	132352646	candidate_region_label	Seismic_Amplification	region	candidate_region	8	8	8	candidate_region_with_context	130904491	132352646	sv_attention	0.9417	0.1451	mixed_HP	0.1921	0.2727	118.0	73.0	3.4802	2.818	C1	Seismic_Amplification	Seismic_Amplification:canonical	chromosome_arm	45644000	145100001	402	402	8	8	7	9979744	8.016237691067026e-07	6.298188310241224	493611.5	811912.5	1591591.25	False	0.625	0.2857142857142857	0	0	1	0	0	0	3	2	2	0	0	0	9	0					3	2	0.0	0	2	2	0	sample_residual	coords	1	0	Seismic_Amplification:canonical	Seismic_Amplification	3.122044563293457	0.9577929582763445	Seismic_Amplification	0.7783972505257786	1.2563506364822388	-2.0104820728302	0.11810675703919236	1.2563506364822388	0.7783972505257786	-3.023796319961548	0.04636233895103272	-2.18113374710083	0.10145752438440575	SIHA:C1	1	max	0.7900000214576721	min_delta	0.30000001192092896	0.20000000298023224	type_confidence	0.9800000190734863	0.10000000149011612	0.30000001192092896	0.6399999856948853	0.8399999886751175	0.20999999344348907	0.4099999964237213	0.23000000417232513	0.4300000071525574	0.11999999731779099	0.3200000002980232	Seismic_Amplification	objectness_type_threshold	False	Seismic_Amplification	0.7783972505257786	0.6602904934865862	Seismic_Amplification	Seismic_Amplification	Seismic_Amplification:canonical	Seismic_Amplification:canonical	True	True	True	True	False	False	exact	True	1	train
SIHA:chr12:13391580-17305507:2	SIHA:chr12:13391580-17305507:2	SIHA	chr12	p	13391580	17305507	candidate_region_label	BFB	region	candidate_region	2	2	2	candidate_region_with_context	13397633	13403688	sv_attention	0.6214	0.0015	mixed_HP	-0.0796	0.4565	9.0	14.0	3.0	2.0172	C2	BFB	BFB:noncanonicalB	chromosome_arm	0	35807000	402	402	8	2	1	3913928	5.109956033938284e-07	5.017234859711267	1012210.0	1956964.0	2901718.0	False	0.0	0.0	0	0	0	0	0	1	1	0	0	0	0	0	3	0	1.0	1.0			2	0	1.0	0	0	0	0	sample_residual	coords	1	0	BFB:noncanonicalB	BFB	4.788450717926025	0.9917433933999098	BFB	0.29742571227699033	-0.8595866560935974	-5.166141986846924	0.005674162471988323	-2.880173444747925	0.05314240827801486	-3.079745292663574	0.04395051666717235	-0.8595866560935974	0.29742571227699033	SIHA:C2	1	max	0.7900000214576721	min_delta	0.30000001192092896	0.20000000298023224	type_confidence	0.9800000190734863	0.10000000149011612	0.30000001192092896	0.6399999856948853	0.8399999886751175	0.20999999344348907	0.4099999964237213	0.23000000417232513	0.4300000071525574	0.11999999731779099	0.3200000002980232	BFB	objectness_type_threshold	False	BFB	0.29742571227699033	0.24428330399897547	BFB	BFB	BFB:canonical	BFB:canonical	True	False	True	True	True	False	wrong_level	True	1	train
SIHA:chr14:99617761-107043718:3	SIHA:chr14:99617761-107043718:3	SIHA	chr14	q	99617761	107043718	candidate_region_label	chromothripsis	region	candidate_region	8	8	8	candidate_region_with_context	102403176	106195448	sv_attention	0.7129	0.5107	HP1	0.7284	0.6379	43.0	11.0	4.0544	0.0	C3	chromothripsis	chromothripsis:noncanonicalB	chromosome_arm	17600000	107000001	402	402	8	8	6	7425958	1.0773020800817888e-06	4.04228087473697	101001.25	304718.5	1282449.0	True	0.875	0.8571428571428571	0	0	1	0	4	3	0	0	0	0	0	0	8	0					0	3	0.0	3	2	0	3	sample_residual	coords	1	0	chromothripsis:noncanonicalB	chromothripsis	3.996211290359497	0.9819467488214355	chromothripsis	0.4320551547576537	-0.27347105741500854	-3.5870251655578613	0.02693497803550656	-3.1862757205963135	0.039685470757753534	-0.27347105741500854	0.4320551547576537	-2.4906067848205566	0.07651930842673561	SIHA:C3	1	max	0.7900000214576721	min_delta	0.30000001192092896	0.20000000298023224	type_confidence	0.9800000190734863	0.10000000149011612	0.30000001192092896	0.6399999856948853	0.8399999886751175	0.20999999344348907	0.4099999964237213	0.23000000417232513	0.4300000071525574	0.11999999731779099	0.3200000002980232	chromothripsis	objectness_type_threshold	False	chromothripsis	0.4320551547576537	0.3555358463309181	chromothripsis	chromothripsis	chromothripsis:noncanonical	chromothripsis:noncanonical	True	False	True	True	True	False	wrong_level	True	1	train
SIHA:chr15:56942785-59003347:4	SIHA:chr15:56942785-59003347:4	SIHA	chr15	q	56942785	59003347	candidate_region_label	chromothripsis	region	candidate_region	4	9	9	candidate_region_with_context	58384132	58387989	sv_attention	0.6744	0.0019	HP2	-0.6071	0.4761	0.0	66.0	3.0492	2.1245	C4	chromothripsis	chromothripsis:noncanonicalB	chromosome_arm	19050000	101950001	402	402	8	4	4	2060563	1.9412170363148325e-06	5.173656908330393	109770.75	178915.5	584285.5	True	1.0	1.0	0	0	0	0	0	2	2	0	0	0	0	0	4	0					0	4	0.0	0	0	0	0	sample_residual	coords	1	0	chromothripsis:noncanonicalB	chromothripsis	4.179618835449219	0.9849263523013557	chromothripsis	0.17705467327483576	-1.5364311933517456	-4.977766513824463	0.0068422933191645925	-1.721895694732666	0.15162714731767366	-1.5364311933517456	0.17705467327483576	-2.634864330291748	0.06692803892401702	SIHA:C4	1	max	0.7900000214576721	min_delta	0.30000001192092896	0.20000000298023224	type_confidence	0.9800000190734863	0.10000000149011612	0.30000001192092896	0.6399999856948853	0.8399999886751175	0.20999999344348907	0.4099999964237213	0.23000000417232513	0.4300000071525574	0.11999999731779099	0.3200000002980232	none	none_type_threshold	False	chromothripsis	0.17705467327483576	0.025427525957162106		none		none	False	False	False	False	False	False	wrong	False	0	train
SIHA:chr16:0-12624669:5	SIHA:chr16:0-12624669:5	SIHA	chr16	p	0	12624669	candidate_region_label	Seismic_Amplification;BFB	region	candidate_region	12	15	15	candidate_region_with_context	1749172	11714216	sv_attention	0.9987	0.7893	HP1	0.4548	0.2731	107.0	34.0	3.2458	1.6385	C5	Seismic_Amplification;BFB	Seismic_Amplification:noncanonical;BFB:noncanonicalB	chromosome_arm	0	36800000	402	402	8	12	10	12624670	9.505198947774476e-07	4.884307867057119	183821.0	755765.0	1730987.25	False	0.5833333333333334	0.1818181818181818	0	0	0	2	4	3	2	1	0	0	0	0	12	0					2	5	0.0	0	5	0	0	sample_residual	coords	1	0	Seismic_Amplification:noncanonical;BFB:noncanonicalB	Seismic_Amplification;BFB	5.436877727508545	0.9956658134519709	Seismic_Amplification	0.4775674536575815	-0.0897904634475708	-1.3568425178527832	0.20475395511387037	-0.0897904634475708	0.4775674536575815	-0.24962866306304932	0.43791489989981536	-1.7855615615844727	0.14361775152539477	SIHA:C5	2	max	0.7900000214576721	min_delta	0.30000001192092896	0.20000000298023224	type_confidence	0.9800000190734863	0.10000000149011612	0.30000001192092896	0.6399999856948853	0.8399999886751175	0.20999999344348907	0.4099999964237213	0.23000000417232513	0.4300000071525574	0.11999999731779099	0.3200000002980232	Seismic_Amplification	objectness_type_threshold	False	Seismic_Amplification	0.4775674536575815	0.03965255375776616	Seismic_Amplification;chromothripsis	Seismic_Amplification;chromothripsis	Seismic_Amplification:noncanonical;chromothripsis:noncanonical	Seismic_Amplification:noncanonical;chromothripsis:noncanonical	True	False	True	False	False	True	partial_class	True	2	train
SIHA:chr16:46000001-83660982:6	SIHA:chr16:46000001-83660982:6	SIHA	chr16	q	46000001	83660982	candidate_region_label	Seismic_Amplification;BFB	region	candidate_region	60	113	113	candidate_region_with_context	49737013	83660982	sv_attention	1.0	0.9008	HP1	0.7163	0.6218	956.0	76.0	4.431	1.7079	C5	Seismic_Amplification;BFB	Seismic_Amplification:noncanonical;BFB:noncanonicalB	chromosome_arm	36800000	90300001	402	402	8	60	46	37660982	1.5931607943733384e-06	6.1388755874714045	115596.75	324709.0	671449.75	False	0.4166666666666667	0.135593220338983	2	0	0	4	6	8	11	14	15	0	0	0	61	0	3.0	3.0			25	7	1.0	3	20	5	3	sample_residual	coords	1	0	Seismic_Amplification:noncanonical;BFB:noncanonicalB	Seismic_Amplification;BFB	5.436877727508545	0.9956658134519709	Seismic_Amplification	0.4775674536575815	-0.0897904634475708	-1.3568425178527832	0.20475395511387037	-0.0897904634475708	0.4775674536575815	-0.24962866306304932	0.43791489989981536	-1.7855615615844727	0.14361775152539477	SIHA:C5	2	max	0.7900000214576721	min_delta	0.30000001192092896	0.20000000298023224	type_confidence	0.9800000190734863	0.10000000149011612	0.30000001192092896	0.6399999856948853	0.8399999886751175	0.20999999344348907	0.4099999964237213	0.23000000417232513	0.4300000071525574	0.11999999731779099	0.3200000002980232	Seismic_Amplification	objectness_type_threshold	False	Seismic_Amplification	0.4775674536575815	0.03965255375776616	Seismic_Amplification;chromothripsis	Seismic_Amplification;chromothripsis	Seismic_Amplification:noncanonical;chromothripsis:noncanonical	Seismic_Amplification:noncanonical;chromothripsis:noncanonical	True	False	True	False	False	True	partial_class	True	2	train
SIHA:chr17:41643122-51230020:7		SIHA	chr17	q	41643122	51230020	candidate_region_empty		empty_candidate_region	candidate_region	5	8	8	candidate_region_with_context	41722812	51230020	sv_attention	0.9052	0.9917	HP1	0.981	0.9746	69.0	1.0	3.5761	0.0	C6			chromosome_arm	25150000	83250001	402	402	8	5	4	9586899	5.21545079383855e-07	3.5760994248505176	163819.0	1188909.0	3202621.0	False	0.8	0.5	0	0	0	2	2	0	1	0	0	0	0	0	4	0					0	4	0.0	0	0	0	0	sample_residual	coords	0	1			-1.5568606853485107	0.17409757985342145	chromothripsis	0.3829678664141637	-0.47697001695632935	-2.0961782932281494	0.10946882614900795	-2.1105873584747314	0.10807203679216007	-0.47697001695632935	0.3829678664141637	-4.290313720703125	0.013515456235691914	SIHA:C6	1	max	0.7900000214576721	min_delta	0.30000001192092896	0.20000000298023224	type_confidence	0.9800000190734863	0.10000000149011612	0.30000001192092896	0.6399999856948853	0.8399999886751175	0.20999999344348907	0.4099999964237213	0.23000000417232513	0.4300000071525574	0.11999999731779099	0.3200000002980232	none	none_objectness	False	chromothripsis	0.3829678664141637	0.27349904026515576		none		none	False	False	False	False	False	False	background	True	0	train
SIHA:chr22:38424856-41465811:8		SIHA	chr22	q	38424856	41465811	candidate_region_empty		empty_candidate_region	candidate_region	4	13	13	candidate_region_with_context	38427501	41150982	sv_attention	0.9966	0.8956	HP1	1.0	1.0	110.0	0.0	4.3492	0.0	C7			chromosome_arm	15050000	50800001	402	402	8	4	4	3040956	1.3153758226031551e-06	4.349218140611045	261352.5	430055.5	928942.0	False	0.75	0.3333333333333333	0	0	0	0	1	2	1	0	0	0	0	0	4	0					0	1	0.0	0	1	2	0	sample_residual	coords	0	1			-0.7994979619979858	0.3101329199100948	Seismic_Amplification	0.2533790886269036	-1.0806708335876465	-3.2869205474853516	0.03602262721060677	-1.0806708335876465	0.2533790886269036	-1.2632428407669067	0.22041616038626174	-3.8786423206329346	0.020259928757943645	SIHA:C7	1	max	0.7900000214576721	min_delta	0.30000001192092896	0.20000000298023224	type_confidence	0.9800000190734863	0.10000000149011612	0.30000001192092896	0.6399999856948853	0.8399999886751175	0.20999999344348907	0.4099999964237213	0.23000000417232513	0.4300000071525574	0.11999999731779099	0.3200000002980232	none	none_objectness	False	Seismic_Amplification	0.2533790886269036	0.03296292824064187		none		none	False	False	False	False	False	False	background	True	0	train
HT3:chr2:192896152-201173028:1	HT3:chr2:192896152-201173028:1	HT3	chr2	q	192896152	201173028	candidate_region_label	BFB	region	candidate_region	5	11	11	candidate_region_with_context	194217448	201173028	sv_attention	0.9889	0.8404	HP1	0.3903	0.1871	164.0	41.0	1.9521	2.0692	C1	BFB	BFB:noncanonicalB	chromosome_arm	93989000	242150001	402	402	8	5	4	8276877	6.040925822626094e-07	4.021208724015109	418099.0	1321298.0	1629561.0	False	0.6	0.25	0	1	0	0	1	1	2	0	0	0	0	0	6	0	3.0	3.0			1	0	1.0	0	4	0	0	sample_residual	coords	1	0	BFB:noncanonicalB	BFB	5.129339694976807	0.9941143771463137	BFB	0.2906102112809774	-0.8924222588539124	-3.9142725467681885	0.019564646058750135	-2.068250894546509	0.11222117955338098	-3.2141408920288086	0.03863703010796746	-0.8924222588539124	0.2906102112809774	HT3:C1	1	max	0.7900000214576721	min_delta	0.30000001192092896	0.20000000298023224	type_confidence	0.9800000190734863	0.10000000149011612	0.30000001192092896	0.6399999856948853	0.8399999886751175	0.20999999344348907	0.4099999964237213	0.23000000417232513	0.4300000071525574	0.11999999731779099	0.3200000002980232	BFB	objectness_type_threshold	False	BFB	0.2906102112809774	0.17838903172759643	BFB	BFB	BFB:canonical	BFB:canonical	True	False	True	True	True	False	wrong_level	True	1	train
HT3:chr4:147311642-163986655:2	HT3:chr4:147311642-163986655:2	HT3	chr4	q	147311642	163986655	candidate_region_label	chromothripsis	region	candidate_region	21	49	49	candidate_region_with_context	147374470	163986655	sv_attention	1.0	0.9962	mixed_HP	0.2454	0.3	181.0	100.0	1.7647	1.2785	C2	chromothripsis	chromothripsis:noncanonical	chromosome_arm	50494000	190200001	402	402	8	21	17	16675014	1.259369257501073e-06	3.043193966733701	162938.0	298895.0	1079934.0	True	0.7619047619047619	0.6	0	2	8	3	8	0	0	0	0	0	0	0	23	0					5	9	0.0	0	9	0	0	sample_residual	coords	1	0	chromothripsis:noncanonical	chromothripsis	3.8693413734436035	0.9795546262998992	chromothripsis	0.5840896255899011	0.3395846486091614	-2.6564061641693115	0.06559526511325971	-2.3332269191741943	0.08840825298623006	0.3395846486091614	0.5840896255899011	-2.480297088623047	0.07725102201879852	HT3:C2	1	max	0.7900000214576721	min_delta	0.30000001192092896	0.20000000298023224	type_confidence	0.9800000190734863	0.10000000149011612	0.30000001192092896	0.6399999856948853	0.8399999886751175	0.20999999344348907	0.4099999964237213	0.23000000417232513	0.4300000071525574	0.11999999731779099	0.3200000002980232	chromothripsis	objectness_type_threshold	False	chromothripsis	0.5840896255899011	0.495681372603671	chromothripsis	chromothripsis	chromothripsis:canonical	chromothripsis:canonical	True	False	True	True	True	False	wrong_level	True	1	train
HT3:chr4:179056217-190214555:3	HT3:chr4:179056217-190214555:3	HT3	chr4	q	179056217	190214555	candidate_region_label	BFB	region	candidate_region	8	7	7	candidate_region_with_context	181975254	190214555	sv_attention	0.9179	0.7384	mixed_HP	0.3505	0.3	72.0	34.0	1.6545	0.8251	C3	BFB	BFB:noncanonicalB	chromosome_arm	50494000	190200001	402	402	8	8	7	11158339	7.169525858642581e-07	2.4789582033670063	480486.75	938966.5	1863332.75	False	0.625	0.2857142857142857	1	1	1	4	0	0	1	0	0	0	0	0	7	0	6.0	6.0			0	2	1.0	1	2	1	1	sample_residual	coords	1	0	BFB:noncanonicalB	BFB	5.361653804779053	0.9953287845079323	BFB	0.2214211080625605	-1.2574039697647095	-2.9494080543518066	0.049764496019920425	-2.31303071975708	0.09004949701197301	-1.7723702192306519	0.14524781661382383	-1.2574039697647095	0.2214211080625605	HT3:C3	1	max	0.7900000214576721	min_delta	0.30000001192092896	0.20000000298023224	type_confidence	0.9800000190734863	0.10000000149011612	0.30000001192092896	0.6399999856948853	0.8399999886751175	0.20999999344348907	0.4099999964237213	0.23000000417232513	0.4300000071525574	0.11999999731779099	0.3200000002980232	BFB	objectness_type_threshold	False	BFB	0.2214211080625605	0.07617329144873666	BFB	BFB	BFB:noncanonicalB	BFB:noncanonicalB	True	True	True	True	False	False	exact	True	1	train
HT3:chr9:0-9058989:4		HT3	chr9	p	0	9058989	candidate_region_empty		empty_candidate_region	candidate_region	5	12	12	candidate_region_with_context	5685338	9058989	sv_attention	0.9657	0.3724	HP2	-0.3333	0.1111	0.0	152.0	5.7403	0.0	C4			chromosome_arm	0	49224000	402	402	8	5	5	9058990	5.519379091929674e-07	5.740326570622111	537797.0	1047432.0	2962296.0	False	0.6	0.5	0	0	0	0	2	0	0	1	2	0	0	0	5	0					0	2	0.0	0	3	0	0	sample_residual	coords	0	1			-0.6624208688735962	0.3401960067883285	Seismic_Amplification	0.3100405232858241	-0.7999298572540283	-2.1017262935638428	0.10892914779221612	-0.7999298572540283	0.3100405232858241	-1.514329433441162	0.18029805743256172	-4.6800971031188965	0.00919282087954228	HT3:C4	1	max	0.7900000214576721	min_delta	0.30000001192092896	0.20000000298023224	type_confidence	0.9800000190734863	0.10000000149011612	0.30000001192092896	0.6399999856948853	0.8399999886751175	0.20999999344348907	0.4099999964237213	0.23000000417232513	0.4300000071525574	0.11999999731779099	0.3200000002980232	none	none_objectness	False	Seismic_Amplification	0.3100405232858241	0.12974246585326238		none		none	False	False	False	False	False	False	background	True	0	train
HT3:chr16:0-2274184:5	HT3:chr16:0-2274184:5	HT3	chr16	p	0	2274184	candidate_region_label	BFB	region	candidate_region	2	3	3	candidate_region_with_context	2240543	2274184	sv_attention	0.4198	0.0148	mixed_HP	0.4667	0.5	3.0	2.0	2.9852	0.0	C5	BFB	BFB:noncanonicalB	chromosome_arm	0	36800000	402	402	8	2	1	2274185	8.794359297946298e-07	2.9852078876608545	585366.25	1137092.5	1688818.75	False	0.0	0.0	0	0	1	1	0	0	0	0	0	0	0	0	2	0	1.0	2.0			0	0	2.0	0	0	0	0	sample_residual	coords	1	0	BFB:noncanonicalB	BFB	6.0002570152282715	0.9975280106927586	BFB	0.19024998338528462	-1.4483866691589355	-4.850296974182129	0.0077652815627769845	-2.682488441467285	0.06401461523412613	-2.6415960788726807	0.06650887372286758	-1.4483866691589355	0.19024998338528462	HT3:C5	1	max	0.7900000214576721	min_delta	0.30000001192092896	0.20000000298023224	type_confidence	0.9800000190734863	0.10000000149011612	0.30000001192092896	0.6399999856948853	0.8399999886751175	0.20999999344348907	0.4099999964237213	0.23000000417232513	0.4300000071525574	0.11999999731779099	0.3200000002980232	BFB	objectness_type_threshold	False	BFB	0.19024998338528462	0.12374110966241704	BFB	BFB	BFB:noncanonicalB	BFB:noncanonicalB	True	True	True	True	False	False	exact	True	1	train
HT3:chr17:36065957-43130302:6	HT3:chr17:36065957-43130302:6	HT3	chr17	q	36065957	43130302	candidate_region_label	chromothripsis	region	candidate_region	9	11	11	candidate_region_with_context	37126455	43130301	sv_attention	0.8669	0.8499	mixed_HP	-0.011	0.3557	36.0	61.0	2.8645	1.0	C6	chromothripsis	chromothripsis:canonical	chromosome_arm	25150000	83250001	402	402	8	9	8	7064346	1.2740032835311294e-06	3.8644794578295	194692.0	322900.0	555756.0	True	0.7777777777777778	0.625	0	0	0	3	4	1	1	0	0	0	0	0	10	0					2	3	0.0	0	4	1	0	sample_residual	coords	1	0	chromothripsis:canonical	chromothripsis	4.52368688583374	0.9892674855251089	chromothripsis	0.6139873337845826	0.4641041159629822	-4.5654072761535645	0.010298478114776492	-3.214043378829956	0.038640652321661445	0.4641041159629822	0.6139873337845826	-3.1406288146972656	0.04146212110357906	HT3:C6	1	max	0.7900000214576721	min_delta	0.30000001192092896	0.20000000298023224	type_confidence	0.9800000190734863	0.10000000149011612	0.30000001192092896	0.6399999856948853	0.8399999886751175	0.20999999344348907	0.4099999964237213	0.23000000417232513	0.4300000071525574	0.11999999731779099	0.3200000002980232	chromothripsis	objectness_type_threshold	False	chromothripsis	0.6139873337845826	0.5725252126810035	chromothripsis	chromothripsis	chromothripsis:canonical	chromothripsis:canonical	True	True	True	True	False	False	exact	True	1	train
HT3:chr17:68545640-70759442:7	HT3:chr17:68545640-70759442:7	HT3	chr17	q	68545640	70759442	candidate_region_label	Seismic_Amplification;BFB	region	candidate_region	4	7	7	candidate_region_with_context	69872471	70759442	sv_attention	0.9182	0.4007	HP2	-0.3438	0.1251	0.0	58.0	7.6744	0.1227	C7	Seismic_Amplification;BFB	Seismic_Amplification:canonical;BFB:noncanonicalB	chromosome_arm	25150000	83250001	402	402	8	4	4	2213803	1.8068455052233645e-06	7.797054209430559	141130.25	380961.0	793281.5	False	0.5	0.3333333333333333	0	0	0	1	0	1	0	0	2	0	0	0	5	0	2.0	5.0			0	0	2.0	0	3	0	0	sample_residual	coords	1	0	Seismic_Amplification:canonical;BFB:noncanonicalB	Seismic_Amplification;BFB	4.639228343963623	0.9904273680275993	Seismic_Amplification	0.6755510631266549	0.7334005832672119	-3.414499044418335	0.03184539371854921	0.7334005832672119	0.6755510631266549	-4.479005813598633	0.011217428080303023	-1.3351176977157593	0.20831409797480113	HT3:C7	1	max	0.7900000214576721	min_delta	0.30000001192092896	0.20000000298023224	type_confidence	0.9800000190734863	0.10000000149011612	0.30000001192092896	0.6399999856948853	0.8399999886751175	0.20999999344348907	0.4099999964237213	0.23000000417232513	0.4300000071525574	0.11999999731779099	0.3200000002980232	Seismic_Amplification	objectness_type_threshold	False	Seismic_Amplification	0.6755510631266549	0.46723696515185376	Seismic_Amplification	Seismic_Amplification	Seismic_Amplification:canonical	Seismic_Amplification:canonical	True	False	True	False	False	True	partial_class	True	1	train
SW756:chr2:46517143-51066702:1		SW756	chr2	p	46517143	51066702	candidate_region_empty		empty_candidate_region	candidate_region	4	4	4	candidate_region_with_context	50560317	51066702	sv_attention	0.3	0.1113	HP1	0.7717	0.6956	82.0	0.0	2.0789	1.083	C1			chromosome_arm	0	93989000	402	402	8	4	4	4549560	8.79205901230009e-07	3.161850596541204	177464.75	270514.5	1230439.75	False	0.5	0.3333333333333333	0	0	1	1	1	1	0	0	0	0	0	0	5	0					0	2	0.0	0	3	0	0	sample_residual	coords	0	1			1.3281232118606567	0.7905300225677113	chromothripsis	0.47917310973287314	-0.08335579186677933	-3.4679818153381348	0.030237104282574558	-2.5798637866973877	0.070445650034861	-0.08335579186677933	0.47917310973287314	-2.698601007461548	0.06305595789551781	SW756:C1	1	max	0.7900000214576721	min_delta	0.30000001192092896	0.20000000298023224	type_confidence	0.9800000190734863	0.10000000149011612	0.30000001192092896	0.6399999856948853	0.8399999886751175	0.20999999344348907	0.4099999964237213	0.23000000417232513	0.4300000071525574	0.11999999731779099	0.3200000002980232	chromothripsis	objectness_type_threshold	False	chromothripsis	0.47917310973287314	0.40872745969801216	chromothripsis	chromothripsis	chromothripsis:canonical	chromothripsis:canonical	True	False	False	False	False	False	background	False	1	train
SW756:chr7:69863045-74914782:2	SW756:chr7:69863045-74914782:2	SW756	chr7	q	69863045	74914782	candidate_region_label	chromothripsis	region	candidate_region	4	5	5	candidate_region_with_context	70069486	74914782	sv_attention	0.8466	0.9591	HP2	-0.3767	0.1689	4.0	29.0	2.2526	1.0	C2	chromothripsis	chromothripsis:noncanonicalB	chromosome_arm	59904000	159300001	402	402	8	4	4	5051738	7.918067009809297e-07	3.252616426267554	189970.0	638076.0	1711040.5	True	1.0	1.0	0	0	0	2	2	0	0	0	0	0	0	0	5	0					4	0	0.0	1	0	0	1	sample_residual	coords	1	0	chromothripsis:noncanonicalB	chromothripsis	3.895669460296631	0.9800753043537076	chromothripsis	0.42515786513192055	-0.30163490772247314	-3.658501148223877	0.02512364658639832	-3.409334897994995	0.03200499638718879	-0.30163490772247314	0.42515786513192055	-3.274095058441162	0.03647065222359662	SW756:C2	1	max	0.7900000214576721	min_delta	0.30000001192092896	0.20000000298023224	type_confidence	0.9800000190734863	0.10000000149011612	0.30000001192092896	0.6399999856948853	0.8399999886751175	0.20999999344348907	0.4099999964237213	0.23000000417232513	0.4300000071525574	0.11999999731779099	0.3200000002980232	chromothripsis	objectness_type_threshold	False	chromothripsis	0.42515786513192055	0.3886872129083239	chromothripsis	chromothripsis	chromothripsis:noncanonical	chromothripsis:noncanonical	True	False	True	True	True	False	wrong_level	True	1	train
SW756:chr11:55000001-62681904:3	SW756:chr11:55000001-62681904:3	SW756	chr11	q	55000001	62681904	candidate_region_label	chromothripsis	region	candidate_region	4	3	3	candidate_region_with_context	56375614	62681904	sv_attention	0.4117	0.8209	HP2	-0.3333	0.1111	0.0	30.0	3.2073	0.0	C3	chromothripsis	chromothripsis:noncanonicalB	chromosome_arm	53714000	135076382	402	402	8	4	4	7681904	5.207042420733194e-07	3.2073042047908955	963765.75	1294172.0	2250882.25	True	1.0	1.0	0	0	0	2	2	0	0	0	0	0	0	0	4	0					0	3	0.0	1	0	0	1	sample_residual	coords	1	0	chromothripsis:noncanonicalB	chromothripsis	3.590590715408325	0.9731583157289188	chromothripsis	0.4831132151679025	-0.06757283955812454	-3.453403949737549	0.030667508282694402	-3.504981756210327	0.029170816610598362	-0.06757283955812454	0.4831132151679025	-3.2754695415496826	0.03642238290041305	SW756:C3	1	max	0.7900000214576721	min_delta	0.30000001192092896	0.20000000298023224	type_confidence	0.9800000190734863	0.10000000149011612	0.30000001192092896	0.6399999856948853	0.8399999886751175	0.20999999344348907	0.4099999964237213	0.23000000417232513	0.4300000071525574	0.11999999731779099	0.3200000002980232	chromothripsis	objectness_type_threshold	False	chromothripsis	0.4831132151679025	0.44669083226748946	chromothripsis	chromothripsis	chromothripsis:canonical	chromothripsis:canonical	True	False	True	True	True	False	wrong_level	True	1	train
SW756:chr12:110841681-121836136:4	SW756:chr12:110841681-121836136:4	SW756	chr12	q	110841681	121836136	candidate_region_label	chromothripsis	region	candidate_region	11	18	18	candidate_region_with_context	110858650	121836136	sv_attention	0.9177	0.9985	mixed_HP	0.0648	0.7807	31.0	26.0	1.4304	1.3771	C4	chromothripsis	chromothripsis:noncanonical	chromosome_arm	35807000	133265307	402	402	8	11	8	10994456	1.0005042541440883e-06	2.8074811523189505	98615.5	299550.0	1468737.0	True	0.8181818181818182	0.6	0	0	5	4	2	0	0	0	0	0	0	0	12	0					4	2	0.0	0	6	0	0	sample_residual	coords	1	0	chromothripsis:noncanonical	chromothripsis	4.013016223907471	0.9822422551611649	chromothripsis	0.5848281900859073	0.3426256775856018	-3.350412607192993	0.033881655405849656	-2.686612606048584	0.06376795258725457	0.3426256775856018	0.5848281900859073	-2.5431113243103027	0.07289063800919189	SW756:C4	1	max	0.7900000214576721	min_delta	0.30000001192092896	0.20000000298023224	type_confidence	0.9800000190734863	0.10000000149011612	0.30000001192092896	0.6399999856948853	0.8399999886751175	0.20999999344348907	0.4099999964237213	0.23000000417232513	0.4300000071525574	0.11999999731779099	0.3200000002980232	chromothripsis	objectness_type_threshold	False	chromothripsis	0.5848281900859073	0.5119375520767153	chromothripsis	chromothripsis	chromothripsis:canonical	chromothripsis:canonical	True	False	True	True	True	False	wrong_level	True	1	train
SW756:chr13:63017873-70247578:5	SW756:chr13:63017873-70247578:5	SW756	chr13	q	63017873	70247578	candidate_region_label	chromothripsis	region	candidate_region	8	7	7	candidate_region_with_context	66384650	70247578	sv_attention	0.98	0.5343	mixed_HP	-0.3157	0.2026	15.0	44.0	2.8026	2.6079	C5	chromothripsis	chromothripsis:noncanonical	chromosome_arm	17900000	114350001	402	402	8	8	6	7229706	1.1065456880265948e-06	5.410554454081535	263901.75	501347.5	1137148.25	False	0.5	0.1428571428571428	0	0	0	2	2	2	2	0	0	0	0	0	9	0					4	2	0.0	0	3	0	0	sample_residual	coords	1	0	chromothripsis:noncanonical	chromothripsis	2.039161443710327	0.8848478532378404	chromothripsis	0.3615352338245816	-0.5687069892883301	-3.9363698959350586	0.019145247115276882	-2.2618772983551025	0.09432986589468417	-0.5687069892883301	0.3615352338245816	-2.6696109771728516	0.06479053656866382	SW756:C5	1	max	0.7900000214576721	min_delta	0.30000001192092896	0.20000000298023224	type_confidence	0.9800000190734863	0.10000000149011612	0.30000001192092896	0.6399999856948853	0.8399999886751175	0.20999999344348907	0.4099999964237213	0.23000000417232513	0.4300000071525574	0.11999999731779099	0.3200000002980232	chromothripsis	objectness_type_threshold	False	chromothripsis	0.3615352338245816	0.2672053679298974	chromothripsis	chromothripsis	chromothripsis:noncanonical	chromothripsis:noncanonical	True	True	True	True	False	False	exact	True	1	train
SW756:chr13:81829801-88210313:6	SW756:chr13:81829801-88210313:6	SW756	chr13	q	81829801	88210313	candidate_region_label	chromothripsis	region	candidate_region	4	7	7	candidate_region_with_context	85759860	87946239	sv_attention	0.918	0.3427	HP1	0.3068	0.0758	53.0	20.0	2.041	1.9751	C6	chromothripsis	chromothripsis:canonical	chromosome_arm	17900000	114350001	402	402	8	4	4	6380513	6.269088394616545e-07	4.016119393534658	860496.75	1225226.0	1959857.5	True	0.75	0.6666666666666666	0	0	0	2	1	1	0	0	0	0	0	0	5	0					2	1	0.0	0	2	0	0	sample_residual	coords	1	0	chromothripsis:canonical	chromothripsis	3.3548951148986816	0.9662647674286019	chromothripsis	0.49564099785149385	-0.017436450347304344	-3.5970396995544434	0.026673742052494447	-2.932650089263916	0.05056295221230051	-0.017436450347304344	0.49564099785149385	-2.7215967178344727	0.06171094725250519	SW756:C6	1	max	0.7900000214576721	min_delta	0.30000001192092896	0.20000000298023224	type_confidence	0.9800000190734863	0.10000000149011612	0.30000001192092896	0.6399999856948853	0.8399999886751175	0.20999999344348907	0.4099999964237213	0.23000000417232513	0.4300000071525574	0.11999999731779099	0.3200000002980232	chromothripsis	objectness_type_threshold	False	chromothripsis	0.49564099785149385	0.43393005059898865	chromothripsis	chromothripsis	chromothripsis:canonical	chromothripsis:canonical	True	True	True	True	False	False	exact	True	1	train
SW756:chr14:66576116-69905275:7		SW756	chr14	q	66576116	69905275	candidate_region_empty		empty_candidate_region	candidate_region	4	3	3	candidate_region_with_context	69758138	69905275	sv_attention	0.6446	0.0442	HP1	0.6667	0.5556	3.0	1.0	2.6779	0.0	C7			chromosome_arm	17600000	107000001	402	402	8	4	4	3329160	1.2015042833627705e-06	2.677863785459395	185103.25	807548.5	1454735.25	False	0.75	0.3333333333333333	0	0	1	1	2	0	0	0	0	0	0	0	5	0					1	4	0.0	0	0	0	0	sample_residual	coords	0	1			-1.3120847940444946	0.21213819175071633	chromothripsis	0.4382897751634868	-0.24810582399368286	-2.8935248851776123	0.052474580897553844	-1.9768065214157104	0.12165967644280756	-0.24810582399368286	0.4382897751634868	-3.6421289443969727	0.025527774931914674	SW756:C7	1	max	0.7900000214576721	min_delta	0.30000001192092896	0.20000000298023224	type_confidence	0.9800000190734863	0.10000000149011612	0.30000001192092896	0.6399999856948853	0.8399999886751175	0.20999999344348907	0.4099999964237213	0.23000000417232513	0.4300000071525574	0.11999999731779099	0.3200000002980232	none	none_objectness	False	chromothripsis	0.4382897751634868	0.31663009872067926		none		none	False	False	False	False	False	False	background	True	0	train
SW756:chr15:40377914-46639828:8		SW756	chr15	q	40377914	46639828	candidate_region_empty		empty_candidate_region	candidate_region	8	14	14	candidate_region_with_context	42827438	44060125	sv_attention	0.9975	0.1969	HP1	0.4155	0.2207	38.0	10.0	1.2714	1.0831	C8			chromosome_arm	19050000	101950001	402	402	8	8	6	6261915	1.2775644511303651e-06	2.354535952659849	127162.0	229358.0	971213.25	False	0.75	0.4285714285714285	0	0	3	1	3	1	0	0	0	0	0	0	10	0					0	7	0.0	1	2	0	1	sample_residual	coords	0	1			2.0041921138763428	0.8812365208982388	chromothripsis	0.5586094857160281	0.2355206310749054	-2.9581971168518066	0.0493505197421901	-2.9035801887512207	0.051976865072842354	0.2355206310749054	0.5586094857160281	-3.018301010131836	0.046605908961494025	SW756:C8	1	max	0.7900000214576721	min_delta	0.30000001192092896	0.20000000298023224	type_confidence	0.9800000190734863	0.10000000149011612	0.30000001192092896	0.6399999856948853	0.8399999886751175	0.20999999344348907	0.4099999964237213	0.23000000417232513	0.4300000071525574	0.11999999731779099	0.3200000002980232	chromothripsis	objectness_type_threshold	False	chromothripsis	0.5586094857160281	0.5066326206431857	chromothripsis	chromothripsis	chromothripsis:canonical	chromothripsis:canonical	True	False	False	False	False	False	background	False	1	train
SW756:chr16:7234484-9323266:9	SW756:chr16:7234484-9323266:9	SW756	chr16	p	7234484	9323266	candidate_region_label	BFB	region	candidate_region	2	4	4	candidate_region_with_context	7235929	8046896	sv_attention	0.6138	0.3882	HP1	0.4238	0.2317	41.0	2.0	1.0	3.3721	C9	BFB	BFB:noncanonicalB	chromosome_arm	0	36800000	402	402	8	2	2	2088783	9.574953453757524e-07	4.372103756110616	910817.75	1044391.5	1177965.25	False	0.0	0.0	0	0	0	0	1	1	0	0	0	0	0	0	3	0	1.0	1.0			1	0	1.0	1	0	0	1	sample_residual	coords	1	0	BFB:noncanonicalB	BFB	4.998223781585693	0.9932953303223018	BFB	0.21090576298337255	-1.3194743394851685	-4.608719348907471	0.009866258245600595	-3.2875449657440186	0.03600095056888398	-2.781010389328003	0.05835900659944341	-1.3194743394851685	0.21090576298337255	SW756:C9	1	max	0.7900000214576721	min_delta	0.30000001192092896	0.20000000298023224	type_confidence	0.9800000190734863	0.10000000149011612	0.30000001192092896	0.6399999856948853	0.8399999886751175	0.20999999344348907	0.4099999964237213	0.23000000417232513	0.4300000071525574	0.11999999731779099	0.3200000002980232	BFB	objectness_type_threshold	False	BFB	0.21090576298337255	0.15254675638392914	BFB	BFB	BFB:noncanonicalB	BFB:noncanonicalB	True	True	True	True	False	False	exact	True	1	train
SW756:chr21:13000001-24610447:10	SW756:chr21:13000001-24610447:10	SW756	chr21	q	13000001	24610447	candidate_region_label	chromothripsis	region	candidate_region	7	12	12	candidate_region_with_context	15500970	24610447	sv_attention	0.8527	0.7846	HP1	0.371	0.1613	34.0	9.0	2.0011	2.2111	C10	chromothripsis	chromothripsis:noncanonicalB	chromosome_arm	12910000	46700001	402	402	8	7	6	11610447	6.029052972723617e-07	4.212191313564413	225470.5	2000328.0	2474003.5	True	1.0	1.0	0	0	0	0	3	4	0	0	0	0	0	0	8	0					0	0	0.0	2	6	0	2	sample_residual	coords	1	0	chromothripsis:noncanonicalB	chromothripsis	3.277576208114624	0.9636514800709595	chromothripsis	0.5770486656170182	0.310669481754303	-3.298109292984009	0.035636108626468266	-3.5280401706695557	0.028524846719829387	0.310669481754303	0.5770486656170182	-3.075040340423584	0.04414863817990509	SW756:C10	1	max	0.7900000214576721	min_delta	0.30000001192092896	0.20000000298023224	type_confidence	0.9800000190734863	0.10000000149011612	0.30000001192092896	0.6399999856948853	0.8399999886751175	0.20999999344348907	0.4099999964237213	0.23000000417232513	0.4300000071525574	0.11999999731779099	0.3200000002980232	chromothripsis	objectness_type_threshold	False	chromothripsis	0.5770486656170182	0.5329000274371131	chromothripsis	chromothripsis	chromothripsis:canonical	chromothripsis:canonical	True	False	True	True	True	False	wrong_level	True	1	train
SNU17:chr4:18359712-23939176:1	SNU17:chr4:18359712-23939176:1	SNU17	chr4	p	18359712	23939176	candidate_region_label	chromothripsis	region	candidate_region	5	12	12	candidate_region_with_context	20757906	23939176	sv_attention	0.9718	0.5702	HP2	-0.3127	0.0835	2.0	127.0	5.1671	0.0	C1	chromothripsis	chromothripsis:noncanonicalB	chromosome_arm	0	50494000	402	402	8	5	5	5579465	8.961432682165763e-07	5.167119965803173	221369.0	1037007.0	1748078.0	False	0.8	0.5	0	0	0	0	1	2	2	0	0	0	0	0	6	0					0	0	0.0	0	6	0	0	sample_residual	coords	1	0	chromothripsis:noncanonicalB	chromothripsis	5.452185153961182	0.9957313724408303	chromothripsis	0.35572855562665234	-0.5939521789550781	-3.0808091163635254	0.04390583767925283	-2.180161237716675	0.10154621649677324	-0.5939521789550781	0.35572855562665234	-2.7704596519470215	0.05894151259204452	SNU17:C1	2	max	0.7900000214576721	min_delta	0.30000001192092896	0.20000000298023224	type_confidence	0.9800000190734863	0.10000000149011612	0.30000001192092896	0.6399999856948853	0.8399999886751175	0.20999999344348907	0.4099999964237213	0.23000000417232513	0.4300000071525574	0.11999999731779099	0.3200000002980232	chromothripsis	objectness_type_threshold	False	chromothripsis	0.35572855562665234	0.2541823391298791	chromothripsis	chromothripsis	chromothripsis:noncanonical	chromothripsis:noncanonical	True	False	True	True	True	False	wrong_level	True	1	train
SNU17:chr4:52000001-57201939:2	SNU17:chr4:52000001-57201939:2	SNU17	chr4	q	52000001	57201939	candidate_region_label	chromothripsis	region	candidate_region	4	7	7	candidate_region_with_context	52480356	57201939	sv_attention	0.9196	0.9077	mixed_HP	-0.2166	0.2	3.0	30.0	5.4683	0.0374	C1	chromothripsis	chromothripsis:noncanonicalB	chromosome_arm	50494000	190200001	402	402	8	4	4	5201939	7.689440418274801e-07	5.505705468672355	395735.0	1315324.5	2220074.25	True	1.0	1.0	0	0	0	0	0	2	2	0	0	0	0	0	4	0					0	1	0.0	0	3	0	0	sample_residual	coords	1	0	chromothripsis:noncanonicalB	chromothripsis	5.452185153961182	0.9957313724408303	chromothripsis	0.35572855562665234	-0.5939521789550781	-3.0808091163635254	0.04390583767925283	-2.180161237716675	0.10154621649677324	-0.5939521789550781	0.35572855562665234	-2.7704596519470215	0.05894151259204452	SNU17:C1	2	max	0.7900000214576721	min_delta	0.30000001192092896	0.20000000298023224	type_confidence	0.9800000190734863	0.10000000149011612	0.30000001192092896	0.6399999856948853	0.8399999886751175	0.20999999344348907	0.4099999964237213	0.23000000417232513	0.4300000071525574	0.11999999731779099	0.3200000002980232	chromothripsis	objectness_type_threshold	False	chromothripsis	0.35572855562665234	0.2541823391298791	chromothripsis	chromothripsis	chromothripsis:noncanonical	chromothripsis:noncanonical	True	False	True	True	True	False	wrong_level	True	1	train
SNU17:chr4:144713083-168228294:3	SNU17:chr4:144713083-168228294:3	SNU17	chr4	q	144713083	168228294	candidate_region_label	chromothripsis	region	candidate_region	19	37	37	candidate_region_with_context	145250864	168228294	sv_attention	1.0	0.9771	HP2	-0.3333	0.1111	0.0	278.0	5.332	0.0	C2	chromothripsis	chromothripsis:canonical	chromosome_arm	50494000	190200001	402	402	8	18	15	23515212	8.079876124442339e-07	5.332044593091485	239234.5	810713.0	1306111.0	True	0.7894736842105263	0.5555555555555556	0	0	0	0	3	7	8	0	1	0	0	0	19	0					6	5	0.0	0	8	0	0	sample_residual	coords	1	0	chromothripsis:canonical	chromothripsis	3.6132099628448486	0.9737428766245407	chromothripsis	0.6854376371630928	0.7788751721382141	-2.916430950164795	0.051347273824306906	-1.692278265953064	0.1554764609014147	0.7788751721382141	0.6854376371630928	-2.4234695434570312	0.08140044531238458	SNU17:C2	1	max	0.7900000214576721	min_delta	0.30000001192092896	0.20000000298023224	type_confidence	0.9800000190734863	0.10000000149011612	0.30000001192092896	0.6399999856948853	0.8399999886751175	0.20999999344348907	0.4099999964237213	0.23000000417232513	0.4300000071525574	0.11999999731779099	0.3200000002980232	chromothripsis	objectness_type_threshold	False	chromothripsis	0.6854376371630928	0.529961176261678	chromothripsis	chromothripsis	chromothripsis:canonical	chromothripsis:canonical	True	True	True	True	False	False	exact	True	1	train
SNU17:chr14:104704928-107043718:4	SNU17:chr14:104704928-107043718:4	SNU17	chr14	q	104704928	107043718	candidate_region_label	Seismic_Amplification;BFB	region	candidate_region	5	4	4	candidate_region_with_context	106364534	106451626	sv_attention	0.695	0.0372	HP2	-0.3333	0.1111	0.0	16.0	7.8431	0.0	C3	Seismic_Amplification;BFB	Seismic_Amplification:canonical;BFB:noncanonicalB	chromosome_arm	17600000	107000001	402	402	8	5	3	2338791	2.137856696045093e-06	7.73389413590184	43717.0	156046.0	591920.0	False	0.4	0.25	0	0	1	0	0	0	1	0	2	1	0	0	4	0	3.0	4.0			0	0	2.0	0	2	0	0	sample_residual	coords	1	0	Seismic_Amplification:canonical;BFB:noncanonicalB	Seismic_Amplification;BFB	4.944108486175537	0.9929251460977668	Seismic_Amplification	0.5806172819757077	0.3253079056739807	-2.9646472930908203	0.04904878753940176	0.3253079056739807	0.5806172819757077	-4.069674015045166	0.0167960305296715	-1.364214539527893	0.20355618294597116	SNU17:C3	1	max	0.7900000214576721	min_delta	0.30000001192092896	0.20000000298023224	type_confidence	0.9800000190734863	0.10000000149011612	0.30000001192092896	0.6399999856948853	0.8399999886751175	0.20999999344348907	0.4099999964237213	0.23000000417232513	0.4300000071525574	0.11999999731779099	0.3200000002980232	Seismic_Amplification	objectness_type_threshold	False	Seismic_Amplification	0.5806172819757077	0.37706109902973656	Seismic_Amplification	Seismic_Amplification	Seismic_Amplification:canonical	Seismic_Amplification:canonical	True	False	True	False	False	True	partial_class	True	1	train
H2009:chr1:45850148-56986953:1	H2009:chr1:45850148-56986953:1	H2009	chr1	p	45850148	56986953	candidate_region_label	chromothripsis	region	candidate_region	10	16	16	candidate_region_with_context	46818761	56986953	sv_attention	0.9947	0.913	HP1	0.683	0.5773	569.0	102.0	2.8436	0.5888	C1	chromothripsis	chromothripsis:noncanonical	chromosome_arm	0	123459000	402	402	8	10	9	11136806	8.979235159524194e-07	3.432415990724809	470443.5	724068.0	1449355.5	True	0.8	0.5555555555555556	0	0	1	4	4	1	0	0	0	0	0	0	11	0					4	4	0.0	0	1	2	0	sample_residual	coords	1	0	chromothripsis:noncanonical	chromothripsis	3.927164077758789	0.9806811121032638	chromothripsis	0.5234461735428048	0.09385352581739426	-3.6731910705566406	0.024766353279645	-2.9744412899017334	0.048593978459177976	0.09385352581739426	0.5234461735428048	-2.8385329246520996	0.05527710075450193	H2009:C1	2	max	0.7900000214576721	min_delta	0.30000001192092896	0.20000000298023224	type_confidence	0.9800000190734863	0.10000000149011612	0.30000001192092896	0.6399999856948853	0.8399999886751175	0.20999999344348907	0.4099999964237213	0.23000000417232513	0.4300000071525574	0.11999999731779099	0.3200000002980232	chromothripsis	objectness_type_threshold	False	chromothripsis	0.5234461735428048	0.46816907278830283	chromothripsis	chromothripsis	chromothripsis:canonical	chromothripsis:canonical	True	False	True	True	True	False	wrong_level	True	1	train
H2009:chr1:151000001-156374139:2	H2009:chr1:151000001-156374139:2	H2009	chr1	q	151000001	156374139	candidate_region_label	chromothripsis	region	candidate_region	5	6	6	candidate_region_with_context	153837663	156374139	sv_attention	0.9842	0.472	HP1	0.4678	0.2904	240.0	46.0	2.1966	2.0	C1	chromothripsis	chromothripsis:noncanonical	chromosome_arm	123459000	248950001	402	402	8	5	5	5374139	9.303815922885508e-07	4.1965682316739485	559282.0	678165.0	1598973.0	True	1.0	1.0	0	0	0	0	3	2	0	0	0	0	0	0	5	0					2	0	0.0	0	3	0	0	sample_residual	coords	1	0	chromothripsis:noncanonical	chromothripsis	3.927164077758789	0.9806811121032638	chromothripsis	0.5234461735428048	0.09385352581739426	-3.6731910705566406	0.024766353279645	-2.9744412899017334	0.048593978459177976	0.09385352581739426	0.5234461735428048	-2.8385329246520996	0.05527710075450193	H2009:C1	2	max	0.7900000214576721	min_delta	0.30000001192092896	0.20000000298023224	type_confidence	0.9800000190734863	0.10000000149011612	0.30000001192092896	0.6399999856948853	0.8399999886751175	0.20999999344348907	0.4099999964237213	0.23000000417232513	0.4300000071525574	0.11999999731779099	0.3200000002980232	chromothripsis	objectness_type_threshold	False	chromothripsis	0.5234461735428048	0.46816907278830283	chromothripsis	chromothripsis	chromothripsis:canonical	chromothripsis:canonical	True	False	True	True	True	False	wrong_level	True	1	train
H2009:chr1:173590064-196663842:3	H2009:chr1:173590064-196663842:3	H2009	chr1	q	173590064	196663842	candidate_region_label	chromothripsis	region	candidate_region	20	53	53	candidate_region_with_context	175000038	196663842	sv_attention	0.9665	0.9389	HP2	-0.3368	0.1158	445.0	1237.0	2.0268	2.3259	C2	chromothripsis	chromothripsis:noncanonical	chromosome_arm	123459000	248950001	402	402	8	19	20	23073779	8.66784760311694e-07	4.352673538853471	376901.75	508249.0	1190259.5	True	0.9	0.7894736842105263	0	0	0	1	9	9	1	0	0	0	0	0	21	0					3	3	0.0	7	8	0	7	sample_residual	coords	1	0	chromothripsis:noncanonical	chromothripsis	3.7220845222473145	0.9763875280986269	chromothripsis	0.5686186557347678	0.276217520236969	-2.3160910606384277	0.0897990452988063	-3.015770196914673	0.04671849172894971	0.276217520236969	0.5686186557347678	-2.825942277908325	0.055938297288881035	H2009:C2	2	max	0.7900000214576721	min_delta	0.30000001192092896	0.20000000298023224	type_confidence	0.9800000190734863	0.10000000149011612	0.30000001192092896	0.6399999856948853	0.8399999886751175	0.20999999344348907	0.4099999964237213	0.23000000417232513	0.4300000071525574	0.11999999731779099	0.3200000002980232	chromothripsis	objectness_type_threshold	False	chromothripsis	0.5686186557347678	0.4788196104359615	chromothripsis	chromothripsis	chromothripsis:canonical	chromothripsis:canonical	True	False	True	True	True	False	wrong_level	True	1	train
H2009:chr3:56114072-61312739:4	H2009:chr3:56114072-61312739:4	H2009	chr3	p	56114072	61312739	candidate_region_label	chromothripsis	region	candidate_region	5	3	3	candidate_region_with_context	60039017	60439741	sv_attention	0.3	0.0771	HP1	1.0	1.0	188.0	0.0	2.0946	0.0	C3	chromothripsis	chromothripsis:noncanonicalB	chromosome_arm	0	90951000	402	402	8	5	5	5198668	9.617848264209217e-07	2.094613658729505	107489.0	176841.0	1066186.0	True	0.8	0.75	0	0	2	2	1	0	0	0	0	0	0	0	6	0					0	6	0.0	0	0	0	0	sample_residual	coords	1	0	chromothripsis:noncanonicalB	chromothripsis	3.92348051071167	0.9806112007557555	chromothripsis	0.40606127383795143	-0.3802720904350281	-4.617654323577881	0.00977935439480479	-2.553861379623413	0.07216750235227867	-0.3802720904350281	0.40606127383795143	-2.693734645843506	0.06334407413403746	H2009:C3	1	max	0.7900000214576721	min_delta	0.30000001192092896	0.20000000298023224	type_confidence	0.9800000190734863	0.10000000149011612	0.30000001192092896	0.6399999856948853	0.8399999886751175	0.20999999344348907	0.4099999964237213	0.23000000417232513	0.4300000071525574	0.11999999731779099	0.3200000002980232	chromothripsis	objectness_type_threshold	False	chromothripsis	0.40606127383795143	0.3338937714856728	chromothripsis	chromothripsis	chromothripsis:noncanonical	chromothripsis:noncanonical	True	False	True	True	True	False	wrong_level	True	1	train
H2009:chr12:101496434-105293022:5	H2009:chr12:101496434-105293022:5	H2009	chr12	q	101496434	105293022	candidate_region_label	BFB	region	candidate_region	2	6	6	candidate_region_with_context	104713178	104731698	sv_attention	0.8663	0.0049	HP2	-0.7885	0.7181	0.0	218.0	1.0	2.1527	C4	BFB	BFB:noncanonical	chromosome_arm	35807000	133250001	402	402	8	2	2	3796589	5.26788651602794e-07	3.1527273560556592	1239068.75	1898294.5	2557520.25	False	0.0	0.0	0	0	0	1	1	0	0	0	0	0	0	0	3	1	3.0	3.0	3.0	3.0	0	0	1.0	0	1	1	0	sample_residual	coords	1	0	BFB:noncanonical	BFB	5.352746486663818	0.9952871876129059	BFB	0.4121735401320327	-0.3549872934818268	-4.276413440704346	0.01370204448754309	-2.7873284816741943	0.058012774252717086	-2.9922358989715576	0.04777786439738624	-0.3549872934818268	0.4121735401320327	H2009:C4	1	max	0.7900000214576721	min_delta	0.30000001192092896	0.20000000298023224	type_confidence	0.9800000190734863	0.10000000149011612	0.30000001192092896	0.6399999856948853	0.8399999886751175	0.20999999344348907	0.4099999964237213	0.23000000417232513	0.4300000071525574	0.11999999731779099	0.3200000002980232	BFB	objectness_type_threshold	False	BFB	0.4121735401320327	0.35416076587931566	BFB	BFB	BFB:canonical	BFB:canonical	True	False	True	True	True	False	wrong_level	True	1	train
H2009:chr13:48402084-58685643:6		H2009	chr13	q	48402084	58685643	candidate_region_empty		empty_candidate_region	candidate_region	8	13	13	candidate_region_with_context	48417591	58685643	sv_attention	0.9964	0.9985	mixed_HP	-0.0838	0.3557	1142.0	674.0	0.1989	1.5066	C5			chromosome_arm	17900000	114350001	402	402	8	8	7	10283560	7.779407131382517e-07	1.7055387606864705	302398.25	585673.0	1943798.75	False	0.625	0.2857142857142857	1	3	0	2	2	0	0	0	0	0	0	0	9	0					2	0	0.0	0	2	5	0	sample_residual	coords	0	1			-2.3208107948303223	0.08941402312321611	chromothripsis	0.2916883444849724	-0.887198269367218	-1.5546869039535522	0.17441036415632946	-1.613861083984375	0.1660532427112547	-0.887198269367218	0.2916883444849724	-4.708525657653809	0.008937464873186538	H2009:C5	1	max	0.7900000214576721	min_delta	0.30000001192092896	0.20000000298023224	type_confidence	0.9800000190734863	0.10000000149011612	0.30000001192092896	0.6399999856948853	0.8399999886751175	0.20999999344348907	0.4099999964237213	0.23000000417232513	0.4300000071525574	0.11999999731779099	0.3200000002980232	none	none_objectness	False	chromothripsis	0.2916883444849724	0.11727798032864292		none		none	False	False	False	False	False	False	background	True	0	train
H2009:chr13:93806668-107681239:7	H2009:chr13:93806668-107681239:7	H2009	chr13	q	93806668	107681239	candidate_region_label	chromothripsis	region	candidate_region	11	20	20	candidate_region_with_context	95298503	107681239	sv_attention	0.8811	0.8925	HP1	0.7306	0.6408	847.0	91.0	3.7592	1.0	C2	chromothripsis	chromothripsis:noncanonical	chromosome_arm	17900000	114350001	402	402	8	11	11	13874572	7.928172487050412e-07	4.759189616804036	365235.0	646317.0	1628778.0	True	0.7272727272727273	0.6	0	1	0	0	2	5	3	0	0	0	0	0	12	0					4	0	0.0	5	2	1	5	sample_residual	coords	1	0	chromothripsis:noncanonical	chromothripsis	3.7220845222473145	0.9763875280986269	chromothripsis	0.5686186557347678	0.276217520236969	-2.3160910606384277	0.0897990452988063	-3.015770196914673	0.04671849172894971	0.276217520236969	0.5686186557347678	-2.825942277908325	0.055938297288881035	H2009:C2	2	max	0.7900000214576721	min_delta	0.30000001192092896	0.20000000298023224	type_confidence	0.9800000190734863	0.10000000149011612	0.30000001192092896	0.6399999856948853	0.8399999886751175	0.20999999344348907	0.4099999964237213	0.23000000417232513	0.4300000071525574	0.11999999731779099	0.3200000002980232	chromothripsis	objectness_type_threshold	False	chromothripsis	0.5686186557347678	0.4788196104359615	chromothripsis	chromothripsis	chromothripsis:canonical	chromothripsis:canonical	True	False	True	True	True	False	wrong_level	True	1	train
HCC1937:chr3:185299317-198295559:1		HCC1937	chr3	q	185299317	198295559	candidate_region_empty		empty_candidate_region	candidate_region	6	4	4	candidate_region_with_context	188195205	189563317	sv_attention	0.8012	0.1053	mixed_HP	0.0614	0.912	240.0	228.0	6.1886	4.7359	C1			chromosome_arm	90951000	198250001	402	402	8	6	5	12996243	4.616718847131437e-07	10.893251089064572	476385.75	1789974.0	3841110.75	False	0.6666666666666666	0.4	0	0	1	0	0	0	1	0	0	4	0	0	5	0					2	2	0.0	1	0	0	1	sample_residual	coords	0	1			-0.6224086284637451	0.3492338448865207	Seismic_Amplification	0.349133784851376	-0.6228489279747009	-3.079646110534668	0.043954684376539634	-0.6228489279747009	0.349133784851376	-1.3160098791122437	0.21148291161448735	-4.031860828399658	0.017432019294884554	HCC1937:C1	1	max	0.7900000214576721	min_delta	0.30000001192092896	0.20000000298023224	type_confidence	0.9800000190734863	0.10000000149011612	0.30000001192092896	0.6399999856948853	0.8399999886751175	0.20999999344348907	0.4099999964237213	0.23000000417232513	0.4300000071525574	0.11999999731779099	0.3200000002980232	none	none_objectness	False	Seismic_Amplification	0.349133784851376	0.13765087323688863		none		none	False	False	False	False	False	False	background	True	0	train
HCC1937:chr4:128186850-130366021:2	HCC1937:chr4:128186850-130366021:2	HCC1937	chr4	q	128186850	130366021	candidate_region_label	BFB	region	candidate_region	2	4	4	candidate_region_with_context	128232717	128236541	sv_attention	0.6304	0.0018	HP2	-1.0	1.0	0.0	109.0	0.0	3.0421	C2	BFB	BFB:noncanonicalB	chromosome_arm	50494000	190200001	402	402	8	2	1	2179172	9.1777978057721e-07	3.042098978787376	567728.25	1089586.5	1611444.75	False	0.0	0.0	0	0	0	1	0	1	0	0	0	0	0	0	3	1	2.0	2.0	2.0	2.0	0	0	1.0	1	1	0	1	sample_residual	coords	1	0	BFB:noncanonicalB	BFB	5.371099948883057	0.9953724985048198	BFB	0.43686115077393217	-0.2539108097553253	-3.6592705249786377	0.025104809548701926	-2.571882486343384	0.07097008519901166	-3.266092300415039	0.03675291905822574	-0.2539108097553253	0.43686115077393217	HCC1937:C2	1	max	0.7900000214576721	min_delta	0.30000001192092896	0.20000000298023224	type_confidence	0.9800000190734863	0.10000000149011612	0.30000001192092896	0.6399999856948853	0.8399999886751175	0.20999999344348907	0.4099999964237213	0.23000000417232513	0.4300000071525574	0.11999999731779099	0.3200000002980232	BFB	objectness_type_threshold	False	BFB	0.43686115077393217	0.3658910655749205	BFB	BFB	BFB:canonical	BFB:canonical	True	False	True	True	True	False	wrong_level	True	1	train
HCC1937:chr5:52000001-54211375:3	HCC1937:chr5:52000001-54211375:3	HCC1937	chr5	q	52000001	54211375	candidate_region_label	Seismic_Amplification;BFB	region	candidate_region	2	3	3	candidate_region_with_context	53632208	54211375	sv_attention	0.861	0.2619	mixed_HP	0.7053	0.6667	301.0	0.0	5.0476	4.0	C3	Seismic_Amplification;BFB	Seismic_Amplification:noncanonical;BFB:noncanonical	chromosome_arm	48464000	181500001	402	402	8	2	2	2211375	9.044146741280876e-07	9.047612458312136	842426.75	1105687.5	1368948.25	False	0.0	0.0	0	0	0	0	0	0	0	0	1	1	0	0	2	1	2.0	2.0	2.0	2.0	0	0	1.0	1	0	0	1	sample_residual	coords	1	0	Seismic_Amplification:noncanonical;BFB:noncanonical	Seismic_Amplification;BFB	6.227204322814941	0.9980289272488007	BFB	0.2947946497825963	-0.8722100257873535	-2.7057929039001465	0.0626323941999292	-0.898178219795227	0.2894250175928831	-4.443391799926758	0.011619399211426948	-0.8722100257873535	0.2947946497825963	HCC1937:C3	1	max	0.7900000214576721	min_delta	0.30000001192092896	0.20000000298023224	type_confidence	0.9800000190734863	0.10000000149011612	0.30000001192092896	0.6399999856948853	0.8399999886751175	0.20999999344348907	0.4099999964237213	0.23000000417232513	0.4300000071525574	0.11999999731779099	0.3200000002980232	BFB	objectness_type_threshold	False	BFB	0.2947946497825963	0.005369632189713203	BFB	BFB	BFB:canonical	BFB:canonical	True	False	True	False	False	True	partial_class	True	1	train
HCC1937:chr6:18875101-23707534:4	HCC1937:chr6:18875101-23707534:4	HCC1937	chr6	p	18875101	23707534	candidate_region_label	Seismic_Amplification	region	candidate_region	9	68	68	candidate_region_with_context	21314688	23707534	sv_attention	1.0	0.4952	HP2	-0.6772	0.5697	17.0	395.0	2.0955	3.1222	C4	Seismic_Amplification	Seismic_Amplification:noncanonical	chromosome_arm	0	60589000	402	402	8	9	8	4832434	1.8624155032432928e-06	5.217706232511401	115264.0	346208.0	768656.0	False	0.5555555555555556	0.125	0	0	0	0	2	2	3	0	2	0	0	0	10	0					0	4	0.0	1	5	0	1	sample_residual	coords	1	0	Seismic_Amplification:noncanonical	Seismic_Amplification	1.6887990236282349	0.8440661544993242	Seismic_Amplification	0.5473087478021443	0.18980275094509125	-3.9835329055786133	0.018279383816552433	0.18980275094509125	0.5473087478021443	-1.8351447582244873	0.1376265260030035	-2.9624433517456055	0.049151688212581195	HCC1937:C4	1	max	0.7900000214576721	min_delta	0.30000001192092896	0.20000000298023224	type_confidence	0.9800000190734863	0.10000000149011612	0.30000001192092896	0.6399999856948853	0.8399999886751175	0.20999999344348907	0.4099999964237213	0.23000000417232513	0.4300000071525574	0.11999999731779099	0.3200000002980232	Seismic_Amplification	objectness_type_threshold	False	Seismic_Amplification	0.5473087478021443	0.4096822217991408	Seismic_Amplification	Seismic_Amplification	Seismic_Amplification:canonical	Seismic_Amplification:canonical	True	False	True	True	True	False	wrong_level	True	1	train
HCC1937:chr8:136730189-145138636:5	HCC1937:chr8:136730189-145138636:5	HCC1937	chr8	q	136730189	145138636	candidate_region_label	Seismic_Amplification	region	candidate_region	8	7	7	candidate_region_with_context	140269025	145072537	sv_attention	0.9893	0.5713	mixed_HP	0.1797	0.2144	164.0	169.0	9.6274	2.6432	C5	Seismic_Amplification	Seismic_Amplification:noncanonical	chromosome_arm	45644000	145100001	402	402	8	8	4	8408448	9.514240915802772e-07	12.223409718416526	65583.25	273024.5	1983771.75	False	0.5	0.4285714285714285	0	0	1	0	0	0	0	0	1	6	0	0	7	0					2	2	0.0	3	0	0	3	sample_residual	coords	1	0	Seismic_Amplification:noncanonical	Seismic_Amplification	3.086329460144043	0.9563253133690118	Seismic_Amplification	0.5249744666797433	0.09998106956481934	-1.1954963207244873	0.2322773647282728	0.09998106956481934	0.5249744666797433	-3.0547454357147217	0.04501304105970783	-2.3677964210510254	0.08566157431547262	HCC1937:C5	1	max	0.7900000214576721	min_delta	0.30000001192092896	0.20000000298023224	type_confidence	0.9800000190734863	0.10000000149011612	0.30000001192092896	0.6399999856948853	0.8399999886751175	0.20999999344348907	0.4099999964237213	0.23000000417232513	0.4300000071525574	0.11999999731779099	0.3200000002980232	Seismic_Amplification	objectness_type_threshold	False	Seismic_Amplification	0.5249744666797433	0.2926971019514706	Seismic_Amplification	Seismic_Amplification	Seismic_Amplification:canonical	Seismic_Amplification:canonical	True	False	True	True	True	False	wrong_level	True	1	train
HCC1937:chr12:38000001-46021190:6	HCC1937:chr12:38000001-46021190:6	HCC1937	chr12	q	38000001	46021190	candidate_region_label	BFB	region	candidate_region	3	3	3	candidate_region_with_context	41137069	46021190	sv_attention	0.8612	0.6089	mixed_HP	-0.0167	0.4697	20.0	13.0	1.0696	3.0	C6	BFB	BFB:noncanonicalB	chromosome_arm	35807000	133250001	402	402	8	3	3	8021190	3.74009342753382e-07	4.069613610948002	1847727.0	3137070.0	3731403.0	True	1.0	1.0	0	0	0	0	2	1	0	0	0	0	0	0	4	0	4.0	4.0			0	2	1.0	1	0	0	1	sample_residual	coords	1	0	BFB:noncanonicalB	BFB	4.738516807556152	0.9913243094241122	chromothripsis	0.30947618276478644	-0.8025693297386169	-3.670074462890625	0.024841740241340733	-3.4472734928131104	0.030850273735087946	-0.8025693297386169	0.30947618276478644	-2.272322177886963	0.09344131466394623	HCC1937:C6	1	max	0.7900000214576721	min_delta	0.30000001192092896	0.20000000298023224	type_confidence	0.9800000190734863	0.10000000149011612	0.30000001192092896	0.6399999856948853	0.8399999886751175	0.20999999344348907	0.4099999964237213	0.23000000417232513	0.4300000071525574	0.11999999731779099	0.3200000002980232	chromothripsis	objectness_type_threshold	False	chromothripsis	0.30947618276478644	0.21603486810084022	chromothripsis	chromothripsis	chromothripsis:noncanonical	chromothripsis:noncanonical	True	False	False	False	False	False	wrong	True	1	train
HCC1937:chr16:46000001-48375678:7	HCC1937:chr16:46000001-48375678:7	HCC1937	chr16	q	46000001	48375678	candidate_region_label	Seismic_Amplification	region	candidate_region	5	3	3	candidate_region_with_context	47156375	48375678	sv_attention	0.3304	0.5132	mixed_HP	0.0913	0.3596	49.0	28.0	3.0789	5.3732	C7	Seismic_Amplification	Seismic_Amplification:canonical	chromosome_arm	36800000	90300001	402	402	8	5	4	2375678	2.104662332184749e-06	8.452052885910561	143653.0	433076.0	571606.0	False	0.6	0.0	0	0	0	0	0	0	0	1	3	1	0	0	5	0					3	2	0.0	0	0	0	0	sample_residual	coords	1	0	Seismic_Amplification:canonical	Seismic_Amplification	2.0943572521209717	0.8903535226344321	Seismic_Amplification	0.6459321589521472	0.6012059450149536	-3.972135543823242	0.018485039191727483	0.6012059450149536	0.6459321589521472	-2.749382257461548	0.06012154743506904	-3.1339287757873535	0.041729220430355506	HCC1937:C7	1	max	0.7900000214576721	min_delta	0.30000001192092896	0.20000000298023224	type_confidence	0.9800000190734863	0.10000000149011612	0.30000001192092896	0.6399999856948853	0.8399999886751175	0.20999999344348907	0.4099999964237213	0.23000000417232513	0.4300000071525574	0.11999999731779099	0.3200000002980232	Seismic_Amplification	objectness_type_threshold	False	Seismic_Amplification	0.6459321589521472	0.5858106115170781	Seismic_Amplification	Seismic_Amplification	Seismic_Amplification:canonical	Seismic_Amplification:canonical	True	True	True	True	False	False	exact	True	1	train
HCC1954:chr1:151000001-157603647:1	HCC1954:chr1:151000001-157603647:1	HCC1954	chr1	q	151000001	157603647	candidate_region_label	Seismic_Amplification;BFB	region	candidate_region	5	9	9	candidate_region_with_context	151753364	157603647	sv_attention	0.9695	0.8859	HP1	0.5357	0.3809	135.0	0.0	2.1789	5.0	C1	Seismic_Amplification;BFB	Seismic_Amplification:canonical;BFB:noncanonical	chromosome_arm	123459000	248950001	402	402	8	5	3	6603647	7.571573707680014e-07	7.178905837940762	79399.0	614263.0	1018800.0	True	0.8	0.75	0	0	0	0	0	0	0	2	3	0	0	0	5	1	5.0	5.0	5.0	5.0	0	2	1.0	0	1	1	0	sample_residual	coords	1	0	Seismic_Amplification:canonical;BFB:noncanonical	Seismic_Amplification;BFB	4.892510414123535	0.992553305036926	Seismic_Amplification	0.3900181178895735	-0.4472360610961914	-1.650163173675537	0.16108689740781362	-0.4472360610961914	0.3900181178895735	-2.591538667678833	0.06968496656284522	-1.2908052206039429	0.21571655006521134	HCC1954:C1	1	max	0.7900000214576721	min_delta	0.30000001192092896	0.20000000298023224	type_confidence	0.9800000190734863	0.10000000149011612	0.30000001192092896	0.6399999856948853	0.8399999886751175	0.20999999344348907	0.4099999964237213	0.23000000417232513	0.4300000071525574	0.11999999731779099	0.3200000002980232	Seismic_Amplification	objectness_type_threshold	False	Seismic_Amplification	0.3900181178895735	0.17430156782436218	Seismic_Amplification	Seismic_Amplification	Seismic_Amplification:noncanonical	Seismic_Amplification:noncanonical	True	False	True	False	False	True	partial_class	True	1	train
HCC1954:chr2:96000001-100873753:2		HCC1954	chr2	q	96000001	100873753	candidate_region_empty		empty_candidate_region	candidate_region	5	6	6	candidate_region_with_context	97223028	98621162	sv_attention	0.4318	0.2869	HP1	0.2602	0.0136	87.0	30.0	2.031	3.0069	C2			chromosome_arm	93989000	242150001	402	402	8	5	5	4873753	1.0259034464815922e-06	5.037902002830262	253368.0	286910.0	2080884.0	False	0.8	0.5	0	0	0	0	1	2	2	0	0	0	0	0	5	0					0	2	0.0	3	0	0	3	sample_residual	coords	0	1			-1.5529582500457764	0.17465941554568626	ecDNA	0.2681642501003297	-1.0039564371109009	-1.0039564371109009	0.2681642501003297	-1.4533326625823975	0.18948919582232243	-1.3520393371582031	0.20553716511603912	-3.906820058822632	0.019708111724810316	HCC1954:C2	1	max	0.7900000214576721	min_delta	0.30000001192092896	0.20000000298023224	type_confidence	0.9800000190734863	0.10000000149011612	0.30000001192092896	0.6399999856948853	0.8399999886751175	0.20999999344348907	0.4099999964237213	0.23000000417232513	0.4300000071525574	0.11999999731779099	0.3200000002980232	none	none_objectness	False	ecDNA	0.2681642501003297	0.06262708498429057		none		none	False	False	False	False	False	False	background	True	0	train
HCC1954:chr2:147926458-151799362:3	HCC1954:chr2:147926458-151799362:3	HCC1954	chr2	q	147926458	151799362	candidate_region_label	BFB	region	candidate_region	1	3	3	candidate_region_with_context	147929243	147963148	sv_attention	0.488	0.0088	mixed_HP	0.3344	0.3302	15.0	5.0	3.0095	2.9905	C3	BFB	BFB:noncanonicalB	chromosome_arm	93989000	242150001	402	402	8	1	1	3872905	2.582041129333149e-07	6.0	3872905.0	3872905.0	3872905.0	False	0.0	0.0	0	0	0	0	0	0	1	0	0	0	0	0	2	0	1.0	1.0			0	0	1.0	1	0	0	1	sample_residual	coords	1	0	BFB:noncanonicalB	BFB	4.031677722930908	0.9825648441711419	BFB	0.3383768359285467	-0.6705359816551208	-3.9318811893463135	0.019229721408268077	-3.450090169906616	0.030766170411643617	-2.631063461303711	0.06716578922459093	-0.6705359816551208	0.3383768359285467	HCC1954:C3	1	max	0.7900000214576721	min_delta	0.30000001192092896	0.20000000298023224	type_confidence	0.9800000190734863	0.10000000149011612	0.30000001192092896	0.6399999856948853	0.8399999886751175	0.20999999344348907	0.4099999964237213	0.23000000417232513	0.4300000071525574	0.11999999731779099	0.3200000002980232	BFB	objectness_type_threshold	False	BFB	0.3383768359285467	0.2712110467039558	BFB	BFB	BFB:canonical	BFB:canonical	True	False	True	True	True	False	wrong_level	True	1	train
HCC1954:chr2:198255428-205692703:4	HCC1954:chr2:198255428-205692703:4	HCC1954	chr2	q	198255428	205692703	candidate_region_label	chromothripsis;BFB	region	candidate_region	5	7	7	candidate_region_with_context	204631843	205692702	sv_attention	0.9187	0.1426	HP2	-0.5438	0.3917	0.0	80.0	2.0	0.9227	C4	chromothripsis;BFB	chromothripsis:noncanonicalB;BFB:noncanonicalB	chromosome_arm	93989000	242150001	402	402	8	5	5	7437276	6.722891553305269e-07	2.922704640421488	654238.0	822484.0	2334699.0	True	0.8	0.75	0	0	2	2	1	0	0	0	0	0	0	0	6	0	5.0	5.0			2	0	1.0	2	0	1	2	sample_residual	coords	1	0	chromothripsis:noncanonicalB;BFB:noncanonicalB	chromothripsis;BFB	4.942941188812256	0.9929169413468454	chromothripsis	0.3325263914514392	-0.6967806220054626	-2.8881239891052246	0.052743768830351305	-2.944035053253174	0.050019189968715794	-0.6967806220054626	0.3325263914514392	-1.6452445983886719	0.16175269190373454	HCC1954:C4	1	max	0.7900000214576721	min_delta	0.30000001192092896	0.20000000298023224	type_confidence	0.9800000190734863	0.10000000149011612	0.30000001192092896	0.6399999856948853	0.8399999886751175	0.20999999344348907	0.4099999964237213	0.23000000417232513	0.4300000071525574	0.11999999731779099	0.3200000002980232	chromothripsis	objectness_type_threshold	False	chromothripsis	0.3325263914514392	0.17077369954770466	chromothripsis	chromothripsis	chromothripsis:noncanonical	chromothripsis:noncanonical	True	False	True	False	False	True	partial_class	True	1	train
HCC1954:chr4:0-4799073:5		HCC1954	chr4	p	0	4799073	candidate_region_empty		empty_candidate_region	candidate_region	6	8	8	candidate_region_with_context	1324114	1848952	sv_attention	0.9945	0.1094	mixed_HP	0.2872	0.543	55.0	38.0	2.9681	1.0	C5			chromosome_arm	0	50494000	402	402	8	6	5	4799074	1.25024119236336e-06	3.968093011276759	214636.25	764857.5	1342011.25	True	0.8333333333333334	0.6	0	0	0	2	3	1	0	0	0	0	0	0	7	0					4	3	0.0	0	0	0	0	sample_residual	coords	0	1			2.6476798057556152	0.9338678425047979	chromothripsis	0.5039707318574655	0.01588326133787632	-3.661426544189453	0.02505209592430338	-2.908083915710449	0.051755389969388076	0.01588326133787632	0.5039707318574655	-3.0788156986236572	0.043989593720674625	HCC1954:C5	1	max	0.7900000214576721	min_delta	0.30000001192092896	0.20000000298023224	type_confidence	0.9800000190734863	0.10000000149011612	0.30000001192092896	0.6399999856948853	0.8399999886751175	0.20999999344348907	0.4099999964237213	0.23000000417232513	0.4300000071525574	0.11999999731779099	0.3200000002980232	chromothripsis	objectness_type_threshold	False	chromothripsis	0.5039707318574655	0.4522153418880775	chromothripsis	chromothripsis	chromothripsis:canonical	chromothripsis:canonical	True	False	False	False	False	False	background	False	1	train
HCC1954:chr4:38478872-47999999:6	HCC1954:chr4:38478872-47999999:6	HCC1954	chr4	p	38478872	47999999	candidate_region_label	BFB	region	candidate_region	8	10	10	candidate_region_with_context	41750885	47999999	sv_attention	0.9818	0.6563	HP2	-0.6394	0.5192	10.0	127.0	1.9911	3.0511	C6	BFB	BFB:noncanonicalB	chromosome_arm	0	50494000	402	402	8	8	7	9521128	8.402365770106231e-07	5.042274288871174	193650.75	679488.0	1932207.5	False	0.5	0.1428571428571428	1	0	0	0	1	3	1	1	1	0	0	0	8	0	7.0	7.0			0	2	1.0	3	2	0	3	sample_residual	coords	1	0	BFB:noncanonicalB	BFB	5.444327354431152	0.9956978431635836	BFB	0.24527681783581987	-1.1239635944366455	-3.512755870819092	0.028951458633634086	-1.7903622388839722	0.1430283176772728	-3.049708604812622	0.04523005551234421	-1.1239635944366455	0.24527681783581987	HCC1954:C6	1	max	0.7900000214576721	min_delta	0.30000001192092896	0.20000000298023224	type_confidence	0.9800000190734863	0.10000000149011612	0.30000001192092896	0.6399999856948853	0.8399999886751175	0.20999999344348907	0.4099999964237213	0.23000000417232513	0.4300000071525574	0.11999999731779099	0.3200000002980232	BFB	objectness_type_threshold	False	BFB	0.24527681783581987	0.10224850015854706	BFB	BFB	BFB:noncanonicalB	BFB:noncanonicalB	True	True	True	True	False	False	exact	True	1	train
HCC1954:chr4:113806267-124363472:7	HCC1954:chr4:113806267-124363472:7	HCC1954	chr4	q	113806267	124363472	candidate_region_label	chromothripsis;BFB	region	candidate_region	11	12	12	candidate_region_with_context	115745030	124363472	sv_attention	0.9933	0.8164	mixed_HP	-0.0612	0.7263	61.0	76.0	1.9075	1.7772	C7	chromothripsis;BFB	chromothripsis:noncanonical;BFB:noncanonicalB	chromosome_arm	50494000	190200001	402	402	8	11	9	10557206	1.0419423472460422e-06	3.6847497936954543	286922.0	903802.0	1198660.5	True	0.8181818181818182	0.7	0	0	1	4	5	1	0	0	0	0	0	0	12	0	9.0	9.0			2	4	1.0	0	4	1	0	sample_residual	coords	1	0	chromothripsis:noncanonical;BFB:noncanonicalB	chromothripsis;BFB	4.6898369789123535	0.9908954701923206	chromothripsis	0.3934569783931257	-0.4328039288520813	-2.894015312194824	0.05245020172738906	-2.583353042602539	0.07021750506045556	-0.4328039288520813	0.3934569783931257	-1.772822380065918	0.14519168944847033	HCC1954:C7	1	max	0.7900000214576721	min_delta	0.30000001192092896	0.20000000298023224	type_confidence	0.9800000190734863	0.10000000149011612	0.30000001192092896	0.6399999856948853	0.8399999886751175	0.20999999344348907	0.4099999964237213	0.23000000417232513	0.4300000071525574	0.11999999731779099	0.3200000002980232	chromothripsis	objectness_type_threshold	False	chromothripsis	0.3934569783931257	0.24826528894465538	chromothripsis	chromothripsis	chromothripsis:noncanonical	chromothripsis:noncanonical	True	False	True	False	False	True	partial_class	True	1	train
HCC1954:chr4:144179786-178151261:8	HCC1954:chr4:144179786-178151261:8	HCC1954	chr4	q	144179786	178151261	candidate_region_label	ecDNA;Seismic_Amplification;BFB	region	candidate_region	38	68	68	candidate_region_with_context	147291679	178151261	sv_attention	1.0	0.9084	mixed_HP	0.0378	0.9355	736.0	699.0	2.1212	1.8745	C8	ecDNA;Seismic_Amplification;BFB	ecDNA;Seismic_Amplification:noncanonical;BFB:noncanonical	chromosome_arm	50494000	190200001	402	402	8	38	28	33971476	1.1185854862473449e-06	3.995765536516776	94724.75	323457.0	1329490.5	False	0.5	0.1351351351351351	0	0	1	10	9	6	3	4	5	0	0	0	40	0					8	6	0.0	23	3	0	23	sample_residual	coords	1	0	ecDNA;Seismic_Amplification:noncanonical;BFB:noncanonical	ecDNA;Seismic_Amplification;BFB	5.504622459411621	0.9959485568656965	ecDNA	0.9401733020836162	2.7546122074127197	2.7546122074127197	0.9401733020836162	0.9655654430389404	0.7242347146892838	-3.00925612449646	0.047009459753976114	-0.5715152621269226	0.3608872595905654	HCC1954:C8	7	max	0.7900000214576721	min_delta	0.30000001192092896	0.20000000298023224	type_confidence	0.9800000190734863	0.10000000149011612	0.30000001192092896	0.6399999856948853	0.8399999886751175	0.20999999344348907	0.4099999964237213	0.23000000417232513	0.4300000071525574	0.11999999731779099	0.3200000002980232	ecDNA	objectness_type_threshold	False	ecDNA	0.9401733020836162	0.21593858739433236	ecDNA;Seismic_Amplification;BFB	ecDNA;Seismic_Amplification;BFB	ecDNA;Seismic_Amplification:canonical;BFB:canonical	ecDNA;Seismic_Amplification:canonical;BFB:canonical	True	False	True	True	True	False	wrong_level	True	3	train
HCC1954:chr5:0-3209105:9	HCC1954:chr5:0-3209105:9	HCC1954	chr5	p	0	3209105	candidate_region_label	ecDNA;Seismic_Amplification;BFB	region	candidate_region	25	49	49	candidate_region_with_context	379661	3209105	sv_attention	0.9996	0.8817	mixed_HP	0.7441	1.0	2701.0	212.0	25.2779	7.9107	C8	ecDNA;Seismic_Amplification;BFB	ecDNA;Seismic_Amplification:noncanonical;BFB:noncanonical	chromosome_arm	0	48464000	402	402	8	25	12	3209106	7.790331637533943e-06	33.18875126320188	51011.0	91793.0	180392.0	False	0.2	0.0416666666666666	0	0	0	0	0	0	0	1	0	2	13	9	25	0					0	1	0.0	19	5	0	19	sample_residual	coords	1	0	ecDNA;Seismic_Amplification:noncanonical;BFB:noncanonical	ecDNA;Seismic_Amplification;BFB	5.504622459411621	0.9959485568656965	ecDNA	0.9401733020836162	2.7546122074127197	2.7546122074127197	0.9401733020836162	0.9655654430389404	0.7242347146892838	-3.00925612449646	0.047009459753976114	-0.5715152621269226	0.3608872595905654	HCC1954:C8	7	max	0.7900000214576721	min_delta	0.30000001192092896	0.20000000298023224	type_confidence	0.9800000190734863	0.10000000149011612	0.30000001192092896	0.6399999856948853	0.8399999886751175	0.20999999344348907	0.4099999964237213	0.23000000417232513	0.4300000071525574	0.11999999731779099	0.3200000002980232	ecDNA	objectness_type_threshold	False	ecDNA	0.9401733020836162	0.21593858739433236	ecDNA;Seismic_Amplification;BFB	ecDNA;Seismic_Amplification;BFB	ecDNA;Seismic_Amplification:canonical;BFB:canonical	ecDNA;Seismic_Amplification:canonical;BFB:canonical	True	False	True	True	True	False	wrong_level	True	3	train
HCC1954:chr5:25588866-33474335:10	HCC1954:chr5:25588866-33474335:10	HCC1954	chr5	p	25588866	33474335	candidate_region_label	chromothripsis	region	candidate_region	4	5	5	candidate_region_with_context	32317426	33474335	sv_attention	0.7861	0.1467	mixed_HP	-0.4447	0.527	15.0	22.0	0.1467	6.4837	C9	chromothripsis	chromothripsis:noncanonicalB	chromosome_arm	0	48464000	402	402	8	4	4	7885470	5.072620909089756e-07	6.630441098572298	938328.0	1907208.0	2940247.5	True	0.75	0.6666666666666666	0	0	0	0	0	0	2	1	1	0	0	0	5	0					2	0	0.0	2	1	0	2	sample_residual	coords	1	0	chromothripsis:noncanonicalB	chromothripsis	3.3594460487365723	0.9664128006043247	chromothripsis	0.311753678063138	-0.7919334173202515	-3.6459403038024902	0.025433134406087764	-2.801924467086792	0.05722026987676082	-0.7919334173202515	0.311753678063138	-2.8842642307281494	0.052936942788797764	HCC1954:C9	1	max	0.7900000214576721	min_delta	0.30000001192092896	0.20000000298023224	type_confidence	0.9800000190734863	0.10000000149011612	0.30000001192092896	0.6399999856948853	0.8399999886751175	0.20999999344348907	0.4099999964237213	0.23000000417232513	0.4300000071525574	0.11999999731779099	0.3200000002980232	chromothripsis	objectness_type_threshold	False	chromothripsis	0.311753678063138	0.25453340818637715	chromothripsis	chromothripsis	chromothripsis:noncanonical	chromothripsis:noncanonical	True	False	True	True	True	False	wrong_level	True	1	train
HCC1954:chr5:102783181-117504971:11	HCC1954:chr5:102783181-117504971:11	HCC1954	chr5	q	102783181	117504971	candidate_region_label	ecDNA;Seismic_Amplification;BFB	region	candidate_region	72	180	180	candidate_region_with_context	104285693	117504971	sv_attention	1.0	0.8979	mixed_HP	0.2076	0.3222	2325.0	1028.0	2.9667	4.0211	C8	ecDNA;Seismic_Amplification;BFB	ecDNA;Seismic_Amplification:noncanonical;BFB:noncanonical	chromosome_arm	48464000	181500001	402	402	8	72	43	14721791	4.890709289379261e-06	6.987719771943571	62117.25	113461.0	220104.5	False	0.2916666666666667	0.0	0	0	0	1	9	9	4	5	28	15	1	0	73	0	15.0	15.0			13	13	1.0	16	29	1	16	sample_residual	coords	1	0	ecDNA;Seismic_Amplification:noncanonical;BFB:noncanonical	ecDNA;Seismic_Amplification;BFB	5.504622459411621	0.9959485568656965	ecDNA	0.9401733020836162	2.7546122074127197	2.7546122074127197	0.9401733020836162	0.9655654430389404	0.7242347146892838	-3.00925612449646	0.047009459753976114	-0.5715152621269226	0.3608872595905654	HCC1954:C8	7	max	0.7900000214576721	min_delta	0.30000001192092896	0.20000000298023224	type_confidence	0.9800000190734863	0.10000000149011612	0.30000001192092896	0.6399999856948853	0.8399999886751175	0.20999999344348907	0.4099999964237213	0.23000000417232513	0.4300000071525574	0.11999999731779099	0.3200000002980232	ecDNA	objectness_type_threshold	False	ecDNA	0.9401733020836162	0.21593858739433236	ecDNA;Seismic_Amplification;BFB	ecDNA;Seismic_Amplification;BFB	ecDNA;Seismic_Amplification:canonical;BFB:canonical	ecDNA;Seismic_Amplification:canonical;BFB:canonical	True	False	True	True	True	False	wrong_level	True	3	train
HCC1954:chr5:175753434-181538259:12	HCC1954:chr5:175753434-181538259:12	HCC1954	chr5	q	175753434	181538259	candidate_region_label	ecDNA;Seismic_Amplification;BFB	region	candidate_region	21	81	81	candidate_region_with_context	175790271	181538259	sv_attention	0.9999	0.9936	mixed_HP	-0.1472	0.3524	1526.0	1723.0	3.0571	5.94	C8	ecDNA;Seismic_Amplification;BFB	ecDNA;Seismic_Amplification:noncanonical;BFB:noncanonical	chromosome_arm	48464000	181500001	402	402	8	21	11	5784826	3.630186975373157e-06	8.950894494738826	38258.0	101424.0	203151.0	False	0.2857142857142857	0.05	0	0	1	0	2	1	1	1	0	8	7	0	23	1	5.0	18.0	5.0	5.0	3	1	2.0	12	5	0	12	sample_residual	coords	1	0	ecDNA;Seismic_Amplification:noncanonical;BFB:noncanonical	ecDNA;Seismic_Amplification;BFB	5.504622459411621	0.9959485568656965	ecDNA	0.9401733020836162	2.7546122074127197	2.7546122074127197	0.9401733020836162	0.9655654430389404	0.7242347146892838	-3.00925612449646	0.047009459753976114	-0.5715152621269226	0.3608872595905654	HCC1954:C8	7	max	0.7900000214576721	min_delta	0.30000001192092896	0.20000000298023224	type_confidence	0.9800000190734863	0.10000000149011612	0.30000001192092896	0.6399999856948853	0.8399999886751175	0.20999999344348907	0.4099999964237213	0.23000000417232513	0.4300000071525574	0.11999999731779099	0.3200000002980232	ecDNA	objectness_type_threshold	False	ecDNA	0.9401733020836162	0.21593858739433236	ecDNA;Seismic_Amplification;BFB	ecDNA;Seismic_Amplification;BFB	ecDNA;Seismic_Amplification:canonical;BFB:canonical	ecDNA;Seismic_Amplification:canonical;BFB:canonical	True	False	True	True	True	False	wrong_level	True	3	train
HCC1954:chr8:39339828-42999999:13	HCC1954:chr8:39339828-42999999:13	HCC1954	chr8	p	39339828	42999999	candidate_region_label	Seismic_Amplification;BFB	region	candidate_region	7	10	10	candidate_region_with_context	39371574	39444144	sv_attention	0.9817	0.0198	HP2	-0.7619	0.6825	15.0	69.0	0.0	7.91	C10	Seismic_Amplification;BFB	Seismic_Amplification:noncanonical;BFB:noncanonicalB	chromosome_arm	0	45644000	402	402	8	7	4	3660172	1.912478429975422e-06	7.909990320129677	46160.5	252196.0	297515.0	False	0.4285714285714285	0.0	0	0	0	1	0	1	0	0	3	2	0	0	7	0	1.0	3.0			0	2	2.0	2	0	1	2	sample_residual	coords	1	0	Seismic_Amplification:noncanonical;BFB:noncanonicalB	Seismic_Amplification;BFB	4.956940174102783	0.993014718364411	Seismic_Amplification	0.5887449076331832	0.35877931118011475	-2.165276288986206	0.10291231564060922	0.35877931118011475	0.5887449076331832	-4.090517997741699	0.01645525913750618	-1.4227980375289917	0.194223314301595	HCC1954:C10	1	max	0.7900000214576721	min_delta	0.30000001192092896	0.20000000298023224	type_confidence	0.9800000190734863	0.10000000149011612	0.30000001192092896	0.6399999856948853	0.8399999886751175	0.20999999344348907	0.4099999964237213	0.23000000417232513	0.4300000071525574	0.11999999731779099	0.3200000002980232	Seismic_Amplification	objectness_type_threshold	False	Seismic_Amplification	0.5887449076331832	0.3945215933315882	Seismic_Amplification	Seismic_Amplification	Seismic_Amplification:canonical	Seismic_Amplification:canonical	True	False	True	False	False	True	partial_class	True	1	train
HCC1954:chr8:71218391-132804534:14	HCC1954:chr8:71218391-132804534:14	HCC1954	chr8	q	71218391	132804534	candidate_region_label	ecDNA;Seismic_Amplification;BFB	region	candidate_region	181	413	413	candidate_region_with_context	72099278	132804534	sv_attention	1.0	0.9857	mixed_HP	0.4892	0.6417	11606.0	3052.0	7.2983	3.9251	C8	ecDNA;Seismic_Amplification;BFB	ecDNA;Seismic_Amplification:noncanonical;BFB:noncanonical	chromosome_arm	45644000	145100001	402	402	8	181	110	61586144	2.938972766341728e-06	11.223467686090562	70240.0	138027.0	324017.0	False	0.1602209944751381	0.0111111111111111	2	0	0	0	4	7	7	11	42	68	38	2	193	1	8.0	184.0	153.0	153.0	36	22	7.0	64	60	4	64	sample_residual	coords	1	0	ecDNA;Seismic_Amplification:noncanonical;BFB:noncanonical	ecDNA;Seismic_Amplification;BFB	5.504622459411621	0.9959485568656965	ecDNA	0.9401733020836162	2.7546122074127197	2.7546122074127197	0.9401733020836162	0.9655654430389404	0.7242347146892838	-3.00925612449646	0.047009459753976114	-0.5715152621269226	0.3608872595905654	HCC1954:C8	7	max	0.7900000214576721	min_delta	0.30000001192092896	0.20000000298023224	type_confidence	0.9800000190734863	0.10000000149011612	0.30000001192092896	0.6399999856948853	0.8399999886751175	0.20999999344348907	0.4099999964237213	0.23000000417232513	0.4300000071525574	0.11999999731779099	0.3200000002980232	ecDNA	objectness_type_threshold	False	ecDNA	0.9401733020836162	0.21593858739433236	ecDNA;Seismic_Amplification;BFB	ecDNA;Seismic_Amplification;BFB	ecDNA;Seismic_Amplification:canonical;BFB:canonical	ecDNA;Seismic_Amplification:canonical;BFB:canonical	True	False	True	True	True	False	wrong_level	True	3	train
HCC1954:chr9:0-18581391:15	HCC1954:chr9:0-18581391:15	HCC1954	chr9	p	0	18581391	candidate_region_label	Seismic_Amplification;BFB	region	candidate_region	28	37	37	candidate_region_with_context	1133120	14802446	sv_attention	0.9994	0.7356	mixed_HP	-0.1003	0.1835	604.0	434.0	2.5506	11.1837	C11	Seismic_Amplification;BFB	Seismic_Amplification:noncanonical;BFB:noncanonicalB	chromosome_arm	0	49224000	402	402	8	28	26	18581392	1.506883876084203e-06	13.734265437330002	258420.0	519068.5	941492.5	False	0.3928571428571428	0.1481481481481481	0	0	0	0	0	0	0	1	1	25	1	0	27	0	1.0	23.0			4	4	4.0	13	2	0	13	sample_residual	coords	1	0	Seismic_Amplification:noncanonical;BFB:noncanonicalB	Seismic_Amplification;BFB	4.073324203491211	0.9832641422058913	Seismic_Amplification	0.5036063174254352	0.014425519853830338	-0.7915970087051392	0.3118258635839003	0.014425519853830338	0.5036063174254352	-3.3223016262054443	0.03481398649011825	-1.8749762773513794	0.13296697508128183	HCC1954:C11	1	max	0.7900000214576721	min_delta	0.30000001192092896	0.20000000298023224	type_confidence	0.9800000190734863	0.10000000149011612	0.30000001192092896	0.6399999856948853	0.8399999886751175	0.20999999344348907	0.4099999964237213	0.23000000417232513	0.4300000071525574	0.11999999731779099	0.3200000002980232	Seismic_Amplification	objectness_type_threshold	False	Seismic_Amplification	0.5036063174254352	0.19178045384153486	Seismic_Amplification	Seismic_Amplification	Seismic_Amplification:canonical	Seismic_Amplification:canonical	True	False	True	False	False	True	partial_class	True	1	train
HCC1954:chr9:125674254-127832869:16	HCC1954:chr9:125674254-127832869:16	HCC1954	chr9	q	125674254	127832869	candidate_region_label	chromothripsis	region	candidate_region	5	3	3	candidate_region_with_context	126367239	127156923	sv_attention	0.6072	0.3658	HP1	0.8598	0.8131	78.0	0.0	3.7548	1.0	C12	chromothripsis	chromothripsis:noncanonicalB	chromosome_arm	49224000	138350001	402	402	8	5	5	2158616	2.316298961927457e-06	4.754803077527453	160591.0	515473.0	632084.0	True	0.8	0.75	0	0	0	0	2	2	0	1	0	0	0	0	6	0					3	3	0.0	0	0	0	0	sample_residual	coords	1	0	chromothripsis:noncanonicalB	chromothripsis	3.2638168334960938	0.9631664395692453	chromothripsis	0.3375693185939727	-0.6741450428962708	-4.045611381530762	0.017198054021761996	-2.83797025680542	0.055306491491294435	-0.6741450428962708	0.3375693185939727	-2.796830654144287	0.05749568185197661	HCC1954:C12	1	max	0.7900000214576721	min_delta	0.30000001192092896	0.20000000298023224	type_confidence	0.9800000190734863	0.10000000149011612	0.30000001192092896	0.6399999856948853	0.8399999886751175	0.20999999344348907	0.4099999964237213	0.23000000417232513	0.4300000071525574	0.11999999731779099	0.3200000002980232	chromothripsis	objectness_type_threshold	False	chromothripsis	0.3375693185939727	0.2800736367419961	chromothripsis	chromothripsis	chromothripsis:noncanonical	chromothripsis:noncanonical	True	False	True	True	True	False	wrong_level	True	1	train
HCC1954:chr11:23782554-26756022:17	HCC1954:chr11:23782554-26756022:17	HCC1954	chr11	p	23782554	26756022	candidate_region_label	BFB	region	candidate_region	3	6	6	candidate_region_with_context	26059930	26148203	sv_attention	0.865	0.0297	HP1	0.4293	0.239	31.0	7.0	1.2965	1.2341	C13	BFB	BFB:noncanonicalB	chromosome_arm	0	53714000	402	402	8	3	3	2973469	1.0089225749452912e-06	2.530560432948856	440757.0	696091.0	1394023.0	False	0.6666666666666666	0.5	0	0	1	1	1	0	0	0	0	0	0	0	4	0	3.0	3.0			2	0	1.0	0	0	1	0	sample_residual	coords	1	0	BFB:noncanonicalB	BFB	5.2071099281311035	0.9945523582067572	BFB	0.24524599076391523	-1.124130129814148	-3.345534324645996	0.03404170319717333	-2.6913537979125977	0.06348548059783327	-2.3230080604553223	0.08923528493492631	-1.124130129814148	0.24524599076391523	HCC1954:C13	1	max	0.7900000214576721	min_delta	0.30000001192092896	0.20000000298023224	type_confidence	0.9800000190734863	0.10000000149011612	0.30000001192092896	0.6399999856948853	0.8399999886751175	0.20999999344348907	0.4099999964237213	0.23000000417232513	0.4300000071525574	0.11999999731779099	0.3200000002980232	BFB	objectness_type_threshold	False	BFB	0.24524599076391523	0.1560107058289889	BFB	BFB	BFB:noncanonicalB	BFB:noncanonicalB	True	True	True	True	False	False	exact	True	1	train
HCC1954:chr11:44950563-50999999:18	HCC1954:chr11:44950563-50999999:18	HCC1954	chr11	p	44950563	50999999	candidate_region_label	chromothripsis	region	candidate_region	4	2	2	candidate_region_with_context	46499603	46616497	sv_attention	0.3	0.0193	mixed_HP	-0.1082	0.6429	3.0	4.0	1.9807	2.1409	C14	chromothripsis	chromothripsis:noncanonicalB	chromosome_arm	0	53714000	402	402	8	4	4	6049437	6.612185563714442e-07	4.121614953589896	668670.25	1200819.0	2044508.25	True	0.75	0.6666666666666666	0	0	0	1	2	1	0	0	0	0	0	0	4	0					3	0	0.0	1	0	0	1	sample_residual	coords	1	0	chromothripsis:noncanonicalB	chromothripsis	3.08205246925354	0.9561463263432636	chromothripsis	0.4560710873702981	-0.17616987228393555	-3.945479393005371	0.018974929768778587	-3.3556368350982666	0.03371106295432104	-0.17616987228393555	0.4560710873702981	-3.0546722412109375	0.045016187566906646	HCC1954:C14	1	max	0.7900000214576721	min_delta	0.30000001192092896	0.20000000298023224	type_confidence	0.9800000190734863	0.10000000149011612	0.30000001192092896	0.6399999856948853	0.8399999886751175	0.20999999344348907	0.4099999964237213	0.23000000417232513	0.4300000071525574	0.11999999731779099	0.3200000002980232	chromothripsis	objectness_type_threshold	False	chromothripsis	0.4560710873702981	0.4110548998033915	chromothripsis	chromothripsis	chromothripsis:noncanonical	chromothripsis:noncanonical	True	False	True	True	True	False	wrong_level	True	1	train
HCC1954:chr11:65787781-74859666:19	HCC1954:chr11:65787781-74859666:19	HCC1954	chr11	q	65787781	74859666	candidate_region_label	ecDNA;Seismic_Amplification;BFB	region	candidate_region	14	16	16	candidate_region_with_context	69092232	74859666	sv_attention	0.9991	0.6357	mixed_HP	0.5314	0.3488	569.0	79.0	3.5889	3.0464	C8	ecDNA;Seismic_Amplification;BFB	ecDNA;Seismic_Amplification:noncanonical;BFB:noncanonical	chromosome_arm	53714000	135050001	402	402	8	14	10	9071886	1.5432292689745e-06	6.635298076872202	105436.25	250574.0	812930.5	False	0.2857142857142857	0.0769230769230769	0	0	0	1	2	2	1	0	1	3	4	0	15	0	12.0	12.0			2	3	1.0	8	1	0	8	sample_residual	coords	1	0	ecDNA;Seismic_Amplification:noncanonical;BFB:noncanonical	ecDNA;Seismic_Amplification;BFB	5.504622459411621	0.9959485568656965	ecDNA	0.9401733020836162	2.7546122074127197	2.7546122074127197	0.9401733020836162	0.9655654430389404	0.7242347146892838	-3.00925612449646	0.047009459753976114	-0.5715152621269226	0.3608872595905654	HCC1954:C8	7	max	0.7900000214576721	min_delta	0.30000001192092896	0.20000000298023224	type_confidence	0.9800000190734863	0.10000000149011612	0.30000001192092896	0.6399999856948853	0.8399999886751175	0.20999999344348907	0.4099999964237213	0.23000000417232513	0.4300000071525574	0.11999999731779099	0.3200000002980232	ecDNA	objectness_type_threshold	False	ecDNA	0.9401733020836162	0.21593858739433236	ecDNA;Seismic_Amplification;BFB	ecDNA;Seismic_Amplification;BFB	ecDNA;Seismic_Amplification:canonical;BFB:canonical	ecDNA;Seismic_Amplification:canonical;BFB:canonical	True	False	True	True	True	False	wrong_level	True	3	train
HCC1954:chr11:85045948-104108535:20	HCC1954:chr11:85045948-104108535:20	HCC1954	chr11	q	85045948	104108535	candidate_region_label	ecDNA;Seismic_Amplification;BFB	region	candidate_region	26	47	47	candidate_region_with_context	88322434	104108535	sv_attention	1.0	0.8281	HP2	-0.6439	0.5253	143.0	1056.0	2.0037	4.776	C8	ecDNA;Seismic_Amplification;BFB	ecDNA;Seismic_Amplification:noncanonical;BFB:noncanonical	chromosome_arm	53714000	135050001	402	402	8	26	18	19062588	1.3639281298006336e-06	6.77967972782725	60608.0	180908.0	1038513.25	False	0.3846153846153846	0.16	1	0	0	0	0	6	3	4	4	8	0	0	27	1	5.0	27.0	27.0	27.0	4	1	5.0	14	2	1	14	sample_residual	coords	1	0	ecDNA;Seismic_Amplification:noncanonical;BFB:noncanonical	ecDNA;Seismic_Amplification;BFB	5.504622459411621	0.9959485568656965	ecDNA	0.9401733020836162	2.7546122074127197	2.7546122074127197	0.9401733020836162	0.9655654430389404	0.7242347146892838	-3.00925612449646	0.047009459753976114	-0.5715152621269226	0.3608872595905654	HCC1954:C8	7	max	0.7900000214576721	min_delta	0.30000001192092896	0.20000000298023224	type_confidence	0.9800000190734863	0.10000000149011612	0.30000001192092896	0.6399999856948853	0.8399999886751175	0.20999999344348907	0.4099999964237213	0.23000000417232513	0.4300000071525574	0.11999999731779099	0.3200000002980232	ecDNA	objectness_type_threshold	False	ecDNA	0.9401733020836162	0.21593858739433236	ecDNA;Seismic_Amplification;BFB	ecDNA;Seismic_Amplification;BFB	ecDNA;Seismic_Amplification:canonical;BFB:canonical	ecDNA;Seismic_Amplification:canonical;BFB:canonical	True	False	True	True	True	False	wrong_level	True	3	train
HCC1954:chr12:6941947-9032063:21	HCC1954:chr12:6941947-9032063:21	HCC1954	chr12	p	6941947	9032063	candidate_region_label	BFB	region	candidate_region	1	2	2	candidate_region_with_context	9032062	9032063	sv_attention	0.5218	0.0	HP1	0.6632	0.5509	36.0	2.0	3.0	2.0	C15	BFB	BFB:noncanonical	chromosome_arm	0	35807000	402	402	8	1	1	2090117	4.784421159198265e-07	5.0	2090117.0	2090117.0	2090117.0	False	0.0	0.0	0	0	0	0	0	1	0	0	0	0	0	0	2	1	2.0	2.0	2.0	2.0	0	0	1.0	1	0	0	1	sample_residual	coords	1	0	BFB:noncanonical	BFB	5.064393520355225	0.9937219219504563	BFB	0.40391241734105626	-0.38918954133987427	-4.11260986328125	0.016101507013230258	-2.9579174518585205	0.04936364189190948	-3.4002602100372314	0.03228733348230394	-0.38918954133987427	0.40391241734105626	HCC1954:C15	1	max	0.7900000214576721	min_delta	0.30000001192092896	0.20000000298023224	type_confidence	0.9800000190734863	0.10000000149011612	0.30000001192092896	0.6399999856948853	0.8399999886751175	0.20999999344348907	0.4099999964237213	0.23000000417232513	0.4300000071525574	0.11999999731779099	0.3200000002980232	BFB	objectness_type_threshold	False	BFB	0.40391241734105626	0.35454877544914676	BFB	BFB	BFB:canonical	BFB:canonical	True	False	True	True	True	False	wrong_level	True	1	train
HCC1954:chr12:38000001-45355960:22	HCC1954:chr12:38000001-45355960:22	HCC1954	chr12	q	38000001	45355960	candidate_region_label	Seismic_Amplification;BFB	region	candidate_region	17	23	23	candidate_region_with_context	40326774	45355960	sv_attention	0.9977	0.6837	HP1	0.7765	0.702	626.0	51.0	8.8374	2.0	C16	Seismic_Amplification;BFB	Seismic_Amplification:noncanonical;BFB:noncanonicalB	chromosome_arm	35807000	133250001	402	402	8	17	16	7355960	2.311051174829662e-06	10.83746037226956	157441.0	210604.0	431179.0	False	0.2352941176470588	0.125	0	0	0	0	1	0	0	0	1	15	0	0	17	0	12.0	13.0			2	3	2.0	9	1	0	9	sample_residual	coords	1	0	Seismic_Amplification:noncanonical;BFB:noncanonicalB	Seismic_Amplification;BFB	5.350930213928223	0.9952786605323494	Seismic_Amplification	0.49800765171870665	-0.007969435304403305	-0.9311103820800781	0.2826994963645223	-0.007969435304403305	0.49800765171870665	-3.5634427070617676	0.027560005995902664	-1.4372533559799194	0.19197104250749797	HCC1954:C16	2	max	0.7900000214576721	min_delta	0.30000001192092896	0.20000000298023224	type_confidence	0.9800000190734863	0.10000000149011612	0.30000001192092896	0.6399999856948853	0.8399999886751175	0.20999999344348907	0.4099999964237213	0.23000000417232513	0.4300000071525574	0.11999999731779099	0.3200000002980232	Seismic_Amplification	objectness_type_threshold	False	Seismic_Amplification	0.49800765171870665	0.21530815535418435	Seismic_Amplification	Seismic_Amplification	Seismic_Amplification:canonical	Seismic_Amplification:canonical	True	False	True	False	False	True	partial_class	True	1	train
HCC1954:chr14:30457625-37594904:23	HCC1954:chr14:30457625-37594904:23	HCC1954	chr14	q	30457625	37594904	candidate_region_label	BFB	region	candidate_region	6	8	8	candidate_region_with_context	36434639	37594904	sv_attention	0.6896	0.1626	mixed_HP	-0.6388	0.3088	2.0	126.0	3.0518	2.9263	C17	BFB	BFB:noncanonical	chromosome_arm	17600000	107000001	402	402	8	6	5	7137280	8.406563845050215e-07	5.978115612670373	353738.75	405899.0	1365456.5	True	0.8333333333333334	0.8	0	0	0	0	0	2	3	1	0	0	0	0	8	1	8.0	8.0	8.0	8.0	3	0	1.0	2	2	0	2	sample_residual	coords	1	0	BFB:noncanonical	BFB	5.319190979003906	0.9951271472970753	BFB	0.2515797983833809	-1.0902043581008911	-2.364945650100708	0.08588512105420798	-2.2998228073120117	0.09113763709979351	-1.8694580793380737	0.13360443972202515	-1.0902043581008911	0.2515797983833809	HCC1954:C17	1	max	0.7900000214576721	min_delta	0.30000001192092896	0.20000000298023224	type_confidence	0.9800000190734863	0.10000000149011612	0.30000001192092896	0.6399999856948853	0.8399999886751175	0.20999999344348907	0.4099999964237213	0.23000000417232513	0.4300000071525574	0.11999999731779099	0.3200000002980232	BFB	objectness_type_threshold	False	BFB	0.2515797983833809	0.11797535866135575	BFB	BFB	BFB:noncanonicalB	BFB:noncanonicalB	True	False	True	True	True	False	wrong_level	True	1	train
HCC1954:chr15:21000001-27434570:24	HCC1954:chr15:21000001-27434570:24	HCC1954	chr15	q	21000001	27434570	candidate_region_label	Seismic_Amplification;BFB	region	candidate_region	10	16	16	candidate_region_with_context	24791616	27202624	sv_attention	0.9892	0.3747	HP1	0.4662	0.2882	303.0	92.0	3.893	1.9603	C18	Seismic_Amplification;BFB	Seismic_Amplification:noncanonical;BFB:noncanonical	chromosome_arm	19050000	101950001	402	402	8	10	9	6434570	1.5541054025366108e-06	5.853343269247207	268139.5	357704.5	748533.5	False	0.4	0.2222222222222222	0	0	0	1	1	2	2	1	1	2	0	0	9	1	4.0	9.0	9.0	9.0	1	0	2.0	4	1	1	4	sample_residual	coords	1	0	Seismic_Amplification:noncanonical;BFB:noncanonical	Seismic_Amplification;BFB	5.808237075805664	0.9970062703538954	ecDNA	0.5653146574166328	0.26276007294654846	0.26276007294654846	0.5653146574166328	-0.4381764531135559	0.3921755696496279	-4.543813705444336	0.010520912311283456	-0.41729915142059326	0.3971632197692599	HCC1954:C18	1	max	0.7900000214576721	min_delta	0.30000001192092896	0.20000000298023224	type_confidence	0.9800000190734863	0.10000000149011612	0.30000001192092896	0.6399999856948853	0.8399999886751175	0.20999999344348907	0.4099999964237213	0.23000000417232513	0.4300000071525574	0.11999999731779099	0.3200000002980232	BFB	objectness_type_threshold	False	ecDNA	0.5653146574166328	0.1681514376473729	BFB	BFB	BFB:canonical	BFB:canonical	True	False	True	False	False	True	partial_class	True	1	train
HCC1954:chr17:39095055-42947300:25	HCC1954:chr17:39095055-42947300:25	HCC1954	chr17	q	39095055	42947300	candidate_region_label	ecDNA;Seismic_Amplification	region	candidate_region	3	14	14	candidate_region_with_context	39482909	39493730	sv_attention	0.9893	0.0028	mixed_HP	0.9254	0.8968	2650.0	2.0	37.8125	4.6903	C19	ecDNA;Seismic_Amplification	ecDNA;Seismic_Amplification:canonical	chromosome_arm	25150000	83250001	402	402	8	3	3	3852246	7.787664650699878e-07	42.5029363381943	443233.0	531128.0	1748454.0	False	0.6666666666666666	0.5	0	0	0	0	0	1	0	0	1	0	0	1	4	0					0	0	0.0	0	2	2	0	sample_residual	coords	1	0	ecDNA;Seismic_Amplification:canonical	ecDNA;Seismic_Amplification	2.9553182125091553	0.950514240965401	ecDNA	0.8518930097523616	1.749526023864746	1.749526023864746	0.8518930097523616	0.597894012928009	0.6451743419085538	-4.225791931152344	0.014403271131543738	-1.7094663381576538	0.15323294696916895	HCC1954:C19	1	max	0.7900000214576721	min_delta	0.30000001192092896	0.20000000298023224	type_confidence	0.9800000190734863	0.10000000149011612	0.30000001192092896	0.6399999856948853	0.8399999886751175	0.20999999344348907	0.4099999964237213	0.23000000417232513	0.4300000071525574	0.11999999731779099	0.3200000002980232	ecDNA	objectness_type_threshold	False	ecDNA	0.8518930097523616	0.20671866784380777	ecDNA;Seismic_Amplification	ecDNA;Seismic_Amplification	ecDNA;Seismic_Amplification:canonical	ecDNA;Seismic_Amplification:canonical	True	True	True	True	False	False	exact	True	2	train
HCC1954:chr19:0-8064793:26		HCC1954	chr19	p	0	8064793	candidate_region_empty		empty_candidate_region	candidate_region	5	9	9	candidate_region_with_context	1814593	8064793	sv_attention	0.9987	0.775	mixed_HP	-0.3787	0.7185	67.0	84.0	0.1444	3.0978	C20			chromosome_arm	0	26260000	402	402	8	5	5	8064794	6.199786380160485e-07	3.242259692619627	394548.0	1164679.0	1814596.0	False	0.8	0.5	0	0	0	3	1	1	0	0	0	0	0	0	5	0					2	2	0.0	1	0	0	1	sample_residual	coords	0	1			-1.1317062377929688	0.2438463582329578	chromothripsis	0.3693916071145788	-0.534827709197998	-2.787440061569214	0.05800667701428495	-2.638984441757202	0.06667120205441499	-0.534827709197998	0.3693916071145788	-4.291161060333252	0.013504163491208645	HCC1954:C20	1	max	0.7900000214576721	min_delta	0.30000001192092896	0.20000000298023224	type_confidence	0.9800000190734863	0.10000000149011612	0.30000001192092896	0.6399999856948853	0.8399999886751175	0.20999999344348907	0.4099999964237213	0.23000000417232513	0.4300000071525574	0.11999999731779099	0.3200000002980232	none	none_objectness	False	chromothripsis	0.3693916071145788	0.30272040506016384		none		none	False	False	False	False	False	False	background	True	0	train
HCC1954:chr19:28000001-58617616:27	HCC1954:chr19:28000001-58617616:27	HCC1954	chr19	q	28000001	58617616	candidate_region_label	Seismic_Amplification	region	candidate_region	34	38	38	candidate_region_with_context	29807938	58617616	sv_attention	1.0	0.941	HP1	0.3359	0.1145	406.0	169.0	3.4098	2.3535	C21	Seismic_Amplification	Seismic_Amplification:noncanonical	chromosome_arm	26260000	58600001	402	402	8	34	29	30617616	1.110471827721662e-06	5.7611247940442665	223721.0	455030.5	1153438.75	False	0.5882352941176471	0.303030303030303	0	0	1	1	1	6	14	5	6	0	0	0	32	0					1	11	0.0	3	13	4	3	sample_residual	coords	1	0	Seismic_Amplification:noncanonical	Seismic_Amplification	5.266189098358154	0.9948632724425985	Seismic_Amplification	0.490641108550533	-0.03743993863463402	-2.3106536865234375	0.0902444624012758	-0.03743993863463402	0.490641108550533	-2.6033999919891357	0.06891992293471678	-2.425997734069824	0.08121160129793409	HCC1954:C21	1	max	0.7900000214576721	min_delta	0.30000001192092896	0.20000000298023224	type_confidence	0.9800000190734863	0.10000000149011612	0.30000001192092896	0.6399999856948853	0.8399999886751175	0.20999999344348907	0.4099999964237213	0.23000000417232513	0.4300000071525574	0.11999999731779099	0.3200000002980232	Seismic_Amplification	objectness_type_threshold	False	Seismic_Amplification	0.490641108550533	0.4003966461492572	Seismic_Amplification	Seismic_Amplification	Seismic_Amplification:canonical	Seismic_Amplification:canonical	True	False	True	True	True	False	wrong_level	True	1	train
HCC1954:chr20:55358357-64444167:28	HCC1954:chr20:55358357-64444167:28	HCC1954	chr20	q	55358357	64444167	candidate_region_label	Seismic_Amplification;BFB	region	candidate_region	15	26	26	candidate_region_with_context	58118361	61406000	sv_attention	0.999	0.3618	mixed_HP	0.7104	0.3297	1148.0	87.0	7.1934	2.9891	C16	Seismic_Amplification;BFB	Seismic_Amplification:noncanonical;BFB:noncanonicalB	chromosome_arm	28120000	64400001	402	402	8	15	8	9085811	1.6509258226921077e-06	10.142738826506516	53726.5	183168.0	824823.5	False	0.3333333333333333	0.0	0	0	1	0	0	2	1	0	1	9	1	0	14	0	9.0	10.0			2	0	2.0	8	2	0	8	sample_residual	coords	1	0	Seismic_Amplification:noncanonical;BFB:noncanonicalB	Seismic_Amplification;BFB	5.350930213928223	0.9952786605323494	Seismic_Amplification	0.49800765171870665	-0.007969435304403305	-0.9311103820800781	0.2826994963645223	-0.007969435304403305	0.49800765171870665	-3.5634427070617676	0.027560005995902664	-1.4372533559799194	0.19197104250749797	HCC1954:C16	2	max	0.7900000214576721	min_delta	0.30000001192092896	0.20000000298023224	type_confidence	0.9800000190734863	0.10000000149011612	0.30000001192092896	0.6399999856948853	0.8399999886751175	0.20999999344348907	0.4099999964237213	0.23000000417232513	0.4300000071525574	0.11999999731779099	0.3200000002980232	Seismic_Amplification	objectness_type_threshold	False	Seismic_Amplification	0.49800765171870665	0.21530815535418435	Seismic_Amplification	Seismic_Amplification	Seismic_Amplification:canonical	Seismic_Amplification:canonical	True	False	True	False	False	True	partial_class	True	1	train
HCC1954:chr21:13000001-46709983:29	HCC1954:chr21:13000001-46709983:29	HCC1954	chr21	q	13000001	46709983	candidate_region_label	Seismic_Amplification	region	candidate_region	131	261	261	candidate_region_with_context	17366951	46709983	sv_attention	1.0	0.8705	HP1	0.7388	0.6517	2782.0	56.0	3.6432	1.9825	C22	Seismic_Amplification	Seismic_Amplification:noncanonical	chromosome_arm	12910000	46700001	402	402	8	131	98	33709983	3.886089174236605e-06	5.624639316807765	97571.0	175437.0	367809.5	False	0.5267175572519084	0.3076923076923077	0	0	3	4	8	34	35	21	25	1	0	0	135	0					29	38	0.0	3	61	4	3	sample_residual	coords	1	0	Seismic_Amplification:noncanonical	Seismic_Amplification	5.257508277893066	0.994818719372609	Seismic_Amplification	0.5249707506822737	0.09996616840362549	-1.8729169368743896	0.13320456927040855	0.09996616840362549	0.5249707506822737	-2.7113568782806396	0.062306529448649485	-2.3943610191345215	0.08360370891895572	HCC1954:C22	1	max	0.7900000214576721	min_delta	0.30000001192092896	0.20000000298023224	type_confidence	0.9800000190734863	0.10000000149011612	0.30000001192092896	0.6399999856948853	0.8399999886751175	0.20999999344348907	0.4099999964237213	0.23000000417232513	0.4300000071525574	0.11999999731779099	0.3200000002980232	Seismic_Amplification	objectness_type_threshold	False	Seismic_Amplification	0.5249707506822737	0.39176618141186514	Seismic_Amplification	Seismic_Amplification	Seismic_Amplification:canonical	Seismic_Amplification:canonical	True	False	True	True	True	False	wrong_level	True	1	train
HCC1954:chr22:19000001-50818468:30	HCC1954:chr22:19000001-50818468:30	HCC1954	chr22	q	19000001	50818468	candidate_region_label	BFB	region	candidate_region	21	37	37	candidate_region_with_context	21199247	47887204	sv_attention	1.0	0.8388	mixed_HP	0.3225	0.5934	386.0	278.0	3.5232	0.768	C23	BFB	BFB:noncanonicalB	chromosome_arm	15050000	50800001	402	402	8	21	17	31818468	6.599940638248202e-07	4.289856973647257	196854.0	1194590.0	2189787.0	False	0.4285714285714285	0.25	0	0	1	5	4	3	3	3	1	1	0	0	21	0	21.0	21.0			0	5	1.0	8	5	2	8	sample_residual	coords	1	0	BFB:noncanonicalB	BFB	6.075475215911865	0.9977067176152317	BFB	0.1510049526003563	-1.7267407178878784	-1.8067281246185303	0.1410340266046358	-1.9945374727249146	0.11977764640947246	-2.3624744415283203	0.0860793314886136	-1.7267407178878784	0.1510049526003563	HCC1954:C23	1	max	0.7900000214576721	min_delta	0.30000001192092896	0.20000000298023224	type_confidence	0.9800000190734863	0.10000000149011612	0.30000001192092896	0.6399999856948853	0.8399999886751175	0.20999999344348907	0.4099999964237213	0.23000000417232513	0.4300000071525574	0.11999999731779099	0.3200000002980232	BFB	objectness_type_threshold	False	BFB	0.1510049526003563	0.009970925995720498	BFB	BFB	BFB:noncanonicalB	BFB:noncanonicalB	True	True	True	True	False	False	exact	True	1	train
