split	run	sample_id	chrom	class	probability	threshold	predicted	truth	localization_score	localization_call	chromosome_call	chromosome_margin	or_call	and_call	stacked_score	stacked_call
loo	AU565	AU565	chr1	BFB	0.1080975010991096	0.3600000143051147	0	0	0.0	0	0	-0.2519025132060051	0	0	0.21091389401713082	0
loo	AU565	AU565	chr1	chromothripsis	0.0750716105103492	0.6700000166893005	0	0	0.0	0	0	-0.5949284061789514	0	0	0.2669959657658234	0
loo	AU565	AU565	chr1	ecDNA	0.0998944714665412	0.3600000143051147	0	0	0.0	0	0	-0.2601055428385735	0	0	0.18569424717463318	0
loo	AU565	AU565	chr1	seismic_amplification	0.0465143360197544	0.3300000131130218	0	0	0.0	0	0	-0.2834856770932674	0	0	0.2268984284286153	0
loo	AU565	AU565	chr10	BFB	0.4502639770507812	0.3600000143051147	1	0	0.6721835136413574	1	1	0.0902639627456665	1	1	0.9171497452517151	0
loo	AU565	AU565	chr10	chromothripsis	0.7618803977966309	0.6700000166893005	1	1	0.0	0	1	0.09188038110733032	1	0	0.9178014205827039	0
loo	AU565	AU565	chr10	ecDNA	0.215551421046257	0.3600000143051147	0	0	0.0	0	0	-0.1444485932588577	0	0	0.2886705218247119	0
loo	AU565	AU565	chr10	seismic_amplification	0.31521075963974	0.3300000131130218	0	0	0.0	0	0	-0.014789253473281805	0	0	0.5282598156733893	0
loo	AU565	AU565	chr11	BFB	0.1339875161647796	0.3600000143051147	0	0	0.0	0	0	-0.22601249814033508	0	0	0.23318727100742062	0
loo	AU565	AU565	chr11	chromothripsis	0.0268919058144092	0.6700000166893005	0	0	0.0	0	0	-0.6431081108748913	0	0	0.222695870229637	0
loo	AU565	AU565	chr11	ecDNA	0.0947873368859291	0.3600000143051147	0	0	0.0	0	0	-0.2652126774191856	0	0	0.18187638441079063	0
loo	AU565	AU565	chr11	seismic_amplification	0.0342772491276264	0.3300000131130218	0	0	0.0	0	0	-0.2957227639853954	0	0	0.21637927374033933	0
loo	AU565	AU565	chr12	BFB	0.0701150298118591	0.3600000143051147	0	0	0.0	0	0	-0.2898849844932556	0	0	0.18112947966269866	0
loo	AU565	AU565	chr12	chromothripsis	0.02127948962152	0.6700000166893005	0	0	0.0	0	0	-0.6487205270677805	0	0	0.2178917911993921	0
loo	AU565	AU565	chr12	ecDNA	0.0549594275653362	0.3600000143051147	0	0	0.0	0	0	-0.3050405867397785	0	0	0.1541818768679293	0
loo	AU565	AU565	chr12	seismic_amplification	0.0242007002234458	0.3300000131130218	0	0	0.0	0	0	-0.305799312889576	0	0	0.20798579013499502	0
loo	AU565	AU565	chr13	BFB	0.1225547492504119	0.3600000143051147	0	0	0.0	0	0	-0.2374452650547028	0	0	0.2231545656743067	0
loo	AU565	AU565	chr13	chromothripsis	0.0301596540957689	0.6700000166893005	0	0	0.0	0	0	-0.6398403625935316	0	0	0.2255275781929764	0
loo	AU565	AU565	chr13	ecDNA	0.1073422655463218	0.3600000143051147	0	0	0.0	0	0	-0.2526577487587929	0	0	0.19137230892007256	0
loo	AU565	AU565	chr13	seismic_amplification	0.0436070226132869	0.3300000131130218	0	0	0.0	0	0	-0.2863929904997349	0	0	0.22436692835663688	0
loo	AU565	AU565	chr14	BFB	0.2838393449783325	0.3600000143051147	0	0	0.0	0	0	-0.07616066932678217	0	0	0.3908826770445427	0
loo	AU565	AU565	chr14	chromothripsis	0.7247066497802734	0.6700000166893005	1	0	0.0	0	1	0.0547066330909729	1	0	0.902699448078893	0
loo	AU565	AU565	chr14	ecDNA	0.2483346313238144	0.3600000143051147	0	0	0.0	0	0	-0.1116653829813003	0	0	0.3233383050470715	0
loo	AU565	AU565	chr14	seismic_amplification	0.6871411204338074	0.3300000131130218	1	0	0.0	0	1	0.3571411073207856	1	0	0.8772563695651799	0
loo	AU565	AU565	chr15	BFB	0.0411063060164451	0.3600000143051147	0	0	0.0	0	0	-0.3188937082886696	0	0	0.16066602046995335	0
loo	AU565	AU565	chr15	chromothripsis	0.0829658135771751	0.6700000166893005	0	0	0.0	0	0	-0.5870342031121254	0	0	0.274765642018636	0
loo	AU565	AU565	chr15	ecDNA	0.0644957646727562	0.3600000143051147	0	0	0.0	0	0	-0.2955042496323585	0	0	0.1604819623709171	0
loo	AU565	AU565	chr15	seismic_amplification	0.041199903935194	0.3300000131130218	0	0	0.0	0	0	-0.2888001091778278	0	0	0.22228620407384583	0
loo	AU565	AU565	chr16	BFB	0.0724695697426796	0.3600000143051147	0	0	0.0	0	0	-0.2875304445624351	0	0	0.1828764041979823	0
loo	AU565	AU565	chr16	chromothripsis	0.0244899038225412	0.6700000166893005	0	0	0.0	0	0	-0.6455101128667593	0	0	0.2206306195230212	0
loo	AU565	AU565	chr16	ecDNA	0.0729181319475174	0.3600000143051147	0	0	0.0	0	0	-0.2870818823575973	0	0	0.1662178415501136	0
loo	AU565	AU565	chr16	seismic_amplification	0.0375301800668239	0.3300000131130218	0	0	0.0	0	0	-0.2924698330461979	0	0	0.21914067152991265	0
loo	AU565	AU565	chr17	BFB	0.6657537221908569	0.3600000143051147	1	0	0.7701798677444458	1	1	0.30575370788574224	1	1	0.9723329490031956	1
loo	AU565	AU565	chr17	chromothripsis	0.213144913315773	0.6700000166893005	0	0	0.0	0	0	-0.4568551033735275	0	0	0.42023239016865904	0
loo	AU565	AU565	chr17	ecDNA	0.5193411111831665	0.3600000143051147	1	0	0.0	0	1	0.1593410968780518	1	0	0.6484214897395519	0
loo	AU565	AU565	chr17	seismic_amplification	0.4378196895122528	0.3300000131130218	1	0	0.0	0	1	0.10781967639923101	1	0	0.6735290654356849	0
loo	AU565	AU565	chr18	BFB	0.0611986815929412	0.3600000143051147	0	0	0.0	0	0	-0.29880133271217346	0	0	0.17463190520766775	0
loo	AU565	AU565	chr18	chromothripsis	0.1120971217751503	0.6700000166893005	0	0	0.0	0	0	-0.5579028949141502	0	0	0.30461893786586713	0
loo	AU565	AU565	chr18	ecDNA	0.0627567693591117	0.3600000143051147	0	0	0.0	0	0	-0.29724324494600296	0	0	0.15931779168633897	0
loo	AU565	AU565	chr18	seismic_amplification	0.0409511998295784	0.3300000131130218	0	0	0.0	0	0	-0.2890488132834434	0	0	0.22207201049772232	0
loo	AU565	AU565	chr19	BFB	0.0659617334604263	0.3600000143051147	0	0	0.0	0	0	-0.2940382808446884	0	0	0.17807971987871923	0
loo	AU565	AU565	chr19	chromothripsis	0.0408353693783283	0.6700000166893005	0	0	0.0	0	0	-0.6291646473109722	0	0	0.23495576167430499	0
loo	AU565	AU565	chr19	ecDNA	0.0668784454464912	0.3600000143051147	0	0	0.0	0	0	-0.2931215688586235	0	0	0.16208820850361702	0
loo	AU565	AU565	chr19	seismic_amplification	0.0506399683654308	0.3300000131130218	0	0	0.0	0	0	-0.279360044747591	0	0	0.23052527631907885	0
loo	AU565	AU565	chr2	BFB	0.1109393537044525	0.3600000143051147	0	0	0.0	0	0	-0.24906066060066218	0	0	0.2132806107365163	0
loo	AU565	AU565	chr2	chromothripsis	0.401076078414917	0.6700000166893005	0	0	0.0	0	0	-0.26892393827438354	0	0	0.6490233307224341	0
loo	AU565	AU565	chr2	ecDNA	0.1030871495604515	0.3600000143051147	0	0	0.0	0	0	-0.2569128647446632	0	0	0.18811221145494506	0
loo	AU565	AU565	chr2	seismic_amplification	0.0844607949256897	0.3300000131130218	0	0	0.0	0	0	-0.2455392181873321	0	0	0.2617680850056902	0
loo	AU565	AU565	chr20	BFB	0.3782887458801269	0.3600000143051147	1	0	0.0	0	1	0.018288731575012207	1	0	0.5067725606406974	0
loo	AU565	AU565	chr20	chromothripsis	0.6949651837348938	0.6700000166893005	1	1	0.0	0	1	0.02496516704559326	1	0	0.8888814551524091	0
loo	AU565	AU565	chr20	ecDNA	0.3532682657241821	0.3600000143051147	0	0	0.0	0	0	-0.006731748580932617	0	0	0.44632561211193245	0
loo	AU565	AU565	chr20	seismic_amplification	0.9367751479148864	0.3300000131130218	1	1	0.8575658798217773	1	1	0.6067751348018646	1	1	0.9954271718137861	1
loo	AU565	AU565	chr21	BFB	0.0658489093184471	0.3600000143051147	0	0	0.0	0	0	-0.2941511049866676	0	0	0.17799743722726752	0
loo	AU565	AU565	chr21	chromothripsis	0.0386652201414108	0.6700000166893005	0	0	0.0	0	0	-0.6313347965478897	0	0	0.23301730720456887	0
loo	AU565	AU565	chr21	ecDNA	0.0756969302892685	0.3600000143051147	0	0	0.0	0	0	-0.2843030840158462	0	0	0.16814595725587478	0
loo	AU565	AU565	chr21	seismic_amplification	0.0417687371373176	0.3300000131130218	0	0	0.0	0	0	-0.2882312759757042	0	0	0.22277665966799354	0
loo	AU565	AU565	chr22	BFB	0.0445821471512317	0.3600000143051147	0	0	0.0	0	0	-0.315417867153883	0	0	0.16301570109062305	0
loo	AU565	AU565	chr22	chromothripsis	0.024259990081191	0.6700000166893005	0	0	0.0	0	0	-0.6457400266081096	0	0	0.2204336605812778	0
loo	AU565	AU565	chr22	ecDNA	0.0576220266520977	0.3600000143051147	0	0	0.0	0	0	-0.302377987653017	0	0	0.15592026936170056	0
loo	AU565	AU565	chr22	seismic_amplification	0.0457987412810325	0.3300000131130218	0	0	0.0	0	0	-0.2842012718319893	0	0	0.22627346782041868	0
loo	AU565	AU565	chr3	BFB	0.3145078718662262	0.3600000143051147	0	0	0.0	0	0	-0.045492142438888494	0	0	0.4278166795263416	0
loo	AU565	AU565	chr3	chromothripsis	0.82762211561203	0.6700000166893005	1	0	0.7281679511070251	1	1	0.1576220989227295	1	1	0.9918808255986791	1
loo	AU565	AU565	chr3	ecDNA	0.2415537238121032	0.3600000143051147	0	0	0.0	0	0	-0.1184462904930115	0	0	0.3159892555573939	0
loo	AU565	AU565	chr3	seismic_amplification	0.6787183284759521	0.3300000131130218	1	0	0.0	0	1	0.34871831536293035	1	0	0.8726644972437423	0
loo	AU565	AU565	chr4	BFB	0.0708308368921279	0.3600000143051147	0	0	0.0	0	0	-0.2891691774129868	0	0	0.18165918565714587	0
loo	AU565	AU565	chr4	chromothripsis	0.0939093455672264	0.6700000166893005	0	0	0.0	0	0	-0.5760906711220741	0	0	0.2857657730491631	0
loo	AU565	AU565	chr4	ecDNA	0.081754483282566	0.3600000143051147	0	0	0.0	0	0	-0.2782455310225487	0	0	0.1724108774000554	0
loo	AU565	AU565	chr4	seismic_amplification	0.0563230738043785	0.3300000131130218	0	0	0.0	0	0	-0.2736769393086433	0	0	0.2355874536891243	0
loo	AU565	AU565	chr5	BFB	0.3328180909156799	0.3600000143051147	0	0	0.6557139754295349	1	0	-0.027181923389434814	1	0	0.8587893017858474	0
loo	AU565	AU565	chr5	chromothripsis	0.736807644367218	0.6700000166893005	1	0	0.0	0	1	0.06680762767791748	1	0	0.9078692135498657	0
loo	AU565	AU565	chr5	ecDNA	0.2510892450809479	0.3600000143051147	0	0	0.0	0	0	-0.10891076922416681	0	0	0.32634907683626413	0
loo	AU565	AU565	chr5	seismic_amplification	0.8156635761260986	0.3300000131130218	1	0	0.0	0	1	0.48566356301307684	1	0	0.9313236679987185	0
loo	AU565	AU565	chr6	BFB	0.7798215746879578	0.3600000143051147	1	0	0.726293683052063	1	1	0.4198215603828431	1	1	0.9835607430639721	1
loo	AU565	AU565	chr6	chromothripsis	0.6132726073265076	0.6700000166893005	0	0	0.0	0	0	-0.05672740936279297	0	0	0.8418749727692655	0
loo	AU565	AU565	chr6	ecDNA	0.4483210146427154	0.3600000143051147	1	0	0.0	0	1	0.08832100033760071	1	0	0.5641874070606665	0
loo	AU565	AU565	chr6	seismic_amplification	0.4707458317279815	0.3300000131130218	1	0	0.0	0	1	0.14074581861495972	1	0	0.7085350996488067	0
loo	AU565	AU565	chr7	BFB	0.8563057780265808	0.3600000143051147	1	1	0.8749270439147949	1	1	0.4963057637214661	1	1	0.9900086987253831	1
loo	AU565	AU565	chr7	chromothripsis	0.1074139326810836	0.6700000166893005	0	0	0.0	0	0	-0.562586084008217	0	0	0.2996977874508388	0
loo	AU565	AU565	chr7	ecDNA	0.5957932472229004	0.3600000143051147	1	0	0.0	0	1	0.2357932329177857	1	0	0.7297022752208308	0
loo	AU565	AU565	chr7	seismic_amplification	0.1879866570234298	0.3300000131130218	0	0	0.0	0	0	-0.142013356089592	0	0	0.3726486927465942	0
loo	AU565	AU565	chr8	BFB	0.8078170418739319	0.3600000143051147	1	1	0.7875285744667053	1	1	0.4478170275688172	1	1	0.9863710139860715	1
loo	AU565	AU565	chr8	chromothripsis	0.4454754292964935	0.6700000166893005	0	0	0.0	0	0	-0.22452458739280706	0	0	0.6976255298004296	0
loo	AU565	AU565	chr8	ecDNA	0.4751804769039154	0.3600000143051147	1	0	0.7314596772193909	1	1	0.11518046259880071	1	1	0.9212653233801273	0
loo	AU565	AU565	chr8	seismic_amplification	0.8354836702346802	0.3300000131130218	1	1	0.8392167687416077	1	1	0.5054836571216583	1	1	0.9923321511088002	1
loo	AU565	AU565	chr9	BFB	0.0563276223838329	0.3600000143051147	0	0	0.0	0	0	-0.3036723919212818	0	0	0.17116056279030117	0
loo	AU565	AU565	chr9	chromothripsis	0.0727873966097831	0.6700000166893005	0	0	0.0	0	0	-0.5972126200795175	0	0	0.26477402004090284	0
loo	AU565	AU565	chr9	ecDNA	0.0690437853336334	0.3600000143051147	0	0	0.0	0	0	-0.2909562289714813	0	0	0.16355916148024108	0
loo	AU565	AU565	chr9	seismic_amplification	0.045879065990448	0.3300000131130218	0	0	0.0	0	0	-0.2841209471225738	0	0	0.22634355822417943	0
loo	AU565	AU565	chrX	BFB	0.2849022150039673	0.3600000143051147	0	0	0.0	0	0	-0.0750977993011474	0	0	0.3921445577428865	0
loo	AU565	AU565	chrX	chromothripsis	0.7805178165435791	0.6700000166893005	1	0	0.0	0	1	0.11051779985427856	1	0	0.9245421164218004	0
loo	AU565	AU565	chrX	ecDNA	0.2660983800888061	0.3600000143051147	0	0	0.0	0	0	-0.0939016342163086	0	0	0.3430018492918396	0
loo	AU565	AU565	chrX	seismic_amplification	0.5830588340759277	0.3300000131130218	1	0	0.0	0	1	0.25305882096290594	1	0	0.8096904236704675	0
loo	BT474	BT474	chr1	BFB	0.5080300569534302	0.25	1	0	0.0	0	1	0.2580300569534302	1	0	0.690854946878982	0
loo	BT474	BT474	chr1	chromothripsis	0.6838961839675903	0.7200000286102295	0	0	0.0	0	0	-0.03610384464263916	0	0	0.8729022988571213	0
loo	BT474	BT474	chr1	ecDNA	0.4458950757980346	0.5099999904632568	0	0	0.0	0	0	-0.06410491466522222	0	0	0.4883257272935587	0
loo	BT474	BT474	chr1	seismic_amplification	0.8210751414299011	0.8600000143051147	0	0	0.0	0	0	-0.03892487287521362	0	0	0.8148011452943772	0
loo	BT474	BT474	chr10	BFB	0.0537577606737613	0.25	0	0	0.0	0	0	-0.1962422393262387	0	0	0.19265766223630118	0
loo	BT474	BT474	chr10	chromothripsis	0.0535511784255504	0.7200000286102295	0	0	0.0	0	0	-0.6664488501846791	0	0	0.2355719611267193	0
loo	BT474	BT474	chr10	ecDNA	0.0366546027362346	0.5099999904632568	0	0	0.0	0	0	-0.4733453877270222	0	0	0.1128544953746377	0
loo	BT474	BT474	chr10	seismic_amplification	0.0526872426271438	0.8600000143051147	0	0	0.0	0	0	-0.807312771677971	0	0	0.09093899233046167	0
loo	BT474	BT474	chr11	BFB	0.5455779433250427	0.25	1	0	0.0	0	1	0.2955779433250427	1	0	0.728893248328882	0
loo	BT474	BT474	chr11	chromothripsis	0.6602360010147095	0.7200000286102295	0	0	0.0	0	0	-0.05976402759552002	0	0	0.8594052317452558	0
loo	BT474	BT474	chr11	ecDNA	0.4518797993659973	0.5099999904632568	0	0	0.0	0	0	-0.05812019109725952	0	0	0.4956912867818912	0
loo	BT474	BT474	chr11	seismic_amplification	0.8308236002922058	0.8600000143051147	0	1	0.0	0	0	-0.029176414012908936	0	0	0.8219357576115797	0
loo	BT474	BT474	chr12	BFB	0.8214828372001648	0.25	1	0	0.8753490447998047	1	1	0.5714828372001648	1	1	0.9897464594022011	1
loo	BT474	BT474	chr12	chromothripsis	0.495467871427536	0.7200000286102295	0	0	0.0	0	0	-0.22453215718269348	0	0	0.7308616550003896	0
loo	BT474	BT474	chr12	ecDNA	0.6969504356384277	0.5099999904632568	1	0	0.0	0	1	0.1869504451751709	1	0	0.7666614338895926	0
loo	BT474	BT474	chr12	seismic_amplification	0.4914030730724334	0.8600000143051147	0	0	0.0	0	0	-0.36859694123268133	0	0	0.46459060121879997	0
loo	BT474	BT474	chr13	BFB	0.0846380665898323	0.25	0	0	0.0	0	0	-0.1653619334101677	0	0	0.2174191008503653	0
loo	BT474	BT474	chr13	chromothripsis	0.0686763450503349	0.7200000286102295	0	0	0.0	0	0	-0.6513236835598946	0	0	0.24924719389110117	0
loo	BT474	BT474	chr13	ecDNA	0.0764991268515586	0.5099999904632568	0	0	0.0	0	0	-0.43350086361169826	0	0	0.134039459717812	0
loo	BT474	BT474	chr13	seismic_amplification	0.0916296988725662	0.8600000143051147	0	0	0.0	0	0	-0.7683703154325485	0	0	0.10808423784044852	0
loo	BT474	BT474	chr14	BFB	0.760631263256073	0.25	1	0	0.0	0	1	0.510631263256073	1	0	0.8857445465308372	0
loo	BT474	BT474	chr14	chromothripsis	0.3977415561676025	0.7200000286102295	0	0	0.0	0	0	-0.322258472442627	0	0	0.6266260376016717	0
loo	BT474	BT474	chr14	ecDNA	0.586239218711853	0.5099999904632568	1	0	0.0	0	1	0.07623922824859619	1	0	0.6557439424621657	0
loo	BT474	BT474	chr14	seismic_amplification	0.3971181809902191	0.8600000143051147	0	0	0.0	0	0	-0.46288183331489563	0	0	0.3529361381390625	0
loo	BT474	BT474	chr15	BFB	0.8719119429588318	0.25	1	1	0.9667593836784364	1	1	0.6219119429588318	1	1	0.9926025283164867	1
loo	BT474	BT474	chr15	chromothripsis	0.3709276020526886	0.7200000286102295	0	0	0.0	0	0	-0.3490724265575409	0	0	0.5952545334124036	0
loo	BT474	BT474	chr15	ecDNA	0.7182140946388245	0.5099999904632568	1	0	0.8787134289741516	1	1	0.20821410417556763	1	1	0.9712355981085659	1
loo	BT474	BT474	chr15	seismic_amplification	0.4599866867065429	0.8600000143051147	0	0	0.0	0	0	-0.40001332759857183	0	0	0.4263943869526713	0
loo	BT474	BT474	chr16	BFB	0.0502086766064167	0.25	0	0	0.0	0	0	-0.1997913233935833	0	0	0.1899539324682086	0
loo	BT474	BT474	chr16	chromothripsis	0.0873183235526084	0.7200000286102295	0	0	0.0	0	0	-0.6326817050576211	0	0	0.2668167741080547	0
loo	BT474	BT474	chr16	ecDNA	0.0301566421985626	0.5099999904632568	0	0	0.0	0	0	-0.4798433482646942	0	0	0.1096904130422569	0
loo	BT474	BT474	chr16	seismic_amplification	0.0570820495486259	0.8600000143051147	0	0	0.0	0	0	-0.8029179647564888	0	0	0.09274395430505902	0
loo	BT474	BT474	chr17	BFB	0.6606276035308838	0.25	1	1	0.8215419054031372	1	1	0.4106276035308838	1	1	0.9765700311649876	1
loo	BT474	BT474	chr17	chromothripsis	0.6793649792671204	0.7200000286102295	0	0	0.0	0	0	-0.04063504934310913	0	0	0.8704061644473643	0
loo	BT474	BT474	chr17	ecDNA	0.5531846284866333	0.5099999904632568	1	0	0.707768976688385	1	1	0.043184638023376465	1	1	0.9279241731104373	0
loo	BT474	BT474	chr17	seismic_amplification	0.7718885540962219	0.8600000143051147	0	0	0.9164005517959596	1	0	-0.08811146020889282	1	0	0.9706275748715005	1
loo	BT474	BT474	chr18	BFB	0.0768336206674575	0.25	0	0	0.0	0	0	-0.1731663793325425	0	0	0.21095116600959377	0
loo	BT474	BT474	chr18	chromothripsis	0.0845616683363914	0.7200000286102295	0	0	0.0	0	0	-0.635438360273838	0	0	0.2641696799277486	0
loo	BT474	BT474	chr18	ecDNA	0.0578785650432109	0.5099999904632568	0	0	0.0	0	0	-0.45212142542004596	0	0	0.12374897511248906	0
loo	BT474	BT474	chr18	seismic_amplification	0.131547212600708	0.8600000143051147	0	0	0.0	0	0	-0.7284528017044067	0	0	0.12854369889709777	0
loo	BT474	BT474	chr19	BFB	0.196091815829277	0.25	0	0	0.0	0	0	-0.05390818417072299	0	0	0.32476830020015796	0
loo	BT474	BT474	chr19	chromothripsis	0.099798284471035	0.7200000286102295	0	0	0.0	0	0	-0.6202017441391945	0	0	0.27900973628976183	0
loo	BT474	BT474	chr19	ecDNA	0.1463342308998108	0.5099999904632568	0	0	0.0	0	0	-0.36366575956344604	0	0	0.1791937730125081	0
loo	BT474	BT474	chr19	seismic_amplification	0.2234122455120086	0.8600000143051147	0	0	0.0	0	0	-0.6365877687931061	0	0	0.18823342154912057	0
loo	BT474	BT474	chr2	BFB	0.071246713399887	0.25	0	0	0.0	0	0	-0.178753286600113	0	0	0.20640829239194472	0
loo	BT474	BT474	chr2	chromothripsis	0.0394408032298088	0.7200000286102295	0	0	0.0	0	0	-0.6805592253804207	0	0	0.22329019830794317	0
loo	BT474	BT474	chr2	ecDNA	0.0492095164954662	0.5099999904632568	0	0	0.0	0	0	-0.46079047396779066	0	0	0.11919388376961049	0
loo	BT474	BT474	chr2	seismic_amplification	0.0606165304780006	0.8600000143051147	0	0	0.0	0	0	-0.7993834838271141	0	0	0.0942188450533002	0
loo	BT474	BT474	chr20	BFB	0.6559014320373535	0.25	1	1	0.8094114661216736	1	1	0.4059014320373535	1	1	0.9757786982870562	1
loo	BT474	BT474	chr20	chromothripsis	0.5528842210769653	0.7200000286102295	0	0	0.0	0	0	-0.16711580753326416	0	0	0.7827443453079701	0
loo	BT474	BT474	chr20	ecDNA	0.5306877493858337	0.5099999904632568	1	0	0.0	0	1	0.020687758922576904	1	0	0.591660751301455	0
loo	BT474	BT474	chr20	seismic_amplification	0.7203032970428467	0.8600000143051147	0	0	0.0	0	0	-0.13969671726226807	0	0	0.7281561665560173	0
loo	BT474	BT474	chr21	BFB	0.0317220017313957	0.25	0	0	0.0	0	0	-0.2182779982686043	0	0	0.17634018169901877	0
loo	BT474	BT474	chr21	chromothripsis	0.1027429550886154	0.7200000286102295	0	0	0.0	0	0	-0.6172570735216141	0	0	0.2819359915378417	0
loo	BT474	BT474	chr21	ecDNA	0.0328068025410175	0.5099999904632568	0	0	0.0	0	0	-0.47719318792223936	0	0	0.1109713681100921	0
loo	BT474	BT474	chr21	seismic_amplification	0.0443218015134334	0.8600000143051147	0	0	0.0	0	0	-0.8156782127916813	0	0	0.08759045688539784	0
loo	BT474	BT474	chr22	BFB	0.1084812879562377	0.25	0	0	0.0	0	0	-0.14151871204376232	0	0	0.23805722112928326	0
loo	BT474	BT474	chr22	chromothripsis	0.3312433362007141	0.7200000286102295	0	0	0.0	0	0	-0.3887566924095154	0	0	0.5474357345823885	0
loo	BT474	BT474	chr22	ecDNA	0.0871770605444908	0.5099999904632568	0	0	0.0	0	0	-0.422822929918766	0	0	0.14026095554851994	0
loo	BT474	BT474	chr22	seismic_amplification	0.0987009853124618	0.8600000143051147	0	0	0.0	0	0	-0.7612990289926529	0	0	0.1114871297911379	0
loo	BT474	BT474	chr3	BFB	0.311174213886261	0.25	1	0	0.0	0	1	0.061174213886260986	1	0	0.4587815265218917	0
loo	BT474	BT474	chr3	chromothripsis	0.2416214793920517	0.7200000286102295	0	0	0.0	0	0	-0.4783785492181778	0	0	0.4375760266906202	0
loo	BT474	BT474	chr3	ecDNA	0.1620034575462341	0.5099999904632568	0	0	0.0	0	0	-0.3479965329170227	0	0	0.19082474936703547	0
loo	BT474	BT474	chr3	seismic_amplification	0.1699424684047699	0.8600000143051147	0	0	0.0	0	0	-0.6900575459003448	0	0	0.15125022767129928	0
loo	BT474	BT474	chr4	BFB	0.3902303874492645	0.25	1	0	0.0	0	1	0.14023038744926453	1	0	0.5557778230046699	0
loo	BT474	BT474	chr4	chromothripsis	0.4134297668933868	0.7200000286102295	0	0	0.0	0	0	-0.3065702617168427	0	0	0.6445166333132774	0
loo	BT474	BT474	chr4	ecDNA	0.2615334093570709	0.5099999904632568	0	0	0.0	0	0	-0.2484665811061859	0	0	0.2779708462996882	0
loo	BT474	BT474	chr4	seismic_amplification	0.4652774930000305	0.8600000143051147	0	0	0.7823430299758911	1	0	-0.39472252130508423	1	0	0.8663663767524509	0
loo	BT474	BT474	chr5	BFB	0.1061292961239814	0.25	0	0	0.0	0	0	-0.14387070387601858	0	0	0.23596282131830773	0
loo	BT474	BT474	chr5	chromothripsis	0.1307133436203003	0.7200000286102295	0	0	0.0	0	0	-0.5892866849899292	0	0	0.3106364877419152	0
loo	BT474	BT474	chr5	ecDNA	0.0848181843757629	0.5099999904632568	0	0	0.0	0	0	-0.42518180608749395	0	0	0.13886608722918592	0
loo	BT474	BT474	chr5	seismic_amplification	0.0868699327111244	0.8600000143051147	0	0	0.0	0	0	-0.7731300815939903	0	0	0.10584540622350845	0
loo	BT474	BT474	chr6	BFB	0.049221321940422	0.25	0	0	0.0	0	0	-0.200778678059578	0	0	0.18920693932652713	0
loo	BT474	BT474	chr6	chromothripsis	0.0931740552186966	0.7200000286102295	0	0	0.0	0	0	-0.6268259733915329	0	0	0.27249544866670716	0
loo	BT474	BT474	chr6	ecDNA	0.0570535697042942	0.5099999904632568	0	0	0.0	0	0	-0.45294642075896263	0	0	0.12330913160257928	0
loo	BT474	BT474	chr6	seismic_amplification	0.0898806154727935	0.8600000143051147	0	0	0.0	0	0	-0.7701193988323213	0	0	0.10725673214204347	0
loo	BT474	BT474	chr7	BFB	0.625553548336029	0.25	1	0	0.0	0	1	0.37555354833602905	1	0	0.799445900273986	0
loo	BT474	BT474	chr7	chromothripsis	0.6710099577903748	0.7200000286102295	0	0	0.0	0	0	-0.048990070819854736	0	0	0.8656942061352423	0
loo	BT474	BT474	chr7	ecDNA	0.4956800639629364	0.5099999904632568	0	0	0.0	0	0	-0.014319926500320435	0	0	0.5494499097704287	0
loo	BT474	BT474	chr7	seismic_amplification	0.483787328004837	0.8600000143051147	0	0	0.0	0	0	-0.37621268630027777	0	0	0.45527561719205256	0
loo	BT474	BT474	chr8	BFB	0.3268102407455444	0.25	1	0	0.0	0	1	0.07681024074554438	1	0	0.4779510239736139	0
loo	BT474	BT474	chr8	chromothripsis	0.5951943397521973	0.7200000286102295	0	0	0.6754052639007568	1	0	-0.12480568885803223	1	0	0.9716674053225787	1
loo	BT474	BT474	chr8	ecDNA	0.2659147083759308	0.5099999904632568	0	0	0.0	0	0	-0.24408528208732605	0	0	0.2823216126826726	0
loo	BT474	BT474	chr8	seismic_amplification	0.7895228266716003	0.8600000143051147	0	0	0.0	0	0	-0.0704771876335144	0	0	0.7902018158760443	0
loo	BT474	BT474	chr9	BFB	0.6629853248596191	0.25	1	1	0.0	0	1	0.41298532485961914	1	0	0.8273781396255756	0
loo	BT474	BT474	chr9	chromothripsis	0.2344532310962677	0.7200000286102295	0	0	0.0	0	0	-0.4855467975139618	0	0	0.428909003561353	0
loo	BT474	BT474	chr9	ecDNA	0.5530234575271606	0.5099999904632568	1	0	0.0	0	1	0.04302346706390381	1	0	0.6179419115761627	0
loo	BT474	BT474	chr9	seismic_amplification	0.2339737862348556	0.8600000143051147	0	0	0.0	0	0	-0.6260262280702591	0	0	0.19630940893432075	0
loo	BT474	BT474	chrX	BFB	0.0788663700222969	0.25	0	0	0.0	0	0	-0.1711336299777031	0	0	0.212622121331754	0
loo	BT474	BT474	chrX	chromothripsis	0.2359546273946762	0.7200000286102295	0	0	0.0	0	0	-0.4840454012155533	0	0	0.43072089686129555	0
loo	BT474	BT474	chrX	ecDNA	0.101950816810131	0.5099999904632568	0	0	0.0	0	0	-0.4080491736531258	0	0	0.14926536974179383	0
loo	BT474	BT474	chrX	seismic_amplification	0.0987000465393066	0.8600000143051147	0	0	0.0	0	0	-0.7612999677658081	0	0	0.1114866718719956	0
loo	C4I	C4I	chr1	BFB	0.164221316576004	0.4799999892711639	0	0	0.0	0	0	-0.3157786726951599	0	0	0.21161988778380844	0
loo	C4I	C4I	chr1	chromothripsis	0.0725624784827232	0.699999988079071	0	0	0.0	0	0	-0.6274375095963478	0	0	0.2501982846199959	0
loo	C4I	C4I	chr1	ecDNA	0.1135937571525573	0.4000000059604645	0	0	0.0	0	0	-0.28640624880790716	0	0	0.17634188894881817	0
loo	C4I	C4I	chr1	seismic_amplification	0.0891527384519577	0.7900000214576721	0	0	0.0	0	0	-0.7008472830057144	0	0	0.11764417159721623	0
loo	C4I	C4I	chr10	BFB	0.1110663041472435	0.4799999892711639	0	0	0.0	0	0	-0.3689336851239204	0	0	0.17179362192827027	0
loo	C4I	C4I	chr10	chromothripsis	0.1414488703012466	0.699999988079071	0	0	0.0	0	0	-0.5585511177778244	0	0	0.3178902122170082	0
loo	C4I	C4I	chr10	ecDNA	0.0817273929715156	0.4000000059604645	0	0	0.0	0	0	-0.3182726129889489	0	0	0.15500549547621606	0
loo	C4I	C4I	chr10	seismic_amplification	0.0692563354969024	0.7900000214576721	0	0	0.0	0	0	-0.7207436859607698	0	0	0.10799178734709163	0
loo	C4I	C4I	chr11	BFB	0.3008675277233124	0.4799999892711639	0	0	0.518523097038269	1	0	-0.1791324615478515	1	0	0.776768661092132	0
loo	C4I	C4I	chr11	chromothripsis	0.1264533400535583	0.699999988079071	0	0	0.0	0	0	-0.5735466480255127	0	0	0.30233430534017497	0
loo	C4I	C4I	chr11	ecDNA	0.117268294095993	0.4000000059604645	0	0	0.0	0	0	-0.2827317118644715	0	0	0.17894510553841766	0
loo	C4I	C4I	chr11	seismic_amplification	0.0626242235302925	0.7900000214576721	0	0	0.0	0	0	-0.7273757979273796	0	0	0.10493237697671379	0
loo	C4I	C4I	chr12	BFB	0.0565263256430625	0.4799999892711639	0	0	0.0	0	0	-0.4234736636281014	0	0	0.1373513994714333	0
loo	C4I	C4I	chr12	chromothripsis	0.077299952507019	0.699999988079071	0	0	0.0	0	0	-0.622700035572052	0	0	0.2545330214851799	0
loo	C4I	C4I	chr12	ecDNA	0.0350757651031017	0.4000000059604645	0	0	0.0	0	0	-0.36492424085736275	0	0	0.12762638624601869	0
loo	C4I	C4I	chr12	seismic_amplification	0.0458826571702957	0.7900000214576721	0	0	0.0	0	0	-0.7441173642873764	0	0	0.09754783354552177	0
loo	C4I	C4I	chr13	BFB	0.0487775467336177	0.4799999892711639	0	0	0.0	0	0	-0.43122244253754616	0	0	0.1329592605185745	0
loo	C4I	C4I	chr13	chromothripsis	0.214038997888565	0.699999988079071	0	0	0.0	0	0	-0.48596099019050604	0	0	0.3985639010095571	0
loo	C4I	C4I	chr13	ecDNA	0.0390857495367527	0.4000000059604645	0	0	0.0	0	0	-0.3609142564237118	0	0	0.12980727221800917	0
loo	C4I	C4I	chr13	seismic_amplification	0.0569061338901519	0.7900000214576721	0	0	0.0	0	0	-0.7330938875675203	0	0	0.10235628418570582	0
loo	C4I	C4I	chr14	BFB	0.1173834577202797	0.4799999892711639	0	0	0.0	0	0	-0.3626165315508842	0	0	0.17619639468104373	0
loo	C4I	C4I	chr14	chromothripsis	0.4153920710086822	0.699999988079071	0	0	0.0	0	0	-0.28460791707038885	0	0	0.6376148123135987	0
loo	C4I	C4I	chr14	ecDNA	0.0540218614041805	0.4000000059604645	0	0	0.0	0	0	-0.34597814455628395	0	0	0.1382108854113088	0
loo	C4I	C4I	chr14	seismic_amplification	0.0575223267078399	0.7900000214576721	0	0	0.0	0	0	-0.7324776947498323	0	0	0.10263117224581969	0
loo	C4I	C4I	chr15	BFB	0.0974678695201873	0.4799999892711639	0	0	0.0	0	0	-0.38253211975097656	0	0	0.16261271586696308	0
loo	C4I	C4I	chr15	chromothripsis	0.4227611124515533	0.699999988079071	0	0	0.0	0	0	-0.27723887562751776	0	0	0.6458309545872909	0
loo	C4I	C4I	chr15	ecDNA	0.0562578253448009	0.4000000059604645	0	0	0.0	0	0	-0.3437421806156636	0	0	0.1395075139803456	0
loo	C4I	C4I	chr15	seismic_amplification	0.0689510628581047	0.7900000214576721	0	0	0.0	0	0	-0.7210489585995674	0	0	0.10784925937344655	0
loo	C4I	C4I	chr16	BFB	0.5278230905532837	0.4799999892711639	1	0	0.5975000858306885	1	1	0.047823101282119806	1	1	0.9178097715965365	0
loo	C4I	C4I	chr16	chromothripsis	0.2530803084373474	0.699999988079071	0	0	0.0	0	0	-0.44691967964172363	0	0	0.44469762010650266	0
loo	C4I	C4I	chr16	ecDNA	0.2486555278301239	0.4000000059604645	0	0	0.6079831719398499	1	0	-0.15134447813034058	1	0	0.7478475380357472	0
loo	C4I	C4I	chr16	seismic_amplification	0.1743769496679306	0.7900000214576721	0	0	0.0	0	0	-0.6156230717897415	0	0	0.16775410967228047	0
loo	C4I	C4I	chr17	BFB	0.3124397397041321	0.4799999892711639	0	0	0.0	0	0	-0.1675602495670318	0	0	0.3551698950278378	0
loo	C4I	C4I	chr17	chromothripsis	0.0509726554155349	0.699999988079071	0	0	0.0	0	0	-0.6490273326635362	0	0	0.23107399455769265	0
loo	C4I	C4I	chr17	ecDNA	0.1160697788000106	0.4000000059604645	0	0	0.0	0	0	-0.2839302271604539	0	0	0.17809273308339874	0
loo	C4I	C4I	chr17	seismic_amplification	0.0688337460160255	0.7900000214576721	0	0	0.0	0	0	-0.7211662754416466	0	0	0.1077945296100056	0
loo	C4I	C4I	chr18	BFB	0.2768477201461792	0.4799999892711639	0	0	0.0	0	0	-0.20315226912498469	0	0	0.3166960723404057	0
loo	C4I	C4I	chr18	chromothripsis	0.6975536942481995	0.699999988079071	0	1	0.553884744644165	1	0	-0.002446293830871582	1	0	0.9794093401305987	1
loo	C4I	C4I	chr18	ecDNA	0.164378210902214	0.4000000059604645	0	0	0.0	0	0	-0.23562179505825048	0	0	0.21499973236961553	0
loo	C4I	C4I	chr18	seismic_amplification	0.1796206384897232	0.7900000214576721	0	0	0.0	0	0	-0.6103793829679489	0	0	0.17133447827895576	0
loo	C4I	C4I	chr19	BFB	0.106849804520607	0.4799999892711639	0	0	0.0	0	0	-0.3731501847505569	0	0	0.16890372460502315	0
loo	C4I	C4I	chr19	chromothripsis	0.3783102035522461	0.699999988079071	0	0	0.0	0	0	-0.32168978452682495	0	0	0.5951254458159906	0
loo	C4I	C4I	chr19	ecDNA	0.0596191845834255	0.4000000059604645	0	0	0.0	0	0	-0.34038082137703896	0	0	0.14147591814768073	0
loo	C4I	C4I	chr19	seismic_amplification	0.0527716241776943	0.7900000214576721	0	0	0.0	0	0	-0.7372283972799778	0	0	0.1005286727104245	0
loo	C4I	C4I	chr2	BFB	0.0513781979680061	0.4799999892711639	0	0	0.0	0	0	-0.4286217913031578	0	0	0.1344199375577309	0
loo	C4I	C4I	chr2	chromothripsis	0.0856990367174148	0.699999988079071	0	0	0.0	0	0	-0.6143009513616562	0	0	0.2623387353024815	0
loo	C4I	C4I	chr2	ecDNA	0.032131515443325	0.4000000059604645	0	0	0.0	0	0	-0.3678684905171395	0	0	0.12604509450966966	0
loo	C4I	C4I	chr2	seismic_amplification	0.0535361096262931	0.7900000214576721	0	0	0.0	0	0	-0.736463911831379	0	0	0.10086440596969146	0
loo	C4I	C4I	chr20	BFB	0.0364221967756748	0.4799999892711639	0	0	0.0	0	0	-0.44357779249548906	0	0	0.12620242987184607	0
loo	C4I	C4I	chr20	chromothripsis	0.1015722155570983	0.699999988079071	0	0	0.0	0	0	-0.5984277725219728	0	0	0.27750534545088595	0
loo	C4I	C4I	chr20	ecDNA	0.0243294648826122	0.4000000059604645	0	0	0.0	0	0	-0.37567054107785225	0	0	0.12193572229549376	0
loo	C4I	C4I	chr20	seismic_amplification	0.0414026901125907	0.7900000214576721	0	0	0.0	0	0	-0.7485973313450814	0	0	0.09565189795439226	0
loo	C4I	C4I	chr21	BFB	0.084964245557785	0.4799999892711639	0	0	0.0	0	0	-0.3950357437133789	0	0	0.15452369732274968	0
loo	C4I	C4I	chr21	chromothripsis	0.0805475413799285	0.699999988079071	0	0	0.0	0	0	-0.6194524466991426	0	0	0.2575329540786902	0
loo	C4I	C4I	chr21	ecDNA	0.0622709468007087	0.4000000059604645	0	0	0.0	0	0	-0.33772905915975576	0	0	0.14304510714047003	0
loo	C4I	C4I	chr21	seismic_amplification	0.0733464136719703	0.7900000214576721	0	0	0.0	0	0	-0.7166536077857019	0	0	0.10991741189897508	0
loo	C4I	C4I	chr22	BFB	0.0465876162052154	0.4799999892711639	0	0	0.0	0	0	-0.4334123730659485	0	0	0.13173971098524676	0
loo	C4I	C4I	chr22	chromothripsis	0.0730909332633018	0.699999988079071	0	0	0.0	0	0	-0.6269090548157692	0	0	0.2506793688995094	0
loo	C4I	C4I	chr22	ecDNA	0.031425904482603	0.4000000059604645	0	0	0.0	0	0	-0.36857410147786146	0	0	0.12566862554805583	0
loo	C4I	C4I	chr22	seismic_amplification	0.0483089014887809	0.7900000214576721	0	0	0.0	0	0	-0.7416911199688913	0	0	0.09858856202885125	0
loo	C4I	C4I	chr3	BFB	0.0499858148396015	0.4799999892711639	0	0	0.0	0	0	-0.43001417443156237	0	0	0.13363621568242418	0
loo	C4I	C4I	chr3	chromothripsis	0.0795064717531204	0.699999988079071	0	0	0.0	0	0	-0.6204935163259506	0	0	0.25656876496726705	0
loo	C4I	C4I	chr3	ecDNA	0.031510654836893	0.4000000059604645	0	0	0.0	0	0	-0.3684893511235715	0	0	0.12571379199855867	0
loo	C4I	C4I	chr3	seismic_amplification	0.0601182766258716	0.7900000214576721	0	0	0.0	0	0	-0.7298817448318005	0	0	0.10379643417665484	0
loo	C4I	C4I	chr4	BFB	0.1119492948055267	0.4799999892711639	0	0	0.0	0	0	-0.3680506944656372	0	0	0.17240374373056325	0
loo	C4I	C4I	chr4	chromothripsis	0.1132556572556495	0.699999988079071	0	0	0.0	0	0	-0.5867443308234216	0	0	0.2890073511506398	0
loo	C4I	C4I	chr4	ecDNA	0.0314009301364421	0.4000000059604645	0	0	0.0	0	0	-0.3685990758240224	0	0	0.12565531848971773	0
loo	C4I	C4I	chr4	seismic_amplification	0.034516979008913	0.7900000214576721	0	0	0.0	0	0	-0.7554830424487591	0	0	0.09280207325270512	0
loo	C4I	C4I	chr5	BFB	0.133666455745697	0.4799999892711639	0	0	0.0	0	0	-0.3463335335254669	0	0	0.1879528758819761	0
loo	C4I	C4I	chr5	chromothripsis	0.0504711344838142	0.699999988079071	0	0	0.0	0	0	-0.6495288535952568	0	0	0.23064213235171746	0
loo	C4I	C4I	chr5	ecDNA	0.0608278326690197	0.4000000059604645	0	0	0.0	0	0	-0.3391721732914448	0	0	0.1421893490836178	0
loo	C4I	C4I	chr5	seismic_amplification	0.0398029126226902	0.7900000214576721	0	0	0.0	0	0	-0.7501971088349819	0	0	0.09498289033587438	0
loo	C4I	C4I	chr6	BFB	0.125291034579277	0.4799999892711639	0	0	0.0	0	0	-0.3547089546918869	0	0	0.18183201200127452	0
loo	C4I	C4I	chr6	chromothripsis	0.3088366091251373	0.699999988079071	0	0	0.0	0	0	-0.39116337895393377	0	0	0.5120668429327798	0
loo	C4I	C4I	chr6	ecDNA	0.0370449908077716	0.4000000059604645	0	0	0.0	0	0	-0.3629550151526929	0	0	0.12869344181847087	0
loo	C4I	C4I	chr6	seismic_amplification	0.0437945500016212	0.7900000214576721	0	0	0.0	0	0	-0.7462054714560509	0	0	0.0966600046591836	0
loo	C4I	C4I	chr7	BFB	0.0517832562327384	0.4799999892711639	0	0	0.0	0	0	-0.4282167330384255	0	0	0.13464865799915718	0
loo	C4I	C4I	chr7	chromothripsis	0.0844897702336311	0.699999988079071	0	0	0.0	0	0	-0.6155102178454399	0	0	0.2612054480826608	0
loo	C4I	C4I	chr7	ecDNA	0.0326540805399417	0.4000000059604645	0	0	0.0	0	0	-0.3673459254205228	0	0	0.12632452359176838	0
loo	C4I	C4I	chr7	seismic_amplification	0.0422862619161605	0.7900000214576721	0	0	0.0	0	0	-0.7477137595415116	0	0	0.09602320074993022	0
loo	C4I	C4I	chr8	BFB	0.0774000510573387	0.4799999892711639	0	0	0.0	0	0	-0.40259993821382517	0	0	0.14979167791486842	0
loo	C4I	C4I	chr8	chromothripsis	0.0643287152051925	0.699999988079071	0	0	0.0	0	0	-0.6356712728738786	0	0	0.24278234442004526	0
loo	C4I	C4I	chr8	ecDNA	0.0469146706163883	0.4000000059604645	0	0	0.0	0	0	-0.35308533534407616	0	0	0.13415653389681156	0
loo	C4I	C4I	chr8	seismic_amplification	0.0495195612311363	0.7900000214576721	0	0	0.0	0	0	-0.7404804602265358	0	0	0.09911155985253031	0
loo	C4I	C4I	chr9	BFB	0.0665499791502952	0.4799999892711639	0	0	0.0	0	0	-0.4134500101208687	0	0	0.14321325324755588	0
loo	C4I	C4I	chr9	chromothripsis	0.0866216793656349	0.699999988079071	0	0	0.0	0	0	-0.6133783087134361	0	0	0.26320553543610137	0
loo	C4I	C4I	chr9	ecDNA	0.0446595251560211	0.4000000059604645	0	0	0.0	0	0	-0.35534048080444336	0	0	0.13289123832610977	0
loo	C4I	C4I	chr9	seismic_amplification	0.0626043230295181	0.7900000214576721	0	0	0.0	0	0	-0.727395698428154	0	0	0.10492331302672436	0
loo	C4I	C4I	chrX	BFB	0.0528317838907241	0.4799999892711639	0	0	0.0	0	0	-0.42716820538043976	0	0	0.13524224683674016	0
loo	C4I	C4I	chrX	chromothripsis	0.0735110715031623	0.699999988079071	0	0	0.0	0	0	-0.6264889165759088	0	0	0.25106228507542183	0
loo	C4I	C4I	chrX	ecDNA	0.0291028134524822	0.4000000059604645	0	0	0.0	0	0	-0.37089719250798225	0	0	0.12443597035602942	0
loo	C4I	C4I	chrX	seismic_amplification	0.0523205585777759	0.7900000214576721	0	0	0.0	0	0	-0.7376794628798962	0	0	0.10033104758177383	0
loo	CERV186	CERV186	chr1	BFB	0.5543491244316101	0.5799999833106995	0	0	0.822475254535675	1	0	-0.025650858879089355	1	0	0.925729994454531	1
loo	CERV186	CERV186	chr1	chromothripsis	0.5406201481819153	0.5799999833106995	0	0	0.0	0	0	-0.03937983512878418	0	0	0.8046848099198372	0
loo	CERV186	CERV186	chr1	ecDNA	0.374965101480484	0.5799999833106995	0	0	0.0	0	0	-0.20503488183021545	0	0	0.35493213713776656	0
loo	CERV186	CERV186	chr1	seismic_amplification	0.2395497560501098	0.75	0	0	0.0	0	0	-0.5104502439498901	0	0	0.23062249572218108	0
loo	CERV186	CERV186	chr10	BFB	0.0819445922970771	0.5799999833106995	0	0	0.0	0	0	-0.4980553910136224	0	0	0.12895499330913557	0
loo	CERV186	CERV186	chr10	chromothripsis	0.0761175230145454	0.5799999833106995	0	0	0.0	0	0	-0.503882460296154	0	0	0.2975311973234783	0
loo	CERV186	CERV186	chr10	ecDNA	0.1004229709506034	0.5799999833106995	0	0	0.0	0	0	-0.4795770123600961	0	0	0.12542734972918437	0
loo	CERV186	CERV186	chr10	seismic_amplification	0.0531233511865139	0.75	0	0	0.0	0	0	-0.6968766488134861	0	0	0.10737593018818972	0
loo	CERV186	CERV186	chr11	BFB	0.2043385207653045	0.5799999833106995	0	0	0.0	0	0	-0.37566146254539495	0	0	0.2123527347620478	0
loo	CERV186	CERV186	chr11	chromothripsis	0.0982822030782699	0.5799999833106995	0	0	0.0	0	0	-0.48171778023242956	0	0	0.3207059132534631	0
loo	CERV186	CERV186	chr11	ecDNA	0.1442470401525497	0.5799999833106995	0	0	0.0	0	0	-0.4357529431581498	0	0	0.15092317457791612	0
loo	CERV186	CERV186	chr11	seismic_amplification	0.075000025331974	0.75	0	0	0.0	0	0	-0.674999974668026	0	0	0.11808534182759373	0
loo	CERV186	CERV186	chr12	BFB	0.0829181745648384	0.5799999833106995	0	0	0.0	0	0	-0.49708180874586105	0	0	0.1294915272362866	0
loo	CERV186	CERV186	chr12	chromothripsis	0.1153432950377464	0.5799999833106995	0	0	0.0	0	0	-0.46465668827295303	0	0	0.3391751228769959	0
loo	CERV186	CERV186	chr12	ecDNA	0.0600276179611682	0.5799999833106995	0	0	0.0	0	0	-0.5199723653495313	0	0	0.10528386461475892	0
loo	CERV186	CERV186	chr12	seismic_amplification	0.0412595830857753	0.75	0	0	0.0	0	0	-0.7087404169142247	0	0	0.10193265623263499	0
loo	CERV186	CERV186	chr13	BFB	0.0986689180135726	0.5799999833106995	0	0	0.0	0	0	-0.4813310652971269	0	0	0.1384382658761016	0
loo	CERV186	CERV186	chr13	chromothripsis	0.1279533952474594	0.5799999833106995	0	0	0.0	0	0	-0.45204658806324005	0	0	0.3531517439326334	0
loo	CERV186	CERV186	chr13	ecDNA	0.1408751010894775	0.5799999833106995	0	0	0.0	0	0	-0.4391248822212219	0	0	0.14881913458248786	0
loo	CERV186	CERV186	chr13	seismic_amplification	0.1280366629362106	0.75	0	0	0.0	0	0	-0.6219633370637894	0	0	0.1479288152103104	0
loo	CERV186	CERV186	chr14	BFB	0.039934866130352	0.5799999833106995	0	0	0.0	0	0	-0.5400651171803474	0	0	0.10755387087009491	0
loo	CERV186	CERV186	chr14	chromothripsis	0.1591427773237228	0.5799999833106995	0	0	0.0	0	0	-0.4208572059869766	0	0	0.38877537264004286	0
loo	CERV186	CERV186	chr14	ecDNA	0.0669675767421722	0.5799999833106995	0	0	0.0	0	0	-0.5130324065685272	0	0	0.10852879250866139	0
loo	CERV186	CERV186	chr14	seismic_amplification	0.0452412255108356	0.75	0	0	0.0	0	0	-0.7047587744891644	0	0	0.10373166185183726	0
loo	CERV186	CERV186	chr15	BFB	0.0903066918253898	0.5799999833106995	0	0	0.0	0	0	-0.48969329148530966	0	0	0.1336254577616406	0
loo	CERV186	CERV186	chr15	chromothripsis	0.0860728994011879	0.5799999833106995	0	0	0.0	0	0	-0.49392708390951157	0	0	0.3078212230651732	0
loo	CERV186	CERV186	chr15	ecDNA	0.0880090594291687	0.5799999833106995	0	0	0.0	0	0	-0.49199092388153076	0	0	0.1189086004128308	0
loo	CERV186	CERV186	chr15	seismic_amplification	0.067405879497528	0.75	0	0	0.0	0	0	-0.682594120502472	0	0	0.11426674151967983	0
loo	CERV186	CERV186	chr16	BFB	0.1074346452951431	0.5799999833106995	0	0	0.0	0	0	-0.47256533801555634	0	0	0.14363863673821267	0
loo	CERV186	CERV186	chr16	chromothripsis	0.1008193641901016	0.5799999833106995	0	0	0.0	0	0	-0.47918061912059784	0	0	0.3234189360802042	0
loo	CERV186	CERV186	chr16	ecDNA	0.1234803050756454	0.5799999833106995	0	0	0.0	0	0	-0.45651967823505407	0	0	0.1383473645185694	0
loo	CERV186	CERV186	chr16	seismic_amplification	0.056653294712305	0.75	0	0	0.0	0	0	-0.693346705287695	0	0	0.10904420607688822	0
loo	CERV186	CERV186	chr17	BFB	0.1688257753849029	0.5799999833106995	0	0	0.0	0	0	-0.41117420792579656	0	0	0.1847145643158784	0
loo	CERV186	CERV186	chr17	chromothripsis	0.4447333216667175	0.5799999833106995	0	1	0.7493947744369507	1	0	-0.135266661643982	1	0	0.9528657275743859	1
loo	CERV186	CERV186	chr17	ecDNA	0.1305368691682815	0.5799999833106995	0	0	0.0	0	0	-0.44946311414241796	0	0	0.14251886685485574	0
loo	CERV186	CERV186	chr17	seismic_amplification	0.1343135982751846	0.75	0	0	0.0	0	0	-0.6156864017248154	0	0	0.15184574134472562	0
loo	CERV186	CERV186	chr18	BFB	0.0618590824306011	0.5799999833106995	0	0	0.0	0	0	-0.5181409008800983	0	0	0.1183029629360716	0
loo	CERV186	CERV186	chr18	chromothripsis	0.0718736052513122	0.5799999833106995	0	0	0.0	0	0	-0.5081263780593872	0	0	0.29320541443638104	0
loo	CERV186	CERV186	chr18	ecDNA	0.0902366936206817	0.5799999833106995	0	0	0.0	0	0	-0.48976328969001776	0	0	0.12005638599223782	0
loo	CERV186	CERV186	chr18	seismic_amplification	0.0521835163235664	0.75	0	0	0.0	0	0	-0.6978164836764336	0	0	0.10693555814984314	0
loo	CERV186	CERV186	chr19	BFB	0.1946408450603485	0.5799999833106995	0	0	0.0	0	0	-0.38535913825035095	0	0	0.20451733289873048	0
loo	CERV186	CERV186	chr19	chromothripsis	0.3820647597312927	0.5799999833106995	0	0	0.0	0	0	-0.19793522357940674	0	0	0.6545964402671165	0
loo	CERV186	CERV186	chr19	ecDNA	0.1909496784210205	0.5799999833106995	0	0	0.0	0	0	-0.38905030488967896	0	0	0.1826268194262663	0
loo	CERV186	CERV186	chr19	seismic_amplification	0.2211498916149139	0.75	0	0	0.0	0	0	-0.5288501083850861	0	0	0.21502229774372994	0
loo	CERV186	CERV186	chr2	BFB	0.0661103650927543	0.5799999833106995	0	0	0.0	0	0	-0.5138896182179452	0	0	0.12049204461466541	0
loo	CERV186	CERV186	chr2	chromothripsis	0.2131204158067703	0.5799999833106995	0	0	0.0	0	0	-0.36687956750392914	0	0	0.4531118203269356	0
loo	CERV186	CERV186	chr2	ecDNA	0.102691575884819	0.5799999833106995	0	0	0.0	0	0	-0.47730840742588043	0	0	0.1266512084059305	0
loo	CERV186	CERV186	chr2	seismic_amplification	0.0746620148420333	0.75	0	0	0.0	0	0	-0.6753379851579667	0	0	0.11791305355748685	0
loo	CERV186	CERV186	chr20	BFB	0.081792838871479	0.5799999833106995	0	0	0.0	0	0	-0.49820714443922043	0	0	0.1288715339472375	0
loo	CERV186	CERV186	chr20	chromothripsis	0.1051698103547096	0.5799999833106995	0	0	0.0	0	0	-0.47483017295598984	0	0	0.3280986272272334	0
loo	CERV186	CERV186	chr20	ecDNA	0.1236010268330574	0.5799999833106995	0	0	0.0	0	0	-0.45639895647764206	0	0	0.13841785964359116	0
loo	CERV186	CERV186	chr20	seismic_amplification	0.083182618021965	0.75	0	0	0.0	0	0	-0.666817381978035	0	0	0.12232304293510039	0
loo	CERV186	CERV186	chr21	BFB	0.064450666308403	0.5799999833106995	0	0	0.0	0	0	-0.5155493170022964	0	0	0.11963329817028906	0
loo	CERV186	CERV186	chr21	chromothripsis	0.0847328156232833	0.5799999833106995	0	0	0.0	0	0	-0.4952671676874162	0	0	0.30642460591448917	0
loo	CERV186	CERV186	chr21	ecDNA	0.0650792270898819	0.5799999833106995	0	0	0.0	0	0	-0.5149207562208176	0	0	0.10763725484740358	0
loo	CERV186	CERV186	chr21	seismic_amplification	0.0539796240627765	0.75	0	0	0.0	0	0	-0.6960203759372235	0	0	0.10777853625154651	0
loo	CERV186	CERV186	chr22	BFB	0.1112681105732917	0.5799999833106995	0	0	0.0	0	0	-0.4687318727374078	0	0	0.14596351392015938	0
loo	CERV186	CERV186	chr22	chromothripsis	0.0990689620375633	0.5799999833106995	0	0	0.0	0	0	-0.48093102127313614	0	0	0.32154592172058655	0
loo	CERV186	CERV186	chr22	ecDNA	0.1016394421458244	0.5799999833106995	0	0	0.0	0	0	-0.47836054116487503	0	0	0.12608234248690087	0
loo	CERV186	CERV186	chr22	seismic_amplification	0.0948447957634925	0.75	0	0	0.0	0	0	-0.6551552042365075	0	0	0.1285884659473511	0
loo	CERV186	CERV186	chr3	BFB	0.0503929443657398	0.5799999833106995	0	0	0.0	0	0	-0.5296070389449596	0	0	0.11256988960756582	0
loo	CERV186	CERV186	chr3	chromothripsis	0.305149495601654	0.5799999833106995	0	0	0.0	0	0	-0.27485048770904547	0	0	0.5652778378339197	0
loo	CERV186	CERV186	chr3	ecDNA	0.0631380975246429	0.5799999833106995	0	0	0.0	0	0	-0.5168618857860565	0	0	0.10672751769869457	0
loo	CERV186	CERV186	chr3	seismic_amplification	0.0373859591782093	0.75	0	0	0.0	0	0	-0.7126140408217907	0	0	0.1002090544084412	0
loo	CERV186	CERV186	chr4	BFB	0.0541177317500114	0.5799999833106995	0	0	0.0	0	0	-0.525882251560688	0	0	0.11440517515816113	0
loo	CERV186	CERV186	chr4	chromothripsis	0.0854597985744476	0.5799999833106995	0	0	0.0	0	0	-0.49454018473625183	0	0	0.3071818189287261	0
loo	CERV186	CERV186	chr4	ecDNA	0.0856611877679824	0.5799999833106995	0	0	0.0	0	0	-0.4943387955427171	0	0	0.11770914964823626	0
loo	CERV186	CERV186	chr4	seismic_amplification	0.0686725303530693	0.75	0	0	0.0	0	0	-0.6813274696469307	0	0	0.11489609747636806	0
loo	CERV186	CERV186	chr5	BFB	0.0862647891044616	0.5799999833106995	0	0	0.0	0	0	-0.49373519420623785	0	0	0.13135032957804035	0
loo	CERV186	CERV186	chr5	chromothripsis	0.4879997372627258	0.5799999833106995	0	0	0.0	0	0	-0.09200024604797369	0	0	0.7609919839455116	0
loo	CERV186	CERV186	chr5	ecDNA	0.0977906435728073	0.5799999833106995	0	0	0.0	0	0	-0.48220933973789215	0	0	0.12401998236816644	0
loo	CERV186	CERV186	chr5	seismic_amplification	0.05615109577775	0.75	0	0	0.0	0	0	-0.69384890422225	0	0	0.10880548295735532	0
loo	CERV186	CERV186	chr6	BFB	0.054191417992115	0.5799999833106995	0	0	0.0	0	0	-0.5258085653185844	0	0	0.11444174348986642	0
loo	CERV186	CERV186	chr6	chromothripsis	0.071899302303791	0.5799999833106995	0	0	0.0	0	0	-0.5081006810069084	0	0	0.293231496225492	0
loo	CERV186	CERV186	chr6	ecDNA	0.0661362558603286	0.5799999833106995	0	0	0.0	0	0	-0.5138637274503709	0	0	0.10813550848799261	0
loo	CERV186	CERV186	chr6	seismic_amplification	0.0272400956600904	0.75	0	0	0.0	0	0	-0.7227599043399096	0	0	0.09581682862426133	0
loo	CERV186	CERV186	chr7	BFB	0.1417634487152099	0.5799999833106995	0	0	0.0	0	0	-0.43823653459548956	0	0	0.16558237255024882	0
loo	CERV186	CERV186	chr7	chromothripsis	0.1182380840182304	0.5799999833106995	0	0	0.0	0	0	-0.4617618992924691	0	0	0.34235997235496024	0
loo	CERV186	CERV186	chr7	ecDNA	0.0948121547698974	0.5799999833106995	0	0	0.0	0	0	-0.48518782854080206	0	0	0.12244390927081614	0
loo	CERV186	CERV186	chr7	seismic_amplification	0.0747785046696662	0.75	0	0	0.0	0	0	-0.6752214953303338	0	0	0.11797240530603195	0
loo	CERV186	CERV186	chr8	BFB	0.6439708471298218	0.5799999833106995	1	0	0.0	0	1	0.06397086381912231	1	0	0.6989521723381827	0
loo	CERV186	CERV186	chr8	chromothripsis	0.4816380441188812	0.5799999833106995	0	0	0.0	0	0	-0.09836193919181824	0	0	0.7552791267113981	0
loo	CERV186	CERV186	chr8	ecDNA	0.5720964670181274	0.5799999833106995	0	0	0.4838030040264129	1	0	-0.007903516292572021	1	0	0.9014090113576649	0
loo	CERV186	CERV186	chr8	seismic_amplification	0.5893891453742981	0.75	0	0	0.0	0	0	-0.1606108546257019	0	0	0.6244667630494928	0
loo	CERV186	CERV186	chr9	BFB	0.066005490720272	0.5799999833106995	0	0	0.0	0	0	-0.5139944925904275	0	0	0.12043762437744669	0
loo	CERV186	CERV186	chr9	chromothripsis	0.1445004492998123	0.5799999833106995	0	0	0.0	0	0	-0.43549953401088715	0	0	0.3718767042891146	0
loo	CERV186	CERV186	chr9	ecDNA	0.0960889011621475	0.5799999833106995	0	0	0.0	0	0	-0.48391108214855194	0	0	0.12311738098998705	0
loo	CERV186	CERV186	chr9	seismic_amplification	0.0650995373725891	0.75	0	0	0.0	0	0	-0.6849004626274109	0	0	0.11312850797510139	0
loo	CERV186	CERV186	chrX	BFB	0.0543528087437152	0.5799999833106995	0	0	0.0	0	0	-0.5256471745669843	0	0	0.1145218725707538	0
loo	CERV186	CERV186	chrX	chromothripsis	0.133924052119255	0.5799999833106995	0	0	0.0	0	0	-0.44607593119144445	0	0	0.3598598708606703	0
loo	CERV186	CERV186	chrX	ecDNA	0.105276770889759	0.5799999833106995	0	0	0.0	0	0	-0.47472321242094045	0	0	0.1280582919486359	0
loo	CERV186	CERV186	chrX	seismic_amplification	0.0515436679124832	0.75	0	0	0.0	0	0	-0.6984563320875168	0	0	0.10663665902954739	0
loo	CERV196	CERV196	chr1	BFB	0.1274364739656448	0.6100000143051147	0	0	0.0	0	0	-0.4825635403394699	0	0	0.15052510455075094	0
loo	CERV196	CERV196	chr1	chromothripsis	0.2274752855300903	0.6499999761581421	0	0	0.0	0	0	-0.42252469062805176	0	0	0.44505368537301904	0
loo	CERV196	CERV196	chr1	ecDNA	0.0879932641983032	0.3100000023841858	0	0	0.0	0	0	-0.2220067381858826	0	0	0.1580612730566667	0
loo	CERV196	CERV196	chr1	seismic_amplification	0.0619188994169235	0.8500000238418579	0	0	0.0	0	0	-0.7880811244249344	0	0	0.09567425579342258	0
loo	CERV196	CERV196	chr10	BFB	0.1245095357298851	0.6100000143051147	0	0	0.0	0	0	-0.48549047857522964	0	0	0.14870299461050412	0
loo	CERV196	CERV196	chr10	chromothripsis	0.3829382359981537	0.6499999761581421	0	0	0.0	0	0	-0.2670617401599884	0	0	0.6318140810172432	0
loo	CERV196	CERV196	chr10	ecDNA	0.1116415187716484	0.3100000023841858	0	0	0.0	0	0	-0.19835848361253738	0	0	0.17407567242620756	0
loo	CERV196	CERV196	chr10	seismic_amplification	0.0848207622766494	0.8500000238418579	0	0	0.0	0	0	-0.7651792615652085	0	0	0.1058187222055468	0
loo	CERV196	CERV196	chr11	BFB	0.6770910024642944	0.6100000143051147	1	0	0.6736611127853394	1	1	0.06709098815917969	1	1	0.950767079539567	1
loo	CERV196	CERV196	chr11	chromothripsis	0.2749486267566681	0.6499999761581421	0	0	0.0	0	0	-0.375051349401474	0	0	0.5029028756660264	0
loo	CERV196	CERV196	chr11	ecDNA	0.3339594006538391	0.3100000023841858	1	0	0.453143835067749	1	1	0.02395939826965332	1	1	0.7927620690005069	0
loo	CERV196	CERV196	chr11	seismic_amplification	0.4124380946159363	0.8500000238418579	0	0	0.0	0	0	-0.43756192922592163	0	0	0.3702505040197849	0
loo	CERV196	CERV196	chr12	BFB	0.2534648180007934	0.6100000143051147	0	0	0.7640355825424194	1	0	-0.35653519630432134	1	0	0.7243444425691329	0
loo	CERV196	CERV196	chr12	chromothripsis	0.304751843214035	0.6499999761581421	0	0	0.0	0	0	-0.3452481329441071	0	0	0.5392787549618895	0
loo	CERV196	CERV196	chr12	ecDNA	0.1961780339479446	0.3100000023841858	0	0	0.5405694842338562	1	0	-0.11382196843624118	1	0	0.6776857302364592	0
loo	CERV196	CERV196	chr12	seismic_amplification	0.1537581086158752	0.8500000238418579	0	0	0.0	0	0	-0.6962419152259827	0	0	0.14223261208061175	0
loo	CERV196	CERV196	chr13	BFB	0.2381514906883239	0.6100000143051147	0	0	0.0	0	0	-0.3718485236167909	0	0	0.2334812268069232	0
loo	CERV196	CERV196	chr13	chromothripsis	0.1099607720971107	0.6499999761581421	0	0	0.0	0	0	-0.5400392040610313	0	0	0.31095089262922493	0
loo	CERV196	CERV196	chr13	ecDNA	0.1117896065115928	0.3100000023841858	0	1	0.0	0	0	-0.19821039587259298	0	0	0.17417987469076154	0
loo	CERV196	CERV196	chr13	seismic_amplification	0.0792678371071815	0.8500000238418579	0	0	0.0	0	0	-0.7707321867346764	0	0	0.10327520894275166	0
loo	CERV196	CERV196	chr14	BFB	0.089051604270935	0.6100000143051147	0	0	0.0	0	0	-0.5209484100341797	0	0	0.12805053076478864	0
loo	CERV196	CERV196	chr14	chromothripsis	0.2982811033725738	0.6499999761581421	0	0	0.0	0	0	-0.3517188727855683	0	0	0.5314030986366389	0
loo	CERV196	CERV196	chr14	ecDNA	0.0906380116939544	0.3100000023841858	0	0	0.0	0	0	-0.21936199069023138	0	0	0.159791038612322	0
loo	CERV196	CERV196	chr14	seismic_amplification	0.0731315240263938	0.8500000238418579	0	0	0.0	0	0	-0.7768684998154641	0	0	0.100527535844192	0
loo	CERV196	CERV196	chr15	BFB	0.0776547864079475	0.6100000143051147	0	0	0.0	0	0	-0.5323452278971672	0	0	0.12195225077158163	0
loo	CERV196	CERV196	chr15	chromothripsis	0.0605115741491317	0.6499999761581421	0	0	0.0	0	0	-0.5894884020090104	0	0	0.26160686017741713	0
loo	CERV196	CERV196	chr15	ecDNA	0.0791302621364593	0.3100000023841858	0	0	0.0	0	0	-0.2308697402477265	0	0	0.1523753089145371	0
loo	CERV196	CERV196	chr15	seismic_amplification	0.0558518022298812	0.8500000238418579	0	0	0.0	0	0	-0.7941482216119767	0	0	0.09313641261332832	0
loo	CERV196	CERV196	chr16	BFB	0.0786634236574173	0.6100000143051147	0	0	0.0	0	0	-0.5313365906476974	0	0	0.12248170726639886	0
loo	CERV196	CERV196	chr16	chromothripsis	0.2189306020736694	0.6499999761581421	0	0	0.0	0	0	-0.43106937408447266	0	0	0.4347527455925479	0
loo	CERV196	CERV196	chr16	ecDNA	0.114955835044384	0.3100000023841858	0	0	0.0	0	0	-0.1950441673398018	0	0	0.17641958514722553	0
loo	CERV196	CERV196	chr16	seismic_amplification	0.0664451047778129	0.8500000238418579	0	0	0.0	0	0	-0.783554919064045	0	0	0.09760764773786636	0
loo	CERV196	CERV196	chr17	BFB	0.0637688934803009	0.6100000143051147	0	0	0.0	0	0	-0.5462311208248138	0	0	0.11486167309614848	0
loo	CERV196	CERV196	chr17	chromothripsis	0.2890191972255707	0.6499999761581421	0	0	0.0	0	0	-0.3609807789325714	0	0	0.5201039660471264	0
loo	CERV196	CERV196	chr17	ecDNA	0.097321443259716	0.3100000023841858	0	0	0.0	0	0	-0.21267855912446978	0	0	0.16423055952666663	0
loo	CERV196	CERV196	chr17	seismic_amplification	0.0687241479754448	0.8500000238418579	0	0	0.0	0	0	-0.7812758758664131	0	0	0.09859428522686346	0
loo	CERV196	CERV196	chr18	BFB	0.1440595239400863	0.6100000143051147	0	0	0.0	0	0	-0.46594049036502844	0	0	0.16122365110245196	0
loo	CERV196	CERV196	chr18	chromothripsis	0.2115622609853744	0.6499999761581421	0	0	0.0	0	0	-0.4384377151727677	0	0	0.42591461708293255	0
loo	CERV196	CERV196	chr18	ecDNA	0.0911182835698127	0.3100000023841858	0	0	0.0	0	0	-0.21888171881437307	0	0	0.16010679430538824	0
loo	CERV196	CERV196	chr18	seismic_amplification	0.0849871486425399	0.8500000238418579	0	0	0.0	0	0	-0.765012875199318	0	0	0.10589578102415072	0
loo	CERV196	CERV196	chr19	BFB	0.1126758605241775	0.6100000143051147	0	0	0.0	0	0	-0.49732415378093725	0	0	0.141521192955595	0
loo	CERV196	CERV196	chr19	chromothripsis	0.16678087413311	0.6499999761581421	0	0	0.0	0	0	-0.4832191020250321	0	0	0.3734006093025967	0
loo	CERV196	CERV196	chr19	ecDNA	0.0972329080104827	0.3100000023841858	0	0	0.0	0	0	-0.2127670943737031	0	0	0.1641711069536124	0
loo	CERV196	CERV196	chr19	seismic_amplification	0.1510165780782699	0.8500000238418579	0	0	0.0	0	0	-0.698983445763588	0	0	0.14060386673904984	0
loo	CERV196	CERV196	chr2	BFB	0.0494157150387764	0.6100000143051147	0	0	0.0	0	0	-0.5605842992663383	0	0	0.10791228051835053	0
loo	CERV196	CERV196	chr2	chromothripsis	0.1663514673709869	0.6499999761581421	0	0	0.0	0	0	-0.48364850878715515	0	0	0.37290914117473956	0
loo	CERV196	CERV196	chr2	ecDNA	0.0957886353135109	0.3100000023841858	0	0	0.0	0	0	-0.2142113670706749	0	0	0.16320370003594345	0
loo	CERV196	CERV196	chr2	seismic_amplification	0.0482959039509296	0.8500000238418579	0	0	0.0	0	0	-0.8017041198909283	0	0	0.09006037326317509	0
loo	CERV196	CERV196	chr20	BFB	0.0927137210965156	0.6100000143051147	0	0	0.0	0	0	-0.5172862932085991	0	0	0.1300646007971876	0
loo	CERV196	CERV196	chr20	chromothripsis	0.1426936537027359	0.6499999761581421	0	0	0.0	0	0	-0.5073063224554062	0	0	0.34626111868631265	0
loo	CERV196	CERV196	chr20	ecDNA	0.1124720722436904	0.3100000023841858	0	0	0.0	0	0	-0.1975279301404954	0	0	0.174660729333479	0
loo	CERV196	CERV196	chr20	seismic_amplification	0.0933759361505508	0.8500000238418579	0	0	0.0	0	0	-0.7566240876913071	0	0	0.10984548032693926	0
loo	CERV196	CERV196	chr21	BFB	0.0830321535468101	0.6100000143051147	0	0	0.0	0	0	-0.5269678607583046	0	0	0.12479783248661397	0
loo	CERV196	CERV196	chr21	chromothripsis	0.1866145133972168	0.6499999761581421	0	0	0.0	0	0	-0.4633854627609253	0	0	0.3963710039147033	0
loo	CERV196	CERV196	chr21	ecDNA	0.1401333659887313	0.3100000023841858	0	0	0.0	0	0	-0.1698666363954545	0	0	0.19503781760285488	0
loo	CERV196	CERV196	chr21	seismic_amplification	0.0822944492101669	0.8500000238418579	0	0	0.0	0	0	-0.767705574631691	0	0	0.10465476797584723	0
loo	CERV196	CERV196	chr22	BFB	0.1077491343021392	0.6100000143051147	0	0	0.0	0	0	-0.5022508800029756	0	0	0.1386176458643418	0
loo	CERV196	CERV196	chr22	chromothripsis	0.1579550206661224	0.6499999761581421	0	0	0.0	0	0	-0.49204495549201965	0	0	0.3633529748457847	0
loo	CERV196	CERV196	chr22	ecDNA	0.0722423940896987	0.3100000023841858	0	0	0.0	0	0	-0.2377576082944871	0	0	0.14807320395120593	0
loo	CERV196	CERV196	chr22	seismic_amplification	0.0561873950064182	0.8500000238418579	0	0	0.0	0	0	-0.7938126288354397	0	0	0.09327519724549607	0
loo	CERV196	CERV196	chr3	BFB	0.1214682385325431	0.6100000143051147	0	0	0.0	0	0	-0.4885317757725717	0	0	0.14682901691582426	0
loo	CERV196	CERV196	chr3	chromothripsis	0.1321479678153991	0.6499999761581421	0	0	0.0	0	0	-0.517852008342743	0	0	0.3346751382833964	0
loo	CERV196	CERV196	chr3	ecDNA	0.0659737512469291	0.3100000023841858	0	0	0.0	0	0	-0.24402625113725668	0	0	0.14424554817617521	0
loo	CERV196	CERV196	chr3	seismic_amplification	0.0487279780209064	0.8500000238418579	0	0	0.0	0	0	-0.8012720458209515	0	0	0.09023377684818873	0
loo	CERV196	CERV196	chr4	BFB	0.0723547488451004	0.6100000143051147	0	0	0.0	0	0	-0.5376452654600143	0	0	0.11920243959760184	0
loo	CERV196	CERV196	chr4	chromothripsis	0.3701837360858917	0.6499999761581421	0	0	0.0	0	0	-0.27981624007225037	0	0	0.6171807779454244	0
loo	CERV196	CERV196	chr4	ecDNA	0.1278839260339737	0.3100000023841858	0	0	0.0	0	0	-0.1821160763502121	0	0	0.18579948726914616	0
loo	CERV196	CERV196	chr4	seismic_amplification	0.067838430404663	0.8500000238418579	0	0	0.0	0	0	-0.7821615934371949	0	0	0.09820979178863959	0
loo	CERV196	CERV196	chr5	BFB	0.0799607187509536	0.6100000143051147	0	0	0.0	0	0	-0.5300392955541612	0	0	0.12316559349370917	0
loo	CERV196	CERV196	chr5	chromothripsis	0.1709619760513305	0.6499999761581421	0	0	0.0	0	0	-0.4790380001068116	0	0	0.37819953464896394	0
loo	CERV196	CERV196	chr5	ecDNA	0.0878806412220001	0.3100000023841858	0	0	0.0	0	0	-0.2221193611621857	0	0	0.15798795207365002	0
loo	CERV196	CERV196	chr5	seismic_amplification	0.0476426668465137	0.8500000238418579	0	0	0.0	0	0	-0.8023573569953442	0	0	0.08979878077330984	0
loo	CERV196	CERV196	chr6	BFB	0.6519383788108826	0.6100000143051147	1	1	0.6608125567436218	1	1	0.04193836450576782	1	1	0.9440918679857176	1
loo	CERV196	CERV196	chr6	chromothripsis	0.2069085091352462	0.6499999761581421	0	0	0.0	0	0	-0.4430914670228959	0	0	0.42035648781227675	0
loo	CERV196	CERV196	chr6	ecDNA	0.26486736536026	0.3100000023841858	0	1	0.4910430312156677	1	0	-0.04513263702392578	1	0	0.7381526762468248	0
loo	CERV196	CERV196	chr6	seismic_amplification	0.2332634478807449	0.8500000238418579	0	0	0.0	0	0	-0.616736575961113	0	0	0.1965737429413078	0
loo	CERV196	CERV196	chr7	BFB	0.076600857079029	0.6100000143051147	0	0	0.0	0	0	-0.5333991572260858	0	0	0.1214011261900908	0
loo	CERV196	CERV196	chr7	chromothripsis	0.1941708028316497	0.6499999761581421	0	0	0.0	0	0	-0.4558291733264924	0	0	0.40525023252414005	0
loo	CERV196	CERV196	chr7	ecDNA	0.0743027925491333	0.3100000023841858	0	0	0.0	0	0	-0.2356972098350525	0	0	0.1493494871088939	0
loo	CERV196	CERV196	chr7	seismic_amplification	0.0654495880007743	0.8500000238418579	0	0	0.0	0	0	-0.7845504358410836	0	0	0.09717944078795208	0
loo	CERV196	CERV196	chr8	BFB	0.088997296988964	0.6100000143051147	0	0	0.0	0	0	-0.5210027173161508	0	0	0.12802086435457158	0
loo	CERV196	CERV196	chr8	chromothripsis	0.3175429105758667	0.6499999761581421	0	0	0.0	0	0	-0.3324570655822754	0	0	0.554785754463495	0
loo	CERV196	CERV196	chr8	ecDNA	0.0830398127436637	0.3100000023841858	0	0	0.0	0	0	-0.2269601896405221	0	0	0.1548624849049149	0
loo	CERV196	CERV196	chr8	seismic_amplification	0.0698126703500747	0.8500000238418579	0	0	0.0	0	0	-0.7801873534917833	0	0	0.09906865284065737	0
loo	CERV196	CERV196	chr9	BFB	0.0984309166669845	0.6100000143051147	0	0	0.0	0	0	-0.5115690976381302	0	0	0.13326272632255778	0
loo	CERV196	CERV196	chr9	chromothripsis	0.1171103417873382	0.6499999761581421	0	0	0.0	0	0	-0.5328896343708038	0	0	0.3184954924044377	0
loo	CERV196	CERV196	chr9	ecDNA	0.1020124107599258	0.3100000023841858	0	0	0.0	0	0	-0.20798759162426	0	0	0.16740539234140786	0
loo	CERV196	CERV196	chr9	seismic_amplification	0.0978763476014137	0.8500000238418579	0	0	0.0	0	0	-0.7521236762404442	0	0	0.11201721419552312	0
loo	CERV196	CERV196	chrX	BFB	0.0627638846635818	0.6100000143051147	0	0	0.0	0	0	-0.5472361296415329	0	0	0.11436266143796078	0
loo	CERV196	CERV196	chrX	chromothripsis	0.3163234293460846	0.6499999761581421	0	0	0.0	0	0	-0.3336765468120575	0	0	0.553311449477482	0
loo	CERV196	CERV196	chrX	ecDNA	0.1137028858065605	0.3100000023841858	0	0	0.0	0	0	-0.19629711657762527	0	0	0.17553058590637516	0
loo	CERV196	CERV196	chrX	seismic_amplification	0.0588928833603858	0.8500000238418579	0	0	0.0	0	0	-0.7911071404814721	0	0	0.09440084569388954	0
loo	CERV215	CERV215	chr1	BFB	0.1335272789001464	0.449999988079071	0	0	0.0	0	0	-0.31647270917892456	0	0	0.19767392325667044	0
loo	CERV215	CERV215	chr1	chromothripsis	0.1203249394893646	0.5899999737739563	0	0	0.0	0	0	-0.4696750342845917	0	0	0.3450234431115071	0
loo	CERV215	CERV215	chr1	ecDNA	0.0943110510706901	0.3400000035762787	0	0	0.0	0	0	-0.2456889525055886	0	0	0.17999100880023214	0
loo	CERV215	CERV215	chr1	seismic_amplification	0.0533176623284816	0.8299999833106995	0	0	0.0	0	0	-0.7766823209822179	0	0	0.09468728997626791	0
loo	CERV215	CERV215	chr10	BFB	0.1222008019685745	0.449999988079071	0	0	0.0	0	0	-0.3277991861104965	0	0	0.1891018884237418	0
loo	CERV215	CERV215	chr10	chromothripsis	0.1302733123302459	0.5899999737739563	0	0	0.0	0	0	-0.45972666144371044	0	0	0.3560123859301246	0
loo	CERV215	CERV215	chr10	ecDNA	0.1127583980560302	0.3400000035762787	0	0	0.0	0	0	-0.22724160552024847	0	0	0.19358290916297563	0
loo	CERV215	CERV215	chr10	seismic_amplification	0.1224187985062599	0.8299999833106995	0	0	0.0	0	0	-0.7075811848044395	0	0	0.12759451824243012	0
loo	CERV215	CERV215	chr11	BFB	0.9593923091888428	0.449999988079071	1	1	0.9669663310050964	1	1	0.5093923211097717	1	1	0.9923874899704537	1
loo	CERV215	CERV215	chr11	chromothripsis	0.2570793628692627	0.5899999737739563	0	0	0.0	0	0	-0.3329206109046936	0	0	0.5056484852589413	0
loo	CERV215	CERV215	chr11	ecDNA	0.7129417657852173	0.3400000035762787	1	1	0.4800826013088226	1	1	0.3729417622089386	1	1	0.96590597367708	1
loo	CERV215	CERV215	chr11	seismic_amplification	0.3784990012645721	0.8299999833106995	0	0	0.0	0	0	-0.4515009820461274	0	0	0.3363052636865939	0
loo	CERV215	CERV215	chr12	BFB	0.0691389441490173	0.449999988079071	0	0	0.0	0	0	-0.3808610439300537	0	0	0.1527320653723619	0
loo	CERV215	CERV215	chr12	chromothripsis	0.104927122592926	0.5899999737739563	0	0	0.0	0	0	-0.4850728511810303	0	0	0.3283399430923259	0
loo	CERV215	CERV215	chr12	ecDNA	0.073036789894104	0.3400000035762787	0	0	0.0	0	0	-0.2669632136821747	0	0	0.16525468664667745	0
loo	CERV215	CERV215	chr12	seismic_amplification	0.0809811502695083	0.8299999833106995	0	0	0.0	0	0	-0.7490188330411911	0	0	0.10683675233442151	0
loo	CERV215	CERV215	chr13	BFB	0.0906666219234466	0.449999988079071	0	0	0.0	0	0	-0.3593333661556244	0	0	0.16674532057790192	0
loo	CERV215	CERV215	chr13	chromothripsis	0.0509885624051094	0.5899999737739563	0	0	0.0	0	0	-0.5390114113688469	0	0	0.27340157119247555	0
loo	CERV215	CERV215	chr13	ecDNA	0.0869400277733802	0.3400000035762787	0	0	0.0	0	0	-0.2530599758028985	0	0	0.17477231208740615	0
loo	CERV215	CERV215	chr13	seismic_amplification	0.0297628287225961	0.8299999833106995	0	0	0.0	0	0	-0.8002371545881034	0	0	0.08533312417663738	0
loo	CERV215	CERV215	chr14	BFB	0.0539913475513458	0.449999988079071	0	0	0.0	0	0	-0.3960086405277252	0	0	0.14346139410757794	0
loo	CERV215	CERV215	chr14	chromothripsis	0.0274222139269113	0.5899999737739563	0	0	0.0	0	0	-0.562577759847045	0	0	0.2512823487758249	0
loo	CERV215	CERV215	chr14	ecDNA	0.055657684803009	0.3400000035762787	0	0	0.0	0	0	-0.2843423187732697	0	0	0.15394766193850334	0
loo	CERV215	CERV215	chr14	seismic_amplification	0.0239028725773096	0.8299999833106995	0	0	0.0	0	0	-0.8060971107333899	0	0	0.08313977145751454	0
loo	CERV215	CERV215	chr15	BFB	0.0640209466218948	0.449999988079071	0	0	0.0	0	0	-0.3859790414571762	0	0	0.14954601408323784	0
loo	CERV215	CERV215	chr15	chromothripsis	0.0374967083334922	0.5899999737739563	0	0	0.0	0	0	-0.5525032654404641	0	0	0.2605908925773507	0
loo	CERV215	CERV215	chr15	ecDNA	0.0769777074456214	0.3400000035762787	0	0	0.0	0	0	-0.2630222961306573	0	0	0.16790949986238157	0
loo	CERV215	CERV215	chr15	seismic_amplification	0.0452992357313632	0.8299999833106995	0	0	0.0	0	0	-0.7847007475793363	0	0	0.09140419584244977	0
loo	CERV215	CERV215	chr16	BFB	0.2463296055793762	0.449999988079071	0	0	0.525015652179718	1	0	-0.2036703824996948	1	0	0.739312202651074	0
loo	CERV215	CERV215	chr16	chromothripsis	0.0845163613557815	0.5899999737739563	0	0	0.0	0	0	-0.5054836124181747	0	0	0.3068806566650042	0
loo	CERV215	CERV215	chr16	ecDNA	0.1523825079202652	0.3400000035762787	0	0	0.0	0	0	-0.1876174956560135	0	0	0.22537302537110787	0
loo	CERV215	CERV215	chr16	seismic_amplification	0.0729172080755233	0.8299999833106995	0	0	0.0	0	0	-0.7570827752351762	0	0	0.10315997625447013	0
loo	CERV215	CERV215	chr17	BFB	0.211355447769165	0.449999988079071	0	0	0.0	0	0	-0.23864454030990598	0	0	0.2643956351353455	0
loo	CERV215	CERV215	chr17	chromothripsis	0.5829823613166809	0.5899999737739563	0	0	0.0	0	0	-0.007017612457275391	0	0	0.8325758978124133	0
loo	CERV215	CERV215	chr17	ecDNA	0.1592908352613449	0.3400000035762787	0	0	0.0	0	0	-0.18070916831493378	0	0	0.2312790633235408	0
loo	CERV215	CERV215	chr17	seismic_amplification	0.0965960919857025	0.8299999833106995	0	0	0.0	0	0	-0.733403891324997	0	0	0.1142851892036683	0
loo	CERV215	CERV215	chr18	BFB	0.1436591744422912	0.449999988079071	0	0	0.0	0	0	-0.3063408136367798	0	0	0.20558724779348367	0
loo	CERV215	CERV215	chr18	chromothripsis	0.1016537025570869	0.5899999737739563	0	0	0.0	0	0	-0.4883462712168694	0	0	0.32484663790270146	0
loo	CERV215	CERV215	chr18	ecDNA	0.2221097648143768	0.3400000035762787	0	0	0.0	0	0	-0.11789023876190188	0	0	0.28981498745499773	0
loo	CERV215	CERV215	chr18	seismic_amplification	0.1098170578479766	0.8299999833106995	0	0	0.0	0	0	-0.7201829254627229	0	0	0.12094143341566116	0
loo	CERV215	CERV215	chr19	BFB	0.1281911730766296	0.449999988079071	0	0	0.0	0	0	-0.3218088150024414	0	0	0.1935994880898688	0
loo	CERV215	CERV215	chr19	chromothripsis	0.0574825443327426	0.5899999737739563	0	0	0.0	0	0	-0.5325174294412137	0	0	0.27970585412834365	0
loo	CERV215	CERV215	chr19	ecDNA	0.1278424113988876	0.3400000035762787	0	0	0.0	0	0	-0.21215759217739108	0	0	0.20526578202421386	0
loo	CERV215	CERV215	chr19	seismic_amplification	0.0583515539765358	0.8299999833106995	0	0	0.0	0	0	-0.7716484293341637	0	0	0.09680197953770348	0
loo	CERV215	CERV215	chr2	BFB	0.0661176443099975	0.449999988079071	0	0	0.0	0	0	-0.3838823437690735	0	0	0.15084457451093206	0
loo	CERV215	CERV215	chr2	chromothripsis	0.0387745574116706	0.5899999737739563	0	0	0.0	0	0	-0.5512254163622857	0	0	0.2617874142796488	0
loo	CERV215	CERV215	chr2	ecDNA	0.0693172961473465	0.3400000035762787	0	0	0.0	0	0	-0.2706827074289322	0	0	0.16278001744006018	0
loo	CERV215	CERV215	chr2	seismic_amplification	0.0382164008915424	0.8299999833106995	0	0	0.0	0	0	-0.791783582419157	0	0	0.08858971220039352	0
loo	CERV215	CERV215	chr20	BFB	0.176877737045288	0.449999988079071	0	0	0.0	0	0	-0.27312225103378296	0	0	0.23316162662469686	0
loo	CERV215	CERV215	chr20	chromothripsis	0.5002581477165222	0.5899999737739563	0	0	0.0	0	0	-0.08974182605743408	0	0	0.7689845737264254	0
loo	CERV215	CERV215	chr20	ecDNA	0.1422600001096725	0.3400000035762787	0	0	0.0	0	0	-0.1977400034666062	0	0	0.21691379932963356	0
loo	CERV215	CERV215	chr20	seismic_amplification	0.1453694105148315	0.8299999833106995	0	0	0.0	0	0	-0.6846305727958679	0	0	0.14051341785014063	0
loo	CERV215	CERV215	chr21	BFB	0.075130894780159	0.449999988079071	0	0	0.0	0	0	-0.374869093298912	0	0	0.15653263605601225	0
loo	CERV215	CERV215	chr21	chromothripsis	0.0474868975579738	0.5899999737739563	0	0	0.0	0	0	-0.5425130762159825	0	0	0.2700392134808487	0
loo	CERV215	CERV215	chr21	ecDNA	0.0865854024887085	0.3400000035762787	0	0	0.0	0	0	-0.2534146010875702	0	0	0.174524269511416	0
loo	CERV215	CERV215	chr21	seismic_amplification	0.0409400947391986	0.8299999833106995	0	0	0.0	0	0	-0.7890598885715009	0	0	0.08966263927229738	0
loo	CERV215	CERV215	chr22	BFB	0.1214042454957962	0.449999988079071	0	0	0.0	0	0	-0.3285957425832748	0	0	0.1885099046280589	0
loo	CERV215	CERV215	chr22	chromothripsis	0.1648598164319992	0.5899999737739563	0	0	0.0	0	0	-0.4251401573419571	0	0	0.39534775302651587	0
loo	CERV215	CERV215	chr22	ecDNA	0.1214926987886428	0.3400000035762787	0	0	0.0	0	0	-0.2185073047876359	0	0	0.20028513655367175	0
loo	CERV215	CERV215	chr22	seismic_amplification	0.0940647572278976	0.8299999833106995	0	0	0.0	0	0	-0.7359352260828018	0	0	0.11304773680250145	0
loo	CERV215	CERV215	chr3	BFB	0.0577142871916294	0.449999988079071	0	0	0.0	0	0	-0.3922857008874416	0	0	0.14569556087758395	0
loo	CERV215	CERV215	chr3	chromothripsis	0.0733827501535415	0.5899999737739563	0	0	0.0	0	0	-0.5166172236204148	0	0	0.2955108079825014	0
loo	CERV215	CERV215	chr3	ecDNA	0.0684528723359108	0.3400000035762787	0	0	0.0	0	0	-0.2715471312403679	0	0	0.16220918834413328	0
loo	CERV215	CERV215	chr3	seismic_amplification	0.0359919928014278	0.8299999833106995	0	0	0.0	0	0	-0.7940079905092716	0	0	0.08772207847845626	0
loo	CERV215	CERV215	chr4	BFB	0.0781820565462112	0.449999988079071	0	0	0.0	0	0	-0.3718179315328598	0	0	0.15849734278002223	0
loo	CERV215	CERV215	chr4	chromothripsis	0.0556586384773254	0.5899999737739563	0	0	0.0	0	0	-0.5343413352966309	0	0	0.27792627079587695	0
loo	CERV215	CERV215	chr4	ecDNA	0.0803796201944351	0.3400000035762787	0	0	0.0	0	0	-0.25962038338184357	0	0	0.17022849376127147	0
loo	CERV215	CERV215	chr4	seismic_amplification	0.0391436032950878	0.8299999833106995	0	0	0.0	0	0	-0.7908563800156116	0	0	0.08895365141304121	0
loo	CERV215	CERV215	chr5	BFB	0.156591847538948	0.449999988079071	0	0	0.0	0	0	-0.293408140540123	0	0	0.21602573589154603	0
loo	CERV215	CERV215	chr5	chromothripsis	0.1152997463941574	0.5899999737739563	0	0	0.0	0	0	-0.4747002273797989	0	0	0.33953409474778834	0
loo	CERV215	CERV215	chr5	ecDNA	0.0958461910486221	0.3400000035762787	0	0	0.0	0	0	-0.24415381252765658	0	0	0.18109306841381945	0
loo	CERV215	CERV215	chr5	seismic_amplification	0.0829494670033454	0.8299999833106995	0	0	0.0	0	0	-0.7470505163073541	0	0	0.10775156102491125	0
loo	CERV215	CERV215	chr6	BFB	0.0829582065343856	0.449999988079071	0	0	0.0	0	0	-0.36704178154468536	0	0	0.16161293029243207	0
loo	CERV215	CERV215	chr6	chromothripsis	0.0913663879036903	0.5899999737739563	0	0	0.0	0	0	-0.498633585870266	0	0	0.31399573189994506	0
loo	CERV215	CERV215	chr6	ecDNA	0.0818642526865005	0.3400000035762787	0	0	0.0	0	0	-0.2581357508897782	0	0	0.1712484793123925	0
loo	CERV215	CERV215	chr6	seismic_amplification	0.0462108440697193	0.8299999833106995	0	0	0.0	0	0	-0.7837891392409801	0	0	0.09177222590569521	0
loo	CERV215	CERV215	chr7	BFB	0.0684996172785759	0.449999988079071	0	0	0.0	0	0	-0.3815003708004951	0	0	0.15233105169186525	0
loo	CERV215	CERV215	chr7	chromothripsis	0.0469391755759716	0.5899999737739563	0	0	0.0	0	0	-0.5430607981979847	0	0	0.26951564423046154	0
loo	CERV215	CERV215	chr7	ecDNA	0.0783902034163475	0.3400000035762787	0	0	0.0	0	0	-0.2616098001599312	0	0	0.16886928536117268	0
loo	CERV215	CERV215	chr7	seismic_amplification	0.0424036234617233	0.8299999833106995	0	0	0.0	0	0	-0.7875963598489761	0	0	0.09024398422390863	0
loo	CERV215	CERV215	chr8	BFB	0.1414923667907714	0.449999988079071	0	0	0.0	0	0	-0.30850762128829956	0	0	0.20387538216084602	0
loo	CERV215	CERV215	chr8	chromothripsis	0.3546407222747803	0.5899999737739563	0	0	0.7210384607315063	1	0	-0.23535925149917603	1	0	0.9279157392083193	1
loo	CERV215	CERV215	chr8	ecDNA	0.1036265343427658	0.3400000035762787	0	0	0.0	0	0	-0.23637346923351288	0	0	0.18675933024140065	0
loo	CERV215	CERV215	chr8	seismic_amplification	0.0565852895379066	0.8299999833106995	0	0	0.0	0	0	-0.7734146937727928	0	0	0.09605522938733947	0
loo	CERV215	CERV215	chr9	BFB	0.3852567374706268	0.449999988079071	0	0	0.0	0	0	-0.06474325060844421	0	0	0.45526648062985353	0
loo	CERV215	CERV215	chr9	chromothripsis	0.0653674602508544	0.5899999737739563	0	0	0.0	0	0	-0.5246325135231019	0	0	0.28747877548746553	0
loo	CERV215	CERV215	chr9	ecDNA	0.1791919916868209	0.3400000035762787	0	0	0.0	0	0	-0.16080801188945779	0	0	0.24889107175095873	0
loo	CERV215	CERV215	chr9	seismic_amplification	0.0475192256271839	0.8299999833106995	0	0	0.0	0	0	-0.7824807576835155	0	0	0.09230276724982721	0
loo	CERV215	CERV215	chrX	BFB	0.1653290390968322	0.449999988079071	0	0	0.5221800804138184	1	0	-0.28467094898223877	1	0	0.6563323737187411	0
loo	CERV215	CERV215	chrX	chromothripsis	0.049021802842617	0.5899999737739563	0	0	0.0	0	0	-0.5409781709313393	0	0	0.2715098440972772	0
loo	CERV215	CERV215	chrX	ecDNA	0.0847361087799072	0.3400000035762787	0	0	0.0	0	0	-0.25526389479637146	0	0	0.17323527888822673	0
loo	CERV215	CERV215	chrX	seismic_amplification	0.0440801456570625	0.8299999833106995	0	0	0.0	0	0	-0.7859198376536369	0	0	0.09091410548897183	0
loo	CFPAC1	CFPAC1	chr1	BFB	0.1519356667995453	0.4199999868869781	0	0	0.0	0	0	-0.2680643200874328	0	0	0.2219001292059224	0
loo	CFPAC1	CFPAC1	chr1	chromothripsis	0.2810901701450348	0.6399999856948853	0	0	0.0	0	0	-0.35890981554985046	0	0	0.5115012300841059	0
loo	CFPAC1	CFPAC1	chr1	ecDNA	0.0513859614729881	0.3600000143051147	0	0	0.0	0	0	-0.3086140528321266	0	0	0.1469863607713718	0
loo	CFPAC1	CFPAC1	chr1	seismic_amplification	0.0962695628404617	0.8600000143051147	0	0	0.0	0	0	-0.763730451464653	0	0	0.108568426853554	0
loo	CFPAC1	CFPAC1	chr10	BFB	0.0878562033176422	0.4199999868869781	0	0	0.0	0	0	-0.3321437835693359	0	0	0.17248219926881633	0
loo	CFPAC1	CFPAC1	chr10	chromothripsis	0.0646591708064079	0.6399999856948853	0	0	0.0	0	0	-0.5753408148884773	0	0	0.26641724357396096	0
loo	CFPAC1	CFPAC1	chr10	ecDNA	0.0300202164798975	0.3600000143051147	0	0	0.0	0	0	-0.3299797978252172	0	0	0.13435751060792198	0
loo	CFPAC1	CFPAC1	chr10	seismic_amplification	0.0748794674873352	0.8600000143051147	0	0	0.0	0	0	-0.7851205468177795	0	0	0.098847236825733	0
loo	CFPAC1	CFPAC1	chr11	BFB	0.1717940419912338	0.4199999868869781	0	0	0.6007438898086548	1	0	-0.2482059448957443	1	0	0.6865569452857452	0
loo	CFPAC1	CFPAC1	chr11	chromothripsis	0.7349818348884583	0.6399999856948853	1	1	0.7362885475158691	1	1	0.094981849193573	1	1	0.9868604970455649	1
loo	CFPAC1	CFPAC1	chr11	ecDNA	0.1630175560712814	0.3600000143051147	0	0	0.0	0	0	-0.19698245823383329	0	0	0.22929830706723398	0
loo	CFPAC1	CFPAC1	chr11	seismic_amplification	0.8351119160652161	0.8600000143051147	0	0	0.0	0	0	-0.02488809823989868	0	0	0.8189636714144465	0
loo	CFPAC1	CFPAC1	chr12	BFB	0.2995785176753998	0.4199999868869781	0	0	0.0	0	0	-0.12042146921157831	0	0	0.3699843254359002	0
loo	CFPAC1	CFPAC1	chr12	chromothripsis	0.2004451751708984	0.6399999856948853	0	0	0.0	0	0	-0.4395548105239868	0	0	0.413735779576576	0
loo	CFPAC1	CFPAC1	chr12	ecDNA	0.0948432758450508	0.3600000143051147	0	0	0.0	0	0	-0.2651567384600639	0	0	0.17569072295464971	0
loo	CFPAC1	CFPAC1	chr12	seismic_amplification	0.1251578032970428	0.8600000143051147	0	0	0.0	0	0	-0.7348422110080719	0	0	0.12302270435051525	0
loo	CFPAC1	CFPAC1	chr13	BFB	0.084568865597248	0.4199999868869781	0	0	0.0	0	0	-0.33543112128973007	0	0	0.170198671707374	0
loo	CFPAC1	CFPAC1	chr13	chromothripsis	0.0766723752021789	0.6399999856948853	0	0	0.0	0	0	-0.5633276104927063	0	0	0.27806060815122785	0
loo	CFPAC1	CFPAC1	chr13	ecDNA	0.0285942479968071	0.3600000143051147	0	0	0.0	0	0	-0.3314057663083076	0	0	0.1335481658910778	0
loo	CFPAC1	CFPAC1	chr13	seismic_amplification	0.0625237226486206	0.8600000143051147	0	0	0.0	0	0	-0.7974762916564941	0	0	0.09359156605066661	0
loo	CFPAC1	CFPAC1	chr14	BFB	0.1467841267585754	0.4199999868869781	0	0	0.0	0	0	-0.2732158601284027	0	0	0.2175789229051001	0
loo	CFPAC1	CFPAC1	chr14	chromothripsis	0.0559072829782962	0.6399999856948853	0	0	0.0	0	0	-0.5840927027165891	0	0	0.2581329269779364	0
loo	CFPAC1	CFPAC1	chr14	ecDNA	0.0300101563334465	0.3600000143051147	0	0	0.0	0	0	-0.3299898579716682	0	0	0.13435178623002692	0
loo	CFPAC1	CFPAC1	chr14	seismic_amplification	0.0734766200184822	0.8600000143051147	0	0	0.0	0	0	-0.7865233942866325	0	0	0.0982375470592177	0
loo	CFPAC1	CFPAC1	chr15	BFB	0.1047265529632568	0.4199999868869781	0	0	0.0	0	0	-0.3152734339237213	0	0	0.18458331686166274	0
loo	CFPAC1	CFPAC1	chr15	chromothripsis	0.124327927827835	0.6399999856948853	0	0	0.0	0	0	-0.5156720578670503	0	0	0.3271844707873034	0
loo	CFPAC1	CFPAC1	chr15	ecDNA	0.0327662639319896	0.3600000143051147	0	0	0.0	0	0	-0.3272337503731251	0	0	0.13592777209285473	0
loo	CFPAC1	CFPAC1	chr15	seismic_amplification	0.0787036269903183	0.8600000143051147	0	0	0.0	0	0	-0.7812963873147964	0	0	0.10052638628097395	0
loo	CFPAC1	CFPAC1	chr16	BFB	0.1773853302001953	0.4199999868869781	0	0	0.0	0	0	-0.24261465668678278	0	0	0.24413990413333467	0
loo	CFPAC1	CFPAC1	chr16	chromothripsis	0.1894783228635788	0.6399999856948853	0	0	0.0	0	0	-0.45052166283130646	0	0	0.40078426511394916	0
loo	CFPAC1	CFPAC1	chr16	ecDNA	0.0989936143159866	0.3600000143051147	0	0	0.0	0	0	-0.2610063999891281	0	0	0.17865083545150823	0
loo	CFPAC1	CFPAC1	chr16	seismic_amplification	0.1552057564258575	0.8600000143051147	0	0	0.0	0	0	-0.7047942578792572	0	0	0.13978192414291526	0
loo	CFPAC1	CFPAC1	chr17	BFB	0.7827088832855225	0.4199999868869781	1	1	0.7129074335098267	1	1	0.36270889639854437	1	1	0.9794587747685342	1
loo	CFPAC1	CFPAC1	chr17	chromothripsis	0.3427286744117737	0.6399999856948853	0	0	0.6927111148834229	1	0	-0.2972713112831116	1	0	0.9140579161945853	1
loo	CFPAC1	CFPAC1	chr17	ecDNA	0.5008316040039062	0.3600000143051147	1	0	0.0	0	1	0.14083158969879156	1	0	0.6083732562230544	0
loo	CFPAC1	CFPAC1	chr17	seismic_amplification	0.306243896484375	0.8600000143051147	0	0	0.0	0	0	-0.5537561178207397	0	0	0.25385674018058896	0
loo	CFPAC1	CFPAC1	chr18	BFB	0.3064402341842651	0.4199999868869781	0	0	0.0	0	0	-0.11355975270271301	0	0	0.37784314865941143	0
loo	CFPAC1	CFPAC1	chr18	chromothripsis	0.1636643707752227	0.6399999856948853	0	0	0.0	0	0	-0.4763356149196626	0	0	0.3708683713417405	0
loo	CFPAC1	CFPAC1	chr18	ecDNA	0.1344158798456192	0.3600000143051147	0	0	0.0	0	0	-0.2255841344594955	0	0	0.20550906489672352	0
loo	CFPAC1	CFPAC1	chr18	seismic_amplification	0.1507840752601623	0.8600000143051147	0	0	0.0	0	0	-0.7092159390449524	0	0	0.13720091042858484	0
loo	CFPAC1	CFPAC1	chr19	BFB	0.163019374012947	0.4199999868869781	0	0	0.0	0	0	-0.25698061287403107	0	0	0.23140399926243063	0
loo	CFPAC1	CFPAC1	chr19	chromothripsis	0.187721237540245	0.6399999856948853	0	0	0.0	0	0	-0.45227874815464025	0	0	0.3987215222749343	0
loo	CFPAC1	CFPAC1	chr19	ecDNA	0.0872028023004531	0.3600000143051147	0	0	0.0	0	0	-0.27279721200466156	0	0	0.17034252685600673	0
loo	CFPAC1	CFPAC1	chr19	seismic_amplification	0.0671074017882347	0.8600000143051147	0	0	0.0	0	0	-0.79289261251688	0	0	0.09551140186291761	0
loo	CFPAC1	CFPAC1	chr2	BFB	0.0459042266011238	0.4199999868869781	0	0	0.0	0	0	-0.3740957602858543	0	0	0.1451216472887024	0
loo	CFPAC1	CFPAC1	chr2	chromothripsis	0.1689712405204773	0.6399999856948853	0	0	0.0	0	0	-0.47102874517440796	0	0	0.37694643287185814	0
loo	CFPAC1	CFPAC1	chr2	ecDNA	0.0187244452536106	0.3600000143051147	0	0	0.0	0	0	-0.3412755690515041	0	0	0.12805880903703326	0
loo	CFPAC1	CFPAC1	chr2	seismic_amplification	0.0448849909007549	0.8600000143051147	0	0	0.0	0	0	-0.8151150234043598	0	0	0.08652304702901044	0
loo	CFPAC1	CFPAC1	chr20	BFB	0.1382512152194976	0.4199999868869781	0	0	0.0	0	0	-0.28174877166748047	0	0	0.21055575506940627	0
loo	CFPAC1	CFPAC1	chr20	chromothripsis	0.1152944564819336	0.6399999856948853	0	0	0.0	0	0	-0.5247055292129517	0	0	0.3175306317757877	0
loo	CFPAC1	CFPAC1	chr20	ecDNA	0.0444587804377079	0.3600000143051147	0	0	0.0	0	0	-0.3155412338674068	0	0	0.14278766244302327	0
loo	CFPAC1	CFPAC1	chr20	seismic_amplification	0.1124939322471618	0.8600000143051147	0	0	0.0	0	0	-0.747506082057953	0	0	0.11649277333847771	0
loo	CFPAC1	CFPAC1	chr21	BFB	0.1070602908730506	0.4199999868869781	0	0	0.0	0	0	-0.31293969601392746	0	0	0.18630803272821508	0
loo	CFPAC1	CFPAC1	chr21	chromothripsis	0.0667347237467765	0.6399999856948853	0	0	0.0	0	0	-0.5732652619481088	0	0	0.2684065613512005	0
loo	CFPAC1	CFPAC1	chr21	ecDNA	0.0253220405429601	0.3600000143051147	0	0	0.0	0	0	-0.3346779737621546	0	0	0.13170652540412925	0
loo	CFPAC1	CFPAC1	chr21	seismic_amplification	0.0800326764583587	0.8600000143051147	0	0	0.0	0	0	-0.7799673378467561	0	0	0.10111586613301426	0
loo	CFPAC1	CFPAC1	chr22	BFB	0.1425881087779998	0.4199999868869781	0	0	0.0	0	0	-0.27741187810897827	0	0	0.2141043603171186	0
loo	CFPAC1	CFPAC1	chr22	chromothripsis	0.0361749343574047	0.6399999856948853	0	0	0.0	0	0	-0.6038250513374805	0	0	0.24008090094552528	0
loo	CFPAC1	CFPAC1	chr22	ecDNA	0.0431250818073749	0.3600000143051147	0	0	0.0	0	0	-0.3168749324977398	0	0	0.14199085118830393	0
loo	CFPAC1	CFPAC1	chr22	seismic_amplification	0.0780358240008354	0.8600000143051147	0	0	0.0	0	0	-0.7819641903042793	0	0	0.10023134600393403	0
loo	CFPAC1	CFPAC1	chr3	BFB	0.1835711449384689	0.4199999868869781	0	0	0.0	0	0	-0.2364288419485092	0	0	0.2497678638894989	0
loo	CFPAC1	CFPAC1	chr3	chromothripsis	0.2375221252441406	0.6399999856948853	0	0	0.0	0	0	-0.40247786045074463	0	0	0.4583110481939739	0
loo	CFPAC1	CFPAC1	chr3	ecDNA	0.0558479018509388	0.3600000143051147	0	0	0.0	0	0	-0.3041521124541759	0	0	0.14974459066401227	0
loo	CFPAC1	CFPAC1	chr3	seismic_amplification	0.1028917431831359	0.8600000143051147	0	0	0.0	0	0	-0.7571082711219789	0	0	0.1117440454077024	0
loo	CFPAC1	CFPAC1	chr4	BFB	0.1118645220994949	0.4199999868869781	0	0	0.0	0	0	-0.3081354647874832	0	0	0.1898975883351298	0
loo	CFPAC1	CFPAC1	chr4	chromothripsis	0.670867383480072	0.6399999856948853	1	0	0.0	0	1	0.030867397785186768	1	0	0.8757734012359926	1
loo	CFPAC1	CFPAC1	chr4	ecDNA	0.0675639286637306	0.3600000143051147	0	0	0.0	0	0	-0.2924360856413841	0	0	0.15719017650349307	0
loo	CFPAC1	CFPAC1	chr4	seismic_amplification	0.1250455677509308	0.8600000143051147	0	0	0.0	0	0	-0.734954446554184	0	0	0.12296347384534083	0
loo	CFPAC1	CFPAC1	chr5	BFB	0.2176742702722549	0.4199999868869781	0	0	0.0	0	0	-0.2023257166147232	0	0	0.2823162707066287	0
loo	CFPAC1	CFPAC1	chr5	chromothripsis	0.0803559720516204	0.6399999856948853	0	0	0.0	0	0	-0.5596440136432649	0	0	0.28169282999687345	0
loo	CFPAC1	CFPAC1	chr5	ecDNA	0.0472335629165172	0.3600000143051147	0	0	0.0	0	0	-0.3127664513885975	0	0	0.14445738308975073	0
loo	CFPAC1	CFPAC1	chr5	seismic_amplification	0.0998233705759048	0.8600000143051147	0	0	0.0	0	0	-0.7601766437292099	0	0	0.11026265387054868	0
loo	CFPAC1	CFPAC1	chr6	BFB	0.325723648071289	0.4199999868869781	0	0	0.0	0	0	-0.09427633881568909	0	0	0.40026312544963394	0
loo	CFPAC1	CFPAC1	chr6	chromothripsis	0.1569484919309616	0.6399999856948853	0	0	0.0	0	0	-0.48305149376392365	0	0	0.36323497570474134	0
loo	CFPAC1	CFPAC1	chr6	ecDNA	0.1105696856975555	0.3600000143051147	0	0	0.0	0	0	-0.2494303286075592	0	0	0.18711305102837383	0
loo	CFPAC1	CFPAC1	chr6	seismic_amplification	0.1097317636013031	0.8600000143051147	0	0	0.0	0	0	-0.7502682507038116	0	0	0.11510908270372053	0
loo	CFPAC1	CFPAC1	chr7	BFB	0.2106397897005081	0.4199999868869781	0	0	0.0	0	0	-0.20936019718647	0	0	0.2753955989863144	0
loo	CFPAC1	CFPAC1	chr7	chromothripsis	0.1305392533540725	0.6399999856948853	0	0	0.0	0	0	-0.5094607323408128	0	0	0.3339089315566094	0
loo	CFPAC1	CFPAC1	chr7	ecDNA	0.0923702120780944	0.3600000143051147	0	0	0.0	0	0	-0.26762980222702026	0	0	0.17394530465628963	0
loo	CFPAC1	CFPAC1	chr7	seismic_amplification	0.0928959473967552	0.8600000143051147	0	0	0.0	0	0	-0.7671040669083595	0	0	0.10698129944927423	0
loo	CFPAC1	CFPAC1	chr8	BFB	0.3945012986660003	0.4199999868869781	0	0	0.0	0	0	-0.025498688220977783	0	0	0.4830380463550715	0
loo	CFPAC1	CFPAC1	chr8	chromothripsis	0.5708573460578918	0.6399999856948853	0	0	0.0	0	0	-0.06914263963699341	0	0	0.8120979964124498	0
loo	CFPAC1	CFPAC1	chr8	ecDNA	0.1671756953001022	0.3600000143051147	0	0	0.0	0	0	-0.19282431900501248	0	0	0.23291324401011704	0
loo	CFPAC1	CFPAC1	chr8	seismic_amplification	0.1874538511037826	0.8600000143051147	0	0	0.0	0	0	-0.6725461632013321	0	0	0.15985216652824444	0
loo	CFPAC1	CFPAC1	chr9	BFB	0.065659299492836	0.4199999868869781	0	0	0.0	0	0	-0.3543406873941421	0	0	0.15752828664483556	0
loo	CFPAC1	CFPAC1	chr9	chromothripsis	0.0732957050204277	0.6399999856948853	0	0	0.0	0	0	-0.5667042806744576	0	0	0.27475644970002017	0
loo	CFPAC1	CFPAC1	chr9	ecDNA	0.0252818185836076	0.3600000143051147	0	0	0.0	0	0	-0.3347181957215071	0	0	0.13168402258798662	0
loo	CFPAC1	CFPAC1	chr9	seismic_amplification	0.0547957271337509	0.8600000143051147	0	0	0.0	0	0	-0.8052042871713638	0	0	0.09043303433910387	0
loo	CFPAC1	CFPAC1	chrX	BFB	0.1686889231204986	0.4199999868869781	0	0	0.0	0	0	-0.2513110637664795	0	0	0.23637413812625088	0
loo	CFPAC1	CFPAC1	chrX	chromothripsis	0.1077717617154121	0.6399999856948853	0	0	0.0	0	0	-0.5322282239794731	0	0	0.30960893948775836	0
loo	CFPAC1	CFPAC1	chrX	ecDNA	0.066600888967514	0.3600000143051147	0	0	0.0	0	0	-0.2933991253376007	0	0	0.15656697461330613	0
loo	CFPAC1	CFPAC1	chrX	seismic_amplification	0.1029790937900543	0.8600000143051147	0	0	0.0	0	0	-0.7570209205150604	0	0	0.11178647137955094	0
loo	CaSki	CaSki	chr1	BFB	0.0626755356788635	0.2599999904632568	0	0	0.0	0	0	-0.19732445478439328	0	0	0.19406914731543543	0
loo	CaSki	CaSki	chr1	chromothripsis	0.0548796840012073	0.6200000047683716	0	0	0.0	0	0	-0.5651203207671642	0	0	0.2460989983042134	0
loo	CaSki	CaSki	chr1	ecDNA	0.0225447211414575	0.4099999964237213	0	0	0.0	0	0	-0.3874552752822638	0	0	0.11934629753801461	0
loo	CaSki	CaSki	chr1	seismic_amplification	0.0575470589101314	0.8100000023841858	0	0	0.0	0	0	-0.7524529434740543	0	0	0.09756424631136106	0
loo	CaSki	CaSki	chr10	BFB	0.0883955657482147	0.2599999904632568	0	0	0.0	0	0	-0.1716044247150421	0	0	0.21520307425196972	0
loo	CaSki	CaSki	chr10	chromothripsis	0.0959381461143493	0.6200000047683716	0	0	0.0	0	0	-0.5240618586540223	0	0	0.2865713046050022	0
loo	CaSki	CaSki	chr10	ecDNA	0.0453838855028152	0.4099999964237213	0	0	0.0	0	0	-0.3646161109209061	0	0	0.1320161249436091	0
loo	CaSki	CaSki	chr10	seismic_amplification	0.096564307808876	0.8100000023841858	0	0	0.0	0	0	-0.7134356945753098	0	0	0.11634911440823603	0
loo	CaSki	CaSki	chr11	BFB	0.8700008988380432	0.2599999904632568	1	1	0.9109348654747008	1	1	0.6100009083747864	1	1	0.9915661758505899	1
loo	CaSki	CaSki	chr11	chromothripsis	0.5330385565757751	0.6200000047683716	0	0	0.0	0	0	-0.08696144819259644	0	0	0.7851924550020362	0
loo	CaSki	CaSki	chr11	ecDNA	0.7507725358009338	0.4099999964237213	1	0	0.6517549753189087	1	1	0.3407725393772125	1	1	0.9732659988441758	1
loo	CaSki	CaSki	chr11	seismic_amplification	0.365389883518219	0.8100000023841858	0	0	0.0	0	0	-0.4446101188659668	0	0	0.3386470833275675	0
loo	CaSki	CaSki	chr12	BFB	0.0718955099582672	0.2599999904632568	0	0	0.0	0	0	-0.18810448050498957	0	0	0.2014585771845132	0
loo	CaSki	CaSki	chr12	chromothripsis	0.0629650801420211	0.6200000047683716	0	0	0.0	0	0	-0.5570349246263505	0	0	0.2537561181988818	0
loo	CaSki	CaSki	chr12	ecDNA	0.0308439657092094	0.4099999964237213	0	0	0.0	0	0	-0.3791560307145119	0	0	0.12382393199741074	0
loo	CaSki	CaSki	chr12	seismic_amplification	0.0800515189766883	0.8100000023841858	0	0	0.0	0	0	-0.7299484834074975	0	0	0.10804274393501898	0
loo	CaSki	CaSki	chr13	BFB	0.0544686913490295	0.2599999904632568	0	0	0.0	0	0	-0.2055312991142273	0	0	0.18766637431560157	0
loo	CaSki	CaSki	chr13	chromothripsis	0.0800503939390182	0.6200000047683716	0	0	0.0	0	0	-0.5399496108293533	0	0	0.27044581909767434	0
loo	CaSki	CaSki	chr13	ecDNA	0.0195565298199653	0.4099999964237213	0	0	0.0	0	0	-0.390443466603756	0	0	0.11776869007351976	0
loo	CaSki	CaSki	chr13	seismic_amplification	0.0583611279726028	0.8100000023841858	0	0	0.0	0	0	-0.751638874411583	0	0	0.09792695691050327	0
loo	CaSki	CaSki	chr14	BFB	0.1534607112407684	0.2599999904632568	0	0	0.0	0	0	-0.10653927922248838	0	0	0.2758530011521833	0
loo	CaSki	CaSki	chr14	chromothripsis	0.2315981239080429	0.6200000047683716	0	0	0.0	0	0	-0.3884018808603287	0	0	0.44356023390632876	0
loo	CaSki	CaSki	chr14	ecDNA	0.0630494356155395	0.4099999964237213	0	0	0.0	0	0	-0.3469505608081818	0	0	0.14258292903638004	0
loo	CaSki	CaSki	chr14	seismic_amplification	0.117138385772705	0.8100000023841858	0	0	0.0	0	0	-0.6928616166114808	0	0	0.1274690900866715	0
loo	CaSki	CaSki	chr15	BFB	0.0928030312061309	0.2599999904632568	0	0	0.0	0	0	-0.16719695925712588	0	0	0.21898761094861627	0
loo	CaSki	CaSki	chr15	chromothripsis	0.1347179561853408	0.6200000047683716	0	0	0.5534478425979614	1	0	-0.4852820485830308	1	0	0.7545531197536952	0
loo	CaSki	CaSki	chr15	ecDNA	0.0443846695125103	0.4099999964237213	0	0	0.0	0	0	-0.365615326911211	0	0	0.1314387415437852	0
loo	CaSki	CaSki	chr15	seismic_amplification	0.1150806248188018	0.8100000023841858	0	0	0.0	0	0	-0.694919377565384	0	0	0.12631730556099538	0
loo	CaSki	CaSki	chr16	BFB	0.0787121355533599	0.2599999904632568	0	0	0.0	0	0	-0.18128785490989688	0	0	0.20705577579370923	0
loo	CaSki	CaSki	chr16	chromothripsis	0.0644797086715698	0.6200000047683716	0	0	0.0	0	0	-0.5555202960968018	0	0	0.2552078742113877	0
loo	CaSki	CaSki	chr16	ecDNA	0.030521361157298	0.4099999964237213	0	0	0.0	0	0	-0.37947863526642334	0	0	0.12364721700331831	0
loo	CaSki	CaSki	chr16	seismic_amplification	0.0770629420876503	0.8100000023841858	0	0	0.0	0	0	-0.7329370602965355	0	0	0.1065962836726998	0
loo	CaSki	CaSki	chr17	BFB	0.1010392159223556	0.2599999904632568	0	0	0.0	0	0	-0.15896077454090118	0	0	0.22618742830774183	0
loo	CaSki	CaSki	chr17	chromothripsis	0.1004581972956657	0.6200000047683716	0	0	0.0	0	0	-0.5195418074727058	0	0	0.2912627074229687	0
loo	CaSki	CaSki	chr17	ecDNA	0.0474817752838134	0.4099999964237213	0	0	0.0	0	0	-0.3625182211399079	0	0	0.13323536038157882	0
loo	CaSki	CaSki	chr17	seismic_amplification	0.1006367430090904	0.8100000023841858	0	0	0.0	0	0	-0.7093632593750954	0	0	0.11848116453954216	0
loo	CaSki	CaSki	chr18	BFB	0.0847161635756492	0.2599999904632568	0	0	0.0	0	0	-0.17528382688760757	0	0	0.21208022730411166	0
loo	CaSki	CaSki	chr18	chromothripsis	0.0658973529934883	0.6200000047683716	0	0	0.0	0	0	-0.5541026517748833	0	0	0.2565716088417303	0
loo	CaSki	CaSki	chr18	ecDNA	0.036854051053524	0.4099999964237213	0	0	0.0	0	0	-0.3731459453701973	0	0	0.12715593337891695	0
loo	CaSki	CaSki	chr18	seismic_amplification	0.0790359303355217	0.8100000023841858	0	0	0.0	0	0	-0.7309640720486641	0	0	0.10754927794949574	0
loo	CaSki	CaSki	chr19	BFB	0.1028654426336288	0.2599999904632568	0	0	0.0	0	0	-0.157134547829628	0	0	0.2278063565449087	0
loo	CaSki	CaSki	chr19	chromothripsis	0.0891983658075332	0.6200000047683716	0	0	0.0	0	0	-0.5308016389608384	0	0	0.2796607031274992	0
loo	CaSki	CaSki	chr19	ecDNA	0.04272997751832	0.4099999964237213	0	0	0.0	0	0	-0.36727001890540134	0	0	0.13048731409770803	0
loo	CaSki	CaSki	chr19	seismic_amplification	0.1001008301973342	0.8100000023841858	0	0	0.0	0	0	-0.7098991721868516	0	0	0.11819867678745477	0
loo	CaSki	CaSki	chr2	BFB	0.0736033394932746	0.2599999904632568	0	0	0.0	0	0	-0.18639665096998217	0	0	0.20285018984247433	0
loo	CaSki	CaSki	chr2	chromothripsis	0.0625686421990394	0.6200000047683716	0	0	0.0	0	0	-0.5574313625693321	0	0	0.2533770376920309	0
loo	CaSki	CaSki	chr2	ecDNA	0.0329200066626071	0.4099999964237213	0	0	0.0	0	0	-0.37707998976111423	0	0	0.12496633149335619	0
loo	CaSki	CaSki	chr2	seismic_amplification	0.0844649672508239	0.8100000023841858	0	0	0.0	0	0	-0.7255350351333619	0	0	0.11021037308076723	0
loo	CaSki	CaSki	chr20	BFB	0.4207780361175537	0.2599999904632568	1	0	0.0	0	1	0.16077804565429693	1	0	0.5951728151221916	0
loo	CaSki	CaSki	chr20	chromothripsis	0.3582746386528015	0.6200000047683716	0	0	0.0	0	0	-0.26172536611557007	0	0	0.6018690632572926	0
loo	CaSki	CaSki	chr20	ecDNA	0.2339489907026291	0.4099999964237213	0	0	0.0	0	0	-0.17605100572109222	0	0	0.28280371416361316	0
loo	CaSki	CaSki	chr20	seismic_amplification	0.2029633074998855	0.8100000023841858	0	0	0.0	0	0	-0.6070366948843002	0	0	0.18393271245001985	0
loo	CaSki	CaSki	chr21	BFB	0.2559419870376587	0.2599999904632568	0	0	0.0	0	0	-0.004058003425598089	0	0	0.3899840854917735	0
loo	CaSki	CaSki	chr21	chromothripsis	0.1117592677474021	0.6200000047683716	0	0	0.0	0	0	-0.5082407370209695	0	0	0.3031874901533914	0
loo	CaSki	CaSki	chr21	ecDNA	0.1351144611835479	0.4099999964237213	0	0	0.0	0	0	-0.27488553524017345	0	0	0.1931111666453304	0
loo	CaSki	CaSki	chr21	seismic_amplification	0.1477586477994918	0.8100000023841858	0	0	0.0	0	0	-0.662241354584694	0	0	0.14568825173371777	0
loo	CaSki	CaSki	chr22	BFB	0.0995412915945053	0.2599999904632568	0	0	0.0	0	0	-0.16045869886875147	0	0	0.22486562668062296	0
loo	CaSki	CaSki	chr22	chromothripsis	0.3625056743621826	0.6200000047683716	0	0	0.0	0	0	-0.25749433040618896	0	0	0.6069798374706122	0
loo	CaSki	CaSki	chr22	ecDNA	0.0458813123404979	0.4099999964237213	0	0	0.0	0	0	-0.3641186840832234	0	0	0.13230435724077874	0
loo	CaSki	CaSki	chr22	seismic_amplification	0.0912195295095443	0.8100000023841858	0	0	0.0	0	0	-0.7187804728746415	0	0	0.11360157038228892	0
loo	CaSki	CaSki	chr3	BFB	0.06065434217453	0.2599999904632568	0	0	0.0	0	0	-0.19934564828872678	0	0	0.19247702281440762	0
loo	CaSki	CaSki	chr3	chromothripsis	0.0429369620978832	0.6200000047683716	0	1	0.0	0	0	-0.5770630426704884	0	0	0.23507679818469934	0
loo	CaSki	CaSki	chr3	ecDNA	0.0224205739796161	0.4099999964237213	0	0	0.0	0	0	-0.3875794224441052	0	0	0.11928039222345853	0
loo	CaSki	CaSki	chr3	seismic_amplification	0.0577916912734508	0.8100000023841858	0	0	0.0	0	0	-0.7522083111107349	0	0	0.09767311678654862	0
loo	CaSki	CaSki	chr4	BFB	0.0770026445388794	0.2599999904632568	0	0	0.0	0	0	-0.18299734592437739	0	0	0.20564138329151582	0
loo	CaSki	CaSki	chr4	chromothripsis	0.0559533238410949	0.6200000047683716	0	0	0.0	0	0	-0.5640466809272767	0	0	0.24710674980831343	0
loo	CaSki	CaSki	chr4	ecDNA	0.0368373394012451	0.4099999964237213	0	0	0.0	0	0	-0.3731626570224762	0	0	0.1271465631062553	0
loo	CaSki	CaSki	chr4	seismic_amplification	0.0918770581483841	0.8100000023841858	0	0	0.0	0	0	-0.7181229442358017	0	0	0.11393650390045591	0
loo	CaSki	CaSki	chr5	BFB	0.1632619351148605	0.2599999904632568	0	0	0.0	0	0	-0.09673805534839627	0	0	0.28585335723876304	0
loo	CaSki	CaSki	chr5	chromothripsis	0.2287327200174331	0.6200000047683716	0	0	0.0	0	0	-0.39126728475093847	0	0	0.43999023934710396	0
loo	CaSki	CaSki	chr5	ecDNA	0.0849656090140342	0.4099999964237213	0	0	0.0	0	0	-0.3250343874096871	0	0	0.1566619415785075	0
loo	CaSki	CaSki	chr5	seismic_amplification	0.1862802654504776	0.8100000023841858	0	0	0.0	0	0	-0.6237197369337082	0	0	0.17161684352410836	0
loo	CaSki	CaSki	chr6	BFB	0.229142740368843	0.2599999904632568	0	1	0.6819823980331421	1	0	-0.030857250094413785	1	0	0.7948755685762973	0
loo	CaSki	CaSki	chr6	chromothripsis	0.268809825181961	0.6200000047683716	0	0	0.0	0	0	-0.3511901795864106	0	0	0.49031932695149577	0
loo	CaSki	CaSki	chr6	ecDNA	0.1187080815434455	0.4099999964237213	0	0	0.0	0	0	-0.29129191488027584	0	0	0.18052319741400805	0
loo	CaSki	CaSki	chr6	seismic_amplification	0.1854358911514282	0.8100000023841858	0	0	0.0	0	0	-0.6245641112327576	0	0	0.17101123667174767	0
loo	CaSki	CaSki	chr7	BFB	0.1053651198744773	0.2599999904632568	0	0	0.6464204788208008	1	0	-0.15463487058877948	1	0	0.6686493988243416	0
loo	CaSki	CaSki	chr7	chromothripsis	0.1211945563554763	0.6200000047683716	0	0	0.0	0	0	-0.4988054484128953	0	0	0.31335152783547804	0
loo	CaSki	CaSki	chr7	ecDNA	0.0413804911077022	0.4099999964237213	0	0	0.0	0	0	-0.3686195053160191	0	0	0.12971571529209608	0
loo	CaSki	CaSki	chr7	seismic_amplification	0.0946008265018463	0.8100000023841858	0	0	0.0	0	0	-0.7153991758823395	0	0	0.11533312174121642	0
loo	CaSki	CaSki	chr8	BFB	0.073448434472084	0.2599999904632568	0	0	0.0	0	0	-0.1865515559911728	0	0	0.20272367162320035	0
loo	CaSki	CaSki	chr8	chromothripsis	0.0545219928026199	0.6200000047683716	0	0	0.0	0	0	-0.5654780119657516	0	0	0.2457638737123925	0
loo	CaSki	CaSki	chr8	ecDNA	0.0284678842872381	0.4099999964237213	0	0	0.0	0	0	-0.3815321121364832	0	0	0.1225274437404138	0
loo	CaSki	CaSki	chr8	seismic_amplification	0.0782078877091407	0.8100000023841858	0	0	0.0	0	0	-0.7317921146750451	0	0	0.10714840698960332	0
loo	CaSki	CaSki	chr9	BFB	0.0923074856400489	0.2599999904632568	0	0	0.0	0	0	-0.16769250482320788	0	0	0.21855972441374988	0
loo	CaSki	CaSki	chr9	chromothripsis	0.0920421481132507	0.6200000047683716	0	0	0.0	0	0	-0.5279578566551208	0	0	0.28256410813782373	0
loo	CaSki	CaSki	chr9	ecDNA	0.0399210080504417	0.4099999964237213	0	0	0.0	0	0	-0.3700789883732796	0	0	0.12888559713059622	0
loo	CaSki	CaSki	chr9	seismic_amplification	0.0871964618563652	0.8100000023841858	0	0	0.0	0	0	-0.7228035405278206	0	0	0.1115709366299148	0
loo	CaSki	CaSki	chrX	BFB	0.2714892923831939	0.2599999904632568	1	0	0.0	0	1	0.011489301919937134	1	0	0.40882319897878167	0
loo	CaSki	CaSki	chrX	chromothripsis	0.196803331375122	0.6200000047683716	0	0	0.0	0	0	-0.4231966733932496	0	0	0.4007088086818538	0
loo	CaSki	CaSki	chrX	ecDNA	0.2018549293279647	0.4099999964237213	0	0	0.0	0	0	-0.20814506709575661	0	0	0.25110278642356243	0
loo	CaSki	CaSki	chrX	seismic_amplification	0.2202684432268142	0.8100000023841858	0	0	0.0	0	0	-0.5897315591573716	0	0	0.19741981278369272	0
loo	DOTC2	DOTC2	chr1	BFB	0.2938731908798218	0.4699999988079071	0	1	0.0	0	0	-0.17612680792808533	0	0	0.3101864360809068	0
loo	DOTC2	DOTC2	chr1	chromothripsis	0.6505116820335388	0.6600000262260437	0	0	0.7068061232566833	1	0	-0.009488344192504883	1	0	0.9803055086685649	1
loo	DOTC2	DOTC2	chr1	ecDNA	0.2390977889299392	0.4399999976158142	0	0	0.0	0	0	-0.20090220868587502	0	0	0.2633458172524262	0
loo	DOTC2	DOTC2	chr1	seismic_amplification	0.3964426219463348	0.7900000214576721	0	0	0.0	0	0	-0.39355739951133734	0	0	0.37040317384261445	0
loo	DOTC2	DOTC2	chr10	BFB	0.0990387499332428	0.4699999988079071	0	0	0.0	0	0	-0.3709612488746643	0	0	0.148687575509727	0
loo	DOTC2	DOTC2	chr10	chromothripsis	0.4074940383434295	0.6600000262260437	0	0	0.0	0	0	-0.2525059878826142	0	0	0.6484976809769821	0
loo	DOTC2	DOTC2	chr10	ecDNA	0.0653165578842163	0.4399999976158142	0	0	0.0	0	0	-0.3746834397315979	0	0	0.13329351062141626	0
loo	DOTC2	DOTC2	chr10	seismic_amplification	0.1009721904993057	0.7900000214576721	0	0	0.0	0	0	-0.6890278309583664	0	0	0.12296610718919228	0
loo	DOTC2	DOTC2	chr11	BFB	0.0634528622031211	0.4699999988079071	0	0	0.0	0	0	-0.40654713660478603	0	0	0.12812295071619423	0
loo	DOTC2	DOTC2	chr11	chromothripsis	0.2849390804767608	0.6600000262260437	0	0	0.0	0	0	-0.3750609457492829	0	0	0.5043966309236563	0
loo	DOTC2	DOTC2	chr11	ecDNA	0.0492737516760826	0.4399999976158142	0	0	0.0	0	0	-0.3907262459397316	0	0	0.12455170773443933	0
loo	DOTC2	DOTC2	chr11	seismic_amplification	0.0911252573132515	0.7900000214576721	0	0	0.0	0	0	-0.6988747641444206	0	0	0.11790383496752313	0
loo	DOTC2	DOTC2	chr12	BFB	0.0442242920398712	0.4699999988079071	0	0	0.0	0	0	-0.4257757067680359	0	0	0.11805392922436526	0
loo	DOTC2	DOTC2	chr12	chromothripsis	0.3530839383602142	0.6600000262260437	0	0	0.0	0	0	-0.3069160878658295	0	0	0.5862167494796641	0
loo	DOTC2	DOTC2	chr12	ecDNA	0.0285592135041952	0.4399999976158142	0	0	0.0	0	0	-0.411440784111619	0	0	0.11399590915504675	0
loo	DOTC2	DOTC2	chr12	seismic_amplification	0.0607185810804367	0.7900000214576721	0	0	0.0	0	0	-0.7292814403772354	0	0	0.10339867633970222	0
loo	DOTC2	DOTC2	chr13	BFB	0.0555959269404411	0.4699999988079071	0	0	0.0	0	0	-0.41440407186746603	0	0	0.12392296358675932	0
loo	DOTC2	DOTC2	chr13	chromothripsis	0.0826067179441452	0.6600000262260437	0	0	0.0	0	0	-0.5773933082818985	0	0	0.2759800520042027	0
loo	DOTC2	DOTC2	chr13	ecDNA	0.0502608679234981	0.4399999976158142	0	0	0.0	0	0	-0.3897391296923161	0	0	0.12507507906672605	0
loo	DOTC2	DOTC2	chr13	seismic_amplification	0.0653312131762504	0.7900000214576721	0	0	0.0	0	0	-0.7246688082814217	0	0	0.10549278251704233	0
loo	DOTC2	DOTC2	chr14	BFB	0.0527788028120994	0.4699999988079071	0	0	0.0	0	0	-0.4172211959958077	0	0	0.12244608057536678	0
loo	DOTC2	DOTC2	chr14	chromothripsis	0.1254310309886932	0.6600000262260437	0	0	0.0	0	0	-0.5345689952373505	0	0	0.3193782798670432	0
loo	DOTC2	DOTC2	chr14	ecDNA	0.0359118282794952	0.4399999976158142	0	0	0.0	0	0	-0.404088169336319	0	0	0.11765038177927614	0
loo	DOTC2	DOTC2	chr14	seismic_amplification	0.0525969825685024	0.7900000214576721	0	0	0.0	0	0	-0.7374030388891697	0	0	0.09980082251285047	0
loo	DOTC2	DOTC2	chr15	BFB	0.055169615894556	0.4699999988079071	0	0	0.0	0	0	-0.4148303829133511	0	0	0.1236984911491017	0
loo	DOTC2	DOTC2	chr15	chromothripsis	0.2542846202850342	0.6600000262260437	0	0	0.0	0	0	-0.4057154059410095	0	0	0.46724619418369334	0
loo	DOTC2	DOTC2	chr15	ecDNA	0.0404331795871257	0.4399999976158142	0	0	0.0	0	0	-0.3995668180286885	0	0	0.11994771797994294	0
loo	DOTC2	DOTC2	chr15	seismic_amplification	0.0729455202817916	0.7900000214576721	0	0	0.0	0	0	-0.7170545011758805	0	0	0.109031500131458	0
loo	DOTC2	DOTC2	chr16	BFB	0.0737664476037025	0.4699999988079071	0	0	0.0	0	0	-0.3962335512042046	0	0	0.13381988046709717	0
loo	DOTC2	DOTC2	chr16	chromothripsis	0.227701723575592	0.6600000262260437	0	0	0.0	0	0	-0.43229830265045166	0	0	0.4353069931150417	0
loo	DOTC2	DOTC2	chr16	ecDNA	0.0484078899025917	0.4399999976158142	0	0	0.0	0	0	-0.3915921077132225	0	0	0.12409417337123647	0
loo	DOTC2	DOTC2	chr16	seismic_amplification	0.0665419176220893	0.7900000214576721	0	0	0.0	0	0	-0.7234581038355828	0	0	0.1060485995081133	0
loo	DOTC2	DOTC2	chr17	BFB	0.0789032578468322	0.4699999988079071	0	0	0.0	0	0	-0.3910967409610749	0	0	0.136736389345266	0
loo	DOTC2	DOTC2	chr17	chromothripsis	0.3060641884803772	0.6600000262260437	0	0	0.0	0	0	-0.3539358377456665	0	0	0.5299948561430884	0
loo	DOTC2	DOTC2	chr17	ecDNA	0.0681089833378791	0.4399999976158142	0	0	0.0	0	0	-0.37189101427793514	0	0	0.13486713198073128	0
loo	DOTC2	DOTC2	chr17	seismic_amplification	0.0925410166382789	0.7900000214576721	0	0	0.0	0	0	-0.6974590048193932	0	0	0.11862039690813864	0
loo	DOTC2	DOTC2	chr18	BFB	0.0427480153739452	0.4699999988079071	0	0	0.0	0	0	-0.4272519834339619	0	0	0.11730991414038351	0
loo	DOTC2	DOTC2	chr18	chromothripsis	0.1035777628421783	0.6600000262260437	0	0	0.0	0	0	-0.5564222633838654	0	0	0.29677524231876523	0
loo	DOTC2	DOTC2	chr18	ecDNA	0.0266964938491582	0.4399999976158142	0	0	0.0	0	0	-0.41330350376665603	0	0	0.11308591867569967	0
loo	DOTC2	DOTC2	chr18	seismic_amplification	0.041372001171112	0.7900000214576721	0	0	0.0	0	0	-0.7486280202865602	0	0	0.09501159080317673	0
loo	DOTC2	DOTC2	chr19	BFB	0.0419427193701267	0.4699999988079071	0	0	0.0	0	0	-0.4280572794377804	0	0	0.11690577664465836	0
loo	DOTC2	DOTC2	chr19	chromothripsis	0.1148653104901313	0.6600000262260437	0	0	0.0	0	0	-0.5451347157359124	0	0	0.3083351543735256	0
loo	DOTC2	DOTC2	chr19	ecDNA	0.0416905209422111	0.4399999976158142	0	0	0.0	0	0	-0.3983094766736031	0	0	0.12059343334817811	0
loo	DOTC2	DOTC2	chr19	seismic_amplification	0.0518145598471164	0.7900000214576721	0	0	0.0	0	0	-0.7381854616105558	0	0	0.09946015207961542	0
loo	DOTC2	DOTC2	chr2	BFB	0.0396379679441452	0.4699999988079071	0	0	0.0	0	0	-0.4303620308637619	0	0	0.1157558087802945	0
loo	DOTC2	DOTC2	chr2	chromothripsis	0.2865186035633087	0.6600000262260437	0	0	0.0	0	0	-0.373481422662735	0	0	0.5063130742217373	0
loo	DOTC2	DOTC2	chr2	ecDNA	0.0347743779420852	0.4399999976158142	0	0	0.0	0	0	-0.405225619673729	0	0	0.11707846883932126	0
loo	DOTC2	DOTC2	chr2	seismic_amplification	0.0554632432758808	0.7900000214576721	0	0	0.0	0	0	-0.7345367781817913	0	0	0.10105768125801297	0
loo	DOTC2	DOTC2	chr20	BFB	0.0505061000585556	0.4699999988079071	0	0	0.0	0	0	-0.4194938987493515	0	0	0.12126567226059551	0
loo	DOTC2	DOTC2	chr20	chromothripsis	0.3324938118457794	0.6600000262260437	0	0	0.7366859316825867	1	0	-0.3275062143802643	1	0	0.9160900864530318	0
loo	DOTC2	DOTC2	chr20	ecDNA	0.050404779613018	0.4399999976158142	0	0	0.0	0	0	-0.38959521800279623	0	0	0.12515153861273887	0
loo	DOTC2	DOTC2	chr20	seismic_amplification	0.0708817914128303	0.7900000214576721	0	0	0.0	0	0	-0.7191182300448418	0	0	0.10806222695631691	0
loo	DOTC2	DOTC2	chr21	BFB	0.0418380126357078	0.4699999988079071	0	0	0.0	0	0	-0.4281619861721993	0	0	0.11685331844179474	0
loo	DOTC2	DOTC2	chr21	chromothripsis	0.0765935555100441	0.6600000262260437	0	0	0.0	0	0	-0.5834064707159996	0	0	0.27018642504151097	0
loo	DOTC2	DOTC2	chr21	ecDNA	0.0418570302426815	0.4399999976158142	0	0	0.0	0	0	-0.3981429673731327	0	0	0.12067916977164056	0
loo	DOTC2	DOTC2	chr21	seismic_amplification	0.0566455349326133	0.7900000214576721	0	0	0.0	0	0	-0.7333544865250589	0	0	0.10158019813073707	0
loo	DOTC2	DOTC2	chr22	BFB	0.0377714373171329	0.4699999988079071	0	0	0.0	0	0	-0.4322285614907742	0	0	0.1148317102370844	0
loo	DOTC2	DOTC2	chr22	chromothripsis	0.0838410928845405	0.6600000262260437	0	0	0.0	0	0	-0.5761589333415031	0	0	0.2771788269343205	0
loo	DOTC2	DOTC2	chr22	ecDNA	0.0355549752712249	0.4399999976158142	0	0	0.0	0	0	-0.4044450223445893	0	0	0.11747069500603735	0
loo	DOTC2	DOTC2	chr22	seismic_amplification	0.0442691333591938	0.7900000214576721	0	0	0.0	0	0	-0.7457308880984783	0	0	0.09622761276347451	0
loo	DOTC2	DOTC2	chr3	BFB	0.035377200692892	0.4699999988079071	0	0	0.0	0	0	-0.4346227981150151	0	0	0.11365575546205477	0
loo	DOTC2	DOTC2	chr3	chromothripsis	0.1824205666780471	0.6600000262260437	0	0	0.0	0	0	-0.47757945954799663	0	0	0.3822484372255008	0
loo	DOTC2	DOTC2	chr3	ecDNA	0.0389185100793838	0.4399999976158142	0	0	0.0	0	0	-0.4010814875364304	0	0	0.11917381777573717	0
loo	DOTC2	DOTC2	chr3	seismic_amplification	0.0651233196258544	0.7900000214576721	0	0	0.0	0	0	-0.7248767018318177	0	0	0.10539760046596255	0
loo	DOTC2	DOTC2	chr4	BFB	0.0580672957003116	0.4699999988079071	0	0	0.0	0	0	-0.4119327031075955	0	0	0.1252311522397641	0
loo	DOTC2	DOTC2	chr4	chromothripsis	0.2574641108512878	0.6600000262260437	0	0	0.0	0	0	-0.4025359153747559	0	0	0.47108964356851535	0
loo	DOTC2	DOTC2	chr4	ecDNA	0.0575203001499176	0.4399999976158142	0	0	0.0	0	0	-0.3824796974658966	0	0	0.12898217990032174	0
loo	DOTC2	DOTC2	chr4	seismic_amplification	0.0824098661541938	0.7900000214576721	0	0	0.0	0	0	-0.7075901553034784	0	0	0.11357487376579241	0
loo	DOTC2	DOTC2	chr5	BFB	0.0562023930251598	0.4699999988079071	0	0	0.0	0	0	-0.4137976057827473	0	0	0.12424289852972353	0
loo	DOTC2	DOTC2	chr5	chromothripsis	0.377359390258789	0.6600000262260437	0	0	0.0	0	0	-0.2826406359672547	0	0	0.6144780513591458	0
loo	DOTC2	DOTC2	chr5	ecDNA	0.0494382977485656	0.4399999976158142	0	0	0.0	0	0	-0.3905616998672486	0	0	0.12463881979084006	0
loo	DOTC2	DOTC2	chr5	seismic_amplification	0.0794880017638206	0.7900000214576721	0	0	0.0	0	0	-0.7105120196938515	0	0	0.11215488830351406	0
loo	DOTC2	DOTC2	chr6	BFB	0.0652583464980125	0.4699999988079071	0	0	0.0	0	0	-0.4047416523098946	0	0	0.12910508547341687	0
loo	DOTC2	DOTC2	chr6	chromothripsis	0.3296773731708526	0.6600000262260437	0	0	0.0	0	0	-0.3303226530551911	0	0	0.558416243878703	0
loo	DOTC2	DOTC2	chr6	ecDNA	0.0459115579724311	0.4399999976158142	0	0	0.0	0	0	-0.39408843964338314	0	0	0.12278314350723225	0
loo	DOTC2	DOTC2	chr6	seismic_amplification	0.0684165731072425	0.7900000214576721	0	0	0.0	0	0	-0.7215834483504296	0	0	0.10691431905566161	0
loo	DOTC2	DOTC2	chr7	BFB	0.0456964187324047	0.4699999988079071	0	0	0.0	0	0	-0.4243035800755024	0	0	0.11879991925096266	0
loo	DOTC2	DOTC2	chr7	chromothripsis	0.2369484454393386	0.6600000262260437	0	0	0.0	0	0	-0.42305158078670513	0	0	0.44636981439088713	0
loo	DOTC2	DOTC2	chr7	ecDNA	0.0320828594267368	0.4399999976158142	0	0	0.0	0	0	-0.40791713818907743	0	0	0.11573476499814432	0
loo	DOTC2	DOTC2	chr7	seismic_amplification	0.0598304085433483	0.7900000214576721	0	0	0.0	0	0	-0.7301696129143238	0	0	0.1029996978709454	0
loo	DOTC2	DOTC2	chr8	BFB	0.1079216226935386	0.4699999988079071	0	0	0.0	0	0	-0.3620783761143685	0	0	0.15422818729086335	0
loo	DOTC2	DOTC2	chr8	chromothripsis	0.0904360190033912	0.6600000262260437	0	0	0.0	0	0	-0.5695640072226525	0	0	0.28363763799505576	0
loo	DOTC2	DOTC2	chr8	ecDNA	0.0775770768523216	0.4399999976158142	0	0	0.0	0	0	-0.3624229207634926	0	0	0.14031972905417214	0
loo	DOTC2	DOTC2	chr8	seismic_amplification	0.0870086476206779	0.7900000214576721	0	0	0.0	0	0	-0.7029913738369942	0	0	0.11584156065269166	0
loo	DOTC2	DOTC2	chr9	BFB	0.0457510910928249	0.4699999988079071	0	0	0.0	0	0	-0.4242489077150822	0	0	0.11882770248296072	0
loo	DOTC2	DOTC2	chr9	chromothripsis	0.2238517105579376	0.6600000262260437	0	0	0.0	0	0	-0.4361483156681061	0	0	0.43071910042957756	0
loo	DOTC2	DOTC2	chr9	ecDNA	0.0297800526022911	0.4399999976158142	0	0	0.0	0	0	-0.4102199450135231	0	0	0.1145957789591958	0
loo	DOTC2	DOTC2	chr9	seismic_amplification	0.054889939725399	0.7900000214576721	0	0	0.0	0	0	-0.7351100817322731	0	0	0.10080516811689913	0
loo	DOTC2	DOTC2	chrX	BFB	0.0605412013828754	0.4699999988079071	0	0	0.0	0	0	-0.4094587974250317	0	0	0.12655251699099762	0
loo	DOTC2	DOTC2	chrX	chromothripsis	0.5640487670898438	0.6600000262260437	0	0	0.0	0	0	-0.09595125913619995	0	0	0.7977554943391034	0
loo	DOTC2	DOTC2	chrX	ecDNA	0.0485828891396522	0.4399999976158142	0	0	0.0	0	0	-0.391417108476162	0	0	0.12418652912588213	0
loo	DOTC2	DOTC2	chrX	seismic_amplification	0.0799096971750259	0.7900000214576721	0	0	0.0	0	0	-0.7100903242826462	0	0	0.1123588644460437	0
loo	H1395	H1395	chr1	BFB	0.0978414490818977	0.2599999904632568	0	0	0.0	0	0	-0.1621585413813591	0	0	0.22984731314727916	0
loo	H1395	H1395	chr1	chromothripsis	0.1560997813940048	0.6100000143051147	0	0	0.0	0	0	-0.4539002329111099	0	0	0.37072176309554455	0
loo	H1395	H1395	chr1	ecDNA	0.0706094875931739	0.4300000071525574	0	0	0.0	0	0	-0.3593905195593835	0	0	0.14125179601459267	0
loo	H1395	H1395	chr1	seismic_amplification	0.1430640518665313	0.8299999833106995	0	0	0.0	0	0	-0.6869359314441682	0	0	0.1386991901055616	0
loo	H1395	H1395	chr10	BFB	0.0707432255148887	0.2599999904632568	0	0	0.0	0	0	-0.18925676494836807	0	0	0.20729672974129995	0
loo	H1395	H1395	chr10	chromothripsis	0.1080185920000076	0.6100000143051147	0	0	0.0	0	0	-0.5019814223051071	0	0	0.31787524956185753	0
loo	H1395	H1395	chr10	ecDNA	0.0582523979246616	0.4300000071525574	0	0	0.0	0	0	-0.3717476092278958	0	0	0.13410021956396778	0
loo	H1395	H1395	chr10	seismic_amplification	0.1132308542728424	0.8299999833106995	0	0	0.0	0	0	-0.7167691290378571	0	0	0.12221761313568635	0
loo	H1395	H1395	chr11	BFB	0.0619665719568729	0.2599999904632568	0	0	0.0	0	0	-0.1980334185063839	0	0	0.20035285248274087	0
loo	H1395	H1395	chr11	chromothripsis	0.1149035990238189	0.6100000143051147	0	0	0.0	0	0	-0.49509641528129583	0	0	0.3251982434252129	0
loo	H1395	H1395	chr11	ecDNA	0.0487723276019096	0.4300000071525574	0	0	0.0	0	0	-0.3812276795506478	0	0	0.12882317971453178	0
loo	H1395	H1395	chr11	seismic_amplification	0.1025287210941314	0.8299999833106995	0	0	0.0	0	0	-0.7274712622165681	0	0	0.11672906030290314	0
loo	H1395	H1395	chr12	BFB	0.0638797804713249	0.2599999904632568	0	0	0.0	0	0	-0.19612020999193186	0	0	0.20185153673364944	0
loo	H1395	H1395	chr12	chromothripsis	0.1094988137483596	0.6100000143051147	0	0	0.0	0	0	-0.5005012005567552	0	0	0.3194422101447636	0
loo	H1395	H1395	chr12	ecDNA	0.0846172571182251	0.4300000071525574	0	0	0.0	0	0	-0.3453827500343323	0	0	0.14974107506005152	0
loo	H1395	H1395	chr12	seismic_amplification	0.1330174058675766	0.8299999833106995	0	0	0.0	0	0	-0.6969825774431229	0	0	0.13295026110529223	0
loo	H1395	H1395	chr13	BFB	0.0693683922290802	0.2599999904632568	0	0	0.0	0	0	-0.19063159823417658	0	0	0.2061973653716948	0
loo	H1395	H1395	chr13	chromothripsis	0.0855999588966369	0.6100000143051147	0	0	0.0	0	0	-0.5244000554084779	0	0	0.29465929440618455	0
loo	H1395	H1395	chr13	ecDNA	0.092533528804779	0.4300000071525574	0	0	0.0	0	0	-0.3374664783477784	0	0	0.154722011329807	0
loo	H1395	H1395	chr13	seismic_amplification	0.1089927852153778	0.8299999833106995	0	0	0.0	0	0	-0.7210071980953217	0	0	0.12001804371722788	0
loo	H1395	H1395	chr14	BFB	0.1065346598625183	0.2599999904632568	0	0	0.0	0	0	-0.15346533060073847	0	0	0.23743612518272145	0
loo	H1395	H1395	chr14	chromothripsis	0.1621540784835815	0.6100000143051147	0	0	0.0	0	0	-0.44784593582153326	0	0	0.37763409879389953	0
loo	H1395	H1395	chr14	ecDNA	0.0688740387558937	0.4300000071525574	0	0	0.0	0	0	-0.36112596839666367	0	0	0.1402285168277577	0
loo	H1395	H1395	chr14	seismic_amplification	0.1679071635007858	0.8299999833106995	0	0	0.0	0	0	-0.6620928198099136	0	0	0.15381238446377316	0
loo	H1395	H1395	chr15	BFB	0.0730204284191131	0.2599999904632568	0	0	0.0	0	0	-0.18697956204414368	0	0	0.20912716975032666	0
loo	H1395	H1395	chr15	chromothripsis	0.1051807552576065	0.6100000143051147	0	0	0.0	0	0	-0.5048192590475082	0	0	0.3148826444652229	0
loo	H1395	H1395	chr15	ecDNA	0.0520535856485366	0.4300000071525574	0	0	0.0	0	0	-0.3779464215040208	0	0	0.1306293533012519	0
loo	H1395	H1395	chr15	seismic_amplification	0.1032677218317985	0.8299999833106995	0	0	0.0	0	0	-0.7267322614789009	0	0	0.11710107400626307	0
loo	H1395	H1395	chr16	BFB	0.3051882982254028	0.2599999904632568	1	0	0.0	0	1	0.045188307762145996	1	0	0.45061103958913024	0
loo	H1395	H1395	chr16	chromothripsis	0.2711137235164642	0.6100000143051147	0	0	0.0	0	0	-0.33888629078865057	0	0	0.5079137243141367	0
loo	H1395	H1395	chr16	ecDNA	0.2331097722053527	0.4300000071525574	0	0	0.0	0	0	-0.19689023494720467	0	0	0.26646724974476593	0
loo	H1395	H1395	chr16	seismic_amplification	0.5084928870201111	0.8299999833106995	0	0	0.0	0	0	-0.3215070962905884	0	0	0.4889026538686642	0
loo	H1395	H1395	chr17	BFB	0.0683138594031333	0.2599999904632568	0	0	0.0	0	0	-0.1916861310601235	0	0	0.20535705317797054	0
loo	H1395	H1395	chr17	chromothripsis	0.1279303282499313	0.6100000143051147	0	0	0.0	0	0	-0.4820696860551834	0	0	0.33928796299394176	0
loo	H1395	H1395	chr17	ecDNA	0.0771070942282676	0.4300000071525574	0	0	0.0	0	0	-0.35289291292428976	0	0	0.145138505865143	0
loo	H1395	H1395	chr17	seismic_amplification	0.1472126692533493	0.8299999833106995	0	0	0.0	0	0	-0.6827873140573502	0	0	0.14113332290885125	0
loo	H1395	H1395	chr18	BFB	0.1174264177680015	0.2599999904632568	0	0	0.0	0	0	-0.14257357269525528	0	0	0.24718506027683967	0
loo	H1395	H1395	chr18	chromothripsis	0.1982316821813583	0.6100000143051147	0	0	0.0	0	0	-0.4117683321237564	0	0	0.41977500776764415	0
loo	H1395	H1395	chr18	ecDNA	0.0672230273485183	0.4300000071525574	0	0	0.0	0	0	-0.36277697980403906	0	0	0.1392607904293646	0
loo	H1395	H1395	chr18	seismic_amplification	0.1147133186459541	0.8299999833106995	0	0	0.0	0	0	-0.7152866646647453	0	0	0.12299516970160294	0
loo	H1395	H1395	chr19	BFB	0.064990110695362	0.2599999904632568	0	0	0.0	0	0	-0.1950098797678948	0	0	0.20272513110514107	0
loo	H1395	H1395	chr19	chromothripsis	0.1082466393709182	0.6100000143051147	0	0	0.0	0	0	-0.5017533749341966	0	0	0.3181163927144918	0
loo	H1395	H1395	chr19	ecDNA	0.0477895140647888	0.4300000071525574	0	0	0.0	0	0	-0.38221049308776855	0	0	0.12828634538413847	0
loo	H1395	H1395	chr19	seismic_amplification	0.1096371635794639	0.8299999833106995	0	0	0.0	0	0	-0.7203628197312355	0	0	0.12035026015846044	0
loo	H1395	H1395	chr2	BFB	0.0615219548344612	0.2599999904632568	0	0	0.0	0	0	-0.19847803562879557	0	0	0.20000576468409223	0
loo	H1395	H1395	chr2	chromothripsis	0.170992225408554	0.6100000143051147	0	0	0.0	0	0	-0.4390077888965608	0	0	0.3878141088747717	0
loo	H1395	H1395	chr2	ecDNA	0.0716745182871818	0.4300000071525574	0	0	0.0	0	0	-0.3583254888653756	0	0	0.14188285827297611	0
loo	H1395	H1395	chr2	seismic_amplification	0.133106380701065	0.8299999833106995	0	0	0.0	0	0	-0.6968936026096344	0	0	0.1330002773377542	0
loo	H1395	H1395	chr20	BFB	0.0644346922636032	0.2599999904632568	0	0	0.0	0	0	-0.19556529819965357	0	0	0.2022877826131119	0
loo	H1395	H1395	chr20	chromothripsis	0.0898840501904487	0.6100000143051147	0	0	0.0	0	0	-0.520115964114666	0	0	0.29901913047966755	0
loo	H1395	H1395	chr20	ecDNA	0.0451720543205738	0.4300000071525574	0	0	0.0	0	0	-0.38482795283198357	0	0	0.1268659328161024	0
loo	H1395	H1395	chr20	seismic_amplification	0.1364378184080124	0.8299999833106995	0	0	0.0	0	0	-0.6935621649026871	0	0	0.13488449782920858	0
loo	H1395	H1395	chr21	BFB	0.0647539645433425	0.2599999904632568	0	0	0.0	0	0	-0.1952460259199143	0	0	0.20253909840175155	0
loo	H1395	H1395	chr21	chromothripsis	0.1038908138871193	0.6100000143051147	0	0	0.0	0	0	-0.5061092004179955	0	0	0.3135273978878975	0
loo	H1395	H1395	chr21	ecDNA	0.0466702431440353	0.4300000071525574	0	0	0.0	0	0	-0.3833297640085221	0	0	0.12767729984836765	0
loo	H1395	H1395	chr21	seismic_amplification	0.0888012647628784	0.8299999833106995	0	0	0.0	0	0	-0.741198718547821	0	0	0.1100032291078803	0
loo	H1395	H1395	chr22	BFB	0.0640275031328201	0.2599999904632568	0	0	0.0	0	0	-0.19597248733043668	0	0	0.2019676007381465	0
loo	H1395	H1395	chr22	chromothripsis	0.1544433385133743	0.6100000143051147	0	0	0.0	0	0	-0.4555566757917404	0	0	0.3688396179117179	0
loo	H1395	H1395	chr22	ecDNA	0.0542395561933517	0.4300000071525574	0	0	0.0	0	0	-0.3757604509592057	0	0	0.131844532937437	0
loo	H1395	H1395	chr22	seismic_amplification	0.12906514108181	0.8299999833106995	0	0	0.0	0	0	-0.7009348422288895	0	0	0.13074456176894603	0
loo	H1395	H1395	chr3	BFB	0.1960023045539856	0.2599999904632568	0	0	0.0	0	0	-0.06399768590927118	0	0	0.32507058677275746	0
loo	H1395	H1395	chr3	chromothripsis	0.2804094851016998	0.6100000143051147	0	1	0.717014491558075	1	0	-0.329590529203415	1	0	0.8905165616813197	0
loo	H1395	H1395	chr3	ecDNA	0.1576879471540451	0.4300000071525574	0	0	0.0	0	0	-0.27231205999851227	0	0	0.2009513705559588	0
loo	H1395	H1395	chr3	seismic_amplification	0.3393787443637848	0.8299999833106995	0	0	0.0	0	0	-0.4906212389469147	0	0	0.29547179941055024	0
loo	H1395	H1395	chr4	BFB	0.0748757570981979	0.2599999904632568	0	0	0.0	0	0	-0.1851242333650589	0	0	0.21062727139865373	0
loo	H1395	H1395	chr4	chromothripsis	0.1458236873149871	0.6100000143051147	0	0	0.0	0	0	-0.4641763269901277	0	0	0.35911085863134284	0
loo	H1395	H1395	chr4	ecDNA	0.0473179891705513	0.4300000071525574	0	0	0.0	0	0	-0.3826820179820061	0	0	0.12802946605018128	0
loo	H1395	H1395	chr4	seismic_amplification	0.1211556494235992	0.8299999833106995	0	0	0.0	0	0	-0.7088443338871002	0	0	0.12642373198313203	0
loo	H1395	H1395	chr5	BFB	0.0650140941143035	0.2599999904632568	0	0	0.0	0	0	-0.19498589634895327	0	0	0.20274403204008024	0
loo	H1395	H1395	chr5	chromothripsis	0.143810361623764	0.6100000143051147	0	0	0.0	0	0	-0.4661896526813507	0	0	0.35685473338195006	0
loo	H1395	H1395	chr5	ecDNA	0.0891580209136009	0.4300000071525574	0	0	0.0	0	0	-0.34084198623895645	0	0	0.15258177602084105	0
loo	H1395	H1395	chr5	seismic_amplification	0.1239210441708564	0.8299999833106995	0	0	0.0	0	0	-0.7060789391398431	0	0	0.12792036211673505	0
loo	H1395	H1395	chr6	BFB	0.2152031809091568	0.2599999904632568	0	0	0.670831561088562	1	0	-0.04479680955409998	1	0	0.7934751572116517	0
loo	H1395	H1395	chr6	chromothripsis	0.2863087356090545	0.6100000143051147	0	0	0.0	0	0	-0.32369127869606024	0	0	0.5264115489711529	0
loo	H1395	H1395	chr6	ecDNA	0.1469763815402984	0.4300000071525574	0	0	0.5040752291679382	1	0	-0.28302362561225897	1	0	0.6034878757712623	0
loo	H1395	H1395	chr6	seismic_amplification	0.435136467218399	0.8299999833106995	0	0	0.0	0	0	-0.39486351609230047	0	0	0.4008164849374382	0
loo	H1395	H1395	chr7	BFB	0.1155279949307441	0.2599999904632568	0	0	0.4979089796543121	1	0	-0.14447199553251266	1	0	0.6736734525785206	0
loo	H1395	H1395	chr7	chromothripsis	0.2204084992408752	0.6100000143051147	0	0	0.0	0	0	-0.38959151506423956	0	0	0.44631561645367057	0
loo	H1395	H1395	chr7	ecDNA	0.0869884714484214	0.4300000071525574	0	0	0.0	0	0	-0.343011535704136	0	0	0.15121903198862904	0
loo	H1395	H1395	chr7	seismic_amplification	0.1614372283220291	0.8299999833106995	0	0	0.0	0	0	-0.6685627549886703	0	0	0.1497512572724205	0
loo	H1395	H1395	chr8	BFB	0.1528140753507614	0.2599999904632568	0	0	0.0	0	0	-0.10718591511249537	0	0	0.2806699693078668	0
loo	H1395	H1395	chr8	chromothripsis	0.14249087870121	0.6100000143051147	0	0	0.0	0	0	-0.4675091356039047	0	0	0.35537955519623976	0
loo	H1395	H1395	chr8	ecDNA	0.1113851517438888	0.4300000071525574	0	0	0.5342158675193787	1	0	-0.3186148554086686	1	0	0.5671038382355519	0
loo	H1395	H1395	chr8	seismic_amplification	0.20937579870224	0.8299999833106995	0	0	0.0	0	0	-0.6206241846084595	0	0	0.18200577986893013	0
loo	H1395	H1395	chr9	BFB	0.0685772448778152	0.2599999904632568	0	0	0.0	0	0	-0.1914227455854416	0	0	0.20556669561962354	0
loo	H1395	H1395	chr9	chromothripsis	0.2115193903446197	0.6100000143051147	0	0	0.0	0	0	-0.39848062396049505	0	0	0.43563178860056084	0
loo	H1395	H1395	chr9	ecDNA	0.0649637654423713	0.4300000071525574	0	0	0.0	0	0	-0.36503624171018606	0	0	0.1379456209584643	0
loo	H1395	H1395	chr9	seismic_amplification	0.1069381013512611	0.8299999833106995	0	0	0.0	0	0	-0.7230618819594383	0	0	0.11896401354897579	0
loo	H2009	H2009	chr1	BFB	0.271658718585968	0.2800000011920929	0	0	0.0	0	0	-0.008341282606124878	0	0	0.40359586081075405	0
loo	H2009	H2009	chr1	chromothripsis	0.4654557704925537	0.6000000238418579	0	1	0.7034478783607483	1	0	-0.1345442533493042	1	0	0.9539078357001194	1
loo	H2009	H2009	chr1	ecDNA	0.1664871722459793	0.2300000041723251	0	0	0.0	0	0	-0.0635128319263458	0	0	0.28139531221214925	0
loo	H2009	H2009	chr1	seismic_amplification	0.5376989841461182	0.7599999904632568	0	0	0.0	0	0	-0.22230100631713867	0	0	0.5625202480925464	0
loo	H2009	H2009	chr10	BFB	0.0846340209245681	0.2800000011920929	0	0	0.0	0	0	-0.19536598026752477	0	0	0.2137152516871696	0
loo	H2009	H2009	chr10	chromothripsis	0.167564257979393	0.6000000238418579	0	0	0.0	0	0	-0.4324357658624649	0	0	0.3896741910066824	0
loo	H2009	H2009	chr10	ecDNA	0.0708488374948501	0.2300000041723251	0	0	0.0	0	0	-0.159151166677475	0	0	0.19718136153937976	0
loo	H2009	H2009	chr10	seismic_amplification	0.1751927584409713	0.7599999904632568	0	0	0.0	0	0	-0.5848072320222856	0	0	0.17995622431494612	0
loo	H2009	H2009	chr11	BFB	0.1035473719239234	0.2800000011920929	0	0	0.0	0	0	-0.17645262926816951	0	0	0.22962516205344863	0
loo	H2009	H2009	chr11	chromothripsis	0.4045765995979309	0.6000000238418579	0	0	0.0	0	0	-0.195423424243927	0	0	0.6698023562290746	0
loo	H2009	H2009	chr11	ecDNA	0.0842474400997161	0.2300000041723251	0	0	0.0	0	0	-0.145752564072609	0	0	0.20773111535116076	0
loo	H2009	H2009	chr11	seismic_amplification	0.2252348959445953	0.7599999904632568	0	0	0.0	0	0	-0.5347650945186615	0	0	0.21881676033570582	0
loo	H2009	H2009	chr12	BFB	0.0891704931855201	0.2800000011920929	0	0	0.0	0	0	-0.19082950800657278	0	0	0.2174568079514241	0
loo	H2009	H2009	chr12	chromothripsis	0.1995348334312439	0.6000000238418579	0	0	0.0	0	0	-0.400465190410614	0	0	0.4273300673607329	0
loo	H2009	H2009	chr12	ecDNA	0.0691330283880233	0.2300000041723251	0	0	0.0	0	0	-0.1608669757843018	0	0	0.19585998254728185	0
loo	H2009	H2009	chr12	seismic_amplification	0.1814546138048172	0.7599999904632568	0	0	0.0	0	0	-0.5785453766584396	0	0	0.18450731521133285	0
loo	H2009	H2009	chr13	BFB	0.3728652000427246	0.2800000011920929	1	0	0.5533328056335449	1	1	0.09286519885063171	1	1	0.8814352226261704	0
loo	H2009	H2009	chr13	chromothripsis	0.6688549518585205	0.6000000238418579	1	0	0.0	0	1	0.0688549280166626	1	0	0.8804026011004753	0
loo	H2009	H2009	chr13	ecDNA	0.1855523437261581	0.2300000041723251	0	0	0.0	0	0	-0.04444766044616702	0	0	0.30057423100370756	0
loo	H2009	H2009	chr13	seismic_amplification	0.3825464248657226	0.7599999904632568	0	0	0.0	0	0	-0.37745356559753424	0	0	0.37629026962349094	0
loo	H2009	H2009	chr14	BFB	0.1054860576987266	0.2800000011920929	0	0	0.0	0	0	-0.1745139434933663	0	0	0.23130208947853717	0
loo	H2009	H2009	chr14	chromothripsis	0.2364014983177185	0.6000000238418579	0	0	0.0	0	0	-0.3635985255241394	0	0	0.4717939462224071	0
loo	H2009	H2009	chr14	ecDNA	0.0746505558490753	0.2300000041723251	0	0	0.0	0	0	-0.15534944832324982	0	0	0.20013306637155467	0
loo	H2009	H2009	chr14	seismic_amplification	0.178444817662239	0.7599999904632568	0	0	0.0	0	0	-0.5815551728010179	0	0	0.18230878171681303	0
loo	H2009	H2009	chr15	BFB	0.0719750300049781	0.2800000011920929	0	0	0.0	0	0	-0.2080249711871148	0	0	0.20352355768427532	0
loo	H2009	H2009	chr15	chromothripsis	0.2451006770133972	0.6000000238418579	0	0	0.0	0	0	-0.3548993468284607	0	0	0.48237833126300017	0
loo	H2009	H2009	chr15	ecDNA	0.0652046278119087	0.2300000041723251	0	0	0.0	0	0	-0.1647953763604164	0	0	0.19285989901493025	0
loo	H2009	H2009	chr15	seismic_amplification	0.2420446127653122	0.7599999904632568	0	0	0.0	0	0	-0.5179553776979446	0	0	0.23315351275637988	0
loo	H2009	H2009	chr16	BFB	0.1096482872962951	0.2800000011920929	0	0	0.0	0	0	-0.17035171389579779	0	0	0.23493118599892582	0
loo	H2009	H2009	chr16	chromothripsis	0.2680133581161499	0.6000000238418579	0	0	0.0	0	0	-0.331986665725708	0	0	0.5103074035335307	0
loo	H2009	H2009	chr16	ecDNA	0.0943634733557701	0.2300000041723251	0	0	0.0	0	0	-0.13563653081655502	0	0	0.21596832314993833	0
loo	H2009	H2009	chr16	seismic_amplification	0.2261455357074737	0.7599999904632568	0	0	0.0	0	0	-0.5338544547557831	0	0	0.21957690967353868	0
loo	H2009	H2009	chr17	BFB	0.1169943585991859	0.2800000011920929	0	0	0.0	0	0	-0.163005642592907	0	0	0.24143204084360198	0
loo	H2009	H2009	chr17	chromothripsis	0.3296718001365661	0.6000000238418579	0	0	0.0	0	0	-0.2703282237052918	0	0	0.5846666335364896	0
loo	H2009	H2009	chr17	ecDNA	0.0920647829771041	0.2300000041723251	0	0	0.0	0	0	-0.137935221195221	0	0	0.21407599841730615	0
loo	H2009	H2009	chr17	seismic_amplification	0.2207477837800979	0.7599999904632568	0	0	0.0	0	0	-0.5392522066831589	0	0	0.21509887745246656	0
loo	H2009	H2009	chr18	BFB	0.1145977303385734	0.2800000011920929	0	0	0.0	0	0	-0.1654022708535195	0	0	0.2392977611681223	0
loo	H2009	H2009	chr18	chromothripsis	0.4350831210613251	0.6000000238418579	0	0	0.732354998588562	1	0	-0.16491690278053284	1	0	0.9481137612982898	1
loo	H2009	H2009	chr18	ecDNA	0.083241581916809	0.2300000041723251	0	0	0.0	0	0	-0.1467584222555161	0	0	0.2069248748794342	0
loo	H2009	H2009	chr18	seismic_amplification	0.2153385877609253	0.7599999904632568	0	0	0.0	0	0	-0.5446614027023315	0	0	0.2106782333699061	0
loo	H2009	H2009	chr19	BFB	0.1191992759704589	0.2800000011920929	0	0	0.0	0	0	-0.160800725221634	0	0	0.24340702507888284	0
loo	H2009	H2009	chr19	chromothripsis	0.2748958170413971	0.6000000238418579	0	0	0.0	0	0	-0.3251042068004608	0	0	0.5186920518188874	0
loo	H2009	H2009	chr19	ecDNA	0.0788772478699684	0.2300000041723251	0	0	0.0	0	0	-0.15112275630235672	0	0	0.20345347501096417	0
loo	H2009	H2009	chr19	seismic_amplification	0.2175149321556091	0.7599999904632568	0	0	0.0	0	0	-0.5424850583076477	0	0	0.21244879024203644	0
loo	H2009	H2009	chr2	BFB	0.1306261122226715	0.2800000011920929	0	0	0.0	0	0	-0.1493738889694214	0	0	0.25381675883221216	0
loo	H2009	H2009	chr2	chromothripsis	0.4155118763446808	0.6000000238418579	0	0	0.0	0	0	-0.18448814749717712	0	0	0.6814895389429504	0
loo	H2009	H2009	chr2	ecDNA	0.0856900960206985	0.2300000041723251	0	0	0.0	0	0	-0.1443099081516266	0	0	0.20889151066857117	0
loo	H2009	H2009	chr2	seismic_amplification	0.2269165217876434	0.7599999904632568	0	0	0.0	0	0	-0.5330834686756134	0	0	0.22022196625978335	0
loo	H2009	H2009	chr20	BFB	0.1105961129069328	0.2800000011920929	0	0	0.0	0	0	-0.1694038882851601	0	0	0.23576309944579404	0
loo	H2009	H2009	chr20	chromothripsis	0.2143543809652328	0.6000000238418579	0	0	0.0	0	0	-0.3856456428766251	0	0	0.4451037215476088	0
loo	H2009	H2009	chr20	ecDNA	0.0943654403090477	0.2300000041723251	0	0	0.0	0	0	-0.1356345638632774	0	0	0.2159699475601397	0
loo	H2009	H2009	chr20	seismic_amplification	0.2435365915298462	0.7599999904632568	0	0	0.0	0	0	-0.5164633989334106	0	0	0.23445707585589756	0
loo	H2009	H2009	chr21	BFB	0.0703034177422523	0.2800000011920929	0	0	0.0	0	0	-0.2096965834498406	0	0	0.20220515190345606	0
loo	H2009	H2009	chr21	chromothripsis	0.2301385700702667	0.6000000238418579	0	0	0.0	0	0	-0.3698614537715912	0	0	0.46418889343789865	0
loo	H2009	H2009	chr21	ecDNA	0.0621975772082805	0.2300000041723251	0	0	0.0	0	0	-0.1678024269640446	0	0	0.1905871643211176	0
loo	H2009	H2009	chr21	seismic_amplification	0.2020120024681091	0.7599999904632568	0	0	0.0	0	0	-0.5579879879951477	0	0	0.2000728034895254	0
loo	H2009	H2009	chr22	BFB	0.0719838514924049	0.2800000011920929	0	0	0.0	0	0	-0.208016149699688	0	0	0.20353053216366052	0
loo	H2009	H2009	chr22	chromothripsis	0.2236208617687225	0.6000000238418579	0	0	0.0	0	0	-0.3763791620731354	0	0	0.45629215869757633	0
loo	H2009	H2009	chr22	ecDNA	0.0601317211985588	0.2300000041723251	0	0	0.0	0	0	-0.1698682829737663	0	0	0.18903768743704158	0
loo	H2009	H2009	chr22	seismic_amplification	0.1938642710447311	0.7599999904632568	0	0	0.0	0	0	-0.5661357194185257	0	0	0.1937886043469482	0
loo	H2009	H2009	chr3	BFB	0.1879365295171737	0.2800000011920929	0	0	0.0	0	0	-0.09206347167491918	0	0	0.3102736601686314	0
loo	H2009	H2009	chr3	chromothripsis	0.5020595192909241	0.6000000238418579	0	1	0.0	0	0	-0.09794050455093384	0	0	0.7654404322090294	0
loo	H2009	H2009	chr3	ecDNA	0.1118999794125557	0.2300000041723251	0	0	0.0	0	0	-0.11810002475976941	0	0	0.2308021443072575	0
loo	H2009	H2009	chr3	seismic_amplification	0.2405797243118286	0.7599999904632568	0	0	0.0	0	0	-0.5194202661514282	0	0	0.23187853468062952	0
loo	H2009	H2009	chr4	BFB	0.1304368078708648	0.2800000011920929	0	0	0.0	0	0	-0.14956319332122808	0	0	0.25364193345914876	0
loo	H2009	H2009	chr4	chromothripsis	0.392105370759964	0.6000000238418579	0	0	0.0	0	0	-0.20789465308189392	0	0	0.6562135815995063	0
loo	H2009	H2009	chr4	ecDNA	0.1068857535719871	0.2300000041723251	0	0	0.0	0	0	-0.12311425060033801	0	0	0.22648906613617575	0
loo	H2009	H2009	chr4	seismic_amplification	0.2614938914775848	0.7599999904632568	0	0	0.0	0	0	-0.49850609898567205	0	0	0.2505407888862103	0
loo	H2009	H2009	chr5	BFB	0.2017997503280639	0.2800000011920929	0	0	0.0	0	0	-0.07820025086402899	0	0	0.32492584574936273	0
loo	H2009	H2009	chr5	chromothripsis	0.3192011415958404	0.6000000238418579	0	0	0.0	0	0	-0.2807988822460175	0	0	0.5722145213093994	0
loo	H2009	H2009	chr5	ecDNA	0.1546876281499862	0.2300000041723251	0	0	0.0	0	0	-0.0753123760223389	0	0	0.26990581588491436	0
loo	H2009	H2009	chr5	seismic_amplification	0.3220335245132446	0.7599999904632568	0	0	0.0	0	0	-0.43796646595001226	0	0	0.30992669911228843	0
loo	H2009	H2009	chr6	BFB	0.1123529076576232	0.2800000011920929	0	0	0.0	0	0	-0.16764709353446972	0	0	0.23731043107801134	0
loo	H2009	H2009	chr6	chromothripsis	0.257659912109375	0.6000000238418579	0	0	0.0	0	0	-0.3423401117324829	0	0	0.4976847421804624	0
loo	H2009	H2009	chr6	ecDNA	0.0719342455267906	0.2300000041723251	0	0	0.0	0	0	-0.15806575864553452	0	0	0.19802072276078045	0
loo	H2009	H2009	chr6	seismic_amplification	0.1711257249116897	0.7599999904632568	0	0	0.0	0	0	-0.5888742655515671	0	0	0.17704754415448573	0
loo	H2009	H2009	chr7	BFB	0.0672010257840156	0.2800000011920929	0	0	0.0	0	0	-0.2127989754080773	0	0	0.19977520858401332	0
loo	H2009	H2009	chr7	chromothripsis	0.2180785089731216	0.6000000238418579	0	0	0.0	0	0	-0.3819215148687363	0	0	0.4495942324784803	0
loo	H2009	H2009	chr7	ecDNA	0.0541018806397914	0.2300000041723251	0	0	0.0	0	0	-0.1758981235325337	0	0	0.18457036744937744	0
loo	H2009	H2009	chr7	seismic_amplification	0.1796225309371948	0.7599999904632568	0	0	0.0	0	0	-0.580377459526062	0	0	0.18316661984960605	0
loo	H2009	H2009	chr8	BFB	0.182086780667305	0.2800000011920929	0	0	0.0	0	0	-0.0979132205247879	0	0	0.3042012382350844	0
loo	H2009	H2009	chr8	chromothripsis	0.4628522992134094	0.6000000238418579	0	0	0.0	0	0	-0.1371477246284485	0	0	0.7293875754622052	0
loo	H2009	H2009	chr8	ecDNA	0.115720696747303	0.2300000041723251	0	0	0.0	0	0	-0.11427930742502211	0	0	0.23412698683480127	0
loo	H2009	H2009	chr8	seismic_amplification	0.2490895241498947	0.7599999904632568	0	0	0.0	0	0	-0.5109104663133621	0	0	0.23935305986112412	0
loo	H2009	H2009	chr9	BFB	0.1089329198002815	0.2800000011920929	0	0	0.0	0	0	-0.1710670813918114	0	0	0.2343046510763255	0
loo	H2009	H2009	chr9	chromothripsis	0.3144185245037079	0.6000000238418579	0	0	0.0	0	0	-0.28558149933815	0	0	0.5664952619146592	0
loo	H2009	H2009	chr9	ecDNA	0.0744826719164848	0.2300000041723251	0	0	0.0	0	0	-0.1555173322558403	0	0	0.20000202274728368	0
loo	H2009	H2009	chr9	seismic_amplification	0.1886656731367111	0.7599999904632568	0	0	0.0	0	0	-0.5713343173265457	0	0	0.18985800939098876	0
loo	HCC1937	HCC1937	chr1	BFB	0.3169727921485901	0.3400000035762787	0	0	0.0	0	0	-0.0230272114276886	0	0	0.4310589640544852	0
loo	HCC1937	HCC1937	chr1	chromothripsis	0.5602807402610779	0.6200000047683716	0	0	0.0	0	0	-0.0597192645072937	0	0	0.8120998681156023	0
loo	HCC1937	HCC1937	chr1	ecDNA	0.227011576294899	0.3300000131130218	0	0	0.0	0	0	-0.10298843681812281	0	0	0.30321062962024037	0
loo	HCC1937	HCC1937	chr1	seismic_amplification	0.2501039505004883	0.800000011920929	0	0	0.0	0	0	-0.5498960614204407	0	0	0.22482707958522297	0
loo	HCC1937	HCC1937	chr10	BFB	0.3111978471279144	0.3400000035762787	0	0	0.0	0	0	-0.028802156448364313	0	0	0.42405215390935	0
loo	HCC1937	HCC1937	chr10	chromothripsis	0.2855400443077087	0.6200000047683716	0	0	0.0	0	0	-0.3344599604606629	0	0	0.5254059932928893	0
loo	HCC1937	HCC1937	chr10	ecDNA	0.2318166494369506	0.3300000131130218	0	0	0.0	0	0	-0.0981833636760712	0	0	0.30826678487022613	0
loo	HCC1937	HCC1937	chr10	seismic_amplification	0.175003781914711	0.800000011920929	0	0	0.0	0	0	-0.624996230006218	0	0	0.16658075908430717	0
loo	HCC1937	HCC1937	chr11	BFB	0.2257961332798004	0.3400000035762787	0	0	0.0	0	0	-0.1142038702964783	0	0	0.3252975187647401	0
loo	HCC1937	HCC1937	chr11	chromothripsis	0.4747710525989532	0.6200000047683716	0	0	0.0	0	0	-0.1452289521694184	0	0	0.7388126654626609	0
loo	HCC1937	HCC1937	chr11	ecDNA	0.2434218823909759	0.3300000131130218	0	0	0.0	0	0	-0.0865781307220459	0	0	0.32066815932151005	0
loo	HCC1937	HCC1937	chr11	seismic_amplification	0.3478013873100281	0.800000011920929	0	0	0.0	0	0	-0.4521986246109009	0	0	0.3200746622255793	0
loo	HCC1937	HCC1937	chr12	BFB	0.2352184802293777	0.3400000035762787	0	0	0.0	0	0	-0.104781523346901	0	0	0.3356319264709346	0
loo	HCC1937	HCC1937	chr12	chromothripsis	0.5792113542556763	0.6200000047683716	0	0	0.0	0	0	-0.04078865051269531	0	0	0.8260028712588695	0
loo	HCC1937	HCC1937	chr12	ecDNA	0.1788718700408935	0.3300000131130218	0	0	0.0	0	0	-0.1511281430721283	0	0	0.2552693165974756	0
loo	HCC1937	HCC1937	chr12	seismic_amplification	0.3070567548274994	0.800000011920929	0	0	0.0	0	0	-0.49294325709342957	0	0	0.2777968482560112	0
loo	HCC1937	HCC1937	chr13	BFB	0.4171539843082428	0.3400000035762787	1	0	0.0	0	1	0.07715398073196411	1	0	0.5545586341984756	0
loo	HCC1937	HCC1937	chr13	chromothripsis	0.7880107760429382	0.6200000047683716	1	0	0.0	0	1	0.16801077127456665	1	0	0.9303878833950958	1
loo	HCC1937	HCC1937	chr13	ecDNA	0.29958575963974	0.3300000131130218	0	0	0.0	0	0	-0.030414253473281805	0	0	0.3840777398714221	0
loo	HCC1937	HCC1937	chr13	seismic_amplification	0.2928630113601684	0.800000011920929	0	0	0.0	0	0	-0.5071370005607605	0	0	0.26390295270626046	0
loo	HCC1937	HCC1937	chr14	BFB	0.3188773095607757	0.3400000035762787	0	0	0.0	0	0	-0.021122694015502985	0	0	0.4333759474138131	0
loo	HCC1937	HCC1937	chr14	chromothripsis	0.6310862302780151	0.6200000047683716	1	1	0.0	0	1	0.011086225509643555	1	0	0.8599318760479729	0
loo	HCC1937	HCC1937	chr14	ecDNA	0.2388163357973098	0.3300000131130218	0	0	0.0	0	0	-0.091183677315712	0	0	0.3157150247858704	0
loo	HCC1937	HCC1937	chr14	seismic_amplification	0.2376578748226165	0.800000011920929	0	0	0.0	0	0	-0.5623421370983125	0	0	0.2142567866850442	0
loo	HCC1937	HCC1937	chr15	BFB	0.2703090012073517	0.3400000035762787	0	0	0.0	0	0	-0.069691002368927	0	0	0.37546004046079506	0
loo	HCC1937	HCC1937	chr15	chromothripsis	0.3883183002471924	0.6200000047683716	0	0	0.0	0	0	-0.2316817045211792	0	0	0.6482202133877007	0
loo	HCC1937	HCC1937	chr15	ecDNA	0.2161261439323425	0.3300000131130218	0	0	0.0	0	0	-0.1138738691806793	0	0	0.2919320558148278	0
loo	HCC1937	HCC1937	chr15	seismic_amplification	0.2589678466320038	0.800000011920929	0	0	0.0	0	0	-0.5410321652889252	0	0	0.23257774439397025	0
loo	HCC1937	HCC1937	chr16	BFB	0.1632361114025116	0.3400000035762787	0	0	0.0	0	0	-0.1767638921737671	0	0	0.2612142437690084	0
loo	HCC1937	HCC1937	chr16	chromothripsis	0.196998044848442	0.6200000047683716	0	0	0.0	0	0	-0.4230019599199296	0	0	0.4164832137755979	0
loo	HCC1937	HCC1937	chr16	ecDNA	0.0834401920437812	0.3300000131130218	0	0	0.0	0	0	-0.2465598210692406	0	0	0.17598396799323787	0
loo	HCC1937	HCC1937	chr16	seismic_amplification	0.1845240294933319	0.800000011920929	0	0	0.0	0	0	-0.615475982427597	0	0	0.17323651785341562	0
loo	HCC1937	HCC1937	chr17	BFB	0.1498555988073349	0.3400000035762787	0	0	0.0	0	0	-0.1901444047689438	0	0	0.24861742519945568	0
loo	HCC1937	HCC1937	chr17	chromothripsis	0.1832915544509887	0.6200000047683716	0	0	0.0	0	0	-0.4367084503173829	0	0	0.40006946042145797	0
loo	HCC1937	HCC1937	chr17	ecDNA	0.115764670073986	0.3300000131130218	0	0	0.0	0	0	-0.2142353430390358	0	0	0.20043921441376916	0
loo	HCC1937	HCC1937	chr17	seismic_amplification	0.2192842215299606	0.800000011920929	0	0	0.0	0	0	-0.5807157903909683	0	0	0.1993214891616098	0
loo	HCC1937	HCC1937	chr18	BFB	0.2632505297660827	0.3400000035762787	0	0	0.0	0	0	-0.07674947381019598	0	0	0.36729127378932097	0
loo	HCC1937	HCC1937	chr18	chromothripsis	0.3093761801719665	0.6200000047683716	0	0	0.0	0	0	-0.3106238245964051	0	0	0.5547488463259113	0
loo	HCC1937	HCC1937	chr18	ecDNA	0.2514269948005676	0.3300000131130218	0	0	0.0	0	0	-0.07857301831245417	0	0	0.32937386784605893	0
loo	HCC1937	HCC1937	chr18	seismic_amplification	0.1578370183706283	0.800000011920929	0	0	0.0	0	0	-0.6421629935503006	0	0	0.15509856082242668	0
loo	HCC1937	HCC1937	chr19	BFB	0.1769955456256866	0.3400000035762787	0	0	0.0	0	0	-0.1630044579505921	0	0	0.27459039757499143	0
loo	HCC1937	HCC1937	chr19	chromothripsis	0.1546704471111297	0.6200000047683716	0	0	0.0	0	0	-0.4653295576572419	0	0	0.36654628217074586	0
loo	HCC1937	HCC1937	chr19	ecDNA	0.1000731736421585	0.3300000131130218	0	0	0.0	0	0	-0.2299268394708633	0	0	0.1882623626840313	0
loo	HCC1937	HCC1937	chr19	seismic_amplification	0.2898081541061401	0.800000011920929	0	0	0.0	0	0	-0.5101918578147888	0	0	0.2609716112674103	0
loo	HCC1937	HCC1937	chr2	BFB	0.2993376851081848	0.3400000035762787	0	0	0.0	0	0	-0.04066231846809387	0	0	0.40976031799887713	0
loo	HCC1937	HCC1937	chr2	chromothripsis	0.5652748942375183	0.6200000047683716	0	0	0.0	0	0	-0.05472511053085327	0	0	0.8158486315174011	0
loo	HCC1937	HCC1937	chr2	ecDNA	0.1883570551872253	0.3300000131130218	0	0	0.0	0	0	-0.1416429579257965	0	0	0.26431088816237674	0
loo	HCC1937	HCC1937	chr2	seismic_amplification	0.3215711116790771	0.800000011920929	0	0	0.0	0	0	-0.47842890024185186	0	0	0.2924607097691893	0
loo	HCC1937	HCC1937	chr20	BFB	0.2262826859951019	0.3400000035762787	0	0	0.0	0	0	-0.11371731758117679	0	0	0.3258271337593497	0
loo	HCC1937	HCC1937	chr20	chromothripsis	0.2323123663663864	0.6200000047683716	0	0	0.0	0	0	-0.38768763840198517	0	0	0.45954869361617984	0
loo	HCC1937	HCC1937	chr20	ecDNA	0.1085490509867668	0.3300000131130218	0	0	0.0	0	0	-0.22145096212625498	0	0	0.19476785057983723	0
loo	HCC1937	HCC1937	chr20	seismic_amplification	0.1916314959526062	0.800000011920929	0	0	0.0	0	0	-0.6083685159683228	0	0	0.17834125968935147	0
loo	HCC1937	HCC1937	chr21	BFB	0.2246122658252716	0.3400000035762787	0	0	0.0	0	0	-0.11538773775100708	0	0	0.3240107387313441	0
loo	HCC1937	HCC1937	chr21	chromothripsis	0.5508863925933838	0.6200000047683716	0	0	0.0	0	0	-0.06911361217498779	0	0	0.8048898429618482	0
loo	HCC1937	HCC1937	chr21	ecDNA	0.2234266698360443	0.3300000131130218	0	0	0.0	0	0	-0.10657334327697748	0	0	0.2994690874569445	0
loo	HCC1937	HCC1937	chr21	seismic_amplification	0.2373053431510925	0.800000011920929	0	0	0.0	0	0	-0.5626946687698364	0	0	0.2139627165560589	0
loo	HCC1937	HCC1937	chr22	BFB	0.1026765257120132	0.3400000035762787	0	0	0.0	0	0	-0.2373234778642655	0	0	0.20752889068424518	0
loo	HCC1937	HCC1937	chr22	chromothripsis	0.1056994870305061	0.6200000047683716	0	0	0.0	0	0	-0.5143005177378654	0	0	0.3122049429838975	0
loo	HCC1937	HCC1937	chr22	ecDNA	0.052526269108057	0.3300000131130218	0	0	0.0	0	0	-0.2774737440049648	0	0	0.15485095144256666	0
loo	HCC1937	HCC1937	chr22	seismic_amplification	0.1684250831604004	0.800000011920929	0	0	0.0	0	0	-0.6315749287605286	0	0	0.16210210232660244	0
loo	HCC1937	HCC1937	chr3	BFB	0.1886702179908752	0.3400000035762787	0	0	0.0	0	0	-0.1513297855854035	0	0	0.28626784801574345	0
loo	HCC1937	HCC1937	chr3	chromothripsis	0.3263329863548279	0.6200000047683716	0	0	0.0	0	0	-0.2936670184135437	0	0	0.5754050910375802	0
loo	HCC1937	HCC1937	chr3	ecDNA	0.1141206845641136	0.3300000131130218	0	0	0.0	0	0	-0.21587932854890818	0	0	0.19913627190388639	0
loo	HCC1937	HCC1937	chr3	seismic_amplification	0.2509414255619049	0.800000011920929	0	0	0.0	0	0	-0.549058586359024	0	0	0.22555146448286767	0
loo	HCC1937	HCC1937	chr4	BFB	0.2318197786808014	0.3400000035762787	0	0	0.0	0	0	-0.1081802248954773	0	0	0.3318854051196265	0
loo	HCC1937	HCC1937	chr4	chromothripsis	0.3529635369777679	0.6200000047683716	0	0	0.0	0	0	-0.2670364677906037	0	0	0.607295289225547	0
loo	HCC1937	HCC1937	chr4	ecDNA	0.1244743168354034	0.3300000131130218	0	0	0.0	0	0	-0.2055256962776184	0	0	0.20744851609177875	0
loo	HCC1937	HCC1937	chr4	seismic_amplification	0.2051830887794494	0.800000011920929	0	0	0.0	0	0	-0.5948169231414795	0	0	0.1883991964848798	0
loo	HCC1937	HCC1937	chr5	BFB	0.3310826420783996	0.3400000035762787	0	0	0.0	0	0	-0.008917361497879084	0	0	0.44828963934401567	0
loo	HCC1937	HCC1937	chr5	chromothripsis	0.2766875028610229	0.6200000047683716	0	0	0.0	0	0	-0.3433125019073487	0	0	0.5144524548261742	0
loo	HCC1937	HCC1937	chr5	ecDNA	0.2008089870214462	0.3300000131130218	0	0	0.0	0	0	-0.1291910260915756	0	0	0.2764874762451541	0
loo	HCC1937	HCC1937	chr5	seismic_amplification	0.192927747964859	0.800000011920929	0	0	0.0	0	0	-0.60707226395607	0	0	0.17928485190086849	0
loo	HCC1937	HCC1937	chr6	BFB	0.336554080247879	0.3400000035762787	0	0	0.0	0	0	-0.0034459233283997137	0	0	0.45500715553855736	0
loo	HCC1937	HCC1937	chr6	chromothripsis	0.4644795656204223	0.6200000047683716	0	0	0.0	0	0	-0.15552043914794927	0	0	0.7288483459120297	0
loo	HCC1937	HCC1937	chr6	ecDNA	0.1698877066373825	0.3300000131130218	0	0	0.0	0	0	-0.1601123064756393	0	0	0.24689497169323754	0
loo	HCC1937	HCC1937	chr6	seismic_amplification	0.6123307943344116	0.800000011920929	0	0	0.0	0	0	-0.18766921758651733	0	0	0.6359782938511575	0
loo	HCC1937	HCC1937	chr7	BFB	0.2252844274044037	0.3400000035762787	0	0	0.0	0	0	-0.114715576171875	0	0	0.3247410058048583	0
loo	HCC1937	HCC1937	chr7	chromothripsis	0.4316705167293548	0.6200000047683716	0	0	0.0	0	0	-0.18832948803901678	0	0	0.6955380575777138	0
loo	HCC1937	HCC1937	chr7	ecDNA	0.1277050822973251	0.3300000131130218	0	0	0.0	0	0	-0.2022949308156967	0	0	0.21009413994591522	0
loo	HCC1937	HCC1937	chr7	seismic_amplification	0.2133773565292358	0.800000011920929	0	0	0.0	0	0	-0.5866226553916931	0	0	0.1946893033902693	0
loo	HCC1937	HCC1937	chr8	BFB	0.3305261135101318	0.3400000035762787	0	0	0.0	0	0	-0.009473890066146906	0	0	0.44760737990404525	0
loo	HCC1937	HCC1937	chr8	chromothripsis	0.450500339269638	0.6200000047683716	0	0	0.0	0	0	-0.16949966549873358	0	0	0.7149375072507056	0
loo	HCC1937	HCC1937	chr8	ecDNA	0.2165749222040176	0.3300000131130218	0	0	0.0	0	0	-0.11342509090900418	0	0	0.2923921470118148	0
loo	HCC1937	HCC1937	chr8	seismic_amplification	0.315335214138031	0.800000011920929	0	0	0.0	0	0	-0.48466479778289795	0	0	0.2861050635939801	0
loo	HCC1937	HCC1937	chr9	BFB	0.1697082668542862	0.3400000035762787	0	0	0.0	0	0	-0.1702917367219925	0	0	0.2674533357530839	0
loo	HCC1937	HCC1937	chr9	chromothripsis	0.2552788257598877	0.6200000047683716	0	0	0.0	0	0	-0.3647211790084839	0	0	0.48792595403532457	0
loo	HCC1937	HCC1937	chr9	ecDNA	0.104223683476448	0.3300000131130218	0	0	0.0	0	0	-0.2257763296365738	0	0	0.1914269299735935	0
loo	HCC1937	HCC1937	chr9	seismic_amplification	0.2609274685382843	0.800000011920929	0	0	0.0	0	0	-0.5390725433826447	0	0	0.23431616800157248	0
loo	HCC1954	HCC1954	chr1	BFB	0.3682639002799988	0.4399999976158142	0	0	0.0	0	0	-0.07173609733581543	0	0	0.44924351166405524	0
loo	HCC1954	HCC1954	chr1	chromothripsis	0.6716946959495544	0.699999988079071	0	0	0.0	0	0	-0.0283052921295166	0	0	0.865723841138887	0
loo	HCC1954	HCC1954	chr1	ecDNA	0.2099998742341995	0.2300000041723251	0	0	0.0	0	0	-0.02000012993812561	0	0	0.3346155911845312	0
loo	HCC1954	HCC1954	chr1	seismic_amplification	0.2810560464859009	0.7900000214576721	0	0	0.0	0	0	-0.5089439749717712	0	0	0.20911169274199035	0
loo	HCC1954	HCC1954	chr10	BFB	0.1586005985736847	0.4399999976158142	0	0	0.0	0	0	-0.2813993990421295	0	0	0.22698184613289552	0
loo	HCC1954	HCC1954	chr10	chromothripsis	0.7484714984893799	0.699999988079071	1	0	0.0	0	1	0.04847151041030884	1	0	0.903593542336832	1
loo	HCC1954	HCC1954	chr10	ecDNA	0.1312921494245529	0.2300000041723251	0	0	0.0	0	0	-0.09870785474777222	0	0	0.2552260503759434	0
loo	HCC1954	HCC1954	chr10	seismic_amplification	0.2246502637863159	0.7900000214576721	0	0	0.0	0	0	-0.5653497576713562	0	0	0.16726197672423418	0
loo	HCC1954	HCC1954	chr11	BFB	0.4588013291358948	0.4399999976158142	1	0	0.6841363310813904	1	1	0.018801331520080566	1	1	0.9063651863597664	1
loo	HCC1954	HCC1954	chr11	chromothripsis	0.6338035464286804	0.699999988079071	0	0	0.0	0	0	-0.06619644165039062	0	0	0.8427748546890172	0
loo	HCC1954	HCC1954	chr11	ecDNA	0.246523767709732	0.2300000041723251	1	0	0.0	0	1	0.016523763537406894	1	0	0.3753344460522316	0
loo	HCC1954	HCC1954	chr11	seismic_amplification	0.6822984218597412	0.7900000214576721	0	0	0.0	0	0	-0.10770159959793091	0	0	0.6513538664138445	0
loo	HCC1954	HCC1954	chr12	BFB	0.2715736627578735	0.4399999976158142	0	0	0.0	0	0	-0.16842633485794073	0	0	0.33739909291345405	0
loo	HCC1954	HCC1954	chr12	chromothripsis	0.5394105911254883	0.699999988079071	0	0	0.0	0	0	-0.16058939695358276	0	0	0.771894062077547	0
loo	HCC1954	HCC1954	chr12	ecDNA	0.2100336998701095	0.2300000041723251	0	0	0.0	0	0	-0.019966304302215604	0	0	0.33465229232992294	0
loo	HCC1954	HCC1954	chr12	seismic_amplification	0.5751822590827942	0.7900000214576721	0	0	0.0	0	0	-0.21481776237487793	0	0	0.5257299029776014	0
loo	HCC1954	HCC1954	chr13	BFB	0.0868137031793594	0.4399999976158142	0	0	0.0	0	0	-0.35318629443645483	0	0	0.17146848958567623	0
loo	HCC1954	HCC1954	chr13	chromothripsis	0.2320086807012558	0.699999988079071	0	0	0.0	0	0	-0.46799130737781525	0	0	0.43070995641615956	0
loo	HCC1954	HCC1954	chr13	ecDNA	0.1284279525279998	0.2300000041723251	0	0	0.0	0	0	-0.10157205164432531	0	0	0.2525820157723134	0
loo	HCC1954	HCC1954	chr13	seismic_amplification	0.1735169440507888	0.7900000214576721	0	0	0.0	0	0	-0.6164830774068834	0	0	0.1353648096158096	0
loo	HCC1954	HCC1954	chr14	BFB	0.0739448219537735	0.4399999976158142	0	0	0.0	0	0	-0.3660551756620407	0	0	0.16274196951850706	0
loo	HCC1954	HCC1954	chr14	chromothripsis	0.3864726424217224	0.699999988079071	0	0	0.0	0	0	-0.31352734565734863	0	0	0.6162731206804491	0
loo	HCC1954	HCC1954	chr14	ecDNA	0.0827043205499649	0.2300000041723251	0	0	0.0	0	0	-0.1472956836223602	0	0	0.21287143304721676	0
loo	HCC1954	HCC1954	chr14	seismic_amplification	0.1881048828363418	0.7900000214576721	0	0	0.0	0	0	-0.6018951386213303	0	0	0.14390276437569385	0
loo	HCC1954	HCC1954	chr15	BFB	0.6373657584190369	0.4399999976158142	1	0	0.0	0	1	0.19736576080322266	1	0	0.7516861878489399	0
loo	HCC1954	HCC1954	chr15	chromothripsis	0.3997126817703247	0.699999988079071	0	0	0.0	0	0	-0.30028730630874634	0	0	0.6314119525310615	0
loo	HCC1954	HCC1954	chr15	ecDNA	0.4202615916728973	0.2300000041723251	1	0	0.0	0	1	0.19026158750057218	1	0	0.5835195379486372	0
loo	HCC1954	HCC1954	chr15	seismic_amplification	0.3698431551456451	0.7900000214576721	0	0	0.0	0	0	-0.42015686631202703	0	0	0.28953940812644147	0
loo	HCC1954	HCC1954	chr16	BFB	0.0746226534247398	0.4399999976158142	0	0	0.0	0	0	-0.3653773441910744	0	0	0.16319254475073708	0
loo	HCC1954	HCC1954	chr16	chromothripsis	0.3402296900749206	0.699999988079071	0	0	0.0	0	0	-0.35977029800415045	0	0	0.5617860596340442	0
loo	HCC1954	HCC1954	chr16	ecDNA	0.0970681607723236	0.2300000041723251	0	0	0.0	0	0	-0.13293184340000153	0	0	0.22483534026893146	0
loo	HCC1954	HCC1954	chr16	seismic_amplification	0.154968574643135	0.7900000214576721	0	0	0.0	0	0	-0.6350314468145372	0	0	0.12513003094629416	0
loo	HCC1954	HCC1954	chr17	BFB	0.2812749445438385	0.4399999976158142	0	0	0.891945481300354	1	0	-0.1587250530719757	1	0	0.8291850340732868	0
loo	HCC1954	HCC1954	chr17	chromothripsis	0.5205532312393188	0.699999988079071	0	0	0.0	0	0	-0.1794467568397522	0	0	0.7553114201612444	0
loo	HCC1954	HCC1954	chr17	ecDNA	0.1850071251392364	0.2300000041723251	0	0	0.6133511662483215	1	0	-0.04499287903308871	1	0	0.7620252725063892	0
loo	HCC1954	HCC1954	chr17	seismic_amplification	0.2777639925479889	0.7900000214576721	0	0	0.0	0	0	-0.5122360289096832	0	0	0.2064709127775755	0
loo	HCC1954	HCC1954	chr18	BFB	0.1201972141861915	0.4399999976158142	0	0	0.0	0	0	-0.3198027834296227	0	0	0.19582822415039372	0
loo	HCC1954	HCC1954	chr18	chromothripsis	0.3889731168746948	0.699999988079071	0	0	0.0	0	0	-0.3110268712043762	0	0	0.619150523419962	0
loo	HCC1954	HCC1954	chr18	ecDNA	0.1152556538581848	0.2300000041723251	0	0	0.0	0	0	-0.1147443503141403	0	0	0.24065750191620525	0
loo	HCC1954	HCC1954	chr18	seismic_amplification	0.157208576798439	0.7900000214576721	0	0	0.0	0	0	-0.6327914446592331	0	0	0.12632989750265866	0
loo	HCC1954	HCC1954	chr19	BFB	0.2596211433410644	0.4399999976158142	0	0	0.0	0	0	-0.1803788542747498	0	0	0.3245034482582777	0
loo	HCC1954	HCC1954	chr19	chromothripsis	0.6264985799789429	0.699999988079071	0	0	0.0	0	0	-0.07350140810012817	0	0	0.8380002190046505	0
loo	HCC1954	HCC1954	chr19	ecDNA	0.1627736240625381	0.2300000041723251	0	0	0.0	0	0	-0.06722638010978702	0	0	0.2854635694293358	0
loo	HCC1954	HCC1954	chr19	seismic_amplification	0.3501124083995819	0.7900000214576721	0	1	0.0	0	0	-0.4398876130580902	0	0	0.27016778775750827	0
loo	HCC1954	HCC1954	chr2	BFB	0.0794844627380371	0.4399999976158142	0	0	0.0	0	0	-0.3605155348777771	0	0	0.16645380701378945	0
loo	HCC1954	HCC1954	chr2	chromothripsis	0.5760795474052429	0.699999988079071	0	0	0.0	0	0	-0.12392044067382812	0	0	0.8018230606126293	0
loo	HCC1954	HCC1954	chr2	ecDNA	0.0870493352413177	0.2300000041723251	0	0	0.0	0	0	-0.1429506689310074	0	0	0.21644078496452843	0
loo	HCC1954	HCC1954	chr2	seismic_amplification	0.2307999283075332	0.7900000214576721	0	0	0.0	0	0	-0.5592000931501389	0	0	0.17147777188006003	0
loo	HCC1954	HCC1954	chr20	BFB	0.5796005725860596	0.4399999976158142	1	0	0.0	0	1	0.13960057497024536	1	0	0.6955363528040898	0
loo	HCC1954	HCC1954	chr20	chromothripsis	0.5244985818862915	0.699999988079071	0	0	0.0	0	0	-0.17550140619277954	0	0	0.7588472267019536	0
loo	HCC1954	HCC1954	chr20	ecDNA	0.3373246192932129	0.2300000041723251	1	0	0.0	0	1	0.10732461512088778	1	0	0.48327633339961673	0
loo	HCC1954	HCC1954	chr20	seismic_amplification	0.563851535320282	0.7900000214576721	0	0	0.0	0	0	-0.22614848613739014	0	0	0.5119465127420753	0
loo	HCC1954	HCC1954	chr21	BFB	0.1421535909175872	0.4399999976158142	0	0	0.0	0	0	-0.29784640669822704	0	0	0.2132274134553476	0
loo	HCC1954	HCC1954	chr21	chromothripsis	0.7556108236312866	0.699999988079071	1	0	0.766129732131958	1	1	0.055610835552215576	1	1	0.9875583552911229	1
loo	HCC1954	HCC1954	chr21	ecDNA	0.1030251309275627	0.2300000041723251	0	0	0.0	0	0	-0.12697487324476242	0	0	0.22993497626637574	0
loo	HCC1954	HCC1954	chr21	seismic_amplification	0.6787593364715576	0.7900000214576721	0	1	0.8286557197570801	1	0	-0.1112406849861145	1	0	0.9405857931258053	1
loo	HCC1954	HCC1954	chr22	BFB	0.2348194122314453	0.4399999976158142	0	0	0.0	0	0	-0.2051805853843689	0	0	0.2985918086386807	0
loo	HCC1954	HCC1954	chr22	chromothripsis	0.7414831519126892	0.699999988079071	1	0	0.0	0	1	0.041483163833618164	1	0	0.9005859109923929	1
loo	HCC1954	HCC1954	chr22	ecDNA	0.1400640606880188	0.2300000041723251	0	0	0.0	0	0	-0.08993594348430631	0	0	0.2634361406044478	0
loo	HCC1954	HCC1954	chr22	seismic_amplification	0.3536058366298675	0.7900000214576721	0	0	0.0	0	0	-0.4363941848278046	0	0	0.27353758260193745	0
loo	HCC1954	HCC1954	chr3	BFB	0.1024293005466461	0.4399999976158142	0	0	0.0	0	0	-0.3375706970691681	0	0	0.1825509312193952	0
loo	HCC1954	HCC1954	chr3	chromothripsis	0.6126796007156372	0.699999988079071	0	0	0.0	0	0	-0.08732038736343384	0	0	0.8286489842185356	0
loo	HCC1954	HCC1954	chr3	ecDNA	0.1047025471925735	0.2300000041723251	0	0	0.0	0	0	-0.1252974569797516	0	0	0.2313855294943863	0
loo	HCC1954	HCC1954	chr3	seismic_amplification	0.1890723705291748	0.7900000214576721	0	0	0.0	0	0	-0.6009276509284973	0	0	0.14448455889837952	0
loo	HCC1954	HCC1954	chr4	BFB	0.117342934012413	0.4399999976158142	0	0	0.0	0	0	-0.3226570636034012	0	0	0.1936470856837678	0
loo	HCC1954	HCC1954	chr4	chromothripsis	0.7222469449043274	0.699999988079071	1	0	0.0	0	1	0.022246956825256348	1	0	0.8918725152725342	1
loo	HCC1954	HCC1954	chr4	ecDNA	0.0987938344478607	0.2300000041723251	0	0	0.0	0	0	-0.13120616972446442	0	0	0.2263043469374903	0
loo	HCC1954	HCC1954	chr4	seismic_amplification	0.654239296913147	0.7900000214576721	0	0	0.0	0	0	-0.13576072454452515	0	0	0.6196967792298768	0
loo	HCC1954	HCC1954	chr5	BFB	0.2536303400993347	0.4399999976158142	0	0	0.0	0	0	-0.1863696575164795	0	0	0.31813724553898276	0
loo	HCC1954	HCC1954	chr5	chromothripsis	0.6921715140342712	0.699999988079071	0	0	0.0	0	0	-0.007828474044799805	0	0	0.8769061016343952	1
loo	HCC1954	HCC1954	chr5	ecDNA	0.1561191380023956	0.2300000041723251	0	0	0.0	0	0	-0.0738808661699295	0	0	0.27889540660225903	0
loo	HCC1954	HCC1954	chr5	seismic_amplification	0.6970826387405396	0.7900000214576721	0	0	0.0	0	0	-0.09291738271713257	0	0	0.6675312175627882	0
loo	HCC1954	HCC1954	chr6	BFB	0.216480404138565	0.4399999976158142	0	0	0.0	0	0	-0.2235195934772492	0	0	0.2802181224360706	0
loo	HCC1954	HCC1954	chr6	chromothripsis	0.7554522156715393	0.699999988079071	1	0	0.0	0	1	0.05545222759246826	1	0	0.9065164763416409	1
loo	HCC1954	HCC1954	chr6	ecDNA	0.1268634349107742	0.2300000041723251	0	0	0.0	0	0	-0.1031365692615509	0	0	0.2511454388092843	0
loo	HCC1954	HCC1954	chr6	seismic_amplification	0.1934320032596588	0.7900000214576721	0	0	0.0	0	0	-0.5965680181980133	0	0	0.14713048899697423	0
loo	HCC1954	HCC1954	chr7	BFB	0.0905162915587425	0.4399999976158142	0	0	0.0	0	0	-0.3494837060570717	0	0	0.17404701831161806	0
loo	HCC1954	HCC1954	chr7	chromothripsis	0.35219806432724	0.699999988079071	0	0	0.0	0	0	-0.34780192375183105	0	0	0.5760885117788629	0
loo	HCC1954	HCC1954	chr7	ecDNA	0.1237213164567947	0.2300000041723251	0	0	0.0	0	0	-0.10627868771553041	0	0	0.24827671856237396	0
loo	HCC1954	HCC1954	chr7	seismic_amplification	0.1824635565280914	0.7900000214576721	0	0	0.0	0	0	-0.6075364649295807	0	0	0.14054910763720047	0
loo	HCC1954	HCC1954	chr8	BFB	0.4441279172897339	0.4399999976158142	1	0	0.0	0	1	0.004127919673919678	1	0	0.5413958504502878	0
loo	HCC1954	HCC1954	chr8	chromothripsis	0.6980933547019958	0.699999988079071	0	0	0.0	0	0	-0.0019066333770751953	0	0	0.879987312346664	1
loo	HCC1954	HCC1954	chr8	ecDNA	0.2318368852138519	0.2300000041723251	1	0	0.0	0	1	0.0018368810415267944	1	0	0.3587096169885486	0
loo	HCC1954	HCC1954	chr8	seismic_amplification	0.8587990403175354	0.7900000214576721	1	1	0.9146751165390016	1	1	0.06879901885986328	1	1	0.9761474477328348	1
loo	HCC1954	HCC1954	chr9	BFB	0.3363949060440063	0.4399999976158142	0	0	0.0	0	0	-0.10360509157180792	0	0	0.4111949637440775	0
loo	HCC1954	HCC1954	chr9	chromothripsis	0.5493052005767822	0.699999988079071	0	1	0.0	0	0	-0.15069478750228882	0	0	0.7802723703960868	0
loo	HCC1954	HCC1954	chr9	ecDNA	0.2331354320049286	0.2300000041723251	1	0	0.0	0	1	0.0031354278326034823	1	0	0.36016656945097303	0
loo	HCC1954	HCC1954	chr9	seismic_amplification	0.603706955909729	0.7900000214576721	0	1	0.0	0	0	-0.18629306554794312	0	0	0.5602098010852743	0
loo	HOS	HOS	chr1	BFB	0.2473377734422683	0.5199999809265137	0	0	0.0	0	0	-0.2726622074842454	0	0	0.2674632934172134	0
loo	HOS	HOS	chr1	chromothripsis	0.3480498790740967	0.699999988079071	0	0	0.6838611364364624	1	0	-0.35195010900497437	1	0	0.9102125567510712	0
loo	HOS	HOS	chr1	ecDNA	0.0904116109013557	0.3899999856948852	0	0	0.0	0	0	-0.2995883747935295	0	0	0.16196277779326496	0
loo	HOS	HOS	chr1	seismic_amplification	0.0874906256794929	0.8399999737739563	0	0	0.0	0	0	-0.7525093480944633	0	0	0.10654985195047689	0
loo	HOS	HOS	chr10	BFB	0.1076872795820236	0.5199999809265137	0	0	0.0	0	0	-0.41231270134449005	0	0	0.1546842073781953	0
loo	HOS	HOS	chr10	chromothripsis	0.1095205694437027	0.699999988079071	0	0	0.0	0	0	-0.5904794186353683	0	0	0.28728068311961835	0
loo	HOS	HOS	chr10	ecDNA	0.0365914814174175	0.3899999856948852	0	0	0.0	0	0	-0.3534085042774677	0	0	0.12898961569269107	0
loo	HOS	HOS	chr10	seismic_amplification	0.0484171845018863	0.8399999737739563	0	0	0.0	0	0	-0.79158278927207	0	0	0.08949979449433325	0
loo	HOS	HOS	chr11	BFB	0.3923989832401275	0.5199999809265137	0	0	0.6673919558525085	1	0	-0.12760099768638616	1	0	0.850817398001004	0
loo	HOS	HOS	chr11	chromothripsis	0.7142623662948608	0.699999988079071	1	0	0.0	0	1	0.014262378215789795	1	0	0.8892182570777101	0
loo	HOS	HOS	chr11	ecDNA	0.3151631951332092	0.3899999856948852	0	0	0.0	0	0	-0.07483679056167603	0	0	0.37006396225919014	0
loo	HOS	HOS	chr11	seismic_amplification	0.9057260155677797	0.8399999737739563	1	0	0.0	0	1	0.06572604179382335	1	0	0.8722494607178537	0
loo	HOS	HOS	chr12	BFB	0.2186444252729416	0.5199999809265137	0	0	0.0	0	0	-0.3013555556535721	0	0	0.24058676275917748	0
loo	HOS	HOS	chr12	chromothripsis	0.7415530681610107	0.699999988079071	1	0	0.7064764499664307	1	1	0.0415530800819397	1	1	0.9863718296759226	1
loo	HOS	HOS	chr12	ecDNA	0.1160136610269546	0.3899999856948852	0	0	0.0	0	0	-0.2739863246679306	0	0	0.17989586440156408	0
loo	HOS	HOS	chr12	seismic_amplification	0.53485107421875	0.8399999737739563	0	0	0.0	0	0	-0.3051488995552063	0	0	0.5215941531878517	0
loo	HOS	HOS	chr13	BFB	0.0733850002288818	0.5199999809265137	0	0	0.0	0	0	-0.4466149806976319	0	0	0.13377286128631094	0
loo	HOS	HOS	chr13	chromothripsis	0.139922484755516	0.699999988079071	0	0	0.0	0	0	-0.560077503323555	0	0	0.319028026848044	0
loo	HOS	HOS	chr13	ecDNA	0.0310596637427806	0.3899999856948852	0	0	0.0	0	0	-0.3589403219521046	0	0	0.1259463626288113	0
loo	HOS	HOS	chr13	seismic_amplification	0.0607308112084865	0.8399999737739563	0	0	0.0	0	0	-0.7792691625654697	0	0	0.09458903765680142	0
loo	HOS	HOS	chr14	BFB	0.077099934220314	0.5199999809265137	0	0	0.0	0	0	-0.44290004670619965	0	0	0.13591662538015592	0
loo	HOS	HOS	chr14	chromothripsis	0.0844928696751594	0.699999988079071	0	0	0.0	0	0	-0.6155071184039116	0	0	0.2626133319724936	0
loo	HOS	HOS	chr14	ecDNA	0.0441715754568576	0.3899999856948852	0	0	0.0	0	0	-0.3458284102380276	0	0	0.1332612182967734	0
loo	HOS	HOS	chr14	seismic_amplification	0.0557567998766899	0.8399999737739563	0	0	0.0	0	0	-0.7842431738972664	0	0	0.09250278539098765	0
loo	HOS	HOS	chr15	BFB	0.1073048710823059	0.5199999809265137	0	0	0.0	0	0	-0.41269510984420776	0	0	0.15443702668906228	0
loo	HOS	HOS	chr15	chromothripsis	0.525364100933075	0.699999988079071	0	0	0.0	0	0	-0.1746358871459961	0	0	0.7592146707756344	0
loo	HOS	HOS	chr15	ecDNA	0.0314617045223712	0.3899999856948852	0	0	0.0	0	0	-0.358538281172514	0	0	0.126165452665806	0
loo	HOS	HOS	chr15	seismic_amplification	0.0386171340942382	0.8399999737739563	0	0	0.0	0	0	-0.8013828396797181	0	0	0.08562725996927156	0
loo	HOS	HOS	chr16	BFB	0.1383160650730133	0.5199999809265137	0	0	0.0	0	0	-0.38168391585350037	0	0	0.1755465229852993	0
loo	HOS	HOS	chr16	chromothripsis	0.186611607670784	0.699999988079071	0	0	0.0	0	0	-0.513388380408287	0	0	0.3711490981906828	0
loo	HOS	HOS	chr16	ecDNA	0.0925301387906074	0.3899999856948852	0	0	0.0	0	0	-0.2974698469042778	0	0	0.16339021064012055	0
loo	HOS	HOS	chr16	seismic_amplification	0.1008721962571144	0.8399999737739563	0	0	0.0	0	0	-0.7391277775168419	0	0	0.11301731242133195	0
loo	HOS	HOS	chr17	BFB	0.4604619443416595	0.5199999809265137	0	1	0.707856297492981	1	0	-0.05953803658485418	1	0	0.8920634228207057	0
loo	HOS	HOS	chr17	chromothripsis	0.5349785685539246	0.699999988079071	0	0	0.6643810272216797	1	0	-0.16502141952514648	1	0	0.9617417146129743	1
loo	HOS	HOS	chr17	ecDNA	0.1847948431968689	0.3899999856948852	0	0	0.0	0	0	-0.2052051424980163	0	0	0.23562427285395127	0
loo	HOS	HOS	chr17	seismic_amplification	0.1000434607267379	0.8399999737739563	0	0	0.0	0	0	-0.7399565130472184	0	0	0.11260702064366408	0
loo	HOS	HOS	chr18	BFB	0.1978139728307724	0.5199999809265137	0	0	0.0	0	0	-0.32218600809574127	0	0	0.222266818419982	0
loo	HOS	HOS	chr18	chromothripsis	0.3163131773471832	0.699999988079071	0	0	0.0	0	0	-0.3836868107318878	0	0	0.5285414235534294	0
loo	HOS	HOS	chr18	ecDNA	0.0493312291800975	0.3899999856948852	0	0	0.0	0	0	-0.3406687565147877	0	0	0.13623684700464705	0
loo	HOS	HOS	chr18	seismic_amplification	0.0464237965643405	0.8399999737739563	0	0	0.0	0	0	-0.7935761772096158	0	0	0.08869951476884799	0
loo	HOS	HOS	chr19	BFB	0.1412470340728759	0.5199999809265137	0	0	0.0	0	0	-0.3787529468536378	0	0	0.17765474081587695	0
loo	HOS	HOS	chr19	chromothripsis	0.1752272844314575	0.699999988079071	0	0	0.0	0	0	-0.5247727036476135	0	0	0.3581037621436732	0
loo	HOS	HOS	chr19	ecDNA	0.0497514307498931	0.3899999856948852	0	0	0.0	0	0	-0.3402485549449921	0	0	0.13648162987970178	0
loo	HOS	HOS	chr19	seismic_amplification	0.0600290335714817	0.8399999737739563	0	0	0.0	0	0	-0.7799709402024746	0	0	0.09429215786606894	0
loo	HOS	HOS	chr2	BFB	0.305038571357727	0.5199999809265137	0	0	0.0	0	0	-0.21496140956878668	0	0	0.3269287304562826	0
loo	HOS	HOS	chr2	chromothripsis	0.6998239755630493	0.699999988079071	0	0	0.6798381209373474	1	0	-0.00017601251602172852	1	0	0.9829248038334967	1
loo	HOS	HOS	chr2	ecDNA	0.1458274573087692	0.3899999856948852	0	0	0.0	0	0	-0.244172528386116	0	0	0.20268826176544094	0
loo	HOS	HOS	chr2	seismic_amplification	0.1761036664247512	0.8399999737739563	0	0	0.0	0	0	-0.6638963073492051	0	0	0.156019901423051	0
loo	HOS	HOS	chr20	BFB	0.4624546766281128	0.5199999809265137	0	0	0.0	0	0	-0.05754530429840088	0	0	0.5141371396783083	0
loo	HOS	HOS	chr20	chromothripsis	0.5729204416275024	0.699999988079071	0	0	0.71277916431427	1	0	-0.1270795464515686	1	0	0.9693228256163071	1
loo	HOS	HOS	chr20	ecDNA	0.2290601581335067	0.3899999856948852	0	0	0.0	0	0	-0.1609398275613785	0	0	0.27730712398472485	0
loo	HOS	HOS	chr20	seismic_amplification	0.1587707996368408	0.8399999737739563	0	0	0.0	0	0	-0.6812291741371155	0	0	0.14505999298993802	0
loo	HOS	HOS	chr21	BFB	0.307848572731018	0.5199999809265137	0	0	0.0	0	0	-0.21215140819549566	0	0	0.32999468320856173	0
loo	HOS	HOS	chr21	chromothripsis	0.2005358636379242	0.699999988079071	0	0	0.0	0	0	-0.49946412444114685	0	0	0.3873624279453366	0
loo	HOS	HOS	chr21	ecDNA	0.1870213598012924	0.3899999856948852	0	0	0.0	0	0	-0.2029786258935928	0	0	0.23761366597898978	0
loo	HOS	HOS	chr21	seismic_amplification	0.160134270787239	0.8399999737739563	0	0	0.0	0	0	-0.6798657029867173	0	0	0.1458984373820221	0
loo	HOS	HOS	chr22	BFB	0.107363648712635	0.5199999809265137	0	0	0.0	0	0	-0.4126363322138787	0	0	0.15447499828570851	0
loo	HOS	HOS	chr22	chromothripsis	0.1404814422130584	0.699999988079071	0	0	0.0	0	0	-0.5595185458660127	0	0	0.3196290063807447	0
loo	HOS	HOS	chr22	ecDNA	0.0420963987708091	0.3899999856948852	0	0	0.0	0	0	-0.3479035869240761	0	0	0.13208003531434498	0
loo	HOS	HOS	chr22	seismic_amplification	0.0669873803853988	0.8399999737739563	0	0	0.0	0	0	-0.7730125933885575	0	0	0.09727300360948296	0
loo	HOS	HOS	chr3	BFB	0.0829946175217628	0.5199999809265137	0	0	0.0	0	0	-0.4370053634047509	0	0	0.13937760113463318	0
loo	HOS	HOS	chr3	chromothripsis	0.1106407046318054	0.699999988079071	0	0	0.0	0	0	-0.5893592834472656	0	0	0.2884165102206966	0
loo	HOS	HOS	chr3	ecDNA	0.0277737844735384	0.3899999856948852	0	0	0.0	0	0	-0.3622262012213468	0	0	0.12416792296770353	0
loo	HOS	HOS	chr3	seismic_amplification	0.0448721647262573	0.8399999737739563	0	0	0.0	0	0	-0.795127809047699	0	0	0.08808106230552697	0
loo	HOS	HOS	chr4	BFB	0.1336265951395034	0.5199999809265137	0	0	0.0	0	0	-0.3863733857870103	0	0	0.1722144678286951	0
loo	HOS	HOS	chr4	chromothripsis	0.6323290467262268	0.699999988079071	0	0	0.0	0	0	-0.06767094135284424	0	0	0.8425719234841432	0
loo	HOS	HOS	chr4	ecDNA	0.048102993518114	0.3899999856948852	0	0	0.0	0	0	-0.3418969921767712	0	0	0.13552347406943718	0
loo	HOS	HOS	chr4	seismic_amplification	0.0538879111409187	0.8399999737739563	0	0	0.0	0	0	-0.7861120626330376	0	0	0.0917296540888377	0
loo	HOS	HOS	chr5	BFB	0.161935418844223	0.5199999809265137	0	0	0.0	0	0	-0.35806456208229065	0	0	0.19310158228231025	0
loo	HOS	HOS	chr5	chromothripsis	0.354941576719284	0.699999988079071	0	0	0.0	0	0	-0.34505841135978704	0	0	0.575754418924638	0
loo	HOS	HOS	chr5	ecDNA	0.03153533115983	0.3899999856948852	0	0	0.0	0	0	-0.3584646545350552	0	0	0.12620561042947664	0
loo	HOS	HOS	chr5	seismic_amplification	0.0334560796618461	0.8399999737739563	0	0	0.0	0	0	-0.8065438941121102	0	0	0.08364944341754765	0
loo	HOS	HOS	chr6	BFB	0.207774817943573	0.5199999809265137	0	0	0.0	0	0	-0.3122251629829407	0	0	0.23090062459695196	0
loo	HOS	HOS	chr6	chromothripsis	0.6283089518547058	0.699999988079071	0	0	0.7722715139389038	1	0	-0.07169103622436523	1	0	0.9776313870229413	1
loo	HOS	HOS	chr6	ecDNA	0.0898072868585586	0.3899999856948852	0	0	0.0	0	0	-0.3001926988363266	0	0	0.16155744177082468	0
loo	HOS	HOS	chr6	seismic_amplification	0.3019076287746429	0.8399999737739563	0	0	0.0	0	0	-0.5380923449993134	0	0	0.2561940648812999	0
loo	HOS	HOS	chr7	BFB	0.2426760494709015	0.5199999809265137	0	0	0.0	0	0	-0.2773239314556122	0	0	0.26296959213602195	0
loo	HOS	HOS	chr7	chromothripsis	0.6329442858695984	0.699999988079071	0	0	0.7620754241943359	1	0	-0.06705570220947266	1	0	0.977941748160411	1
loo	HOS	HOS	chr7	ecDNA	0.0838952735066413	0.3899999856948852	0	0	0.0	0	0	-0.30610471218824387	0	0	0.15763520775956757	0
loo	HOS	HOS	chr7	seismic_amplification	0.1633684933185577	0.8399999737739563	0	0	0.0	0	0	-0.6766314804553986	0	0	0.147903342371594	0
loo	HOS	HOS	chr8	BFB	0.1559068262577057	0.5199999809265137	0	0	0.0	0	0	-0.364093154668808	0	0	0.1884975547145378	0
loo	HOS	HOS	chr8	chromothripsis	0.1252197027206421	0.699999988079071	0	0	0.0	0	0	-0.574780285358429	0	0	0.3034398384138224	0
loo	HOS	HOS	chr8	ecDNA	0.1039621084928512	0.3899999856948852	0	0	0.0	0	0	-0.286037877202034	0	0	0.1712679996950764	0
loo	HOS	HOS	chr8	seismic_amplification	0.0866394117474556	0.8399999737739563	0	0	0.0	0	0	-0.7533605620265007	0	0	0.10614967862408707	0
loo	HOS	HOS	chr9	BFB	0.1298303753137588	0.5199999809265137	0	0	0.0	0	0	-0.3901696056127549	0	0	0.1695539455914419	0
loo	HOS	HOS	chr9	chromothripsis	0.2208260595798492	0.699999988079071	0	0	0.0	0	0	-0.47917392849922186	0	0	0.41143277304669396	0
loo	HOS	HOS	chr9	ecDNA	0.0256729423999786	0.3899999856948852	0	0	0.0	0	0	-0.3643270432949066	0	0	0.12304219710768546	0
loo	HOS	HOS	chr9	seismic_amplification	0.0271309427917003	0.8399999737739563	0	0	0.0	0	0	-0.812869030982256	0	0	0.08128219123362646	0
loo	HOS	HOS	chrX	BFB	0.3335787355899811	0.5199999809265137	0	0	0.0	0	0	-0.1864212453365326	0	0	0.3587180345136633	0
loo	HOS	HOS	chrX	chromothripsis	0.2883695662021637	0.699999988079071	0	0	0.0	0	0	-0.41163042187690735	0	0	0.4940163854805601	0
loo	HOS	HOS	chrX	ecDNA	0.1219368726015091	0.3899999856948852	0	0	0.0	0	0	-0.2680631130933761	0	0	0.18425915639627424	0
loo	HOS	HOS	chrX	seismic_amplification	0.0562660917639732	0.8399999737739563	0	0	0.0	0	0	-0.7837338820099831	0	0	0.09271448422884201	0
loo	HT3	HT3	chr1	BFB	0.0318077802658081	0.270000010728836	0	0	0.0	0	0	-0.2381922304630279	0	0	0.15825793634856913	0
loo	HT3	HT3	chr1	chromothripsis	0.0525098703801631	0.699999988079071	0	0	0.0	0	0	-0.647490117698908	0	0	0.23494710757309553	0
loo	HT3	HT3	chr1	ecDNA	0.0405913852155208	0.209999993443489	0	0	0.0	0	0	-0.1694086082279682	0	0	0.1797913292239111	0
loo	HT3	HT3	chr1	seismic_amplification	0.0924935117363929	0.8199999928474426	0	0	0.0	0	0	-0.7275064811110498	0	0	0.11780936432300364	0
loo	HT3	HT3	chr10	BFB	0.2480082660913467	0.270000010728836	0	0	0.0	0	0	-0.02199174463748929	0	0	0.3483247226787063	0
loo	HT3	HT3	chr10	chromothripsis	0.0357106290757656	0.699999988079071	0	0	0.0	0	0	-0.6642893590033054	0	0	0.22066924930055504	0
loo	HT3	HT3	chr10	ecDNA	0.1863448768854141	0.209999993443489	0	0	0.0	0	0	-0.023655116558074896	0	0	0.3071715082539043	0
loo	HT3	HT3	chr10	seismic_amplification	0.1022006571292877	0.8199999928474426	0	0	0.0	0	0	-0.7177993357181549	0	0	0.12277301806816525	0
loo	HT3	HT3	chr11	BFB	0.0904039442539215	0.270000010728836	0	0	0.0	0	0	-0.1795960664749145	0	0	0.19971626825753416	0
loo	HT3	HT3	chr11	chromothripsis	0.0734607353806495	0.699999988079071	0	0	0.0	0	0	-0.6265392526984216	0	0	0.2536318983497932	0
loo	HT3	HT3	chr11	ecDNA	0.0600354894995689	0.209999993443489	0	0	0.0	0	0	-0.14996450394392008	0	0	0.1940674934168043	0
loo	HT3	HT3	chr11	seismic_amplification	0.109460137784481	0.8199999928474426	0	0	0.0	0	0	-0.7105398550629616	0	0	0.12660173097895894	0
loo	HT3	HT3	chr12	BFB	0.0471065156161785	0.270000010728836	0	0	0.0	0	0	-0.2228934951126575	0	0	0.16835750489203616	0
loo	HT3	HT3	chr12	chromothripsis	0.0326120182871818	0.699999988079071	0	0	0.0	0	0	-0.6673879697918892	0	0	0.21810475762955342	0
loo	HT3	HT3	chr12	ecDNA	0.0791611149907112	0.209999993443489	0	0	0.0	0	0	-0.1308388784527778	0	0	0.20893363059664685	0
loo	HT3	HT3	chr12	seismic_amplification	0.0874118581414222	0.8199999928474426	0	0	0.0	0	0	-0.7325881347060205	0	0	0.11528088162911246	0
loo	HT3	HT3	chr13	BFB	0.0774329453706741	0.270000010728836	0	0	0.0	0	0	-0.1925670653581619	0	0	0.18988557940647446	0
loo	HT3	HT3	chr13	chromothripsis	0.0327236950397491	0.699999988079071	0	0	0.0	0	0	-0.6672762930393219	0	0	0.21819680981222114	0
loo	HT3	HT3	chr13	ecDNA	0.0572461448609828	0.209999993443489	0	0	0.0	0	0	-0.15275384858250618	0	0	0.19196782225552533	0
loo	HT3	HT3	chr13	seismic_amplification	0.1107931435108184	0.8199999928474426	0	0	0.0	0	0	-0.7092068493366243	0	0	0.12731576671417225	0
loo	HT3	HT3	chr14	BFB	0.0232087802141904	0.270000010728836	0	0	0.0	0	0	-0.2467912305146456	0	0	0.15280038164978818	0
loo	HT3	HT3	chr14	chromothripsis	0.020897340029478	0.699999988079071	0	0	0.0	0	0	-0.6791026480495931	0	0	0.20860428495417715	0
loo	HT3	HT3	chr14	ecDNA	0.0364911071956157	0.209999993443489	0	0	0.0	0	0	-0.1735088862478733	0	0	0.17688772855885862	0
loo	HT3	HT3	chr14	seismic_amplification	0.0714047700166702	0.8199999928474426	0	0	0.0	0	0	-0.7485952228307724	0	0	0.10762280186992106	0
loo	HT3	HT3	chr15	BFB	0.0490911193192005	0.270000010728836	0	0	0.0	0	0	-0.2209088914096355	0	0	0.16970465115359537	0
loo	HT3	HT3	chr15	chromothripsis	0.0476559661328792	0.699999988079071	0	0	0.0	0	0	-0.6523440219461918	0	0	0.2307569278447117	0
loo	HT3	HT3	chr15	ecDNA	0.0800312533974647	0.209999993443489	0	0	0.0	0	0	-0.1299687400460243	0	0	0.20962950745956638	0
loo	HT3	HT3	chr15	seismic_amplification	0.1123322322964668	0.8199999928474426	0	0	0.0	0	0	-0.7076677605509758	0	0	0.12814446810185498	0
loo	HT3	HT3	chr16	BFB	0.0229528043419122	0.270000010728836	0	0	0.0	0	0	-0.2470472063869238	0	0	0.15264031007751194	0
loo	HT3	HT3	chr16	chromothripsis	0.0260531026870012	0.699999988079071	0	0	0.0	0	0	-0.6739468853920698	0	0	0.21274755696567382	0
loo	HT3	HT3	chr16	ecDNA	0.0234521217644214	0.209999993443489	0	0	0.0	0	0	-0.18654787167906758	0	0	0.16789901239056265	0
loo	HT3	HT3	chr16	seismic_amplification	0.057900346815586	0.8199999928474426	0	0	0.0	0	0	-0.7620996460318566	0	0	0.1015135394503662	0
loo	HT3	HT3	chr17	BFB	0.7561324238777161	0.270000010728836	1	1	0.7753729820251465	1	1	0.48613241314888006	1	1	0.9814584547839286	1
loo	HT3	HT3	chr17	chromothripsis	0.2031624466180801	0.699999988079071	0	0	0.6758970618247986	1	0	-0.4968375414609909	1	0	0.8322097414773733	0
loo	HT3	HT3	chr17	ecDNA	0.5450082421302795	0.209999993443489	1	0	0.0	0	1	0.3350082486867906	1	0	0.7150304912296168	0
loo	HT3	HT3	chr17	seismic_amplification	0.2773098349571228	0.8199999928474426	0	0	0.0	0	0	-0.5426901578903198	0	0	0.24597881135594926	0
loo	HT3	HT3	chr18	BFB	0.0461289845407009	0.270000010728836	0	0	0.0	0	0	-0.2238710261881351	0	0	0.16769709956310302	0
loo	HT3	HT3	chr18	chromothripsis	0.0522829219698905	0.699999988079071	0	0	0.0	0	0	-0.6477170661091806	0	0	0.23475002239272913	0
loo	HT3	HT3	chr18	ecDNA	0.0560773611068725	0.209999993443489	0	0	0.0	0	0	-0.1539226323366165	0	0	0.19109318761093	0
loo	HT3	HT3	chr18	seismic_amplification	0.1374365389347076	0.8199999928474426	0	0	0.0	0	0	-0.682563453912735	0	0	0.14232117580418976	0
loo	HT3	HT3	chr19	BFB	0.0408852435648441	0.270000010728836	0	0	0.0	0	0	-0.2291147671639919	0	0	0.16418978457163566	0
loo	HT3	HT3	chr19	chromothripsis	0.0228092521429061	0.699999988079071	0	0	0.0	0	0	-0.677190735936165	0	0	0.21013376622148408	0
loo	HT3	HT3	chr19	ecDNA	0.0529322326183319	0.209999993443489	0	0	0.0	0	0	-0.15706776082515708	0	0	0.1887547221387114	0
loo	HT3	HT3	chr19	seismic_amplification	0.0720861107110977	0.8199999928474426	0	0	0.0	0	0	-0.7479138821363449	0	0	0.10793944472944587	0
loo	HT3	HT3	chr2	BFB	0.1030935272574424	0.270000010728836	0	0	0.0	0	0	-0.16690648347139359	0	0	0.20969854845538508	0
loo	HT3	HT3	chr2	chromothripsis	0.3938251137733459	0.699999988079071	0	1	0.6735761761665344	1	0	-0.30617487430572515	1	0	0.9255860831276795	0
loo	HT3	HT3	chr2	ecDNA	0.066622070968151	0.209999993443489	0	0	0.0	0	0	-0.14337792247533798	0	0	0.19909457583271883	0
loo	HT3	HT3	chr2	seismic_amplification	0.1854613125324249	0.8199999928474426	0	0	0.0	0	0	-0.6345386803150177	0	0	0.17306581380552974	0
loo	HT3	HT3	chr20	BFB	0.0280875172466039	0.270000010728836	0	0	0.0	0	0	-0.2419124934822321	0	0	0.1558776025359821	0
loo	HT3	HT3	chr20	chromothripsis	0.0330269709229469	0.699999988079071	0	0	0.0	0	0	-0.6669730171561241	0	0	0.2184469333603364	0
loo	HT3	HT3	chr20	ecDNA	0.0296854004263877	0.209999993443489	0	0	0.0	0	0	-0.1803145930171013	0	0	0.17214976365808657	0
loo	HT3	HT3	chr20	seismic_amplification	0.0707265511155128	0.8199999928474426	0	0	0.0	0	0	-0.7492734417319298	0	0	0.10730842135493808	0
loo	HT3	HT3	chr21	BFB	0.0313605219125747	0.270000010728836	0	0	0.0	0	0	-0.2386394888162613	0	0	0.1579702139473487	0
loo	HT3	HT3	chr21	chromothripsis	0.021185403689742	0.699999988079071	0	0	0.0	0	0	-0.6788145843893291	0	0	0.2088342030068549	0
loo	HT3	HT3	chr21	ecDNA	0.0904684662818908	0.209999993443489	0	0	0.0	0	0	-0.11953152716159819	0	0	0.21810907366384538	0
loo	HT3	HT3	chr21	seismic_amplification	0.094538114964962	0.8199999928474426	0	0	0.0	0	0	-0.7254618778824806	0	0	0.11884018345891036	0
loo	HT3	HT3	chr22	BFB	0.0249630324542522	0.270000010728836	0	0	0.0	0	0	-0.24503697827458382	0	0	0.15390108777946498	0
loo	HT3	HT3	chr22	chromothripsis	0.0290548745542764	0.699999988079071	0	0	0.0	0	0	-0.6709451135247947	0	0	0.2151873539814344	0
loo	HT3	HT3	chr22	ecDNA	0.0325960889458656	0.209999993443489	0	0	0.0	0	0	-0.1774039044976234	0	0	0.17416370009479587	0
loo	HT3	HT3	chr22	seismic_amplification	0.0892369076609611	0.8199999928474426	0	0	0.0	0	0	-0.7307630851864815	0	0	0.11618349595303391	0
loo	HT3	HT3	chr3	BFB	0.0190680567175149	0.270000010728836	0	0	0.0	0	0	-0.2509319540113211	0	0	0.15022787438286245	0
loo	HT3	HT3	chr3	chromothripsis	0.0272213127464056	0.699999988079071	0	0	0.0	0	0	-0.6727786753326654	0	0	0.21369465469976087	0
loo	HT3	HT3	chr3	ecDNA	0.0315960943698883	0.209999993443489	0	0	0.0	0	0	-0.17840389907360069	0	0	0.1734697046548759	0
loo	HT3	HT3	chr3	seismic_amplification	0.070588007569313	0.8199999928474426	0	0	0.0	0	0	-0.7494119852781296	0	0	0.1072443005608143	0
loo	HT3	HT3	chr4	BFB	0.163311168551445	0.270000010728836	0	1	0.0	0	0	-0.106688842177391	0	0	0.26197502190212557	0
loo	HT3	HT3	chr4	chromothripsis	0.7042664885520935	0.699999988079071	1	1	0.0	0	1	0.004266500473022461	1	0	0.877522148043794	0
loo	HT3	HT3	chr4	ecDNA	0.1261056661605835	0.209999993443489	0	0	0.0	0	0	-0.0838943272829055	0	0	0.2488985389073736	0
loo	HT3	HT3	chr4	seismic_amplification	0.4882733225822449	0.8199999928474426	0	0	0.0	0	0	-0.33172667026519775	0	0	0.4748592613659591	0
loo	HT3	HT3	chr5	BFB	0.0556243099272251	0.270000010728836	0	0	0.0	0	0	-0.2143757008016109	0	0	0.17419996020476172	0
loo	HT3	HT3	chr5	chromothripsis	0.0785686150193214	0.699999988079071	0	0	0.0	0	0	-0.6214313730597496	0	0	0.2583331793365087	0
loo	HT3	HT3	chr5	ecDNA	0.0761783719062805	0.209999993443489	0	0	0.0	0	0	-0.1338216215372085	0	0	0.20656114911289802	0
loo	HT3	HT3	chr5	seismic_amplification	0.1550440490245819	0.8199999928474426	0	0	0.0	0	0	-0.6649559438228607	0	0	0.15302741397649666	0
loo	HT3	HT3	chr6	BFB	0.0960141494870185	0.270000010728836	0	0	0.0	0	0	-0.1739858612418175	0	0	0.2040849575363345	0
loo	HT3	HT3	chr6	chromothripsis	0.0870794430375099	0.699999988079071	0	0	0.0	0	0	-0.6129205450415611	0	0	0.2662916383142135	0
loo	HT3	HT3	chr6	ecDNA	0.0921683087944984	0.209999993443489	0	0	0.0	0	0	-0.11783168464899059	0	0	0.21951325934865612	0
loo	HT3	HT3	chr6	seismic_amplification	0.1773799806833267	0.8199999928474426	0	0	0.0	0	0	-0.6426200121641159	0	0	0.16754768173740173	0
loo	HT3	HT3	chr7	BFB	0.0205876696854829	0.270000010728836	0	0	0.0	0	0	-0.2494123410433531	0	0	0.1511677980215617	0
loo	HT3	HT3	chr7	chromothripsis	0.0191484671086072	0.699999988079071	0	0	0.0	0	0	-0.6808515209704639	0	0	0.20721242398828935	0
loo	HT3	HT3	chr7	ecDNA	0.0403621606528759	0.209999993443489	0	0	0.0	0	0	-0.1696378327906131	0	0	0.17962802714317386	0
loo	HT3	HT3	chr7	seismic_amplification	0.0889678820967674	0.8199999928474426	0	0	0.0	0	0	-0.7310321107506752	0	0	0.11605005937055553	0
loo	HT3	HT3	chr8	BFB	0.0857816115021705	0.270000010728836	0	0	0.0	0	0	-0.1842183992266655	0	0	0.19616985965466266	0
loo	HT3	HT3	chr8	chromothripsis	0.2084576189517974	0.699999988079071	0	0	0.0	0	0	-0.49154236912727367	0	0	0.394858958706893	0
loo	HT3	HT3	chr8	ecDNA	0.0667701661586761	0.209999993443489	0	0	0.0	0	0	-0.14322982728481287	0	0	0.19920872340386847	0
loo	HT3	HT3	chr8	seismic_amplification	0.1576989740133285	0.8199999928474426	0	0	0.0	0	0	-0.6623010188341141	0	0	0.15469778952222146	0
loo	HT3	HT3	chr9	BFB	0.0797636061906814	0.270000010728836	0	0	0.0	0	0	-0.1902364045381546	0	0	0.1916242766939973	0
loo	HT3	HT3	chr9	chromothripsis	0.0641850233078002	0.699999988079071	0	0	0.0	0	0	-0.6358149647712709	0	0	0.24524012406058193	0
loo	HT3	HT3	chr9	ecDNA	0.0558525696396827	0.209999993443489	0	0	0.0	0	0	-0.1541474238038063	0	0	0.19092531907744267	0
loo	HT3	HT3	chr9	seismic_amplification	0.0916465669870376	0.8199999928474426	0	0	0.0	0	0	-0.728353425860405	0	0	0.11738463776249093	0
loo	HT3	HT3	chrX	BFB	0.043499007821083	0.270000010728836	0	0	0.0	0	0	-0.226501002907753	0	0	0.16593059738778035	0
loo	HT3	HT3	chrX	chromothripsis	0.0466807149350643	0.699999988079071	0	0	0.0	0	0	-0.6533192731440067	0	0	0.22992137329363566	0
loo	HT3	HT3	chrX	ecDNA	0.0384727530181407	0.209999993443489	0	0	0.0	0	0	-0.17152724042534828	0	0	0.17828640407322244	0
loo	HT3	HT3	chrX	seismic_amplification	0.0927378386259079	0.8199999928474426	0	0	0.0	0	0	-0.7272621542215347	0	0	0.11793213680600328	0
loo	MDA_MD_361	MDA_MD_361	chr1	BFB	0.0316596291959285	0.270000010728836	0	0	0.0	0	0	-0.2383403815329075	0	0	0.18097010955689027	0
loo	MDA_MD_361	MDA_MD_361	chr1	chromothripsis	0.1323910355567932	0.7300000190734863	0	1	0.0	0	0	-0.5976089835166931	0	0	0.2854997107158014	0
loo	MDA_MD_361	MDA_MD_361	chr1	ecDNA	0.0399660840630531	0.4000000059604645	0	0	0.0	0	0	-0.36003392189741135	0	0	0.13424831691518946	0
loo	MDA_MD_361	MDA_MD_361	chr1	seismic_amplification	0.0541757345199584	0.7799999713897705	0	0	0.0	0	0	-0.7258242368698121	0	0	0.0736343892358232	0
loo	MDA_MD_361	MDA_MD_361	chr10	BFB	0.0470524877309799	0.270000010728836	0	0	0.0	0	0	-0.2229475229978561	0	0	0.19259410360172655	0
loo	MDA_MD_361	MDA_MD_361	chr10	chromothripsis	0.3648833334445953	0.7300000190734863	0	0	0.0	0	0	-0.36511668562889105	0	0	0.5594222175988148	0
loo	MDA_MD_361	MDA_MD_361	chr10	ecDNA	0.0720022693276405	0.4000000059604645	0	0	0.0	0	0	-0.32799773663282394	0	0	0.15386617090163945	0
loo	MDA_MD_361	MDA_MD_361	chr10	seismic_amplification	0.2085873633623123	0.7799999713897705	0	0	0.0	0	0	-0.5714126080274582	0	0	0.1462546172422031	0
loo	MDA_MD_361	MDA_MD_361	chr11	BFB	0.0816385820508003	0.270000010728836	0	0	0.0	0	0	-0.1883614286780357	0	0	0.22075902786984816	0
loo	MDA_MD_361	MDA_MD_361	chr11	chromothripsis	0.6875926852226257	0.7300000190734863	0	0	0.0	0	0	-0.042407333850860596	0	0	0.8633759620321969	0
loo	MDA_MD_361	MDA_MD_361	chr11	ecDNA	0.0682956352829933	0.4000000059604645	0	0	0.0	0	0	-0.33170437067747116	0	0	0.15148167300153606	0
loo	MDA_MD_361	MDA_MD_361	chr11	seismic_amplification	0.1920696347951889	0.7799999713897705	0	0	0.0	0	0	-0.5879303365945816	0	0	0.1362932034678234	0
loo	MDA_MD_361	MDA_MD_361	chr12	BFB	0.2322251796722412	0.270000010728836	0	0	0.0	0	0	-0.03777483105659479	0	0	0.37463173390192456	0
loo	MDA_MD_361	MDA_MD_361	chr12	chromothripsis	0.7867348790168762	0.7300000190734863	1	1	0.0	0	1	0.05673485994338989	1	0	0.9118665166748713	0
loo	MDA_MD_361	MDA_MD_361	chr12	ecDNA	0.2068795412778854	0.4000000059604645	0	0	0.0	0	0	-0.19312046468257907	0	0	0.26233571786843324	0
loo	MDA_MD_361	MDA_MD_361	chr12	seismic_amplification	0.6254915595054626	0.7799999713897705	0	0	0.0	0	0	-0.15450841188430786	0	0	0.5766257756712724	0
loo	MDA_MD_361	MDA_MD_361	chr13	BFB	0.0293516349047422	0.270000010728836	0	0	0.0	0	0	-0.24064837582409382	0	0	0.17927515296829838	0
loo	MDA_MD_361	MDA_MD_361	chr13	chromothripsis	0.0383407622575759	0.7300000190734863	0	0	0.0	0	0	-0.6916592568159105	0	0	0.20020004368057337	0
loo	MDA_MD_361	MDA_MD_361	chr13	ecDNA	0.0753982216119766	0.4000000059604645	0	0	0.0	0	0	-0.32460178434848785	0	0	0.15607768037202127	0
loo	MDA_MD_361	MDA_MD_361	chr13	seismic_amplification	0.1195961534976959	0.7799999713897705	0	0	0.0	0	0	-0.6604038178920746	0	0	0.09913901282460486	0
loo	MDA_MD_361	MDA_MD_361	chr14	BFB	0.2939499914646148	0.270000010728836	1	0	0.7900446653366089	1	1	0.02394998073577881	1	1	0.8761688012529246	0
loo	MDA_MD_361	MDA_MD_361	chr14	chromothripsis	0.3507932722568512	0.7300000190734863	0	0	0.0	0	0	-0.37920674681663513	0	0	0.5420874452671609	0
loo	MDA_MD_361	MDA_MD_361	chr14	ecDNA	0.1595833599567413	0.4000000059604645	0	0	0.6799390912055969	1	0	-0.24041664600372317	1	0	0.6890557412256066	0
loo	MDA_MD_361	MDA_MD_361	chr14	seismic_amplification	0.1503974348306656	0.7799999713897705	0	0	0.0	0	0	-0.6296025365591049	0	0	0.11368344613381227	0
loo	MDA_MD_361	MDA_MD_361	chr15	BFB	0.0249316040426492	0.270000010728836	0	0	0.0	0	0	-0.2450684066861868	0	0	0.17606382940850085	0
loo	MDA_MD_361	MDA_MD_361	chr15	chromothripsis	0.0853311270475387	0.7300000190734863	0	0	0.0	0	0	-0.6446688920259476	0	0	0.2402395951366637	0
loo	MDA_MD_361	MDA_MD_361	chr15	ecDNA	0.0448915958404541	0.4000000059604645	0	0	0.0	0	0	-0.3551084101200104	0	0	0.13712074547068812	0
loo	MDA_MD_361	MDA_MD_361	chr15	seismic_amplification	0.0884095057845115	0.7799999713897705	0	0	0.0	0	0	-0.691590465605259	0	0	0.08612328509072671	0
loo	MDA_MD_361	MDA_MD_361	chr16	BFB	0.0974171385169029	0.270000010728836	0	0	0.0	0	0	-0.1725828722119331	0	0	0.23455208690669774	0
loo	MDA_MD_361	MDA_MD_361	chr16	chromothripsis	0.6505029797554016	0.7300000190734863	0	0	0.8029587268829346	1	0	-0.07949703931808472	1	0	0.978807206865067	1
loo	MDA_MD_361	MDA_MD_361	chr16	ecDNA	0.1037813350558281	0.4000000059604645	0	0	0.0	0	0	-0.2962186709046364	0	0	0.1755836138477951	0
loo	MDA_MD_361	MDA_MD_361	chr16	seismic_amplification	0.410098522901535	0.7799999713897705	0	0	0.6284529566764832	1	0	-0.36990144848823553	1	0	0.7785224040136599	0
loo	MDA_MD_361	MDA_MD_361	chr17	BFB	0.621480405330658	0.270000010728836	1	1	0.674962043762207	1	1	0.35148039460182195	1	1	0.970220429826393	1
loo	MDA_MD_361	MDA_MD_361	chr17	chromothripsis	0.6513630747795105	0.7300000190734863	0	0	0.0	0	0	-0.07863694429397583	0	0	0.8407007516719482	0
loo	MDA_MD_361	MDA_MD_361	chr17	ecDNA	0.5489341616630554	0.4000000059604645	1	0	0.0	0	1	0.14893415570259094	1	0	0.6608620303577413	0
loo	MDA_MD_361	MDA_MD_361	chr17	seismic_amplification	0.9242178797721864	0.7799999713897705	1	1	0.8896931409835815	1	1	0.14421790838241588	1	1	0.9827853410033517	1
loo	MDA_MD_361	MDA_MD_361	chr18	BFB	0.0262175407260656	0.270000010728836	0	0	0.0	0	0	-0.2437824700027704	0	0	0.17699341999925303	0
loo	MDA_MD_361	MDA_MD_361	chr18	chromothripsis	0.0803175047039985	0.7300000190734863	0	0	0.0	0	0	-0.6496825143694879	0	0	0.23571836893972475	0
loo	MDA_MD_361	MDA_MD_361	chr18	ecDNA	0.0404273644089698	0.4000000059604645	0	0	0.0	0	0	-0.35957264155149465	0	0	0.13451515069145925	0
loo	MDA_MD_361	MDA_MD_361	chr18	seismic_amplification	0.0537622272968292	0.7799999713897705	0	0	0.0	0	0	-0.7262377440929413	0	0	0.07349424514703212	0
loo	MDA_MD_361	MDA_MD_361	chr19	BFB	0.0379642434418201	0.270000010728836	0	0	0.0	0	0	-0.23203576728701591	0	0	0.1856636905776663	0
loo	MDA_MD_361	MDA_MD_361	chr19	chromothripsis	0.1513339430093765	0.7300000190734863	0	0	0.0	0	0	-0.5786660760641098	0	0	0.305097258517197	0
loo	MDA_MD_361	MDA_MD_361	chr19	ecDNA	0.0474139712750911	0.4000000059604645	0	0	0.0	0	0	-0.35258603468537336	0	0	0.1386116431884336	0
loo	MDA_MD_361	MDA_MD_361	chr19	seismic_amplification	0.0626087263226509	0.7799999713897705	0	0	0.0	0	0	-0.7173912450671196	0	0	0.07654661381234777	0
loo	MDA_MD_361	MDA_MD_361	chr2	BFB	0.1128274127840995	0.270000010728836	0	0	0.0	0	0	-0.1571725979447365	0	0	0.24858938037035022	0
loo	MDA_MD_361	MDA_MD_361	chr2	chromothripsis	0.6883151531219482	0.7300000190734863	0	1	0.7524239420890808	1	0	-0.041684865951538086	1	0	0.9815857662546085	1
loo	MDA_MD_361	MDA_MD_361	chr2	ecDNA	0.089266799390316	0.4000000059604645	0	0	0.0	0	0	-0.31073320657014847	0	0	0.16537876381664196	0
loo	MDA_MD_361	MDA_MD_361	chr2	seismic_amplification	0.2521899044513702	0.7799999713897705	0	0	0.0	0	0	-0.5278100669384003	0	0	0.17545442834632455	0
loo	MDA_MD_361	MDA_MD_361	chr20	BFB	0.1281900852918625	0.270000010728836	0	0	0.0	0	0	-0.14180992543697352	0	0	0.2631320236133413	0
loo	MDA_MD_361	MDA_MD_361	chr20	chromothripsis	0.3624351024627685	0.7300000190734863	0	0	0.0	0	0	-0.36756491661071783	0	0	0.5564193723380567	0
loo	MDA_MD_361	MDA_MD_361	chr20	ecDNA	0.0972784161567688	0.4000000059604645	0	0	0.0	0	0	-0.3027215898036957	0	0	0.17095150964515704	0
loo	MDA_MD_361	MDA_MD_361	chr20	seismic_amplification	0.1617700457572937	0.7799999713897705	0	1	0.0	0	0	-0.6182299256324768	0	0	0.11950757472365307	0
loo	MDA_MD_361	MDA_MD_361	chr21	BFB	0.0340375863015651	0.270000010728836	0	0	0.0	0	0	-0.2359624244272709	0	0	0.18272947636044348	0
loo	MDA_MD_361	MDA_MD_361	chr21	chromothripsis	0.0485481098294258	0.7300000190734863	0	0	0.0	0	0	-0.6814519092440605	0	0	0.2084515442465306	0
loo	MDA_MD_361	MDA_MD_361	chr21	ecDNA	0.0467542447149753	0.4000000059604645	0	0	0.0	0	0	-0.3532457612454892	0	0	0.13822039079553655	0
loo	MDA_MD_361	MDA_MD_361	chr21	seismic_amplification	0.0808785632252693	0.7799999713897705	0	0	0.0	0	0	-0.6991214081645012	0	0	0.08322102065536122	0
loo	MDA_MD_361	MDA_MD_361	chr22	BFB	0.0295554175972938	0.270000010728836	0	0	0.0	0	0	-0.2404445931315422	0	0	0.17942430715309976	0
loo	MDA_MD_361	MDA_MD_361	chr22	chromothripsis	0.0527626387774944	0.7300000190734863	0	0	0.0	0	0	-0.6772373802959919	0	0	0.2119308039194722	0
loo	MDA_MD_361	MDA_MD_361	chr22	ecDNA	0.0398260094225406	0.4000000059604645	0	0	0.0	0	0	-0.36017399653792387	0	0	0.13416737744009472	0
loo	MDA_MD_361	MDA_MD_361	chr22	seismic_amplification	0.0744950175285339	0.7799999713897705	0	0	0.0	0	0	-0.7055049538612366	0	0	0.0808308730508156	0
loo	MDA_MD_361	MDA_MD_361	chr3	BFB	0.019976744428277	0.270000010728836	0	0	0.0	0	0	-0.250023266300559	0	0	0.17251790145875442	0
loo	MDA_MD_361	MDA_MD_361	chr3	chromothripsis	0.0384666845202446	0.7300000190734863	0	0	0.0	0	0	-0.6915333345532417	0	0	0.20030032935777256	0
loo	MDA_MD_361	MDA_MD_361	chr3	ecDNA	0.0301594454795122	0.4000000059604645	0	0	0.0	0	0	-0.36984056048095226	0	0	0.12868070435241982	0
loo	MDA_MD_361	MDA_MD_361	chr3	seismic_amplification	0.0608375594019889	0.7799999713897705	0	0	0.0	0	0	-0.7191624119877816	0	0	0.0759263303485251	0
loo	MDA_MD_361	MDA_MD_361	chr4	BFB	0.0209755823016166	0.270000010728836	0	0	0.0	0	0	-0.2490244284272194	0	0	0.17322813834023204	0
loo	MDA_MD_361	MDA_MD_361	chr4	chromothripsis	0.113518588244915	0.7300000190734863	0	0	0.0	0	0	-0.6164814308285713	0	0	0.2667464255412412	0
loo	MDA_MD_361	MDA_MD_361	chr4	ecDNA	0.0322327837347984	0.4000000059604645	0	0	0.0	0	0	-0.3677672222256661	0	0	0.12984116993445652	0
loo	MDA_MD_361	MDA_MD_361	chr4	seismic_amplification	0.0662966221570968	0.7799999713897705	0	0	0.0	0	0	-0.7137033492326738	0	0	0.0778530931000293	0
loo	MDA_MD_361	MDA_MD_361	chr5	BFB	0.0275058094412088	0.270000010728836	0	0	0.0	0	0	-0.2424942012876272	0	0	0.17792855507703753	0
loo	MDA_MD_361	MDA_MD_361	chr5	chromothripsis	0.1098472028970718	0.7300000190734863	0	0	0.0	0	0	-0.6201528161764145	0	0	0.26319064854584145	0
loo	MDA_MD_361	MDA_MD_361	chr5	ecDNA	0.0409590005874633	0.4000000059604645	0	0	0.0	0	0	-0.35904100537300115	0	0	0.13482323821652323	0
loo	MDA_MD_361	MDA_MD_361	chr5	seismic_amplification	0.0547811239957809	0.7799999713897705	0	0	0.0	0	0	-0.7252188473939896	0	0	0.07384000896806694	0
loo	MDA_MD_361	MDA_MD_361	chr6	BFB	0.1373977065086364	0.270000010728836	0	0	0.0	0	0	-0.1326023042201996	0	0	0.2721058874089155	0
loo	MDA_MD_361	MDA_MD_361	chr6	chromothripsis	0.7011432647705078	0.7300000190734863	0	1	0.0	0	0	-0.028856754302978516	0	0	0.8711317822697963	0
loo	MDA_MD_361	MDA_MD_361	chr6	ecDNA	0.133301168680191	0.4000000059604645	0	0	0.0	0	0	-0.26669883728027344	0	0	0.1978539892172779	0
loo	MDA_MD_361	MDA_MD_361	chr6	seismic_amplification	0.5132807493209839	0.7799999713897705	0	0	0.6814578175544739	1	0	-0.2667192220687866	1	0	0.8602103208205891	0
loo	MDA_MD_361	MDA_MD_361	chr7	BFB	0.0998954996466636	0.270000010728836	0	0	0.0	0	0	-0.1701045110821724	0	0	0.2367720537398249	0
loo	MDA_MD_361	MDA_MD_361	chr7	chromothripsis	0.5692861080169678	0.7300000190734863	0	0	0.0	0	0	-0.16071391105651855	0	0	0.7782144326715672	0
loo	MDA_MD_361	MDA_MD_361	chr7	ecDNA	0.0996541231870651	0.4000000059604645	0	0	0.0	0	0	-0.30034588277339935	0	0	0.17263240851794578	0
loo	MDA_MD_361	MDA_MD_361	chr7	seismic_amplification	0.3905133903026581	0.7799999713897705	0	0	0.0	0	0	-0.3894865810871124	0	0	0.2974260905509758	0
loo	MDA_MD_361	MDA_MD_361	chr8	BFB	0.0262414738535881	0.270000010728836	0	0	0.0	0	0	-0.2437585368752479	0	0	0.17701075747642392	0
loo	MDA_MD_361	MDA_MD_361	chr8	chromothripsis	0.14490507543087	0.7300000190734863	0	0	0.0	0	0	-0.5850949436426163	0	0	0.2983617303465562	0
loo	MDA_MD_361	MDA_MD_361	chr8	ecDNA	0.0525863468647003	0.4000000059604645	0	0	0.0	0	0	-0.34741365909576416	0	0	0.1417114154635889	0
loo	MDA_MD_361	MDA_MD_361	chr8	seismic_amplification	0.1143757700920105	0.7799999713897705	0	0	0.0	0	0	-0.66562420129776	0	0	0.09684448242970985	0
loo	MDA_MD_361	MDA_MD_361	chr9	BFB	0.1362177431583404	0.270000010728836	0	0	0.0	0	0	-0.1337822675704956	0	0	0.2709452344785046	0
loo	MDA_MD_361	MDA_MD_361	chr9	chromothripsis	0.6993266940116882	0.7300000190734863	0	0	0.0	0	0	-0.030673325061798096	0	0	0.8701142531448163	0
loo	MDA_MD_361	MDA_MD_361	chr9	ecDNA	0.1095666214823722	0.4000000059604645	0	0	0.0	0	0	-0.2904333844780923	0	0	0.17978707466097493	0
loo	MDA_MD_361	MDA_MD_361	chr9	seismic_amplification	0.3684661388397217	0.7799999713897705	0	1	0.0	0	0	-0.41153383255004883	0	0	0.27503529800120147	0
loo	MDA_MD_361	MDA_MD_361	chrX	BFB	0.0531057119369506	0.270000010728836	0	0	0.0	0	0	-0.2168942987918854	0	0	0.19731838069605942	0
loo	MDA_MD_361	MDA_MD_361	chrX	chromothripsis	0.1229585036635398	0.7300000190734863	0	0	0.0	0	0	-0.6070415154099466	0	0	0.27602820523290084	0
loo	MDA_MD_361	MDA_MD_361	chrX	ecDNA	0.0717631354928016	0.4000000059604645	0	0	0.0	0	0	-0.32823687046766287	0	0	0.15371141266277139	0
loo	MDA_MD_361	MDA_MD_361	chrX	seismic_amplification	0.0679309070110321	0.7799999713897705	0	0	0.0	0	0	-0.7120690643787384	0	0	0.07843856118200279	0
loo	MDA_MD_453	MDA_MD_453	chr1	BFB	0.0426019579172134	0.3100000023841858	0	0	0.0	0	0	-0.2673980444669724	0	0	0.1682827616167654	0
loo	MDA_MD_453	MDA_MD_453	chr1	chromothripsis	0.0500714555382728	0.6399999856948853	0	0	0.0	0	0	-0.5899285301566124	0	0	0.21983884664115722	0
loo	MDA_MD_453	MDA_MD_453	chr1	ecDNA	0.0860636308789253	0.449999988079071	0	0	0.0	0	0	-0.3639363572001457	0	0	0.14623428005971498	0
loo	MDA_MD_453	MDA_MD_453	chr1	seismic_amplification	0.0297643225640058	0.800000011920929	0	0	0.0	0	0	-0.7702356893569231	0	0	0.08646183196950026	0
loo	MDA_MD_453	MDA_MD_453	chr10	BFB	0.0350862294435501	0.3100000023841858	0	0	0.0	0	0	-0.2749137729406357	0	0	0.16299154183104986	0
loo	MDA_MD_453	MDA_MD_453	chr10	chromothripsis	0.0358907505869865	0.6399999856948853	0	0	0.0	0	0	-0.6041092351078987	0	0	0.20769930613666784	0
loo	MDA_MD_453	MDA_MD_453	chr10	ecDNA	0.064196228981018	0.449999988079071	0	0	0.0	0	0	-0.385803759098053	0	0	0.13286619878400435	0
loo	MDA_MD_453	MDA_MD_453	chr10	seismic_amplification	0.0237302165478467	0.800000011920929	0	0	0.0	0	0	-0.7762697953730823	0	0	0.08406439506834601	0
loo	MDA_MD_453	MDA_MD_453	chr11	BFB	0.3863804638385772	0.3100000023841858	1	0	0.0	0	1	0.07638046145439142	1	0	0.5383094686319676	0
loo	MDA_MD_453	MDA_MD_453	chr11	chromothripsis	0.7484472990036011	0.6399999856948853	1	1	0.7348864078521729	1	1	0.10844731330871582	1	1	0.9871637030036772	1
loo	MDA_MD_453	MDA_MD_453	chr11	ecDNA	0.192386046051979	0.449999988079071	0	0	0.0	0	0	-0.257613942027092	0	0	0.227446640906926	0
loo	MDA_MD_453	MDA_MD_453	chr11	seismic_amplification	0.8257091641426086	0.800000011920929	1	0	0.0	0	1	0.025709152221679688	1	0	0.8451860774811376	0
loo	MDA_MD_453	MDA_MD_453	chr12	BFB	0.1655296683311462	0.3100000023841858	0	0	0.0	0	0	-0.14447033405303958	0	0	0.27456380026168964	0
loo	MDA_MD_453	MDA_MD_453	chr12	chromothripsis	0.4153075516223907	0.6399999856948853	0	0	0.0	0	0	-0.22469243407249456	0	0	0.6443044004628937	0
loo	MDA_MD_453	MDA_MD_453	chr12	ecDNA	0.1693440675735473	0.449999988079071	0	0	0.0	0	0	-0.2806559205055237	0	0	0.20748158074526427	0
loo	MDA_MD_453	MDA_MD_453	chr12	seismic_amplification	0.105436697602272	0.800000011920929	0	0	0.0	0	0	-0.6945633143186569	0	0	0.12216266389911114	0
loo	MDA_MD_453	MDA_MD_453	chr13	BFB	0.066363126039505	0.3100000023841858	0	0	0.0	0	0	-0.2436368763446808	0	0	0.18591197853172212	0
loo	MDA_MD_453	MDA_MD_453	chr13	chromothripsis	0.1007527261972427	0.6399999856948853	0	0	0.0	0	0	-0.5392472594976425	0	0	0.267291304515642	0
loo	MDA_MD_453	MDA_MD_453	chr13	ecDNA	0.1196572408080101	0.449999988079071	0	0	0.0	0	0	-0.3303427472710609	0	0	0.1689196120983989	0
loo	MDA_MD_453	MDA_MD_453	chr13	seismic_amplification	0.0550932064652442	0.800000011920929	0	0	0.0	0	0	-0.7449068054556848	0	0	0.09721287302868245	0
loo	MDA_MD_453	MDA_MD_453	chr14	BFB	0.0567917414009571	0.3100000023841858	0	0	0.0	0	0	-0.2532082609832287	0	0	0.17864471606828136	0
loo	MDA_MD_453	MDA_MD_453	chr14	chromothripsis	0.0520046800374984	0.6399999856948853	0	0	0.0	0	0	-0.5879953056573869	0	0	0.2215326796236299	0
loo	MDA_MD_453	MDA_MD_453	chr14	ecDNA	0.0814125537872314	0.449999988079071	0	0	0.0	0	0	-0.3685874342918396	0	0	0.14330069240289653	0
loo	MDA_MD_453	MDA_MD_453	chr14	seismic_amplification	0.0400095805525779	0.800000011920929	0	0	0.0	0	0	-0.7599904313683511	0	0	0.09067445899008839	0
loo	MDA_MD_453	MDA_MD_453	chr15	BFB	0.0685070604085922	0.3100000023841858	0	0	0.0	0	0	-0.2414929419755936	0	0	0.18757073029103144	0
loo	MDA_MD_453	MDA_MD_453	chr15	chromothripsis	0.1232151091098785	0.6399999856948853	0	0	0.0	0	0	-0.5167848765850067	0	0	0.29029039159148934	0
loo	MDA_MD_453	MDA_MD_453	chr15	ecDNA	0.0961779803037643	0.449999988079071	0	0	0.0	0	0	-0.3538220077753067	0	0	0.15278547846444684	0
loo	MDA_MD_453	MDA_MD_453	chr15	seismic_amplification	0.0361038073897361	0.800000011920929	0	0	0.0	0	0	-0.7638962045311929	0	0	0.08904712261746194	0
loo	MDA_MD_453	MDA_MD_453	chr16	BFB	0.1324153244495391	0.3100000023841858	0	0	0.0	0	0	-0.1775846779346467	0	0	0.2422669225332531	0
loo	MDA_MD_453	MDA_MD_453	chr16	chromothripsis	0.12704499065876	0.6399999856948853	0	0	0.0	0	0	-0.5129549950361253	0	0	0.29432655352292	0
loo	MDA_MD_453	MDA_MD_453	chr16	ecDNA	0.1484903991222381	0.449999988079071	0	0	0.0	0	0	-0.3015095889568329	0	0	0.1905542905722326	0
loo	MDA_MD_453	MDA_MD_453	chr16	seismic_amplification	0.0736680701375007	0.800000011920929	0	0	0.0	0	0	-0.7263319417834283	0	0	0.10584023996938967	0
loo	MDA_MD_453	MDA_MD_453	chr17	BFB	0.3797307014465332	0.3100000023841858	1	0	0.4626054465770721	1	1	0.06973069906234741	1	1	0.8761951994003039	0
loo	MDA_MD_453	MDA_MD_453	chr17	chromothripsis	0.7370402812957764	0.6399999856948853	1	0	0.7165018916130066	1	1	0.09704029560089111	1	1	0.9862109117472101	1
loo	MDA_MD_453	MDA_MD_453	chr17	ecDNA	0.1996053606271743	0.449999988079071	0	0	0.0	0	0	-0.25039462745189667	0	0	0.2339739327185626	0
loo	MDA_MD_453	MDA_MD_453	chr17	seismic_amplification	0.8696101307868958	0.800000011920929	1	1	0.7644232511520386	1	1	0.0696101188659668	1	1	0.9819338599635996	1
loo	MDA_MD_453	MDA_MD_453	chr18	BFB	0.0983933433890342	0.3100000023841858	0	0	0.0	0	0	-0.21160665899515158	0	0	0.2118822752624082	0
loo	MDA_MD_453	MDA_MD_453	chr18	chromothripsis	0.1008526310324668	0.6399999856948853	0	0	0.0	0	0	-0.5391473546624185	0	0	0.2673909957981641	0
loo	MDA_MD_453	MDA_MD_453	chr18	ecDNA	0.0994193330407142	0.449999988079071	0	0	0.0	0	0	-0.3505806550383568	0	0	0.1549352491801309	0
loo	MDA_MD_453	MDA_MD_453	chr18	seismic_amplification	0.0512615405023098	0.800000011920929	0	0	0.0	0	0	-0.7487384714186192	0	0	0.09551312388380725	0
loo	MDA_MD_453	MDA_MD_453	chr19	BFB	0.0462233833968639	0.3100000023841858	0	0	0.0	0	0	-0.2637766189873219	0	0	0.17088083613263086	0
loo	MDA_MD_453	MDA_MD_453	chr19	chromothripsis	0.0436839163303375	0.6399999856948853	0	0	0.0	0	0	-0.5963160693645477	0	0	0.2143085812507568	0
loo	MDA_MD_453	MDA_MD_453	chr19	ecDNA	0.0887683108448982	0.449999988079071	0	0	0.0	0	0	-0.3612316772341728	0	0	0.1479629899572144	0
loo	MDA_MD_453	MDA_MD_453	chr19	seismic_amplification	0.0386670902371406	0.800000011920929	0	0	0.0	0	0	-0.7613329216837883	0	0	0.09011211405593368	0
loo	MDA_MD_453	MDA_MD_453	chr2	BFB	0.0399556271731853	0.3100000023841858	0	0	0.0	0	0	-0.2700443752110005	0	0	0.16640423185880565	0
loo	MDA_MD_453	MDA_MD_453	chr2	chromothripsis	0.046299859881401	0.6399999856948853	0	0	0.0	0	0	-0.5937001258134843	0	0	0.2165611250446242	0
loo	MDA_MD_453	MDA_MD_453	chr2	ecDNA	0.0768558457493782	0.449999988079071	0	0	0.0	0	0	-0.3731441423296928	0	0	0.1404743142705601	0
loo	MDA_MD_453	MDA_MD_453	chr2	seismic_amplification	0.0287248734384775	0.800000011920929	0	0	0.0	0	0	-0.7712751384824514	0	0	0.08604447621432947	0
loo	MDA_MD_453	MDA_MD_453	chr20	BFB	0.0483692772686481	0.3100000023841858	0	0	0.0	0	0	-0.2616307251155377	0	0	0.17243530740666127	0
loo	MDA_MD_453	MDA_MD_453	chr20	chromothripsis	0.0488853715360164	0.6399999856948853	0	0	0.0	0	0	-0.5911146141588689	0	0	0.21880424927712722	0
loo	MDA_MD_453	MDA_MD_453	chr20	ecDNA	0.0919385105371475	0.449999988079071	0	0	0.0	0	0	-0.3580614775419235	0	0	0.15001069797963268	0
loo	MDA_MD_453	MDA_MD_453	chr20	seismic_amplification	0.0379090383648872	0.800000011920929	0	0	0.0	0	0	-0.7620909735560417	0	0	0.0897959695843215	0
loo	MDA_MD_453	MDA_MD_453	chr21	BFB	0.1131924837827682	0.3100000023841858	0	0	0.0	0	0	-0.1968075186014176	0	0	0.22474559275963168	0
loo	MDA_MD_453	MDA_MD_453	chr21	chromothripsis	0.0728909894824028	0.6399999856948853	0	0	0.0	0	0	-0.5671089962124825	0	0	0.2404249361868038	0
loo	MDA_MD_453	MDA_MD_453	chr21	ecDNA	0.1571318209171295	0.449999988079071	0	0	0.0	0	0	-0.29286816716194153	0	0	0.19743733683094378	0
loo	MDA_MD_453	MDA_MD_453	chr21	seismic_amplification	0.0727656111121177	0.800000011920929	0	0	0.0	0	0	-0.7272344008088113	0	0	0.10540592037487378	0
loo	MDA_MD_453	MDA_MD_453	chr22	BFB	0.2110457867383957	0.3100000023841858	0	0	0.0	0	0	-0.0989542156457901	0	0	0.3230682608068166	0
loo	MDA_MD_453	MDA_MD_453	chr22	chromothripsis	0.6393077969551086	0.6399999856948853	0	0	0.0	0	0	-0.0006921887397766113	0	0	0.850085164869786	0
loo	MDA_MD_453	MDA_MD_453	chr22	ecDNA	0.181205466389656	0.449999988079071	0	0	0.0	0	0	-0.268794521689415	0	0	0.21759362072350102	0
loo	MDA_MD_453	MDA_MD_453	chr22	seismic_amplification	0.1132391765713691	0.800000011920929	0	0	0.0	0	0	-0.6867608353495599	0	0	0.12648981744204824	0
loo	MDA_MD_453	MDA_MD_453	chr3	BFB	0.0922228619456291	0.3100000023841858	0	0	0.0	0	0	-0.21777714043855667	0	0	0.20668043956517504	0
loo	MDA_MD_453	MDA_MD_453	chr3	chromothripsis	0.1418989449739456	0.6399999856948853	0	1	0.0	0	0	-0.49810104072093964	0	0	0.31028462712835403	0
loo	MDA_MD_453	MDA_MD_453	chr3	ecDNA	0.1253540217876434	0.449999988079071	0	0	0.0	0	0	-0.3246459662914276	0	0	0.17303317476962854	0
loo	MDA_MD_453	MDA_MD_453	chr3	seismic_amplification	0.0417779721319675	0.800000011920929	0	0	0.0	0	0	-0.7582220397889614	0	0	0.09142002724567208	0
loo	MDA_MD_453	MDA_MD_453	chr4	BFB	0.0444715358316898	0.3100000023841858	0	0	0.0	0	0	-0.265528466552496	0	0	0.16962007438143129	0
loo	MDA_MD_453	MDA_MD_453	chr4	chromothripsis	0.049914862960577	0.6399999856948853	0	0	0.0	0	0	-0.5900851227343082	0	0	0.21970205299647083	0
loo	MDA_MD_453	MDA_MD_453	chr4	ecDNA	0.0890092849731445	0.449999988079071	0	0	0.0	0	0	-0.3609907031059265	0	0	0.148117826234696	0
loo	MDA_MD_453	MDA_MD_453	chr4	seismic_amplification	0.0281076803803443	0.800000011920929	0	0	0.0	0	0	-0.7718923315405847	0	0	0.08579752743184216	0
loo	MDA_MD_453	MDA_MD_453	chr5	BFB	0.0362302176654338	0.3100000023841858	0	0	0.0	0	0	-0.273769784718752	0	0	0.1637882002379932	0
loo	MDA_MD_453	MDA_MD_453	chr5	chromothripsis	0.0427451096475124	0.6399999856948853	0	1	0.0	0	0	-0.5972548760473728	0	0	0.21350435735884635	0
loo	MDA_MD_453	MDA_MD_453	chr5	ecDNA	0.0725749358534812	0.449999988079071	0	0	0.0	0	0	-0.3774250522255898	0	0	0.13786163649261202	0
loo	MDA_MD_453	MDA_MD_453	chr5	seismic_amplification	0.0240651909261941	0.800000011920929	0	0	0.0	0	0	-0.7759348209947349	0	0	0.08419588725886461	0
loo	MDA_MD_453	MDA_MD_453	chr6	BFB	0.0899427533149719	0.3100000023841858	0	0	0.0	0	0	-0.2200572490692139	0	0	0.20478231784760226	0
loo	MDA_MD_453	MDA_MD_453	chr6	chromothripsis	0.1637857258319854	0.6399999856948853	0	0	0.0	0	0	-0.4762142598628999	0	0	0.33463700075111985	0
loo	MDA_MD_453	MDA_MD_453	chr6	ecDNA	0.127786099910736	0.449999988079071	0	0	0.0	0	0	-0.32221388816833496	0	0	0.17481332011663012	0
loo	MDA_MD_453	MDA_MD_453	chr6	seismic_amplification	0.0609597153961658	0.800000011920929	0	0	0.0	0	0	-0.7390402965247631	0	0	0.09986759490616771	0
loo	MDA_MD_453	MDA_MD_453	chr7	BFB	0.0501873418688774	0.3100000023841858	0	0	0.0	0	0	-0.2598126605153084	0	0	0.17376104339772	0
loo	MDA_MD_453	MDA_MD_453	chr7	chromothripsis	0.0729438066482544	0.6399999856948853	0	0	0.0	0	0	-0.5670561790466309	0	0	0.24047407885140976	0
loo	MDA_MD_453	MDA_MD_453	chr7	ecDNA	0.0965220853686332	0.449999988079071	0	0	0.0	0	0	-0.3534779027104378	0	0	0.1530125349541203	0
loo	MDA_MD_453	MDA_MD_453	chr7	seismic_amplification	0.045087955892086	0.800000011920929	0	0	0.0	0	0	-0.7549120560288429	0	0	0.09283037310339985	0
loo	MDA_MD_453	MDA_MD_453	chr8	BFB	0.1365121155977249	0.3100000023841858	0	0	0.0	0	0	-0.1734878867864609	0	0	0.24611890116857368	0
loo	MDA_MD_453	MDA_MD_453	chr8	chromothripsis	0.2144827395677566	0.6399999856948853	0	0	0.0	0	0	-0.42551724612712866	0	0	0.39436286383431496	0
loo	MDA_MD_453	MDA_MD_453	chr8	ecDNA	0.1155939176678657	0.449999988079071	0	0	0.0	0	0	-0.3344060704112053	0	0	0.16603341614134268	0
loo	MDA_MD_453	MDA_MD_453	chr8	seismic_amplification	0.0620927773416042	0.800000011920929	0	0	0.0	0	0	-0.7379072345793247	0	0	0.10038769958589364	0
loo	MDA_MD_453	MDA_MD_453	chr9	BFB	0.1938370168209076	0.3100000023841858	0	0	0.6406649947166443	1	0	-0.1161629855632782	1	0	0.7594792758447334	0
loo	MDA_MD_453	MDA_MD_453	chr9	chromothripsis	0.149684265255928	0.6399999856948853	0	0	0.0	0	0	-0.4903157204389572	0	0	0.3188359360528106	0
loo	MDA_MD_453	MDA_MD_453	chr9	ecDNA	0.2300927639007568	0.449999988079071	0	0	0.4898269474506378	1	0	-0.21990722417831418	1	0	0.6959178613280287	0
loo	MDA_MD_453	MDA_MD_453	chr9	seismic_amplification	0.0965182855725288	0.800000011920929	0	0	0.0	0	0	-0.7034817263484001	0	0	0.11737330457255743	0
loo	MDA_MD_453	MDA_MD_453	chrX	BFB	0.0518100745975971	0.3100000023841858	0	0	0.0	0	0	-0.25818992778658867	0	0	0.1749511299671747	0
loo	MDA_MD_453	MDA_MD_453	chrX	chromothripsis	0.0536035485565662	0.6399999856948853	0	0	0.0	0	0	-0.586396437138319	0	0	0.22294059905872513	0
loo	MDA_MD_453	MDA_MD_453	chrX	ecDNA	0.0995252206921577	0.449999988079071	0	0	0.0	0	0	-0.3504747673869133	0	0	0.15500589223040367	0
loo	MDA_MD_453	MDA_MD_453	chrX	seismic_amplification	0.0371500514447689	0.800000011920929	0	0	0.0	0	0	-0.76284996047616	0	0	0.08948043707039217	0
loo	MS751	MS751	chr1	BFB	0.0324798785150051	0.449999988079071	0	0	0.0	0	0	-0.4175201095640659	0	0	0.12919055809437477	0
loo	MS751	MS751	chr1	chromothripsis	0.1158391013741493	0.7599999904632568	0	0	0.0	0	0	-0.6441608890891075	0	0	0.2541081864024128	0
loo	MS751	MS751	chr1	ecDNA	0.0291857980191707	0.209999993443489	0	0	0.0	0	0	-0.18081419542431829	0	0	0.17080531844808194	0
loo	MS751	MS751	chr1	seismic_amplification	0.0312165785580873	0.8600000143051147	0	0	0.0	0	0	-0.8287834357470274	0	0	0.07950403284679747	0
loo	MS751	MS751	chr10	BFB	0.029973005875945	0.449999988079071	0	0	0.0	0	0	-0.420026982203126	0	0	0.1278201092373267	0
loo	MS751	MS751	chr10	chromothripsis	0.2025354951620102	0.7599999904632568	0	0	0.0	0	0	-0.5574644953012466	0	0	0.3421749394112162	0
loo	MS751	MS751	chr10	ecDNA	0.0330470874905586	0.209999993443489	0	0	0.0	0	0	-0.1769529059529304	0	0	0.17349145901151308	0
loo	MS751	MS751	chr10	seismic_amplification	0.0336985699832439	0.8600000143051147	0	0	0.0	0	0	-0.8263014443218708	0	0	0.0803952272978816	0
loo	MS751	MS751	chr11	BFB	0.240659013390541	0.449999988079071	0	0	0.0	0	0	-0.20934097468853	0	0	0.29071377378807395	0
loo	MS751	MS751	chr11	chromothripsis	0.26167032122612	0.7599999904632568	0	1	0.0	0	0	-0.49832966923713684	0	0	0.4097609729888398	0
loo	MS751	MS751	chr11	ecDNA	0.0954873859882354	0.209999993443489	0	0	0.0	0	0	-0.11451260745525359	0	0	0.2216144017810327	0
loo	MS751	MS751	chr11	seismic_amplification	0.0834538787603378	0.8600000143051147	0	0	0.0	0	0	-0.7765461355447769	0	0	0.1002805316761441	0
loo	MS751	MS751	chr12	BFB	0.0347188785672187	0.449999988079071	0	0	0.0	0	0	-0.41528110951185226	0	0	0.13042512780525467	0
loo	MS751	MS751	chr12	chromothripsis	0.1242983937263488	0.7599999904632568	0	0	0.0	0	0	-0.6357015967369081	0	0	0.2620140028038061	0
loo	MS751	MS751	chr12	ecDNA	0.0319430977106094	0.209999993443489	0	0	0.0	0	0	-0.17805689573287958	0	0	0.17272006862726733	0
loo	MS751	MS751	chr12	seismic_amplification	0.0242297686636447	0.8600000143051147	0	0	0.0	0	0	-0.8357702456414701	0	0	0.07704359366558772	0
loo	MS751	MS751	chr13	BFB	0.0850400328636169	0.449999988079071	0	0	0.0	0	0	-0.3649599552154541	0	0	0.1608975157858031	0
loo	MS751	MS751	chr13	chromothripsis	0.1199381425976753	0.7599999904632568	0	0	0.0	0	0	-0.6400618478655815	0	0	0.25791930572175176	0
loo	MS751	MS751	chr13	ecDNA	0.0750108286738395	0.209999993443489	0	0	0.0	0	0	-0.1349891647696495	0	0	0.20485236620350122	0
loo	MS751	MS751	chr13	seismic_amplification	0.0675767883658409	0.8600000143051147	0	0	0.0	0	0	-0.7924232259392738	0	0	0.09350127435818281	0
loo	MS751	MS751	chr14	BFB	0.1463163048028946	0.449999988079071	0	0	0.0	0	0	-0.3036836832761764	0	0	0.20547034876116269	0
loo	MS751	MS751	chr14	chromothripsis	0.1085964441299438	0.7599999904632568	0	0	0.0	0	0	-0.651403546333313	0	0	0.24746560820228763	0
loo	MS751	MS751	chr14	ecDNA	0.0887457132339477	0.209999993443489	0	0	0.0	0	0	-0.12125428020954129	0	0	0.215989573890254	0
loo	MS751	MS751	chr14	seismic_amplification	0.0703334659337997	0.8600000143051147	0	0	0.0	0	0	-0.789666548371315	0	0	0.09464809243644823	0
loo	MS751	MS751	chr15	BFB	0.124051459133625	0.449999988079071	0	0	0.7723216414451599	1	0	-0.325948528945446	1	0	0.6584763381813997	0
loo	MS751	MS751	chr15	chromothripsis	0.1125299632549285	0.7599999904632568	0	0	0.0	0	0	-0.6474700272083284	0	0	0.25105870023917054	0
loo	MS751	MS751	chr15	ecDNA	0.0674289464950561	0.209999993443489	0	0	0.0	0	0	-0.1425710469484329	0	0	0.19888961478664188	0
loo	MS751	MS751	chr15	seismic_amplification	0.0488633066415786	0.8600000143051147	0	0	0.0	0	0	-0.8111367076635362	0	0	0.08604087590069398	0
loo	MS751	MS751	chr16	BFB	0.2593006789684295	0.449999988079071	0	0	0.8022956252098083	1	0	-0.19069930911064148	1	0	0.7928831706294972	0
loo	MS751	MS751	chr16	chromothripsis	0.2466039955615997	0.7599999904632568	0	0	0.0	0	0	-0.5133959949016571	0	0	0.39209868386896557	0
loo	MS751	MS751	chr16	ecDNA	0.1382314413785934	0.209999993443489	0	0	0.0	0	0	-0.0717685520648956	0	0	0.25968039027560197	0
loo	MS751	MS751	chr16	seismic_amplification	0.121766597032547	0.8600000143051147	0	0	0.0	0	0	-0.7382334172725677	0	0	0.11846051819048484	0
loo	MS751	MS751	chr17	BFB	0.05631685256958	0.449999988079071	0	0	0.0	0	0	-0.39368313550949097	0	0	0.14285514083595166	0
loo	MS751	MS751	chr17	chromothripsis	0.106547474861145	0.7599999904632568	0	0	0.0	0	0	-0.6534525156021118	0	0	0.24560769363554194	0
loo	MS751	MS751	chr17	ecDNA	0.0452926270663738	0.209999993443489	0	0	0.0	0	0	-0.1647073663771152	0	0	0.1822308237950939	0
loo	MS751	MS751	chr17	seismic_amplification	0.0450089536607265	0.8600000143051147	0	0	0.0	0	0	-0.8149910606443882	0	0	0.08457279760548427	0
loo	MS751	MS751	chr18	BFB	0.0249028839170932	0.449999988079071	0	0	0.0	0	0	-0.42509710416197777	0	0	0.12508630207935717	0
loo	MS751	MS751	chr18	chromothripsis	0.1409113109111786	0.7599999904632568	0	0	0.0	0	0	-0.6190886795520782	0	0	0.27799440826638316	0
loo	MS751	MS751	chr18	ecDNA	0.0233807805925607	0.209999993443489	0	0	0.0	0	0	-0.1866192128509283	0	0	0.16682929956123646	0
loo	MS751	MS751	chr18	seismic_amplification	0.0246854145079851	0.8600000143051147	0	0	0.0	0	0	-0.8353145997971296	0	0	0.07720190134456426	0
loo	MS751	MS751	chr19	BFB	0.1676797121763229	0.449999988079071	0	0	0.0	0	0	-0.2823202759027481	0	0	0.2230180685420293	0
loo	MS751	MS751	chr19	chromothripsis	0.163822203874588	0.7599999904632568	0	0	0.0	0	0	-0.5961777865886688	0	0	0.3009888120670084	0
loo	MS751	MS751	chr19	ecDNA	0.117598108947277	0.209999993443489	0	0	0.0	0	0	-0.09240188449621199	0	0	0.2407904378572084	0
loo	MS751	MS751	chr19	seismic_amplification	0.0823398679494857	0.8600000143051147	0	0	0.0	0	0	-0.7776601463556291	0	0	0.09979095877512646	0
loo	MS751	MS751	chr2	BFB	0.0424898825585842	0.449999988079071	0	0	0.0	0	0	-0.4075101055204868	0	0	0.1347879996126098	0
loo	MS751	MS751	chr2	chromothripsis	0.1560349613428115	0.7599999904632568	0	0	0.0	0	0	-0.6039650291204454	0	0	0.2930520843894717	0
loo	MS751	MS751	chr2	ecDNA	0.0451021902263164	0.209999993443489	0	0	0.0	0	0	-0.1648978032171726	0	0	0.18209233216946327	0
loo	MS751	MS751	chr2	seismic_amplification	0.0404164679348468	0.8600000143051147	0	0	0.0	0	0	-0.819583546370268	0	0	0.0828532797109362	0
loo	MS751	MS751	chr20	BFB	0.0431553572416305	0.449999988079071	0	0	0.0	0	0	-0.4068446308374405	0	0	0.13516728729399793	0
loo	MS751	MS751	chr20	chromothripsis	0.1921960264444351	0.7599999904632568	0	0	0.0	0	0	-0.5678039640188217	0	0	0.3309063924557991	0
loo	MS751	MS751	chr20	ecDNA	0.0422508902847766	0.209999993443489	0	0	0.0	0	0	-0.1677491031587124	0	0	0.18002855541484283	0
loo	MS751	MS751	chr20	seismic_amplification	0.05597959831357	0.8600000143051147	0	0	0.0	0	0	-0.8040204159915447	0	0	0.08881215205310884	0
loo	MS751	MS751	chr21	BFB	0.6956970691680908	0.449999988079071	1	0	0.0	0	1	0.24569708108901983	1	0	0.7907285687318651	0
loo	MS751	MS751	chr21	chromothripsis	0.2622573673725128	0.7599999904632568	0	0	0.6596536040306091	1	0	-0.497742623090744	1	0	0.8401128027573113	0
loo	MS751	MS751	chr21	ecDNA	0.4548533856868744	0.209999993443489	1	0	0.0	0	1	0.2448533922433854	1	0	0.62197551697151	0
loo	MS751	MS751	chr21	seismic_amplification	0.3917706608772278	0.8600000143051147	0	0	0.0	0	0	-0.46822935342788696	0	0	0.3342376606404715	0
loo	MS751	MS751	chr22	BFB	0.0667728558182716	0.449999988079071	0	0	0.0	0	0	-0.3832271322607994	0	0	0.14921954544530128	0
loo	MS751	MS751	chr22	chromothripsis	0.0920704826712608	0.7599999904632568	0	0	0.0	0	0	-0.667929507791996	0	0	0.23275038313268526	0
loo	MS751	MS751	chr22	ecDNA	0.0481187812983989	0.209999993443489	0	0	0.0	0	0	-0.1618812121450901	0	0	0.18429571825255905	0
loo	MS751	MS751	chr22	seismic_amplification	0.0459165908396244	0.8600000143051147	0	0	0.0	0	0	-0.8140834234654903	0	0	0.08491644609716413	0
loo	MS751	MS751	chr3	BFB	0.0428110361099243	0.449999988079071	0	0	0.0	0	0	-0.4071889519691467	0	0	0.13497092896582139	0
loo	MS751	MS751	chr3	chromothripsis	0.0999390482902526	0.7599999904632568	0	0	0.0	0	0	-0.6600609421730043	0	0	0.23967982218296038	0
loo	MS751	MS751	chr3	ecDNA	0.0327079556882381	0.209999993443489	0	0	0.0	0	0	-0.17729203775525088	0	0	0.17325420833631053	0
loo	MS751	MS751	chr3	seismic_amplification	0.0363453365862369	0.8600000143051147	0	0	0.0	0	0	-0.8236546777188778	0	0	0.08135562294044622	0
loo	MS751	MS751	chr4	BFB	0.0699846893548965	0.449999988079071	0	0	0.0	0	0	-0.3800152987241745	0	0	0.1512209304568605	0
loo	MS751	MS751	chr4	chromothripsis	0.1038915365934372	0.7599999904632568	0	0	0.0	0	0	-0.6561084538698196	0	0	0.2432134441971487	0
loo	MS751	MS751	chr4	ecDNA	0.0597434192895889	0.209999993443489	0	0	0.0	0	0	-0.1502565741539001	0	0	0.19297947850833197	0
loo	MS751	MS751	chr4	seismic_amplification	0.0598426721990108	0.8600000143051147	0	0	0.0	0	0	-0.8001573421061039	0	0	0.09035005610776217	0
loo	MS751	MS751	chr5	BFB	0.0691322386264801	0.449999988079071	0	0	0.0	0	0	-0.3808677494525909	0	0	0.15068760335706075	0
loo	MS751	MS751	chr5	chromothripsis	0.3509299755096435	0.7599999904632568	0	0	0.0	0	0	-0.40907001495361334	0	0	0.5176832163701551	0
loo	MS751	MS751	chr5	ecDNA	0.0788074359297752	0.209999993443489	0	0	0.0	0	0	-0.13119255751371378	0	0	0.20788767090162233	0
loo	MS751	MS751	chr5	seismic_amplification	0.1351968199014663	0.8600000143051147	0	0	0.0	0	0	-0.7248031944036485	0	0	0.1254797356895252	0
loo	MS751	MS751	chr6	BFB	0.0452676191926002	0.449999988079071	0	0	0.0	0	0	-0.4047323688864708	0	0	0.13637714050671015	0
loo	MS751	MS751	chr6	chromothripsis	0.0751302316784858	0.7599999904632568	0	0	0.0	0	0	-0.6848697587847711	0	0	0.21831062460315073	0
loo	MS751	MS751	chr6	ecDNA	0.0298791658133268	0.209999993443489	0	0	0.0	0	0	-0.18012082763016218	0	0	0.17128522158026566	0
loo	MS751	MS751	chr6	seismic_amplification	0.0315782241523265	0.8600000143051147	0	0	0.0	0	0	-0.8284217901527883	0	0	0.07963332283499082	0
loo	MS751	MS751	chr7	BFB	0.6690571904182434	0.449999988079071	1	0	0.0	0	1	0.21905720233917242	1	0	0.7683969542547279	0
loo	MS751	MS751	chr7	chromothripsis	0.2212681472301483	0.7599999904632568	0	0	0.0	0	0	-0.5387318432331085	0	0	0.3630444668792495	0
loo	MS751	MS751	chr7	ecDNA	0.434644341468811	0.209999993443489	1	0	0.0	0	1	0.224644348025322	1	0	0.5985176535699034	0
loo	MS751	MS751	chr7	seismic_amplification	0.2567929923534393	0.8600000143051147	0	0	0.0	0	0	-0.6032070219516754	0	0	0.20620305017252447	0
loo	MS751	MS751	chr8	BFB	0.0320373624563217	0.449999988079071	0	0	0.0	0	0	-0.4179626256227493	0	0	0.12894773873009127	0
loo	MS751	MS751	chr8	chromothripsis	0.110526293516159	0.7599999904632568	0	0	0.0	0	0	-0.6494736969470978	0	0	0.24922411514237763	0
loo	MS751	MS751	chr8	ecDNA	0.0232165362685918	0.209999993443489	0	0	0.0	0	0	-0.1867834571748972	0	0	0.16671788833779805	0
loo	MS751	MS751	chr8	seismic_amplification	0.0230825375765562	0.8600000143051147	0	0	0.0	0	0	-0.8369174767285585	0	0	0.07664632134373062	0
loo	MS751	MS751	chr9	BFB	0.0298245418816804	0.449999988079071	0	0	0.0	0	0	-0.4201754461973906	0	0	0.1277393378532513	0
loo	MS751	MS751	chr9	chromothripsis	0.1473118364810943	0.7599999904632568	0	0	0.0	0	0	-0.6126881539821625	0	0	0.2843087466435659	0
loo	MS751	MS751	chr9	ecDNA	0.0314497165381908	0.209999993443489	0	0	0.0	0	0	-0.17855027690529818	0	0	0.1723762069785097	0
loo	MS751	MS751	chr9	seismic_amplification	0.0343175791203975	0.8600000143051147	0	0	0.0	0	0	-0.8256824351847173	0	0	0.08061890746542197	0
loo	MS751	MS751	chrX	BFB	0.2861409187316894	0.449999988079071	0	0	0.0	0	0	-0.1638590693473816	0	0	0.33851864920978086	0
loo	MS751	MS751	chrX	chromothripsis	0.2588489055633545	0.7599999904632568	0	0	0.0	0	0	-0.5011510848999023	0	0	0.40643416612654054	0
loo	MS751	MS751	chrX	ecDNA	0.1257345974445343	0.209999993443489	0	0	0.0	0	0	-0.08426539599895469	0	0	0.24812582185938054	0
loo	MS751	MS751	chrX	seismic_amplification	0.0954233855009079	0.8600000143051147	0	0	0.0	0	0	-0.7645766288042068	0	0	0.10567669467989571	0
loo	OMC1	OMC1	chr1	BFB	0.1597947925329208	0.4399999976158142	0	0	0.0	0	0	-0.28020520508289337	0	0	0.2212469129030681	0
loo	OMC1	OMC1	chr1	chromothripsis	0.1603976637125015	0.6899999976158142	0	0	0.0	0	0	-0.5296023339033127	0	0	0.33013581370625295	0
loo	OMC1	OMC1	chr1	ecDNA	0.1241489574313163	0.3899999856948852	0	0	0.0	0	0	-0.2658510282635689	0	0	0.18658649512530226	0
loo	OMC1	OMC1	chr1	seismic_amplification	0.0885057523846626	0.8299999833106995	0	0	0.0	0	0	-0.7414942309260368	0	0	0.10971288794339393	0
loo	OMC1	OMC1	chr10	BFB	0.1227249577641487	0.4399999976158142	0	0	0.0	0	0	-0.3172750398516655	0	0	0.19192686149980687	0
loo	OMC1	OMC1	chr10	chromothripsis	0.0706901103258133	0.6899999976158142	0	0	0.0	0	0	-0.6193098872900009	0	0	0.24212896495055541	0
loo	OMC1	OMC1	chr10	ecDNA	0.0898447930812835	0.3899999856948852	0	0	0.0	0	0	-0.3001551926136017	0	0	0.1627231744981151	0
loo	OMC1	OMC1	chr10	seismic_amplification	0.0539821684360504	0.8299999833106995	0	0	0.0	0	0	-0.776017814874649	0	0	0.0944478499459605	0
loo	OMC1	OMC1	chr11	BFB	0.1913489401340484	0.4399999976158142	0	0	0.0	0	0	-0.2486510574817658	0	0	0.2486279541118306	0
loo	OMC1	OMC1	chr11	chromothripsis	0.3049964010715484	0.6899999976158142	0	0	0.0	0	0	-0.3850035965442658	0	0	0.4977845811195109	0
loo	OMC1	OMC1	chr11	ecDNA	0.1099750697612762	0.3899999856948852	0	0	0.0	0	0	-0.280024915933609	0	0	0.17641411261597598	0
loo	OMC1	OMC1	chr11	seismic_amplification	0.0988497212529182	0.8299999833106995	0	0	0.0	0	0	-0.7311502620577812	0	0	0.11469106581818682	0
loo	OMC1	OMC1	chr12	BFB	0.1245195642113685	0.4399999976158142	0	0	0.0	0	0	-0.3154804334044457	0	0	0.193275348024062	0
loo	OMC1	OMC1	chr12	chromothripsis	0.0942450687289238	0.6899999976158142	0	0	0.0	0	0	-0.5957549288868904	0	0	0.26362266892621217	0
loo	OMC1	OMC1	chr12	ecDNA	0.1010866537690162	0.3899999856948852	0	0	0.0	0	0	-0.288913331925869	0	0	0.17026038185203313	0
loo	OMC1	OMC1	chr12	seismic_amplification	0.0573704242706298	0.8299999833106995	0	0	0.0	0	0	-0.7726295590400697	0	0	0.09585745396254941	0
loo	OMC1	OMC1	chr13	BFB	0.1634498834609985	0.4399999976158142	0	0	0.0	0	0	-0.2765501141548157	0	0	0.22430492476916264	0
loo	OMC1	OMC1	chr13	chromothripsis	0.0709007456898689	0.6899999976158142	0	0	0.0	0	0	-0.6190992519259453	0	0	0.24231578316620345	0
loo	OMC1	OMC1	chr13	ecDNA	0.1069308817386627	0.3899999856948852	0	0	0.0	0	0	-0.2830691039562225	0	0	0.174287073174118	0
loo	OMC1	OMC1	chr13	seismic_amplification	0.0527759753167629	0.8299999833106995	0	0	0.0	0	0	-0.7772240079939365	0	0	0.09395053932036135	0
loo	OMC1	OMC1	chr14	BFB	0.0673196539282798	0.4399999976158142	0	0	0.0	0	0	-0.37268034368753444	0	0	0.153779565033686	0
loo	OMC1	OMC1	chr14	chromothripsis	0.0977551341056823	0.6899999976158142	0	0	0.0	0	0	-0.592244863510132	0	0	0.26692837688907606	0
loo	OMC1	OMC1	chr14	ecDNA	0.0771798267960548	0.3899999856948852	0	0	0.0	0	0	-0.3128201588988304	0	0	0.15455643287575818	0
loo	OMC1	OMC1	chr14	seismic_amplification	0.0832794159650802	0.8299999833106995	0	0	0.0	0	0	-0.7467205673456192	0	0	0.10727038790394136	0
loo	OMC1	OMC1	chr15	BFB	0.2223745882511139	0.4399999976158142	0	0	0.0	0	0	-0.21762540936470032	0	0	0.27767462974251655	0
loo	OMC1	OMC1	chr15	chromothripsis	0.1879092752933502	0.6899999976158142	0	0	0.0	0	0	-0.502090722322464	0	0	0.3601684213679302	0
loo	OMC1	OMC1	chr15	ecDNA	0.142774611711502	0.3899999856948852	0	0	0.0	0	0	-0.2472253739833832	0	0	0.2006327285343712	0
loo	OMC1	OMC1	chr15	seismic_amplification	0.0933682844042778	0.8299999833106995	0	0	0.0	0	0	-0.7366316989064217	0	0	0.11202901775249549	0
loo	OMC1	OMC1	chr16	BFB	0.1258947253227234	0.4399999976158142	0	0	0.0	0	0	-0.3141052722930908	0	0	0.19431352583922776	0
loo	OMC1	OMC1	chr16	chromothripsis	0.0881404429674148	0.6899999976158142	0	0	0.0	0	0	-0.6018595546483994	0	0	0.2579364289579691	0
loo	OMC1	OMC1	chr16	ecDNA	0.097602255642414	0.3899999856948852	0	0	0.0	0	0	-0.2923977300524712	0	0	0.16789500423844184	0
loo	OMC1	OMC1	chr16	seismic_amplification	0.0566171258687973	0.8299999833106995	0	0	0.0	0	0	-0.7733828574419022	0	0	0.09554244503003176	0
loo	OMC1	OMC1	chr17	BFB	0.1500816345214843	0.4399999976158142	0	0	0.0	0	0	-0.28991836309432995	0	0	0.21326612817897558	0
loo	OMC1	OMC1	chr17	chromothripsis	0.1129093095660209	0.6899999976158142	0	0	0.0	0	0	-0.5770906880497934	0	0	0.2814991983615956	0
loo	OMC1	OMC1	chr17	ecDNA	0.1320615112781524	0.3899999856948852	0	0	0.0	0	0	-0.2579384744167328	0	0	0.19245898433661543	0
loo	OMC1	OMC1	chr17	seismic_amplification	0.0890925377607345	0.8299999833106995	0	0	0.0	0	0	-0.7409074455499649	0	0	0.10999014301553418	0
loo	OMC1	OMC1	chr18	BFB	0.0856041312217712	0.4399999976158142	0	0	0.0	0	0	-0.354395866394043	0	0	0.16563172294188228	0
loo	OMC1	OMC1	chr18	chromothripsis	0.1003993153572082	0.6899999976158142	0	0	0.0	0	0	-0.589600682258606	0	0	0.2694359498979091	0
loo	OMC1	OMC1	chr18	ecDNA	0.0815699324011802	0.3899999856948852	0	0	0.0	0	0	-0.308430053293705	0	0	0.15734869639746082	0
loo	OMC1	OMC1	chr18	seismic_amplification	0.0646225661039352	0.8299999833106995	0	0	0.0	0	0	-0.7653774172067642	0	0	0.09893787786595759	0
loo	OMC1	OMC1	chr19	BFB	0.1790768653154373	0.4399999976158142	0	0	0.0	0	0	-0.2609231323003769	0	0	0.23771597251092294	0
loo	OMC1	OMC1	chr19	chromothripsis	0.2898344099521637	0.6899999976158142	0	1	0.0	0	0	-0.4001655876636505	0	0	0.47948020275933767	0
loo	OMC1	OMC1	chr19	ecDNA	0.1305597871541977	0.3899999856948852	0	0	0.0	0	0	-0.2594401985406875	0	0	0.19133371926563883	0
loo	OMC1	OMC1	chr19	seismic_amplification	0.1108868718147277	0.8299999833106995	0	0	0.0	0	0	-0.7191131114959718	0	0	0.12073053259234964	0
loo	OMC1	OMC1	chr2	BFB	0.1708447784185409	0.4399999976158142	0	0	0.0	0	0	-0.2691552191972733	0	0	0.2305832914026954	0
loo	OMC1	OMC1	chr2	chromothripsis	0.2664060592651367	0.6899999976158142	0	0	0.0	0	0	-0.4235939383506775	0	0	0.4513215759873645	0
loo	OMC1	OMC1	chr2	ecDNA	0.1171497851610183	0.3899999856948852	0	0	0.0	0	0	-0.2728502005338669	0	0	0.18150782471024735	0
loo	OMC1	OMC1	chr2	seismic_amplification	0.0968016758561134	0.8299999833106995	0	0	0.0	0	0	-0.733198307454586	0	0	0.1136900532510773	0
loo	OMC1	OMC1	chr20	BFB	0.2501979172229767	0.4399999976158142	0	0	0.4551909267902374	1	0	-0.18980208039283752	1	0	0.7377322509473292	0
loo	OMC1	OMC1	chr20	chromothripsis	0.1037101000547409	0.6899999976158142	0	0	0.0	0	0	-0.5862898975610733	0	0	0.2725965697961959	0
loo	OMC1	OMC1	chr20	ecDNA	0.1243558228015899	0.3899999856948852	0	0	0.0	0	0	-0.2656441628932953	0	0	0.1867382516376442	0
loo	OMC1	OMC1	chr20	seismic_amplification	0.0595621541142463	0.8299999833106995	0	0	0.0	0	0	-0.7704378291964532	0	0	0.09677926194835833	0
loo	OMC1	OMC1	chr21	BFB	0.1571351289749145	0.4399999976158142	0	0	0.0	0	0	-0.2828648686408997	0	0	0.2190405517096491	0
loo	OMC1	OMC1	chr21	chromothripsis	0.1145130395889282	0.6899999976158142	0	0	0.0	0	0	-0.575486958026886	0	0	0.28306920468072	0
loo	OMC1	OMC1	chr21	ecDNA	0.1522323042154312	0.3899999856948852	0	0	0.0	0	0	-0.23776768147945399	0	0	0.20806242844187095	0
loo	OMC1	OMC1	chr21	seismic_amplification	0.112179547548294	0.8299999833106995	0	0	0.0	0	0	-0.7178204357624055	0	0	0.12139517688326049	0
loo	OMC1	OMC1	chr22	BFB	0.353016048669815	0.4399999976158142	0	0	0.503533661365509	1	0	-0.0869839489459992	1	0	0.8279078984637801	0
loo	OMC1	OMC1	chr22	chromothripsis	0.0981560349464416	0.6899999976158142	0	0	0.0	0	0	-0.5918439626693726	0	0	0.26730760980735724	0
loo	OMC1	OMC1	chr22	ecDNA	0.1455400288105011	0.3899999856948852	0	0	0.0	0	0	-0.2444599568843841	0	0	0.2027843953502925	0
loo	OMC1	OMC1	chr22	seismic_amplification	0.0575921684503555	0.8299999833106995	0	0	0.0	0	0	-0.7724078148603439	0	0	0.09595035808845617	0
loo	OMC1	OMC1	chr3	BFB	0.2407256811857223	0.4399999976158142	0	0	0.0	0	0	-0.1992743164300919	0	0	0.29580556149518805	0
loo	OMC1	OMC1	chr3	chromothripsis	0.1784169524908065	0.6899999976158142	0	0	0.0	0	0	-0.5115830451250077	0	0	0.34966759387313195	0
loo	OMC1	OMC1	chr3	ecDNA	0.1849680542945861	0.3899999856948852	0	0	0.0	0	0	-0.2050319314002991	0	0	0.23532858769410053	0
loo	OMC1	OMC1	chr3	seismic_amplification	0.1007532849907875	0.8299999833106995	0	0	0.0	0	0	-0.729246698319912	0	0	0.11562833130645504	0
loo	OMC1	OMC1	chr4	BFB	0.1731913536787033	0.4399999976158142	0	0	0.0	0	0	-0.2668086439371109	0	0	0.2326010997773733	0
loo	OMC1	OMC1	chr4	chromothripsis	0.1799597144126892	0.6899999976158142	0	0	0.0	0	0	-0.510040283203125	0	0	0.351364690509183	0
loo	OMC1	OMC1	chr4	ecDNA	0.0983113497495651	0.3899999856948852	0	0	0.0	0	0	-0.29168863594532013	0	0	0.16837423616316508	0
loo	OMC1	OMC1	chr4	seismic_amplification	0.0747993886470794	0.8299999833106995	0	0	0.0	0	0	-0.7552005946636201	0	0	0.10340906674509258	0
loo	OMC1	OMC1	chr5	BFB	0.130634918808937	0.4399999976158142	0	0	0.0	0	0	-0.30936507880687725	0	0	0.1979245422984567	0
loo	OMC1	OMC1	chr5	chromothripsis	0.1505662947893142	0.6899999976158142	0	0	0.0	0	0	-0.5394337028265	0	0	0.31971614738729814	0
loo	OMC1	OMC1	chr5	ecDNA	0.1377603560686111	0.3899999856948852	0	0	0.0	0	0	-0.2522396296262741	0	0	0.19677504420923722	0
loo	OMC1	OMC1	chr5	seismic_amplification	0.09416214376688	0.8299999833106995	0	0	0.0	0	0	-0.7358378395438194	0	0	0.11241118289522249	0
loo	OMC1	OMC1	chr6	BFB	0.1625294238328933	0.4399999976158142	0	0	0.0	0	0	-0.27747057378292095	0	0	0.22353200649376462	0
loo	OMC1	OMC1	chr6	chromothripsis	0.0841170623898506	0.6899999976158142	0	0	0.0	0	0	-0.6058829352259636	0	0	0.2542328277985865	0
loo	OMC1	OMC1	chr6	ecDNA	0.1321801096200943	0.3899999856948852	0	0	0.0	0	0	-0.2578198760747909	0	0	0.19254806631376817	0
loo	OMC1	OMC1	chr6	seismic_amplification	0.0686470121145248	0.8299999833106995	0	0	0.0	0	0	-0.7613529711961746	0	0	0.10068507526731257	0
loo	OMC1	OMC1	chr7	BFB	0.2313151806592941	0.4399999976158142	0	0	0.0	0	0	-0.2086848169565201	0	0	0.28642226265488197	0
loo	OMC1	OMC1	chr7	chromothripsis	0.1644688546657562	0.6899999976158142	0	0	0.0	0	0	-0.525531142950058	0	0	0.33450069467411275	0
loo	OMC1	OMC1	chr7	ecDNA	0.1072491630911827	0.3899999856948852	0	0	0.0	0	0	-0.2827508226037025	0	0	0.1745085125711357	0
loo	OMC1	OMC1	chr7	seismic_amplification	0.0666027814149856	0.8299999833106995	0	0	0.0	0	0	-0.7633972018957138	0	0	0.09979418224904583	0
loo	OMC1	OMC1	chr8	BFB	0.1823072433471679	0.4399999976158142	0	0	0.0	0	0	-0.2576927542686463	0	0	0.2405560702167343	0
loo	OMC1	OMC1	chr8	chromothripsis	0.0956472977995872	0.6899999976158142	0	0	0.0	0	0	-0.594352699816227	0	0	0.26494010183478844	0
loo	OMC1	OMC1	chr8	ecDNA	0.125153362751007	0.3899999856948852	0	0	0.0	0	0	-0.2648466229438782	0	0	0.18732421716747683	0
loo	OMC1	OMC1	chr8	seismic_amplification	0.0696586966514587	0.8299999833106995	0	0	0.0	0	0	-0.7603412866592407	0	0	0.10112858346944396	0
loo	OMC1	OMC1	chr9	BFB	0.2165327370166778	0.4399999976158142	0	0	0.0	0	0	-0.2234672605991364	0	0	0.2720485513681431	0
loo	OMC1	OMC1	chr9	chromothripsis	0.0840098559856414	0.6899999976158142	0	0	0.0	0	0	-0.6059901416301728	0	0	0.2541346231069406	0
loo	OMC1	OMC1	chr9	ecDNA	0.1171099990606308	0.3899999856948852	0	0	0.0	0	0	-0.2728899866342544	0	0	0.1814792654745885	0
loo	OMC1	OMC1	chr9	seismic_amplification	0.0423477403819561	0.8299999833106995	0	0	0.0	0	0	-0.7876522429287434	0	0	0.0897480409011012	0
loo	OMC1	OMC1	chrX	BFB	0.1204602122306823	0.4399999976158142	0	0	0.0	0	0	-0.3195397853851319	0	0	0.19023536252885914	0
loo	OMC1	OMC1	chrX	chromothripsis	0.1066101863980293	0.6899999976158142	0	0	0.0	0	0	-0.5833898112177849	0	0	0.27538408738211045	0
loo	OMC1	OMC1	chrX	ecDNA	0.0887314155697822	0.3899999856948852	0	0	0.0	0	0	-0.301268570125103	0	0	0.161991522652798	0
loo	OMC1	OMC1	chrX	seismic_amplification	0.0558846853673458	0.8299999833106995	0	0	0.0	0	0	-0.7741152979433537	0	0	0.09523704637013455	0
loo	QGU	QGU	chr1	BFB	0.082401305437088	0.3000000119209289	0	0	0.0	0	0	-0.2175987064838409	0	0	0.20852299407491998	0
loo	QGU	QGU	chr1	chromothripsis	0.1019338816404342	0.6499999761581421	0	0	0.0	0	0	-0.5480660945177079	0	0	0.2900839478923701	0
loo	QGU	QGU	chr1	ecDNA	0.0380449146032333	0.3300000131130218	0	0	0.0	0	0	-0.2919550985097885	0	0	0.14506817709091993	0
loo	QGU	QGU	chr1	seismic_amplification	0.0416066534817218	0.5400000214576721	0	0	0.0	0	0	-0.4983933679759503	0	0	0.15115205415512312	0
loo	QGU	QGU	chr10	BFB	0.1020349785685539	0.3000000119209289	0	0	0.0	0	0	-0.197965033352375	0	0	0.22505870091095762	0
loo	QGU	QGU	chr10	chromothripsis	0.1205003410577774	0.6499999761581421	0	0	0.0	0	0	-0.5294996351003647	0	0	0.30941693913383833	0
loo	QGU	QGU	chr10	ecDNA	0.0409945845603942	0.3300000131130218	0	0	0.0	0	0	-0.2890054285526276	0	0	0.14689292282474006	0
loo	QGU	QGU	chr10	seismic_amplification	0.0444225370883941	0.5400000214576721	0	0	0.0	0	0	-0.495577484369278	0	0	0.15295359738453942	0
loo	QGU	QGU	chr11	BFB	0.9256253838539124	0.3000000119209289	1	1	0.9321253299713136	1	1	0.6256253719329834	1	1	0.9934873775287424	1
loo	QGU	QGU	chr11	chromothripsis	0.3294610679149627	0.6499999761581421	0	0	0.0	0	0	-0.3205389082431794	0	0	0.5582470016834227	0
loo	QGU	QGU	chr11	ecDNA	0.5916672348976135	0.3300000131130218	1	1	0.6608794927597046	1	1	0.26166722178459173	1	1	0.9489035430494245	0
loo	QGU	QGU	chr11	seismic_amplification	0.1855214238166809	0.5400000214576721	0	0	0.0	0	0	-0.3544785976409912	0	0	0.2666932049779429	0
loo	QGU	QGU	chr12	BFB	0.0618106573820114	0.3000000119209289	0	0	0.0	0	0	-0.23818935453891749	0	0	0.19216155222046466	0
loo	QGU	QGU	chr12	chromothripsis	0.1166954785585403	0.6499999761581421	0	1	0.0	0	0	-0.5333044975996017	0	0	0.3053972058130602	0
loo	QGU	QGU	chr12	ecDNA	0.0296586770564317	0.3300000131130218	0	0	0.0	0	0	-0.3003413360565901	0	0	0.13998292586824396	0
loo	QGU	QGU	chr12	seismic_amplification	0.0444235950708389	0.5400000214576721	0	0	0.0	0	0	-0.4955764263868332	0	0	0.15295427755407995	0
loo	QGU	QGU	chr13	BFB	0.0904978588223457	0.3000000119209289	0	0	0.0	0	0	-0.2095021530985832	0	0	0.21523141309669225	0
loo	QGU	QGU	chr13	chromothripsis	0.1153037771582603	0.6499999761581421	0	0	0.0	0	0	-0.5346961989998817	0	0	0.3039342416128076	0
loo	QGU	QGU	chr13	ecDNA	0.0503405816853046	0.3300000131130218	0	0	0.4593993723392486	1	0	-0.2796594314277172	1	0	0.5163535712153146	0
loo	QGU	QGU	chr13	seismic_amplification	0.076999731361866	0.5400000214576721	0	0	0.0	0	0	-0.4630002900958061	0	0	0.1750909566526915	0
loo	QGU	QGU	chr14	BFB	0.0822248086333274	0.3000000119209289	0	0	0.0	0	0	-0.2177752032876015	0	0	0.2083784869539405	0
loo	QGU	QGU	chr14	chromothripsis	0.1280084699392318	0.6499999761581421	0	0	0.0	0	0	-0.5219915062189103	0	0	0.3174338463732183	0
loo	QGU	QGU	chr14	ecDNA	0.0478216595947742	0.3300000131130218	0	0	0.0	0	0	-0.2821783535182476	0	0	0.15118922223193126	0
loo	QGU	QGU	chr14	seismic_amplification	0.0628904551267623	0.5400000214576721	0	0	0.0	0	0	-0.47710956633090984	0	0	0.16520761915366708	0
loo	QGU	QGU	chr15	BFB	0.1781281232833862	0.3000000119209289	0	0	0.4915068745613098	1	0	-0.1218718886375427	1	0	0.7204096281658706	0
loo	QGU	QGU	chr15	chromothripsis	0.224847674369812	0.6499999761581421	0	0	0.0	0	0	-0.4251523017883301	0	0	0.4292141560578888	0
loo	QGU	QGU	chr15	ecDNA	0.0528154037892818	0.3300000131130218	0	0	0.0	0	0	-0.27718460932374	0	0	0.15439679666551132	0
loo	QGU	QGU	chr15	seismic_amplification	0.0463994331657886	0.5400000214576721	0	0	0.0	0	0	-0.4936005882918835	0	0	0.15422885907244868	0
loo	QGU	QGU	chr16	BFB	0.1630745381116867	0.3000000119209289	0	0	0.0	0	0	-0.1369254738092422	0	0	0.28220752782486896	0
loo	QGU	QGU	chr16	chromothripsis	0.269558846950531	0.6499999761581421	0	0	0.0	0	0	-0.3804411292076111	0	0	0.48420676427139137	0
loo	QGU	QGU	chr16	ecDNA	0.0643072575330734	0.3300000131130218	0	0	0.0	0	0	-0.2656927555799484	0	0	0.16198939564649953	0
loo	QGU	QGU	chr16	seismic_amplification	0.0527638830244541	0.5400000214576721	0	0	0.0	0	0	-0.487236138433218	0	0	0.15839354706333572	0
loo	QGU	QGU	chr17	BFB	0.2006428837776184	0.3000000119209289	0	0	0.0	0	0	-0.09935712814331049	0	0	0.3214497027081025	0
loo	QGU	QGU	chr17	chromothripsis	0.2022396028041839	0.6499999761581421	0	0	0.0	0	0	-0.4477603733539582	0	0	0.4019749116252389	0
loo	QGU	QGU	chr17	ecDNA	0.0907840877771377	0.3300000131130218	0	0	0.0	0	0	-0.2392159253358841	0	0	0.18062518693863014	0
loo	QGU	QGU	chr17	seismic_amplification	0.0905553102493286	0.5400000214576721	0	0	0.0	0	0	-0.4494447112083435	0	0	0.1850195626422258	0
loo	QGU	QGU	chr18	BFB	0.6986920237541199	0.3000000119209289	1	1	0.7039356231689453	1	1	0.398692011833191	1	1	0.9760806801503309	1
loo	QGU	QGU	chr18	chromothripsis	0.4727104306221008	0.6499999761581421	0	0	0.0	0	0	-0.17728954553604132	0	0	0.7200837981795982	0
loo	QGU	QGU	chr18	ecDNA	0.3741983473300934	0.3300000131130218	1	1	0.4667744934558868	1	1	0.04419833421707159	1	1	0.8427317266225783	0
loo	QGU	QGU	chr18	seismic_amplification	0.1620208919048309	0.5400000214576721	0	0	0.0	0	0	-0.3779791295528412	0	0	0.244515848108891	0
loo	QGU	QGU	chr19	BFB	0.1350266933441162	0.3000000119209289	0	0	0.0	0	0	-0.1649733185768127	0	0	0.25488696581840675	0
loo	QGU	QGU	chr19	chromothripsis	0.2029076069593429	0.6499999761581421	0	0	0.0	0	0	-0.4470923691987992	0	0	0.40277200515591044	0
loo	QGU	QGU	chr19	ecDNA	0.069888137280941	0.3300000131130218	0	0	0.0	0	0	-0.2601118758320808	0	0	0.16578399721909842	0
loo	QGU	QGU	chr19	seismic_amplification	0.0893179848790168	0.5400000214576721	0	0	0.0	0	0	-0.4506820365786553	0	0	0.18409554696638553	0
loo	QGU	QGU	chr2	BFB	0.2126631289720535	0.3000000119209289	0	0	0.0	0	0	-0.0873368829488754	0	0	0.33459587452756007	0
loo	QGU	QGU	chr2	chromothripsis	0.7373817563056946	0.6499999761581421	1	0	0.738959550857544	1	1	0.08738178014755249	1	1	0.9862428920251917	1
loo	QGU	QGU	chr2	ecDNA	0.1896523684263229	0.3300000131130218	0	0	0.0	0	0	-0.14034764468669889	0	0	0.2647320115383607	0
loo	QGU	QGU	chr2	seismic_amplification	0.48609659075737	0.5400000214576721	0	0	0.0	0	0	-0.053903430700302124	0	0	0.617756793886029	0
loo	QGU	QGU	chr20	BFB	0.0672205835580825	0.3000000119209289	0	0	0.0	0	0	-0.2327794283628464	0	0	0.19636330954756542	0
loo	QGU	QGU	chr20	chromothripsis	0.1349827647209167	0.6499999761581421	0	0	0.0	0	0	-0.5150172114372253	0	0	0.3249791781998924	0
loo	QGU	QGU	chr20	ecDNA	0.0366942696273326	0.3300000131130218	0	0	0.0	0	0	-0.2933057434856892	0	0	0.14423893301083685	0
loo	QGU	QGU	chr20	seismic_amplification	0.0623761564493179	0.5400000214576721	0	0	0.0	0	0	-0.47762386500835424	0	0	0.16485595844566375	0
loo	QGU	QGU	chr21	BFB	0.0623702406883239	0.3000000119209289	0	0	0.0	0	0	-0.237629771232605	0	0	0.19259296986650687	0
loo	QGU	QGU	chr21	chromothripsis	0.1227322220802307	0.6499999761581421	0	0	0.0	0	0	-0.5272677540779114	0	0	0.31178839616701653	0
loo	QGU	QGU	chr21	ecDNA	0.0419189147651195	0.3300000131130218	0	0	0.0	0	0	-0.2880810983479023	0	0	0.14746863548011663	0
loo	QGU	QGU	chr21	seismic_amplification	0.0666932091116905	0.5400000214576721	0	0	0.0	0	0	-0.4733068123459816	0	0	0.16782650877892266	0
loo	QGU	QGU	chr22	BFB	0.1170454248785972	0.3000000119209289	0	0	0.0	0	0	-0.1829545870423317	0	0	0.23831463983244872	0
loo	QGU	QGU	chr22	chromothripsis	0.1805118322372436	0.6499999761581421	0	0	0.0	0	0	-0.4694881439208985	0	0	0.3763523431762272	0
loo	QGU	QGU	chr22	ecDNA	0.0741844624280929	0.3300000131130218	0	0	0.0	0	0	-0.2558155506849289	0	0	0.16875346232854388	0
loo	QGU	QGU	chr22	seismic_amplification	0.0886385589838028	0.5400000214576721	0	0	0.0	0	0	-0.4513614624738693	0	0	0.18358968386555571	0
loo	QGU	QGU	chr3	BFB	0.219226062297821	0.3000000119209289	0	0	0.0	0	0	-0.08077394962310791	0	0	0.3418851137007773	0
loo	QGU	QGU	chr3	chromothripsis	0.3831052184104919	0.6499999761581421	0	0	0.0	0	0	-0.2668947577476502	0	0	0.6225161161523266	0
loo	QGU	QGU	chr3	ecDNA	0.1621923148632049	0.3300000131130218	0	0	0.0	0	0	-0.1678076982498169	0	0	0.23907121974630485	0
loo	QGU	QGU	chr3	seismic_amplification	0.2243563532829284	0.5400000214576721	0	0	0.0	0	0	-0.3156436681747437	0	0	0.30602694986416	0
loo	QGU	QGU	chr4	BFB	0.0550552681088447	0.3000000119209289	0	0	0.0	0	0	-0.2449447438120842	0	0	0.18701147681747257	0
loo	QGU	QGU	chr4	chromothripsis	0.1122342646121978	0.6499999761581421	0	0	0.0	0	0	-0.5377657115459443	0	0	0.3007215655004714	0
loo	QGU	QGU	chr4	ecDNA	0.0226196367293596	0.3300000131130218	0	0	0.0	0	0	-0.3073803763836622	0	0	0.13583055798158952	0
loo	QGU	QGU	chr4	seismic_amplification	0.0323326587677001	0.5400000214576721	0	0	0.0	0	0	-0.507667362689972	0	0	0.14534187184342848	0
loo	QGU	QGU	chr5	BFB	0.3733818233013153	0.3000000119209289	1	0	0.6529515981674194	1	1	0.07338181138038641	1	1	0.8861089494460729	0
loo	QGU	QGU	chr5	chromothripsis	0.1930794417858123	0.6499999761581421	0	0	0.0	0	0	-0.4569205343723298	0	0	0.39109845861956416	0
loo	QGU	QGU	chr5	ecDNA	0.1361621469259262	0.3300000131130218	0	0	0.5022123456001282	1	0	-0.1938378661870956	1	0	0.6288817757077643	0
loo	QGU	QGU	chr5	seismic_amplification	0.0843630284070968	0.5400000214576721	0	0	0.0	0	0	-0.4556369930505753	0	0	0.18043107406837688	0
loo	QGU	QGU	chr6	BFB	0.0586610026657581	0.3000000119209289	0	0	0.0	0	0	-0.2413390092551708	0	0	0.18974702719844827	0
loo	QGU	QGU	chr6	chromothripsis	0.0791568309068679	0.6499999761581421	0	0	0.0	0	0	-0.5708431452512742	0	0	0.26737147375983	0
loo	QGU	QGU	chr6	ecDNA	0.0299009382724761	0.3300000131130218	0	0	0.0	0	0	-0.3000990748405457	0	0	0.14012771134766652	0
loo	QGU	QGU	chr6	seismic_amplification	0.0454551316797733	0.5400000214576721	0	0	0.0	0	0	-0.4945448897778988	0	0	0.15361862516016137	0
loo	QGU	QGU	chr7	BFB	0.1313373148441314	0.3000000119209289	0	0	0.0	0	0	-0.1686626970767975	0	0	0.2514256798745992	0
loo	QGU	QGU	chr7	chromothripsis	0.1196652650833129	0.6499999761581421	0	0	0.0	0	0	-0.5303347110748292	0	0	0.30853220341435583	0
loo	QGU	QGU	chr7	ecDNA	0.0425363518297672	0.3300000131130218	0	0	0.0	0	0	-0.2874636612832546	0	0	0.14785424055821192	0
loo	QGU	QGU	chr7	seismic_amplification	0.0463661886751651	0.5400000214576721	0	0	0.0	0	0	-0.493633832782507	0	0	0.15420734193732719	0
loo	QGU	QGU	chr8	BFB	0.199552983045578	0.3000000119209289	0	0	0.0	0	0	-0.1004470288753509	0	0	0.32027119394612175	0
loo	QGU	QGU	chr8	chromothripsis	0.2105284035205841	0.6499999761581421	0	0	0.0	0	0	-0.439471572637558	0	0	0.4119009087278001	0
loo	QGU	QGU	chr8	ecDNA	0.0539277829229831	0.3300000131130218	0	0	0.0	0	0	-0.2760722301900387	0	0	0.15511882948923905	0
loo	QGU	QGU	chr8	seismic_amplification	0.0583415329456329	0.5400000214576721	0	0	0.0	0	0	-0.48165848851203924	0	0	0.16211803437713823	0
loo	QGU	QGU	chr9	BFB	0.5107442140579224	0.3000000119209289	1	0	0.0	0	1	0.21074420213699346	1	0	0.6881867597658038	0
loo	QGU	QGU	chr9	chromothripsis	0.4719038903713226	0.6499999761581421	0	0	0.0	0	0	-0.1780960857868195	0	0	0.719276395340396	0
loo	QGU	QGU	chr9	ecDNA	0.2415986359119415	0.3300000131130218	0	0	0.0	0	0	-0.0884013772010803	0	0	0.3178324038353721	0
loo	QGU	QGU	chr9	seismic_amplification	0.0976705849170684	0.5400000214576721	0	0	0.0	0	0	-0.44232943654060375	0	0	0.19040274120212503	0
loo	QGU	QGU	chrX	BFB	0.062728077173233	0.3000000119209289	0	0	0.0	0	0	-0.2372719347476959	0	0	0.19286923470406775	0
loo	QGU	QGU	chrX	chromothripsis	0.1063977032899856	0.6499999761581421	0	0	0.0	0	0	-0.5436022728681564	0	0	0.29466657752306386	0
loo	QGU	QGU	chrX	ecDNA	0.0709859952330589	0.3300000131130218	0	0	0.0	0	0	-0.2590140178799629	0	0	0.16653879163651825	0
loo	QGU	QGU	chrX	seismic_amplification	0.070592887699604	0.5400000214576721	0	0	0.0	0	0	-0.4694071337580681	0	0	0.17054646068456314	0
loo	SCC090	SCC090	chr1	BFB	0.1221065372228622	0.6600000262260437	0	0	0.0	0	0	-0.5378934890031815	0	0	0.11324772408765081	0
loo	SCC090	SCC090	chr1	chromothripsis	0.1726585328578949	0.7099999785423279	0	0	0.0	0	0	-0.537341445684433	0	0	0.34575629622302545	0
loo	SCC090	SCC090	chr1	ecDNA	0.1102361753582954	0.4300000071525574	0	0	0.0	0	0	-0.319763831794262	0	0	0.1421515479756552	0
loo	SCC090	SCC090	chr1	seismic_amplification	0.0716292262077331	0.8299999833106995	0	0	0.0	0	0	-0.7583707571029663	0	0	0.10006155629098513	0
loo	SCC090	SCC090	chr10	BFB	0.0696745067834854	0.6600000262260437	0	0	0.0	0	0	-0.5903255194425583	0	0	0.09026367982510272	0
loo	SCC090	SCC090	chr10	chromothripsis	0.0693200603127479	0.7099999785423279	0	0	0.0	0	0	-0.6406799182295799	0	0	0.24319092959981833	0
loo	SCC090	SCC090	chr10	ecDNA	0.0837066248059272	0.4300000071525574	0	0	0.0	0	0	-0.3462933823466302	0	0	0.12727626072530865	0
loo	SCC090	SCC090	chr10	seismic_amplification	0.0404233857989311	0.8299999833106995	0	0	0.0	0	0	-0.7895765975117683	0	0	0.08732206242781818	0
loo	SCC090	SCC090	chr11	BFB	0.0675286427140235	0.6600000262260437	0	0	0.0	0	0	-0.5924713835120202	0	0	0.08941890777182737	0
loo	SCC090	SCC090	chr11	chromothripsis	0.0869193971157074	0.7099999785423279	0	0	0.0	0	0	-0.6230805814266205	0	0	0.2591227754689848	0
loo	SCC090	SCC090	chr11	ecDNA	0.0892024338245391	0.4300000071525574	0	0	0.0	0	0	-0.3407975733280183	0	0	0.1302443819919802	0
loo	SCC090	SCC090	chr11	seismic_amplification	0.0451352037489414	0.8299999833106995	0	0	0.0	0	0	-0.784864779561758	0	0	0.08914697965553596	0
loo	SCC090	SCC090	chr12	BFB	0.0531824305653572	0.6600000262260437	0	0	0.0	0	0	-0.6068175956606865	0	0	0.08395227413987945	0
loo	SCC090	SCC090	chr12	chromothripsis	0.0524940975010395	0.7099999785423279	0	0	0.0	0	0	-0.6575058810412884	0	0	0.22859317674236135	0
loo	SCC090	SCC090	chr12	ecDNA	0.0540814138948917	0.4300000071525574	0	0	0.0	0	0	-0.3759185932576657	0	0	0.1122573098898357	0
loo	SCC090	SCC090	chr12	seismic_amplification	0.0240765996277332	0.8299999833106995	0	0	0.0	0	0	-0.8059233836829662	0	0	0.08125018282080783	0
loo	SCC090	SCC090	chr13	BFB	0.3195125162601471	0.6600000262260437	0	0	0.0	0	0	-0.3404875099658966	0	0	0.24832124113770393	0
loo	SCC090	SCC090	chr13	chromothripsis	0.0999870598316192	0.7099999785423279	0	0	0.0	0	0	-0.6100129187107087	0	0	0.27138257390759685	0
loo	SCC090	SCC090	chr13	ecDNA	0.2102857083082199	0.4300000071525574	0	0	0.0	0	0	-0.21971429884433746	0	0	0.2115096130427498	0
loo	SCC090	SCC090	chr13	seismic_amplification	0.0851457267999649	0.8299999833106995	0	0	0.0	0	0	-0.7448542565107346	0	0	0.10607587848856466	0
loo	SCC090	SCC090	chr14	BFB	0.0470002219080925	0.6600000262260437	0	0	0.0	0	0	-0.6129998043179512	0	0	0.08169146065576924	0
loo	SCC090	SCC090	chr14	chromothripsis	0.1305012702941894	0.7099999785423279	0	0	0.0	0	0	-0.5794987082481384	0	0	0.30138527609758703	0
loo	SCC090	SCC090	chr14	ecDNA	0.0526311844587326	0.4300000071525574	0	0	0.0	0	0	-0.37736882269382477	0	0	0.11156338948287355	0
loo	SCC090	SCC090	chr14	seismic_amplification	0.0296078640967607	0.8299999833106995	0	0	0.0	0	0	-0.8003921192139387	0	0	0.08326037400375774	0
loo	SCC090	SCC090	chr15	BFB	0.2331674695014953	0.6600000262260437	0	0	0.0	0	0	-0.4268325567245484	0	0	0.17897753952268208	0
loo	SCC090	SCC090	chr15	chromothripsis	0.6161580085754395	0.7099999785423279	0	0	0.0	0	0	-0.09384196996688843	0	0	0.8171957081384461	0
loo	SCC090	SCC090	chr15	ecDNA	0.1439243704080581	0.4300000071525574	0	0	0.0	0	0	-0.28607563674449926	0	0	0.16309967887023782	0
loo	SCC090	SCC090	chr15	seismic_amplification	0.1371441483497619	0.8299999833106995	0	0	0.0	0	0	-0.6928558349609375	0	0	0.13226003199423259	0
loo	SCC090	SCC090	chr16	BFB	0.0906123667955398	0.6600000262260437	0	0	0.0	0	0	-0.5693876594305038	0	0	0.09889035295214704	0
loo	SCC090	SCC090	chr16	chromothripsis	0.3702372610569	0.7099999785423279	0	0	0.0	0	0	-0.33976271748542786	0	0	0.5777364457380785	0
loo	SCC090	SCC090	chr16	ecDNA	0.0828546658158302	0.4300000071525574	0	0	0.0	0	0	-0.34714534133672714	0	0	0.12682135023317448	0
loo	SCC090	SCC090	chr16	seismic_amplification	0.0544862486422061	0.8299999833106995	0	0	0.0	0	0	-0.7755137346684934	0	0	0.09287085983425288	0
loo	SCC090	SCC090	chr17	BFB	0.1394930034875869	0.6600000262260437	0	0	0.0	0	0	-0.5205070227384568	0	0	0.12192974008334731	0
loo	SCC090	SCC090	chr17	chromothripsis	0.098486378788948	0.7099999785423279	0	0	0.0	0	0	-0.6115135997533798	0	0	0.2699563149452468	0
loo	SCC090	SCC090	chr17	ecDNA	0.0587497167289257	0.4300000071525574	0	0	0.0	0	0	-0.37125029042363167	0	0	0.11451669751299691	0
loo	SCC090	SCC090	chr17	seismic_amplification	0.042280089110136	0.8299999833106995	0	0	0.0	0	0	-0.7877198942005634	0	0	0.0880371073259774	0
loo	SCC090	SCC090	chr18	BFB	0.0659301578998565	0.6600000262260437	0	0	0.0	0	0	-0.5940698683261872	0	0	0.0887942654834554	0
loo	SCC090	SCC090	chr18	chromothripsis	0.1525336056947708	0.7099999785423279	0	0	0.0	0	0	-0.5574663728475571	0	0	0.324178151045555	0
loo	SCC090	SCC090	chr18	ecDNA	0.0859949067234993	0.4300000071525574	0	0	0.0	0	0	-0.3440051004290581	0	0	0.12850501041604576	0
loo	SCC090	SCC090	chr18	seismic_amplification	0.0469954907894134	0.8299999833106995	0	0	0.0	0	0	-0.783004492521286	0	0	0.08987690783192054	0
loo	SCC090	SCC090	chr19	BFB	0.0759549289941787	0.6600000262260437	0	0	0.0	0	0	-0.584045097231865	0	0	0.09277756340667699	0
loo	SCC090	SCC090	chr19	chromothripsis	0.1326863765716552	0.7099999785423279	0	0	0.0	0	0	-0.5773136019706727	0	0	0.30360492263218214	0
loo	SCC090	SCC090	chr19	ecDNA	0.0840106830000877	0.4300000071525574	0	0	0.0	0	0	-0.3459893241524697	0	0	0.127438952267599	0
loo	SCC090	SCC090	chr19	seismic_amplification	0.0595977939665317	0.8299999833106995	0	0	0.0	0	0	-0.7704021893441677	0	0	0.09496496744167485	0
loo	SCC090	SCC090	chr2	BFB	0.0745213702321052	0.6600000262260437	0	0	0.0	0	0	-0.5854786559939384	0	0	0.09219826979046573	0
loo	SCC090	SCC090	chr2	chromothripsis	0.1433969140052795	0.7099999785423279	0	0	0.0	0	0	-0.5666030645370483	0	0	0.3146164177009384	0
loo	SCC090	SCC090	chr2	ecDNA	0.0831436291337013	0.4300000071525574	0	0	0.0	0	0	-0.34685637801885605	0	0	0.12697548860804017	0
loo	SCC090	SCC090	chr2	seismic_amplification	0.0627542436122894	0.8299999833106995	0	0	0.0	0	0	-0.76724573969841	0	0	0.09627912609221773	0
loo	SCC090	SCC090	chr20	BFB	0.0935088545083999	0.6600000262260437	0	0	0.0	0	0	-0.5664911717176438	0	0	0.1001399768877987	0
loo	SCC090	SCC090	chr20	chromothripsis	0.0759700536727905	0.7099999785423279	0	0	0.0	0	0	-0.6340299248695374	0	0	0.2491318012589463	0
loo	SCC090	SCC090	chr20	ecDNA	0.052114974707365	0.4300000071525574	0	0	0.0	0	0	-0.3778850324451924	0	0	0.11131729481971007	0
loo	SCC090	SCC090	chr20	seismic_amplification	0.0266939401626586	0.8299999833106995	0	0	0.0	0	0	-0.8033060431480409	0	0	0.08219581206291414	0
loo	SCC090	SCC090	chr21	BFB	0.0475497171282768	0.6600000262260437	0	0	0.0	0	0	-0.6124503090977669	0	0	0.08189014193386253	0
loo	SCC090	SCC090	chr21	chromothripsis	0.0877398774027824	0.7099999785423279	0	0	0.0	0	0	-0.6222601011395454	0	0	0.25988184221704386	0
loo	SCC090	SCC090	chr21	ecDNA	0.0471776947379112	0.4300000071525574	0	0	0.0	0	0	-0.38282231241464615	0	0	0.10898743434269369	0
loo	SCC090	SCC090	chr21	seismic_amplification	0.0240743029862642	0.8299999833106995	0	0	0.0	0	0	-0.8059256803244352	0	0	0.0812493574294371	0
loo	SCC090	SCC090	chr22	BFB	0.1520772129297256	0.6600000262260437	0	0	0.0	0	0	-0.507922813296318	0	0	0.12856624789765564	0
loo	SCC090	SCC090	chr22	chromothripsis	0.3789804577827453	0.7099999785423279	0	0	0.0	0	0	-0.3310195207595826	0	0	0.5879705076088106	0
loo	SCC090	SCC090	chr22	ecDNA	0.1284670829772949	0.4300000071525574	0	0	0.0	0	0	-0.30153292417526245	0	0	0.1531946081403635	0
loo	SCC090	SCC090	chr22	seismic_amplification	0.0987350493669509	0.8299999833106995	0	0	0.0	0	0	-0.7312649339437486	0	0	0.11244153043938664	0
loo	SCC090	SCC090	chr3	BFB	0.1740933656692505	0.6600000262260437	0	0	0.0	0	0	-0.4859066605567932	0	0	0.14091636125725224	0
loo	SCC090	SCC090	chr3	chromothripsis	0.085257202386856	0.7099999785423279	0	0	0.0	0	0	-0.6247427761554719	0	0	0.2575894223417549	0
loo	SCC090	SCC090	chr3	ecDNA	0.1191302612423896	0.4300000071525574	0	0	0.0	0	0	-0.3108697459101678	0	0	0.1474536671471787	0
loo	SCC090	SCC090	chr3	seismic_amplification	0.0586250722408294	0.8299999833106995	0	0	0.0	0	0	-0.7713749110698701	0	0	0.0945632314375311	0
loo	SCC090	SCC090	chr4	BFB	0.0531921051442623	0.6600000262260437	0	0	0.0	0	0	-0.6068079210817814	0	0	0.08395585624373418	0
loo	SCC090	SCC090	chr4	chromothripsis	0.072927601635456	0.7099999785423279	0	0	0.0	0	0	-0.6370723769068719	0	0	0.24640179874926496	0
loo	SCC090	SCC090	chr4	ecDNA	0.0741935297846794	0.4300000071525574	0	0	0.0	0	0	-0.35580647736787796	0	0	0.12227514048753628	0
loo	SCC090	SCC090	chr4	seismic_amplification	0.0360415652394294	0.8299999833106995	0	0	0.0	0	0	-0.7939584180712701	0	0	0.08565534213318522	0
loo	SCC090	SCC090	chr5	BFB	0.0627107396721839	0.6600000262260437	0	0	0.0	0	0	-0.5972892865538598	0	0	0.08754815079818842	0
loo	SCC090	SCC090	chr5	chromothripsis	0.0926918908953666	0.7099999785423279	0	0	0.0	0	0	-0.6173080876469613	0	0	0.2644937286304764	0
loo	SCC090	SCC090	chr5	ecDNA	0.0605496615171432	0.4300000071525574	0	0	0.0	0	0	-0.3694503456354142	0	0	0.1153983673001753	0
loo	SCC090	SCC090	chr5	seismic_amplification	0.0312833152711391	0.8299999833106995	0	0	0.0	0	0	-0.7987166680395603	0	0	0.08387813896322044	0
loo	SCC090	SCC090	chr6	BFB	0.0904922857880592	0.6600000262260437	0	0	0.0	0	0	-0.5695077404379845	0	0	0.09883884760725893	0
loo	SCC090	SCC090	chr6	chromothripsis	0.1896787732839584	0.7099999785423279	0	0	0.0	0	0	-0.5203212052583694	0	0	0.36451922203434484	0
loo	SCC090	SCC090	chr6	ecDNA	0.0947435647249221	0.4300000071525574	0	0	0.0	0	0	-0.3352564424276353	0	0	0.133296357053107	0
loo	SCC090	SCC090	chr6	seismic_amplification	0.0614653192460536	0.8299999833106995	0	0	0.0	0	0	-0.7685346640646459	0	0	0.0957405427096202	0
loo	SCC090	SCC090	chr7	BFB	0.0839998424053192	0.6600000262260437	0	0	0.0	0	0	-0.5760001838207245	0	0	0.09608944331437164	0
loo	SCC090	SCC090	chr7	chromothripsis	0.0989475920796394	0.7099999785423279	0	0	0.0	0	0	-0.6110523864626884	0	0	0.27039415248386495	0
loo	SCC090	SCC090	chr7	ecDNA	0.0557338520884513	0.4300000071525574	0	0	0.0	0	0	-0.3742661550641061	0	0	0.11305257793168277	0
loo	SCC090	SCC090	chr7	seismic_amplification	0.0376489460468292	0.8299999833106995	0	0	0.0	0	0	-0.7923510372638702	0	0	0.08626336918394659	0
loo	SCC090	SCC090	chr8	BFB	0.1185716465115547	0.6600000262260437	0	0	0.0	0	0	-0.541428379714489	0	0	0.11154988962387614	0
loo	SCC090	SCC090	chr8	chromothripsis	0.1886833608150482	0.7099999785423279	0	0	0.0	0	0	-0.5213166177272797	0	0	0.3634098164829226	0
loo	SCC090	SCC090	chr8	ecDNA	0.0748293250799179	0.4300000071525574	0	0	0.0	0	0	-0.35517068207263947	0	0	0.12260403989403668	0
loo	SCC090	SCC090	chr8	seismic_amplification	0.0498897694051265	0.8299999833106995	0	0	0.0	0	0	-0.780110213905573	0	0	0.09102325898785854	0
loo	SCC090	SCC090	chr9	BFB	0.3373876512050628	0.6600000262260437	0	1	0.0	0	0	-0.3226123750209809	0	0	0.26473010809418085	0
loo	SCC090	SCC090	chr9	chromothripsis	0.0843821465969085	0.7099999785423279	0	0	0.0	0	0	-0.6256178319454194	0	0	0.25678457947752437	0
loo	SCC090	SCC090	chr9	ecDNA	0.2214871942996978	0.4300000071525574	0	1	0.0	0	0	-0.20851281285285958	0	0	0.22064342872753057	0
loo	SCC090	SCC090	chr9	seismic_amplification	0.1219206526875495	0.8299999833106995	0	0	0.0	0	0	-0.70807933062315	0	0	0.12407274456530593	0
loo	SCC090	SCC090	chrX	BFB	0.1058129295706749	0.6600000262260437	0	0	0.0	0	0	-0.5541870966553688	0	0	0.10560584651242978	0
loo	SCC090	SCC090	chrX	chromothripsis	0.1110410764813423	0.7099999785423279	0	0	0.0	0	0	-0.5989589020609856	0	0	0.28203286262828503	0
loo	SCC090	SCC090	chrX	ecDNA	0.0735993757843971	0.4300000071525574	0	0	0.0	0	0	-0.35640063136816025	0	0	0.12196846898532912	0
loo	SCC090	SCC090	chrX	seismic_amplification	0.0455805882811546	0.8299999833106995	0	0	0.0	0	0	-0.7844193950295448	0	0	0.08932124851786317	0
loo	SCC152	SCC152	chr1	BFB	0.0646335929632186	0.449999988079071	0	0	0.0	0	0	-0.38536639511585236	0	0	0.14966621379448355	0
loo	SCC152	SCC152	chr1	chromothripsis	0.0932326912879943	0.7099999785423279	0	0	0.0	0	0	-0.6167672872543336	0	0	0.2661493894974298	0
loo	SCC152	SCC152	chr1	ecDNA	0.0751696750521659	0.3300000131130218	0	0	0.0	0	0	-0.25483033806085587	0	0	0.16610451082794367	0
loo	SCC152	SCC152	chr1	seismic_amplification	0.0322508662939071	0.7799999713897705	0	0	0.0	0	0	-0.7477491050958635	0	0	0.09352797210720402	0
loo	SCC152	SCC152	chr10	BFB	0.1078788414597511	0.449999988079071	0	0	0.0	0	0	-0.3421211466193199	0	0	0.17831624502938792	0
loo	SCC152	SCC152	chr10	chromothripsis	0.0654464438557624	0.7099999785423279	0	0	0.0	0	0	-0.6445535346865655	0	0	0.24070676456967854	0
loo	SCC152	SCC152	chr10	ecDNA	0.0975237935781478	0.3300000131130218	0	0	0.0	0	0	-0.232476219534874	0	0	0.1816458499858101	0
loo	SCC152	SCC152	chr10	seismic_amplification	0.0546913407742977	0.7799999713897705	0	0	0.0	0	0	-0.7253086306154728	0	0	0.10315717891651155	0
loo	SCC152	SCC152	chr11	BFB	0.0682854428887367	0.449999988079071	0	0	0.0	0	0	-0.3817145451903343	0	0	0.15193087251219237	0
loo	SCC152	SCC152	chr11	chromothripsis	0.2091135829687118	0.7099999785423279	0	0	0.0	0	0	-0.500886395573616	0	0	0.38863120141623597	0
loo	SCC152	SCC152	chr11	ecDNA	0.1083571091294288	0.3300000131130218	0	0	0.0	0	0	-0.221642903983593	0	0	0.1895750710729884	0
loo	SCC152	SCC152	chr11	seismic_amplification	0.049406062811613	0.7799999713897705	0	0	0.0	0	0	-0.7305939085781575	0	0	0.10081316538350762	0
loo	SCC152	SCC152	chr12	BFB	0.0780669078230857	0.449999988079071	0	0	0.0	0	0	-0.37193308025598526	0	0	0.15813538613638023	0
loo	SCC152	SCC152	chr12	chromothripsis	0.0944251492619514	0.7099999785423279	0	0	0.0	0	0	-0.6155748292803764	0	0	0.2672787973995544	0
loo	SCC152	SCC152	chr12	ecDNA	0.0892611220479011	0.3300000131130218	0	0	0.0	0	0	-0.2407388910651207	0	0	0.17577336871007526	0
loo	SCC152	SCC152	chr12	seismic_amplification	0.0548902302980423	0.7799999713897705	0	0	0.0	0	0	-0.7251097410917282	0	0	0.10324632096971587	0
loo	SCC152	SCC152	chr13	BFB	0.1075785756111145	0.449999988079071	0	0	0.0	0	0	-0.3424214124679565	0	0	0.17810329028922675	0
loo	SCC152	SCC152	chr13	chromothripsis	0.0668648779392242	0.7099999785423279	0	0	0.0	0	0	-0.6431351006031036	0	0	0.24196443955458302	0
loo	SCC152	SCC152	chr13	ecDNA	0.1130753606557846	0.3300000131130218	0	0	0.0	0	0	-0.2169246524572372	0	0	0.19311045365809057	0
loo	SCC152	SCC152	chr13	seismic_amplification	0.0533939450979232	0.7799999713897705	0	0	0.0	0	0	-0.7266060262918473	0	0	0.10257735749311576	0
loo	SCC152	SCC152	chr14	BFB	0.0500745587050914	0.449999988079071	0	0	0.0	0	0	-0.39992542937397957	0	0	0.14091310559569425	0
loo	SCC152	SCC152	chr14	chromothripsis	0.0878208503127098	0.7099999785423279	0	0	0.0	0	0	-0.6221791282296181	0	0	0.26106207217003796	0
loo	SCC152	SCC152	chr14	ecDNA	0.0895325616002082	0.3300000131130218	0	0	0.0	0	0	-0.2404674515128136	0	0	0.17596389146688762	0
loo	SCC152	SCC152	chr14	seismic_amplification	0.0318584814667701	0.7799999713897705	0	0	0.0	0	0	-0.7481414899230004	0	0	0.0933669959245793	0
loo	SCC152	SCC152	chr15	BFB	0.0410879701375961	0.449999988079071	0	0	0.0	0	0	-0.4089120179414749	0	0	0.13572665272484713	0
loo	SCC152	SCC152	chr15	chromothripsis	0.2770690321922302	0.7099999785423279	0	0	0.0	0	0	-0.43293094635009766	0	0	0.4690444773680075	0
loo	SCC152	SCC152	chr15	ecDNA	0.0804612413048744	0.3300000131130218	0	0	0.0	0	0	-0.24953877180814737	0	0	0.1696844378875574	0
loo	SCC152	SCC152	chr15	seismic_amplification	0.0386298038065433	0.7799999713897705	0	0	0.0	0	0	-0.7413701675832272	0	0	0.09618004814390615	0
loo	SCC152	SCC152	chr16	BFB	0.0736727565526962	0.449999988079071	0	0	0.0	0	0	-0.3763272315263748	0	0	0.1553230253029558	0
loo	SCC152	SCC152	chr16	chromothripsis	0.1752031594514846	0.7099999785423279	0	0	0.0	0	0	-0.5347968190908433	0	0	0.35039848723141487	0
loo	SCC152	SCC152	chr16	ecDNA	0.1019394919276237	0.3300000131130218	0	0	0.0	0	0	-0.2280605211853981	0	0	0.18484625605852034	0
loo	SCC152	SCC152	chr16	seismic_amplification	0.0553919188678264	0.7799999713897705	0	0	0.0	0	0	-0.7246080525219442	0	0	0.10347148007312794	0
loo	SCC152	SCC152	chr17	BFB	0.0797441080212593	0.449999988079071	0	0	0.0	0	0	-0.3702558800578117	0	0	0.1592196883522947	0
loo	SCC152	SCC152	chr17	chromothripsis	0.1079759448766708	0.7099999785423279	0	0	0.0	0	0	-0.602024033665657	0	0	0.28032494796119045	0
loo	SCC152	SCC152	chr17	ecDNA	0.1001713648438453	0.3300000131130218	0	0	0.0	0	0	-0.22982864826917648	0	0	0.1835595493049445	0
loo	SCC152	SCC152	chr17	seismic_amplification	0.0472023412585258	0.7799999713897705	0	0	0.0	0	0	-0.7327976301312447	0	0	0.09984986324504741	0
loo	SCC152	SCC152	chr18	BFB	0.1002139374613761	0.449999988079071	0	0	0.0	0	0	-0.34978605061769485	0	0	0.17294237708945667	0
loo	SCC152	SCC152	chr18	chromothripsis	0.0969558358192443	0.7099999785423279	0	0	0.0	0	0	-0.6130441427230836	0	0	0.2696857388542064	0
loo	SCC152	SCC152	chr18	ecDNA	0.111165627837181	0.3300000131130218	0	0	0.0	0	0	-0.21883438527584081	0	0	0.19167348444629698	0
loo	SCC152	SCC152	chr18	seismic_amplification	0.061648029834032	0.7799999713897705	0	0	0.0	0	0	-0.7183519415557384	0	0	0.10631589858989102	0
loo	SCC152	SCC152	chr19	BFB	0.03404176607728	0.449999988079071	0	0	0.0	0	0	-0.415958222001791	0	0	0.13177340726462095	0
loo	SCC152	SCC152	chr19	chromothripsis	0.1601375490427017	0.7099999785423279	0	0	0.0	0	0	-0.5498624294996262	0	0	0.33397823199941823	0
loo	SCC152	SCC152	chr19	ecDNA	0.0992278009653091	0.3300000131130218	0	0	0.0	0	0	-0.2307722121477127	0	0	0.18287574241631702	0
loo	SCC152	SCC152	chr19	seismic_amplification	0.0351823791861534	0.7799999713897705	0	0	0.0	0	0	-0.7448175922036171	0	0	0.09473852195159939	0
loo	SCC152	SCC152	chr2	BFB	0.0469085834920406	0.449999988079071	0	0	0.0	0	0	-0.4030914045870304	0	0	0.13906727423898613	0
loo	SCC152	SCC152	chr2	chromothripsis	0.1050878688693046	0.7099999785423279	0	0	0.0	0	0	-0.6049121096730232	0	0	0.27751203423404214	0
loo	SCC152	SCC152	chr2	ecDNA	0.0766353383660316	0.3300000131130218	0	0	0.0	0	0	-0.2533646747469902	0	0	0.16708998408106684	0
loo	SCC152	SCC152	chr2	seismic_amplification	0.029524290934205	0.7799999713897705	0	0	0.0	0	0	-0.7504756804555655	0	0	0.09241452027284541	0
loo	SCC152	SCC152	chr20	BFB	0.0322100110352039	0.449999988079071	0	0	0.0	0	0	-0.4177899770438671	0	0	0.1307618322882519	0
loo	SCC152	SCC152	chr20	chromothripsis	0.0697628408670425	0.7099999785423279	0	0	0.0	0	0	-0.6402371376752853	0	0	0.2445478373507218	0
loo	SCC152	SCC152	chr20	ecDNA	0.0523666553199291	0.3300000131130218	0	0	0.0	0	0	-0.27763335779309267	0	0	0.15136700356998195	0
loo	SCC152	SCC152	chr20	seismic_amplification	0.0270220432430505	0.7799999713897705	0	0	0.0	0	0	-0.75297792814672	0	0	0.09140316905459449	0
loo	SCC152	SCC152	chr21	BFB	0.036592498421669	0.449999988079071	0	0	0.0	0	0	-0.413407489657402	0	0	0.13319308259306542	0
loo	SCC152	SCC152	chr21	chromothripsis	0.1198238357901573	0.7099999785423279	0	0	0.0	0	0	-0.5901761427521706	0	0	0.2920446402201348	0
loo	SCC152	SCC152	chr21	ecDNA	0.0811388343572616	0.3300000131130218	0	0	0.0	0	0	-0.2488611787557602	0	0	0.17014725953769166	0
loo	SCC152	SCC152	chr21	seismic_amplification	0.0283792354166507	0.7799999713897705	0	0	0.0	0	0	-0.7516207359731198	0	0	0.09195047359745462	0
loo	SCC152	SCC152	chr22	BFB	0.0705367103219032	0.449999988079071	0	0	0.0	0	0	-0.3794632777571678	0	0	0.15334094084691927	0
loo	SCC152	SCC152	chr22	chromothripsis	0.1370737105607986	0.7099999785423279	0	0	0.0	0	0	-0.5729262679815292	0	0	0.30961108456339187	0
loo	SCC152	SCC152	chr22	ecDNA	0.1073463857173919	0.3300000131130218	0	0	0.0	0	0	-0.22265362739562988	0	0	0.18882421786634668	0
loo	SCC152	SCC152	chr22	seismic_amplification	0.0643801838159561	0.7799999713897705	0	0	0.0	0	0	-0.7156197875738144	0	0	0.10757958138614246	0
loo	SCC152	SCC152	chr3	BFB	0.051687616854906	0.449999988079071	0	0	0.3681346178054809	1	0	-0.39831237122416496	1	0	0.481792072558948	0
loo	SCC152	SCC152	chr3	chromothripsis	0.0945873335003852	0.7099999785423279	0	0	0.0	0	0	-0.6154126450419427	0	0	0.2674326412762624	0
loo	SCC152	SCC152	chr3	ecDNA	0.0581011176109313	0.3300000131130218	0	0	0.0	0	0	-0.2718988955020905	0	0	0.15496888791507443	0
loo	SCC152	SCC152	chr3	seismic_amplification	0.0291558913886547	0.7799999713897705	0	0	0.0	0	0	-0.7508440800011158	0	0	0.09226499315080212	0
loo	SCC152	SCC152	chr4	BFB	0.0598575137555599	0.449999988079071	0	0	0.0	0	0	-0.39014247432351107	0	0	0.1467464374949653	0
loo	SCC152	SCC152	chr4	chromothripsis	0.0760367438197135	0.7099999785423279	0	0	0.0	0	0	-0.6339632347226144	0	0	0.2502043363212749	0
loo	SCC152	SCC152	chr4	ecDNA	0.0785650387406349	0.3300000131130218	0	0	0.0	0	0	-0.2514349743723869	0	0	0.16839458404624572	0
loo	SCC152	SCC152	chr4	seismic_amplification	0.0411082617938518	0.7799999713897705	0	0	0.0	0	0	-0.7388917095959187	0	0	0.09722848491474688	0
loo	SCC152	SCC152	chr5	BFB	0.0575886443257331	0.449999988079071	0	0	0.0	0	0	-0.39241134375333786	0	0	0.14537600587768165	0
loo	SCC152	SCC152	chr5	chromothripsis	0.1164045706391334	0.7099999785423279	0	0	0.0	0	0	-0.5935954079031944	0	0	0.28863291500380434	0
loo	SCC152	SCC152	chr5	ecDNA	0.0744960308074951	0.3300000131130218	0	0	0.0	0	0	-0.2555039823055267	0	0	0.16565313384916516	0
loo	SCC152	SCC152	chr5	seismic_amplification	0.0437980219721794	0.7799999713897705	0	0	0.0	0	0	-0.7362019494175911	0	0	0.0983778345647066	0
loo	SCC152	SCC152	chr6	BFB	0.0372068397700786	0.449999988079071	0	0	0.0	0	0	-0.4127931483089924	0	0	0.1335369385845816	0
loo	SCC152	SCC152	chr6	chromothripsis	0.0838520303368568	0.7099999785423279	0	0	0.0	0	0	-0.626147948205471	0	0	0.25737145584482496	0
loo	SCC152	SCC152	chr6	ecDNA	0.0676629841327667	0.3300000131130218	0	0	0.0	0	0	-0.2623370289802551	0	0	0.16113007846631025	0
loo	SCC152	SCC152	chr6	seismic_amplification	0.0309218354523181	0.7799999713897705	0	0	0.0	0	0	-0.7490781359374524	0	0	0.09298374051345049	0
loo	SCC152	SCC152	chr7	BFB	0.0542485192418098	0.449999988079071	0	0	0.0	0	0	-0.3957514688372612	0	0	0.14337786543658307	0
loo	SCC152	SCC152	chr7	chromothripsis	0.0953695178031921	0.7099999785423279	0	0	0.0	0	0	-0.6146304607391357	0	0	0.2681753905672557	0
loo	SCC152	SCC152	chr7	ecDNA	0.092341236770153	0.3300000131130218	0	0	0.0	0	0	-0.2376587763428688	0	0	0.17794483397866478	0
loo	SCC152	SCC152	chr7	seismic_amplification	0.0301601085811853	0.7799999713897705	0	0	0.0	0	0	-0.7498398628085852	0	0	0.09267309989688316	0
loo	SCC152	SCC152	chr8	BFB	0.0557258948683738	0.449999988079071	0	0	0.0	0	0	-0.3942740932106972	0	0	0.14425883095547404	0
loo	SCC152	SCC152	chr8	chromothripsis	0.0737095475196838	0.7099999785423279	0	0	0.0	0	0	-0.636290431022644	0	0	0.24809602750381213	0
loo	SCC152	SCC152	chr8	ecDNA	0.0627757534384727	0.3300000131130218	0	0	0.0	0	0	-0.2672242596745491	0	0	0.15795661374850176	0
loo	SCC152	SCC152	chr8	seismic_amplification	0.0322612412273883	0.7799999713897705	0	0	0.0	0	0	-0.7477387301623822	0	0	0.0935322318075684	0
loo	SCC152	SCC152	chr9	BFB	0.7345637679100037	0.449999988079071	1	0	0.8953044414520264	1	1	0.2845637798309327	1	1	0.975403259494147	1
loo	SCC152	SCC152	chr9	chromothripsis	0.0485386066138744	0.7099999785423279	0	0	0.0	0	0	-0.6614613719284534	0	0	0.22606095520527983	0
loo	SCC152	SCC152	chr9	ecDNA	0.3850694596767425	0.3300000131130218	1	1	0.5943775177001953	1	1	0.0550694465637207	1	1	0.858850888161041	0
loo	SCC152	SCC152	chr9	seismic_amplification	0.1094649955630302	0.7799999713897705	0	0	0.0	0	0	-0.6705349758267403	0	0	0.13040602321468184	0
loo	SCC152	SCC152	chrX	BFB	0.066703088581562	0.449999988079071	0	0	0.0	0	0	-0.383296899497509	0	0	0.1509461564535779	0
loo	SCC152	SCC152	chrX	chromothripsis	0.1916950345039367	0.7099999785423279	0	0	0.0	0	0	-0.5183049440383911	0	0	0.36878734983395073	0
loo	SCC152	SCC152	chrX	ecDNA	0.1097771674394607	0.3300000131130218	0	0	0.0	0	0	-0.2202228456735611	0	0	0.19063387496342907	0
loo	SCC152	SCC152	chrX	seismic_amplification	0.0499519035220146	0.7799999713897705	0	0	0.0	0	0	-0.7300480678677559	0	0	0.10105303779566754	0
loo	SCC154	SCC154	chr1	BFB	0.0602152161300182	0.2899999916553497	0	0	0.0	0	0	-0.22978477552533147	0	0	0.18796225650737597	0
loo	SCC154	SCC154	chr1	chromothripsis	0.1414486318826675	0.6100000143051147	0	0	0.0	0	0	-0.4685513824224472	0	0	0.3565650581937457	0
loo	SCC154	SCC154	chr1	ecDNA	0.1095062047243118	0.3899999856948852	0	0	0.0	0	0	-0.2804937809705734	0	0	0.17640410055206243	0
loo	SCC154	SCC154	chr1	seismic_amplification	0.1404090225696563	0.8299999833106995	0	0	0.0	0	0	-0.6895909607410432	0	0	0.13639380554308436	0
loo	SCC154	SCC154	chr10	BFB	0.0209472253918647	0.2899999916553497	0	0	0.0	0	0	-0.26905276626348495	0	0	0.1605689111132133	0
loo	SCC154	SCC154	chr10	chromothripsis	0.0194998886436224	0.6100000143051147	0	0	0.0	0	0	-0.5905001256614923	0	0	0.23459959070570055	0
loo	SCC154	SCC154	chr10	ecDNA	0.0273095797747373	0.3899999856948852	0	0	0.0	0	0	-0.3626904059201479	0	0	0.1256400867852965	0
loo	SCC154	SCC154	chr10	seismic_amplification	0.0568452142179012	0.8299999833106995	0	0	0.0	0	0	-0.7731547690927982	0	0	0.0952306628695235	0
loo	SCC154	SCC154	chr11	BFB	0.6816916465759277	0.2899999916553497	1	1	0.7216328382492065	1	1	0.39169165492057806	1	1	0.9732076521776745	1
loo	SCC154	SCC154	chr11	chromothripsis	0.179436057806015	0.6100000143051147	0	0	0.0	0	0	-0.43056395649909973	0	0	0.3999130484985605	0
loo	SCC154	SCC154	chr11	ecDNA	0.4808535873889923	0.3899999856948852	1	0	0.0	0	1	0.09085360169410711	1	0	0.5652400689784417	0
loo	SCC154	SCC154	chr11	seismic_amplification	0.1667913198471069	0.8299999833106995	0	0	0.0	0	0	-0.6632086634635925	0	0	0.15219974800260405	0
loo	SCC154	SCC154	chr12	BFB	0.0309097226709127	0.2899999916553497	0	0	0.0	0	0	-0.259090268984437	0	0	0.1671975078059453	0
loo	SCC154	SCC154	chr12	chromothripsis	0.048509482294321	0.6100000143051147	0	0	0.0	0	0	-0.5614905320107938	0	0	0.2608335227395038	0
loo	SCC154	SCC154	chr12	ecDNA	0.0366830267012119	0.3899999856948852	0	0	0.0	0	0	-0.3533169589936733	0	0	0.13072645607558192	0
loo	SCC154	SCC154	chr12	seismic_amplification	0.064740240573883	0.8299999833106995	0	0	0.0	0	0	-0.7652597427368164	0	0	0.0985857881595566	0
loo	SCC154	SCC154	chr13	BFB	0.0640138834714889	0.2899999916553497	0	0	0.0	0	0	-0.22598610818386078	0	0	0.19079413579373186	0
loo	SCC154	SCC154	chr13	chromothripsis	0.2178896963596344	0.6100000143051147	0	0	0.0	0	0	-0.39211031794548035	0	0	0.44544638967053773	0
loo	SCC154	SCC154	chr13	ecDNA	0.068950206041336	0.3899999856948852	0	0	0.0	0	0	-0.3210497796535492	0	0	0.14958584244249903	0
loo	SCC154	SCC154	chr13	seismic_amplification	0.0995631292462349	0.8299999833106995	0	0	0.0	0	0	-0.7304368540644646	0	0	0.11466728247433372	0
loo	SCC154	SCC154	chr14	BFB	0.01927450299263	0.2899999916553497	0	0	0.0	0	0	-0.27072548866271967	0	0	0.15947703327800636	0
loo	SCC154	SCC154	chr14	chromothripsis	0.0215945448726415	0.6100000143051147	0	0	0.0	0	0	-0.5884054694324733	0	0	0.23643106512124354	0
loo	SCC154	SCC154	chr14	ecDNA	0.0237128194421529	0.3899999856948852	0	0	0.0	0	0	-0.3662871662527323	0	0	0.12373379091694342	0
loo	SCC154	SCC154	chr14	seismic_amplification	0.0627349242568016	0.8299999833106995	0	0	0.0	0	0	-0.7672650590538979	0	0	0.09772375166921006	0
loo	SCC154	SCC154	chr15	BFB	0.0929031372070312	0.2899999916553497	0	0	0.0	0	0	-0.19709685444831848	0	0	0.2133978006381914	0
loo	SCC154	SCC154	chr15	chromothripsis	0.0556096956133842	0.6100000143051147	0	0	0.0	0	0	-0.5543903186917305	0	0	0.26753594577207357	0
loo	SCC154	SCC154	chr15	ecDNA	0.073983334004879	0.3899999856948852	0	0	0.0	0	0	-0.3160166516900062	0	0	0.15272183267927336	0
loo	SCC154	SCC154	chr15	seismic_amplification	0.1353237926959991	0.8299999833106995	0	0	0.0	0	0	-0.6946761906147003	0	0	0.1335109777204462	0
loo	SCC154	SCC154	chr16	BFB	0.0603343062102794	0.2899999916553497	0	0	0.0	0	0	-0.22966568544507027	0	0	0.18805054471159985	0
loo	SCC154	SCC154	chr16	chromothripsis	0.0730605870485305	0.6100000143051147	0	0	0.0	0	0	-0.5369394272565843	0	0	0.28446622352545287	0
loo	SCC154	SCC154	chr16	ecDNA	0.0644759982824325	0.3899999856948852	0	0	0.0	0	0	-0.3255239874124527	0	0	0.14684282902756365	0
loo	SCC154	SCC154	chr16	seismic_amplification	0.0828884989023208	0.8299999833106995	0	0	0.0	0	0	-0.7471114844083786	0	0	0.10669963758419533	0
loo	SCC154	SCC154	chr17	BFB	0.0229752119630575	0.2899999916553497	0	0	0.0	0	0	-0.26702477969229216	0	0	0.16190078819149128	0
loo	SCC154	SCC154	chr17	chromothripsis	0.0371989421546459	0.6100000143051147	0	0	0.0	0	0	-0.5728010721504688	0	0	0.25038355174027405	0
loo	SCC154	SCC154	chr17	ecDNA	0.0484489612281322	0.3899999856948852	0	0	0.0	0	0	-0.341551024466753	0	0	0.13735760987533918	0
loo	SCC154	SCC154	chr17	seismic_amplification	0.0814095959067344	0.8299999833106995	0	0	0.0	0	0	-0.7485903874039651	0	0	0.10601702366669327	0
loo	SCC154	SCC154	chr18	BFB	0.0326081365346908	0.2899999916553497	0	0	0.0	0	0	-0.2573918551206589	0	0	0.1683491259095043	0
loo	SCC154	SCC154	chr18	chromothripsis	0.0435117036104202	0.6100000143051147	0	0	0.0	0	0	-0.5664883106946945	0	0	0.2561814157005198	0
loo	SCC154	SCC154	chr18	ecDNA	0.0666495859622955	0.3899999856948852	0	0	0.0	0	0	-0.3233503997325897	0	0	0.1481701584862463	0
loo	SCC154	SCC154	chr18	seismic_amplification	0.0955217182636261	0.8299999833106995	0	0	0.0	0	0	-0.7344782650470734	0	0	0.11268988014434428	0
loo	SCC154	SCC154	chr19	BFB	0.0373226813971996	0.2899999916553497	0	0	0.0	0	0	-0.2526773102581501	0	0	0.1715789932535097	0
loo	SCC154	SCC154	chr19	chromothripsis	0.0853182449936866	0.6100000143051147	0	0	0.0	0	0	-0.5246817693114282	0	0	0.2967363305967995	0
loo	SCC154	SCC154	chr19	ecDNA	0.036298681050539	0.3899999856948852	0	0	0.0	0	0	-0.3537013046443462	0	0	0.13051450070513476	0
loo	SCC154	SCC154	chr19	seismic_amplification	0.0779142901301384	0.8299999833106995	0	0	0.0	0	0	-0.7520856931805611	0	0	0.10441898658118894	0
loo	SCC154	SCC154	chr2	BFB	0.0394894368946552	0.2899999916553497	0	0	0.0	0	0	-0.2505105547606945	0	0	0.17307980555003055	0
loo	SCC154	SCC154	chr2	chromothripsis	0.0888501927256584	0.6100000143051147	0	0	0.0	0	0	-0.5211498215794563	0	0	0.3003281220643981	0
loo	SCC154	SCC154	chr2	ecDNA	0.0525969937443733	0.3899999856948852	0	0	0.0	0	0	-0.3374029919505119	0	0	0.13976195564402216	0
loo	SCC154	SCC154	chr2	seismic_amplification	0.0796752348542213	0.8299999833106995	0	0	0.0	0	0	-0.7503247484564781	0	0	0.10522140506778636	0
loo	SCC154	SCC154	chr20	BFB	0.0343116484582424	0.2899999916553497	0	0	0.0	0	0	-0.25568834319710726	0	0	0.16951054686465628	0
loo	SCC154	SCC154	chr20	chromothripsis	0.0289676096290349	0.6100000143051147	0	0	0.0	0	0	-0.5810324046760799	0	0	0.24295596508127767	0
loo	SCC154	SCC154	chr20	ecDNA	0.0331316031515598	0.3899999856948852	0	0	0.0	0	0	-0.3568683825433254	0	0	0.12877905030351045	0
loo	SCC154	SCC154	chr20	seismic_amplification	0.0904995277523994	0.8299999833106995	0	0	0.0	0	0	-0.7395004555583	0	0	0.11027413606591419	0
loo	SCC154	SCC154	chr21	BFB	0.0555830709636211	0.2899999916553497	0	0	0.0	0	0	-0.2344169206917286	0	0	0.1845528802896951	0
loo	SCC154	SCC154	chr21	chromothripsis	0.1025672927498817	0.6100000143051147	0	0	0.0	0	0	-0.507432721555233	0	0	0.3145091312105957	0
loo	SCC154	SCC154	chr21	ecDNA	0.0423992276191711	0.3899999856948852	0	0	0.0	0	0	-0.3476007580757141	0	0	0.13391341127981593	0
loo	SCC154	SCC154	chr21	seismic_amplification	0.1057282537221908	0.8299999833106995	0	0	0.0	0	0	-0.7242717295885086	0	0	0.11774193721153517	0
loo	SCC154	SCC154	chr22	BFB	0.0485006347298622	0.2899999916553497	0	0	0.0	0	0	-0.24149935692548746	0	0	0.17943285272305545	0
loo	SCC154	SCC154	chr22	chromothripsis	0.0809201300144195	0.6100000143051147	0	0	0.0	0	0	-0.5290798842906952	0	0	0.29229861415818603	0
loo	SCC154	SCC154	chr22	ecDNA	0.0386423021554946	0.3899999856948852	0	0	0.0	0	0	-0.3513576835393906	0	0	0.13181148826199943	0
loo	SCC154	SCC154	chr22	seismic_amplification	0.0663346499204635	0.8299999833106995	0	0	0.0	0	0	-0.7636653333902359	0	0	0.09927601232623041	0
loo	SCC154	SCC154	chr3	BFB	0.0922706127166748	0.2899999916553497	0	0	0.0	0	0	-0.19772937893867487	0	0	0.21288264104098503	0
loo	SCC154	SCC154	chr3	chromothripsis	0.3543592691421509	0.6100000143051147	0	0	0.0	0	0	-0.25564074516296387	0	0	0.6091272271743746	0
loo	SCC154	SCC154	chr3	ecDNA	0.0880083367228508	0.3899999856948852	0	0	0.0	0	0	-0.3019916489720344	0	0	0.16174493248713512	0
loo	SCC154	SCC154	chr3	seismic_amplification	0.0953455120325088	0.8299999833106995	0	0	0.0	0	0	-0.7346544712781906	0	0	0.11260434599562082	0
loo	SCC154	SCC154	chr4	BFB	0.0328310132026672	0.2899999916553497	0	0	0.0	0	0	-0.2571689784526825	0	0	0.16850071720421467	0
loo	SCC154	SCC154	chr4	chromothripsis	0.0307444110512733	0.6100000143051147	0	0	0.0	0	0	-0.5792556032538414	0	0	0.2445465287843622	0
loo	SCC154	SCC154	chr4	ecDNA	0.039615511894226	0.3899999856948852	0	0	0.0	0	0	-0.3503844738006592	0	0	0.13235327850246267	0
loo	SCC154	SCC154	chr4	seismic_amplification	0.0498873740434646	0.8299999833106995	0	0	0.0	0	0	-0.7801126092672349	0	0	0.09235888574075268	0
loo	SCC154	SCC154	chr5	BFB	0.164069727063179	0.2899999916553497	0	0	0.0	0	0	-0.1259302645921707	0	0	0.27708622514490555	0
loo	SCC154	SCC154	chr5	chromothripsis	0.251029223203659	0.6100000143051147	0	0	0.0	0	0	-0.35897079110145574	0	0	0.48546598328323026	0
loo	SCC154	SCC154	chr5	ecDNA	0.1052630916237831	0.3899999856948852	0	0	0.0	0	0	-0.2847368940711021	0	0	0.17343032741680348	0
loo	SCC154	SCC154	chr5	seismic_amplification	0.0990813300013542	0.8299999833106995	0	0	0.0	0	0	-0.7309186533093452	0	0	0.11442996897797174	0
loo	SCC154	SCC154	chr6	BFB	0.0418658331036567	0.2899999916553497	0	0	0.0	0	0	-0.24813415855169296	0	0	0.1747377404378479	0
loo	SCC154	SCC154	chr6	chromothripsis	0.129832848906517	0.6100000143051147	0	0	0.0	0	0	-0.4801671653985977	0	0	0.3437305333071378	0
loo	SCC154	SCC154	chr6	ecDNA	0.0522928424179554	0.3899999856948852	0	0	0.0	0	0	-0.3377071432769298	0	0	0.1395844680136086	0
loo	SCC154	SCC154	chr6	seismic_amplification	0.0704244151711463	0.8299999833106995	0	0	0.0	0	0	-0.7595755681395532	0	0	0.1010661736897492	0
loo	SCC154	SCC154	chr7	BFB	0.0451643094420433	0.2899999916553497	0	0	0.0	0	0	-0.24483568221330637	0	0	0.17705969248994644	0
loo	SCC154	SCC154	chr7	chromothripsis	0.0487692989408969	0.6100000143051147	0	0	0.0	0	0	-0.5612307153642179	0	0	0.2610768582665947	0
loo	SCC154	SCC154	chr7	ecDNA	0.0579540766775608	0.3899999856948852	0	0	0.0	0	0	-0.3320459090173244	0	0	0.14291915789173754	0
loo	SCC154	SCC154	chr7	seismic_amplification	0.070316694676876	0.8299999833106995	0	0	0.0	0	0	-0.7596832886338235	0	0	0.10101865733541437	0
loo	SCC154	SCC154	chr8	BFB	0.355027973651886	0.2899999916553497	1	0	0.0	0	1	0.06502798199653631	1	0	0.49209604140953844	0
loo	SCC154	SCC154	chr8	chromothripsis	0.3664074242115021	0.6100000143051147	0	0	0.0	0	0	-0.24359259009361267	0	0	0.622965396423513	0
loo	SCC154	SCC154	chr8	ecDNA	0.2124787867069244	0.3899999856948852	0	0	0.0	0	0	-0.1775211989879608	0	0	0.26098774419174364	0
loo	SCC154	SCC154	chr8	seismic_amplification	0.0809003636240959	0.8299999833106995	0	0	0.0	0	0	-0.7490996196866035	0	0	0.10578287079157374	0
loo	SCC154	SCC154	chr9	BFB	0.0247584022581577	0.2899999916553497	0	0	0.0	0	0	-0.265241589397192	0	0	0.16307924759338513	0
loo	SCC154	SCC154	chr9	chromothripsis	0.0312008671462535	0.6100000143051147	0	0	0.0	0	0	-0.5787991471588613	0	0	0.2449562759035755	0
loo	SCC154	SCC154	chr9	ecDNA	0.0253004860132932	0.3899999856948852	0	0	0.0	0	0	-0.364699499681592	0	0	0.12457217906866794	0
loo	SCC154	SCC154	chr9	seismic_amplification	0.0781572684645652	0.8299999833106995	0	0	0.0	0	0	-0.7518427148461343	0	0	0.1045293833791957	0
loo	SCC154	SCC154	chrX	BFB	0.057040698826313	0.2899999916553497	0	0	0.0	0	0	-0.23295929282903668	0	0	0.18562054323218738	0
loo	SCC154	SCC154	chrX	chromothripsis	0.0921617820858955	0.6100000143051147	0	0	0.0	0	0	-0.5178382322192192	0	0	0.3037182507209194	0
loo	SCC154	SCC154	chrX	ecDNA	0.0821428224444389	0.3899999856948852	0	0	0.0	0	0	-0.3078571632504463	0	0	0.15792002141208053	0
loo	SCC154	SCC154	chrX	seismic_amplification	0.1059681326150894	0.8299999833106995	0	0	0.0	0	0	-0.72403185069561	0	0	0.11786300095374137	0
loo	SIHA	SIHA	chr1	BFB	0.1057157889008522	0.3700000047683716	0	0	0.0	0	0	-0.2642842158675194	0	0	0.20119388265662724	0
loo	SIHA	SIHA	chr1	chromothripsis	0.2548884749412536	0.5799999833106995	0	0	0.0	0	0	-0.32511150836944586	0	0	0.4809794771574685	0
loo	SIHA	SIHA	chr1	ecDNA	0.1884347349405288	0.4699999988079071	0	0	0.0	0	0	-0.28156526386737835	0	0	0.21930557061307898	0
loo	SIHA	SIHA	chr1	seismic_amplification	0.1302548497915268	0.4199999868869781	0	0	0.0	0	0	-0.2897451370954513	0	0	0.25181771459992336	0
loo	SIHA	SIHA	chr10	BFB	0.0525846406817436	0.3700000047683716	0	0	0.0	0	0	-0.31741536408662796	0	0	0.16202836132567494	0
loo	SIHA	SIHA	chr10	chromothripsis	0.1119876131415367	0.5799999833106995	0	0	0.0	0	0	-0.46801237016916275	0	0	0.312781395614717	0
loo	SIHA	SIHA	chr10	ecDNA	0.1387046873569488	0.4699999988079071	0	0	0.0	0	0	-0.3312953114509583	0	0	0.17988030979803557	0
loo	SIHA	SIHA	chr10	seismic_amplification	0.0980231314897537	0.4199999868869781	0	0	0.0	0	0	-0.3219768553972244	0	0	0.222818578857527	0
loo	SIHA	SIHA	chr11	BFB	0.1272282153367996	0.3700000047683716	0	0	0.0	0	0	-0.242771789431572	0	0	0.21894752348613042	0
loo	SIHA	SIHA	chr11	chromothripsis	0.1612486392259597	0.5799999833106995	0	0	0.0	0	0	-0.4187513440847398	0	0	0.3677129758961547	0
loo	SIHA	SIHA	chr11	ecDNA	0.1537456810474395	0.4699999988079071	0	0	0.0	0	0	-0.31625431776046764	0	0	0.1911864294184046	0
loo	SIHA	SIHA	chr11	seismic_amplification	0.1260226964950561	0.4199999868869781	0	0	0.0	0	0	-0.293977290391922	0	0	0.2478710715052302	0
loo	SIHA	SIHA	chr12	BFB	0.0724625363945961	0.3700000047683716	0	0	0.0	0	0	-0.2975374683737755	0	0	0.17591006477095836	0
loo	SIHA	SIHA	chr12	chromothripsis	0.1505734026432037	0.5799999833106995	0	0	0.0	0	0	-0.4294265806674957	0	0	0.3554523986412524	0
loo	SIHA	SIHA	chr12	ecDNA	0.0581830777227878	0.4699999988079071	0	0	0.0	0	0	-0.4118169210851193	0	0	0.1281061525542034	0
loo	SIHA	SIHA	chr12	seismic_amplification	0.035766813904047	0.4199999868869781	0	0	0.0	0	0	-0.3842331729829311	0	0	0.17377819949679058	0
loo	SIHA	SIHA	chr13	BFB	0.113535575568676	0.3700000047683716	0	0	0.0	0	0	-0.2564644291996956	0	0	0.20751984957157527	0
loo	SIHA	SIHA	chr13	chromothripsis	0.095704086124897	0.5799999833106995	0	0	0.0	0	0	-0.48429589718580246	0	0	0.2956353237702293	0
loo	SIHA	SIHA	chr13	ecDNA	0.1681244075298309	0.4699999988079071	0	0	0.0	0	0	-0.30187559127807617	0	0	0.20249458661863923	0
loo	SIHA	SIHA	chr13	seismic_amplification	0.0975827723741531	0.4199999868869781	0	0	0.0	0	0	-0.322417214512825	0	0	0.22243937786184553	0
loo	SIHA	SIHA	chr14	BFB	0.0880895406007766	0.3700000047683716	0	0	0.0	0	0	-0.28191046416759497	0	0	0.18746728720372943	0
loo	SIHA	SIHA	chr14	chromothripsis	0.0774887427687645	0.5799999833106995	0	0	0.0	0	0	-0.502511240541935	0	0	0.2771178613742853	0
loo	SIHA	SIHA	chr14	ecDNA	0.1102026626467704	0.4699999988079071	0	0	0.0	0	0	-0.35979733616113674	0	0	0.1598995598242314	0
loo	SIHA	SIHA	chr14	seismic_amplification	0.0591790340840816	0.4199999868869781	0	0	0.0	0	0	-0.3608209528028965	0	0	0.19114432149444674	0
loo	SIHA	SIHA	chr15	BFB	0.0771322771906852	0.3700000047683716	0	0	0.0	0	0	-0.29286772757768637	0	0	0.1793037662731757	0
loo	SIHA	SIHA	chr15	chromothripsis	0.1815221160650253	0.5799999833106995	0	1	0.0	0	0	-0.39847786724567413	0	0	0.39146307116798545	0
loo	SIHA	SIHA	chr15	ecDNA	0.0862547904253006	0.4699999988079071	0	0	0.0	0	0	-0.3837452083826065	0	0	0.1445338783094351	0
loo	SIHA	SIHA	chr15	seismic_amplification	0.047621414065361	0.4199999868869781	0	0	0.0	0	0	-0.37237857282161707	0	0	0.18241079115646167	0
loo	SIHA	SIHA	chr16	BFB	0.580452024936676	0.3700000047683716	1	0	0.6761288046836853	1	1	0.21045202016830444	1	1	0.9520009375775048	1
loo	SIHA	SIHA	chr16	chromothripsis	0.6944969892501831	0.5799999833106995	1	0	0.0	0	1	0.11449700593948364	1	0	0.8919901697652594	0
loo	SIHA	SIHA	chr16	ecDNA	0.4374516010284424	0.4699999988079071	0	0	0.0	0	0	-0.03254839777946472	0	0	0.4923282785093871	0
loo	SIHA	SIHA	chr16	seismic_amplification	0.8430686593055725	0.4199999868869781	1	1	0.899854838848114	1	1	0.4230686724185944	1	1	0.9904790895305507	1
loo	SIHA	SIHA	chr17	BFB	0.0713645741343498	0.3700000047683716	0	0	0.0	0	0	-0.29863543063402176	0	0	0.17511950283754887	0
loo	SIHA	SIHA	chr17	chromothripsis	0.0625245869159698	0.5799999833106995	0	0	0.0	0	0	-0.5174753963947296	0	0	0.2624525447774372	0
loo	SIHA	SIHA	chr17	ecDNA	0.1460147947072982	0.4699999988079071	0	0	0.0	0	0	-0.32398520410060894	0	0	0.18530875100703725	0
loo	SIHA	SIHA	chr17	seismic_amplification	0.0858262330293655	0.4199999868869781	0	0	0.0	0	0	-0.3341737538576126	0	0	0.21248620915977026	0
loo	SIHA	SIHA	chr18	BFB	0.1041978374123573	0.3700000047683716	0	0	0.0	0	0	-0.26580216735601425	0	0	0.19998276738446477	0
loo	SIHA	SIHA	chr18	chromothripsis	0.1145669445395469	0.5799999833106995	0	0	0.0	0	0	-0.46543303877115255	0	0	0.31554664477320515	0
loo	SIHA	SIHA	chr18	ecDNA	0.1408093869686126	0.4699999988079071	0	0	0.0	0	0	-0.32919061183929454	0	0	0.18143040330653057	0
loo	SIHA	SIHA	chr18	seismic_amplification	0.0850776880979538	0.4199999868869781	0	0	0.0	0	0	-0.3349222987890243	0	0	0.21186363083838364	0
loo	SIHA	SIHA	chr19	BFB	0.4898450374603271	0.3700000047683716	1	0	0.0	0	1	0.11984503269195551	1	0	0.630055599230666	0
loo	SIHA	SIHA	chr19	chromothripsis	0.266902357339859	0.5799999833106995	0	0	0.0	0	0	-0.31309762597084045	0	0	0.49591469641678176	0
loo	SIHA	SIHA	chr19	ecDNA	0.260128915309906	0.4699999988079071	0	0	0.0	0	0	-0.2098710834980011	0	0	0.2863882996442463	0
loo	SIHA	SIHA	chr19	seismic_amplification	0.157874584197998	0.4199999868869781	0	0	0.0	0	0	-0.2621254026889801	0	0	0.27858040828235575	0
loo	SIHA	SIHA	chr2	BFB	0.1649694591760635	0.3700000047683716	0	0	0.0	0	0	-0.20503054559230807	0	0	0.25274566985673746	0
loo	SIHA	SIHA	chr2	chromothripsis	0.1560146212577819	0.5799999833106995	0	0	0.0	0	0	-0.4239853620529176	0	0	0.36167914871393925	0
loo	SIHA	SIHA	chr2	ecDNA	0.1516687422990799	0.4699999988079071	0	0	0.0	0	0	-0.3183312565088272	0	0	0.18959350901122038	0
loo	SIHA	SIHA	chr2	seismic_amplification	0.088185504078865	0.4199999868869781	0	0	0.0	0	0	-0.3318144828081131	0	0	0.21445719065355406	0
loo	SIHA	SIHA	chr20	BFB	0.9419816136360168	0.3700000047683716	1	1	0.6917402148246765	1	1	0.5719816088676453	1	1	0.9918293011557345	1
loo	SIHA	SIHA	chr20	chromothripsis	0.4240614771842956	0.5799999833106995	0	0	0.0	0	0	-0.15593850612640386	0	0	0.682575262811075	0
loo	SIHA	SIHA	chr20	ecDNA	0.6895419955253601	0.4699999988079071	1	0	0.0	0	1	0.219541996717453	1	0	0.7727020943506805	0
loo	SIHA	SIHA	chr20	seismic_amplification	0.2589049041271209	0.4199999868869781	0	0	0.0	0	0	-0.16109508275985718	0	0	0.3896414640151972	0
loo	SIHA	SIHA	chr21	BFB	0.0798305496573448	0.3700000047683716	0	0	0.0	0	0	-0.29016945511102676	0	0	0.1812879302138534	0
loo	SIHA	SIHA	chr21	chromothripsis	0.0875716879963874	0.5799999833106995	0	0	0.0	0	0	-0.4924282953143121	0	0	0.2872794923882828	0
loo	SIHA	SIHA	chr21	ecDNA	0.1057432442903518	0.4699999988079071	0	0	0.0	0	0	-0.3642567545175553	0	0	0.156941366905681	0
loo	SIHA	SIHA	chr21	seismic_amplification	0.0643659979104995	0.4199999868869781	0	0	0.0	0	0	-0.3556339889764786	0	0	0.19516639108754766	0
loo	SIHA	SIHA	chr22	BFB	0.1699282526969909	0.3700000047683716	0	0	0.0	0	0	-0.20007175207138067	0	0	0.2574339776357048	0
loo	SIHA	SIHA	chr22	chromothripsis	0.1817594766616821	0.5799999833106995	0	0	0.0	0	0	-0.39824050664901733	0	0	0.3917444519982622	0
loo	SIHA	SIHA	chr22	ecDNA	0.1911826133728027	0.4699999988079071	0	0	0.0	0	0	-0.27881738543510437	0	0	0.2216554411523259	0
loo	SIHA	SIHA	chr22	seismic_amplification	0.1733628213405609	0.4199999868869781	0	0	0.0	0	0	-0.24663716554641718	0	0	0.294329263903501	0
loo	SIHA	SIHA	chr3	BFB	0.0699045956134796	0.3700000047683716	0	0	0.0	0	0	-0.30009540915489197	0	0	0.1740726180693242	0
loo	SIHA	SIHA	chr3	chromothripsis	0.1432458609342575	0.5799999833106995	0	0	0.0	0	0	-0.43675412237644196	0	0	0.3471440132621241	0
loo	SIHA	SIHA	chr3	ecDNA	0.0786957442760467	0.4699999988079071	0	0	0.0	0	0	-0.3913042545318604	0	0	0.13994534794947988	0
loo	SIHA	SIHA	chr3	seismic_amplification	0.0424063391983509	0.4199999868869781	0	0	0.0	0	0	-0.3775936476886272	0	0	0.1785727446492883	0
loo	SIHA	SIHA	chr4	BFB	0.0472266525030136	0.3700000047683716	0	0	0.0	0	0	-0.32277335226535797	0	0	0.15844117791017862	0
loo	SIHA	SIHA	chr4	chromothripsis	0.0805380195379257	0.5799999833106995	0	0	0.0	0	0	-0.49946196377277374	0	0	0.2801674701374657	0
loo	SIHA	SIHA	chr4	ecDNA	0.1325084269046783	0.4699999988079071	0	0	0.0	0	0	-0.3374915719032288	0	0	0.17537687645871747	0
loo	SIHA	SIHA	chr4	seismic_amplification	0.0857649520039558	0.4199999868869781	0	0	0.0	0	0	-0.3342350348830223	0	0	0.2124351904600096	0
loo	SIHA	SIHA	chr5	BFB	0.1297418028116226	0.3700000047683716	0	0	0.0	0	0	-0.240258201956749	0	0	0.22109382315966372	0
loo	SIHA	SIHA	chr5	chromothripsis	0.1774387806653976	0.5799999833106995	0	1	0.0	0	0	-0.4025612026453019	0	0	0.38663388708593033	0
loo	SIHA	SIHA	chr5	ecDNA	0.1663026362657547	0.4699999988079071	0	0	0.0	0	0	-0.3036973625421524	0	0	0.2010346942065917	0
loo	SIHA	SIHA	chr5	seismic_amplification	0.1042531505227088	0.4199999868869781	0	0	0.0	0	0	-0.3157468363642693	0	0	0.22823270426760323	0
loo	SIHA	SIHA	chr6	BFB	0.0493359267711639	0.3700000047683716	0	0	0.0	0	0	-0.3206640779972077	0	0	0.1598455872881401	0
loo	SIHA	SIHA	chr6	chromothripsis	0.0636046752333641	0.5799999833106995	0	0	0.0	0	0	-0.5163953080773354	0	0	0.26349415751966826	0
loo	SIHA	SIHA	chr6	ecDNA	0.1175069659948349	0.4699999988079071	0	0	0.0	0	0	-0.3524930328130722	0	0	0.16484224540069636	0
loo	SIHA	SIHA	chr6	seismic_amplification	0.0715262368321418	0.4199999868869781	0	0	0.0	0	0	-0.3484737500548363	0	0	0.2008234032310736	0
loo	SIHA	SIHA	chr7	BFB	0.2677859365940094	0.3700000047683716	0	0	0.0	0	0	-0.10221406817436218	0	0	0.36067402458481096	0
loo	SIHA	SIHA	chr7	chromothripsis	0.7178962826728821	0.5799999833106995	1	0	0.0	0	1	0.13789629936218262	1	0	0.9027060605376883	0
loo	SIHA	SIHA	chr7	ecDNA	0.2295573055744171	0.4699999988079071	0	0	0.0	0	0	-0.24044269323349002	0	0	0.25633509734240145	0
loo	SIHA	SIHA	chr7	seismic_amplification	0.1352118700742721	0.4199999868869781	0	0	0.0	0	0	-0.284788116812706	0	0	0.2564930350580952	0
loo	SIHA	SIHA	chr8	BFB	0.289029985666275	0.3700000047683716	0	0	0.0	0	0	-0.08097001910209656	0	0	0.38538901335332765	0
loo	SIHA	SIHA	chr8	chromothripsis	0.0793250873684883	0.5799999833106995	0	0	0.0	0	0	-0.5006748959422112	0	0	0.2789519529920317	0
loo	SIHA	SIHA	chr8	ecDNA	0.1989386975765228	0.4699999988079071	0	0	0.0	0	0	-0.2710613012313843	0	0	0.22838491631863114	0
loo	SIHA	SIHA	chr8	seismic_amplification	0.0987783446907997	0.4199999868869781	0	0	0.0	0	0	-0.3212216421961784	0	0	0.22346997918696018	0
loo	SIHA	SIHA	chr9	BFB	0.066299669444561	0.3700000047683716	0	0	0.0	0	0	-0.3037003353238106	0	0	0.17150885381174613	0
loo	SIHA	SIHA	chr9	chromothripsis	0.102093756198883	0.5799999833106995	0	0	0.0	0	0	-0.47790622711181646	0	0	0.3022984647517399	0
loo	SIHA	SIHA	chr9	ecDNA	0.1199645176529884	0.4699999988079071	0	0	0.0	0	0	-0.35003548115491867	0	0	0.1665325707784587	0
loo	SIHA	SIHA	chr9	seismic_amplification	0.0687754228711128	0.4199999868869781	0	0	0.0	0	0	-0.3512245640158653	0	0	0.19863569543046697	0
loo	SIHA	SIHA	chrX	BFB	0.4592884182929992	0.3700000047683716	1	0	0.0	0	1	0.08928841352462763	1	0	0.5939732777172881	0
loo	SIHA	SIHA	chrX	chromothripsis	0.1829788982868194	0.5799999833106995	0	0	0.0	0	0	-0.39702108502388006	0	0	0.3931911549502136	0
loo	SIHA	SIHA	chrX	ecDNA	0.1951816082000732	0.4699999988079071	0	0	0.0	0	0	-0.2748183906078339	0	0	0.22510728576702563	0
loo	SIHA	SIHA	chrX	seismic_amplification	0.0825861245393753	0.4199999868869781	0	0	0.0	0	0	-0.3374138623476028	0	0	0.20980096843256957	0
loo	SKBR3	SKBR3	chr1	BFB	0.072857841849327	0.4199999868869781	0	0	0.0	0	0	-0.34714214503765106	0	0	0.14872577454826538	0
loo	SKBR3	SKBR3	chr1	chromothripsis	0.1598672121763229	0.6299999952316284	0	0	0.0	0	0	-0.4701327830553055	0	0	0.3842915601223457	0
loo	SKBR3	SKBR3	chr1	ecDNA	0.0614056549966335	0.3300000131130218	0	0	0.0	0	0	-0.2685943581163883	0	0	0.1650759807750023	0
loo	SKBR3	SKBR3	chr1	seismic_amplification	0.2046333402395248	0.7699999809265137	0	0	0.0	0	0	-0.5653666406869888	0	0	0.20469956030871134	0
loo	SKBR3	SKBR3	chr10	BFB	0.717191219329834	0.4199999868869781	1	0	0.8468877077102661	1	1	0.2971912324428559	1	1	0.9742333273083633	1
loo	SKBR3	SKBR3	chr10	chromothripsis	0.5458632707595825	0.6299999952316284	0	0	0.0	0	0	-0.0841367244720459	0	0	0.8012526993338549	0
loo	SKBR3	SKBR3	chr10	ecDNA	0.2747255861759186	0.3300000131130218	0	0	0.0	0	0	-0.055274426937103216	0	0	0.3566435133064656	0
loo	SKBR3	SKBR3	chr10	seismic_amplification	0.3499836325645447	0.7699999809265137	0	0	0.0	0	0	-0.420016348361969	0	0	0.3419310886060439	0
loo	SKBR3	SKBR3	chr11	BFB	0.3099757432937622	0.4199999868869781	0	0	0.0	0	0	-0.11002424359321589	0	0	0.35465438925079046	0
loo	SKBR3	SKBR3	chr11	chromothripsis	0.1267561465501785	0.6299999952316284	0	0	0.0	0	0	-0.5032438486814499	0	0	0.3471937542858549	0
loo	SKBR3	SKBR3	chr11	ecDNA	0.0929210036993026	0.3300000131130218	0	0	0.0	0	0	-0.23707900941371918	0	0	0.1871522181626228	0
loo	SKBR3	SKBR3	chr11	seismic_amplification	0.1059728562831878	0.7699999809265137	0	0	0.0	0	0	-0.6640271246433259	0	0	0.13776226833266034	0
loo	SKBR3	SKBR3	chr12	BFB	0.0429779142141342	0.4199999868869781	0	0	0.0	0	0	-0.3770220726728439	0	0	0.1313540274846372	0
loo	SKBR3	SKBR3	chr12	chromothripsis	0.0808221474289894	0.6299999952316284	0	0	0.5939234495162964	1	0	-0.549177847802639	1	0	0.7673805418690858	0
loo	SKBR3	SKBR3	chr12	ecDNA	0.0165322385728359	0.3300000131130218	0	0	0.0	0	0	-0.3134677745401859	0	0	0.13731079751138836	0
loo	SKBR3	SKBR3	chr12	seismic_amplification	0.0519579984247684	0.7699999809265137	0	0	0.0	0	0	-0.7180419825017452	0	0	0.10957841191359079	0
loo	SKBR3	SKBR3	chr13	BFB	0.0571683272719383	0.4199999868869781	0	0	0.0	0	0	-0.36283165961503977	0	0	0.13937900052399924	0
loo	SKBR3	SKBR3	chr13	chromothripsis	0.0835749059915542	0.6299999952316284	0	0	0.0	0	0	-0.5464250892400742	0	0	0.30151545389287704	0
loo	SKBR3	SKBR3	chr13	ecDNA	0.0370690748095512	0.3300000131130218	0	0	0.0	0	0	-0.2929309383034706	0	0	0.149496790465663	0
loo	SKBR3	SKBR3	chr13	seismic_amplification	0.1012197509407997	0.7699999809265137	0	0	0.0	0	0	-0.668780229985714	0	0	0.13505623841176034	0
loo	SKBR3	SKBR3	chr14	BFB	0.0814254581928253	0.4199999868869781	0	0	0.0	0	0	-0.3385745286941528	0	0	0.15404479657296713	0
loo	SKBR3	SKBR3	chr14	chromothripsis	0.3395779132843017	0.6299999952316284	0	0	0.6121644973754883	1	0	-0.2904220819473267	1	0	0.9212700917306744	0
loo	SKBR3	SKBR3	chr14	ecDNA	0.0385661646723747	0.3300000131130218	0	0	0.0	0	0	-0.2914338484406471	0	0	0.15041909060218894	0
loo	SKBR3	SKBR3	chr14	seismic_amplification	0.4077546596527099	0.7699999809265137	0	0	0.0	0	0	-0.36224532127380377	0	0	0.40721420335745956	0
loo	SKBR3	SKBR3	chr15	BFB	0.0561400912702083	0.4199999868869781	0	0	0.0	0	0	-0.3638598956167698	0	0	0.13878396993553319	0
loo	SKBR3	SKBR3	chr15	chromothripsis	0.5231088399887085	0.6299999952316284	0	0	0.0	0	0	-0.10689115524291992	0	0	0.783158821081958	0
loo	SKBR3	SKBR3	chr15	ecDNA	0.0238805152475833	0.3300000131130218	0	0	0.0	0	0	-0.3061194978654385	0	0	0.1415721191335268	0
loo	SKBR3	SKBR3	chr15	seismic_amplification	0.0484466180205345	0.7699999809265137	0	0	0.0	0	0	-0.7215533629059792	0	0	0.1079335254911918	0
loo	SKBR3	SKBR3	chr16	BFB	0.0588903427124023	0.4199999868869781	0	0	0.0	0	0	-0.3611096441745758	0	0	0.14038030208641133	0
loo	SKBR3	SKBR3	chr16	chromothripsis	0.0840737447142601	0.6299999952316284	0	0	0.0	0	0	-0.5459262505173683	0	0	0.3020234377215609	0
loo	SKBR3	SKBR3	chr16	ecDNA	0.0411923229694366	0.3300000131130218	0	0	0.0	0	0	-0.2888076901435852	0	0	0.15204827284857028	0
loo	SKBR3	SKBR3	chr16	seismic_amplification	0.0792108476161956	0.7699999809265137	0	0	0.0	0	0	-0.6907891333103181	0	0	0.12310582397856505	0
loo	SKBR3	SKBR3	chr17	BFB	0.3806665241718292	0.4199999868869781	0	0	0.0	0	0	-0.03933346271514887	0	0	0.4361026538053472	0
loo	SKBR3	SKBR3	chr17	chromothripsis	0.3567322492599487	0.6299999952316284	0	0	0.0	0	0	-0.27326774597167974	0	0	0.6177654199026562	0
loo	SKBR3	SKBR3	chr17	ecDNA	0.2186837196350097	0.3300000131130218	0	0	0.0	0	0	-0.11131629347801208	0	0	0.2971697414542967	0
loo	SKBR3	SKBR3	chr17	seismic_amplification	0.4811437726020813	0.7699999809265137	0	0	0.0	0	0	-0.2888562083244324	0	0	0.49479891574735185	0
loo	SKBR3	SKBR3	chr18	BFB	0.0380698442459106	0.4199999868869781	0	0	0.0	0	0	-0.3819301426410675	0	0	0.12867108559857407	0
loo	SKBR3	SKBR3	chr18	chromothripsis	0.1627790927886963	0.6299999952316284	0	0	0.0	0	0	-0.46722090244293213	0	0	0.387626790213913	0
loo	SKBR3	SKBR3	chr18	ecDNA	0.0191427897661924	0.3300000131130218	0	0	0.0	0	0	-0.3108572233468294	0	0	0.13881218587790997	0
loo	SKBR3	SKBR3	chr18	seismic_amplification	0.0523232072591781	0.7699999809265137	0	0	0.0	0	0	-0.7176767736673356	0	0	0.10975074827417172	0
loo	SKBR3	SKBR3	chr19	BFB	0.0545072704553604	0.4199999868869781	0	0	0.0	0	0	-0.3654927164316177	0	0	0.13784345177186097	0
loo	SKBR3	SKBR3	chr19	chromothripsis	0.2006749212741851	0.6299999952316284	0	0	0.610140323638916	1	0	-0.42932507395744335	1	0	0.8565202366706817	0
loo	SKBR3	SKBR3	chr19	ecDNA	0.0309186913073062	0.3300000131130218	0	0	0.0	0	0	-0.2990813218057156	0	0	0.14575660851259473	0
loo	SKBR3	SKBR3	chr19	seismic_amplification	0.050077237188816	0.7699999809265137	0	0	0.0	0	0	-0.7199227437376977	0	0	0.10869466368214899	0
loo	SKBR3	SKBR3	chr2	BFB	0.0553318336606025	0.4199999868869781	0	0	0.0	0	0	-0.3646681532263756	0	0	0.13831773588548388	0
loo	SKBR3	SKBR3	chr2	chromothripsis	0.0854423567652702	0.6299999952316284	0	0	0.0	0	0	-0.5445576384663582	0	0	0.30341962937833133	0
loo	SKBR3	SKBR3	chr2	ecDNA	0.0304059162735939	0.3300000131130218	0	0	0.0	0	0	-0.2995940968394279	0	0	0.1454483102168317	0
loo	SKBR3	SKBR3	chr2	seismic_amplification	0.1062009036540985	0.7699999809265137	0	0	0.0	0	0	-0.6637990772724152	0	0	0.13789323821830082	0
loo	SKBR3	SKBR3	chr20	BFB	0.3999768197536468	0.4199999868869781	0	0	0.0	0	0	-0.0200231671333313	0	0	0.4591740581421263	0
loo	SKBR3	SKBR3	chr20	chromothripsis	0.6527910232543945	0.6299999952316284	1	1	0.5639863014221191	1	1	0.022791028022766113	1	1	0.9807784562417612	1
loo	SKBR3	SKBR3	chr20	ecDNA	0.1141371428966522	0.3300000131130218	0	0	0.0	0	0	-0.2158628702163696	0	0	0.20325323391270222	0
loo	SKBR3	SKBR3	chr20	seismic_amplification	0.8340836763381958	0.7699999809265137	1	1	0.8966698050498962	1	1	0.06408369541168213	1	1	0.9818476101087422	1
loo	SKBR3	SKBR3	chr21	BFB	0.0504925176501274	0.4199999868869781	0	0	0.0	0	0	-0.3695074692368507	0	0	0.13555368040014956	0
loo	SKBR3	SKBR3	chr21	chromothripsis	0.1174313351511955	0.6299999952316284	0	0	0.0	0	0	-0.5125686600804329	0	0	0.33705094048136736	0
loo	SKBR3	SKBR3	chr21	ecDNA	0.0285102352499961	0.3300000131130218	0	0	0.0	0	0	-0.3014897778630257	0	0	0.14431325628720432	0
loo	SKBR3	SKBR3	chr21	seismic_amplification	0.0892141088843345	0.7699999809265137	0	0	0.0	0	0	-0.6807858720421792	0	0	0.12842057942845184	0
loo	SKBR3	SKBR3	chr22	BFB	0.0442468263208866	0.4199999868869781	0	0	0.0	0	0	-0.3757531605660915	0	0	0.13205534554664417	0
loo	SKBR3	SKBR3	chr22	chromothripsis	0.0836898908019065	0.6299999952316284	0	0	0.0	0	0	-0.5463101044297219	0	0	0.30163250362865274	0
loo	SKBR3	SKBR3	chr22	ecDNA	0.0239779651165008	0.3300000131130218	0	0	0.0	0	0	-0.306022047996521	0	0	0.1416293660118447	0
loo	SKBR3	SKBR3	chr22	seismic_amplification	0.0918875038623809	0.7699999809265137	0	0	0.0	0	0	-0.6781124770641328	0	0	0.12987370921052402	0
loo	SKBR3	SKBR3	chr3	BFB	0.3497799634933471	0.4199999868869781	0	1	0.0	0	0	-0.07022002339363098	0	0	0.399807097586633	0
loo	SKBR3	SKBR3	chr3	chromothripsis	0.6658333539962769	0.6299999952316284	1	0	0.5598956346511841	1	1	0.03583335876464844	1	1	0.981869319220687	1
loo	SKBR3	SKBR3	chr3	ecDNA	0.1141465231776237	0.3300000131130218	0	0	0.0	0	0	-0.2158534899353981	0	0	0.20326057558768948	0
loo	SKBR3	SKBR3	chr3	seismic_amplification	0.8292185664176941	0.7699999809265137	1	0	0.0	0	1	0.05921858549118042	1	0	0.8404306902235906	0
loo	SKBR3	SKBR3	chr4	BFB	0.062067937105894	0.4199999868869781	0	0	0.0	0	0	-0.3579320497810841	0	0	0.14224377575384645	0
loo	SKBR3	SKBR3	chr4	chromothripsis	0.2513918578624725	0.6299999952316284	0	0	0.0	0	0	-0.37860813736915594	0	0	0.49274188094475646	0
loo	SKBR3	SKBR3	chr4	ecDNA	0.0350010693073272	0.3300000131130218	0	0	0.0	0	0	-0.2949989438056946	0	0	0.1482304430687586	0
loo	SKBR3	SKBR3	chr4	seismic_amplification	0.0729102790355682	0.7699999809265137	0	0	0.0	0	0	-0.6970897018909454	0	0	0.11985620692112033	0
loo	SKBR3	SKBR3	chr5	BFB	0.3311547338962555	0.4199999868869781	0	0	0.0	0	0	-0.0888452529907226	0	0	0.37841423598118085	0
loo	SKBR3	SKBR3	chr5	chromothripsis	0.6153551936149597	0.6299999952316284	0	0	0.0	0	0	-0.014644801616668701	0	0	0.8494118849078999	0
loo	SKBR3	SKBR3	chr5	ecDNA	0.0965936556458473	0.3300000131130218	0	0	0.0	0	0	-0.23340635746717447	0	0	0.18986744779570258	0
loo	SKBR3	SKBR3	chr5	seismic_amplification	0.8959898948669434	0.7699999809265137	1	0	0.0	0	1	0.1259899139404297	1	0	0.8791219166311605	0
loo	SKBR3	SKBR3	chr6	BFB	0.8138461709022522	0.4199999868869781	1	0	0.0	0	1	0.3938461840152741	1	0	0.8625410418998238	0
loo	SKBR3	SKBR3	chr6	chromothripsis	0.5831075310707092	0.6299999952316284	0	0	0.0	0	0	-0.04689246416091919	0	0	0.8283734605032649	0
loo	SKBR3	SKBR3	chr6	ecDNA	0.3684970140457153	0.3300000131130218	1	0	0.0	0	1	0.03849700093269348	1	0	0.4658616707885453	0
loo	SKBR3	SKBR3	chr6	seismic_amplification	0.3990702331066131	0.7699999809265137	0	0	0.0	0	0	-0.37092974781990057	0	0	0.39712339357381804	0
loo	SKBR3	SKBR3	chr7	BFB	0.688581645488739	0.4199999868869781	1	1	0.7927573323249817	1	1	0.2685816586017609	1	1	0.9691727083421566	1
loo	SKBR3	SKBR3	chr7	chromothripsis	0.3477825224399566	0.6299999952316284	0	0	0.0	0	0	-0.2822174727916718	0	0	0.6075011311833466	0
loo	SKBR3	SKBR3	chr7	ecDNA	0.4451304376125335	0.3300000131130218	1	0	0.0	0	1	0.11513042449951172	1	0	0.5581364375484195	0
loo	SKBR3	SKBR3	chr7	seismic_amplification	0.2739607095718384	0.7699999809265137	0	0	0.0	0	0	-0.4960392713546753	0	0	0.2646149895586781	0
loo	SKBR3	SKBR3	chr8	BFB	0.6901871562004089	0.4199999868869781	1	1	0.0	0	1	0.27018716931343084	1	0	0.7753750713177067	0
loo	SKBR3	SKBR3	chr8	chromothripsis	0.5731871724128723	0.6299999952316284	0	0	0.0	0	0	-0.056812822818756104	0	0	0.8214493970320764	0
loo	SKBR3	SKBR3	chr8	ecDNA	0.2721506357192993	0.3300000131130218	0	0	0.5820068717002869	1	0	-0.05784937739372248	1	0	0.8075835616706553	0
loo	SKBR3	SKBR3	chr8	seismic_amplification	0.9217084646224976	0.7699999809265137	1	1	0.9077762961387634	1	1	0.1517084836959839	1	1	0.9881512616822504	1
loo	SKBR3	SKBR3	chr9	BFB	0.0360090024769306	0.4199999868869781	0	0	0.0	0	0	-0.3839909844100475	0	0	0.12755854311930695	0
loo	SKBR3	SKBR3	chr9	chromothripsis	0.0471671931445598	0.6299999952316284	0	0	0.0	0	0	-0.5828328020870687	0	0	0.2657975632334947	0
loo	SKBR3	SKBR3	chr9	ecDNA	0.0168741568922996	0.3300000131130218	0	0	0.0	0	0	-0.3131258562207222	0	0	0.13750666275736204	0
loo	SKBR3	SKBR3	chr9	seismic_amplification	0.088142529129982	0.7699999809265137	0	0	0.0	0	0	-0.6818574517965317	0	0	0.12784202280733103	0
loo	SKBR3	SKBR3	chrX	BFB	0.1900676041841507	0.4199999868869781	0	0	0.0	0	0	-0.2299323827028274	0	0	0.2353837697377791	0
loo	SKBR3	SKBR3	chrX	chromothripsis	0.6432525515556335	0.6299999952316284	1	0	0.6062119603157043	1	1	0.013252556324005127	1	1	0.9805887285245743	1
loo	SKBR3	SKBR3	chrX	ecDNA	0.0898278728127479	0.3300000131130218	0	0	0.0	0	0	-0.2401721403002739	0	0	0.18488870107720487	0
loo	SKBR3	SKBR3	chrX	seismic_amplification	0.7478639483451843	0.7699999809265137	0	0	0.0	0	0	-0.022136032581329346	0	0	0.7804430716270092	0
loo	SNU1000	SNU1000	chr1	BFB	0.0999156534671783	0.6299999952316284	0	0	0.0	0	0	-0.5300843417644501	0	0	0.10191267268891115	0
loo	SNU1000	SNU1000	chr1	chromothripsis	0.0704214423894882	0.5899999737739563	0	0	0.0	0	0	-0.5195785313844681	0	0	0.27044451697358796	0
loo	SNU1000	SNU1000	chr1	ecDNA	0.1238444820046424	0.3400000035762787	0	0	0.0	0	0	-0.21615552157163628	0	0	0.20264902512784505	0
loo	SNU1000	SNU1000	chr1	seismic_amplification	0.033526137471199	0.7599999904632568	0	0	0.0	0	0	-0.7264738529920578	0	0	0.09135460191810386	0
loo	SNU1000	SNU1000	chr10	BFB	0.12045868486166	0.6299999952316284	0	0	0.0	0	0	-0.5095413103699684	0	0	0.11206357568794542	0
loo	SNU1000	SNU1000	chr10	chromothripsis	0.0938941240310669	0.5899999737739563	0	0	0.0	0	0	-0.4961058497428894	0	0	0.29506929157314005	0
loo	SNU1000	SNU1000	chr10	ecDNA	0.0622522719204425	0.3400000035762787	0	0	0.0	0	0	-0.2777477316558362	0	0	0.15596265224450942	0
loo	SNU1000	SNU1000	chr10	seismic_amplification	0.0255069714039564	0.7599999904632568	0	0	0.0	0	0	-0.7344930190593004	0	0	0.08796750080154467	0
loo	SNU1000	SNU1000	chr11	BFB	0.9536712765693665	0.6299999952316284	1	1	0.9405564069747924	1	1	0.32367128133773804	1	1	0.9888655614598459	1
loo	SNU1000	SNU1000	chr11	chromothripsis	0.0473181493580341	0.5899999737739563	0	0	0.0	0	0	-0.5426818244159222	0	0	0.24751015226271864	0
loo	SNU1000	SNU1000	chr11	ecDNA	0.8677026033401489	0.3400000035762787	1	0	0.7158772945404053	1	1	0.5277025997638702	1	1	0.9894214053345847	1
loo	SNU1000	SNU1000	chr11	seismic_amplification	0.2559815347194671	0.7599999904632568	0	0	0.0	0	0	-0.5040184557437897	0	0	0.24123446919450942	0
loo	SNU1000	SNU1000	chr12	BFB	0.0549777336418628	0.6299999952316284	0	0	0.0	0	0	-0.5750222615897657	0	0	0.08251015559077716	0
loo	SNU1000	SNU1000	chr12	chromothripsis	0.0205027796328067	0.5899999737739563	0	0	0.0	0	0	-0.5694971941411496	0	0	0.2225764592302709	0
loo	SNU1000	SNU1000	chr12	ecDNA	0.0370303131639957	0.3400000035762787	0	0	0.0	0	0	-0.302969690412283	0	0	0.13954040689374494	0
loo	SNU1000	SNU1000	chr12	seismic_amplification	0.0088226106017827	0.7599999904632568	0	0	0.0	0	0	-0.7511773798614741	0	0	0.08128193771861332	0
loo	SNU1000	SNU1000	chr13	BFB	0.0585828050971031	0.6299999952316284	0	0	0.0	0	0	-0.5714171901345253	0	0	0.08393361478607246	0
loo	SNU1000	SNU1000	chr13	chromothripsis	0.0621604844927787	0.5899999737739563	0	0	0.0	0	0	-0.5278394892811776	0	0	0.26209235340598597	0
loo	SNU1000	SNU1000	chr13	ecDNA	0.0566882528364658	0.3400000035762787	0	0	0.0	0	0	-0.2833117507398129	0	0	0.1522094760683865	0
loo	SNU1000	SNU1000	chr13	seismic_amplification	0.022043677046895	0.7599999904632568	0	0	0.0	0	0	-0.7379563134163618	0	0	0.08654007364354001	0
loo	SNU1000	SNU1000	chr14	BFB	0.1835891157388687	0.6299999952316284	0	0	0.0	0	0	-0.4464108794927597	0	0	0.14891805711512937	0
loo	SNU1000	SNU1000	chr14	chromothripsis	0.0478016585111618	0.5899999737739563	0	0	0.0	0	0	-0.5421983152627945	0	0	0.24797650194732057	0
loo	SNU1000	SNU1000	chr14	ecDNA	0.0627382025122642	0.3400000035762787	0	0	0.0	0	0	-0.2772618010640145	0	0	0.15629399026791102	0
loo	SNU1000	SNU1000	chr14	seismic_amplification	0.0295012518763542	0.7599999904632568	0	0	0.0	0	0	-0.7304987385869026	0	0	0.08964016792420866	0
loo	SNU1000	SNU1000	chr15	BFB	0.4539528787136078	0.6299999952316284	0	0	0.0	0	0	-0.17604711651802063	0	0	0.41486553628173806	0
loo	SNU1000	SNU1000	chr15	chromothripsis	0.041091613471508	0.5899999737739563	0	0	0.0	0	0	-0.5489083603024483	0	0	0.2415573332106029	0
loo	SNU1000	SNU1000	chr15	ecDNA	0.1957065761089325	0.3400000035762787	0	0	0.0	0	0	-0.1442934274673462	0	0	0.26935283787035563	0
loo	SNU1000	SNU1000	chr15	seismic_amplification	0.0540050603449344	0.7599999904632568	0	0	0.0	0	0	-0.7059949301183225	0	0	0.10054163687270172	0
loo	SNU1000	SNU1000	chr16	BFB	0.0627688691020011	0.6299999952316284	0	0	0.0	0	0	-0.5672311261296273	0	0	0.08561444196367231	0
loo	SNU1000	SNU1000	chr16	chromothripsis	0.0246349573135375	0.5899999737739563	0	0	0.0	0	0	-0.5653650164604188	0	0	0.22629885540060363	0
loo	SNU1000	SNU1000	chr16	ecDNA	0.0403702892363071	0.3400000035762787	0	0	0.0	0	0	-0.2996297143399716	0	0	0.1416288201943099	0
loo	SNU1000	SNU1000	chr16	seismic_amplification	0.0124422516673803	0.7599999904632568	0	0	0.0	0	0	-0.7475577387958765	0	0	0.08269183680737932	0
loo	SNU1000	SNU1000	chr17	BFB	0.0708318576216697	0.6299999952316284	0	0	0.0	0	0	-0.5591681376099588	0	0	0.0889381494301442	0
loo	SNU1000	SNU1000	chr17	chromothripsis	0.0248725842684507	0.5899999737739563	0	0	0.0	0	0	-0.5651273895055056	0	0	0.2265142508504148	0
loo	SNU1000	SNU1000	chr17	ecDNA	0.0626216307282447	0.3400000035762787	0	0	0.0	0	0	-0.277378372848034	0	0	0.15621445204574758	0
loo	SNU1000	SNU1000	chr17	seismic_amplification	0.0112436544150114	0.7599999904632568	0	0	0.0	0	0	-0.7487563360482454	0	0	0.08222252002381125	0
loo	SNU1000	SNU1000	chr18	BFB	0.1405739784240722	0.6299999952316284	0	0	0.0	0	0	-0.4894260168075562	0	0	0.12284823801513661	0
loo	SNU1000	SNU1000	chr18	chromothripsis	0.0770592242479324	0.5899999737739563	0	0	0.0	0	0	-0.5129407495260239	0	0	0.2772756678081849	0
loo	SNU1000	SNU1000	chr18	ecDNA	0.0940519049763679	0.3400000035762787	0	0	0.0	0	0	-0.2459480985999108	0	0	0.1788723447756682	0
loo	SNU1000	SNU1000	chr18	seismic_amplification	0.0351650565862655	0.7599999904632568	0	0	0.0	0	0	-0.7248349338769914	0	0	0.09206112567843747	0
loo	SNU1000	SNU1000	chr19	BFB	0.0692340210080146	0.6299999952316284	0	0	0.0	0	0	-0.5607659742236139	0	0	0.08827037287364985	0
loo	SNU1000	SNU1000	chr19	chromothripsis	0.0764974951744079	0.5899999737739563	0	1	0.0	0	0	-0.5135024785995483	0	0	0.27669347210593453	0
loo	SNU1000	SNU1000	chr19	ecDNA	0.0512691028416156	0.3400000035762787	0	0	0.0	0	0	-0.28873090073466307	0	0	0.14862556957585407	0
loo	SNU1000	SNU1000	chr19	seismic_amplification	0.0146916536614298	0.7599999904632568	0	0	0.0	0	0	-0.7453083368018271	0	0	0.08357918503883806	0
loo	SNU1000	SNU1000	chr2	BFB	0.0953706949949264	0.6299999952316284	0	1	0.0	0	0	-0.534629300236702	0	0	0.09977988201135629	0
loo	SNU1000	SNU1000	chr2	chromothripsis	0.0286495760083198	0.5899999737739563	0	0	0.0	0	0	-0.5613503977656364	0	0	0.22995732970825594	0
loo	SNU1000	SNU1000	chr2	ecDNA	0.0685328543186187	0.3400000035762787	0	0	0.0	0	0	-0.27146714925765997	0	0	0.1602894492466102	0
loo	SNU1000	SNU1000	chr2	seismic_amplification	0.0180076118558645	0.7599999904632568	0	0	0.0	0	0	-0.7419923786073923	0	0	0.08490305460255888	0
loo	SNU1000	SNU1000	chr20	BFB	0.1616036593914032	0.6299999952316284	0	0	0.0	0	0	-0.4683963358402252	0	0	0.13506543732315343	0
loo	SNU1000	SNU1000	chr20	chromothripsis	0.0970551595091819	0.5899999737739563	0	0	0.0	0	0	-0.4929448142647744	0	0	0.29848348097053307	0
loo	SNU1000	SNU1000	chr20	ecDNA	0.1100309714674949	0.3400000035762787	0	0	0.0	0	0	-0.22996903210878378	0	0	0.1913427159511992	0
loo	SNU1000	SNU1000	chr20	seismic_amplification	0.0391621217131614	0.7599999904632568	0	0	0.0	0	0	-0.7208378687500955	0	0	0.09380485070893599	0
loo	SNU1000	SNU1000	chr21	BFB	0.0625346973538398	0.6299999952316284	0	0	0.0	0	0	-0.5674652978777887	0	0	0.08551961499723917	0
loo	SNU1000	SNU1000	chr21	chromothripsis	0.1515696495771408	0.5899999737739563	0	0	0.0	0	0	-0.4384303241968155	0	0	0.3606835184933751	0
loo	SNU1000	SNU1000	chr21	ecDNA	0.0840231254696846	0.3400000035762787	0	0	0.0	0	0	-0.2559768781065941	0	0	0.17137571082252714	0
loo	SNU1000	SNU1000	chr21	seismic_amplification	0.0251750499010086	0.7599999904632568	0	0	0.0	0	0	-0.7348249405622482	0	0	0.08782977996863964	0
loo	SNU1000	SNU1000	chr22	BFB	0.1552319973707199	0.6299999952316284	0	0	0.0	0	0	-0.4747679978609085	0	0	0.1312592922624645	0
loo	SNU1000	SNU1000	chr22	chromothripsis	0.1093481704592704	0.5899999737739563	0	0	0.0	0	0	-0.48065180331468593	0	0	0.31197345463468845	0
loo	SNU1000	SNU1000	chr22	ecDNA	0.1001616716384887	0.3400000035762787	0	0	0.0	0	0	-0.23983833193778997	0	0	0.18356386327782243	0
loo	SNU1000	SNU1000	chr22	seismic_amplification	0.0707609504461288	0.7599999904632568	0	0	0.0	0	0	-0.689239040017128	0	0	0.1086598884512038	0
loo	SNU1000	SNU1000	chr3	BFB	0.3592921793460846	0.6299999952316284	0	0	0.0	0	0	-0.2707078158855438	0	0	0.3028445599436823	0
loo	SNU1000	SNU1000	chr3	chromothripsis	0.2749378979206085	0.5899999737739563	0	0	0.0	0	0	-0.3150620758533478	0	0	0.5165125403819635	0
loo	SNU1000	SNU1000	chr3	ecDNA	0.13782699406147	0.3400000035762787	0	0	0.0	0	0	-0.20217300951480868	0	0	0.21459362689728687	0
loo	SNU1000	SNU1000	chr3	seismic_amplification	0.0509431958198547	0.7599999904632568	0	0	0.0	0	0	-0.7090567946434021	0	0	0.09911766092300031	0
loo	SNU1000	SNU1000	chr4	BFB	0.0717063322663307	0.6299999952316284	0	0	0.0	0	0	-0.5582936629652977	0	0	0.08930554185034822	0
loo	SNU1000	SNU1000	chr4	chromothripsis	0.4343858361244201	0.5899999737739563	0	0	0.0	0	0	-0.1556141376495362	0	0	0.7091525651801146	0
loo	SNU1000	SNU1000	chr4	ecDNA	0.0723540559411048	0.3400000035762787	0	0	0.0	0	0	-0.2676459476351739	0	0	0.16296915317324823	0
loo	SNU1000	SNU1000	chr4	seismic_amplification	0.0261475350707769	0.7599999904632568	0	0	0.0	0	0	-0.7338524553924799	0	0	0.08823383514470659	0
loo	SNU1000	SNU1000	chr5	BFB	0.1442789733409881	0.6299999952316284	0	0	0.0	0	0	-0.4857210218906403	0	0	0.12492941528853967	0
loo	SNU1000	SNU1000	chr5	chromothripsis	0.0796779245138168	0.5899999737739563	0	0	0.0	0	0	-0.5103220492601395	0	0	0.2799997207169	0
loo	SNU1000	SNU1000	chr5	ecDNA	0.0663424357771873	0.3400000035762787	0	0	0.0	0	0	-0.2736575677990914	0	0	0.1587695078935439	0
loo	SNU1000	SNU1000	chr5	seismic_amplification	0.0348126664757728	0.7599999904632568	0	0	0.0	0	0	-0.725187323987484	0	0	0.09190880019232558	0
loo	SNU1000	SNU1000	chr6	BFB	0.24351167678833	0.6299999952316284	0	0	0.0	0	0	-0.38648831844329845	0	0	0.19263285378278736	0
loo	SNU1000	SNU1000	chr6	chromothripsis	0.137253075838089	0.5899999737739563	0	0	0.0	0	0	-0.4527468979358673	0	0	0.34378051840183127	0
loo	SNU1000	SNU1000	chr6	ecDNA	0.1074831038713455	0.3400000035762787	0	0	0.0	0	0	-0.23251689970493317	0	0	0.1893107233851317	0
loo	SNU1000	SNU1000	chr6	seismic_amplification	0.0309308841824531	0.7599999904632568	0	0	0.0	0	0	-0.7290691062808037	0	0	0.09024578455379458	0
loo	SNU1000	SNU1000	chr7	BFB	0.0638459175825119	0.6299999952316284	0	0	0.0	0	0	-0.5661540776491165	0	0	0.08605181689844259	0
loo	SNU1000	SNU1000	chr7	chromothripsis	0.03844890370965	0.5899999737739563	0	0	0.0	0	0	-0.5515510700643063	0	0	0.23906048360487775	0
loo	SNU1000	SNU1000	chr7	ecDNA	0.060248639434576	0.3400000035762787	0	0	0.0	0	0	-0.2797513641417027	0	0	0.1546024955237881	0
loo	SNU1000	SNU1000	chr7	seismic_amplification	0.0153754008933901	0.7599999904632568	0	0	0.0	0	0	-0.7446245895698668	0	0	0.0838506212014966	0
loo	SNU1000	SNU1000	chr8	BFB	0.0726150572299957	0.6299999952316284	0	0	0.0	0	0	-0.5573849380016327	0	0	0.08968877359446885	0
loo	SNU1000	SNU1000	chr8	chromothripsis	0.4685498774051666	0.5899999737739563	0	0	0.0	0	0	-0.12145009636878967	0	0	0.7442320782148832	0
loo	SNU1000	SNU1000	chr8	ecDNA	0.0498894862830638	0.3400000035762787	0	0	0.0	0	0	-0.2901105172932149	0	0	0.14772436877734346	0
loo	SNU1000	SNU1000	chr8	seismic_amplification	0.0262731183320283	0.7599999904632568	0	0	0.0	0	0	-0.7337268721312286	0	0	0.08828613562594197	0
loo	SNU1000	SNU1000	chr9	BFB	0.1609632074832916	0.6299999952316284	0	0	0.0	0	0	-0.4690367877483368	0	0	0.1346786896791429	0
loo	SNU1000	SNU1000	chr9	chromothripsis	0.2744244635105133	0.5899999737739563	0	0	0.0	0	0	-0.315575510263443	0	0	0.5158489364829865	0
loo	SNU1000	SNU1000	chr9	ecDNA	0.1482830941677093	0.3400000035762787	0	0	0.0	0	0	-0.1917169094085694	0	0	0.22385493215132068	0
loo	SNU1000	SNU1000	chr9	seismic_amplification	0.0717130899429321	0.7599999904632568	0	0	0.0	0	0	-0.6882869005203247	0	0	0.1091380666535517	0
loo	SNU1000	SNU1000	chrX	BFB	0.0692228972911834	0.6299999952316284	0	0	0.0	0	0	-0.5607770979404451	0	0	0.08826573990104333	0
loo	SNU1000	SNU1000	chrX	chromothripsis	0.0358513779938221	0.5899999737739563	0	0	0.0	0	0	-0.5541485957801342	0	0	0.23662362923068794	0
loo	SNU1000	SNU1000	chrX	ecDNA	0.0673312693834304	0.3400000035762787	0	0	0.0	0	0	-0.2726687341928483	0	0	0.15945421132146992	0
loo	SNU1000	SNU1000	chrX	seismic_amplification	0.0156837906688451	0.7599999904632568	0	0	0.0	0	0	-0.7443161997944118	0	0	0.0839733086329604	0
loo	SNU1005	SNU1005	chr1	BFB	0.2321886718273162	0.4300000071525574	0	0	0.0	0	0	-0.19781133532524117	0	0	0.2955363501284567	0
loo	SNU1005	SNU1005	chr1	chromothripsis	0.1796211749315261	0.7099999785423279	0	0	0.0	0	0	-0.5303788036108018	0	0	0.3367185460255117	0
loo	SNU1005	SNU1005	chr1	ecDNA	0.1350027024745941	0.2899999916553497	0	0	0.0	0	0	-0.1549972891807556	0	0	0.2257152610301657	0
loo	SNU1005	SNU1005	chr1	seismic_amplification	0.1120223253965377	0.8500000238418579	0	0	0.0	0	0	-0.7379776984453202	0	0	0.11508447820138334	0
loo	SNU1005	SNU1005	chr10	BFB	0.0812390223145484	0.4300000071525574	0	0	0.0	0	0	-0.348760984838009	0	0	0.16352923788021936	0
loo	SNU1005	SNU1005	chr10	chromothripsis	0.0940596386790275	0.7099999785423279	0	0	0.0	0	0	-0.6159403398633003	0	0	0.2477308161729991	0
loo	SNU1005	SNU1005	chr10	ecDNA	0.1095467135310173	0.2899999916553497	0	0	0.0	0	0	-0.18045327812433237	0	0	0.20400791129110926	0
loo	SNU1005	SNU1005	chr10	seismic_amplification	0.0706848129630088	0.8500000238418579	0	0	0.0	0	0	-0.7793152108788491	0	0	0.09544223359155268	0
loo	SNU1005	SNU1005	chr11	BFB	0.5410370230674744	0.4300000071525574	1	0	0.0	0	1	0.11103701591491699	1	0	0.6667707385907654	0
loo	SNU1005	SNU1005	chr11	chromothripsis	0.137919008731842	0.7099999785423279	0	0	0.0	0	0	-0.5720809698104858	0	0	0.2913377465691942	0
loo	SNU1005	SNU1005	chr11	ecDNA	0.2262638360261917	0.2899999916553497	0	0	0.0	0	0	-0.06373615562915796	0	0	0.31625516915878527	0
loo	SNU1005	SNU1005	chr11	seismic_amplification	0.1715089380741119	0.8500000238418579	0	0	0.0	0	0	-0.678491085767746	0	0	0.14944989561163724	0
loo	SNU1005	SNU1005	chr12	BFB	0.0451788604259491	0.4300000071525574	0	0	0.0	0	0	-0.3848211467266083	0	0	0.14008256485672937	0
loo	SNU1005	SNU1005	chr12	chromothripsis	0.0621366016566753	0.7099999785423279	0	0	0.0	0	0	-0.6478633768856525	0	0	0.21887590537956703	0
loo	SNU1005	SNU1005	chr12	ecDNA	0.0314511992037296	0.2899999916553497	0	0	0.0	0	0	-0.2585487924516201	0	0	0.14723372025501374	0
loo	SNU1005	SNU1005	chr12	seismic_amplification	0.0288461428135633	0.8500000238418579	0	0	0.0	0	0	-0.8211538810282946	0	0	0.07866979130317676	0
loo	SNU1005	SNU1005	chr13	BFB	0.0490290597081184	0.4300000071525574	0	0	0.0	0	0	-0.380970947444439	0	0	0.14244507307327714	0
loo	SNU1005	SNU1005	chr13	chromothripsis	0.0263857934623956	0.7099999785423279	0	0	0.0	0	0	-0.6836141850799323	0	0	0.18952970878380068	0
loo	SNU1005	SNU1005	chr13	ecDNA	0.0432857722043991	0.2899999916553497	0	0	0.0	0	0	-0.24671421945095057	0	0	0.1549097231285344	0
loo	SNU1005	SNU1005	chr13	seismic_amplification	0.0325560569763183	0.8500000238418579	0	0	0.0	0	0	-0.8174439668655397	0	0	0.08004076760642134	0
loo	SNU1005	SNU1005	chr14	BFB	0.0956083685159683	0.4300000071525574	0	0	0.0	0	0	-0.33439163863658905	0	0	0.17371629433906627	0
loo	SNU1005	SNU1005	chr14	chromothripsis	0.0480990745127201	0.7099999785423279	0	1	0.0	0	0	-0.6619009040296078	0	0	0.2069784511183622	0
loo	SNU1005	SNU1005	chr14	ecDNA	0.0754937082529068	0.2899999916553497	0	0	0.0	0	0	-0.21450628340244288	0	0	0.17745557421145003	0
loo	SNU1005	SNU1005	chr14	seismic_amplification	0.0628706216812133	0.8500000238418579	0	0	0.0	0	0	-0.7871294021606446	0	0	0.09208390164359924	0
loo	SNU1005	SNU1005	chr15	BFB	0.1515364348888397	0.4300000071525574	0	0	0.0	0	0	-0.27846357226371765	0	0	0.21812758203905885	0
loo	SNU1005	SNU1005	chr15	chromothripsis	0.0855345875024795	0.7099999785423279	0	0	0.0	0	0	-0.6244653910398483	0	0	0.2397821745898736	0
loo	SNU1005	SNU1005	chr15	ecDNA	0.1118017882108688	0.2899999916553497	0	0	0.0	0	0	-0.1781982034444809	0	0	0.20586652410744147	0
loo	SNU1005	SNU1005	chr15	seismic_amplification	0.0546686686575412	0.8500000238418579	0	0	0.0	0	0	-0.7953313551843167	0	0	0.08867350246026563	0
loo	SNU1005	SNU1005	chr16	BFB	0.0612773336470127	0.4300000071525574	0	0	0.0	0	0	-0.36872267350554466	0	0	0.1501821928337166	0
loo	SNU1005	SNU1005	chr16	chromothripsis	0.0373560339212417	0.7099999785423279	0	0	0.0	0	0	-0.6726439446210862	0	0	0.19820077902482375	0
loo	SNU1005	SNU1005	chr16	ecDNA	0.061931524425745	0.2899999916553497	0	0	0.0	0	0	-0.22806846722960467	0	0	0.16766258613945187	0
loo	SNU1005	SNU1005	chr16	seismic_amplification	0.0454011932015419	0.8500000238418579	0	0	0.0	0	0	-0.804598830640316	0	0	0.08495759406365624	0
loo	SNU1005	SNU1005	chr17	BFB	0.0509990118443965	0.4300000071525574	0	0	0.0	0	0	-0.3790009953081609	0	0	0.14366664688661065	0
loo	SNU1005	SNU1005	chr17	chromothripsis	0.0363457798957824	0.7099999785423279	0	0	0.0	0	0	-0.6736541986465455	0	0	0.19738993092868998	0
loo	SNU1005	SNU1005	chr17	ecDNA	0.0554592609405517	0.2899999916553497	0	0	0.0	0	0	-0.23454073071479797	0	0	0.1631433838749732	0
loo	SNU1005	SNU1005	chr17	seismic_amplification	0.0378445908427238	0.8500000238418579	0	0	0.0	0	0	-0.8121554329991341	0	0	0.08203283363705414	0
loo	SNU1005	SNU1005	chr18	BFB	0.1437940597534179	0.4300000071525574	0	0	0.0	0	0	-0.28620594739913946	0	0	0.21152207787992008	0
loo	SNU1005	SNU1005	chr18	chromothripsis	0.0461268201470375	0.7099999785423279	0	0	0.0	0	0	-0.6638731583952904	0	0	0.20534573797418632	0
loo	SNU1005	SNU1005	chr18	ecDNA	0.1136833652853965	0.2899999916553497	0	0	0.0	0	0	-0.17631662636995316	0	0	0.20742687977575494	0
loo	SNU1005	SNU1005	chr18	seismic_amplification	0.0928608179092407	0.8500000238418579	0	0	0.0	0	0	-0.7571392059326172	0	0	0.10557578104788189	0
loo	SNU1005	SNU1005	chr19	BFB	0.1392053365707397	0.4300000071525574	0	0	0.0	0	0	-0.2907946705818177	0	0	0.20767680154879462	0
loo	SNU1005	SNU1005	chr19	chromothripsis	0.1420247703790664	0.7099999785423279	0	0	0.0	0	0	-0.5679752081632614	0	0	0.2956440873521891	0
loo	SNU1005	SNU1005	chr19	ecDNA	0.1174644976854324	0.2899999916553497	0	0	0.0	0	0	-0.17253549396991727	0	0	0.21058885275450917	0
loo	SNU1005	SNU1005	chr19	seismic_amplification	0.1001434028148651	0.8500000238418579	0	0	0.0	0	0	-0.7498566210269928	0	0	0.10910524046798636	0
loo	SNU1005	SNU1005	chr2	BFB	0.0894294381141662	0.4300000071525574	0	0	0.0	0	0	-0.34057056903839117	0	0	0.16927561231877147	0
loo	SNU1005	SNU1005	chr2	chromothripsis	0.2769200801849365	0.7099999785423279	0	0	0.0	0	0	-0.43307989835739136	0	0	0.45368789709025514	0
loo	SNU1005	SNU1005	chr2	ecDNA	0.1138798967003822	0.2899999916553497	0	0	0.0	0	0	-0.17612009495496747	0	0	0.20759036209858978	0
loo	SNU1005	SNU1005	chr2	seismic_amplification	0.0897901654243469	0.8500000238418579	0	0	0.0	0	0	-0.760209858417511	0	0	0.10411802294659565	0
loo	SNU1005	SNU1005	chr20	BFB	0.099660187959671	0.4300000071525574	0	0	0.0	0	0	-0.33033981919288635	0	0	0.17667789638582956	0
loo	SNU1005	SNU1005	chr20	chromothripsis	0.0415976718068122	0.7099999785423279	0	0	0.0	0	0	-0.6684023067355157	0	0	0.20163254200706965	0
loo	SNU1005	SNU1005	chr20	ecDNA	0.06303271651268	0.2899999916553497	0	0	0.0	0	0	-0.22696727514266968	0	0	0.16844135824306017	0
loo	SNU1005	SNU1005	chr20	seismic_amplification	0.0639630034565925	0.8500000238418579	0	0	0.0	0	0	-0.7860370203852654	0	0	0.09254691222603371	0
loo	SNU1005	SNU1005	chr21	BFB	0.1408603936433792	0.4300000071525574	0	0	0.0	0	0	-0.28913961350917816	0	0	0.2090577360525614	0
loo	SNU1005	SNU1005	chr21	chromothripsis	0.0569956563413143	0.7099999785423279	0	0	0.0	0	0	-0.6530043222010136	0	0	0.21446242247725592	0
loo	SNU1005	SNU1005	chr21	ecDNA	0.1233680620789527	0.2899999916553497	0	0	0.0	0	0	-0.16663192957639697	0	0	0.21559609058547088	0
loo	SNU1005	SNU1005	chr21	seismic_amplification	0.0735429227352142	0.8500000238418579	0	0	0.0	0	0	-0.7764571011066437	0	0	0.09669769655980306	0
loo	SNU1005	SNU1005	chr22	BFB	0.0626648217439651	0.4300000071525574	0	0	0.0	0	0	-0.3673351854085923	0	0	0.15108013313884516	0
loo	SNU1005	SNU1005	chr22	chromothripsis	0.024217952042818	0.7099999785423279	0	0	0.0	0	0	-0.6857820264995099	0	0	0.18785102203702372	0
loo	SNU1005	SNU1005	chr22	ecDNA	0.0506606139242649	0.2899999916553497	0	0	0.0	0	0	-0.23933937773108477	0	0	0.15985645948512203	0
loo	SNU1005	SNU1005	chr22	seismic_amplification	0.04100788757205	0.8500000238418579	0	0	0.0	0	0	-0.8089921362698079	0	0	0.08324585343373132	0
loo	SNU1005	SNU1005	chr3	BFB	0.1980108767747879	0.4300000071525574	0	0	0.6371303796768188	1	0	-0.23198913037776947	1	0	0.6906371853452035	0
loo	SNU1005	SNU1005	chr3	chromothripsis	0.0473953038454055	0.7099999785423279	0	0	0.0	0	0	-0.6626046746969224	0	0	0.20639474239855796	0
loo	SNU1005	SNU1005	chr3	ecDNA	0.0884961411356926	0.2899999916553497	0	0	0.0	0	0	-0.20150385051965708	0	0	0.18726026979340135	0
loo	SNU1005	SNU1005	chr3	seismic_amplification	0.0720504596829414	0.8500000238418579	0	0	0.0	0	0	-0.7779495641589165	0	0	0.096040283021217	0
loo	SNU1005	SNU1005	chr4	BFB	0.0518552102148532	0.4300000071525574	0	0	0.0	0	0	-0.3781447969377042	0	0	0.14420029063408982	0
loo	SNU1005	SNU1005	chr4	chromothripsis	0.0285330526530742	0.7099999785423279	0	0	0.0	0	0	-0.6814669258892537	0	0	0.19120376380604567	0
loo	SNU1005	SNU1005	chr4	ecDNA	0.0437120757997036	0.2899999916553497	0	0	0.0	0	0	-0.24628791585564608	0	0	0.15519223197764284	0
loo	SNU1005	SNU1005	chr4	seismic_amplification	0.0388094596564769	0.8500000238418579	0	0	0.0	0	0	-0.811190564185381	0	0	0.08240111289126584	0
loo	SNU1005	SNU1005	chr5	BFB	0.4870374202728271	0.4300000071525574	1	1	0.9177380800247192	1	1	0.05703741312026972	1	1	0.9221149539762835	0
loo	SNU1005	SNU1005	chr5	chromothripsis	0.149718552827835	0.7099999785423279	0	0	0.0	0	0	-0.5602814257144929	0	0	0.30381220430051165	0
loo	SNU1005	SNU1005	chr5	ecDNA	0.2165607959032058	0.2899999916553497	0	1	0.6017670631408691	1	0	-0.07343919575214389	1	0	0.7307649548855601	0
loo	SNU1005	SNU1005	chr5	seismic_amplification	0.2741750478744507	0.8500000238418579	0	0	0.0	0	0	-0.5758249759674072	0	0	0.22800651852600481	0
loo	SNU1005	SNU1005	chr6	BFB	0.4121923446655273	0.4300000071525574	0	0	0.0	0	0	-0.017807662487030085	0	0	0.5104672597453648	0
loo	SNU1005	SNU1005	chr6	chromothripsis	0.1576647907495498	0.7099999785423279	0	0	0.0	0	0	-0.552335187792778	0	0	0.3123802288772354	0
loo	SNU1005	SNU1005	chr6	ecDNA	0.1478810459375381	0.2899999916553497	0	0	0.0	0	0	-0.14211894571781158	0	0	0.23730312698241773	0
loo	SNU1005	SNU1005	chr6	seismic_amplification	0.1539564579725265	0.8500000238418579	0	0	0.0	0	0	-0.6960435658693314	0	0	0.13851147402726194	0
loo	SNU1005	SNU1005	chr7	BFB	0.0498170852661132	0.4300000071525574	0	0	0.0	0	0	-0.3801829218864442	0	0	0.14293268764136108	0
loo	SNU1005	SNU1005	chr7	chromothripsis	0.0260558184236288	0.7099999785423279	0	0	0.0	0	0	-0.6839441601186991	0	0	0.18927345013618202	0
loo	SNU1005	SNU1005	chr7	ecDNA	0.040885291993618	0.2899999916553497	0	0	0.0	0	0	-0.24911469966173166	0	0	0.153326774762898	0
loo	SNU1005	SNU1005	chr7	seismic_amplification	0.0324658639729023	0.8500000238418579	0	0	0.0	0	0	-0.8175341598689556	0	0	0.0800071801115243	0
loo	SNU1005	SNU1005	chr8	BFB	0.0579945482313632	0.4300000071525574	0	0	0.0	0	0	-0.3720054589211942	0	0	0.14807516864286246	0
loo	SNU1005	SNU1005	chr8	chromothripsis	0.0327760241925716	0.7099999785423279	0	0	0.0	0	0	-0.6772239543497562	0	0	0.1945448287085011	0
loo	SNU1005	SNU1005	chr8	ecDNA	0.0493754558265209	0.2899999916553497	0	0	0.0	0	0	-0.24062453582882878	0	0	0.15898532017769826	0
loo	SNU1005	SNU1005	chr8	seismic_amplification	0.0434611663222312	0.8500000238418579	0	0	0.0	0	0	-0.8065388575196267	0	0	0.0841978092932787	0
loo	SNU1005	SNU1005	chr9	BFB	0.032901007682085	0.4300000071525574	0	0	0.0	0	0	-0.3970989994704724	0	0	0.13276723235029267	0
loo	SNU1005	SNU1005	chr9	chromothripsis	0.0265593398362398	0.7099999785423279	0	0	0.0	0	0	-0.6834406387060881	0	0	0.1896645915424453	0
loo	SNU1005	SNU1005	chr9	ecDNA	0.0411410667002201	0.2899999916553497	0	0	0.0	0	0	-0.24885892495512957	0	0	0.1534948076705513	0
loo	SNU1005	SNU1005	chr9	seismic_amplification	0.0249105971306562	0.8500000238418579	0	0	0.0	0	0	-0.8250894267112017	0	0	0.07723893931799704	0
loo	SNU1005	SNU1005	chrX	BFB	0.1678396165370941	0.4300000071525574	0	0	0.0	0	0	-0.26216039061546326	0	0	0.23251853479075132	0
loo	SNU1005	SNU1005	chrX	chromothripsis	0.1014226451516151	0.7099999785423279	0	0	0.0	0	0	-0.6085773333907127	0	0	0.25473674521519596	0
loo	SNU1005	SNU1005	chrX	ecDNA	0.1381765604019165	0.2899999916553497	0	0	0.0	0	0	-0.15182343125343317	0	0	0.22853341370723704	0
loo	SNU1005	SNU1005	chrX	seismic_amplification	0.0747202634811401	0.8500000238418579	0	0	0.0	0	0	-0.7752797603607178	0	0	0.0972191345074807	0
loo	SNU1245	SNU1245	chr1	BFB	0.0270681977272033	0.3600000143051147	0	0	0.0	0	0	-0.3329318165779114	0	0	0.14835420785259704	0
loo	SNU1245	SNU1245	chr1	chromothripsis	0.0531370975077152	0.6600000262260437	0	0	0.0	0	0	-0.6068629287183285	0	0	0.24269055953257157	0
loo	SNU1245	SNU1245	chr1	ecDNA	0.0292560197412967	0.1299999952316284	0	0	0.0	0	0	-0.10074397549033169	0	0	0.1944280944834564	0
loo	SNU1245	SNU1245	chr1	seismic_amplification	0.0168927256017923	0.800000011920929	0	0	0.0	0	0	-0.7831072863191366	0	0	0.08501097727878207	0
loo	SNU1245	SNU1245	chr10	BFB	0.012645848095417	0.3600000143051147	0	0	0.0	0	0	-0.34735416620969767	0	0	0.1398410592252099	0
loo	SNU1245	SNU1245	chr10	chromothripsis	0.0451325066387653	0.6600000262260437	0	0	0.0	0	0	-0.6148675195872784	0	0	0.23571733897866295	0
loo	SNU1245	SNU1245	chr10	ecDNA	0.0276901554316282	0.1299999952316284	0	0	0.0	0	0	-0.10230983980000019	0	0	0.19325669894213288	0
loo	SNU1245	SNU1245	chr10	seismic_amplification	0.0169617999345064	0.800000011920929	0	0	0.0	0	0	-0.7830382119864225	0	0	0.08503670189968372	0
loo	SNU1245	SNU1245	chr11	BFB	0.0646633207798004	0.3600000143051147	0	0	0.0	0	0	-0.2953366935253143	0	0	0.17255986696173933	0
loo	SNU1245	SNU1245	chr11	chromothripsis	0.0323908403515815	0.6600000262260437	0	0	0.0	0	0	-0.6276091858744622	0	0	0.22490608958974834	0
loo	SNU1245	SNU1245	chr11	ecDNA	0.0924259200692176	0.1299999952316284	0	0	0.0	0	0	-0.03757407516241079	0	0	0.2461814240723778	0
loo	SNU1245	SNU1245	chr11	seismic_amplification	0.0427328161895275	0.800000011920929	0	0	0.0	0	0	-0.7572671957314014	0	0	0.09514007012610953	0
loo	SNU1245	SNU1245	chr12	BFB	0.0266821105033159	0.3600000143051147	0	0	0.0	0	0	-0.33331790380179876	0	0	0.14812083850946517	0
loo	SNU1245	SNU1245	chr12	chromothripsis	0.2832835912704468	0.6600000262260437	0	0	0.0	0	0	-0.3767164349555969	0	0	0.4909442744401411	0
loo	SNU1245	SNU1245	chr12	ecDNA	0.052332367748022	0.1299999952316284	0	0	0.0	0	0	-0.0776676274836064	0	0	0.21231639254824783	0
loo	SNU1245	SNU1245	chr12	seismic_amplification	0.0355375632643699	0.800000011920929	0	0	0.0	0	0	-0.7644624486565591	0	0	0.0922158117257235	0
loo	SNU1245	SNU1245	chr13	BFB	0.0184731129556894	0.3600000143051147	0	0	0.0	0	0	-0.3415269013494253	0	0	0.14323041365796538	0
loo	SNU1245	SNU1245	chr13	chromothripsis	0.050133679062128	0.6600000262260437	0	0	0.0	0	0	-0.6098663471639157	0	0	0.24005779090862917	0
loo	SNU1245	SNU1245	chr13	ecDNA	0.033383123576641	0.1299999952316284	0	0	0.0	0	0	-0.09661687165498739	0	0	0.19754128866740028	0
loo	SNU1245	SNU1245	chr13	seismic_amplification	0.0190162006765604	0.800000011920929	0	0	0.0	0	0	-0.7809838112443686	0	0	0.08580503501084244	0
loo	SNU1245	SNU1245	chr14	BFB	0.0423709154129028	0.3600000143051147	0	0	0.0	0	0	-0.3176290988922119	0	0	0.15785028524950087	0
loo	SNU1245	SNU1245	chr14	chromothripsis	0.0369629934430122	0.6600000262260437	0	0	0.0	0	0	-0.6230370327830315	0	0	0.22874460720182063	0
loo	SNU1245	SNU1245	chr14	ecDNA	0.073038250207901	0.1299999952316284	0	0	0.0	0	0	-0.05696174502372739	0	0	0.22936580687006386	0
loo	SNU1245	SNU1245	chr14	seismic_amplification	0.0402864664793014	0.800000011920929	0	0	0.0	0	0	-0.7597135454416275	0	0	0.09413664278707036	0
loo	SNU1245	SNU1245	chr15	BFB	0.0178653895854949	0.3600000143051147	0	0	0.0	0	0	-0.3421346247196198	0	0	0.14287376862972961	0
loo	SNU1245	SNU1245	chr15	chromothripsis	0.0237343050539493	0.6600000262260437	0	0	0.0	0	0	-0.6362657211720943	0	0	0.217764464912938	0
loo	SNU1245	SNU1245	chr15	ecDNA	0.0369154065847396	0.1299999952316284	0	0	0.0	0	0	-0.09308458864688879	0	0	0.20023551679096036	0
loo	SNU1245	SNU1245	chr15	seismic_amplification	0.0234087537974119	0.800000011920929	0	0	0.0	0	0	-0.776591258123517	0	0	0.08746895876016436	0
loo	SNU1245	SNU1245	chr16	BFB	0.0281872805207967	0.3600000143051147	0	0	0.0	0	0	-0.33181273378431797	0	0	0.1490323500526805	0
loo	SNU1245	SNU1245	chr16	chromothripsis	0.0475741252303123	0.6600000262260437	0	0	0.0	0	0	-0.6124259009957314	0	0	0.23782958178835423	0
loo	SNU1245	SNU1245	chr16	ecDNA	0.0536535829305648	0.1299999952316284	0	0	0.0	0	0	-0.0763464123010636	0	0	0.2133760858457488	0
loo	SNU1245	SNU1245	chr16	seismic_amplification	0.045447900891304	0.800000011920929	0	0	0.0	0	0	-0.7545521110296249	0	0	0.09626492177376197	0
loo	SNU1245	SNU1245	chr17	BFB	0.0308608673512935	0.3600000143051147	0	0	0.0	0	0	-0.3291391469538212	0	0	0.15066284326586366	0
loo	SNU1245	SNU1245	chr17	chromothripsis	0.0452963449060916	0.6600000262260437	0	0	0.0	0	0	-0.6147036813199521	0	0	0.23585866843511583	0
loo	SNU1245	SNU1245	chr17	ecDNA	0.0521519780158996	0.1299999952316284	0	0	0.0	0	0	-0.07784801721572879	0	0	0.21217200789399449	0
loo	SNU1245	SNU1245	chr17	seismic_amplification	0.0337315164506435	0.800000011920929	0	0	0.0	0	0	-0.7662684954702854	0	0	0.09149459194987045	0
loo	SNU1245	SNU1245	chr18	BFB	0.033865388482809	0.3600000143051147	0	0	0.0	0	0	-0.3261346258223057	0	0	0.15251263773103682	0
loo	SNU1245	SNU1245	chr18	chromothripsis	0.0252189524471759	0.6600000262260437	0	0	0.0	0	0	-0.6347810737788678	0	0	0.21897757406513688	0
loo	SNU1245	SNU1245	chr18	ecDNA	0.0478656180202961	0.1299999952316284	0	0	0.0	0	0	-0.0821343772113323	0	0	0.2087622988077229	0
loo	SNU1245	SNU1245	chr18	seismic_amplification	0.0309241265058517	0.800000011920929	0	0	0.0	0	0	-0.7690758854150772	0	0	0.09038356865160033	0
loo	SNU1245	SNU1245	chr19	BFB	0.0578038208186626	0.3600000143051147	0	0	0.0	0	0	-0.3021961934864521	0	0	0.16792147724165613	0
loo	SNU1245	SNU1245	chr19	chromothripsis	0.0241280179470777	0.6600000262260437	0	0	0.0	0	0	-0.635872008278966	0	0	0.2180856955387354	0
loo	SNU1245	SNU1245	chr19	ecDNA	0.0836686491966247	0.1299999952316284	0	0	0.0	0	0	-0.04633134603500369	0	0	0.23848457554739624	0
loo	SNU1245	SNU1245	chr19	seismic_amplification	0.0335641354322433	0.800000011920929	0	0	0.0	0	0	-0.7664358764886856	0	0	0.09142800811784918	0
loo	SNU1245	SNU1245	chr2	BFB	0.023496851325035	0.3600000143051147	0	0	0.0	0	0	-0.3365031629800797	0	0	0.146207074743264	0
loo	SNU1245	SNU1245	chr2	chromothripsis	0.0288497563451528	0.6600000262260437	0	0	0.0	0	0	-0.6311502698808908	0	0	0.22196476705960644	0
loo	SNU1245	SNU1245	chr2	ecDNA	0.0418222434818744	0.1299999952316284	0	0	0.0	0	0	-0.088177751749754	0	0	0.20402373882130428	0
loo	SNU1245	SNU1245	chr2	seismic_amplification	0.0218778531998395	0.800000011920929	0	0	0.0	0	0	-0.7781221587210895	0	0	0.08688575888847033	0
loo	SNU1245	SNU1245	chr20	BFB	0.0205479469150304	0.3600000143051147	0	0	0.0	0	0	-0.33945206739008427	0	0	0.14445362803463366	0
loo	SNU1245	SNU1245	chr20	chromothripsis	0.0822566822171211	0.6600000262260437	0	0	0.0	0	0	-0.5777433440089226	0	0	0.26922003696080865	0
loo	SNU1245	SNU1245	chr20	ecDNA	0.0324711576104164	0.1299999952316284	0	0	0.0	0	0	-0.09752883762121199	0	0	0.1968501467633157	0
loo	SNU1245	SNU1245	chr20	seismic_amplification	0.0335081443190574	0.800000011920929	0	0	0.0	0	0	-0.7664918676018716	0	0	0.09140574469474402	0
loo	SNU1245	SNU1245	chr21	BFB	0.0234179589897394	0.3600000143051147	0	0	0.0	0	0	-0.3365820553153753	0	0	0.14615993583534853	0
loo	SNU1245	SNU1245	chr21	chromothripsis	0.0547238923609256	0.6600000262260437	0	0	0.0	0	0	-0.6052761338651181	0	0	0.24408942659353816	0
loo	SNU1245	SNU1245	chr21	ecDNA	0.0541981682181358	0.1299999952316284	0	0	0.0	0	0	-0.07580182701349258	0	0	0.21381399597136932	0
loo	SNU1245	SNU1245	chr21	seismic_amplification	0.0412074625492095	0.800000011920929	0	0	0.0	0	0	-0.7587925493717195	0	0	0.09451329290776098	0
loo	SNU1245	SNU1245	chr22	BFB	0.0175613686442375	0.3600000143051147	0	0	0.0	0	0	-0.3424386456608772	0	0	0.14269563052262876	0
loo	SNU1245	SNU1245	chr22	chromothripsis	0.0202339086681604	0.6600000262260437	0	0	0.0	0	0	-0.6397661175578833	0	0	0.21492351007872085	0
loo	SNU1245	SNU1245	chr22	ecDNA	0.0288048163056373	0.1299999952316284	0	0	0.0	0	0	-0.10119517892599109	0	0	0.19409000566985768	0
loo	SNU1245	SNU1245	chr22	seismic_amplification	0.0202260427176952	0.800000011920929	0	0	0.0	0	0	-0.7797739692032337	0	0	0.08626044645213592	0
loo	SNU1245	SNU1245	chr3	BFB	0.0165788121521472	0.3600000143051147	0	0	0.0	0	0	-0.3434212021529675	0	0	0.14212117692535553	0
loo	SNU1245	SNU1245	chr3	chromothripsis	0.0503409579396247	0.6600000262260437	0	0	0.0	0	0	-0.609659068286419	0	0	0.24023886037259906	0
loo	SNU1245	SNU1245	chr3	ecDNA	0.0286995135247707	0.1299999952316284	0	0	0.0	0	0	-0.1013004817068577	0	0	0.19401116607682323	0
loo	SNU1245	SNU1245	chr3	seismic_amplification	0.0199030395597219	0.800000011920929	0	0	0.0	0	0	-0.780096972361207	0	0	0.0861386471359457	0
loo	SNU1245	SNU1245	chr4	BFB	0.0288967937231063	0.3600000143051147	0	0	0.0	0	0	-0.33110322058200836	0	0	0.1494636242610829	0
loo	SNU1245	SNU1245	chr4	chromothripsis	0.4035575985908508	0.6600000262260437	0	0	0.0	0	0	-0.2564424276351929	0	0	0.631707534992141	0
loo	SNU1245	SNU1245	chr4	ecDNA	0.0471125468611717	0.1299999952316284	0	0	0.0	0	0	-0.0828874483704567	0	0	0.20816743076323868	0
loo	SNU1245	SNU1245	chr4	seismic_amplification	0.0284398458898067	0.800000011920929	0	0	0.0	0	0	-0.7715601660311222	0	0	0.08941056466518699	0
loo	SNU1245	SNU1245	chr5	BFB	0.1438445299863815	0.3600000143051147	0	0	0.0	0	0	-0.2161554843187332	0	0	0.2335208649731166	0
loo	SNU1245	SNU1245	chr5	chromothripsis	0.4902196228504181	0.6600000262260437	0	1	0.0	0	0	-0.1697804033756256	0	0	0.7220027685019329	0
loo	SNU1245	SNU1245	chr5	ecDNA	0.1101841107010841	0.1299999952316284	0	0	0.0	0	0	-0.019815884530544295	0	0	0.26229563505828063	0
loo	SNU1245	SNU1245	chr5	seismic_amplification	0.1052322462201118	0.800000011920929	0	0	0.0	0	0	-0.6947677657008171	0	0	0.12420131409119028	0
loo	SNU1245	SNU1245	chr6	BFB	0.0465708635747432	0.3600000143051147	0	0	0.0	0	0	-0.3134291507303715	0	0	0.16054147067106406	0
loo	SNU1245	SNU1245	chr6	chromothripsis	0.0793986618518829	0.6600000262260437	0	0	0.0	0	0	-0.5806013643741608	0	0	0.26653676160352224	0
loo	SNU1245	SNU1245	chr6	ecDNA	0.0588323734700679	0.1299999952316284	0	0	0.0	0	0	-0.0711676217615605	0	0	0.2175668934522412	0
loo	SNU1245	SNU1245	chr6	seismic_amplification	0.029347725212574	0.800000011920929	0	0	0.0	0	0	-0.770652286708355	0	0	0.08976504845011916	0
loo	SNU1245	SNU1245	chr7	BFB	0.0185420084744691	0.3600000143051147	0	0	0.0	0	0	-0.34145800583064556	0	0	0.1432708920414439	0
loo	SNU1245	SNU1245	chr7	chromothripsis	0.0311290547251701	0.6600000262260437	0	0	0.0	0	0	-0.6288709715008736	0	0	0.2238548528466949	0
loo	SNU1245	SNU1245	chr7	ecDNA	0.0362017080187797	0.1299999952316284	0	0	0.0	0	0	-0.09379828721284869	0	0	0.1996889353814593	0
loo	SNU1245	SNU1245	chr7	seismic_amplification	0.0241823922842741	0.800000011920929	0	0	0.0	0	0	-0.7758176196366549	0	0	0.0877650223541857	0
loo	SNU1245	SNU1245	chr8	BFB	0.0195340514183044	0.3600000143051147	0	0	0.0	0	0	-0.3404659628868103	0	0	0.1438548066230474	0
loo	SNU1245	SNU1245	chr8	chromothripsis	0.0457660183310508	0.6600000262260437	0	0	0.0	0	0	-0.6142340078949929	0	0	0.23626414068654067	0
loo	SNU1245	SNU1245	chr8	ecDNA	0.0441036969423294	0.1299999952316284	0	0	0.0	0	0	-0.08589629828929898	0	0	0.2058031489802797	0
loo	SNU1245	SNU1245	chr8	seismic_amplification	0.0228399448096752	0.800000011920929	0	0	0.0	0	0	-0.7771600671112537	0	0	0.08725185767111246	0
loo	SNU1245	SNU1245	chr9	BFB	0.0275724679231643	0.3600000143051147	0	0	0.0	0	0	-0.3324275463819504	0	0	0.14865946973905303	0
loo	SNU1245	SNU1245	chr9	chromothripsis	0.0995975285768508	0.6600000262260437	0	0	0.0	0	0	-0.5604024976491929	0	0	0.28586155228568383	0
loo	SNU1245	SNU1245	chr9	ecDNA	0.0516338348388671	0.1299999952316284	0	0	0.0	0	0	-0.07836616039276129	0	0	0.21175768312240364	0
loo	SNU1245	SNU1245	chr9	seismic_amplification	0.0427700914442539	0.800000011920929	0	0	0.0	0	0	-0.757229920476675	0	0	0.09515543321755253	0
loo	SNU1245	SNU1245	chrX	BFB	0.0166000425815582	0.3600000143051147	0	0	0.0	0	0	-0.3433999717235565	0	0	0.14213356891704665	0
loo	SNU1245	SNU1245	chrX	chromothripsis	0.0473304986953735	0.6600000262260437	0	0	0.0	0	0	-0.6126695275306702	0	0	0.23761823700930423	0
loo	SNU1245	SNU1245	chrX	ecDNA	0.0427165925502777	0.1299999952316284	0	0	0.0	0	0	-0.08728340268135068	0	0	0.20471991586148192	0
loo	SNU1245	SNU1245	chrX	seismic_amplification	0.036083236336708	0.800000011920929	0	0	0.0	0	0	-0.763916775584221	0	0	0.09243472139798402	0
loo	SNU1299	SNU1299	chr1	BFB	0.1986074447631836	0.5400000214576721	0	0	0.0	0	0	-0.3413925766944885	0	0	0.21996613004902502	0
loo	SNU1299	SNU1299	chr1	chromothripsis	0.1417485326528549	0.7099999785423279	0	0	0.0	0	0	-0.568251445889473	0	0	0.3171043211140102	0
loo	SNU1299	SNU1299	chr1	ecDNA	0.0543617904186248	0.4699999988079071	0	0	0.0	0	0	-0.4156382083892823	0	0	0.12477280432344558	0
loo	SNU1299	SNU1299	chr1	seismic_amplification	0.0437210574746131	0.5899999737739563	0	0	0.0	0	0	-0.5462789162993432	0	0	0.13654517422494417	0
loo	SNU1299	SNU1299	chr10	BFB	0.0999689772725105	0.5400000214576721	0	0	0.0	0	0	-0.4400310441851616	0	0	0.14826828360584682	0
loo	SNU1299	SNU1299	chr10	chromothripsis	0.1387731581926345	0.7099999785423279	0	0	0.0	0	0	-0.5712268203496934	0	0	0.3139617633749308	0
loo	SNU1299	SNU1299	chr10	ecDNA	0.0651615262031555	0.4699999988079071	0	0	0.0	0	0	-0.4048384726047516	0	0	0.13065569883950787	0
loo	SNU1299	SNU1299	chr10	seismic_amplification	0.0646676197648048	0.5899999737739563	0	0	0.0	0	0	-0.5253323540091515	0	0	0.14907830697044092	0
loo	SNU1299	SNU1299	chr11	BFB	0.8265064358711243	0.5400000214576721	1	1	0.876373827457428	1	1	0.28650641441345215	1	1	0.9816631285188561	1
loo	SNU1299	SNU1299	chr11	chromothripsis	0.2676603198051452	0.7099999785423279	0	0	0.0	0	0	-0.4423396587371827	0	0	0.46223491485245377	0
loo	SNU1299	SNU1299	chr11	ecDNA	0.7250179052352905	0.4699999988079071	1	0	0.6932487487792969	1	1	0.2550179064273834	1	1	0.9664339682770042	1
loo	SNU1299	SNU1299	chr11	seismic_amplification	0.2248445451259613	0.5899999737739563	0	0	0.0	0	0	-0.365155428647995	0	0	0.277175729025443	0
loo	SNU1299	SNU1299	chr12	BFB	0.4671086072921753	0.5400000214576721	0	0	0.0	0	0	-0.07289141416549683	0	0	0.5118033662456365	0
loo	SNU1299	SNU1299	chr12	chromothripsis	0.1945210397243499	0.7099999785423279	0	0	0.7425681948661804	1	0	-0.515478938817978	1	0	0.8261964588459172	0
loo	SNU1299	SNU1299	chr12	ecDNA	0.2727435231208801	0.4699999988079071	0	0	0.0	0	0	-0.19725647568702698	0	0	0.2931760125474205	0
loo	SNU1299	SNU1299	chr12	seismic_amplification	0.1467548310756683	0.5899999737739563	0	0	0.0	0	0	-0.44324514269828796	0	0	0.20744318964332598	0
loo	SNU1299	SNU1299	chr13	BFB	0.0749101340770721	0.5400000214576721	0	0	0.0	0	0	-0.46508988738060003	0	0	0.1334495604564517	0
loo	SNU1299	SNU1299	chr13	chromothripsis	0.0789325237274169	0.7099999785423279	0	0	0.0	0	0	-0.631067454814911	0	0	0.25458457875023494	0
loo	SNU1299	SNU1299	chr13	ecDNA	0.0788517221808433	0.4699999988079071	0	0	0.0	0	0	-0.3911482766270638	0	0	0.1384501360298798	0
loo	SNU1299	SNU1299	chr13	seismic_amplification	0.0359999500215053	0.5899999737739563	0	0	0.0	0	0	-0.5540000237524509	0	0	0.1321540876767356	0
loo	SNU1299	SNU1299	chr14	BFB	0.107127845287323	0.5400000214576721	0	0	0.0	0	0	-0.4328721761703491	0	0	0.1527441660878205	0
loo	SNU1299	SNU1299	chr14	chromothripsis	0.1995566338300705	0.7099999785423279	0	0	0.0	0	0	-0.5104433447122574	0	0	0.381212523060062	0
loo	SNU1299	SNU1299	chr14	ecDNA	0.0746482461690902	0.4699999988079071	0	0	0.0	0	0	-0.3953517526388169	0	0	0.13601626073011575	0
loo	SNU1299	SNU1299	chr14	seismic_amplification	0.0822419971227645	0.5899999737739563	0	0	0.0	0	0	-0.5077579766511918	0	0	0.16031285373439857	0
loo	SNU1299	SNU1299	chr15	BFB	0.1390842646360397	0.5400000214576721	0	0	0.0	0	0	-0.4009157568216324	0	0	0.1740836342063592	0
loo	SNU1299	SNU1299	chr15	chromothripsis	0.0818556174635887	0.7099999785423279	0	0	0.0	0	0	-0.6281443610787392	0	0	0.257306898185115	0
loo	SNU1299	SNU1299	chr15	ecDNA	0.0626019537448883	0.4699999988079071	0	0	0.0	0	0	-0.4073980450630188	0	0	0.12924047304564357	0
loo	SNU1299	SNU1299	chr15	seismic_amplification	0.0756000503897667	0.5899999737739563	0	0	0.0	0	0	-0.5143999233841896	0	0	0.1559884638968637	0
loo	SNU1299	SNU1299	chr16	BFB	0.2850473523139953	0.5400000214576721	0	0	0.0	0	0	-0.2549526691436768	0	0	0.30087482484941386	0
loo	SNU1299	SNU1299	chr16	chromothripsis	0.2046093046665191	0.7099999785423279	0	0	0.0	0	0	-0.5053906738758087	0	0	0.3870581505774191	0
loo	SNU1299	SNU1299	chr16	ecDNA	0.1304298788309097	0.4699999988079071	0	0	0.0	0	0	-0.3395701199769974	0	0	0.17136508791850733	0
loo	SNU1299	SNU1299	chr16	seismic_amplification	0.0732750967144966	0.5899999737739563	0	0	0.0	0	0	-0.5167248770594597	0	0	0.15449737988315346	0
loo	SNU1299	SNU1299	chr17	BFB	0.0790967047214508	0.5400000214576721	0	0	0.0	0	0	-0.4609033167362213	0	0	0.13583502364406996	0
loo	SNU1299	SNU1299	chr17	chromothripsis	0.0906609073281288	0.7099999785423279	0	0	0.0	0	0	-0.6193390712141991	0	0	0.26562159196132024	0
loo	SNU1299	SNU1299	chr17	ecDNA	0.0404871217906475	0.4699999988079071	0	0	0.0	0	0	-0.4295128770172596	0	0	0.11754961409771596	0
loo	SNU1299	SNU1299	chr17	seismic_amplification	0.0634797215461731	0.5899999737739563	0	0	0.0	0	0	-0.5265202522277832	0	0	0.14834287145371505	0
loo	SNU1299	SNU1299	chr18	BFB	0.0443702414631843	0.5400000214576721	0	0	0.0	0	0	-0.4956297799944878	0	0	0.11710348898985594	0
loo	SNU1299	SNU1299	chr18	chromothripsis	0.1071484461426734	0.7099999785423279	0	0	0.0	0	0	-0.6028515323996545	0	0	0.28164416649320073	0
loo	SNU1299	SNU1299	chr18	ecDNA	0.0446984060108661	0.4699999988079071	0	0	0.0	0	0	-0.425301592797041	0	0	0.11970285130956021	0
loo	SNU1299	SNU1299	chr18	seismic_amplification	0.0245030429214239	0.5899999737739563	0	0	0.0	0	0	-0.5654969308525324	0	0	0.12583799213493962	0
loo	SNU1299	SNU1299	chr19	BFB	0.4458220899105072	0.5400000214576721	0	0	0.0	0	0	-0.09417793154716492	0	0	0.4857843387692584	0
loo	SNU1299	SNU1299	chr19	chromothripsis	0.454704076051712	0.7099999785423279	0	0	0.0	0	0	-0.2552959024906159	0	0	0.6820861888383021	0
loo	SNU1299	SNU1299	chr19	ecDNA	0.3217012882232666	0.4699999988079071	0	0	0.0	0	0	-0.1482987105846405	0	0	0.3451145313807267	0
loo	SNU1299	SNU1299	chr19	seismic_amplification	0.5777022838592529	0.5899999737739563	0	0	0.0	0	0	-0.01229768991470337	0	0	0.6828957125270972	0
loo	SNU1299	SNU1299	chr2	BFB	0.066152699291706	0.5400000214576721	0	0	0.0	0	0	-0.47384732216596614	0	0	0.12857422218283707	0
loo	SNU1299	SNU1299	chr2	chromothripsis	0.0958830714225769	0.7099999785423279	0	0	0.0	0	0	-0.614116907119751	0	0	0.27063305362397905	0
loo	SNU1299	SNU1299	chr2	ecDNA	0.0412115231156349	0.4699999988079071	0	0	0.0	0	0	-0.4287884756922722	0	0	0.11791759569765037	0
loo	SNU1299	SNU1299	chr2	seismic_amplification	0.0374972857534885	0.5899999737739563	0	0	0.0	0	0	-0.5525026880204678	0	0	0.13299617835078498	0
loo	SNU1299	SNU1299	chr20	BFB	0.7589017748832703	0.5400000214576721	1	1	0.8584365844726562	1	1	0.21890175342559814	1	1	0.9743017718079671	1
loo	SNU1299	SNU1299	chr20	chromothripsis	0.5965885519981384	0.7099999785423279	0	0	0.0	0	0	-0.11341142654418945	0	0	0.8111119753502629	0
loo	SNU1299	SNU1299	chr20	ecDNA	0.5176206231117249	0.4699999988079071	1	0	0.5084033608436584	1	1	0.04762062430381775	1	1	0.9000015897538419	0
loo	SNU1299	SNU1299	chr20	seismic_amplification	0.4388515949249267	0.5899999737739563	0	0	0.0	0	0	-0.1511483788490296	0	0	0.5220037671472495	0
loo	SNU1299	SNU1299	chr21	BFB	0.0799326747655868	0.5400000214576721	0	0	0.0	0	0	-0.4600673466920853	0	0	0.13631563341105135	0
loo	SNU1299	SNU1299	chr21	chromothripsis	0.0556643046438694	0.7099999785423279	0	0	0.0	0	0	-0.6543356738984585	0	0	0.2335988953121765	0
loo	SNU1299	SNU1299	chr21	ecDNA	0.0400247350335121	0.4699999988079071	0	0	0.0	0	0	-0.429975263774395	0	0	0.11731525151130523	0
loo	SNU1299	SNU1299	chr21	seismic_amplification	0.0336737968027591	0.5899999737739563	0	0	0.0	0	0	-0.5563261769711972	0	0	0.13085484483887716	0
loo	SNU1299	SNU1299	chr22	BFB	0.1028400361537933	0.5400000214576721	0	0	0.0	0	0	-0.43715998530387884	0	0	0.1500501827277214	0
loo	SNU1299	SNU1299	chr22	chromothripsis	0.0901557579636573	0.7099999785423279	0	0	0.0	0	0	-0.6198442205786706	0	0	0.26513997865408434	0
loo	SNU1299	SNU1299	chr22	ecDNA	0.0515066720545291	0.4699999988079071	0	0	0.0	0	0	-0.418493326753378	0	0	0.12325597952312378	0
loo	SNU1299	SNU1299	chr22	seismic_amplification	0.0828700438141822	0.5899999737739563	0	0	0.0	0	0	-0.5071299299597741	0	0	0.16072673692293274	0
loo	SNU1299	SNU1299	chr3	BFB	0.188581645488739	0.5400000214576721	0	0	0.0	0	0	-0.3514183759689331	0	0	0.211669015478	0
loo	SNU1299	SNU1299	chr3	chromothripsis	0.4556316137313843	0.7099999785423279	0	0	0.0	0	0	-0.2543683648109436	0	0	0.683068995088842	0
loo	SNU1299	SNU1299	chr3	ecDNA	0.1349393725395202	0.4699999988079071	0	0	0.0	0	0	-0.3350606262683869	0	0	0.17451937809854898	0
loo	SNU1299	SNU1299	chr3	seismic_amplification	0.1770714372396469	0.5899999737739563	0	0	0.0	0	0	-0.4129285365343094	0	0	0.23287544399768803	0
loo	SNU1299	SNU1299	chr4	BFB	0.1015742495656013	0.5400000214576721	0	0	0.0	0	0	-0.4384257718920708	0	0	0.14926241871544035	0
loo	SNU1299	SNU1299	chr4	chromothripsis	0.0850838273763656	0.7099999785423279	0	0	0.0	0	0	-0.6249161511659622	0	0	0.2603353991556428	0
loo	SNU1299	SNU1299	chr4	ecDNA	0.0953295826911926	0.4699999988079071	0	0	0.0	0	0	-0.3746704161167145	0	0	0.14834525082674627	0
loo	SNU1299	SNU1299	chr4	seismic_amplification	0.0445005819201469	0.5899999737739563	0	0	0.0	0	0	-0.5454993918538094	0	0	0.13699525902935022	0
loo	SNU1299	SNU1299	chr5	BFB	0.1233982369303703	0.5400000214576721	0	0	0.0	0	0	-0.4166017845273018	0	0	0.16332835264363071	0
loo	SNU1299	SNU1299	chr5	chromothripsis	0.3218047618865967	0.7099999785423279	0	0	0.0	0	0	-0.3881952166557312	0	0	0.5283298731779617	0
loo	SNU1299	SNU1299	chr5	ecDNA	0.0726672261953353	0.4699999988079071	0	0	0.0	0	0	-0.3973327726125718	0	0	0.13488177218192474	0
loo	SNU1299	SNU1299	chr5	seismic_amplification	0.1034551188349723	0.5899999737739563	0	0	0.0	0	0	-0.48654485493898403	0	0	0.17477439194682493	0
loo	SNU1299	SNU1299	chr6	BFB	0.1414195746183395	0.5400000214576721	0	0	0.0	0	0	-0.3985804468393326	0	0	0.17573179794137483	0
loo	SNU1299	SNU1299	chr6	chromothripsis	0.1447682529687881	0.7099999785423279	0	0	0.0	0	0	-0.5652317255735397	0	0	0.32031086308139733	0
loo	SNU1299	SNU1299	chr6	ecDNA	0.0601339302957057	0.4699999988079071	0	0	0.0	0	0	-0.4098660685122014	0	0	0.12788824887447972	0
loo	SNU1299	SNU1299	chr6	seismic_amplification	0.081725887954235	0.5899999737739563	0	0	0.0	0	0	-0.5082740858197213	0	0	0.15997338326289062	0
loo	SNU1299	SNU1299	chr7	BFB	0.109467826783657	0.5400000214576721	0	0	0.0	0	0	-0.4305321946740151	0	0	0.1542310022473245	0
loo	SNU1299	SNU1299	chr7	chromothripsis	0.1338754594326019	0.7099999785423279	0	0	0.0	0	0	-0.576124519109726	0	0	0.308825910407113	0
loo	SNU1299	SNU1299	chr7	ecDNA	0.1012754663825035	0.4699999988079071	0	0	0.0	0	0	-0.3687245324254036	0	0	0.152056613588597	0
loo	SNU1299	SNU1299	chr7	seismic_amplification	0.0596267245709896	0.5899999737739563	0	0	0.0	0	0	-0.5303732492029667	0	0	0.14597806208409367	0
loo	SNU1299	SNU1299	chr8	BFB	0.0467567667365074	0.5400000214576721	0	0	0.0	0	0	-0.4932432547211647	0	0	0.11831557339125967	0
loo	SNU1299	SNU1299	chr8	chromothripsis	0.1206845566630363	0.7099999785423279	0	0	0.0	0	0	-0.5893154218792915	0	0	0.2952286695782157	0
loo	SNU1299	SNU1299	chr8	ecDNA	0.0271480344235897	0.4699999988079071	0	0	0.0	0	0	-0.4428519643843174	0	0	0.11094979150304066	0
loo	SNU1299	SNU1299	chr8	seismic_amplification	0.0296458508819341	0.5899999737739563	0	0	0.0	0	0	-0.5603541228920222	0	0	0.12863075545504965	0
loo	SNU1299	SNU1299	chr9	BFB	0.1095076873898506	0.5400000214576721	0	0	0.0	0	0	-0.4304923340678215	0	0	0.15425643208654255	0
loo	SNU1299	SNU1299	chr9	chromothripsis	0.08057252317667	0.7099999785423279	0	0	0.0	0	0	-0.6294274553656579	0	0	0.2561095951117057	0
loo	SNU1299	SNU1299	chr9	ecDNA	0.0875215828418731	0.4699999988079071	0	0	0.0	0	0	-0.382478415966034	0	0	0.14358555544686366	0
loo	SNU1299	SNU1299	chr9	seismic_amplification	0.0470346845686435	0.5899999737739563	0	0	0.0	0	0	-0.5429652892053128	0	0	0.13846703765624307	0
loo	SNU1299	SNU1299	chrX	BFB	0.0665545836091041	0.5400000214576721	0	0	0.0	0	0	-0.473445437848568	0	0	0.12879459061252846	0
loo	SNU1299	SNU1299	chrX	chromothripsis	0.0699608251452446	0.7099999785423279	0	0	0.0	0	0	-0.6400391533970833	0	0	0.2463482843901449	0
loo	SNU1299	SNU1299	chrX	ecDNA	0.0393296666443347	0.4699999988079071	0	0	0.0	0	0	-0.4306703321635724	0	0	0.11696371563857712	0
loo	SNU1299	SNU1299	chrX	seismic_amplification	0.0372440963983535	0.5899999737739563	0	0	0.0	0	0	-0.5527558773756028	0	0	0.13285346807304974	0
loo	SNU17	SNU17	chr1	BFB	0.0697604641318321	0.3100000023841858	0	0	0.0	0	0	-0.2402395382523537	0	0	0.19061117663392696	0
loo	SNU17	SNU17	chr1	chromothripsis	0.1761588454246521	0.699999988079071	0	0	0.0	0	0	-0.523841142654419	0	0	0.3468097977361692	0
loo	SNU17	SNU17	chr1	ecDNA	0.176396757364273	0.4300000071525574	0	0	0.0	0	0	-0.2536032497882844	0	0	0.21501860537233247	0
loo	SNU17	SNU17	chr1	seismic_amplification	0.0873084068298339	0.8299999833106995	0	0	0.0	0	0	-0.7426915764808656	0	0	0.10965309693792362	0
loo	SNU17	SNU17	chr10	BFB	0.0412480607628822	0.3100000023841858	0	0	0.0	0	0	-0.2687519416213036	0	0	0.17040058174343958	0
loo	SNU17	SNU17	chr10	chromothripsis	0.0246109869331121	0.699999988079071	0	0	0.0	0	0	-0.6753890011459589	0	0	0.20425263158852033	0
loo	SNU17	SNU17	chr10	ecDNA	0.1022304594516754	0.4300000071525574	0	0	0.0	0	0	-0.32776954770088196	0	0	0.16102229477070681	0
loo	SNU17	SNU17	chr10	seismic_amplification	0.0370036102831363	0.8299999833106995	0	0	0.0	0	0	-0.7929963730275632	0	0	0.0882208754301529	0
loo	SNU17	SNU17	chr11	BFB	0.0226469188928604	0.3100000023841858	0	0	0.0	0	0	-0.2873530834913254	0	0	0.15815729933054143	0
loo	SNU17	SNU17	chr11	chromothripsis	0.0130942417308688	0.699999988079071	0	0	0.0	0	0	-0.6869057463482022	0	0	0.19542160338775116	0
loo	SNU17	SNU17	chr11	ecDNA	0.0759627744555473	0.4300000071525574	0	0	0.0	0	0	-0.35403723269701004	0	0	0.14472067153967297	0
loo	SNU17	SNU17	chr11	seismic_amplification	0.0241730269044637	0.8299999833106995	0	0	0.0	0	0	-0.8058269564062358	0	0	0.08339483933510622	0
loo	SNU17	SNU17	chr12	BFB	0.0378838330507278	0.3100000023841858	0	0	0.0	0	0	-0.272116169333458	0	0	0.16813178064150255	0
loo	SNU17	SNU17	chr12	chromothripsis	0.0210413485765457	0.699999988079071	0	0	0.0	0	0	-0.6789586395025253	0	0	0.2014841123609054	0
loo	SNU17	SNU17	chr12	ecDNA	0.0969627648591995	0.4300000071525574	0	0	0.0	0	0	-0.33303724229335785	0	0	0.15763841394468106	0
loo	SNU17	SNU17	chr12	seismic_amplification	0.0317281372845172	0.8299999833106995	0	0	0.0	0	0	-0.7982718460261823	0	0	0.08620676840414063	0
loo	SNU17	SNU17	chr13	BFB	0.030922494828701	0.3100000023841858	0	0	0.0	0	0	-0.27907750755548477	0	0	0.16351375828949655	0
loo	SNU17	SNU17	chr13	chromothripsis	0.0227745287120342	0.699999988079071	0	0	0.0	0	0	-0.6772254593670368	0	0	0.2028248041796554	0
loo	SNU17	SNU17	chr13	ecDNA	0.1030472740530967	0.4300000071525574	0	0	0.0	0	0	-0.32695273309946066	0	0	0.16155222765526753	0
loo	SNU17	SNU17	chr13	seismic_amplification	0.0326730273663997	0.8299999833106995	0	0	0.0	0	0	-0.7973269559442998	0	0	0.08656442760768256	0
loo	SNU17	SNU17	chr14	BFB	0.1522082090377807	0.3100000023841858	0	0	0.0	0	0	-0.15779179334640508	0	0	0.2591061284050864	0
loo	SNU17	SNU17	chr14	chromothripsis	0.0901992321014404	0.699999988079071	0	0	0.0	0	0	-0.6098007559776306	0	0	0.26011727018940417	0
loo	SNU17	SNU17	chr14	ecDNA	0.2023645043373108	0.4300000071525574	0	0	0.0	0	0	-0.22763550281524658	0	0	0.23678401969689045	0
loo	SNU17	SNU17	chr14	seismic_amplification	0.0747550204396247	0.8299999833106995	0	0	0.0	0	0	-0.7552449628710748	0	0	0.10391181586368216	0
loo	SNU17	SNU17	chr15	BFB	0.0501882508397102	0.3100000023841858	0	0	0.0	0	0	-0.2598117515444756	0	0	0.1765478846208517	0
loo	SNU17	SNU17	chr15	chromothripsis	0.0288385245949029	0.699999988079071	0	0	0.0	0	0	-0.6711614634841682	0	0	0.2075678477148885	0
loo	SNU17	SNU17	chr15	ecDNA	0.1178281977772712	0.4300000071525574	0	0	0.0	0	0	-0.31217180937528616	0	0	0.17138634868977	0
loo	SNU17	SNU17	chr15	seismic_amplification	0.0436464622616767	0.8299999833106995	0	0	0.0	0	0	-0.7863535210490228	0	0	0.0908174333170138	0
loo	SNU17	SNU17	chr16	BFB	0.1608254462480545	0.3100000023841858	0	0	0.0	0	0	-0.1491745561361313	0	0	0.26711864866760965	0
loo	SNU17	SNU17	chr16	chromothripsis	0.0491042956709861	0.699999988079071	0	0	0.0	0	0	-0.650895692408085	0	0	0.2240093256965242	0
loo	SNU17	SNU17	chr16	ecDNA	0.197388544678688	0.4300000071525574	0	0	0.0	0	0	-0.23261146247386938	0	0	0.2324983266640034	0
loo	SNU17	SNU17	chr16	seismic_amplification	0.065803050994873	0.8299999833106995	0	0	0.0	0	0	-0.7641969323158264	0	0	0.09998147973451214	0
loo	SNU17	SNU17	chr17	BFB	0.1215331628918647	0.3100000023841858	0	0	0.0	0	0	-0.1884668394923211	0	0	0.2318776900437017	0
loo	SNU17	SNU17	chr17	chromothripsis	0.0211333986371755	0.699999988079071	0	0	0.0	0	0	-0.6788665894418956	0	0	0.20155515025512907	0
loo	SNU17	SNU17	chr17	ecDNA	0.1473093926906585	0.4300000071525574	0	0	0.0	0	0	-0.28269061446189886	0	0	0.19240780232888108	0
loo	SNU17	SNU17	chr17	seismic_amplification	0.062465775758028	0.8299999833106995	0	0	0.0	0	0	-0.7675342075526714	0	0	0.09855039130774115	0
loo	SNU17	SNU17	chr18	BFB	0.0699408650398254	0.3100000023841858	0	0	0.0	0	0	-0.2400591373443604	0	0	0.1907446962051011	0
loo	SNU17	SNU17	chr18	chromothripsis	0.0956750810146331	0.699999988079071	0	0	0.0	0	0	-0.604324907064438	0	0	0.26520340058924075	0
loo	SNU17	SNU17	chr18	ecDNA	0.1352206915616989	0.4300000071525574	0	0	0.0	0	0	-0.29477931559085846	0	0	0.183559039700027	0
loo	SNU17	SNU17	chr18	seismic_amplification	0.0723556578159332	0.8299999833106995	0	0	0.0	0	0	-0.7576443254947662	0	0	0.10284517996174893	0
loo	SNU17	SNU17	chr19	BFB	0.0508353263139724	0.3100000023841858	0	0	0.0	0	0	-0.2591646760702134	0	0	0.176999507593485	0
loo	SNU17	SNU17	chr19	chromothripsis	0.1932208687067031	0.699999988079071	0	0	0.0	0	0	-0.506779119372368	0	0	0.36557180024216285	0
loo	SNU17	SNU17	chr19	ecDNA	0.1105216369032859	0.4300000071525574	0	0	0.0	0	0	-0.3194783702492715	0	0	0.16646698149831518	0
loo	SNU17	SNU17	chr19	seismic_amplification	0.050039492547512	0.8299999833106995	0	0	0.0	0	0	-0.7799604907631874	0	0	0.09338109195435117	0
loo	SNU17	SNU17	chr2	BFB	0.0503404885530471	0.3100000023841858	0	0	0.0	0	0	-0.2596595138311387	0	0	0.17665405664055894	0
loo	SNU17	SNU17	chr2	chromothripsis	0.106132872402668	0.699999988079071	0	0	0.0	0	0	-0.593867115676403	0	0	0.27509173870765913	0
loo	SNU17	SNU17	chr2	ecDNA	0.1034859046339988	0.4300000071525574	0	0	0.0	0	0	-0.32651410251855856	0	0	0.16183738294868968	0
loo	SNU17	SNU17	chr2	seismic_amplification	0.0640807151794433	0.8299999833106995	0	0	0.0	0	0	-0.7659192681312561	0	0	0.09924061641089908	0
loo	SNU17	SNU17	chr20	BFB	0.6605292558670044	0.3100000023841858	1	0	0.5634317994117737	1	1	0.3505292534828186	1	1	0.9655216919167258	1
loo	SNU17	SNU17	chr20	chromothripsis	0.1544971168041229	0.699999988079071	0	0	0.0	0	0	-0.5455028712749481	0	0	0.32366428185285995	0
loo	SNU17	SNU17	chr20	ecDNA	0.4624963104724884	0.4300000071525574	1	0	0.0	0	1	0.03249630331993103	1	0	0.519294043443844	0
loo	SNU17	SNU17	chr20	seismic_amplification	0.1730463504791259	0.8299999833106995	0	0	0.0	0	0	-0.6569536328315736	0	0	0.15668735364282083	0
loo	SNU17	SNU17	chr21	BFB	0.0253422558307647	0.3100000023841858	0	0	0.0	0	0	-0.2846577465534211	0	0	0.1598860604225312	0
loo	SNU17	SNU17	chr21	chromothripsis	0.0219019576907157	0.699999988079071	0	0	0.0	0	0	-0.6780980303883554	0	0	0.20214900194769717	0
loo	SNU17	SNU17	chr21	ecDNA	0.1020966842770576	0.4300000071525574	0	0	0.0	0	0	-0.3279033228754998	0	0	0.16093563811956904	0
loo	SNU17	SNU17	chr21	seismic_amplification	0.0310239065438509	0.8299999833106995	0	0	0.0	0	0	-0.7989760767668486	0	0	0.08594107441864042	0
loo	SNU17	SNU17	chr22	BFB	0.0256505161523818	0.3100000023841858	0	0	0.0	0	0	-0.284349486231804	0	0	0.16008474729576835	0
loo	SNU17	SNU17	chr22	chromothripsis	0.0149663211777806	0.699999988079071	0	0	0.0	0	0	-0.6850336669012904	0	0	0.1968371884690067	0
loo	SNU17	SNU17	chr22	ecDNA	0.092381864786148	0.4300000071525574	0	0	0.0	0	0	-0.33761814236640936	0	0	0.15474291073501878	0
loo	SNU17	SNU17	chr22	seismic_amplification	0.0256671700626611	0.8299999833106995	0	0	0.0	0	0	-0.8043328132480384	0	0	0.08394424698209174	0
loo	SNU17	SNU17	chr3	BFB	0.0766257494688034	0.3100000023841858	0	0	0.0	0	0	-0.23337425291538239	0	0	0.1957428118959074	0
loo	SNU17	SNU17	chr3	chromothripsis	0.0237688682973384	0.699999988079071	0	0	0.0	0	0	-0.6762311197817327	0	0	0.20359696732248683	0
loo	SNU17	SNU17	chr3	ecDNA	0.1044877171516418	0.4300000071525574	0	0	0.0	0	0	-0.3255122900009156	0	0	0.1624901877826808	0
loo	SNU17	SNU17	chr3	seismic_amplification	0.0317088142037391	0.8299999833106995	0	0	0.0	0	0	-0.7982911691069604	0	0	0.08619946822667161	0
loo	SNU17	SNU17	chr4	BFB	0.1963711380958557	0.3100000023841858	0	0	0.0	0	0	-0.11362886428833008	0	0	0.3017851137420785	0
loo	SNU17	SNU17	chr4	chromothripsis	0.4554238319396972	0.699999988079071	0	1	0.0	0	0	-0.24457615613937383	0	0	0.6695784625892515	0
loo	SNU17	SNU17	chr4	ecDNA	0.232017770409584	0.4300000071525574	0	0	0.0	0	0	-0.19798223674297338	0	0	0.2634382913657131	0
loo	SNU17	SNU17	chr4	seismic_amplification	0.2361354827880859	0.8299999833106995	0	0	0.0	0	0	-0.5938645005226135	0	0	0.20092771395434952	0
loo	SNU17	SNU17	chr5	BFB	0.0477126091718673	0.3100000023841858	0	0	0.0	0	0	-0.2622873932123185	0	0	0.1748283802742692	0
loo	SNU17	SNU17	chr5	chromothripsis	0.0559399724006652	0.699999988079071	0	0	0.0	0	0	-0.6440600156784059	0	0	0.22975970799338893	0
loo	SNU17	SNU17	chr5	ecDNA	0.10361198335886	0.4300000071525574	0	0	0.0	0	0	-0.32638802379369736	0	0	0.1619194222859017	0
loo	SNU17	SNU17	chr5	seismic_amplification	0.043670006096363	0.8299999833106995	0	0	0.0	0	0	-0.7863299772143365	0	0	0.09082675731111407	0
loo	SNU17	SNU17	chr6	BFB	0.0561303384602069	0.3100000023841858	0	0	0.0	0	0	-0.2538696639239789	0	0	0.18072923457078605	0
loo	SNU17	SNU17	chr6	chromothripsis	0.0557927154004573	0.699999988079071	0	0	0.0	0	0	-0.6442072726786138	0	0	0.22963474611200702	0
loo	SNU17	SNU17	chr6	ecDNA	0.1331903636455536	0.4300000071525574	0	0	0.0	0	0	-0.2968096435070038	0	0	0.18210421198821486	0
loo	SNU17	SNU17	chr6	seismic_amplification	0.0520830042660236	0.8299999833106995	0	0	0.0	0	0	-0.7779169790446758	0	0	0.09421415135137975	0
loo	SNU17	SNU17	chr7	BFB	0.0271123982965946	0.3100000023841858	0	0	0.0	0	0	-0.28288760408759117	0	0	0.16102971434354107	0
loo	SNU17	SNU17	chr7	chromothripsis	0.017893698066473	0.699999988079071	0	0	0.0	0	0	-0.682106290012598	0	0	0.19906623473246438	0
loo	SNU17	SNU17	chr7	ecDNA	0.0990623235702514	0.4300000071525574	0	0	0.0	0	0	-0.33093768358230596	0	0	0.15898015635016563	0
loo	SNU17	SNU17	chr7	seismic_amplification	0.0258898381143808	0.8299999833106995	0	0	0.0	0	0	-0.8041101451963186	0	0	0.08402640465332667	0
loo	SNU17	SNU17	chr8	BFB	0.0321430899202823	0.3100000023841858	0	0	0.0	0	0	-0.2778569124639035	0	0	0.16431603502666922	0
loo	SNU17	SNU17	chr8	chromothripsis	0.0197703167796134	0.699999988079071	0	0	0.0	0	0	-0.6802296712994577	0	0	0.20050513137087916	0
loo	SNU17	SNU17	chr8	ecDNA	0.0981435403227806	0.4300000071525574	0	0	0.0	0	0	-0.33185646682977676	0	0	0.15839186319121656	0
loo	SNU17	SNU17	chr8	seismic_amplification	0.0329556800425052	0.8299999833106995	0	0	0.0	0	0	-0.7970443032681943	0	0	0.08667167785233373	0
loo	SNU17	SNU17	chr9	BFB	0.0236647371202707	0.3100000023841858	0	0	0.0	0	0	-0.28633526526391506	0	0	0.1588083267334458	0
loo	SNU17	SNU17	chr9	chromothripsis	0.0308730509132146	0.699999988079071	0	0	0.0	0	0	-0.6691269371658565	0	0	0.20917740872880528	0
loo	SNU17	SNU17	chr9	ecDNA	0.078898899257183	0.4300000071525574	0	0	0.0	0	0	-0.35110110789537435	0	0	0.14647240677157614	0
loo	SNU17	SNU17	chr9	seismic_amplification	0.0205982699990272	0.8299999833106995	0	0	0.0	0	0	-0.8094017133116722	0	0	0.082093618927391	0
loo	SNU17	SNU17	chrX	BFB	0.0315104015171527	0.3100000023841858	0	0	0.0	0	0	-0.2784896008670331	0	0	0.1638997854455141	0
loo	SNU17	SNU17	chrX	chromothripsis	0.0211495421826839	0.699999988079071	0	0	0.0	0	0	-0.6788504458963871	0	0	0.20156761066081433	0
loo	SNU17	SNU17	chrX	ecDNA	0.0876980423927307	0.4300000071525574	0	0	0.0	0	0	-0.34230196475982666	0	0	0.1518274246795993	0
loo	SNU17	SNU17	chrX	seismic_amplification	0.027923097833991	0.8299999833106995	0	0	0.0	0	0	-0.8020768854767084	0	0	0.08477999929546715	0
loo	SNU682	SNU682	chr1	BFB	0.0593458637595176	0.3199999928474426	0	0	0.0	0	0	-0.260654129087925	0	0	0.17826261534937823	0
loo	SNU682	SNU682	chr1	chromothripsis	0.0904117450118064	0.6800000071525574	0	0	0.0	0	0	-0.589588262140751	0	0	0.27460794423831614	0
loo	SNU682	SNU682	chr1	ecDNA	0.13099966943264	0.5299999713897705	0	0	0.0	0	0	-0.39900030195713054	0	0	0.15484425607294855	0
loo	SNU682	SNU682	chr1	seismic_amplification	0.0961224362254142	0.8399999737739563	0	0	0.0	0	0	-0.7438775375485421	0	0	0.11129949751284432	0
loo	SNU682	SNU682	chr10	BFB	0.063697300851345	0.3199999928474426	0	0	0.0	0	0	-0.2563026919960976	0	0	0.1813982250593849	0
loo	SNU682	SNU682	chr10	chromothripsis	0.0982367917895317	0.6800000071525574	0	0	0.0	0	0	-0.5817632153630257	0	0	0.28228880014351443	0
loo	SNU682	SNU682	chr10	ecDNA	0.1027413234114646	0.5299999713897705	0	0	0.0	0	0	-0.4272586479783059	0	0	0.1376241904150281	0
loo	SNU682	SNU682	chr10	seismic_amplification	0.0816226750612258	0.8399999737739563	0	0	0.0	0	0	-0.7583772987127305	0	0	0.10448290810730473	0
loo	SNU682	SNU682	chr11	BFB	0.6121969819068909	0.3199999928474426	1	1	0.8795030117034912	1	1	0.29219698905944824	1	1	0.9658969612502479	1
loo	SNU682	SNU682	chr11	chromothripsis	0.1313245147466659	0.6800000071525574	0	0	0.0	0	0	-0.5486754924058914	0	0	0.3161594450580654	0
loo	SNU682	SNU682	chr11	ecDNA	0.4789508581161499	0.5299999713897705	0	0	0.5964434146881104	1	0	-0.051049113273620605	1	0	0.8747528381522838	0
loo	SNU682	SNU682	chr11	seismic_amplification	0.1343211680650711	0.8399999737739563	0	0	0.0	0	0	-0.7056788057088852	0	0	0.13114120966835044	0
loo	SNU682	SNU682	chr12	BFB	0.0497628487646579	0.3199999928474426	0	0	0.0	0	0	-0.2702371440827847	0	0	0.1715071451537515	0
loo	SNU682	SNU682	chr12	chromothripsis	0.1115652844309806	0.6800000071525574	0	0	0.0	0	0	-0.5684347227215768	0	0	0.29566711912797367	0
loo	SNU682	SNU682	chr12	ecDNA	0.0842791348695755	0.5299999713897705	0	0	0.0	0	0	-0.445720836520195	0	0	0.12726436509886263	0
loo	SNU682	SNU682	chr12	seismic_amplification	0.1229687556624412	0.8399999737739563	0	0	0.0	0	0	-0.717031218111515	0	0	0.12494959981274241	0
loo	SNU682	SNU682	chr13	BFB	0.0807750672101974	0.3199999928474426	0	0	0.0	0	0	-0.23922492563724523	0	0	0.19411892202273826	0
loo	SNU682	SNU682	chr13	chromothripsis	0.0584588162600994	0.6800000071525574	0	0	0.0	0	0	-0.621541190892458	0	0	0.24462608797865595	0
loo	SNU682	SNU682	chr13	ecDNA	0.0782545804977417	0.5299999713897705	0	0	0.0	0	0	-0.4517453908920288	0	0	0.12403084016597637	0
loo	SNU682	SNU682	chr13	seismic_amplification	0.048547837883234	0.8399999737739563	0	0	0.0	0	0	-0.7914521358907223	0	0	0.09030033584158727	0
loo	SNU682	SNU682	chr14	BFB	0.0374762788414955	0.3199999928474426	0	0	0.0	0	0	-0.2825237140059471	0	0	0.1631448634236366	0
loo	SNU682	SNU682	chr14	chromothripsis	0.0369970798492431	0.6800000071525574	0	0	0.0	0	0	-0.6430029273033143	0	0	0.22577234925652337	0
loo	SNU682	SNU682	chr14	ecDNA	0.0728902965784072	0.5299999713897705	0	0	0.0	0	0	-0.45710967481136333	0	0	0.12121129657898981	0
loo	SNU682	SNU682	chr14	seismic_amplification	0.0692060515284538	0.8399999737739563	0	0	0.0	0	0	-0.7707939222455025	0	0	0.0989414144641855	0
loo	SNU682	SNU682	chr15	BFB	0.1442934423685073	0.3199999928474426	0	0	0.0	0	0	-0.17570655047893532	0	0	0.24728780930222685	0
loo	SNU682	SNU682	chr15	chromothripsis	0.4465111196041107	0.6800000071525574	0	0	0.0	0	0	-0.23348888754844666	0	0	0.6831846552237864	0
loo	SNU682	SNU682	chr15	ecDNA	0.1129238680005073	0.5299999713897705	0	0	0.0	0	0	-0.4170761033892632	0	0	0.14363577471286473	0
loo	SNU682	SNU682	chr15	seismic_amplification	0.1641769111156463	0.8399999737739563	0	0	0.0	0	0	-0.6758230626583099	0	0	0.14867412958012252	0
loo	SNU682	SNU682	chr16	BFB	0.1084675416350364	0.3199999928474426	0	0	0.0	0	0	-0.21153245121240621	0	0	0.2161632949589718	0
loo	SNU682	SNU682	chr16	chromothripsis	0.3937586843967438	0.6800000071525574	0	0	0.0	0	0	-0.2862413227558136	0	0	0.6249730563750984	0
loo	SNU682	SNU682	chr16	ecDNA	0.1054787188768386	0.5299999713897705	0	0	0.0	0	0	-0.42452125251293193	0	0	0.13921920222167003	0
loo	SNU682	SNU682	chr16	seismic_amplification	0.1804655194282531	0.8399999737739563	0	0	0.0	0	0	-0.6595344543457032	0	0	0.15903095438762044	0
loo	SNU682	SNU682	chr17	BFB	0.0372776240110397	0.3199999928474426	0	0	0.0	0	0	-0.28272236883640295	0	0	0.16301239498589265	0
loo	SNU682	SNU682	chr17	chromothripsis	0.0411628410220146	0.6800000071525574	0	0	0.0	0	0	-0.6388371661305428	0	0	0.22934986080626604	0
loo	SNU682	SNU682	chr17	ecDNA	0.0729286819696426	0.5299999713897705	0	0	0.0	0	0	-0.4570712894201279	0	0	0.12123127476168358	0
loo	SNU682	SNU682	chr17	seismic_amplification	0.0913716554641723	0.8399999737739563	0	0	0.0	0	0	-0.748628318309784	0	0	0.109024268194138	0
loo	SNU682	SNU682	chr18	BFB	0.4183326959609985	0.3199999928474426	1	0	0.8077045679092407	1	1	0.09833270311355585	1	1	0.9119885312526826	1
loo	SNU682	SNU682	chr18	chromothripsis	0.4167203903198242	0.6800000071525574	0	0	0.0	0	0	-0.26327961683273315	0	0	0.6508768917344647	0
loo	SNU682	SNU682	chr18	ecDNA	0.2669183015823364	0.5299999713897705	0	0	0.0	0	0	-0.2630816698074341	0	0	0.262495914114641	0
loo	SNU682	SNU682	chr18	seismic_amplification	0.2254144102334976	0.8399999737739563	0	0	0.0	0	0	-0.6145855635404587	0	0	0.19064157595818507	0
loo	SNU682	SNU682	chr19	BFB	0.1135889068245887	0.3199999928474426	0	0	0.0	0	0	-0.2064110860228539	0	0	0.22043299602351846	0
loo	SNU682	SNU682	chr19	chromothripsis	0.0752091631293296	0.6800000071525574	0	0	0.0	0	0	-0.6047908440232278	0	0	0.2600624632999775	0
loo	SNU682	SNU682	chr19	ecDNA	0.1663997173309326	0.5299999713897705	0	0	0.0	0	0	-0.3636002540588379	0	0	0.17885193062233745	0
loo	SNU682	SNU682	chr19	seismic_amplification	0.0498981550335884	0.8399999737739563	0	0	0.0	0	0	-0.7901018187403679	0	0	0.09084374712394207	0
loo	SNU682	SNU682	chr2	BFB	0.3238194286823272	0.3199999928474426	1	0	0.0	0	1	0.003819435834884588	1	0	0.4412697932663593	0
loo	SNU682	SNU682	chr2	chromothripsis	0.5689419507980347	0.6800000071525574	0	0	0.0	0	0	-0.1110580563545227	0	0	0.7968323828453715	0
loo	SNU682	SNU682	chr2	ecDNA	0.2126461714506149	0.5299999713897705	0	0	0.0	0	0	-0.3173537999391556	0	0	0.21446871841708567	0
loo	SNU682	SNU682	chr2	seismic_amplification	0.3970652222633362	0.8399999737739563	0	0	0.0	0	0	-0.4429347515106201	0	0	0.3526974662982752	0
loo	SNU682	SNU682	chr20	BFB	0.2815559506416321	0.3199999928474426	0	0	0.0	0	0	-0.03844404220581055	0	0	0.3911456182411737	0
loo	SNU682	SNU682	chr20	chromothripsis	0.1094449609518051	0.6800000071525574	0	0	0.0	0	0	-0.5705550462007523	0	0	0.29351437452814333	0
loo	SNU682	SNU682	chr20	ecDNA	0.1765998154878616	0.5299999713897705	0	0	0.0	0	0	-0.3534001559019089	0	0	0.18628839663752236	0
loo	SNU682	SNU682	chr20	seismic_amplification	0.0686602294445037	0.8399999737739563	0	0	0.0	0	0	-0.7713397443294526	0	0	0.09870392226734796	0
loo	SNU682	SNU682	chr21	BFB	0.0641447752714157	0.3199999928474426	0	0	0.0	0	0	-0.2558552175760269	0	0	0.18172309382719162	0
loo	SNU682	SNU682	chr21	chromothripsis	0.0521830432116985	0.6800000071525574	0	0	0.0	0	0	-0.6278169639408588	0	0	0.2390047146311975	0
loo	SNU682	SNU682	chr21	ecDNA	0.1192856281995773	0.5299999713897705	0	0	0.0	0	0	-0.4107143431901932	0	0	0.1475015088388949	0
loo	SNU682	SNU682	chr21	seismic_amplification	0.0567052848637104	0.8399999737739563	0	0	0.0	0	0	-0.7832946889102459	0	0	0.09362819406118807	0
loo	SNU682	SNU682	chr22	BFB	0.2991972267627716	0.3199999928474426	0	0	0.0	0	0	-0.02080276608467102	0	0	0.4118535206302886	0
loo	SNU682	SNU682	chr22	chromothripsis	0.1081976518034935	0.6800000071525574	0	0	0.0	0	0	-0.5718023553490639	0	0	0.2922522827955378	0
loo	SNU682	SNU682	chr22	ecDNA	0.2698624432086944	0.5299999713897705	0	0	0.0	0	0	-0.2601375281810761	0	0	0.26529010451356894	0
loo	SNU682	SNU682	chr22	seismic_amplification	0.1024929657578468	0.8399999737739563	0	0	0.0	0	0	-0.7375070080161095	0	0	0.1144155625331581	0
loo	SNU682	SNU682	chr3	BFB	0.1497400403022766	0.3199999928474426	0	0	0.0	0	0	-0.17025995254516602	0	0	0.2522742791977405	0
loo	SNU682	SNU682	chr3	chromothripsis	0.3157990574836731	0.6800000071525574	0	0	0.0	0	0	-0.3642009496688843	0	0	0.5324092736672802	0
loo	SNU682	SNU682	chr3	ecDNA	0.087146982550621	0.5299999713897705	0	0	0.0	0	0	-0.4428529888391495	0	0	0.12882875195145294	0
loo	SNU682	SNU682	chr3	seismic_amplification	0.194335862994194	0.8399999737739563	0	0	0.0	0	0	-0.6456641107797623	0	0	0.1683048706775548	0
loo	SNU682	SNU682	chr4	BFB	0.221440702676773	0.3199999928474426	0	0	0.0	0	0	-0.09855929017066964	0	0	0.3238340096328472	0
loo	SNU682	SNU682	chr4	chromothripsis	0.3480757474899292	0.6800000071525574	0	0	0.0	0	0	-0.3319242596626282	0	0	0.57138767357912	0
loo	SNU682	SNU682	chr4	ecDNA	0.1154632195830345	0.5299999713897705	0	0	0.0	0	0	-0.414536751806736	0	0	0.14516860604372558	0
loo	SNU682	SNU682	chr4	seismic_amplification	0.1050272062420845	0.8399999737739563	0	0	0.0	0	0	-0.7349727675318718	0	0	0.11567613345995774	0
loo	SNU682	SNU682	chr5	BFB	0.0460055992007255	0.3199999928474426	0	0	0.0	0	0	-0.2739943936467171	0	0	0.16891446163233834	0
loo	SNU682	SNU682	chr5	chromothripsis	0.0447294302284717	0.6800000071525574	0	0	0.0	0	0	-0.6352705769240856	0	0	0.23244430357555143	0
loo	SNU682	SNU682	chr5	ecDNA	0.0748654305934906	0.5299999713897705	0	0	0.0	0	0	-0.4551345407962799	0	0	0.12224297117379561	0
loo	SNU682	SNU682	chr5	seismic_amplification	0.0808658674359321	0.8399999737739563	0	0	0.0	0	0	-0.7591341063380241	0	0	0.10413744548973554	0
loo	SNU682	SNU682	chr6	BFB	0.1111861616373062	0.3199999928474426	0	0	0.0	0	0	-0.2088138312101364	0	0	0.2184223231665098	0
loo	SNU682	SNU682	chr6	chromothripsis	0.1496271938085556	0.6800000071525574	0	0	0.0	0	0	-0.5303728133440018	0	0	0.3358026379094468	0
loo	SNU682	SNU682	chr6	ecDNA	0.1351990699768066	0.5299999713897705	0	0	0.0	0	0	-0.39480090141296387	0	0	0.15754835053690502	0
loo	SNU682	SNU682	chr6	seismic_amplification	0.0688854604959487	0.8399999737739563	0	0	0.0	0	0	-0.7711145132780076	0	0	0.09880186078630579	0
loo	SNU682	SNU682	chr7	BFB	0.089666835963726	0.3199999928474426	0	0	0.0	0	0	-0.23033315688371664	0	0	0.20100543119487457	0
loo	SNU682	SNU682	chr7	chromothripsis	0.1108086928725242	0.6800000071525574	0	0	0.0	0	0	-0.5691913142800331	0	0	0.294897907789062	0
loo	SNU682	SNU682	chr7	ecDNA	0.1451824009418487	0.5299999713897705	0	0	0.0	0	0	-0.3848175704479218	0	0	0.1641308956391273	0
loo	SNU682	SNU682	chr7	seismic_amplification	0.1635467410087585	0.8399999737739563	0	0	0.0	0	0	-0.6764532327651978	0	0	0.1482848597269499	0
loo	SNU682	SNU682	chr8	BFB	0.3401074111461639	0.3199999928474426	1	0	0.0	0	1	0.020107418298721258	1	0	0.46097175962774156	0
loo	SNU682	SNU682	chr8	chromothripsis	0.257532000541687	0.6800000071525574	0	0	0.0	0	0	-0.42246800661087036	0	0	0.46136233529779525	0
loo	SNU682	SNU682	chr8	ecDNA	0.171540081501007	0.5299999713897705	0	0	0.0	0	0	-0.35845988988876354	0	0	0.18257014631775792	0
loo	SNU682	SNU682	chr8	seismic_amplification	0.0836469903588295	0.8399999737739563	0	0	0.0	0	0	-0.7563529834151268	0	0	0.10541193337778232	0
loo	SNU682	SNU682	chr9	BFB	0.146459549665451	0.3199999928474426	0	0	0.0	0	0	-0.17354044318199163	0	0	0.24926296900543368	0
loo	SNU682	SNU682	chr9	chromothripsis	0.3791730105876922	0.6800000071525574	0	0	0.0	0	0	-0.30082699656486517	0	0	0.6081276477181271	0
loo	SNU682	SNU682	chr9	ecDNA	0.1192998066544532	0.5299999713897705	0	0	0.0	0	0	-0.41070016473531734	0	0	0.14751021970196534	0
loo	SNU682	SNU682	chr9	seismic_amplification	0.15147066116333	0.8399999737739563	0	0	0.0	0	0	-0.6885293126106263	0	0	0.14098683482809765	0
loo	SNU682	SNU682	chrX	BFB	0.0756538808345794	0.3199999928474426	0	0	0.0	0	0	-0.24434611201286321	0	0	0.19023467050429924	0
loo	SNU682	SNU682	chrX	chromothripsis	0.0653144642710685	0.6800000071525574	0	0	0.0	0	0	-0.6146855428814889	0	0	0.2508682456391687	0
loo	SNU682	SNU682	chrX	ecDNA	0.1224779263138771	0.5299999713897705	0	0	0.0	0	0	-0.4075220450758934	0	0	0.14947352530171115	0
loo	SNU682	SNU682	chrX	seismic_amplification	0.0589236468076705	0.8399999737739563	0	0	0.0	0	0	-0.7810763269662858	0	0	0.09455201925205957	0
loo	SNU703	SNU703	chr1	BFB	0.0224781036376953	0.4799999892711639	0	0	0.0	0	0	-0.4575218856334686	0	0	0.11741868586866812	0
loo	SNU703	SNU703	chr1	chromothripsis	0.0248070061206817	0.6600000262260437	0	0	0.0	0	0	-0.635193020105362	0	0	0.23458959136986343	0
loo	SNU703	SNU703	chr1	ecDNA	0.0091864559799432	0.1099999994039535	0	0	0.0	0	0	-0.10081354342401029	0	0	0.12908340558154693	0
loo	SNU703	SNU703	chr1	seismic_amplification	0.0099544581025838	0.3700000047683716	0	0	0.0	0	0	-0.3600455466657878	0	0	0.154525313563897	0
loo	SNU703	SNU703	chr10	BFB	0.0157209802418947	0.4799999892711639	0	0	0.0	0	0	-0.46427900902926916	0	0	0.11411407519254989	0
loo	SNU703	SNU703	chr10	chromothripsis	0.0442704409360885	0.6600000262260437	0	0	0.0	0	0	-0.6157295852899553	0	0	0.2516972481521272	0
loo	SNU703	SNU703	chr10	ecDNA	0.0100792767480015	0.1099999994039535	0	0	0.0	0	0	-0.099920722655952	0	0	0.12956372862547375	0
loo	SNU703	SNU703	chr10	seismic_amplification	0.0122338747605681	0.3700000047683716	0	0	0.0	0	0	-0.3577661300078035	0	0	0.15595352291300746	0
loo	SNU703	SNU703	chr11	BFB	0.2559748888015747	0.4799999892711639	0	1	0.5369158983230591	1	0	-0.22402510046958918	1	0	0.7402192607708378	0
loo	SNU703	SNU703	chr11	chromothripsis	0.1926217377185821	0.6600000262260437	0	0	0.0	0	0	-0.4673782885074616	0	0	0.40593970323165773	0
loo	SNU703	SNU703	chr11	ecDNA	0.1156352683901786	0.1099999994039535	1	1	0.0	0	1	0.0056352689862251	1	0	0.19773869083816065	0
loo	SNU703	SNU703	chr11	seismic_amplification	0.0918915197253227	0.3700000047683716	0	0	0.0	0	0	-0.27810848504304886	0	0	0.21281249989643153	0
loo	SNU703	SNU703	chr12	BFB	0.6378573179244995	0.4799999892711639	1	1	0.0	0	1	0.15785732865333563	1	0	0.7156738011297126	0
loo	SNU703	SNU703	chr12	chromothripsis	0.0513682961463928	0.6600000262260437	0	0	0.0	0	0	-0.6086317300796509	0	0	0.258138178364386	0
loo	SNU703	SNU703	chr12	ecDNA	0.1516082137823104	0.1099999994039535	1	0	0.0	0	1	0.041608214378356906	1	0	0.22642417115173466	0
loo	SNU703	SNU703	chr12	seismic_amplification	0.1172015517950058	0.3700000047683716	0	0	0.0	0	0	-0.2527984529733658	0	0	0.23377321515706176	0
loo	SNU703	SNU703	chr13	BFB	0.0596372373402118	0.4799999892711639	0	0	0.0	0	0	-0.42036275193095207	0	0	0.13710297964947185	0
loo	SNU703	SNU703	chr13	chromothripsis	0.0403436310589313	0.6600000262260437	0	0	0.0	0	0	-0.6196563951671124	0	0	0.24818002758989952	0
loo	SNU703	SNU703	chr13	ecDNA	0.0349694341421127	0.1099999994039535	0	0	0.0	0	0	-0.07503056526184079	0	0	0.14357618996774538	0
loo	SNU703	SNU703	chr13	seismic_amplification	0.0294408649206161	0.3700000047683716	0	0	0.0	0	0	-0.3405591398477555	0	0	0.16708393026382098	0
loo	SNU703	SNU703	chr14	BFB	0.0504943318665027	0.4799999892711639	0	0	0.0	0	0	-0.4295056574046612	0	0	0.13201639244630667	0
loo	SNU703	SNU703	chr14	chromothripsis	0.1136145293712616	0.6600000262260437	0	0	0.0	0	0	-0.5463854968547821	0	0	0.31902349788165535	0
loo	SNU703	SNU703	chr14	ecDNA	0.0248867608606815	0.1099999994039535	0	0	0.0	0	0	-0.08511323854327199	0	0	0.1377537403775781	0
loo	SNU703	SNU703	chr14	seismic_amplification	0.0210049096494913	0.3700000047683716	0	0	0.0	0	0	-0.34899509511888027	0	0	0.16154968424919852	0
loo	SNU703	SNU703	chr15	BFB	0.0170158855617046	0.4799999892711639	0	0	0.0	0	0	-0.4629841037094593	0	0	0.1147410164407895	0
loo	SNU703	SNU703	chr15	chromothripsis	0.1620165854692459	0.6600000262260437	0	0	0.0	0	0	-0.4979834407567978	0	0	0.37121595345121305	0
loo	SNU703	SNU703	chr15	ecDNA	0.0155496392399072	0.1099999994039535	0	0	0.0	0	0	-0.0944503601640463	0	0	0.13253999634208194	0
loo	SNU703	SNU703	chr15	seismic_amplification	0.0147363804280757	0.3700000047683716	0	0	0.0	0	0	-0.3552636243402959	0	0	0.15753388555978456	0
loo	SNU703	SNU703	chr16	BFB	0.0223705172538757	0.4799999892711639	0	0	0.0	0	0	-0.4576294720172882	0	0	0.11736542613931239	0
loo	SNU703	SNU703	chr16	chromothripsis	0.0296660065650939	0.6600000262260437	0	0	0.0	0	0	-0.6303340196609498	0	0	0.23878379771434527	0
loo	SNU703	SNU703	chr16	ecDNA	0.0153701324015855	0.1099999994039535	0	0	0.0	0	0	-0.094629867002368	0	0	0.1324414193308774	0
loo	SNU703	SNU703	chr16	seismic_amplification	0.0194721743464469	0.3700000047683716	0	0	0.0	0	0	-0.3505278304219247	0	0	0.1605602004373725	0
loo	SNU703	SNU703	chr17	BFB	0.0197318624705076	0.4799999892711639	0	0	0.0	0	0	-0.46026812680065626	0	0	0.11606572618834934	0
loo	SNU703	SNU703	chr17	chromothripsis	0.0236443243920803	0.6600000262260437	0	0	0.0	0	0	-0.6363557018339634	0	0	0.2335935942205818	0
loo	SNU703	SNU703	chr17	ecDNA	0.0119245406240224	0.1099999994039535	0	0	0.0	0	0	-0.0980754587799311	0	0	0.13056127221720512	0
loo	SNU703	SNU703	chr17	seismic_amplification	0.0181852132081985	0.3700000047683716	0	0	0.0	0	0	-0.3518147915601731	0	0	0.15973317070601592	0
loo	SNU703	SNU703	chr18	BFB	0.828903079032898	0.4799999892711639	1	1	0.8447297215461731	1	1	0.34890308976173406	1	1	0.9830000871790564	1
loo	SNU703	SNU703	chr18	chromothripsis	0.33316770195961	0.6600000262260437	0	0	0.0	0	0	-0.3268323242664337	0	0	0.5721761529425113	0
loo	SNU703	SNU703	chr18	ecDNA	0.3440075814723968	0.1099999994039535	1	1	0.5446226596832275	1	1	0.2340075820684433	1	1	0.8383597580564783	0
loo	SNU703	SNU703	chr18	seismic_amplification	0.2486967146396637	0.3700000047683716	0	0	0.0	0	0	-0.12130329012870789	0	0	0.3638115557351112	0
loo	SNU703	SNU703	chr19	BFB	0.0176376216113567	0.4799999892711639	0	0	0.0	0	0	-0.4623623676598072	0	0	0.11504310006660076	0
loo	SNU703	SNU703	chr19	chromothripsis	0.0419481508433818	0.6600000262260437	0	0	0.0	0	0	-0.6180518753826619	0	0	0.24961319841957114	0
loo	SNU703	SNU703	chr19	ecDNA	0.0152570586651563	0.1099999994039535	0	0	0.0	0	0	-0.0947429407387972	0	0	0.1323793562618197	0
loo	SNU703	SNU703	chr19	seismic_amplification	0.0201664995402097	0.3700000047683716	0	0	0.0	0	0	-0.34983350522816187	0	0	0.1610078255156609	0
loo	SNU703	SNU703	chr2	BFB	0.0120197115465998	0.4799999892711639	0	0	0.0	0	0	-0.4679802777245641	0	0	0.1123385047688298	0
loo	SNU703	SNU703	chr2	chromothripsis	0.0296227596700191	0.6600000262260437	0	0	0.0	0	0	-0.6303772665560246	0	0	0.23874624170140926	0
loo	SNU703	SNU703	chr2	ecDNA	0.0101651614531874	0.1099999994039535	0	0	0.0	0	0	-0.0998348379507661	0	0	0.12961001331685745	0
loo	SNU703	SNU703	chr2	seismic_amplification	0.0118149798363447	0.3700000047683716	0	0	0.0	0	0	-0.35818502493202686	0	0	0.15569025212743692	0
loo	SNU703	SNU703	chr20	BFB	0.0211283564567565	0.4799999892711639	0	0	0.0	0	0	-0.4588716328144074	0	0	0.11675202065670794	0
loo	SNU703	SNU703	chr20	chromothripsis	0.0140589671209454	0.6600000262260437	0	0	0.0	0	0	-0.6459410591050982	0	0	0.2254947729913388	0
loo	SNU703	SNU703	chr20	ecDNA	0.0035635770764201	0.1099999994039535	0	0	0.0	0	0	-0.10643642232753339	0	0	0.1260931472677912	0
loo	SNU703	SNU703	chr20	seismic_amplification	0.005931741092354	0.3700000047683716	0	0	0.0	0	0	-0.3640682636760176	0	0	0.15203090635660216	0
loo	SNU703	SNU703	chr21	BFB	0.0469844415783882	0.4799999892711639	0	0	0.0	0	0	-0.43301554769277567	0	0	0.1301066002462764	0
loo	SNU703	SNU703	chr21	chromothripsis	0.0261438768357038	0.6600000262260437	0	0	0.0	0	0	-0.6338561493903399	0	0	0.23573844055676757	0
loo	SNU703	SNU703	chr21	ecDNA	0.0203108042478561	0.1099999994039535	0	0	0.0	0	0	-0.0896891951560974	0	0	0.1351773685892736	0
loo	SNU703	SNU703	chr21	seismic_amplification	0.0310291610658168	0.3700000047683716	0	0	0.0	0	0	-0.33897084370255476	0	0	0.1681426938945348	0
loo	SNU703	SNU703	chr22	BFB	0.0147774424403905	0.4799999892711639	0	0	0.0	0	0	-0.4652225468307734	0	0	0.11365913338594591	0
loo	SNU703	SNU703	chr22	chromothripsis	0.0242253839969635	0.6600000262260437	0	0	0.0	0	0	-0.6357746422290802	0	0	0.2340909840453563	0
loo	SNU703	SNU703	chr22	ecDNA	0.0096487812697887	0.1099999994039535	0	0	0.0	0	0	-0.1003512181341648	0	0	0.129331939428042	0
loo	SNU703	SNU703	chr22	seismic_amplification	0.0155065590515732	0.3700000047683716	0	0	0.0	0	0	-0.35449344571679836	0	0	0.15802287576054588	0
loo	SNU703	SNU703	chr3	BFB	0.0281574036926031	0.4799999892711639	0	0	0.0	0	0	-0.4518425855785608	0	0	0.12026005115124895	0
loo	SNU703	SNU703	chr3	chromothripsis	0.0287934932857751	0.6600000262260437	0	0	0.0	0	0	-0.6312065329402686	0	0	0.23802688336336453	0
loo	SNU703	SNU703	chr3	ecDNA	0.0081226145848631	0.1099999994039535	0	0	0.0	0	0	-0.1018773848190904	0	0	0.1285130574493557	0
loo	SNU703	SNU703	chr3	seismic_amplification	0.0113866422325372	0.3700000047683716	0	0	0.0	0	0	-0.35861336253583437	0	0	0.155421421669784	0
loo	SNU703	SNU703	chr4	BFB	0.0125901466235518	0.4799999892711639	0	0	0.0	0	0	-0.4674098426476121	0	0	0.11261057196801817	0
loo	SNU703	SNU703	chr4	chromothripsis	0.0277310889214277	0.6600000262260437	0	0	0.0	0	0	-0.632268937304616	0	0	0.23710746632077917	0
loo	SNU703	SNU703	chr4	ecDNA	0.0082770092412829	0.1099999994039535	0	0	0.0	0	0	-0.1017229901626706	0	0	0.1285956982519299	0
loo	SNU703	SNU703	chr4	seismic_amplification	0.0098974658176302	0.3700000047683716	0	0	0.0	0	0	-0.3601025389507414	0	0	0.15448974137693633	0
loo	SNU703	SNU703	chr5	BFB	0.0128334714099764	0.4799999892711639	0	0	0.0	0	0	-0.46716651786118746	0	0	0.11272679988763254	0
loo	SNU703	SNU703	chr5	chromothripsis	0.0256613120436668	0.6600000262260437	0	0	0.0	0	0	-0.6343387141823769	0	0	0.23532329686590042	0
loo	SNU703	SNU703	chr5	ecDNA	0.0066278539597988	0.1099999994039535	0	0	0.0	0	0	-0.1033721454441547	0	0	0.12771531561593516	0
loo	SNU703	SNU703	chr5	seismic_amplification	0.0100081171840429	0.3700000047683716	0	0	0.0	0	0	-0.3599918875843287	0	0	0.15455881142311256	0
loo	SNU703	SNU703	chr6	BFB	0.0236388929188251	0.4799999892711639	0	0	0.0	0	0	-0.4563610963523388	0	0	0.11799465844985885	0
loo	SNU703	SNU703	chr6	chromothripsis	0.0149229960516095	0.6600000262260437	0	0	0.0	0	0	-0.6450770301744342	0	0	0.2262165715988021	0
loo	SNU703	SNU703	chr6	ecDNA	0.0059492159634828	0.1099999994039535	0	0	0.0	0	0	-0.1040507834404707	0	0	0.12735452917845017	0
loo	SNU703	SNU703	chr6	seismic_amplification	0.0100226076319813	0.3700000047683716	0	0	0.0	0	0	-0.35997739713639026	0	0	0.15456785842080345	0
loo	SNU703	SNU703	chr7	BFB	0.0174394529312849	0.4799999892711639	0	0	0.0	0	0	-0.462560536339879	0	0	0.11494674056949358	0
loo	SNU703	SNU703	chr7	chromothripsis	0.0234047900885343	0.6600000262260437	0	0	0.0	0	0	-0.6365952361375093	0	0	0.2333887656933872	0
loo	SNU703	SNU703	chr7	ecDNA	0.0040588015690445	0.1099999994039535	0	0	0.0	0	0	-0.10594119783490899	0	0	0.1263541097337654	0
loo	SNU703	SNU703	chr7	seismic_amplification	0.0083155818283557	0.3700000047683716	0	0	0.0	0	0	-0.3616844229400159	0	0	0.15350506487283683	0
loo	SNU703	SNU703	chr8	BFB	0.0474261939525604	0.4799999892711639	0	0	0.0	0	0	-0.4325737953186035	0	0	0.13034566656656693	0
loo	SNU703	SNU703	chr8	chromothripsis	0.1222510263323783	0.6600000262260437	0	0	0.0	0	0	-0.5377489998936654	0	0	0.3280541864265273	0
loo	SNU703	SNU703	chr8	ecDNA	0.0105208521708846	0.1099999994039535	0	0	0.0	0	0	-0.0994791472330689	0	0	0.1298018507855691	0
loo	SNU703	SNU703	chr8	seismic_amplification	0.0154223004356026	0.3700000047683716	0	0	0.0	0	0	-0.354577704332769	0	0	0.1579693195435092	0
loo	SNU703	SNU703	chr9	BFB	0.033242754638195	0.4799999892711639	0	0	0.0	0	0	-0.4467572346329689	0	0	0.12285444461596101	0
loo	SNU703	SNU703	chr9	chromothripsis	0.2644228339195251	0.6600000262260437	0	0	0.0	0	0	-0.3955771923065186	0	0	0.4905713006904809	0
loo	SNU703	SNU703	chr9	ecDNA	0.0412726290524005	0.1099999994039535	0	0	0.0	0	0	-0.06872737035155299	0	0	0.1473191979508555	0
loo	SNU703	SNU703	chr9	seismic_amplification	0.029192004352808	0.3700000047683716	0	0	0.0	0	0	-0.3408080004155636	0	0	0.16691852276632163	0
loo	SNU703	SNU703	chrX	BFB	0.0233886428177356	0.4799999892711639	0	0	0.0	0	0	-0.45661134645342827	0	0	0.11787028016482083	0
loo	SNU703	SNU703	chrX	chromothripsis	0.0307327937334775	0.6600000262260437	0	0	0.0	0	0	-0.6292672324925662	0	0	0.23971148892480235	0
loo	SNU703	SNU703	chrX	ecDNA	0.0126328459009528	0.1099999994039535	0	1	0.0	0	0	-0.0973671535030007	0	0	0.13094590991380067	0
loo	SNU703	SNU703	chrX	seismic_amplification	0.0157504547387361	0.3700000047683716	0	0	0.0	0	0	-0.3542495500296355	0	0	0.15817798316816367	0
loo	SNU778	SNU778	chr1	BFB	0.0346380919218063	0.3499999940395355	0	0	0.0	0	0	-0.31536190211772924	0	0	0.1492468402763334	0
loo	SNU778	SNU778	chr1	chromothripsis	0.0928040742874145	0.6700000166893005	0	0	0.0	0	0	-0.577195942401886	0	0	0.28299603914948207	0
loo	SNU778	SNU778	chr1	ecDNA	0.1172229051589965	0.2000000029802322	0	0	0.0	0	0	-0.08277709782123571	0	0	0.24270389851106394	0
loo	SNU778	SNU778	chr1	seismic_amplification	0.0529918111860752	0.8100000023841858	0	0	0.0	0	0	-0.7570081911981106	0	0	0.09844239678895818	0
loo	SNU778	SNU778	chr10	BFB	0.0778689607977867	0.3499999940395355	0	0	0.0	0	0	-0.2721310332417488	0	0	0.1773492323576739	0
loo	SNU778	SNU778	chr10	chromothripsis	0.1693173497915268	0.6700000166893005	0	0	0.0	0	0	-0.5006826668977737	0	0	0.36242365925272535	0
loo	SNU778	SNU778	chr10	ecDNA	0.1216554418206214	0.2000000029802322	0	0	0.0	0	0	-0.07834456115961082	0	0	0.24660916372281624	0
loo	SNU778	SNU778	chr10	seismic_amplification	0.0400530695915222	0.8100000023841858	0	0	0.0	0	0	-0.7699469327926636	0	0	0.0931015440196906	0
loo	SNU778	SNU778	chr11	BFB	0.5610650181770325	0.3499999940395355	1	1	0.0	0	1	0.21106502413749695	1	0	0.683368885451279	0
loo	SNU778	SNU778	chr11	chromothripsis	0.2273704707622528	0.6700000166893005	0	0	0.0	0	0	-0.44262954592704773	0	0	0.4284731553639522	0
loo	SNU778	SNU778	chr11	ecDNA	0.3861810564994812	0.2000000029802322	1	0	0.0	0	1	0.186181053519249	1	0	0.5360337745796732	0
loo	SNU778	SNU778	chr11	seismic_amplification	0.1254771798849105	0.8100000023841858	0	0	0.0	0	0	-0.6845228224992753	0	0	0.13364963391455212	0
loo	SNU778	SNU778	chr12	BFB	0.0402496755123138	0.3499999940395355	0	0	0.0	0	0	-0.30975031852722174	0	0	0.15267583487730624	0
loo	SNU778	SNU778	chr12	chromothripsis	0.1188045516610145	0.6700000166893005	0	0	0.0	0	0	-0.551195465028286	0	0	0.30881025346338054	0
loo	SNU778	SNU778	chr12	ecDNA	0.121165819466114	0.2000000029802322	0	0	0.0	0	0	-0.07883418351411821	0	0	0.24617571484689604	0
loo	SNU778	SNU778	chr12	seismic_amplification	0.0448232367634773	0.8100000023841858	0	0	0.0	0	0	-0.7651767656207085	0	0	0.095039625257386	0
loo	SNU778	SNU778	chr13	BFB	0.0286201536655426	0.3499999940395355	0	0	0.0	0	0	-0.3213798403739929	0	0	0.14564037018718662	0
loo	SNU778	SNU778	chr13	chromothripsis	0.103482961654663	0.6700000166893005	0	0	0.0	0	0	-0.5665170550346376	0	0	0.2934399251343491	0
loo	SNU778	SNU778	chr13	ecDNA	0.0935898870229721	0.2000000029802322	0	0	0.0	0	0	-0.1064101159572601	0	0	0.22259870826819675	0
loo	SNU778	SNU778	chr13	seismic_amplification	0.0440766736865043	0.8100000023841858	0	0	0.0	0	0	-0.7659233286976815	0	0	0.09473393690252456	0
loo	SNU778	SNU778	chr14	BFB	0.043497834354639	0.3499999940395355	0	0	0.0	0	0	-0.3065021596848965	0	0	0.15468999862281163	0
loo	SNU778	SNU778	chr14	chromothripsis	0.1306653171777725	0.6700000166893005	0	0	0.0	0	0	-0.539334699511528	0	0	0.3210088466065164	0
loo	SNU778	SNU778	chr14	ecDNA	0.1204470470547676	0.2000000029802322	0	0	0.0	0	0	-0.07955295592546462	0	0	0.24554033590081922	0
loo	SNU778	SNU778	chr14	seismic_amplification	0.0500196516513824	0.8100000023841858	0	0	0.0	0	0	-0.7599803507328033	0	0	0.09719190611175604	0
loo	SNU778	SNU778	chr15	BFB	0.0516557544469833	0.3499999940395355	0	0	0.0	0	0	-0.29834423959255224	0	0	0.15984440469472744	0
loo	SNU778	SNU778	chr15	chromothripsis	0.1235356777906417	0.6700000166893005	0	0	0.0	0	0	-0.5464643388986589	0	0	0.3136454719313223	0
loo	SNU778	SNU778	chr15	ecDNA	0.1366111189126968	0.2000000029802322	0	0	0.0	0	0	-0.0633888840675354	0	0	0.2600947806636382	0
loo	SNU778	SNU778	chr15	seismic_amplification	0.0499983690679073	0.8100000023841858	0	0	0.0	0	0	-0.7600016333162785	0	0	0.09718300311439254	0
loo	SNU778	SNU778	chr16	BFB	0.0311594400554895	0.3499999940395355	0	0	0.0	0	0	-0.31884055398404604	0	0	0.14715323492413196	0
loo	SNU778	SNU778	chr16	chromothripsis	0.1220248937606811	0.6700000166893005	0	0	0.0	0	0	-0.5479751229286194	0	0	0.31209697772976047	0
loo	SNU778	SNU778	chr16	ecDNA	0.1112835705280304	0.2000000029802322	0	0	0.0	0	0	-0.08871643245220182	0	0	0.23753732193811813	0
loo	SNU778	SNU778	chr16	seismic_amplification	0.0486650690436363	0.8100000023841858	0	0	0.0	0	0	-0.7613349333405495	0	0	0.09662670197602437	0
loo	SNU778	SNU778	chr17	BFB	0.0399162843823432	0.3499999940395355	0	0	0.0	0	0	-0.31008370965719234	0	0	0.15247032237007518	0
loo	SNU778	SNU778	chr17	chromothripsis	0.1158210113644599	0.6700000166893005	0	0	0.0	0	0	-0.5541790053248407	0	0	0.30578237653958923	0
loo	SNU778	SNU778	chr17	ecDNA	0.1016924604773521	0.2000000029802322	0	0	0.0	0	0	-0.09830754250288011	0	0	0.22935517182461385	0
loo	SNU778	SNU778	chr17	seismic_amplification	0.0452416166663169	0.8100000023841858	0	0	0.0	0	0	-0.7647583857178689	0	0	0.0952113211899855	0
loo	SNU778	SNU778	chr18	BFB	0.0365008413791656	0.3499999940395355	0	0	0.0	0	0	-0.31349915266036993	0	0	0.15037798806273395	0
loo	SNU778	SNU778	chr18	chromothripsis	0.1605835855007171	0.6700000166893005	0	0	0.0	0	0	-0.5094164311885834	0	0	0.3528580834960074	0
loo	SNU778	SNU778	chr18	ecDNA	0.0962840020656585	0.2000000029802322	0	0	0.0	0	0	-0.10371600091457371	0	0	0.22482936297578046	0
loo	SNU778	SNU778	chr18	seismic_amplification	0.0388176254928112	0.8100000023841858	0	0	0.0	0	0	-0.7711823768913746	0	0	0.09260540672783824	0
loo	SNU778	SNU778	chr19	BFB	0.0362784415483474	0.3499999940395355	0	0	0.0	0	0	-0.3137215524911881	0	0	0.15024256657670498	0
loo	SNU778	SNU778	chr19	chromothripsis	0.1229755952954292	0.6700000166893005	0	0	0.0	0	0	-0.5470244213938713	0	0	0.31307092261246977	0
loo	SNU778	SNU778	chr19	ecDNA	0.1228218451142311	0.2000000029802322	0	0	0.0	0	0	-0.07717815786600112	0	0	0.24764381420718745	0
loo	SNU778	SNU778	chr19	seismic_amplification	0.0474766939878463	0.8100000023841858	0	0	0.0	0	0	-0.7625233083963395	0	0	0.09613326752215345	0
loo	SNU778	SNU778	chr2	BFB	0.0292030554264783	0.3499999940395355	0	0	0.0	0	0	-0.32079693861305725	0	0	0.14598650843154481	0
loo	SNU778	SNU778	chr2	chromothripsis	0.0978130474686622	0.6700000166893005	0	0	0.0	0	0	-0.5721869692206383	0	0	0.287866728857882	0
loo	SNU778	SNU778	chr2	ecDNA	0.0906007811427116	0.2000000029802322	0	0	0.0	0	0	-0.10939922183752061	0	0	0.22014234557097692	0
loo	SNU778	SNU778	chr2	seismic_amplification	0.0448975041508674	0.8100000023841858	0	0	0.0	0	0	-0.7651024982333184	0	0	0.09507008307656456	0
loo	SNU778	SNU778	chr20	BFB	0.142531007528305	0.3499999940395355	0	0	0.0	0	0	-0.20746898651123052	0	0	0.22686034437087405	0
loo	SNU778	SNU778	chr20	chromothripsis	0.1551174968481063	0.6700000166893005	0	0	0.0	0	0	-0.5148825198411943	0	0	0.34693028072841414	0
loo	SNU778	SNU778	chr20	ecDNA	0.1930115669965744	0.2000000029802322	0	0	0.0	0	0	-0.006988435983657809	0	0	0.3150577538981858	0
loo	SNU778	SNU778	chr20	seismic_amplification	0.0802599117159843	0.8100000023841858	0	0	0.0	0	0	-0.7297400906682014	0	0	0.11059796440579575	0
loo	SNU778	SNU778	chr21	BFB	0.0411678217351436	0.3499999940395355	0	0	0.0	0	0	-0.3088321723043919	0	0	0.15324298228699956	0
loo	SNU778	SNU778	chr21	chromothripsis	0.1049319878220558	0.6700000166893005	0	0	0.0	0	0	-0.5650680288672447	0	0	0.2948743145972117	0
loo	SNU778	SNU778	chr21	ecDNA	0.112827718257904	0.2000000029802322	0	0	0.0	0	0	-0.08717228472232821	0	0	0.23887324487411823	0
loo	SNU778	SNU778	chr21	seismic_amplification	0.0492780655622482	0.8100000023841858	0	0	0.0	0	0	-0.7607219368219376	0	0	0.09688211232690558	0
loo	SNU778	SNU778	chr22	BFB	0.0300086066126823	0.3499999940395355	0	0	0.0	0	0	-0.31999138742685324	0	0	0.14646598241068526	0
loo	SNU778	SNU778	chr22	chromothripsis	0.0936624929308891	0.6700000166893005	0	0	0.0	0	0	-0.5763375237584114	0	0	0.2838272102394972	0
loo	SNU778	SNU778	chr22	ecDNA	0.0957525894045829	0.2000000029802322	0	0	0.0	0	0	-0.10424741357564932	0	0	0.224388114270668	0
loo	SNU778	SNU778	chr22	seismic_amplification	0.051541194319725	0.8100000023841858	0	0	0.0	0	0	-0.7584588080644608	0	0	0.097830291237972	0
loo	SNU778	SNU778	chr3	BFB	0.1060045585036277	0.3499999940395355	0	0	0.0	0	0	-0.24399543553590783	0	0	0.19777322005663597	0
loo	SNU778	SNU778	chr3	chromothripsis	0.4883269965648651	0.6700000166893005	0	0	0.0	0	0	-0.18167302012443542	0	0	0.7223333155895441	0
loo	SNU778	SNU778	chr3	ecDNA	0.1301738619804382	0.2000000029802322	0	0	0.0	0	0	-0.069826140999794	0	0	0.254232144818438	0
loo	SNU778	SNU778	chr3	seismic_amplification	0.0721260160207748	0.8100000023841858	0	0	0.0	0	0	-0.737873986363411	0	0	0.10684058403959433	0
loo	SNU778	SNU778	chr4	BFB	0.0440344363451004	0.3499999940395355	0	0	0.0	0	0	-0.3059655576944351	0	0	0.15502482388998653	0
loo	SNU778	SNU778	chr4	chromothripsis	0.08597993850708	0.6700000166893005	0	0	0.0	0	0	-0.5840200781822206	0	0	0.27644122791293907	0
loo	SNU778	SNU778	chr4	ecDNA	0.1078110635280609	0.2000000029802322	0	0	0.0	0	0	-0.09218893945217131	0	0	0.23455190649153967	0
loo	SNU778	SNU778	chr4	seismic_amplification	0.0399149507284164	0.8100000023841858	0	0	0.0	0	0	-0.7700850516557693	0	0	0.09304595918982	0
loo	SNU778	SNU778	chr5	BFB	0.0821518301963806	0.3499999940395355	0	0	0.0	0	0	-0.2678481638431549	0	0	0.18034797562828195	0
loo	SNU778	SNU778	chr5	chromothripsis	0.1275035440921783	0.6700000166893005	0	0	0.0	0	0	-0.5424964725971222	0	0	0.31773214038579095	0
loo	SNU778	SNU778	chr5	ecDNA	0.1624574214220047	0.2000000029802322	0	0	0.0	0	0	-0.03754258155822751	0	0	0.28449967543841564	0
loo	SNU778	SNU778	chr5	seismic_amplification	0.1160321459174156	0.8100000023841858	0	0	0.0	0	0	-0.6939678564667702	0	0	0.12852113001424278	0
loo	SNU778	SNU778	chr6	BFB	0.082938477396965	0.3499999940395355	0	0	0.0	0	0	-0.2670615166425705	0	0	0.18090304255137948	0
loo	SNU778	SNU778	chr6	chromothripsis	0.2674247920513153	0.6700000166893005	0	0	0.0	0	0	-0.40257522463798523	0	0	0.47573944195827855	0
loo	SNU778	SNU778	chr6	ecDNA	0.1342411786317825	0.2000000029802322	0	0	0.0	0	0	-0.06575882434844971	0	0	0.2579262329589364	0
loo	SNU778	SNU778	chr6	seismic_amplification	0.0420808345079422	0.8100000023841858	0	0	0.0	0	0	-0.7679191678762436	0	0	0.09392103775914845	0
loo	SNU778	SNU778	chr7	BFB	0.0249629169702529	0.3499999940395355	0	0	0.0	0	0	-0.32503707706928264	0	0	0.14348414762156847	0
loo	SNU778	SNU778	chr7	chromothripsis	0.096288301050663	0.6700000166893005	0	0	0.0	0	0	-0.5737117156386375	0	0	0.28637879590740173	0
loo	SNU778	SNU778	chr7	ecDNA	0.0934102982282638	0.2000000029802322	0	0	0.0	0	0	-0.10658970475196841	0	0	0.22245057654536768	0
loo	SNU778	SNU778	chr7	seismic_amplification	0.0435732267796993	0.8100000023841858	0	0	0.0	0	0	-0.7664267756044865	0	0	0.09452829237872416	0
loo	SNU778	SNU778	chr8	BFB	0.0425249114632606	0.3499999940395355	0	0	0.0	0	0	-0.3074750825762749	0	0	0.15408442782544823	0
loo	SNU778	SNU778	chr8	chromothripsis	0.0933054983615875	0.6700000166893005	0	0	0.0	0	0	-0.576694518327713	0	0	0.2834813682707065	0
loo	SNU778	SNU778	chr8	ecDNA	0.1125216782093048	0.2000000029802322	0	0	0.0	0	0	-0.08747832477092742	0	0	0.23860806451698974	0
loo	SNU778	SNU778	chr8	seismic_amplification	0.0533514432609081	0.8100000023841858	0	0	0.0	0	0	-0.7566485591232777	0	0	0.09859467480042809	0
loo	SNU778	SNU778	chr9	BFB	0.0465448312461376	0.3499999940395355	0	0	0.0	0	0	-0.3034551627933979	0	0	0.15659910763298596	0
loo	SNU778	SNU778	chr9	chromothripsis	0.0949117094278335	0.6700000166893005	0	0	0.0	0	0	-0.575088307261467	0	0	0.28503940355662555	0
loo	SNU778	SNU778	chr9	ecDNA	0.1116654649376869	0.2000000029802322	0	0	0.0	0	0	-0.0883345380425453	0	0	0.2378672394145661	0
loo	SNU778	SNU778	chr9	seismic_amplification	0.0546176172792911	0.8100000023841858	0	0	0.0	0	0	-0.7553823851048946	0	0	0.09913247802118895	0
loo	SNU778	SNU778	chrX	BFB	0.0502106212079525	0.3499999940395355	0	0	0.0	0	0	-0.299789372831583	0	0	0.15892130032017088	0
loo	SNU778	SNU778	chrX	chromothripsis	0.1216527298092842	0.6700000166893005	0	0	0.0	0	0	-0.5483472868800163	0	0	0.3117161660103045	0
loo	SNU778	SNU778	chrX	ecDNA	0.1138765141367912	0.2000000029802322	0	0	0.0	0	0	-0.08612348884344101	0	0	0.2397835481442369	0
loo	SNU778	SNU778	chrX	seismic_amplification	0.0466116815805435	0.8100000023841858	0	0	0.0	0	0	-0.7633883208036423	0	0	0.09577551625069984	0
loo	SNU902	SNU902	chr1	BFB	0.0571420863270759	0.4099999964237213	0	0	0.0	0	0	-0.3528579100966454	0	0	0.15001195283443705	0
loo	SNU902	SNU902	chr1	chromothripsis	0.1602617353200912	0.6200000047683716	0	0	0.0	0	0	-0.4597382694482804	0	0	0.3651684980137386	0
loo	SNU902	SNU902	chr1	ecDNA	0.0631721243262291	0.4399999976158142	0	0	0.0	0	0	-0.3768278732895851	0	0	0.11484148262810151	0
loo	SNU902	SNU902	chr1	seismic_amplification	0.0528609119355678	0.8500000238418579	0	0	0.0	0	0	-0.79713911190629	0	0	0.07140309861612688	0
loo	SNU902	SNU902	chr10	BFB	0.2195929735898971	0.4099999964237213	0	0	0.0	0	0	-0.1904070228338242	0	0	0.28433101650780657	0
loo	SNU902	SNU902	chr10	chromothripsis	0.2466839402914047	0.6200000047683716	0	1	0.0	0	0	-0.37331606447696686	0	0	0.4697049049908545	0
loo	SNU902	SNU902	chr10	ecDNA	0.0859183743596077	0.4399999976158142	0	0	0.0	0	0	-0.3540816232562065	0	0	0.12690580259383372	0
loo	SNU902	SNU902	chr10	seismic_amplification	0.0747355297207832	0.8500000238418579	0	0	0.0	0	0	-0.7752644941210747	0	0	0.07899567884324725	0
loo	SNU902	SNU902	chr11	BFB	0.0908689424395561	0.4099999964237213	0	0	0.0	0	0	-0.3191310539841652	0	0	0.1727810153235712	0
loo	SNU902	SNU902	chr11	chromothripsis	0.0711966231465339	0.6200000047683716	0	0	0.0	0	0	-0.5488033816218377	0	0	0.269359710813663	0
loo	SNU902	SNU902	chr11	ecDNA	0.0737630426883697	0.4399999976158142	0	0	0.0	0	0	-0.3662369549274445	0	0	0.12032953915086941	0
loo	SNU902	SNU902	chr11	seismic_amplification	0.0861402750015258	0.8500000238418579	0	0	0.0	0	0	-0.7638597488403321	0	0	0.08324090754312964	0
loo	SNU902	SNU902	chr12	BFB	0.021404430270195	0.4099999964237213	0	0	0.0	0	0	-0.3885955661535263	0	0	0.12864263112412877	0
loo	SNU902	SNU902	chr12	chromothripsis	0.0658857300877571	0.6200000047683716	0	0	0.0	0	0	-0.5541142746806145	0	0	0.26417102096609124	0
loo	SNU902	SNU902	chr12	ecDNA	0.0334059335291385	0.4399999976158142	0	0	0.0	0	0	-0.4065940640866757	0	0	0.10057123017722558	0
loo	SNU902	SNU902	chr12	seismic_amplification	0.026972347870469	0.8500000238418579	0	0	0.0	0	0	-0.8230276759713889	0	0	0.06329010077441782	0
loo	SNU902	SNU902	chr13	BFB	0.0516124777495861	0.4099999964237213	0	0	0.0	0	0	-0.3583875186741352	0	0	0.1465241174192399	0
loo	SNU902	SNU902	chr13	chromothripsis	0.0758541151881218	0.6200000047683716	0	0	0.0	0	0	-0.5441458895802498	0	0	0.2739626311268984	0
loo	SNU902	SNU902	chr13	ecDNA	0.0450290106236934	0.4399999976158142	0	0	0.0	0	0	-0.3949709869921208	0	0	0.10594593579567813	0
loo	SNU902	SNU902	chr13	seismic_amplification	0.0375649333000183	0.8500000238418579	0	0	0.0	0	0	-0.8124350905418396	0	0	0.06650021115839307	0
loo	SNU902	SNU902	chr14	BFB	0.0242102183401584	0.4099999964237213	0	0	0.0	0	0	-0.3857897780835629	0	0	0.13022178107957394	0
loo	SNU902	SNU902	chr14	chromothripsis	0.0287966411560773	0.6200000047683716	0	0	0.0	0	0	-0.5912033636122943	0	0	0.22976157984293835	0
loo	SNU902	SNU902	chr14	ecDNA	0.0254703499376773	0.4399999976158142	0	0	0.0	0	0	-0.41452964767813694	0	0	0.0970420840155339	0
loo	SNU902	SNU902	chr14	seismic_amplification	0.0272236168384552	0.8500000238418579	0	0	0.0	0	0	-0.8227764070034027	0	0	0.06336454757900434	0
loo	SNU902	SNU902	chr15	BFB	0.048111792653799	0.4099999964237213	0	0	0.0	0	0	-0.3618882037699223	0	0	0.1443509425438455	0
loo	SNU902	SNU902	chr15	chromothripsis	0.2009489238262176	0.6200000047683716	0	0	0.0	0	0	-0.419051080942154	0	0	0.4134378077568868	0
loo	SNU902	SNU902	chr15	ecDNA	0.057461243122816	0.4399999976158142	0	0	0.0	0	0	-0.38253875449299823	0	0	0.11197349929052536	0
loo	SNU902	SNU902	chr15	seismic_amplification	0.0337666124105453	0.8500000238418579	0	0	0.0	0	0	-0.8162334114313126	0	0	0.06533209238885392	0
loo	SNU902	SNU902	chr16	BFB	0.5196316242218018	0.4099999964237213	1	0	0.6837011575698853	1	1	0.10963162779808044	1	1	0.9331407244207768	1
loo	SNU902	SNU902	chr16	chromothripsis	0.053433746099472	0.6200000047683716	0	0	0.0	0	0	-0.5665662586688995	0	0	0.25225950418705745	0
loo	SNU902	SNU902	chr16	ecDNA	0.1434599757194519	0.4399999976158142	0	0	0.5207691192626953	1	0	-0.2965400218963623	1	0	0.5717062668278683	0
loo	SNU902	SNU902	chr16	seismic_amplification	0.0661484450101852	0.8500000238418579	0	0	0.0	0	0	-0.7838515788316727	0	0	0.07593088504068994	0
loo	SNU902	SNU902	chr17	BFB	0.0505406372249126	0.4099999964237213	0	0	0.0	0	0	-0.3594593591988087	0	0	0.1458558709446377	0
loo	SNU902	SNU902	chr17	chromothripsis	0.2391678541898727	0.6200000047683716	0	0	0.0	0	0	-0.3808321505784989	0	0	0.4603655236879997	0
loo	SNU902	SNU902	chr17	ecDNA	0.0678826496005058	0.4399999976158142	0	0	0.0	0	0	-0.3721173480153084	0	0	0.11725500241433784	0
loo	SNU902	SNU902	chr17	seismic_amplification	0.0438203662633895	0.8500000238418579	0	0	0.0	0	0	-0.8061796575784684	0	0	0.0684663298430064	0
loo	SNU902	SNU902	chr18	BFB	0.0208658054471015	0.4099999964237213	0	0	0.0	0	0	-0.38913419097661983	0	0	0.1283413569506053	0
loo	SNU902	SNU902	chr18	chromothripsis	0.0420740880072116	0.6200000047683716	0	0	0.0	0	0	-0.57792591676116	0	0	0.24170799104738014	0
loo	SNU902	SNU902	chr18	ecDNA	0.0277906116098165	0.4399999976158142	0	0	0.0	0	0	-0.4122093860059977	0	0	0.09806236763302228	0
loo	SNU902	SNU902	chr18	seismic_amplification	0.0293103586882352	0.8500000238418579	0	0	0.0	0	0	-0.8206896651536227	0	0	0.06398597583594945	0
loo	SNU902	SNU902	chr19	BFB	0.4578487575054168	0.4099999964237213	1	1	0.6791378259658813	1	1	0.0478487610816955	1	1	0.9108220824617844	0
loo	SNU902	SNU902	chr19	chromothripsis	0.3040399253368377	0.6200000047683716	0	0	0.0	0	0	-0.31596007943153387	0	0	0.5411962423124025	0
loo	SNU902	SNU902	chr19	ecDNA	0.1734872907400131	0.4399999976158142	0	1	0.0	0	0	-0.2665127068758011	0	0	0.18374184801319285	0
loo	SNU902	SNU902	chr19	seismic_amplification	0.130119040608406	0.8500000238418579	0	1	0.0	0	0	-0.7198809832334518	0	0	0.10161244407137528	0
loo	SNU902	SNU902	chr2	BFB	0.0283864084631204	0.4099999964237213	0	0	0.0	0	0	-0.3816135879606009	0	0	0.1326027170634063	0
loo	SNU902	SNU902	chr2	chromothripsis	0.0585186891257762	0.6200000047683716	0	0	0.0	0	0	-0.5614813156425954	0	0	0.25708043231824	0
loo	SNU902	SNU902	chr2	ecDNA	0.0344589501619339	0.4399999976158142	0	0	0.0	0	0	-0.4055410474538803	0	0	0.10104800838010734	0
loo	SNU902	SNU902	chr2	seismic_amplification	0.0303439442068338	0.8500000238418579	0	0	0.0	0	0	-0.8196560796350241	0	0	0.06429587439995266	0
loo	SNU902	SNU902	chr20	BFB	0.065621793270111	0.4099999964237213	0	0	0.0	0	0	-0.34437820315361034	0	0	0.15549305659647952	0
loo	SNU902	SNU902	chr20	chromothripsis	0.1244423016905784	0.6200000047683716	0	0	0.0	0	0	-0.4955577030777932	0	0	0.3247744548332239	0
loo	SNU902	SNU902	chr20	ecDNA	0.0508885458111763	0.4399999976158142	0	0	0.0	0	0	-0.3891114518046379	0	0	0.10875037502766137	0
loo	SNU902	SNU902	chr20	seismic_amplification	0.0383458547294139	0.8500000238418579	0	0	0.0	0	0	-0.811654169112444	0	0	0.06674276451099072	0
loo	SNU902	SNU902	chr21	BFB	0.0296259671449661	0.4099999964237213	0	0	0.0	0	0	-0.3803740292787552	0	0	0.1333164791507036	0
loo	SNU902	SNU902	chr21	chromothripsis	0.0475173071026802	0.6200000047683716	0	0	0.0	0	0	-0.5724826976656914	0	0	0.24672615956390193	0
loo	SNU902	SNU902	chr21	ecDNA	0.0341512151062488	0.4399999976158142	0	0	0.0	0	0	-0.4058487825095654	0	0	0.10090846695165949	0
loo	SNU902	SNU902	chr21	seismic_amplification	0.0315430499613285	0.8500000238418579	0	0	0.0	0	0	-0.8184569738805294	0	0	0.06465715190859815	0
loo	SNU902	SNU902	chr22	BFB	0.0670069009065628	0.4099999964237213	0	0	0.0	0	0	-0.3429930955171585	0	0	0.1564037257777999	0
loo	SNU902	SNU902	chr22	chromothripsis	0.1676962822675705	0.6200000047683716	0	0	0.0	0	0	-0.4523037225008011	0	0	0.37381945890247664	0
loo	SNU902	SNU902	chr22	ecDNA	0.0770522803068161	0.4399999976158142	0	0	0.0	0	0	-0.3629477173089981	0	0	0.12207948038014294	0
loo	SNU902	SNU902	chr22	seismic_amplification	0.0670965686440467	0.8500000238418579	0	0	0.0	0	0	-0.7829034551978112	0	0	0.07626384224219977	0
loo	SNU902	SNU902	chr3	BFB	0.0476214438676834	0.4099999964237213	0	0	0.0	0	0	-0.3623785525560379	0	0	0.14404868975743756	0
loo	SNU902	SNU902	chr3	chromothripsis	0.1351934373378753	0.6200000047683716	0	0	0.0	0	0	-0.48480656743049627	0	0	0.3366598591164173	0
loo	SNU902	SNU902	chr3	ecDNA	0.0365887247025966	0.4399999976158142	0	0	0.0	0	0	-0.4034112729132176	0	0	0.10201844938078883	0
loo	SNU902	SNU902	chr3	seismic_amplification	0.034783586859703	0.8500000238418579	0	0	0.0	0	0	-0.815216436982155	0	0	0.06564296412825964	0
loo	SNU902	SNU902	chr4	BFB	0.0319278612732887	0.4099999964237213	0	0	0.0	0	0	-0.3780721351504326	0	0	0.13465057813354323	0
loo	SNU902	SNU902	chr4	chromothripsis	0.0514152906835079	0.6200000047683716	0	0	0.0	0	0	-0.5685847140848637	0	0	0.2503625414539825	0
loo	SNU902	SNU902	chr4	ecDNA	0.05806365609169	0.4399999976158142	0	0	0.0	0	0	-0.3819363415241242	0	0	0.11227305030289406	0
loo	SNU902	SNU902	chr4	seismic_amplification	0.0621160753071308	0.8500000238418579	0	0	0.0	0	0	-0.7878839485347271	0	0	0.07452967491141795	0
loo	SNU902	SNU902	chr5	BFB	0.0256166812032461	0.4099999964237213	0	0	0.0	0	0	-0.3843833152204752	0	0	0.1310195489812599	0
loo	SNU902	SNU902	chr5	chromothripsis	0.0754005685448646	0.6200000047683716	0	0	0.0	0	0	-0.5445994362235069	0	0	0.2735122522592924	0
loo	SNU902	SNU902	chr5	ecDNA	0.0330165401101112	0.4399999976158142	0	0	0.0	0	0	-0.40698345750570303	0	0	0.10039542971767765	0
loo	SNU902	SNU902	chr5	seismic_amplification	0.0302037950605154	0.8500000238418579	0	0	0.0	0	0	-0.8197962287813425	0	0	0.06425377189741334	0
loo	SNU902	SNU902	chr6	BFB	0.1538400053977966	0.4099999964237213	0	0	0.0	0	0	-0.2561599910259247	0	0	0.22243899063175598	0
loo	SNU902	SNU902	chr6	chromothripsis	0.0308479070663452	0.6200000047683716	0	0	0.0	0	0	-0.5891520977020264	0	0	0.2315798280205055	0
loo	SNU902	SNU902	chr6	ecDNA	0.0557635203003883	0.4399999976158142	0	0	0.0	0	0	-0.38423647731542593	0	0	0.11113305883200747	0
loo	SNU902	SNU902	chr6	seismic_amplification	0.0377669930458068	0.8500000238418579	0	0	0.0	0	0	-0.8122330307960511	0	0	0.06656289207385353	0
loo	SNU902	SNU902	chr7	BFB	0.0555638410151004	0.4099999964237213	0	0	0.0	0	0	-0.3544361554086209	0	0	0.14900954920313503	0
loo	SNU902	SNU902	chr7	chromothripsis	0.0487011186778545	0.6200000047683716	0	0	0.0	0	0	-0.571298886090517	0	0	0.24782675715379485	0
loo	SNU902	SNU902	chr7	ecDNA	0.0494695007801055	0.4399999976158142	0	0	0.0	0	0	-0.39053049683570873	0	0	0.10806528122318378	0
loo	SNU902	SNU902	chr7	seismic_amplification	0.0457518473267555	0.8500000238418579	0	0	0.0	0	0	-0.8042481765151024	0	0	0.06908420793231988	0
loo	SNU902	SNU902	chr8	BFB	0.035642385482788	0.4099999964237213	0	0	0.0	0	0	-0.37435761094093334	0	0	0.1368271478099957	0
loo	SNU902	SNU902	chr8	chromothripsis	0.0743194296956062	0.6200000047683716	0	0	0.0	0	0	-0.5456805750727654	0	0	0.2724405283715444	0
loo	SNU902	SNU902	chr8	ecDNA	0.0435493551194667	0.4399999976158142	0	0	0.0	0	0	-0.39645064249634754	0	0	0.10524790914112353	0
loo	SNU902	SNU902	chr8	seismic_amplification	0.0393089801073074	0.8500000238418579	0	0	0.0	0	0	-0.8106910437345505	0	0	0.06704304142588736	0
loo	SNU902	SNU902	chr9	BFB	0.0472140498459339	0.4099999964237213	0	0	0.0	0	0	-0.3627859465777874	0	0	0.14379797108346012	0
loo	SNU902	SNU902	chr9	chromothripsis	0.0315759740769863	0.6200000047683716	0	0	0.0	0	0	-0.5884240306913853	0	0	0.23222760090322894	0
loo	SNU902	SNU902	chr9	ecDNA	0.0387006402015686	0.4399999976158142	0	0	0.0	0	0	-0.4012993574142456	0	0	0.10298890125077384	0
loo	SNU902	SNU902	chr9	seismic_amplification	0.03633439168334	0.8500000238418579	0	0	0.0	0	0	-0.813665632158518	0	0	0.06611966720874564	0
loo	SNU902	SNU902	chrX	BFB	0.020524526014924	0.4099999964237213	0	0	0.0	0	0	-0.3894754704087973	0	0	0.12815077740809064	0
loo	SNU902	SNU902	chrX	chromothripsis	0.0228408705443143	0.6200000047683716	0	0	0.0	0	0	-0.5971591342240573	0	0	0.2245393063043143	0
loo	SNU902	SNU902	chrX	ecDNA	0.021981231868267	0.4399999976158142	0	0	0.0	0	0	-0.4180187657475472	0	0	0.09552565746024191	0
loo	SNU902	SNU902	chrX	seismic_amplification	0.0238883607089519	0.8500000238418579	0	0	0.0	0	0	-0.826111663132906	0	0	0.062382987772099746	0
loo	SUIT	SUIT	chr1	BFB	0.0403856486082077	0.2899999916553497	0	0	0.0	0	0	-0.24961434304714197	0	0	0.17361199894920024	0
loo	SUIT	SUIT	chr1	chromothripsis	0.0849744230508804	0.5699999928474426	0	0	0.0	0	0	-0.4850255697965622	0	0	0.3135538040270498	0
loo	SUIT	SUIT	chr1	ecDNA	0.0251598805189132	0.4600000083446502	0	0	0.0	0	0	-0.434840127825737	0	0	0.10953626669806624	0
loo	SUIT	SUIT	chr1	seismic_amplification	0.0378903560340404	0.7400000095367432	0	0	0.0	0	0	-0.7021096535027027	0	0	0.101961028205423	0
loo	SUIT	SUIT	chr10	BFB	0.1883953511714935	0.2899999916553497	0	0	0.0	0	0	-0.10160464048385617	0	0	0.30242310099536296	0
loo	SUIT	SUIT	chr10	chromothripsis	0.4875806272029876	0.5699999928474426	0	0	0.0	0	0	-0.08241936564445501	0	0	0.7662147918075995	0
loo	SUIT	SUIT	chr10	ecDNA	0.1954146027565002	0.4600000083446502	0	0	0.0	0	0	-0.26458540558815	0	0	0.22060411950446637	0
loo	SUIT	SUIT	chr10	seismic_amplification	0.0684423968195915	0.7400000095367432	0	0	0.0	0	0	-0.6715576127171516	0	0	0.1164916401417175	0
loo	SUIT	SUIT	chr11	BFB	0.0767767652869224	0.2899999916553497	0	0	0.0	0	0	-0.21322322636842728	0	0	0.20066878487201928	0
loo	SUIT	SUIT	chr11	chromothripsis	0.0896544605493545	0.5699999928474426	0	0	0.0	0	0	-0.48034553229808813	0	0	0.31850521918718006	0
loo	SUIT	SUIT	chr11	ecDNA	0.0966183990240097	0.4600000083446502	0	0	0.0	0	0	-0.3633816093206405	0	0	0.1485875652156368	0
loo	SUIT	SUIT	chr11	seismic_amplification	0.0799949467182159	0.7400000095367432	0	0	0.0	0	0	-0.6600050628185272	0	0	0.12243878224466898	0
loo	SUIT	SUIT	chr12	BFB	0.206884503364563	0.2899999916553497	0	0	0.0	0	0	-0.08311548829078669	0	0	0.32184893430977	0
loo	SUIT	SUIT	chr12	chromothripsis	0.2331561148166656	0.5699999928474426	0	0	0.0	0	0	-0.33684387803077703	0	0	0.4854392943865589	0
loo	SUIT	SUIT	chr12	ecDNA	0.1516192257404327	0.4600000083446502	0	0	0.0	0	0	-0.30838078260421753	0	0	0.1859547804785338	0
loo	SUIT	SUIT	chr12	seismic_amplification	0.0620060116052627	0.7400000095367432	0	0	0.0	0	0	-0.6779939979314804	0	0	0.113288190161275	0
loo	SUIT	SUIT	chr13	BFB	0.0526781715452671	0.2899999916553497	0	0	0.0	0	0	-0.23732182011008257	0	0	0.18241450555858826	0
loo	SUIT	SUIT	chr13	chromothripsis	0.0562707222998142	0.5699999928474426	0	0	0.0	0	0	-0.5137292705476284	0	0	0.2841331010466976	0
loo	SUIT	SUIT	chr13	ecDNA	0.041821252554655	0.4600000083446502	0	0	0.0	0	0	-0.4181787557899952	0	0	0.11774757359780728	0
loo	SUIT	SUIT	chr13	seismic_amplification	0.0867184922099113	0.7400000095367432	0	0	0.0	0	0	-0.6532815173268318	0	0	0.12601897836334192	0
loo	SUIT	SUIT	chr14	BFB	0.0855661258101463	0.2899999916553497	0	0	0.0	0	0	-0.20443386584520337	0	0	0.20765829352516002	0
loo	SUIT	SUIT	chr14	chromothripsis	0.1424062997102737	0.5699999928474426	0	0	0.0	0	0	-0.42759369313716894	0	0	0.37696557164612426	0
loo	SUIT	SUIT	chr14	ecDNA	0.0615895874798297	0.4600000083446502	0	0	0.0	0	0	-0.39841042086482054	0	0	0.12817681039422527	0
loo	SUIT	SUIT	chr14	seismic_amplification	0.0714189484715461	0.7400000095367432	0	0	0.0	0	0	-0.6685810610651971	0	0	0.11799951807462856	0
loo	SUIT	SUIT	chr15	BFB	0.0637344792485237	0.2899999916553497	0	0	0.0	0	0	-0.22626551240682596	0	0	0.19062454976699517	0
loo	SUIT	SUIT	chr15	chromothripsis	0.0567143224179744	0.5699999928474426	0	0	0.0	0	0	-0.5132856704294683	0	0	0.2845749469987557	0
loo	SUIT	SUIT	chr15	ecDNA	0.0577180720865726	0.4600000083446502	0	0	0.0	0	0	-0.4022819362580776	0	0	0.12607410533392766	0
loo	SUIT	SUIT	chr15	seismic_amplification	0.073198452591896	0.7400000095367432	0	0	0.0	0	0	-0.6668015569448471	0	0	0.11890904255677545	0
loo	SUIT	SUIT	chr16	BFB	0.1545508354902267	0.2899999916553497	0	0	0.0	0	0	-0.13544915616512299	0	0	0.26865784480066435	0
loo	SUIT	SUIT	chr16	chromothripsis	0.5706480145454407	0.5699999928474426	1	0	0.0	0	1	0.0006480216979980469	1	0	0.8311283928482666	0
loo	SUIT	SUIT	chr16	ecDNA	0.2259410619735717	0.4600000083446502	0	0	0.0	0	0	-0.23405894637107852	0	0	0.24736172786323082	0
loo	SUIT	SUIT	chr16	seismic_amplification	0.3785786032676697	0.7400000095367432	0	0	0.0	0	0	-0.3614214062690735	0	0	0.37564538632440025	0
loo	SUIT	SUIT	chr17	BFB	0.2002067267894745	0.2899999916553497	0	0	0.0	0	0	-0.08979326486587519	0	0	0.3147568789422828	0
loo	SUIT	SUIT	chr17	chromothripsis	0.3435519635677337	0.5699999928474426	0	0	0.0	0	0	-0.22644802927970892	0	0	0.6182412278277496	0
loo	SUIT	SUIT	chr17	ecDNA	0.1327360570430755	0.4600000083446502	0	0	0.0	0	0	-0.3272639513015747	0	0	0.17236771278678656	0
loo	SUIT	SUIT	chr17	seismic_amplification	0.1020832434296608	0.7400000095367432	0	0	0.0	0	0	-0.6379167661070824	0	0	0.13453750214386767	0
loo	SUIT	SUIT	chr18	BFB	0.0677879005670547	0.2899999916553497	0	0	0.4298066198825836	1	0	-0.22221209108829498	1	0	0.5964171009849414	0
loo	SUIT	SUIT	chr18	chromothripsis	0.1015025973320007	0.5699999928474426	0	0	0.0	0	0	-0.4684973955154419	0	0	0.3312233463547421	0
loo	SUIT	SUIT	chr18	ecDNA	0.0814621523022651	0.4600000083446502	0	0	0.0	0	0	-0.3785378560423851	0	0	0.13944506392639697	0
loo	SUIT	SUIT	chr18	seismic_amplification	0.1392324268817901	0.7400000095367432	0	0	0.0	0	0	-0.600767582654953	0	0	0.15714992756867438	0
loo	SUIT	SUIT	chr19	BFB	0.0307596996426582	0.2899999916553497	0	0	0.0	0	0	-0.2592402920126915	0	0	0.16695586396710563	0
loo	SUIT	SUIT	chr19	chromothripsis	0.0530975572764873	0.5699999928474426	0	0	0.0	0	0	-0.5169024355709553	0	0	0.28098458356292466	0
loo	SUIT	SUIT	chr19	ecDNA	0.0329328663647174	0.4600000083446502	0	0	0.0	0	0	-0.4270671419799328	0	0	0.11330270333354017	0
loo	SUIT	SUIT	chr19	seismic_amplification	0.0522569492459297	0.7400000095367432	0	0	0.0	0	0	-0.6877430602908134	0	0	0.10858243123486355	0
loo	SUIT	SUIT	chr2	BFB	0.0432459712028503	0.2899999916553497	0	0	0.0	0	0	-0.2467540204524994	0	0	0.1756298187489022	0
loo	SUIT	SUIT	chr2	chromothripsis	0.0832633525133133	0.5699999928474426	0	0	0.0	0	0	-0.48673664033412933	0	0	0.31175398841977603	0
loo	SUIT	SUIT	chr2	ecDNA	0.0420169904828071	0.4600000083446502	0	0	0.0	0	0	-0.4179830178618431	0	0	0.11784713718643484	0
loo	SUIT	SUIT	chr2	seismic_amplification	0.0666110962629318	0.7400000095367432	0	0	0.0	0	0	-0.6733889132738113	0	0	0.11557226350927957	0
loo	SUIT	SUIT	chr20	BFB	0.0617596171796321	0.2899999916553497	0	0	0.0	0	0	-0.22824037447571757	0	0	0.1891376314346286	0
loo	SUIT	SUIT	chr20	chromothripsis	0.0606590025126934	0.5699999928474426	0	0	0.0	0	0	-0.5093409903347492	0	0	0.28852216304782746	0
loo	SUIT	SUIT	chr20	ecDNA	0.0522041283547878	0.4600000083446502	0	0	0.0	0	0	-0.40779587998986244	0	0	0.12313037812084138	0
loo	SUIT	SUIT	chr20	seismic_amplification	0.1264388412237167	0.7400000095367432	0	0	0.0	0	0	-0.6135611683130264	0	0	0.14903257799062836	0
loo	SUIT	SUIT	chr21	BFB	0.0832545384764671	0.2899999916553497	0	0	0.0	0	0	-0.20674545317888257	0	0	0.20580281884178198	0
loo	SUIT	SUIT	chr21	chromothripsis	0.0738625973463058	0.5699999928474426	0	0	0.0	0	0	-0.49613739550113684	0	0	0.3019676868115366	0
loo	SUIT	SUIT	chr21	ecDNA	0.0727476626634597	0.4600000083446502	0	0	0.0	0	0	-0.3872523456811905	0	0	0.13440481181294675	0
loo	SUIT	SUIT	chr21	seismic_amplification	0.1394430696964264	0.7400000095367432	0	0	0.0	0	0	-0.6005569398403168	0	0	0.1572865387825827	0
loo	SUIT	SUIT	chr22	BFB	0.067865177989006	0.2899999916553497	0	0	0.0	0	0	-0.2221348136663437	0	0	0.19376349864164577	0
loo	SUIT	SUIT	chr22	chromothripsis	0.1394960582256317	0.5699999928474426	0	0	0.0	0	0	-0.4305039346218109	0	0	0.37362595479771726	0
loo	SUIT	SUIT	chr22	ecDNA	0.0573932453989982	0.4600000083446502	0	0	0.0	0	0	-0.402606762945652	0	0	0.12589903374195507	0
loo	SUIT	SUIT	chr22	seismic_amplification	0.0701665952801704	0.7400000095367432	0	0	0.0	0	0	-0.6698334142565727	0	0	0.1173630443882581	0
loo	SUIT	SUIT	chr3	BFB	0.054616030305624	0.2899999916553497	0	0	0.0	0	0	-0.23538396134972567	0	0	0.18383337783459444	0
loo	SUIT	SUIT	chr3	chromothripsis	0.0896830111742019	0.5699999928474426	0	0	0.0	0	0	-0.4803169816732407	0	0	0.3185355530278406	0
loo	SUIT	SUIT	chr3	ecDNA	0.0438781641423702	0.4600000083446502	0	0	0.0	0	0	-0.41612184420228	0	0	0.11879748594573572	0
loo	SUIT	SUIT	chr3	seismic_amplification	0.0685797110199928	0.7400000095367432	0	0	0.0	0	0	-0.6714202985167503	0	0	0.11656083192089887	0
loo	SUIT	SUIT	chr4	BFB	0.0364261753857135	0.2899999916553497	0	0	0.0	0	0	-0.25357381626963615	0	0	0.1708490627466083	0
loo	SUIT	SUIT	chr4	chromothripsis	0.0724236220121383	0.5699999928474426	0	0	0.0	0	0	-0.4975763708353043	0	0	0.3004851553881802	0
loo	SUIT	SUIT	chr4	ecDNA	0.0407923012971878	0.4600000083446502	0	0	0.0	0	0	-0.4192077070474624	0	0	0.11722538773100215	0
loo	SUIT	SUIT	chr4	seismic_amplification	0.0641307905316352	0.7400000095367432	0	0	0.0	0	0	-0.675869219005108	0	0	0.11433712572527942	0
loo	SUIT	SUIT	chr5	BFB	0.0833434909582138	0.2899999916553497	0	0	0.0	0	0	-0.20665650069713587	0	0	0.2058739918032711	0
loo	SUIT	SUIT	chr5	chromothripsis	0.0716574043035507	0.5699999928474426	0	0	0.0	0	0	-0.4983425885438919	0	0	0.29969744155176503	0
loo	SUIT	SUIT	chr5	ecDNA	0.0468578711152076	0.4600000083446502	0	0	0.0	0	0	-0.4131421372294426	0	0	0.12033278066919421	0
loo	SUIT	SUIT	chr5	seismic_amplification	0.0726374313235282	0.7400000095367432	0	0	0.0	0	0	-0.667362578213215	0	0	0.11862164563005377	0
loo	SUIT	SUIT	chr6	BFB	0.5231476426124573	0.2899999916553497	1	0	0.0	0	1	0.2331476509571076	1	0	0.6905538197541811	0
loo	SUIT	SUIT	chr6	chromothripsis	0.7949206829071045	0.5699999928474426	1	0	0.0	0	1	0.22492069005966187	1	0	0.9365161900521835	1
loo	SUIT	SUIT	chr6	ecDNA	0.1942357271909713	0.4600000083446502	0	0	0.0	0	0	-0.2657642811536789	0	0	0.2196136055960051	0
loo	SUIT	SUIT	chr6	seismic_amplification	0.0547257661819458	0.7400000095367432	0	0	0.0	0	0	-0.6852742433547974	0	0	0.1097576130120017	0
loo	SUIT	SUIT	chr7	BFB	0.0976975783705711	0.2899999916553497	0	0	0.0	0	0	-0.1923024132847786	0	0	0.21759795466672344	0
loo	SUIT	SUIT	chr7	chromothripsis	0.2290983349084854	0.5699999928474426	0	0	0.0	0	0	-0.3409016579389572	0	0	0.48047974904530194	0
loo	SUIT	SUIT	chr7	ecDNA	0.1504540592432022	0.4600000083446502	0	0	0.0	0	0	-0.309545949101448	0	0	0.18509301868378794	0
loo	SUIT	SUIT	chr7	seismic_amplification	0.1053524315357208	0.7400000095367432	0	0	0.0	0	0	-0.6346475780010223	0	0	0.13641159487813284	0
loo	SUIT	SUIT	chr8	BFB	0.7350407838821411	0.2899999916553497	1	1	0.886263370513916	1	1	0.44504079222679144	1	1	0.9824696235852343	1
loo	SUIT	SUIT	chr8	chromothripsis	0.4252776801586151	0.5699999928474426	0	0	0.7175899147987366	1	0	-0.14472231268882751	1	0	0.9493967260089169	1
loo	SUIT	SUIT	chr8	ecDNA	0.5210418701171875	0.4600000083446502	1	0	0.6395761370658875	1	1	0.06104186177253729	1	1	0.9103743363470097	0
loo	SUIT	SUIT	chr8	seismic_amplification	0.2049031108617782	0.7400000095367432	0	0	0.0	0	0	-0.5350968986749649	0	0	0.20454053057597987	0
loo	SUIT	SUIT	chr9	BFB	0.0398696474730968	0.2899999916553497	0	0	0.0	0	0	-0.2501303441822529	0	0	0.17324994108150432	0
loo	SUIT	SUIT	chr9	chromothripsis	0.0615059733390808	0.5699999928474426	0	0	0.0	0	0	-0.5084940195083618	0	0	0.289373910773548	0
loo	SUIT	SUIT	chr9	ecDNA	0.0591482669115066	0.4600000083446502	0	0	0.0	0	0	-0.4008517414331436	0	0	0.12684741583202636	0
loo	SUIT	SUIT	chr9	seismic_amplification	0.068204179406166	0.7400000095367432	0	0	0.0	0	0	-0.6717958301305772	0	0	0.11637168844330405	0
loo	SUIT	SUIT	chrX	BFB	0.0636389404535293	0.2899999916553497	0	0	0.0	0	0	-0.22636105120182037	0	0	0.19055241120757996	0
loo	SUIT	SUIT	chrX	chromothripsis	0.1166727691888809	0.5699999928474426	0	0	0.0	0	0	-0.4533272236585617	0	0	0.347872388145934	0
loo	SUIT	SUIT	chrX	ecDNA	0.1238950118422508	0.4600000083446502	0	0	0.0	0	0	-0.33610499650239944	0	0	0.16628163253331896	0
loo	SUIT	SUIT	chrX	seismic_amplification	0.1056810766458511	0.7400000095367432	0	0	0.0	0	0	-0.634318932890892	0	0	0.13660120474444185	0
loo	ScaBER	ScaBER	chr1	BFB	0.787440299987793	0.4900000095367431	1	1	0.9537121653556824	1	1	0.29744029045104986	1	1	0.9798877428634225	1
loo	ScaBER	ScaBER	chr1	chromothripsis	0.4756063520908355	0.5199999809265137	0	0	0.0	0	0	-0.044393628835678156	0	0	0.7740128281558211	0
loo	ScaBER	ScaBER	chr1	ecDNA	0.4436072707176208	0.4199999868869781	1	1	0.5331498980522156	1	1	0.0236072838306427	1	1	0.8656211391595731	0
loo	ScaBER	ScaBER	chr1	seismic_amplification	0.2466988861560821	0.8399999737739563	0	0	0.0	0	0	-0.5933010876178741	0	0	0.20973917582694293	0
loo	ScaBER	ScaBER	chr10	BFB	0.0424449741840362	0.4900000095367431	0	0	0.0	0	0	-0.4475550353527069	0	0	0.12885738947649722	0
loo	ScaBER	ScaBER	chr10	chromothripsis	0.0783883482217788	0.5199999809265137	0	0	0.0	0	0	-0.44161163270473486	0	0	0.3316405047666398	0
loo	ScaBER	ScaBER	chr10	ecDNA	0.0578299611806869	0.4199999868869781	0	0	0.0	0	0	-0.3621700257062912	0	0	0.13572514701119454	0
loo	ScaBER	ScaBER	chr10	seismic_amplification	0.1234077736735344	0.8399999737739563	0	0	0.0	0	0	-0.7165922001004219	0	0	0.12717962567555616	0
loo	ScaBER	ScaBER	chr11	BFB	0.0397540479898452	0.4900000095367431	0	0	0.0	0	0	-0.4502459615468979	0	0	0.1273954071534697	0
loo	ScaBER	ScaBER	chr11	chromothripsis	0.0396206453442573	0.5199999809265137	0	0	0.0	0	0	-0.4803793355822564	0	0	0.29124959240961845	0
loo	ScaBER	ScaBER	chr11	ecDNA	0.0467706769704818	0.4199999868869781	0	0	0.0	0	0	-0.3732293099164963	0	0	0.12953840706093503	0
loo	ScaBER	ScaBER	chr11	seismic_amplification	0.1003021001815795	0.8399999737739563	0	0	0.0	0	0	-0.7396978735923768	0	0	0.11521908726784794	0
loo	ScaBER	ScaBER	chr12	BFB	0.022226033732295	0.4900000095367431	0	0	0.0	0	0	-0.4677739758044481	0	0	0.11821586172482804	0
loo	ScaBER	ScaBER	chr12	chromothripsis	0.0341681987047195	0.5199999809265137	0	0	0.0	0	0	-0.4858317822217942	0	0	0.2858060753652902	0
loo	ScaBER	ScaBER	chr12	ecDNA	0.0344020724296569	0.4199999868869781	0	0	0.0	0	0	-0.38559791445732117	0	0	0.12290523851937216	0
loo	ScaBER	ScaBER	chr12	seismic_amplification	0.0796647071838378	0.8399999737739563	0	0	0.0	0	0	-0.7603352665901185	0	0	0.10537536199547962	0
loo	ScaBER	ScaBER	chr13	BFB	0.1041067168116569	0.4900000095367431	0	0	0.5655292272567749	1	0	-0.3858932927250862	1	0	0.5627847258432029	0
loo	ScaBER	ScaBER	chr13	chromothripsis	0.3235287368297577	0.5199999809265137	0	0	0.0	0	0	-0.19647124409675598	0	0	0.6204538327357734	0
loo	ScaBER	ScaBER	chr13	ecDNA	0.113597348332405	0.4199999868869781	0	0	0.0	0	0	-0.3064026385545731	0	0	0.17079092634759055	0
loo	ScaBER	ScaBER	chr13	seismic_amplification	0.1387552469968795	0.8399999737739563	0	0	0.0	0	0	-0.7012447267770768	0	0	0.1356984832416855	0
loo	ScaBER	ScaBER	chr14	BFB	0.0354259051382541	0.4900000095367431	0	0	0.0	0	0	-0.454574104398489	0	0	0.12507365310059007	0
loo	ScaBER	ScaBER	chr14	chromothripsis	0.0974928513169288	0.5199999809265137	0	0	0.0	0	0	-0.42250712960958486	0	0	0.352547708379825	0
loo	ScaBER	ScaBER	chr14	ecDNA	0.0336640998721122	0.4199999868869781	0	0	0.0	0	0	-0.3863358870148659	0	0	0.12251885235358602	0
loo	ScaBER	ScaBER	chr14	seismic_amplification	0.0621519349515438	0.8399999737739563	0	0	0.0	0	0	-0.7778480388224125	0	0	0.09761153612575224	0
loo	ScaBER	ScaBER	chr15	BFB	0.0263768043369054	0.4900000095367431	0	0	0.0	0	0	-0.4636232051998377	0	0	0.12033648923804302	0
loo	ScaBER	ScaBER	chr15	chromothripsis	0.0330474749207496	0.5199999809265137	0	0	0.0	0	0	-0.48695250600576406	0	0	0.28469477696744266	0
loo	ScaBER	ScaBER	chr15	ecDNA	0.043881881982088	0.4199999868869781	0	0	0.0	0	0	-0.3761181049048901	0	0	0.1279624096669302	0
loo	ScaBER	ScaBER	chr15	seismic_amplification	0.1179878264665603	0.8399999737739563	0	0	0.0	0	0	-0.722012147307396	0	0	0.12428216433180875	0
loo	ScaBER	ScaBER	chr16	BFB	0.0237758886069059	0.4900000095367431	0	0	0.0	0	0	-0.4662241209298372	0	0	0.11900387027990436	0
loo	ScaBER	ScaBER	chr16	chromothripsis	0.0306418314576149	0.5199999809265137	0	0	0.0	0	0	-0.4893581494688988	0	0	0.2823181726121792	0
loo	ScaBER	ScaBER	chr16	ecDNA	0.0380461290478706	0.4199999868869781	0	0	0.0	0	0	-0.3819538578391075	0	0	0.1248285744095728	0
loo	ScaBER	ScaBER	chr16	seismic_amplification	0.0978836566209793	0.8399999737739563	0	0	0.0	0	0	-0.742116317152977	0	0	0.11402542261514913	0
loo	ScaBER	ScaBER	chr17	BFB	0.0330958031117916	0.4900000095367431	0	0	0.0	0	0	-0.4569042064249515	0	0	0.12383879061193558	0
loo	ScaBER	ScaBER	chr17	chromothripsis	0.0479844324290752	0.5199999809265137	0	0	0.0	0	0	-0.4720155484974385	0	0	0.299717128924078	0
loo	ScaBER	ScaBER	chr17	ecDNA	0.0669441372156143	0.4199999868869781	0	0	0.0	0	0	-0.3530558496713638	0	0	0.14100935071842585	0
loo	ScaBER	ScaBER	chr17	seismic_amplification	0.1177105605602264	0.8399999737739563	0	0	0.0	0	0	-0.7222894132137299	0	0	0.12413547391700074	0
loo	ScaBER	ScaBER	chr18	BFB	0.0497193485498428	0.4900000095367431	0	0	0.0	0	0	-0.44028066098690033	0	0	0.13288123238252122	0
loo	ScaBER	ScaBER	chr18	chromothripsis	0.2047602087259292	0.5199999809265137	0	0	0.0	0	0	-0.31523977220058447	0	0	0.47847324326389123	0
loo	ScaBER	ScaBER	chr18	ecDNA	0.0534981302917003	0.4199999868869781	0	0	0.0	0	0	-0.3665018565952778	0	0	0.1332726992249358	0
loo	ScaBER	ScaBER	chr18	seismic_amplification	0.0853214636445045	0.8399999737739563	0	0	0.0	0	0	-0.7546785101294518	0	0	0.1079972424560917	0
loo	ScaBER	ScaBER	chr19	BFB	0.0312171783298254	0.4900000095367431	0	0	0.0	0	0	-0.4587828312069177	0	0	0.12285082914959518	0
loo	ScaBER	ScaBER	chr19	chromothripsis	0.0364675670862197	0.5199999809265137	0	0	0.0	0	0	-0.483532413840294	0	0	0.2880942305167634	0
loo	ScaBER	ScaBER	chr19	ecDNA	0.0424381010234355	0.4199999868869781	0	0	0.0	0	0	-0.3775618858635426	0	0	0.1271808963504524	0
loo	ScaBER	ScaBER	chr19	seismic_amplification	0.0841891691088676	0.8399999737739563	0	0	0.0	0	0	-0.7558108046650887	0	0	0.10746788020251064	0
loo	ScaBER	ScaBER	chr2	BFB	0.0477351322770118	0.4900000095367431	0	0	0.0	0	0	-0.4422648772597313	0	0	0.1317732208311206	0
loo	ScaBER	ScaBER	chr2	chromothripsis	0.09503735601902	0.5199999809265137	0	0	0.0	0	0	-0.4249626249074937	0	0	0.3498265874562298	0
loo	ScaBER	ScaBER	chr2	ecDNA	0.056957621127367	0.4199999868869781	0	0	0.0	0	0	-0.3630423657596111	0	0	0.13522823557782201	0
loo	ScaBER	ScaBER	chr2	seismic_amplification	0.1079962402582168	0.8399999737739563	0	0	0.0	0	0	-0.7320037335157394	0	0	0.11908916715736693	0
loo	ScaBER	ScaBER	chr20	BFB	0.0235783942043781	0.4900000095367431	0	0	0.0	0	0	-0.46642161533236504	0	0	0.11890320417812192	0
loo	ScaBER	ScaBER	chr20	chromothripsis	0.0496010929346084	0.5199999809265137	0	0	0.0	0	0	-0.47039888799190527	0	0	0.3013699978497598	0
loo	ScaBER	ScaBER	chr20	ecDNA	0.0489054732024669	0.4199999868869781	0	0	0.0	0	0	-0.3710945136845112	0	0	0.1307136473427916	0
loo	ScaBER	ScaBER	chr20	seismic_amplification	0.1122282594442367	0.8399999737739563	0	0	0.0	0	0	-0.7277717143297195	0	0	0.1212654084015123	0
loo	ScaBER	ScaBER	chr21	BFB	0.0218736995011568	0.4900000095367431	0	0	0.0	0	0	-0.4681263100355863	0	0	0.11803735234306707	0
loo	ScaBER	ScaBER	chr21	chromothripsis	0.0333028957247734	0.5199999809265137	0	0	0.0	0	0	-0.48669708520174026	0	0	0.2849478207033714	0
loo	ScaBER	ScaBER	chr21	ecDNA	0.0431202948093414	0.4199999868869781	0	0	0.0	0	0	-0.3768796920776367	0	0	0.12754965595086365	0
loo	ScaBER	ScaBER	chr21	seismic_amplification	0.0920170843601226	0.8399999737739563	0	0	0.0	0	0	-0.7479828894138337	0	0	0.11117457557734102	0
loo	ScaBER	ScaBER	chr22	BFB	0.0313964635133743	0.4900000095367431	0	0	0.0	0	0	-0.45860354602336884	0	0	0.12294482118992886	0
loo	ScaBER	ScaBER	chr22	chromothripsis	0.0553967989981174	0.5199999809265137	0	0	0.0	0	0	-0.4646031819283963	0	0	0.307337813531588	0
loo	ScaBER	ScaBER	chr22	ecDNA	0.0409002527594566	0.4199999868869781	0	0	0.0	0	0	-0.3790997341275215	0	0	0.12635295308777664	0
loo	ScaBER	ScaBER	chr22	seismic_amplification	0.0932639390230178	0.8399999737739563	0	0	0.0	0	0	-0.7467360347509385	0	0	0.1117752152095128	0
loo	ScaBER	ScaBER	chr3	BFB	0.1430039405822754	0.4900000095367431	0	0	0.0	0	0	-0.3469960689544677	0	0	0.19434400122393067	0
loo	ScaBER	ScaBER	chr3	chromothripsis	0.3372760415077209	0.5199999809265137	0	0	0.0	0	0	-0.18272393941879278	0	0	0.6360673184063433	0
loo	ScaBER	ScaBER	chr3	ecDNA	0.0769473016262054	0.4199999868869781	0	0	0.0	0	0	-0.3430526852607727	0	0	0.1470057554857621	0
loo	ScaBER	ScaBER	chr3	seismic_amplification	0.0870389863848686	0.8399999737739563	0	0	0.0	0	0	-0.7529609873890877	0	0	0.10880458076987991	0
loo	ScaBER	ScaBER	chr4	BFB	0.0415215939283371	0.4900000095367431	0	0	0.0	0	0	-0.448478415608406	0	0	0.1283541120075405	0
loo	ScaBER	ScaBER	chr4	chromothripsis	0.0574640333652496	0.5199999809265137	0	0	0.0	0	0	-0.4625359475612641	0	0	0.3094822732818262	0
loo	ScaBER	ScaBER	chr4	ecDNA	0.0471712723374366	0.4199999868869781	0	0	0.0	0	0	-0.3728287145495415	0	0	0.12975825370297123	0
loo	ScaBER	ScaBER	chr4	seismic_amplification	0.0734636038541793	0.8399999737739563	0	0	0.0	0	0	-0.766536369919777	0	0	0.10256585318589008	0
loo	ScaBER	ScaBER	chr5	BFB	0.0317177027463912	0.4900000095367431	0	0	0.0	0	0	-0.4582823067903519	0	0	0.12311338870138995	0
loo	ScaBER	ScaBER	chr5	chromothripsis	0.1281413733959198	0.5199999809265137	0	0	0.0	0	0	-0.39185860753059387	0	0	0.38727079603005987	0
loo	ScaBER	ScaBER	chr5	ecDNA	0.0413994081318378	0.4199999868869781	0	0	0.0	0	0	-0.3786005787551403	0	0	0.12662118063518046	0
loo	ScaBER	ScaBER	chr5	seismic_amplification	0.0670217350125312	0.8399999737739563	0	0	0.0	0	0	-0.7729782387614251	0	0	0.09971772083453072	0
loo	ScaBER	ScaBER	chr6	BFB	0.0293081868439912	0.4900000095367431	0	0	0.0	0	0	-0.4606918226927519	0	0	0.12185384865311852	0
loo	ScaBER	ScaBER	chr6	chromothripsis	0.0575552582740783	0.5199999809265137	0	0	0.0	0	0	-0.46244472265243536	0	0	0.30957709614464574	0
loo	ScaBER	ScaBER	chr6	ecDNA	0.0407945774495601	0.4199999868869781	0	0	0.0	0	0	-0.379205409437418	0	0	0.12629622947972674	0
loo	ScaBER	ScaBER	chr6	seismic_amplification	0.091677650809288	0.8399999737739563	0	0	0.0	0	0	-0.7483223229646683	0	0	0.11101155206438784	0
loo	ScaBER	ScaBER	chr7	BFB	0.1692758351564407	0.4900000095367431	0	0	0.0	0	0	-0.32072417438030243	0	0	0.21513386652361902	0
loo	ScaBER	ScaBER	chr7	chromothripsis	0.5109720826148987	0.5199999809265137	0	0	0.0	0	0	-0.00902789831161499	0	0	0.8026773758398346	0
loo	ScaBER	ScaBER	chr7	ecDNA	0.102553516626358	0.4199999868869781	0	0	0.0	0	0	-0.3174464702606201	0	0	0.1633180802243502	0
loo	ScaBER	ScaBER	chr7	seismic_amplification	0.1251820772886276	0.8399999737739563	0	0	0.0	0	0	-0.7148178964853287	0	0	0.12814061692305495	0
loo	ScaBER	ScaBER	chr8	BFB	0.0595083534717559	0.4900000095367431	0	0	0.0	0	0	-0.4304916560649872	0	0	0.1384634585457592	0
loo	ScaBER	ScaBER	chr8	chromothripsis	0.1109654381871223	0.5199999809265137	0	0	0.0	0	0	-0.4090345427393914	0	0	0.3676446350971994	0
loo	ScaBER	ScaBER	chr8	ecDNA	0.0577121265232563	0.4199999868869781	0	0	0.0	0	0	-0.3622878603637218	0	0	0.13565793500107015	0
loo	ScaBER	ScaBER	chr8	seismic_amplification	0.0860605761408805	0.8399999737739563	0	0	0.0	0	0	-0.7539393976330758	0	0	0.10834402215144057	0
loo	ScaBER	ScaBER	chr9	BFB	0.2063663154840469	0.4900000095367431	0	0	0.0	0	0	-0.28363369405269623	0	0	0.24715164127773573	0
loo	ScaBER	ScaBER	chr9	chromothripsis	0.4095392823219299	0.5199999809265137	0	1	0.8627974987030029	1	0	-0.1104606986045838	1	0	0.9530699702009992	1
loo	ScaBER	ScaBER	chr9	ecDNA	0.1549771875143051	0.4199999868869781	0	0	0.0	0	0	-0.26502279937267303	0	0	0.20120504893004626	0
loo	ScaBER	ScaBER	chr9	seismic_amplification	0.1616040915250778	0.8399999737739563	0	0	0.0	0	0	-0.6783958822488785	0	0	0.14926720429391943	0
loo	ScaBER	ScaBER	chrX	BFB	0.0722378715872764	0.4900000095367431	0	0	0.0	0	0	-0.4177621379494667	0	0	0.14601546762184175	0
loo	ScaBER	ScaBER	chrX	chromothripsis	0.1356973201036453	0.5199999809265137	0	0	0.0	0	0	-0.38430266082286835	0	0	0.3960262428581837	0
loo	ScaBER	ScaBER	chrX	ecDNA	0.0990011021494865	0.4199999868869781	0	0	0.0	0	0	-0.3209988847374916	0	0	0.16097092993368556	0
loo	ScaBER	ScaBER	chrX	seismic_amplification	0.1719908118247985	0.8399999737739563	0	0	0.0	0	0	-0.6680091619491578	0	0	0.1557963745111824	0
loo	ZR7530	ZR7530	chr1	BFB	0.0972855687141418	0.3700000047683716	0	0	0.0	0	0	-0.2727144360542298	0	0	0.1941459550318163	0
loo	ZR7530	ZR7530	chr1	chromothripsis	0.4262681305408478	0.6800000071525574	0	0	0.6983479857444763	1	0	-0.2537318766117096	1	0	0.9399944316942401	1
loo	ZR7530	ZR7530	chr1	ecDNA	0.1229575276374816	0.3499999940395355	0	0	0.0	0	0	-0.22704246640205392	0	0	0.1995586219209256	0
loo	ZR7530	ZR7530	chr1	seismic_amplification	0.1456299871206283	0.5299999713897705	0	0	0.0	0	0	-0.3843699842691422	0	0	0.21969778779159602	0
loo	ZR7530	ZR7530	chr10	BFB	0.0838631987571716	0.3700000047683716	0	0	0.0	0	0	-0.28613680601119995	0	0	0.18421354473001844	0
loo	ZR7530	ZR7530	chr10	chromothripsis	0.3517143428325653	0.6800000071525574	0	0	0.0	0	0	-0.32828566431999207	0	0	0.5762703445756137	0
loo	ZR7530	ZR7530	chr10	ecDNA	0.0815465897321701	0.3499999940395355	0	0	0.0	0	0	-0.2684534043073654	0	0	0.16954321789177068	0
loo	ZR7530	ZR7530	chr10	seismic_amplification	0.1119924113154411	0.5299999713897705	0	0	0.0	0	0	-0.4180075600743294	0	0	0.19314017410489032	0
loo	ZR7530	ZR7530	chr11	BFB	0.1071790307760238	0.3700000047683716	0	0	0.0	0	0	-0.2628209739923478	0	0	0.20172379110212219	0
loo	ZR7530	ZR7530	chr11	chromothripsis	0.0971607938408851	0.6800000071525574	0	0	0.0	0	0	-0.5828392133116722	0	0	0.28480097227232604	0
loo	ZR7530	ZR7530	chr11	ecDNA	0.0927546620368957	0.3499999940395355	0	0	0.0	0	0	-0.2572453320026398	0	0	0.17729426427752182	0
loo	ZR7530	ZR7530	chr11	seismic_amplification	0.0740762650966644	0.5299999713897705	0	0	0.0	0	0	-0.4559237062931061	0	0	0.16621634903363444	0
loo	ZR7530	ZR7530	chr12	BFB	0.0790678858757019	0.3700000047683716	0	0	0.0	0	0	-0.2909321188926697	0	0	0.18076177181813644	0
loo	ZR7530	ZR7530	chr12	chromothripsis	0.0571124665439128	0.6800000071525574	0	0	0.0	0	0	-0.6228875406086446	0	0	0.2471243781498128	0
loo	ZR7530	ZR7530	chr12	ecDNA	0.0803453475236892	0.3499999940395355	0	0	0.0	0	0	-0.2696546465158463	0	0	0.1687286937841187	0
loo	ZR7530	ZR7530	chr12	seismic_amplification	0.0442599803209304	0.5299999713897705	0	0	0.0	0	0	-0.48573999106884014	0	0	0.14722284491888948	0
loo	ZR7530	ZR7530	chr13	BFB	0.149991363286972	0.3700000047683716	0	0	0.0	0	0	-0.2200086414813996	0	0	0.23703929251629063	0
loo	ZR7530	ZR7530	chr13	chromothripsis	0.039387933909893	0.6800000071525574	0	0	0.0	0	0	-0.6406120732426643	0	0	0.2315586103467967	0
loo	ZR7530	ZR7530	chr13	ecDNA	0.0830250903964042	0.3499999940395355	0	0	0.0	0	0	-0.2669749036431313	0	0	0.17055003440799515	0
loo	ZR7530	ZR7530	chr13	seismic_amplification	0.0738842487335205	0.5299999713897705	0	0	0.0	0	0	-0.45611572265625	0	0	0.1660879862305837	0
loo	ZR7530	ZR7530	chr14	BFB	0.0947114899754524	0.3700000047683716	0	0	0.0	0	0	-0.27528851479291916	0	0	0.19221014608079162	0
loo	ZR7530	ZR7530	chr14	chromothripsis	0.364676684141159	0.6800000071525574	0	0	0.0	0	0	-0.31532332301139837	0	0	0.5914652874155242	0
loo	ZR7530	ZR7530	chr14	ecDNA	0.1021510958671569	0.3499999940395355	0	0	0.0	0	0	-0.24784889817237862	0	0	0.18400447405551004	0
loo	ZR7530	ZR7530	chr14	seismic_amplification	0.174487218260765	0.5299999713897705	0	0	0.0	0	0	-0.35551275312900554	0	0	0.24449551161309957	0
loo	ZR7530	ZR7530	chr15	BFB	0.0965280383825302	0.3700000047683716	0	0	0.0	0	0	-0.27347196638584137	0	0	0.19357473005705572	0
loo	ZR7530	ZR7530	chr15	chromothripsis	0.0389352701604366	0.6800000071525574	0	0	0.0	0	0	-0.6410647369921207	0	0	0.2311701910282348	0
loo	ZR7530	ZR7530	chr15	ecDNA	0.0885595753788948	0.3499999940395355	0	0	0.0	0	0	-0.2614404186606407	0	0	0.17436103560674	0
loo	ZR7530	ZR7530	chr15	seismic_amplification	0.0499131083488464	0.5299999713897705	0	0	0.0	0	0	-0.48008686304092413	0	0	0.15068048575405904	0
loo	ZR7530	ZR7530	chr16	BFB	0.1169291585683822	0.3700000047683716	0	0	0.0	0	0	-0.2530708461999894	0	0	0.20940597976986877	0
loo	ZR7530	ZR7530	chr16	chromothripsis	0.112977959215641	0.6800000071525574	0	0	0.0	0	0	-0.5670220479369164	0	0	0.30059827681166273	0
loo	ZR7530	ZR7530	chr16	ecDNA	0.1033647358417511	0.3499999940395355	0	0	0.0	0	0	-0.24663525819778442	0	0	0.18488535523777103	0
loo	ZR7530	ZR7530	chr16	seismic_amplification	0.0716525986790657	0.5299999713897705	0	0	0.0	0	0	-0.4583473727107048	0	0	0.16460194866853434	0
loo	ZR7530	ZR7530	chr17	BFB	0.7948686480522156	0.3700000047683716	1	0	0.8720176815986633	1	1	0.424868643283844	1	1	0.9849211770048482	1
loo	ZR7530	ZR7530	chr17	chromothripsis	0.5035667419433594	0.6800000071525574	0	0	0.0	0	0	-0.176433265209198	0	0	0.7388861559676985	0
loo	ZR7530	ZR7530	chr17	ecDNA	0.3626385927200317	0.3499999940395355	1	0	0.5369892716407776	1	1	0.01263859868049616	1	1	0.8468424317173199	0
loo	ZR7530	ZR7530	chr17	seismic_amplification	0.7916085124015808	0.5299999713897705	1	1	0.0	0	1	0.2616085410118103	1	0	0.8640678905189662	0
loo	ZR7530	ZR7530	chr18	BFB	0.1377121359109878	0.3700000047683716	0	0	0.0	0	0	-0.23228786885738378	0	0	0.22649147859634272	0
loo	ZR7530	ZR7530	chr18	chromothripsis	0.1253909915685653	0.6800000071525574	0	0	0.0	0	0	-0.554609015583992	0	0	0.3133387592738725	0
loo	ZR7530	ZR7530	chr18	ecDNA	0.1242076605558395	0.3499999940395355	0	0	0.0	0	0	-0.22579233348369604	0	0	0.20052389641140092	0
loo	ZR7530	ZR7530	chr18	seismic_amplification	0.1409612447023391	0.5299999713897705	0	0	0.0	0	0	-0.38903872668743145	0	0	0.2158603209359487	0
loo	ZR7530	ZR7530	chr19	BFB	0.0912348106503486	0.3700000047683716	0	0	0.0	0	0	-0.278765194118023	0	0	0.18961894725377781	0
loo	ZR7530	ZR7530	chr19	chromothripsis	0.0518829971551895	0.6800000071525574	0	0	0.0	0	0	-0.6281170099973679	0	0	0.24245972473311075	0
loo	ZR7530	ZR7530	chr19	ecDNA	0.0868936106562614	0.3499999940395355	0	0	0.0	0	0	-0.26310638338327413	0	0	0.17320684934323421	0
loo	ZR7530	ZR7530	chr19	seismic_amplification	0.0409424379467964	0.5299999713897705	0	0	0.0	0	0	-0.4890575334429741	0	0	0.14522445342631396	0
loo	ZR7530	ZR7530	chr2	BFB	0.0739370882511138	0.3700000047683716	0	0	0.0	0	0	-0.2960629165172578	0	0	0.1771245568505625	0
loo	ZR7530	ZR7530	chr2	chromothripsis	0.1092938631772995	0.6800000071525574	0	0	0.0	0	0	-0.5707061439752579	0	0	0.2968743236843262	0
loo	ZR7530	ZR7530	chr2	ecDNA	0.0799766778945922	0.3499999940395355	0	0	0.0	0	0	-0.27002331614494335	0	0	0.16847933694357511	0
loo	ZR7530	ZR7530	chr2	seismic_amplification	0.0710089057683944	0.5299999713897705	0	0	0.0	0	0	-0.4589910656213761	0	0	0.16417530747217499	0
loo	ZR7530	ZR7530	chr20	BFB	0.0949632599949836	0.3700000047683716	0	0	0.0	0	0	-0.27503674477338796	0	0	0.19239883623313278	0
loo	ZR7530	ZR7530	chr20	chromothripsis	0.0253968443721532	0.6800000071525574	0	0	0.0	0	0	-0.6546031627804042	0	0	0.21976438183985114	0
loo	ZR7530	ZR7530	chr20	ecDNA	0.0803002938628196	0.3499999940395355	0	0	0.0	0	0	-0.2696997001767159	0	0	0.16869820509874367	0
loo	ZR7530	ZR7530	chr20	seismic_amplification	0.0400587357580661	0.5299999713897705	0	0	0.0	0	0	-0.4899412356317044	0	0	0.14469594880992415	0
loo	ZR7530	ZR7530	chr21	BFB	0.1501873135566711	0.3700000047683716	0	0	0.0	0	0	-0.2198126912117005	0	0	0.2372103273196594	0
loo	ZR7530	ZR7530	chr21	chromothripsis	0.0779828652739524	0.6800000071525574	0	0	0.0	0	0	-0.602017141878605	0	0	0.2663333431665793	0
loo	ZR7530	ZR7530	chr21	ecDNA	0.1297648400068283	0.3499999940395355	0	0	0.0	0	0	-0.22023515403270721	0	0	0.20485710408776123	0
loo	ZR7530	ZR7530	chr21	seismic_amplification	0.0833941996097564	0.5299999713897705	0	0	0.0	0	0	-0.4466057717800141	0	0	0.17254115927092084	0
loo	ZR7530	ZR7530	chr22	BFB	0.1392808854579925	0.3700000047683716	0	0	0.0	0	0	-0.23071911931037908	0	0	0.22782033089043136	0
loo	ZR7530	ZR7530	chr22	chromothripsis	0.2990485429763794	0.6800000071525574	0	0	0.0	0	0	-0.380951464176178	0	0	0.5133374418826642	0
loo	ZR7530	ZR7530	chr22	ecDNA	0.1127902492880821	0.3499999940395355	0	0	0.0	0	0	-0.23720974475145343	0	0	0.19183763793613912	0
loo	ZR7530	ZR7530	chr22	seismic_amplification	0.1119313016533851	0.5299999713897705	0	0	0.0	0	0	-0.4180686697363854	0	0	0.1930942279205237	0
loo	ZR7530	ZR7530	chr3	BFB	0.1671239137649536	0.3700000047683716	0	0	0.0	0	0	-0.20287609100341797	0	0	0.25231301242137494	0
loo	ZR7530	ZR7530	chr3	chromothripsis	0.0639682635664939	0.6800000071525574	0	0	0.0	0	0	-0.6160317435860635	0	0	0.25333039868766627	0
loo	ZR7530	ZR7530	chr3	ecDNA	0.0988107919692993	0.3499999940395355	0	0	0.0	0	0	-0.2511892020702362	0	0	0.1815968166653019	0
loo	ZR7530	ZR7530	chr3	seismic_amplification	0.0897779017686843	0.5299999713897705	0	0	0.0	0	0	-0.44022206962108623	0	0	0.17698325507115817	0
loo	ZR7530	ZR7530	chr4	BFB	0.0789017528295517	0.3700000047683716	0	0	0.0	0	0	-0.2910982519388199	0	0	0.180643093922976	0
loo	ZR7530	ZR7530	chr4	chromothripsis	0.0590091273188591	0.6800000071525574	0	0	0.0	0	0	-0.6209908798336983	0	0	0.24883100990363546	0
loo	ZR7530	ZR7530	chr4	ecDNA	0.0768678560853004	0.3499999940395355	0	0	0.0	0	0	-0.27313213795423513	0	0	0.16638830244754088	0
loo	ZR7530	ZR7530	chr4	seismic_amplification	0.0590814016759395	0.5299999713897705	0	0	0.0	0	0	-0.470918569713831	0	0	0.15642980587487107	0
loo	ZR7530	ZR7530	chr5	BFB	0.1272304803133011	0.3700000047683716	0	0	0.0	0	0	-0.2427695244550705	0	0	0.21775377328603687	0
loo	ZR7530	ZR7530	chr5	chromothripsis	0.049032799899578	0.6800000071525574	0	0	0.0	0	0	-0.6309672072529794	0	0	0.23994270798343148	0
loo	ZR7530	ZR7530	chr5	ecDNA	0.0714089423418045	0.3499999940395355	0	0	0.0	0	0	-0.278591051697731	0	0	0.16276690258419538	0
loo	ZR7530	ZR7530	chr5	seismic_amplification	0.0565636046230793	0.5299999713897705	0	0	0.0	0	0	-0.4734363667666912	0	0	0.1548333557670326	0
loo	ZR7530	ZR7530	chr6	BFB	0.1105063557624816	0.3700000047683716	0	0	0.0	0	0	-0.25949364900589	0	0	0.20432149133461033	0
loo	ZR7530	ZR7530	chr6	chromothripsis	0.4926913380622864	0.6800000071525574	0	0	0.0	0	0	-0.187308669090271	0	0	0.7286358078260581	0
loo	ZR7530	ZR7530	chr6	ecDNA	0.0870583653450012	0.3499999940395355	0	0	0.0	0	0	-0.2629416286945343	0	0	0.17332072232328558	0
loo	ZR7530	ZR7530	chr6	seismic_amplification	0.1764380186796188	0.5299999713897705	0	0	0.0	0	0	-0.3535619527101517	0	0	0.24623840759007054	0
loo	ZR7530	ZR7530	chr7	BFB	0.0459098145365715	0.3700000047683716	0	0	0.0	0	0	-0.3240901902318001	0	0	0.15826603591589417	0
loo	ZR7530	ZR7530	chr7	chromothripsis	0.1383635550737381	0.6800000071525574	0	0	0.0	0	0	-0.5416364520788193	0	0	0.32696108639932686	0
loo	ZR7530	ZR7530	chr7	ecDNA	0.0764000117778778	0.3499999940395355	0	0	0.0	0	0	-0.2735999822616577	0	0	0.16607542881199783	0
loo	ZR7530	ZR7530	chr7	seismic_amplification	0.0631202757358551	0.5299999713897705	0	0	0.0	0	0	-0.4668796956539154	0	0	0.1590186921021152	0
loo	ZR7530	ZR7530	chr8	BFB	0.8171698451042175	0.3700000047683716	1	0	0.8871915340423584	1	1	0.44716984033584595	1	1	0.9866156329595321	1
loo	ZR7530	ZR7530	chr8	chromothripsis	0.6943246126174927	0.6800000071525574	1	0	0.0	0	1	0.014324605464935303	1	0	0.8765997164584913	0
loo	ZR7530	ZR7530	chr8	ecDNA	0.3992769122123718	0.3499999940395355	1	0	0.5864325761795044	1	1	0.049276918172836304	1	1	0.873274227237642	0
loo	ZR7530	ZR7530	chr8	seismic_amplification	0.8922203183174133	0.5299999713897705	1	1	0.7904508709907532	1	1	0.3622203469276428	1	1	0.9890132262843587	1
loo	ZR7530	ZR7530	chr9	BFB	0.0989277735352516	0.3700000047683716	0	0	0.0	0	0	-0.27107223123311996	0	0	0.1953886706115207	0
loo	ZR7530	ZR7530	chr9	chromothripsis	0.0571732521057128	0.6800000071525574	0	0	0.0	0	0	-0.6228267550468446	0	0	0.247178951375307	0
loo	ZR7530	ZR7530	chr9	ecDNA	0.0897792726755142	0.3499999940395355	0	0	0.0	0	0	-0.2602207213640213	0	0	0.1752098870297353	0
loo	ZR7530	ZR7530	chr9	seismic_amplification	0.0639016404747963	0.5299999713897705	0	0	0.0	0	0	-0.4660983309149742	0	0	0.15952353312709197	0
loo	ZR7530	ZR7530	chrX	BFB	0.1043142601847648	0.3700000047683716	0	0	0.0	0	0	-0.2656857445836068	0	0	0.19950705243293185	0
loo	ZR7530	ZR7530	chrX	chromothripsis	0.0850667208433151	0.6800000071525574	0	0	0.0	0	0	-0.5949332863092422	0	0	0.2730653123472674	0
loo	ZR7530	ZR7530	chrX	ecDNA	0.0841671749949455	0.3499999940395355	0	0	0.0	0	0	-0.26583281904459	0	0	0.17133100829218909	0
loo	ZR7530	ZR7530	chrX	seismic_amplification	0.0617290623486042	0.5299999713897705	0	0	0.0	0	0	-0.4682709090411663	0	0	0.15812303481736267	0
