split	run	sample_id	chrom	class	probability	threshold	predicted	truth
grouped5	fold_0	CERV186	chr1	BFB	0.6217716932296753	0.3600000143051147	1	0
grouped5	fold_0	CERV186	chr1	chromothripsis	0.6139206290245056	0.5199999809265137	1	0
grouped5	fold_0	CERV186	chr1	ecDNA	0.2657266557216644	0.2399999946355819	1	0
grouped5	fold_0	CERV186	chr1	seismic_amplification	0.3147743046283722	0.7400000095367432	0	0
grouped5	fold_0	CERV186	chr10	BFB	0.0858170464634895	0.3600000143051147	0	0
grouped5	fold_0	CERV186	chr10	chromothripsis	0.0328224599361419	0.5199999809265137	0	0
grouped5	fold_0	CERV186	chr10	ecDNA	0.1033636629581451	0.2399999946355819	0	0
grouped5	fold_0	CERV186	chr10	seismic_amplification	0.048549860715866	0.7400000095367432	0	0
grouped5	fold_0	CERV186	chr11	BFB	0.5001196265220642	0.3600000143051147	1	0
grouped5	fold_0	CERV186	chr11	chromothripsis	0.099060021340847	0.5199999809265137	0	0
grouped5	fold_0	CERV186	chr11	ecDNA	0.1170521005988121	0.2399999946355819	0	0
grouped5	fold_0	CERV186	chr11	seismic_amplification	0.0549684427678585	0.7400000095367432	0	0
grouped5	fold_0	CERV186	chr12	BFB	0.2157223522663116	0.3600000143051147	0	0
grouped5	fold_0	CERV186	chr12	chromothripsis	0.0913740471005439	0.5199999809265137	0	0
grouped5	fold_0	CERV186	chr12	ecDNA	0.0899715423583984	0.2399999946355819	0	0
grouped5	fold_0	CERV186	chr12	seismic_amplification	0.0380636267364025	0.7400000095367432	0	0
grouped5	fold_0	CERV186	chr13	BFB	0.077654518187046	0.3600000143051147	0	0
grouped5	fold_0	CERV186	chr13	chromothripsis	0.0483964681625366	0.5199999809265137	0	0
grouped5	fold_0	CERV186	chr13	ecDNA	0.1395164728164672	0.2399999946355819	0	0
grouped5	fold_0	CERV186	chr13	seismic_amplification	0.1156392470002174	0.7400000095367432	0	0
grouped5	fold_0	CERV186	chr14	BFB	0.0825279578566551	0.3600000143051147	0	0
grouped5	fold_0	CERV186	chr14	chromothripsis	0.0629047900438308	0.5199999809265137	0	0
grouped5	fold_0	CERV186	chr14	ecDNA	0.0792172402143478	0.2399999946355819	0	0
grouped5	fold_0	CERV186	chr14	seismic_amplification	0.0507790595293045	0.7400000095367432	0	0
grouped5	fold_0	CERV186	chr15	BFB	0.1399635076522827	0.3600000143051147	0	0
grouped5	fold_0	CERV186	chr15	chromothripsis	0.045641753822565	0.5199999809265137	0	0
grouped5	fold_0	CERV186	chr15	ecDNA	0.1376771777868271	0.2399999946355819	0	0
grouped5	fold_0	CERV186	chr15	seismic_amplification	0.081542894244194	0.7400000095367432	0	0
grouped5	fold_0	CERV186	chr16	BFB	0.1708588153123855	0.3600000143051147	0	0
grouped5	fold_0	CERV186	chr16	chromothripsis	0.132556140422821	0.5199999809265137	0	0
grouped5	fold_0	CERV186	chr16	ecDNA	0.1808893084526062	0.2399999946355819	0	0
grouped5	fold_0	CERV186	chr16	seismic_amplification	0.0866886228322982	0.7400000095367432	0	0
grouped5	fold_0	CERV186	chr17	BFB	0.1486227661371231	0.3600000143051147	0	0
grouped5	fold_0	CERV186	chr17	chromothripsis	0.165843203663826	0.5199999809265137	0	1
grouped5	fold_0	CERV186	chr17	ecDNA	0.1019912958145141	0.2399999946355819	0	0
grouped5	fold_0	CERV186	chr17	seismic_amplification	0.0938194692134857	0.7400000095367432	0	0
grouped5	fold_0	CERV186	chr18	BFB	0.0847253501415252	0.3600000143051147	0	0
grouped5	fold_0	CERV186	chr18	chromothripsis	0.0252568181604146	0.5199999809265137	0	0
grouped5	fold_0	CERV186	chr18	ecDNA	0.097677044570446	0.2399999946355819	0	0
grouped5	fold_0	CERV186	chr18	seismic_amplification	0.0449183024466037	0.7400000095367432	0	0
grouped5	fold_0	CERV186	chr19	BFB	0.2735988795757293	0.3600000143051147	0	0
grouped5	fold_0	CERV186	chr19	chromothripsis	0.4451605081558227	0.5199999809265137	0	0
grouped5	fold_0	CERV186	chr19	ecDNA	0.1342780888080597	0.2399999946355819	0	0
grouped5	fold_0	CERV186	chr19	seismic_amplification	0.2812795042991638	0.7400000095367432	0	0
grouped5	fold_0	CERV186	chr2	BFB	0.0815470144152641	0.3600000143051147	0	0
grouped5	fold_0	CERV186	chr2	chromothripsis	0.1961646080017089	0.5199999809265137	0	0
grouped5	fold_0	CERV186	chr2	ecDNA	0.1201529502868652	0.2399999946355819	0	0
grouped5	fold_0	CERV186	chr2	seismic_amplification	0.0632169619202613	0.7400000095367432	0	0
grouped5	fold_0	CERV186	chr20	BFB	0.1094070598483085	0.3600000143051147	0	0
grouped5	fold_0	CERV186	chr20	chromothripsis	0.0732923224568367	0.5199999809265137	0	0
grouped5	fold_0	CERV186	chr20	ecDNA	0.1244427636265754	0.2399999946355819	0	0
grouped5	fold_0	CERV186	chr20	seismic_amplification	0.0754900276660919	0.7400000095367432	0	0
grouped5	fold_0	CERV186	chr21	BFB	0.1229653283953666	0.3600000143051147	0	0
grouped5	fold_0	CERV186	chr21	chromothripsis	0.050296876579523	0.5199999809265137	0	0
grouped5	fold_0	CERV186	chr21	ecDNA	0.1097959205508232	0.2399999946355819	0	0
grouped5	fold_0	CERV186	chr21	seismic_amplification	0.0741949677467346	0.7400000095367432	0	0
grouped5	fold_0	CERV186	chr22	BFB	0.1600354015827179	0.3600000143051147	0	0
grouped5	fold_0	CERV186	chr22	chromothripsis	0.0649524852633476	0.5199999809265137	0	0
grouped5	fold_0	CERV186	chr22	ecDNA	0.1235154792666435	0.2399999946355819	0	0
grouped5	fold_0	CERV186	chr22	seismic_amplification	0.0964810997247695	0.7400000095367432	0	0
grouped5	fold_0	CERV186	chr3	BFB	0.0772922560572624	0.3600000143051147	0	0
grouped5	fold_0	CERV186	chr3	chromothripsis	0.1216702684760093	0.5199999809265137	0	0
grouped5	fold_0	CERV186	chr3	ecDNA	0.0961037054657936	0.2399999946355819	0	0
grouped5	fold_0	CERV186	chr3	seismic_amplification	0.0855296477675437	0.7400000095367432	0	0
grouped5	fold_0	CERV186	chr4	BFB	0.0831310078501701	0.3600000143051147	0	0
grouped5	fold_0	CERV186	chr4	chromothripsis	0.0535454265773296	0.5199999809265137	0	0
grouped5	fold_0	CERV186	chr4	ecDNA	0.1016860827803611	0.2399999946355819	0	0
grouped5	fold_0	CERV186	chr4	seismic_amplification	0.0649550855159759	0.7400000095367432	0	0
grouped5	fold_0	CERV186	chr5	BFB	0.2121787220239639	0.3600000143051147	0	0
grouped5	fold_0	CERV186	chr5	chromothripsis	0.4567720592021942	0.5199999809265137	0	0
grouped5	fold_0	CERV186	chr5	ecDNA	0.1089210286736488	0.2399999946355819	0	0
grouped5	fold_0	CERV186	chr5	seismic_amplification	0.0892629399895668	0.7400000095367432	0	0
grouped5	fold_0	CERV186	chr6	BFB	0.0895648375153541	0.3600000143051147	0	0
grouped5	fold_0	CERV186	chr6	chromothripsis	0.0421710200607776	0.5199999809265137	0	0
grouped5	fold_0	CERV186	chr6	ecDNA	0.1063399389386177	0.2399999946355819	0	0
grouped5	fold_0	CERV186	chr6	seismic_amplification	0.0420007184147834	0.7400000095367432	0	0
grouped5	fold_0	CERV186	chr7	BFB	0.146961823105812	0.3600000143051147	0	0
grouped5	fold_0	CERV186	chr7	chromothripsis	0.0590771660208702	0.5199999809265137	0	0
grouped5	fold_0	CERV186	chr7	ecDNA	0.1207879036664962	0.2399999946355819	0	0
grouped5	fold_0	CERV186	chr7	seismic_amplification	0.0707310140132904	0.7400000095367432	0	0
grouped5	fold_0	CERV186	chr8	BFB	0.5494260191917419	0.3600000143051147	1	0
grouped5	fold_0	CERV186	chr8	chromothripsis	0.3287742137908935	0.5199999809265137	0	0
grouped5	fold_0	CERV186	chr8	ecDNA	0.3945031762123108	0.2399999946355819	1	0
grouped5	fold_0	CERV186	chr8	seismic_amplification	0.379214882850647	0.7400000095367432	0	0
grouped5	fold_0	CERV186	chr9	BFB	0.1092345714569091	0.3600000143051147	0	0
grouped5	fold_0	CERV186	chr9	chromothripsis	0.0673167705535888	0.5199999809265137	0	0
grouped5	fold_0	CERV186	chr9	ecDNA	0.096822589635849	0.2399999946355819	0	0
grouped5	fold_0	CERV186	chr9	seismic_amplification	0.0555359609425067	0.7400000095367432	0	0
grouped5	fold_0	CERV186	chrX	BFB	0.1164068058133125	0.3600000143051147	0	0
grouped5	fold_0	CERV186	chrX	chromothripsis	0.1370198130607605	0.5199999809265137	0	0
grouped5	fold_0	CERV186	chrX	ecDNA	0.1572606861591339	0.2399999946355819	0	0
grouped5	fold_0	CERV186	chrX	seismic_amplification	0.0574715472757816	0.7400000095367432	0	0
grouped5	fold_0	CERV215	chr1	BFB	0.1185638532042503	0.3600000143051147	0	0
grouped5	fold_0	CERV215	chr1	chromothripsis	0.0528147593140602	0.5199999809265137	0	0
grouped5	fold_0	CERV215	chr1	ecDNA	0.1084866821765899	0.2399999946355819	0	0
grouped5	fold_0	CERV215	chr1	seismic_amplification	0.0605611242353916	0.7400000095367432	0	0
grouped5	fold_0	CERV215	chr10	BFB	0.0784081891179084	0.3600000143051147	0	0
grouped5	fold_0	CERV215	chr10	chromothripsis	0.0464262068271636	0.5199999809265137	0	0
grouped5	fold_0	CERV215	chr10	ecDNA	0.1131092756986618	0.2399999946355819	0	0
grouped5	fold_0	CERV215	chr10	seismic_amplification	0.0969624817371368	0.7400000095367432	0	0
grouped5	fold_0	CERV215	chr11	BFB	0.9378202557563782	0.3600000143051147	1	1
grouped5	fold_0	CERV215	chr11	chromothripsis	0.1998612284660339	0.5199999809265137	0	0
grouped5	fold_0	CERV215	chr11	ecDNA	0.2277964204549789	0.2399999946355819	0	1
grouped5	fold_0	CERV215	chr11	seismic_amplification	0.2700642645359039	0.7400000095367432	0	0
grouped5	fold_0	CERV215	chr12	BFB	0.0533309020102024	0.3600000143051147	0	0
grouped5	fold_0	CERV215	chr12	chromothripsis	0.0380957312881946	0.5199999809265137	0	0
grouped5	fold_0	CERV215	chr12	ecDNA	0.0821481570601463	0.2399999946355819	0	0
grouped5	fold_0	CERV215	chr12	seismic_amplification	0.0714860334992408	0.7400000095367432	0	0
grouped5	fold_0	CERV215	chr13	BFB	0.1087629869580268	0.3600000143051147	0	0
grouped5	fold_0	CERV215	chr13	chromothripsis	0.027005273848772	0.5199999809265137	0	0
grouped5	fold_0	CERV215	chr13	ecDNA	0.0967964977025985	0.2399999946355819	0	0
grouped5	fold_0	CERV215	chr13	seismic_amplification	0.0405637435615062	0.7400000095367432	0	0
grouped5	fold_0	CERV215	chr14	BFB	0.0655566826462745	0.3600000143051147	0	0
grouped5	fold_0	CERV215	chr14	chromothripsis	0.0208666250109672	0.5199999809265137	0	0
grouped5	fold_0	CERV215	chr14	ecDNA	0.0702598989009857	0.2399999946355819	0	0
grouped5	fold_0	CERV215	chr14	seismic_amplification	0.0424669571220874	0.7400000095367432	0	0
grouped5	fold_0	CERV215	chr15	BFB	0.061972577124834	0.3600000143051147	0	0
grouped5	fold_0	CERV215	chr15	chromothripsis	0.025623895227909	0.5199999809265137	0	0
grouped5	fold_0	CERV215	chr15	ecDNA	0.0819292962551117	0.2399999946355819	0	0
grouped5	fold_0	CERV215	chr15	seismic_amplification	0.0455381907522678	0.7400000095367432	0	0
grouped5	fold_0	CERV215	chr16	BFB	0.3062123954296112	0.3600000143051147	0	0
grouped5	fold_0	CERV215	chr16	chromothripsis	0.1163989007472992	0.5199999809265137	0	0
grouped5	fold_0	CERV215	chr16	ecDNA	0.1264963001012802	0.2399999946355819	0	0
grouped5	fold_0	CERV215	chr16	seismic_amplification	0.1220961883664131	0.7400000095367432	0	0
grouped5	fold_0	CERV215	chr17	BFB	0.231690376996994	0.3600000143051147	0	0
grouped5	fold_0	CERV215	chr17	chromothripsis	0.3618528842926025	0.5199999809265137	0	0
grouped5	fold_0	CERV215	chr17	ecDNA	0.1026804372668266	0.2399999946355819	0	0
grouped5	fold_0	CERV215	chr17	seismic_amplification	0.0813799649477005	0.7400000095367432	0	0
grouped5	fold_0	CERV215	chr18	BFB	0.198469802737236	0.3600000143051147	0	0
grouped5	fold_0	CERV215	chr18	chromothripsis	0.1221454292535781	0.5199999809265137	0	0
grouped5	fold_0	CERV215	chr18	ecDNA	0.2756871879100799	0.2399999946355819	1	0
grouped5	fold_0	CERV215	chr18	seismic_amplification	0.0812968909740448	0.7400000095367432	0	0
grouped5	fold_0	CERV215	chr19	BFB	0.1420647054910659	0.3600000143051147	0	0
grouped5	fold_0	CERV215	chr19	chromothripsis	0.0807049497961998	0.5199999809265137	0	0
grouped5	fold_0	CERV215	chr19	ecDNA	0.1132838055491447	0.2399999946355819	0	0
grouped5	fold_0	CERV215	chr19	seismic_amplification	0.0405606441199779	0.7400000095367432	0	0
grouped5	fold_0	CERV215	chr2	BFB	0.0615964382886886	0.3600000143051147	0	0
grouped5	fold_0	CERV215	chr2	chromothripsis	0.0381125882267952	0.5199999809265137	0	0
grouped5	fold_0	CERV215	chr2	ecDNA	0.0831909105181694	0.2399999946355819	0	0
grouped5	fold_0	CERV215	chr2	seismic_amplification	0.0439090393483638	0.7400000095367432	0	0
grouped5	fold_0	CERV215	chr20	BFB	0.3918280005455017	0.3600000143051147	1	0
grouped5	fold_0	CERV215	chr20	chromothripsis	0.4900419116020202	0.5199999809265137	0	0
grouped5	fold_0	CERV215	chr20	ecDNA	0.1444379389286041	0.2399999946355819	0	0
grouped5	fold_0	CERV215	chr20	seismic_amplification	0.1563335210084915	0.7400000095367432	0	0
grouped5	fold_0	CERV215	chr21	BFB	0.0897383242845535	0.3600000143051147	0	0
grouped5	fold_0	CERV215	chr21	chromothripsis	0.0320940166711807	0.5199999809265137	0	0
grouped5	fold_0	CERV215	chr21	ecDNA	0.1120264902710914	0.2399999946355819	0	0
grouped5	fold_0	CERV215	chr21	seismic_amplification	0.0439054369926452	0.7400000095367432	0	0
grouped5	fold_0	CERV215	chr22	BFB	0.1486956924200058	0.3600000143051147	0	0
grouped5	fold_0	CERV215	chr22	chromothripsis	0.2615369856357574	0.5199999809265137	0	0
grouped5	fold_0	CERV215	chr22	ecDNA	0.13108491897583	0.2399999946355819	0	0
grouped5	fold_0	CERV215	chr22	seismic_amplification	0.0847399309277534	0.7400000095367432	0	0
grouped5	fold_0	CERV215	chr3	BFB	0.067160427570343	0.3600000143051147	0	0
grouped5	fold_0	CERV215	chr3	chromothripsis	0.0328595526516437	0.5199999809265137	0	0
grouped5	fold_0	CERV215	chr3	ecDNA	0.0766662955284118	0.2399999946355819	0	0
grouped5	fold_0	CERV215	chr3	seismic_amplification	0.0505117662250995	0.7400000095367432	0	0
grouped5	fold_0	CERV215	chr4	BFB	0.0920813381671905	0.3600000143051147	0	0
grouped5	fold_0	CERV215	chr4	chromothripsis	0.0291308984160423	0.5199999809265137	0	0
grouped5	fold_0	CERV215	chr4	ecDNA	0.1011219918727874	0.2399999946355819	0	0
grouped5	fold_0	CERV215	chr4	seismic_amplification	0.0549534223973751	0.7400000095367432	0	0
grouped5	fold_0	CERV215	chr5	BFB	0.3398050367832184	0.3600000143051147	0	0
grouped5	fold_0	CERV215	chr5	chromothripsis	0.15150947868824	0.5199999809265137	0	0
grouped5	fold_0	CERV215	chr5	ecDNA	0.148104190826416	0.2399999946355819	0	0
grouped5	fold_0	CERV215	chr5	seismic_amplification	0.061093658208847	0.7400000095367432	0	0
grouped5	fold_0	CERV215	chr6	BFB	0.0541501678526401	0.3600000143051147	0	0
grouped5	fold_0	CERV215	chr6	chromothripsis	0.0192275214940309	0.5199999809265137	0	0
grouped5	fold_0	CERV215	chr6	ecDNA	0.0691960975527763	0.2399999946355819	0	0
grouped5	fold_0	CERV215	chr6	seismic_amplification	0.0355692692101001	0.7400000095367432	0	0
grouped5	fold_0	CERV215	chr7	BFB	0.0785214528441429	0.3600000143051147	0	0
grouped5	fold_0	CERV215	chr7	chromothripsis	0.0250085517764091	0.5199999809265137	0	0
grouped5	fold_0	CERV215	chr7	ecDNA	0.0959669947624206	0.2399999946355819	0	0
grouped5	fold_0	CERV215	chr7	seismic_amplification	0.0493772588670253	0.7400000095367432	0	0
grouped5	fold_0	CERV215	chr8	BFB	0.1417263448238372	0.3600000143051147	0	0
grouped5	fold_0	CERV215	chr8	chromothripsis	0.3943739235401153	0.5199999809265137	0	0
grouped5	fold_0	CERV215	chr8	ecDNA	0.111513040959835	0.2399999946355819	0	0
grouped5	fold_0	CERV215	chr8	seismic_amplification	0.0742028504610061	0.7400000095367432	0	0
grouped5	fold_0	CERV215	chr9	BFB	0.2681463658809662	0.3600000143051147	0	0
grouped5	fold_0	CERV215	chr9	chromothripsis	0.049622718244791	0.5199999809265137	0	0
grouped5	fold_0	CERV215	chr9	ecDNA	0.1247047930955886	0.2399999946355819	0	0
grouped5	fold_0	CERV215	chr9	seismic_amplification	0.0730314031243324	0.7400000095367432	0	0
grouped5	fold_0	CERV215	chrX	BFB	0.1385538727045059	0.3600000143051147	0	0
grouped5	fold_0	CERV215	chrX	chromothripsis	0.0560746863484382	0.5199999809265137	0	0
grouped5	fold_0	CERV215	chrX	ecDNA	0.1170059815049171	0.2399999946355819	0	0
grouped5	fold_0	CERV215	chrX	seismic_amplification	0.0591616965830326	0.7400000095367432	0	0
grouped5	fold_0	HOS	chr1	BFB	0.3381236791610718	0.3600000143051147	0	0
grouped5	fold_0	HOS	chr1	chromothripsis	0.3102212250232696	0.5199999809265137	0	0
grouped5	fold_0	HOS	chr1	ecDNA	0.1733109205961227	0.2399999946355819	0	0
grouped5	fold_0	HOS	chr1	seismic_amplification	0.0783474147319793	0.7400000095367432	0	0
grouped5	fold_0	HOS	chr10	BFB	0.0984074920415878	0.3600000143051147	0	0
grouped5	fold_0	HOS	chr10	chromothripsis	0.0434788800776004	0.5199999809265137	0	0
grouped5	fold_0	HOS	chr10	ecDNA	0.0995487719774246	0.2399999946355819	0	0
grouped5	fold_0	HOS	chr10	seismic_amplification	0.0518204942345619	0.7400000095367432	0	0
grouped5	fold_0	HOS	chr11	BFB	0.4070191383361816	0.3600000143051147	1	0
grouped5	fold_0	HOS	chr11	chromothripsis	0.6231871247291565	0.5199999809265137	1	0
grouped5	fold_0	HOS	chr11	ecDNA	0.3815697133541107	0.2399999946355819	1	0
grouped5	fold_0	HOS	chr11	seismic_amplification	0.9302935004234314	0.7400000095367432	1	0
grouped5	fold_0	HOS	chr12	BFB	0.2218772023916244	0.3600000143051147	0	0
grouped5	fold_0	HOS	chr12	chromothripsis	0.7188760638237	0.5199999809265137	1	0
grouped5	fold_0	HOS	chr12	ecDNA	0.2561967372894287	0.2399999946355819	1	0
grouped5	fold_0	HOS	chr12	seismic_amplification	0.4804825186729431	0.7400000095367432	0	0
grouped5	fold_0	HOS	chr13	BFB	0.0802922025322914	0.3600000143051147	0	0
grouped5	fold_0	HOS	chr13	chromothripsis	0.0931558609008789	0.5199999809265137	0	0
grouped5	fold_0	HOS	chr13	ecDNA	0.1095597594976425	0.2399999946355819	0	0
grouped5	fold_0	HOS	chr13	seismic_amplification	0.0637207999825477	0.7400000095367432	0	0
grouped5	fold_0	HOS	chr14	BFB	0.0839543044567108	0.3600000143051147	0	0
grouped5	fold_0	HOS	chr14	chromothripsis	0.045710239559412	0.5199999809265137	0	0
grouped5	fold_0	HOS	chr14	ecDNA	0.1066708415746688	0.2399999946355819	0	0
grouped5	fold_0	HOS	chr14	seismic_amplification	0.0503609217703342	0.7400000095367432	0	0
grouped5	fold_0	HOS	chr15	BFB	0.0737088993191719	0.3600000143051147	0	0
grouped5	fold_0	HOS	chr15	chromothripsis	0.0490460395812988	0.5199999809265137	0	0
grouped5	fold_0	HOS	chr15	ecDNA	0.0673355907201767	0.2399999946355819	0	0
grouped5	fold_0	HOS	chr15	seismic_amplification	0.037760529667139	0.7400000095367432	0	0
grouped5	fold_0	HOS	chr16	BFB	0.0981921479105949	0.3600000143051147	0	0
grouped5	fold_0	HOS	chr16	chromothripsis	0.0460749343037605	0.5199999809265137	0	0
grouped5	fold_0	HOS	chr16	ecDNA	0.1392996609210968	0.2399999946355819	0	0
grouped5	fold_0	HOS	chr16	seismic_amplification	0.0727308243513107	0.7400000095367432	0	0
grouped5	fold_0	HOS	chr17	BFB	0.651807963848114	0.3600000143051147	1	1
grouped5	fold_0	HOS	chr17	chromothripsis	0.2254744172096252	0.5199999809265137	0	0
grouped5	fold_0	HOS	chr17	ecDNA	0.13422392308712	0.2399999946355819	0	0
grouped5	fold_0	HOS	chr17	seismic_amplification	0.0785324797034263	0.7400000095367432	0	0
grouped5	fold_0	HOS	chr18	BFB	0.2019550502300262	0.3600000143051147	0	0
grouped5	fold_0	HOS	chr18	chromothripsis	0.1377583295106887	0.5199999809265137	0	0
grouped5	fold_0	HOS	chr18	ecDNA	0.1017468646168708	0.2399999946355819	0	0
grouped5	fold_0	HOS	chr18	seismic_amplification	0.043230228126049	0.7400000095367432	0	0
grouped5	fold_0	HOS	chr19	BFB	0.1744257360696792	0.3600000143051147	0	0
grouped5	fold_0	HOS	chr19	chromothripsis	0.0701804086565971	0.5199999809265137	0	0
grouped5	fold_0	HOS	chr19	ecDNA	0.1268948316574096	0.2399999946355819	0	0
grouped5	fold_0	HOS	chr19	seismic_amplification	0.0734031796455383	0.7400000095367432	0	0
grouped5	fold_0	HOS	chr2	BFB	0.4112797081470489	0.3600000143051147	1	0
grouped5	fold_0	HOS	chr2	chromothripsis	0.4833965301513672	0.5199999809265137	0	0
grouped5	fold_0	HOS	chr2	ecDNA	0.2183399349451065	0.2399999946355819	0	0
grouped5	fold_0	HOS	chr2	seismic_amplification	0.1759278625249862	0.7400000095367432	0	0
grouped5	fold_0	HOS	chr20	BFB	0.4467528164386749	0.3600000143051147	1	0
grouped5	fold_0	HOS	chr20	chromothripsis	0.3854915797710418	0.5199999809265137	0	0
grouped5	fold_0	HOS	chr20	ecDNA	0.1726782172918319	0.2399999946355819	0	0
grouped5	fold_0	HOS	chr20	seismic_amplification	0.1247514635324478	0.7400000095367432	0	0
grouped5	fold_0	HOS	chr21	BFB	0.2561081647872925	0.3600000143051147	0	0
grouped5	fold_0	HOS	chr21	chromothripsis	0.0949429422616958	0.5199999809265137	0	0
grouped5	fold_0	HOS	chr21	ecDNA	0.2136489897966385	0.2399999946355819	0	0
grouped5	fold_0	HOS	chr21	seismic_amplification	0.0923073291778564	0.7400000095367432	0	0
grouped5	fold_0	HOS	chr22	BFB	0.1238698363304138	0.3600000143051147	0	0
grouped5	fold_0	HOS	chr22	chromothripsis	0.031311135739088	0.5199999809265137	0	0
grouped5	fold_0	HOS	chr22	ecDNA	0.1177444979548454	0.2399999946355819	0	0
grouped5	fold_0	HOS	chr22	seismic_amplification	0.0557106174528598	0.7400000095367432	0	0
grouped5	fold_0	HOS	chr3	BFB	0.0736316293478012	0.3600000143051147	0	0
grouped5	fold_0	HOS	chr3	chromothripsis	0.0666390210390091	0.5199999809265137	0	0
grouped5	fold_0	HOS	chr3	ecDNA	0.0945176109671592	0.2399999946355819	0	0
grouped5	fold_0	HOS	chr3	seismic_amplification	0.0488025024533271	0.7400000095367432	0	0
grouped5	fold_0	HOS	chr4	BFB	0.1241183876991272	0.3600000143051147	0	0
grouped5	fold_0	HOS	chr4	chromothripsis	0.1296151876449585	0.5199999809265137	0	0
grouped5	fold_0	HOS	chr4	ecDNA	0.0897596701979637	0.2399999946355819	0	0
grouped5	fold_0	HOS	chr4	seismic_amplification	0.0684154778718948	0.7400000095367432	0	0
grouped5	fold_0	HOS	chr5	BFB	0.1239281445741653	0.3600000143051147	0	0
grouped5	fold_0	HOS	chr5	chromothripsis	0.1839600056409835	0.5199999809265137	0	0
grouped5	fold_0	HOS	chr5	ecDNA	0.0911495834589004	0.2399999946355819	0	0
grouped5	fold_0	HOS	chr5	seismic_amplification	0.0415015369653701	0.7400000095367432	0	0
grouped5	fold_0	HOS	chr6	BFB	0.2628325223922729	0.3600000143051147	0	0
grouped5	fold_0	HOS	chr6	chromothripsis	0.5321686267852783	0.5199999809265137	1	0
grouped5	fold_0	HOS	chr6	ecDNA	0.2405439913272857	0.2399999946355819	1	0
grouped5	fold_0	HOS	chr6	seismic_amplification	0.3129372894763946	0.7400000095367432	0	0
grouped5	fold_0	HOS	chr7	BFB	0.4652806520462036	0.3600000143051147	1	0
grouped5	fold_0	HOS	chr7	chromothripsis	0.2564482092857361	0.5199999809265137	0	0
grouped5	fold_0	HOS	chr7	ecDNA	0.1992632299661636	0.2399999946355819	0	0
grouped5	fold_0	HOS	chr7	seismic_amplification	0.1705856770277023	0.7400000095367432	0	0
grouped5	fold_0	HOS	chr8	BFB	0.1065282821655273	0.3600000143051147	0	0
grouped5	fold_0	HOS	chr8	chromothripsis	0.0919218137860298	0.5199999809265137	0	0
grouped5	fold_0	HOS	chr8	ecDNA	0.1508827060461044	0.2399999946355819	0	0
grouped5	fold_0	HOS	chr8	seismic_amplification	0.0702487975358963	0.7400000095367432	0	0
grouped5	fold_0	HOS	chr9	BFB	0.17265285551548	0.3600000143051147	0	0
grouped5	fold_0	HOS	chr9	chromothripsis	0.0779872611165046	0.5199999809265137	0	0
grouped5	fold_0	HOS	chr9	ecDNA	0.0819372907280922	0.2399999946355819	0	0
grouped5	fold_0	HOS	chr9	seismic_amplification	0.0323877744376659	0.7400000095367432	0	0
grouped5	fold_0	HOS	chrX	BFB	0.2797370553016662	0.3600000143051147	0	0
grouped5	fold_0	HOS	chrX	chromothripsis	0.2092184722423553	0.5199999809265137	0	0
grouped5	fold_0	HOS	chrX	ecDNA	0.1785553395748138	0.2399999946355819	0	0
grouped5	fold_0	HOS	chrX	seismic_amplification	0.0739952251315116	0.7400000095367432	0	0
grouped5	fold_0	MDA_MD_361	chr1	BFB	0.1278358846902847	0.3600000143051147	0	0
grouped5	fold_0	MDA_MD_361	chr1	chromothripsis	0.1812333911657333	0.5199999809265137	0	1
grouped5	fold_0	MDA_MD_361	chr1	ecDNA	0.0916130468249321	0.2399999946355819	0	0
grouped5	fold_0	MDA_MD_361	chr1	seismic_amplification	0.0495988987386226	0.7400000095367432	0	0
grouped5	fold_0	MDA_MD_361	chr10	BFB	0.1639071702957153	0.3600000143051147	0	0
grouped5	fold_0	MDA_MD_361	chr10	chromothripsis	0.5101161003112793	0.5199999809265137	0	0
grouped5	fold_0	MDA_MD_361	chr10	ecDNA	0.1611902266740799	0.2399999946355819	0	0
grouped5	fold_0	MDA_MD_361	chr10	seismic_amplification	0.4135001599788666	0.7400000095367432	0	0
grouped5	fold_0	MDA_MD_361	chr11	BFB	0.1894062310457229	0.3600000143051147	0	0
grouped5	fold_0	MDA_MD_361	chr11	chromothripsis	0.518962025642395	0.5199999809265137	0	0
grouped5	fold_0	MDA_MD_361	chr11	ecDNA	0.1069350019097328	0.2399999946355819	0	0
grouped5	fold_0	MDA_MD_361	chr11	seismic_amplification	0.255538135766983	0.7400000095367432	0	0
grouped5	fold_0	MDA_MD_361	chr12	BFB	0.2973189949989319	0.3600000143051147	0	0
grouped5	fold_0	MDA_MD_361	chr12	chromothripsis	0.6782111525535583	0.5199999809265137	1	1
grouped5	fold_0	MDA_MD_361	chr12	ecDNA	0.2510607838630676	0.2399999946355819	1	0
grouped5	fold_0	MDA_MD_361	chr12	seismic_amplification	0.7195786833763123	0.7400000095367432	0	0
grouped5	fold_0	MDA_MD_361	chr13	BFB	0.0742540657520294	0.3600000143051147	0	0
grouped5	fold_0	MDA_MD_361	chr13	chromothripsis	0.027624238282442	0.5199999809265137	0	0
grouped5	fold_0	MDA_MD_361	chr13	ecDNA	0.082678698003292	0.2399999946355819	0	0
grouped5	fold_0	MDA_MD_361	chr13	seismic_amplification	0.0480664446949958	0.7400000095367432	0	0
grouped5	fold_0	MDA_MD_361	chr14	BFB	0.5154476761817932	0.3600000143051147	1	0
grouped5	fold_0	MDA_MD_361	chr14	chromothripsis	0.2961136996746063	0.5199999809265137	0	0
grouped5	fold_0	MDA_MD_361	chr14	ecDNA	0.1683276444673538	0.2399999946355819	0	0
grouped5	fold_0	MDA_MD_361	chr14	seismic_amplification	0.0976315587759018	0.7400000095367432	0	0
grouped5	fold_0	MDA_MD_361	chr15	BFB	0.0941151976585388	0.3600000143051147	0	0
grouped5	fold_0	MDA_MD_361	chr15	chromothripsis	0.1678439825773239	0.5199999809265137	0	0
grouped5	fold_0	MDA_MD_361	chr15	ecDNA	0.113504558801651	0.2399999946355819	0	0
grouped5	fold_0	MDA_MD_361	chr15	seismic_amplification	0.106746144592762	0.7400000095367432	0	0
grouped5	fold_0	MDA_MD_361	chr16	BFB	0.2146008014678955	0.3600000143051147	0	0
grouped5	fold_0	MDA_MD_361	chr16	chromothripsis	0.6723676919937134	0.5199999809265137	1	0
grouped5	fold_0	MDA_MD_361	chr16	ecDNA	0.2156589776277542	0.2399999946355819	0	0
grouped5	fold_0	MDA_MD_361	chr16	seismic_amplification	0.7560663819313049	0.7400000095367432	1	0
grouped5	fold_0	MDA_MD_361	chr17	BFB	0.4881510436534881	0.3600000143051147	1	1
grouped5	fold_0	MDA_MD_361	chr17	chromothripsis	0.5070453882217407	0.5199999809265137	0	0
grouped5	fold_0	MDA_MD_361	chr17	ecDNA	0.347283661365509	0.2399999946355819	1	0
grouped5	fold_0	MDA_MD_361	chr17	seismic_amplification	0.9513640999794006	0.7400000095367432	1	1
grouped5	fold_0	MDA_MD_361	chr18	BFB	0.0862103253602981	0.3600000143051147	0	0
grouped5	fold_0	MDA_MD_361	chr18	chromothripsis	0.0758360847830772	0.5199999809265137	0	0
grouped5	fold_0	MDA_MD_361	chr18	ecDNA	0.0681615993380546	0.2399999946355819	0	0
grouped5	fold_0	MDA_MD_361	chr18	seismic_amplification	0.0383684635162353	0.7400000095367432	0	0
grouped5	fold_0	MDA_MD_361	chr19	BFB	0.1766792982816696	0.3600000143051147	0	0
grouped5	fold_0	MDA_MD_361	chr19	chromothripsis	0.2807062268257141	0.5199999809265137	0	0
grouped5	fold_0	MDA_MD_361	chr19	ecDNA	0.0969588980078697	0.2399999946355819	0	0
grouped5	fold_0	MDA_MD_361	chr19	seismic_amplification	0.0615290589630603	0.7400000095367432	0	0
grouped5	fold_0	MDA_MD_361	chr2	BFB	0.2801558375358581	0.3600000143051147	0	0
grouped5	fold_0	MDA_MD_361	chr2	chromothripsis	0.6670001745223999	0.5199999809265137	1	1
grouped5	fold_0	MDA_MD_361	chr2	ecDNA	0.1742407232522964	0.2399999946355819	0	0
grouped5	fold_0	MDA_MD_361	chr2	seismic_amplification	0.3101414740085602	0.7400000095367432	0	0
grouped5	fold_0	MDA_MD_361	chr20	BFB	0.3436147570610046	0.3600000143051147	0	0
grouped5	fold_0	MDA_MD_361	chr20	chromothripsis	0.3170601725578308	0.5199999809265137	0	0
grouped5	fold_0	MDA_MD_361	chr20	ecDNA	0.1213563904166221	0.2399999946355819	0	0
grouped5	fold_0	MDA_MD_361	chr20	seismic_amplification	0.1037857830524444	0.7400000095367432	0	1
grouped5	fold_0	MDA_MD_361	chr21	BFB	0.1252181082963943	0.3600000143051147	0	0
grouped5	fold_0	MDA_MD_361	chr21	chromothripsis	0.0567033104598522	0.5199999809265137	0	0
grouped5	fold_0	MDA_MD_361	chr21	ecDNA	0.1018451750278472	0.2399999946355819	0	0
grouped5	fold_0	MDA_MD_361	chr21	seismic_amplification	0.0948288515210151	0.7400000095367432	0	0
grouped5	fold_0	MDA_MD_361	chr22	BFB	0.1127383261919021	0.3600000143051147	0	0
grouped5	fold_0	MDA_MD_361	chr22	chromothripsis	0.0494685135781765	0.5199999809265137	0	0
grouped5	fold_0	MDA_MD_361	chr22	ecDNA	0.0840951204299926	0.2399999946355819	0	0
grouped5	fold_0	MDA_MD_361	chr22	seismic_amplification	0.052125010639429	0.7400000095367432	0	0
grouped5	fold_0	MDA_MD_361	chr3	BFB	0.0882129967212677	0.3600000143051147	0	0
grouped5	fold_0	MDA_MD_361	chr3	chromothripsis	0.0314433798193931	0.5199999809265137	0	0
grouped5	fold_0	MDA_MD_361	chr3	ecDNA	0.0655867606401443	0.2399999946355819	0	0
grouped5	fold_0	MDA_MD_361	chr3	seismic_amplification	0.0489807985723018	0.7400000095367432	0	0
grouped5	fold_0	MDA_MD_361	chr4	BFB	0.0915524587035179	0.3600000143051147	0	0
grouped5	fold_0	MDA_MD_361	chr4	chromothripsis	0.2164729386568069	0.5199999809265137	0	0
grouped5	fold_0	MDA_MD_361	chr4	ecDNA	0.0832114964723587	0.2399999946355819	0	0
grouped5	fold_0	MDA_MD_361	chr4	seismic_amplification	0.0726950541138649	0.7400000095367432	0	0
grouped5	fold_0	MDA_MD_361	chr5	BFB	0.1148937791585922	0.3600000143051147	0	0
grouped5	fold_0	MDA_MD_361	chr5	chromothripsis	0.1477851867675781	0.5199999809265137	0	0
grouped5	fold_0	MDA_MD_361	chr5	ecDNA	0.0825606286525726	0.2399999946355819	0	0
grouped5	fold_0	MDA_MD_361	chr5	seismic_amplification	0.0388502739369869	0.7400000095367432	0	0
grouped5	fold_0	MDA_MD_361	chr6	BFB	0.266727864742279	0.3600000143051147	0	0
grouped5	fold_0	MDA_MD_361	chr6	chromothripsis	0.6912531852722168	0.5199999809265137	1	1
grouped5	fold_0	MDA_MD_361	chr6	ecDNA	0.2249298095703125	0.2399999946355819	0	0
grouped5	fold_0	MDA_MD_361	chr6	seismic_amplification	0.8322157263755798	0.7400000095367432	1	0
grouped5	fold_0	MDA_MD_361	chr7	BFB	0.2384862750768661	0.3600000143051147	0	0
grouped5	fold_0	MDA_MD_361	chr7	chromothripsis	0.5943285822868347	0.5199999809265137	1	0
grouped5	fold_0	MDA_MD_361	chr7	ecDNA	0.2148590981960296	0.2399999946355819	0	0
grouped5	fold_0	MDA_MD_361	chr7	seismic_amplification	0.6880950331687927	0.7400000095367432	0	0
grouped5	fold_0	MDA_MD_361	chr8	BFB	0.1024383530020713	0.3600000143051147	0	0
grouped5	fold_0	MDA_MD_361	chr8	chromothripsis	0.3801899552345276	0.5199999809265137	0	0
grouped5	fold_0	MDA_MD_361	chr8	ecDNA	0.1601187139749527	0.2399999946355819	0	0
grouped5	fold_0	MDA_MD_361	chr8	seismic_amplification	0.179240271449089	0.7400000095367432	0	0
grouped5	fold_0	MDA_MD_361	chr9	BFB	0.2418408542871475	0.3600000143051147	0	0
grouped5	fold_0	MDA_MD_361	chr9	chromothripsis	0.6475257277488708	0.5199999809265137	1	0
grouped5	fold_0	MDA_MD_361	chr9	ecDNA	0.2022186666727066	0.2399999946355819	0	0
grouped5	fold_0	MDA_MD_361	chr9	seismic_amplification	0.6361857652664185	0.7400000095367432	0	1
grouped5	fold_0	MDA_MD_361	chrX	BFB	0.1113252416253089	0.3600000143051147	0	0
grouped5	fold_0	MDA_MD_361	chrX	chromothripsis	0.1014617383480072	0.5199999809265137	0	0
grouped5	fold_0	MDA_MD_361	chrX	ecDNA	0.1096131578087806	0.2399999946355819	0	0
grouped5	fold_0	MDA_MD_361	chrX	seismic_amplification	0.0458277687430381	0.7400000095367432	0	0
grouped5	fold_0	QGU	chr1	BFB	0.0913409292697906	0.3600000143051147	0	0
grouped5	fold_0	QGU	chr1	chromothripsis	0.0306569151580333	0.5199999809265137	0	0
grouped5	fold_0	QGU	chr1	ecDNA	0.0925741717219352	0.2399999946355819	0	0
grouped5	fold_0	QGU	chr1	seismic_amplification	0.0345712527632713	0.7400000095367432	0	0
grouped5	fold_0	QGU	chr10	BFB	0.1039230301976203	0.3600000143051147	0	0
grouped5	fold_0	QGU	chr10	chromothripsis	0.0498199611902236	0.5199999809265137	0	0
grouped5	fold_0	QGU	chr10	ecDNA	0.0843889638781547	0.2399999946355819	0	0
grouped5	fold_0	QGU	chr10	seismic_amplification	0.045929379761219	0.7400000095367432	0	0
grouped5	fold_0	QGU	chr11	BFB	0.9254300594329834	0.3600000143051147	1	1
grouped5	fold_0	QGU	chr11	chromothripsis	0.1839224994182586	0.5199999809265137	0	0
grouped5	fold_0	QGU	chr11	ecDNA	0.2014241367578506	0.2399999946355819	0	1
grouped5	fold_0	QGU	chr11	seismic_amplification	0.1878192275762558	0.7400000095367432	0	0
grouped5	fold_0	QGU	chr12	BFB	0.0655241757631301	0.3600000143051147	0	0
grouped5	fold_0	QGU	chr12	chromothripsis	0.0244771540164947	0.5199999809265137	0	1
grouped5	fold_0	QGU	chr12	ecDNA	0.0696856155991554	0.2399999946355819	0	0
grouped5	fold_0	QGU	chr12	seismic_amplification	0.0385456271469593	0.7400000095367432	0	0
grouped5	fold_0	QGU	chr13	BFB	0.0853942483663559	0.3600000143051147	0	0
grouped5	fold_0	QGU	chr13	chromothripsis	0.0294712036848068	0.5199999809265137	0	0
grouped5	fold_0	QGU	chr13	ecDNA	0.1035184264183044	0.2399999946355819	0	0
grouped5	fold_0	QGU	chr13	seismic_amplification	0.0549627244472503	0.7400000095367432	0	0
grouped5	fold_0	QGU	chr14	BFB	0.0701652988791465	0.3600000143051147	0	0
grouped5	fold_0	QGU	chr14	chromothripsis	0.0349600799381732	0.5199999809265137	0	0
grouped5	fold_0	QGU	chr14	ecDNA	0.0812534391880035	0.2399999946355819	0	0
grouped5	fold_0	QGU	chr14	seismic_amplification	0.0550362654030323	0.7400000095367432	0	0
grouped5	fold_0	QGU	chr15	BFB	0.3232695460319519	0.3600000143051147	0	0
grouped5	fold_0	QGU	chr15	chromothripsis	0.0849747732281684	0.5199999809265137	0	0
grouped5	fold_0	QGU	chr15	ecDNA	0.1206392645835876	0.2399999946355819	0	0
grouped5	fold_0	QGU	chr15	seismic_amplification	0.0796002671122551	0.7400000095367432	0	0
grouped5	fold_0	QGU	chr16	BFB	0.1877005994319915	0.3600000143051147	0	0
grouped5	fold_0	QGU	chr16	chromothripsis	0.1965991109609604	0.5199999809265137	0	0
grouped5	fold_0	QGU	chr16	ecDNA	0.1238795965909957	0.2399999946355819	0	0
grouped5	fold_0	QGU	chr16	seismic_amplification	0.0419815294444561	0.7400000095367432	0	0
grouped5	fold_0	QGU	chr17	BFB	0.2674405872821808	0.3600000143051147	0	0
grouped5	fold_0	QGU	chr17	chromothripsis	0.1615510582923889	0.5199999809265137	0	0
grouped5	fold_0	QGU	chr17	ecDNA	0.1165417209267616	0.2399999946355819	0	0
grouped5	fold_0	QGU	chr17	seismic_amplification	0.0596653744578361	0.7400000095367432	0	0
grouped5	fold_0	QGU	chr18	BFB	0.6787911653518677	0.3600000143051147	1	1
grouped5	fold_0	QGU	chr18	chromothripsis	0.2006048560142517	0.5199999809265137	0	0
grouped5	fold_0	QGU	chr18	ecDNA	0.2136343270540237	0.2399999946355819	0	1
grouped5	fold_0	QGU	chr18	seismic_amplification	0.1478489935398101	0.7400000095367432	0	0
grouped5	fold_0	QGU	chr19	BFB	0.1669927835464477	0.3600000143051147	0	0
grouped5	fold_0	QGU	chr19	chromothripsis	0.0643059760332107	0.5199999809265137	0	0
grouped5	fold_0	QGU	chr19	ecDNA	0.1135541945695877	0.2399999946355819	0	0
grouped5	fold_0	QGU	chr19	seismic_amplification	0.0806774869561195	0.7400000095367432	0	0
grouped5	fold_0	QGU	chr2	BFB	0.2249277830123901	0.3600000143051147	0	0
grouped5	fold_0	QGU	chr2	chromothripsis	0.6837755441665649	0.5199999809265137	1	0
grouped5	fold_0	QGU	chr2	ecDNA	0.2194958478212356	0.2399999946355819	0	0
grouped5	fold_0	QGU	chr2	seismic_amplification	0.5455436110496521	0.7400000095367432	0	0
grouped5	fold_0	QGU	chr20	BFB	0.0855852141976356	0.3600000143051147	0	0
grouped5	fold_0	QGU	chr20	chromothripsis	0.075742982327938	0.5199999809265137	0	0
grouped5	fold_0	QGU	chr20	ecDNA	0.1041394099593162	0.2399999946355819	0	0
grouped5	fold_0	QGU	chr20	seismic_amplification	0.0694441348314285	0.7400000095367432	0	0
grouped5	fold_0	QGU	chr21	BFB	0.0554557293653488	0.3600000143051147	0	0
grouped5	fold_0	QGU	chr21	chromothripsis	0.0298989657312631	0.5199999809265137	0	0
grouped5	fold_0	QGU	chr21	ecDNA	0.0809291750192642	0.2399999946355819	0	0
grouped5	fold_0	QGU	chr21	seismic_amplification	0.0525953918695449	0.7400000095367432	0	0
grouped5	fold_0	QGU	chr22	BFB	0.1292404532432556	0.3600000143051147	0	0
grouped5	fold_0	QGU	chr22	chromothripsis	0.1650087088346481	0.5199999809265137	0	0
grouped5	fold_0	QGU	chr22	ecDNA	0.1013900116086006	0.2399999946355819	0	0
grouped5	fold_0	QGU	chr22	seismic_amplification	0.0587280318140983	0.7400000095367432	0	0
grouped5	fold_0	QGU	chr3	BFB	0.2141522169113159	0.3600000143051147	0	0
grouped5	fold_0	QGU	chr3	chromothripsis	0.4635291695594787	0.5199999809265137	0	0
grouped5	fold_0	QGU	chr3	ecDNA	0.1610682606697082	0.2399999946355819	0	0
grouped5	fold_0	QGU	chr3	seismic_amplification	0.1633042395114898	0.7400000095367432	0	0
grouped5	fold_0	QGU	chr4	BFB	0.0951947420835495	0.3600000143051147	0	0
grouped5	fold_0	QGU	chr4	chromothripsis	0.0541312098503112	0.5199999809265137	0	0
grouped5	fold_0	QGU	chr4	ecDNA	0.0770367234945297	0.2399999946355819	0	0
grouped5	fold_0	QGU	chr4	seismic_amplification	0.0493264347314834	0.7400000095367432	0	0
grouped5	fold_0	QGU	chr5	BFB	0.4812034964561462	0.3600000143051147	1	0
grouped5	fold_0	QGU	chr5	chromothripsis	0.1805631071329116	0.5199999809265137	0	0
grouped5	fold_0	QGU	chr5	ecDNA	0.1216726675629615	0.2399999946355819	0	0
grouped5	fold_0	QGU	chr5	seismic_amplification	0.0543846301734447	0.7400000095367432	0	0
grouped5	fold_0	QGU	chr6	BFB	0.0529154539108276	0.3600000143051147	0	0
grouped5	fold_0	QGU	chr6	chromothripsis	0.0267308242619037	0.5199999809265137	0	0
grouped5	fold_0	QGU	chr6	ecDNA	0.0672038495540618	0.2399999946355819	0	0
grouped5	fold_0	QGU	chr6	seismic_amplification	0.0366779379546642	0.7400000095367432	0	0
grouped5	fold_0	QGU	chr7	BFB	0.0846695080399513	0.3600000143051147	0	0
grouped5	fold_0	QGU	chr7	chromothripsis	0.0561023913323879	0.5199999809265137	0	0
grouped5	fold_0	QGU	chr7	ecDNA	0.0872378572821617	0.2399999946355819	0	0
grouped5	fold_0	QGU	chr7	seismic_amplification	0.0335166081786155	0.7400000095367432	0	0
grouped5	fold_0	QGU	chr8	BFB	0.1809960901737213	0.3600000143051147	0	0
grouped5	fold_0	QGU	chr8	chromothripsis	0.2704287469387054	0.5199999809265137	0	0
grouped5	fold_0	QGU	chr8	ecDNA	0.0907272845506668	0.2399999946355819	0	0
grouped5	fold_0	QGU	chr8	seismic_amplification	0.0518170446157455	0.7400000095367432	0	0
grouped5	fold_0	QGU	chr9	BFB	0.5500479340553284	0.3600000143051147	1	0
grouped5	fold_0	QGU	chr9	chromothripsis	0.1382886469364166	0.5199999809265137	0	0
grouped5	fold_0	QGU	chr9	ecDNA	0.2411103397607803	0.2399999946355819	1	0
grouped5	fold_0	QGU	chr9	seismic_amplification	0.0667346939444542	0.7400000095367432	0	0
grouped5	fold_0	QGU	chrX	BFB	0.0804621502757072	0.3600000143051147	0	0
grouped5	fold_0	QGU	chrX	chromothripsis	0.0468866750597953	0.5199999809265137	0	0
grouped5	fold_0	QGU	chrX	ecDNA	0.115315742790699	0.2399999946355819	0	0
grouped5	fold_0	QGU	chrX	seismic_amplification	0.0482282526791095	0.7400000095367432	0	0
grouped5	fold_0	SNU17	chr1	BFB	0.095593012869358	0.3600000143051147	0	0
grouped5	fold_0	SNU17	chr1	chromothripsis	0.0674328804016113	0.5199999809265137	0	0
grouped5	fold_0	SNU17	chr1	ecDNA	0.1465153396129608	0.2399999946355819	0	0
grouped5	fold_0	SNU17	chr1	seismic_amplification	0.0884213596582412	0.7400000095367432	0	0
grouped5	fold_0	SNU17	chr10	BFB	0.0985414311289787	0.3600000143051147	0	0
grouped5	fold_0	SNU17	chr10	chromothripsis	0.0284333657473325	0.5199999809265137	0	0
grouped5	fold_0	SNU17	chr10	ecDNA	0.0935976728796958	0.2399999946355819	0	0
grouped5	fold_0	SNU17	chr10	seismic_amplification	0.0559438653290271	0.7400000095367432	0	0
grouped5	fold_0	SNU17	chr11	BFB	0.1365587264299392	0.3600000143051147	0	0
grouped5	fold_0	SNU17	chr11	chromothripsis	0.0564621984958648	0.5199999809265137	0	0
grouped5	fold_0	SNU17	chr11	ecDNA	0.1071700826287269	0.2399999946355819	0	0
grouped5	fold_0	SNU17	chr11	seismic_amplification	0.0601142719388008	0.7400000095367432	0	0
grouped5	fold_0	SNU17	chr12	BFB	0.0816603079438209	0.3600000143051147	0	0
grouped5	fold_0	SNU17	chr12	chromothripsis	0.0275265555828809	0.5199999809265137	0	0
grouped5	fold_0	SNU17	chr12	ecDNA	0.0976681783795356	0.2399999946355819	0	0
grouped5	fold_0	SNU17	chr12	seismic_amplification	0.0501845553517341	0.7400000095367432	0	0
grouped5	fold_0	SNU17	chr13	BFB	0.0831661447882652	0.3600000143051147	0	0
grouped5	fold_0	SNU17	chr13	chromothripsis	0.028950298205018	0.5199999809265137	0	0
grouped5	fold_0	SNU17	chr13	ecDNA	0.0969476327300071	0.2399999946355819	0	0
grouped5	fold_0	SNU17	chr13	seismic_amplification	0.0410856194794178	0.7400000095367432	0	0
grouped5	fold_0	SNU17	chr14	BFB	0.3726730048656463	0.3600000143051147	1	0
grouped5	fold_0	SNU17	chr14	chromothripsis	0.1500075608491897	0.5199999809265137	0	0
grouped5	fold_0	SNU17	chr14	ecDNA	0.2633735537528991	0.2399999946355819	1	0
grouped5	fold_0	SNU17	chr14	seismic_amplification	0.0688041523098945	0.7400000095367432	0	0
grouped5	fold_0	SNU17	chr15	BFB	0.1007705256342887	0.3600000143051147	0	0
grouped5	fold_0	SNU17	chr15	chromothripsis	0.0330499112606048	0.5199999809265137	0	0
grouped5	fold_0	SNU17	chr15	ecDNA	0.1246436461806297	0.2399999946355819	0	0
grouped5	fold_0	SNU17	chr15	seismic_amplification	0.0456822104752063	0.7400000095367432	0	0
grouped5	fold_0	SNU17	chr16	BFB	0.2475279122591018	0.3600000143051147	0	0
grouped5	fold_0	SNU17	chr16	chromothripsis	0.0965066850185394	0.5199999809265137	0	0
grouped5	fold_0	SNU17	chr16	ecDNA	0.1899778395891189	0.2399999946355819	0	0
grouped5	fold_0	SNU17	chr16	seismic_amplification	0.0802269726991653	0.7400000095367432	0	0
grouped5	fold_0	SNU17	chr17	BFB	0.3298235833644867	0.3600000143051147	0	0
grouped5	fold_0	SNU17	chr17	chromothripsis	0.1083496883511543	0.5199999809265137	0	0
grouped5	fold_0	SNU17	chr17	ecDNA	0.1202007681131362	0.2399999946355819	0	0
grouped5	fold_0	SNU17	chr17	seismic_amplification	0.0761666968464851	0.7400000095367432	0	0
grouped5	fold_0	SNU17	chr18	BFB	0.083340436220169	0.3600000143051147	0	0
grouped5	fold_0	SNU17	chr18	chromothripsis	0.088926613330841	0.5199999809265137	0	0
grouped5	fold_0	SNU17	chr18	ecDNA	0.1301711052656173	0.2399999946355819	0	0
grouped5	fold_0	SNU17	chr18	seismic_amplification	0.1025391221046447	0.7400000095367432	0	0
grouped5	fold_0	SNU17	chr19	BFB	0.1146598756313324	0.3600000143051147	0	0
grouped5	fold_0	SNU17	chr19	chromothripsis	0.2476978600025177	0.5199999809265137	0	0
grouped5	fold_0	SNU17	chr19	ecDNA	0.1304060518741607	0.2399999946355819	0	0
grouped5	fold_0	SNU17	chr19	seismic_amplification	0.0873274654150009	0.7400000095367432	0	0
grouped5	fold_0	SNU17	chr2	BFB	0.1038481220602989	0.3600000143051147	0	0
grouped5	fold_0	SNU17	chr2	chromothripsis	0.1431618779897689	0.5199999809265137	0	0
grouped5	fold_0	SNU17	chr2	ecDNA	0.1383102238178253	0.2399999946355819	0	0
grouped5	fold_0	SNU17	chr2	seismic_amplification	0.1346908062696457	0.7400000095367432	0	0
grouped5	fold_0	SNU17	chr20	BFB	0.7576245069503784	0.3600000143051147	1	0
grouped5	fold_0	SNU17	chr20	chromothripsis	0.2097336500883102	0.5199999809265137	0	0
grouped5	fold_0	SNU17	chr20	ecDNA	0.2326289862394333	0.2399999946355819	0	0
grouped5	fold_0	SNU17	chr20	seismic_amplification	0.1269509196281433	0.7400000095367432	0	0
grouped5	fold_0	SNU17	chr21	BFB	0.0748839303851127	0.3600000143051147	0	0
grouped5	fold_0	SNU17	chr21	chromothripsis	0.0288838315755128	0.5199999809265137	0	0
grouped5	fold_0	SNU17	chr21	ecDNA	0.0893705710768699	0.2399999946355819	0	0
grouped5	fold_0	SNU17	chr21	seismic_amplification	0.0529111921787261	0.7400000095367432	0	0
grouped5	fold_0	SNU17	chr22	BFB	0.0837235227227211	0.3600000143051147	0	0
grouped5	fold_0	SNU17	chr22	chromothripsis	0.0319895483553409	0.5199999809265137	0	0
grouped5	fold_0	SNU17	chr22	ecDNA	0.0979112759232521	0.2399999946355819	0	0
grouped5	fold_0	SNU17	chr22	seismic_amplification	0.0456027910113334	0.7400000095367432	0	0
grouped5	fold_0	SNU17	chr3	BFB	0.1769852638244629	0.3600000143051147	0	0
grouped5	fold_0	SNU17	chr3	chromothripsis	0.0898285284638404	0.5199999809265137	0	0
grouped5	fold_0	SNU17	chr3	ecDNA	0.150120347738266	0.2399999946355819	0	0
grouped5	fold_0	SNU17	chr3	seismic_amplification	0.0583000145852565	0.7400000095367432	0	0
grouped5	fold_0	SNU17	chr4	BFB	0.2785935997962951	0.3600000143051147	0	0
grouped5	fold_0	SNU17	chr4	chromothripsis	0.3640173375606537	0.5199999809265137	0	1
grouped5	fold_0	SNU17	chr4	ecDNA	0.3077504634857178	0.2399999946355819	1	0
grouped5	fold_0	SNU17	chr4	seismic_amplification	0.2731310129165649	0.7400000095367432	0	0
grouped5	fold_0	SNU17	chr5	BFB	0.1117251813411712	0.3600000143051147	0	0
grouped5	fold_0	SNU17	chr5	chromothripsis	0.0972641929984092	0.5199999809265137	0	0
grouped5	fold_0	SNU17	chr5	ecDNA	0.1353348642587661	0.2399999946355819	0	0
grouped5	fold_0	SNU17	chr5	seismic_amplification	0.097988836467266	0.7400000095367432	0	0
grouped5	fold_0	SNU17	chr6	BFB	0.1316258013248443	0.3600000143051147	0	0
grouped5	fold_0	SNU17	chr6	chromothripsis	0.0692081674933433	0.5199999809265137	0	0
grouped5	fold_0	SNU17	chr6	ecDNA	0.1392828077077865	0.2399999946355819	0	0
grouped5	fold_0	SNU17	chr6	seismic_amplification	0.0544315427541732	0.7400000095367432	0	0
grouped5	fold_0	SNU17	chr7	BFB	0.0725597366690635	0.3600000143051147	0	0
grouped5	fold_0	SNU17	chr7	chromothripsis	0.024162421002984	0.5199999809265137	0	0
grouped5	fold_0	SNU17	chr7	ecDNA	0.0879096388816833	0.2399999946355819	0	0
grouped5	fold_0	SNU17	chr7	seismic_amplification	0.0480829738080501	0.7400000095367432	0	0
grouped5	fold_0	SNU17	chr8	BFB	0.1099373921751976	0.3600000143051147	0	0
grouped5	fold_0	SNU17	chr8	chromothripsis	0.0460709705948829	0.5199999809265137	0	0
grouped5	fold_0	SNU17	chr8	ecDNA	0.1257375478744506	0.2399999946355819	0	0
grouped5	fold_0	SNU17	chr8	seismic_amplification	0.0698578134179115	0.7400000095367432	0	0
grouped5	fold_0	SNU17	chr9	BFB	0.0957733392715454	0.3600000143051147	0	0
grouped5	fold_0	SNU17	chr9	chromothripsis	0.0902739316225051	0.5199999809265137	0	0
grouped5	fold_0	SNU17	chr9	ecDNA	0.1220459938049316	0.2399999946355819	0	0
grouped5	fold_0	SNU17	chr9	seismic_amplification	0.0753586068749427	0.7400000095367432	0	0
grouped5	fold_0	SNU17	chrX	BFB	0.088296353816986	0.3600000143051147	0	0
grouped5	fold_0	SNU17	chrX	chromothripsis	0.0570556409657001	0.5199999809265137	0	0
grouped5	fold_0	SNU17	chrX	ecDNA	0.1271086484193802	0.2399999946355819	0	0
grouped5	fold_0	SNU17	chrX	seismic_amplification	0.0645825788378715	0.7400000095367432	0	0
grouped5	fold_0	SNU902	chr1	BFB	0.0720076188445091	0.3600000143051147	0	0
grouped5	fold_0	SNU902	chr1	chromothripsis	0.0318386442959308	0.5199999809265137	0	0
grouped5	fold_0	SNU902	chr1	ecDNA	0.0942616537213325	0.2399999946355819	0	0
grouped5	fold_0	SNU902	chr1	seismic_amplification	0.0533292330801487	0.7400000095367432	0	0
grouped5	fold_0	SNU902	chr10	BFB	0.6248969435691833	0.3600000143051147	1	0
grouped5	fold_0	SNU902	chr10	chromothripsis	0.274669200181961	0.5199999809265137	0	1
grouped5	fold_0	SNU902	chr10	ecDNA	0.1479558944702148	0.2399999946355819	0	0
grouped5	fold_0	SNU902	chr10	seismic_amplification	0.1162694990634918	0.7400000095367432	0	0
grouped5	fold_0	SNU902	chr11	BFB	0.2434569746255874	0.3600000143051147	0	0
grouped5	fold_0	SNU902	chr11	chromothripsis	0.1484155356884002	0.5199999809265137	0	0
grouped5	fold_0	SNU902	chr11	ecDNA	0.2038683742284774	0.2399999946355819	0	0
grouped5	fold_0	SNU902	chr11	seismic_amplification	0.0752750933170318	0.7400000095367432	0	0
grouped5	fold_0	SNU902	chr12	BFB	0.0679693073034286	0.3600000143051147	0	0
grouped5	fold_0	SNU902	chr12	chromothripsis	0.0435307919979095	0.5199999809265137	0	0
grouped5	fold_0	SNU902	chr12	ecDNA	0.0947028622031211	0.2399999946355819	0	0
grouped5	fold_0	SNU902	chr12	seismic_amplification	0.0550167895853519	0.7400000095367432	0	0
grouped5	fold_0	SNU902	chr13	BFB	0.0862164869904518	0.3600000143051147	0	0
grouped5	fold_0	SNU902	chr13	chromothripsis	0.025157356634736	0.5199999809265137	0	0
grouped5	fold_0	SNU902	chr13	ecDNA	0.0971802622079849	0.2399999946355819	0	0
grouped5	fold_0	SNU902	chr13	seismic_amplification	0.0486327931284904	0.7400000095367432	0	0
grouped5	fold_0	SNU902	chr14	BFB	0.0866072252392768	0.3600000143051147	0	0
grouped5	fold_0	SNU902	chr14	chromothripsis	0.0434517040848732	0.5199999809265137	0	0
grouped5	fold_0	SNU902	chr14	ecDNA	0.1053156480193138	0.2399999946355819	0	0
grouped5	fold_0	SNU902	chr14	seismic_amplification	0.0569665394723415	0.7400000095367432	0	0
grouped5	fold_0	SNU902	chr15	BFB	0.1192738488316536	0.3600000143051147	0	0
grouped5	fold_0	SNU902	chr15	chromothripsis	0.1923964917659759	0.5199999809265137	0	0
grouped5	fold_0	SNU902	chr15	ecDNA	0.1232802122831344	0.2399999946355819	0	0
grouped5	fold_0	SNU902	chr15	seismic_amplification	0.0799567550420761	0.7400000095367432	0	0
grouped5	fold_0	SNU902	chr16	BFB	0.5317592024803162	0.3600000143051147	1	0
grouped5	fold_0	SNU902	chr16	chromothripsis	0.0836432576179504	0.5199999809265137	0	0
grouped5	fold_0	SNU902	chr16	ecDNA	0.1682266891002655	0.2399999946355819	0	0
grouped5	fold_0	SNU902	chr16	seismic_amplification	0.090766966342926	0.7400000095367432	0	0
grouped5	fold_0	SNU902	chr17	BFB	0.079241544008255	0.3600000143051147	0	0
grouped5	fold_0	SNU902	chr17	chromothripsis	0.0365813486278057	0.5199999809265137	0	0
grouped5	fold_0	SNU902	chr17	ecDNA	0.0831157118082046	0.2399999946355819	0	0
grouped5	fold_0	SNU902	chr17	seismic_amplification	0.0422780588269233	0.7400000095367432	0	0
grouped5	fold_0	SNU902	chr18	BFB	0.0783557593822479	0.3600000143051147	0	0
grouped5	fold_0	SNU902	chr18	chromothripsis	0.0337454937398433	0.5199999809265137	0	0
grouped5	fold_0	SNU902	chr18	ecDNA	0.0994372814893722	0.2399999946355819	0	0
grouped5	fold_0	SNU902	chr18	seismic_amplification	0.0490784868597984	0.7400000095367432	0	0
grouped5	fold_0	SNU902	chr19	BFB	0.540648341178894	0.3600000143051147	1	1
grouped5	fold_0	SNU902	chr19	chromothripsis	0.2529243528842926	0.5199999809265137	0	0
grouped5	fold_0	SNU902	chr19	ecDNA	0.2786882221698761	0.2399999946355819	1	1
grouped5	fold_0	SNU902	chr19	seismic_amplification	0.1956449598073959	0.7400000095367432	0	1
grouped5	fold_0	SNU902	chr2	BFB	0.0656715109944343	0.3600000143051147	0	0
grouped5	fold_0	SNU902	chr2	chromothripsis	0.0263533536344766	0.5199999809265137	0	0
grouped5	fold_0	SNU902	chr2	ecDNA	0.0857851430773735	0.2399999946355819	0	0
grouped5	fold_0	SNU902	chr2	seismic_amplification	0.0482462048530578	0.7400000095367432	0	0
grouped5	fold_0	SNU902	chr20	BFB	0.132128357887268	0.3600000143051147	0	0
grouped5	fold_0	SNU902	chr20	chromothripsis	0.0506898500025272	0.5199999809265137	0	0
grouped5	fold_0	SNU902	chr20	ecDNA	0.1283240020275116	0.2399999946355819	0	0
grouped5	fold_0	SNU902	chr20	seismic_amplification	0.0515422187745571	0.7400000095367432	0	0
grouped5	fold_0	SNU902	chr21	BFB	0.0788672342896461	0.3600000143051147	0	0
grouped5	fold_0	SNU902	chr21	chromothripsis	0.0245581585913896	0.5199999809265137	0	0
grouped5	fold_0	SNU902	chr21	ecDNA	0.0999607816338539	0.2399999946355819	0	0
grouped5	fold_0	SNU902	chr21	seismic_amplification	0.0447977147996425	0.7400000095367432	0	0
grouped5	fold_0	SNU902	chr22	BFB	0.1079475358128547	0.3600000143051147	0	0
grouped5	fold_0	SNU902	chr22	chromothripsis	0.0752782896161079	0.5199999809265137	0	0
grouped5	fold_0	SNU902	chr22	ecDNA	0.1248765587806701	0.2399999946355819	0	0
grouped5	fold_0	SNU902	chr22	seismic_amplification	0.0990475565195083	0.7400000095367432	0	0
grouped5	fold_0	SNU902	chr3	BFB	0.1964875608682632	0.3600000143051147	0	0
grouped5	fold_0	SNU902	chr3	chromothripsis	0.2318329364061355	0.5199999809265137	0	0
grouped5	fold_0	SNU902	chr3	ecDNA	0.1334966719150543	0.2399999946355819	0	0
grouped5	fold_0	SNU902	chr3	seismic_amplification	0.0796691179275512	0.7400000095367432	0	0
grouped5	fold_0	SNU902	chr4	BFB	0.0703967064619064	0.3600000143051147	0	0
grouped5	fold_0	SNU902	chr4	chromothripsis	0.0342460349202156	0.5199999809265137	0	0
grouped5	fold_0	SNU902	chr4	ecDNA	0.1009122505784034	0.2399999946355819	0	0
grouped5	fold_0	SNU902	chr4	seismic_amplification	0.0424307323992252	0.7400000095367432	0	0
grouped5	fold_0	SNU902	chr5	BFB	0.0772686824202537	0.3600000143051147	0	0
grouped5	fold_0	SNU902	chr5	chromothripsis	0.0465317890048027	0.5199999809265137	0	0
grouped5	fold_0	SNU902	chr5	ecDNA	0.0959710553288459	0.2399999946355819	0	0
grouped5	fold_0	SNU902	chr5	seismic_amplification	0.0536216087639331	0.7400000095367432	0	0
grouped5	fold_0	SNU902	chr6	BFB	0.2407076805830001	0.3600000143051147	0	0
grouped5	fold_0	SNU902	chr6	chromothripsis	0.0396695360541343	0.5199999809265137	0	0
grouped5	fold_0	SNU902	chr6	ecDNA	0.1621144860982895	0.2399999946355819	0	0
grouped5	fold_0	SNU902	chr6	seismic_amplification	0.0566617250442504	0.7400000095367432	0	0
grouped5	fold_0	SNU902	chr7	BFB	0.0881389081478118	0.3600000143051147	0	0
grouped5	fold_0	SNU902	chr7	chromothripsis	0.0299696307629346	0.5199999809265137	0	0
grouped5	fold_0	SNU902	chr7	ecDNA	0.1070708706974983	0.2399999946355819	0	0
grouped5	fold_0	SNU902	chr7	seismic_amplification	0.0547878481447696	0.7400000095367432	0	0
grouped5	fold_0	SNU902	chr8	BFB	0.0809080153703689	0.3600000143051147	0	0
grouped5	fold_0	SNU902	chr8	chromothripsis	0.0387303754687309	0.5199999809265137	0	0
grouped5	fold_0	SNU902	chr8	ecDNA	0.1078184023499488	0.2399999946355819	0	0
grouped5	fold_0	SNU902	chr8	seismic_amplification	0.0609279945492744	0.7400000095367432	0	0
grouped5	fold_0	SNU902	chr9	BFB	0.0967137217521667	0.3600000143051147	0	0
grouped5	fold_0	SNU902	chr9	chromothripsis	0.0309568829834461	0.5199999809265137	0	0
grouped5	fold_0	SNU902	chr9	ecDNA	0.1137026399374008	0.2399999946355819	0	0
grouped5	fold_0	SNU902	chr9	seismic_amplification	0.0520851276814937	0.7400000095367432	0	0
grouped5	fold_0	SNU902	chrX	BFB	0.0696619227528572	0.3600000143051147	0	0
grouped5	fold_0	SNU902	chrX	chromothripsis	0.0306624975055456	0.5199999809265137	0	0
grouped5	fold_0	SNU902	chrX	ecDNA	0.0948108881711959	0.2399999946355819	0	0
grouped5	fold_0	SNU902	chrX	seismic_amplification	0.0509278178215026	0.7400000095367432	0	0
grouped5	fold_1	AU565	chr1	BFB	0.0389660522341728	0.1800000071525573	0	0
grouped5	fold_1	AU565	chr1	chromothripsis	0.0580663830041885	0.6600000262260437	0	0
grouped5	fold_1	AU565	chr1	ecDNA	0.0506517067551612	0.209999993443489	0	0
grouped5	fold_1	AU565	chr1	seismic_amplification	0.0843603163957595	0.4399999976158142	0	0
grouped5	fold_1	AU565	chr10	BFB	0.2503231465816498	0.1800000071525573	1	0
grouped5	fold_1	AU565	chr10	chromothripsis	0.7588894963264465	0.6600000262260437	1	1
grouped5	fold_1	AU565	chr10	ecDNA	0.1388582438230514	0.209999993443489	0	0
grouped5	fold_1	AU565	chr10	seismic_amplification	0.4297002255916595	0.4399999976158142	0	0
grouped5	fold_1	AU565	chr11	BFB	0.035882756114006	0.1800000071525573	0	0
grouped5	fold_1	AU565	chr11	chromothripsis	0.0422509387135505	0.6600000262260437	0	0
grouped5	fold_1	AU565	chr11	ecDNA	0.0450431704521179	0.209999993443489	0	0
grouped5	fold_1	AU565	chr11	seismic_amplification	0.0595470629632473	0.4399999976158142	0	0
grouped5	fold_1	AU565	chr12	BFB	0.0337547473609447	0.1800000071525573	0	0
grouped5	fold_1	AU565	chr12	chromothripsis	0.0428604111075401	0.6600000262260437	0	0
grouped5	fold_1	AU565	chr12	ecDNA	0.0397326648235321	0.209999993443489	0	0
grouped5	fold_1	AU565	chr12	seismic_amplification	0.0465219505131244	0.4399999976158142	0	0
grouped5	fold_1	AU565	chr13	BFB	0.0710574612021446	0.1800000071525573	0	0
grouped5	fold_1	AU565	chr13	chromothripsis	0.0745593309402465	0.6600000262260437	0	0
grouped5	fold_1	AU565	chr13	ecDNA	0.0597743242979049	0.209999993443489	0	0
grouped5	fold_1	AU565	chr13	seismic_amplification	0.0934760570526123	0.4399999976158142	0	0
grouped5	fold_1	AU565	chr14	BFB	0.127183586359024	0.1800000071525573	0	0
grouped5	fold_1	AU565	chr14	chromothripsis	0.6292545199394226	0.6600000262260437	0	0
grouped5	fold_1	AU565	chr14	ecDNA	0.0951568931341171	0.209999993443489	0	0
grouped5	fold_1	AU565	chr14	seismic_amplification	0.6492612361907959	0.4399999976158142	1	0
grouped5	fold_1	AU565	chr15	BFB	0.0404604263603687	0.1800000071525573	0	0
grouped5	fold_1	AU565	chr15	chromothripsis	0.1427681297063827	0.6600000262260437	0	0
grouped5	fold_1	AU565	chr15	ecDNA	0.0490770637989044	0.209999993443489	0	0
grouped5	fold_1	AU565	chr15	seismic_amplification	0.0842221900820732	0.4399999976158142	0	0
grouped5	fold_1	AU565	chr16	BFB	0.0363210961222648	0.1800000071525573	0	0
grouped5	fold_1	AU565	chr16	chromothripsis	0.0408514253795146	0.6600000262260437	0	0
grouped5	fold_1	AU565	chr16	ecDNA	0.0479416064918041	0.209999993443489	0	0
grouped5	fold_1	AU565	chr16	seismic_amplification	0.0640782713890075	0.4399999976158142	0	0
grouped5	fold_1	AU565	chr17	BFB	0.7719895839691162	0.1800000071525573	1	0
grouped5	fold_1	AU565	chr17	chromothripsis	0.2798836827278137	0.6600000262260437	0	0
grouped5	fold_1	AU565	chr17	ecDNA	0.5971688628196716	0.209999993443489	1	0
grouped5	fold_1	AU565	chr17	seismic_amplification	0.3849940001964569	0.4399999976158142	0	0
grouped5	fold_1	AU565	chr18	BFB	0.1040908843278884	0.1800000071525573	0	0
grouped5	fold_1	AU565	chr18	chromothripsis	0.2380077540874481	0.6600000262260437	0	0
grouped5	fold_1	AU565	chr18	ecDNA	0.0567142553627491	0.209999993443489	0	0
grouped5	fold_1	AU565	chr18	seismic_amplification	0.1482013761997223	0.4399999976158142	0	0
grouped5	fold_1	AU565	chr19	BFB	0.0452236831188201	0.1800000071525573	0	0
grouped5	fold_1	AU565	chr19	chromothripsis	0.059957880526781	0.6600000262260437	0	0
grouped5	fold_1	AU565	chr19	ecDNA	0.0594972930848598	0.209999993443489	0	0
grouped5	fold_1	AU565	chr19	seismic_amplification	0.09334547072649	0.4399999976158142	0	0
grouped5	fold_1	AU565	chr2	BFB	0.102472074329853	0.1800000071525573	0	0
grouped5	fold_1	AU565	chr2	chromothripsis	0.2908993363380432	0.6600000262260437	0	0
grouped5	fold_1	AU565	chr2	ecDNA	0.0560520626604557	0.209999993443489	0	0
grouped5	fold_1	AU565	chr2	seismic_amplification	0.1284577995538711	0.4399999976158142	0	0
grouped5	fold_1	AU565	chr20	BFB	0.2143243253231048	0.1800000071525573	1	0
grouped5	fold_1	AU565	chr20	chromothripsis	0.7209004163742065	0.6600000262260437	1	1
grouped5	fold_1	AU565	chr20	ecDNA	0.1891264766454696	0.209999993443489	0	0
grouped5	fold_1	AU565	chr20	seismic_amplification	0.8511883020401001	0.4399999976158142	1	1
grouped5	fold_1	AU565	chr21	BFB	0.033414002507925	0.1800000071525573	0	0
grouped5	fold_1	AU565	chr21	chromothripsis	0.0386568643152713	0.6600000262260437	0	0
grouped5	fold_1	AU565	chr21	ecDNA	0.0409779995679855	0.209999993443489	0	0
grouped5	fold_1	AU565	chr21	seismic_amplification	0.084243893623352	0.4399999976158142	0	0
grouped5	fold_1	AU565	chr22	BFB	0.0665157735347747	0.1800000071525573	0	0
grouped5	fold_1	AU565	chr22	chromothripsis	0.1010475680232048	0.6600000262260437	0	0
grouped5	fold_1	AU565	chr22	ecDNA	0.0497958175837993	0.209999993443489	0	0
grouped5	fold_1	AU565	chr22	seismic_amplification	0.1372243016958236	0.4399999976158142	0	0
grouped5	fold_1	AU565	chr3	BFB	0.1796611845493316	0.1800000071525573	0	0
grouped5	fold_1	AU565	chr3	chromothripsis	0.7598968148231506	0.6600000262260437	1	0
grouped5	fold_1	AU565	chr3	ecDNA	0.1109685376286506	0.209999993443489	0	0
grouped5	fold_1	AU565	chr3	seismic_amplification	0.664257287979126	0.4399999976158142	1	0
grouped5	fold_1	AU565	chr4	BFB	0.0664369389414787	0.1800000071525573	0	0
grouped5	fold_1	AU565	chr4	chromothripsis	0.2145018130540847	0.6600000262260437	0	0
grouped5	fold_1	AU565	chr4	ecDNA	0.0883374139666557	0.209999993443489	0	0
grouped5	fold_1	AU565	chr4	seismic_amplification	0.1568803042173385	0.4399999976158142	0	0
grouped5	fold_1	AU565	chr5	BFB	0.182588517665863	0.1800000071525573	1	0
grouped5	fold_1	AU565	chr5	chromothripsis	0.7727843523025513	0.6600000262260437	1	0
grouped5	fold_1	AU565	chr5	ecDNA	0.1077380403876304	0.209999993443489	0	0
grouped5	fold_1	AU565	chr5	seismic_amplification	0.7622482776641846	0.4399999976158142	1	0
grouped5	fold_1	AU565	chr6	BFB	0.5480510592460632	0.1800000071525573	1	0
grouped5	fold_1	AU565	chr6	chromothripsis	0.702014684677124	0.6600000262260437	1	0
grouped5	fold_1	AU565	chr6	ecDNA	0.320328414440155	0.209999993443489	1	0
grouped5	fold_1	AU565	chr6	seismic_amplification	0.474251925945282	0.4399999976158142	1	0
grouped5	fold_1	AU565	chr7	BFB	0.8808014988899231	0.1800000071525573	1	1
grouped5	fold_1	AU565	chr7	chromothripsis	0.1824039220809936	0.6600000262260437	0	0
grouped5	fold_1	AU565	chr7	ecDNA	0.701605498790741	0.209999993443489	1	0
grouped5	fold_1	AU565	chr7	seismic_amplification	0.2567106187343597	0.4399999976158142	0	0
grouped5	fold_1	AU565	chr8	BFB	0.7722111344337463	0.1800000071525573	1	1
grouped5	fold_1	AU565	chr8	chromothripsis	0.3746226727962494	0.6600000262260437	0	0
grouped5	fold_1	AU565	chr8	ecDNA	0.5042897462844849	0.209999993443489	1	0
grouped5	fold_1	AU565	chr8	seismic_amplification	0.5304908156394958	0.4399999976158142	1	1
grouped5	fold_1	AU565	chr9	BFB	0.0463158339262008	0.1800000071525573	0	0
grouped5	fold_1	AU565	chr9	chromothripsis	0.1016639322042465	0.6600000262260437	0	0
grouped5	fold_1	AU565	chr9	ecDNA	0.0474801436066627	0.209999993443489	0	0
grouped5	fold_1	AU565	chr9	seismic_amplification	0.0700533762574195	0.4399999976158142	0	0
grouped5	fold_1	AU565	chrX	BFB	0.1727377772331237	0.1800000071525573	0	0
grouped5	fold_1	AU565	chrX	chromothripsis	0.7422278523445129	0.6600000262260437	1	0
grouped5	fold_1	AU565	chrX	ecDNA	0.1019383817911148	0.209999993443489	0	0
grouped5	fold_1	AU565	chrX	seismic_amplification	0.5437881350517273	0.4399999976158142	1	0
grouped5	fold_1	HT3	chr1	BFB	0.0278124175965785	0.1800000071525573	0	0
grouped5	fold_1	HT3	chr1	chromothripsis	0.073702372610569	0.6600000262260437	0	0
grouped5	fold_1	HT3	chr1	ecDNA	0.045792669057846	0.209999993443489	0	0
grouped5	fold_1	HT3	chr1	seismic_amplification	0.0543208196759223	0.4399999976158142	0	0
grouped5	fold_1	HT3	chr10	BFB	0.1662899255752563	0.1800000071525573	0	0
grouped5	fold_1	HT3	chr10	chromothripsis	0.0964747369289398	0.6600000262260437	0	0
grouped5	fold_1	HT3	chr10	ecDNA	0.1457159668207168	0.209999993443489	0	0
grouped5	fold_1	HT3	chr10	seismic_amplification	0.0937425792217254	0.4399999976158142	0	0
grouped5	fold_1	HT3	chr11	BFB	0.087730661034584	0.1800000071525573	0	0
grouped5	fold_1	HT3	chr11	chromothripsis	0.1348120421171188	0.6600000262260437	0	0
grouped5	fold_1	HT3	chr11	ecDNA	0.0390969924628734	0.209999993443489	0	0
grouped5	fold_1	HT3	chr11	seismic_amplification	0.0807574167847633	0.4399999976158142	0	0
grouped5	fold_1	HT3	chr12	BFB	0.0412231795489788	0.1800000071525573	0	0
grouped5	fold_1	HT3	chr12	chromothripsis	0.0609860010445117	0.6600000262260437	0	0
grouped5	fold_1	HT3	chr12	ecDNA	0.0588233582675457	0.209999993443489	0	0
grouped5	fold_1	HT3	chr12	seismic_amplification	0.0669537112116813	0.4399999976158142	0	0
grouped5	fold_1	HT3	chr13	BFB	0.0807985737919807	0.1800000071525573	0	0
grouped5	fold_1	HT3	chr13	chromothripsis	0.0437410175800323	0.6600000262260437	0	0
grouped5	fold_1	HT3	chr13	ecDNA	0.041370004415512	0.209999993443489	0	0
grouped5	fold_1	HT3	chr13	seismic_amplification	0.0775902718305587	0.4399999976158142	0	0
grouped5	fold_1	HT3	chr14	BFB	0.0361626707017421	0.1800000071525573	0	0
grouped5	fold_1	HT3	chr14	chromothripsis	0.0372069180011749	0.6600000262260437	0	0
grouped5	fold_1	HT3	chr14	ecDNA	0.0319844298064708	0.209999993443489	0	0
grouped5	fold_1	HT3	chr14	seismic_amplification	0.0649193748831749	0.4399999976158142	0	0
grouped5	fold_1	HT3	chr15	BFB	0.0448082499206066	0.1800000071525573	0	0
grouped5	fold_1	HT3	chr15	chromothripsis	0.0563901104032993	0.6600000262260437	0	0
grouped5	fold_1	HT3	chr15	ecDNA	0.0454032719135284	0.209999993443489	0	0
grouped5	fold_1	HT3	chr15	seismic_amplification	0.1062344014644622	0.4399999976158142	0	0
grouped5	fold_1	HT3	chr16	BFB	0.041461743414402	0.1800000071525573	0	0
grouped5	fold_1	HT3	chr16	chromothripsis	0.0510644689202308	0.6600000262260437	0	0
grouped5	fold_1	HT3	chr16	ecDNA	0.0426814891397953	0.209999993443489	0	0
grouped5	fold_1	HT3	chr16	seismic_amplification	0.0481212362647056	0.4399999976158142	0	0
grouped5	fold_1	HT3	chr17	BFB	0.6264413595199585	0.1800000071525573	1	1
grouped5	fold_1	HT3	chr17	chromothripsis	0.4257733225822449	0.6600000262260437	0	0
grouped5	fold_1	HT3	chr17	ecDNA	0.4387775063514709	0.209999993443489	1	0
grouped5	fold_1	HT3	chr17	seismic_amplification	0.2857561707496643	0.4399999976158142	0	0
grouped5	fold_1	HT3	chr18	BFB	0.0899053066968917	0.1800000071525573	0	0
grouped5	fold_1	HT3	chr18	chromothripsis	0.1090232133865356	0.6600000262260437	0	0
grouped5	fold_1	HT3	chr18	ecDNA	0.0494264997541904	0.209999993443489	0	0
grouped5	fold_1	HT3	chr18	seismic_amplification	0.097122423350811	0.4399999976158142	0	0
grouped5	fold_1	HT3	chr19	BFB	0.0426172092556953	0.1800000071525573	0	0
grouped5	fold_1	HT3	chr19	chromothripsis	0.0358742699027061	0.6600000262260437	0	0
grouped5	fold_1	HT3	chr19	ecDNA	0.0522144064307212	0.209999993443489	0	0
grouped5	fold_1	HT3	chr19	seismic_amplification	0.06789281219244	0.4399999976158142	0	0
grouped5	fold_1	HT3	chr2	BFB	0.1106387302279472	0.1800000071525573	0	0
grouped5	fold_1	HT3	chr2	chromothripsis	0.4488737285137176	0.6600000262260437	0	1
grouped5	fold_1	HT3	chr2	ecDNA	0.0450615733861923	0.209999993443489	0	0
grouped5	fold_1	HT3	chr2	seismic_amplification	0.1759553551673889	0.4399999976158142	0	0
grouped5	fold_1	HT3	chr20	BFB	0.0259092971682548	0.1800000071525573	0	0
grouped5	fold_1	HT3	chr20	chromothripsis	0.0328846834599971	0.6600000262260437	0	0
grouped5	fold_1	HT3	chr20	ecDNA	0.0324317663908004	0.209999993443489	0	0
grouped5	fold_1	HT3	chr20	seismic_amplification	0.0550807751715183	0.4399999976158142	0	0
grouped5	fold_1	HT3	chr21	BFB	0.0350631028413772	0.1800000071525573	0	0
grouped5	fold_1	HT3	chr21	chromothripsis	0.0439441539347171	0.6600000262260437	0	0
grouped5	fold_1	HT3	chr21	ecDNA	0.0578166209161281	0.209999993443489	0	0
grouped5	fold_1	HT3	chr21	seismic_amplification	0.0723318681120872	0.4399999976158142	0	0
grouped5	fold_1	HT3	chr22	BFB	0.0460806414484977	0.1800000071525573	0	0
grouped5	fold_1	HT3	chr22	chromothripsis	0.0959313586354255	0.6600000262260437	0	0
grouped5	fold_1	HT3	chr22	ecDNA	0.0499291904270648	0.209999993443489	0	0
grouped5	fold_1	HT3	chr22	seismic_amplification	0.1054607704281807	0.4399999976158142	0	0
grouped5	fold_1	HT3	chr3	BFB	0.0227820444852113	0.1800000071525573	0	0
grouped5	fold_1	HT3	chr3	chromothripsis	0.0422481670975685	0.6600000262260437	0	0
grouped5	fold_1	HT3	chr3	ecDNA	0.0353513471782207	0.209999993443489	0	0
grouped5	fold_1	HT3	chr3	seismic_amplification	0.0431067273020744	0.4399999976158142	0	0
grouped5	fold_1	HT3	chr4	BFB	0.1908684521913528	0.1800000071525573	1	1
grouped5	fold_1	HT3	chr4	chromothripsis	0.6171124577522278	0.6600000262260437	0	1
grouped5	fold_1	HT3	chr4	ecDNA	0.095382235944271	0.209999993443489	0	0
grouped5	fold_1	HT3	chr4	seismic_amplification	0.3245696127414703	0.4399999976158142	0	0
grouped5	fold_1	HT3	chr5	BFB	0.0554838813841342	0.1800000071525573	0	0
grouped5	fold_1	HT3	chr5	chromothripsis	0.0756564065814018	0.6600000262260437	0	0
grouped5	fold_1	HT3	chr5	ecDNA	0.0546026974916458	0.209999993443489	0	0
grouped5	fold_1	HT3	chr5	seismic_amplification	0.1610604524612426	0.4399999976158142	0	0
grouped5	fold_1	HT3	chr6	BFB	0.101632535457611	0.1800000071525573	0	0
grouped5	fold_1	HT3	chr6	chromothripsis	0.1086452901363372	0.6600000262260437	0	0
grouped5	fold_1	HT3	chr6	ecDNA	0.0461601503193378	0.209999993443489	0	0
grouped5	fold_1	HT3	chr6	seismic_amplification	0.1240105032920837	0.4399999976158142	0	0
grouped5	fold_1	HT3	chr7	BFB	0.0367098376154899	0.1800000071525573	0	0
grouped5	fold_1	HT3	chr7	chromothripsis	0.0663984715938568	0.6600000262260437	0	0
grouped5	fold_1	HT3	chr7	ecDNA	0.0401900336146354	0.209999993443489	0	0
grouped5	fold_1	HT3	chr7	seismic_amplification	0.0568663664162159	0.4399999976158142	0	0
grouped5	fold_1	HT3	chr8	BFB	0.1456380635499954	0.1800000071525573	0	0
grouped5	fold_1	HT3	chr8	chromothripsis	0.2677085995674133	0.6600000262260437	0	0
grouped5	fold_1	HT3	chr8	ecDNA	0.0602734498679637	0.209999993443489	0	0
grouped5	fold_1	HT3	chr8	seismic_amplification	0.11307093501091	0.4399999976158142	0	0
grouped5	fold_1	HT3	chr9	BFB	0.1118247509002685	0.1800000071525573	0	0
grouped5	fold_1	HT3	chr9	chromothripsis	0.1440158635377884	0.6600000262260437	0	0
grouped5	fold_1	HT3	chr9	ecDNA	0.0770733132958412	0.209999993443489	0	0
grouped5	fold_1	HT3	chr9	seismic_amplification	0.0868162736296653	0.4399999976158142	0	0
grouped5	fold_1	HT3	chrX	BFB	0.0924621447920799	0.1800000071525573	0	0
grouped5	fold_1	HT3	chrX	chromothripsis	0.1195407807826995	0.6600000262260437	0	0
grouped5	fold_1	HT3	chrX	ecDNA	0.0417247600853443	0.209999993443489	0	0
grouped5	fold_1	HT3	chrX	seismic_amplification	0.0731818079948425	0.4399999976158142	0	0
grouped5	fold_1	MS751	chr1	BFB	0.0287352930754423	0.1800000071525573	0	0
grouped5	fold_1	MS751	chr1	chromothripsis	0.0452614799141883	0.6600000262260437	0	0
grouped5	fold_1	MS751	chr1	ecDNA	0.0360906273126602	0.209999993443489	0	0
grouped5	fold_1	MS751	chr1	seismic_amplification	0.0761505961418151	0.4399999976158142	0	0
grouped5	fold_1	MS751	chr10	BFB	0.0488455705344677	0.1800000071525573	0	0
grouped5	fold_1	MS751	chr10	chromothripsis	0.1586021929979324	0.6600000262260437	0	0
grouped5	fold_1	MS751	chr10	ecDNA	0.0456805899739265	0.209999993443489	0	0
grouped5	fold_1	MS751	chr10	seismic_amplification	0.1326278448104858	0.4399999976158142	0	0
grouped5	fold_1	MS751	chr11	BFB	0.337724357843399	0.1800000071525573	1	0
grouped5	fold_1	MS751	chr11	chromothripsis	0.1722386479377746	0.6600000262260437	0	1
grouped5	fold_1	MS751	chr11	ecDNA	0.1359904259443283	0.209999993443489	0	0
grouped5	fold_1	MS751	chr11	seismic_amplification	0.1751879453659057	0.4399999976158142	0	0
grouped5	fold_1	MS751	chr12	BFB	0.0392968542873859	0.1800000071525573	0	0
grouped5	fold_1	MS751	chr12	chromothripsis	0.0385893955826759	0.6600000262260437	0	0
grouped5	fold_1	MS751	chr12	ecDNA	0.040142498910427	0.209999993443489	0	0
grouped5	fold_1	MS751	chr12	seismic_amplification	0.0880793333053588	0.4399999976158142	0	0
grouped5	fold_1	MS751	chr13	BFB	0.0449785366654396	0.1800000071525573	0	0
grouped5	fold_1	MS751	chr13	chromothripsis	0.0587960667908191	0.6600000262260437	0	0
grouped5	fold_1	MS751	chr13	ecDNA	0.0590538382530212	0.209999993443489	0	0
grouped5	fold_1	MS751	chr13	seismic_amplification	0.0790312588214874	0.4399999976158142	0	0
grouped5	fold_1	MS751	chr14	BFB	0.0526919849216938	0.1800000071525573	0	0
grouped5	fold_1	MS751	chr14	chromothripsis	0.0426457226276397	0.6600000262260437	0	0
grouped5	fold_1	MS751	chr14	ecDNA	0.0363123416900634	0.209999993443489	0	0
grouped5	fold_1	MS751	chr14	seismic_amplification	0.112599529325962	0.4399999976158142	0	0
grouped5	fold_1	MS751	chr15	BFB	0.0722652003169059	0.1800000071525573	0	0
grouped5	fold_1	MS751	chr15	chromothripsis	0.0719005241990089	0.6600000262260437	0	0
grouped5	fold_1	MS751	chr15	ecDNA	0.0748659297823906	0.209999993443489	0	0
grouped5	fold_1	MS751	chr15	seismic_amplification	0.0893233716487884	0.4399999976158142	0	0
grouped5	fold_1	MS751	chr16	BFB	0.8439664840698242	0.1800000071525573	1	0
grouped5	fold_1	MS751	chr16	chromothripsis	0.2853162586688995	0.6600000262260437	0	0
grouped5	fold_1	MS751	chr16	ecDNA	0.6398830413818359	0.209999993443489	1	0
grouped5	fold_1	MS751	chr16	seismic_amplification	0.2593670189380646	0.4399999976158142	0	0
grouped5	fold_1	MS751	chr17	BFB	0.0411287285387516	0.1800000071525573	0	0
grouped5	fold_1	MS751	chr17	chromothripsis	0.048821598291397	0.6600000262260437	0	0
grouped5	fold_1	MS751	chr17	ecDNA	0.0476660579442977	0.209999993443489	0	0
grouped5	fold_1	MS751	chr17	seismic_amplification	0.0965261831879615	0.4399999976158142	0	0
grouped5	fold_1	MS751	chr18	BFB	0.0370838940143585	0.1800000071525573	0	0
grouped5	fold_1	MS751	chr18	chromothripsis	0.109398603439331	0.6600000262260437	0	0
grouped5	fold_1	MS751	chr18	ecDNA	0.0498202331364154	0.209999993443489	0	0
grouped5	fold_1	MS751	chr18	seismic_amplification	0.0813396722078323	0.4399999976158142	0	0
grouped5	fold_1	MS751	chr19	BFB	0.0807578191161155	0.1800000071525573	0	0
grouped5	fold_1	MS751	chr19	chromothripsis	0.0741064697504043	0.6600000262260437	0	0
grouped5	fold_1	MS751	chr19	ecDNA	0.0868027210235595	0.209999993443489	0	0
grouped5	fold_1	MS751	chr19	seismic_amplification	0.1264669448137283	0.4399999976158142	0	0
grouped5	fold_1	MS751	chr2	BFB	0.0480281710624694	0.1800000071525573	0	0
grouped5	fold_1	MS751	chr2	chromothripsis	0.0746891498565673	0.6600000262260437	0	0
grouped5	fold_1	MS751	chr2	ecDNA	0.0396879613399505	0.209999993443489	0	0
grouped5	fold_1	MS751	chr2	seismic_amplification	0.1278226673603058	0.4399999976158142	0	0
grouped5	fold_1	MS751	chr20	BFB	0.052999097853899	0.1800000071525573	0	0
grouped5	fold_1	MS751	chr20	chromothripsis	0.0574343279004097	0.6600000262260437	0	0
grouped5	fold_1	MS751	chr20	ecDNA	0.0425669848918914	0.209999993443489	0	0
grouped5	fold_1	MS751	chr20	seismic_amplification	0.1858341842889785	0.4399999976158142	0	0
grouped5	fold_1	MS751	chr21	BFB	0.3742432296276092	0.1800000071525573	1	0
grouped5	fold_1	MS751	chr21	chromothripsis	0.0923919230699539	0.6600000262260437	0	0
grouped5	fold_1	MS751	chr21	ecDNA	0.1889414936304092	0.209999993443489	0	0
grouped5	fold_1	MS751	chr21	seismic_amplification	0.3068916499614715	0.4399999976158142	0	0
grouped5	fold_1	MS751	chr22	BFB	0.0388087220489978	0.1800000071525573	0	0
grouped5	fold_1	MS751	chr22	chromothripsis	0.0407274961471557	0.6600000262260437	0	0
grouped5	fold_1	MS751	chr22	ecDNA	0.0522614121437072	0.209999993443489	0	0
grouped5	fold_1	MS751	chr22	seismic_amplification	0.0635806620121002	0.4399999976158142	0	0
grouped5	fold_1	MS751	chr3	BFB	0.0323668830096721	0.1800000071525573	0	0
grouped5	fold_1	MS751	chr3	chromothripsis	0.043611567467451	0.6600000262260437	0	0
grouped5	fold_1	MS751	chr3	ecDNA	0.0370593667030334	0.209999993443489	0	0
grouped5	fold_1	MS751	chr3	seismic_amplification	0.0724536105990409	0.4399999976158142	0	0
grouped5	fold_1	MS751	chr4	BFB	0.0291313100606203	0.1800000071525573	0	0
grouped5	fold_1	MS751	chr4	chromothripsis	0.0451087206602096	0.6600000262260437	0	0
grouped5	fold_1	MS751	chr4	ecDNA	0.0461783222854137	0.209999993443489	0	0
grouped5	fold_1	MS751	chr4	seismic_amplification	0.0707270503044128	0.4399999976158142	0	0
grouped5	fold_1	MS751	chr5	BFB	0.1060651540756225	0.1800000071525573	0	0
grouped5	fold_1	MS751	chr5	chromothripsis	0.1886681616306305	0.6600000262260437	0	0
grouped5	fold_1	MS751	chr5	ecDNA	0.0783934965729713	0.209999993443489	0	0
grouped5	fold_1	MS751	chr5	seismic_amplification	0.3489153683185577	0.4399999976158142	0	0
grouped5	fold_1	MS751	chr6	BFB	0.0263816863298416	0.1800000071525573	0	0
grouped5	fold_1	MS751	chr6	chromothripsis	0.0301802121102809	0.6600000262260437	0	0
grouped5	fold_1	MS751	chr6	ecDNA	0.0274848714470863	0.209999993443489	0	0
grouped5	fold_1	MS751	chr6	seismic_amplification	0.0638638734817504	0.4399999976158142	0	0
grouped5	fold_1	MS751	chr7	BFB	0.7452309131622314	0.1800000071525573	1	0
grouped5	fold_1	MS751	chr7	chromothripsis	0.1615245193243026	0.6600000262260437	0	0
grouped5	fold_1	MS751	chr7	ecDNA	0.4854345917701721	0.209999993443489	1	0
grouped5	fold_1	MS751	chr7	seismic_amplification	0.2733584940433502	0.4399999976158142	0	0
grouped5	fold_1	MS751	chr8	BFB	0.0338733829557895	0.1800000071525573	0	0
grouped5	fold_1	MS751	chr8	chromothripsis	0.0494500435888767	0.6600000262260437	0	0
grouped5	fold_1	MS751	chr8	ecDNA	0.0394479073584079	0.209999993443489	0	0
grouped5	fold_1	MS751	chr8	seismic_amplification	0.0687882974743843	0.4399999976158142	0	0
grouped5	fold_1	MS751	chr9	BFB	0.0393018499016761	0.1800000071525573	0	0
grouped5	fold_1	MS751	chr9	chromothripsis	0.0576846450567245	0.6600000262260437	0	0
grouped5	fold_1	MS751	chr9	ecDNA	0.0503176338970661	0.209999993443489	0	0
grouped5	fold_1	MS751	chr9	seismic_amplification	0.095683105289936	0.4399999976158142	0	0
grouped5	fold_1	MS751	chrX	BFB	0.2531563639640808	0.1800000071525573	1	0
grouped5	fold_1	MS751	chrX	chromothripsis	0.3611596822738647	0.6600000262260437	0	0
grouped5	fold_1	MS751	chrX	ecDNA	0.1395567655563354	0.209999993443489	0	0
grouped5	fold_1	MS751	chrX	seismic_amplification	0.3187887072563171	0.4399999976158142	0	0
grouped5	fold_1	SCC090	chr1	BFB	0.0922693982720375	0.1800000071525573	0	0
grouped5	fold_1	SCC090	chr1	chromothripsis	0.2738282680511474	0.6600000262260437	0	0
grouped5	fold_1	SCC090	chr1	ecDNA	0.101728118956089	0.209999993443489	0	0
grouped5	fold_1	SCC090	chr1	seismic_amplification	0.1719404906034469	0.4399999976158142	0	0
grouped5	fold_1	SCC090	chr10	BFB	0.0299022570252418	0.1800000071525573	0	0
grouped5	fold_1	SCC090	chr10	chromothripsis	0.0472269430756568	0.6600000262260437	0	0
grouped5	fold_1	SCC090	chr10	ecDNA	0.0484835468232631	0.209999993443489	0	0
grouped5	fold_1	SCC090	chr10	seismic_amplification	0.0696487575769424	0.4399999976158142	0	0
grouped5	fold_1	SCC090	chr11	BFB	0.0600333362817764	0.1800000071525573	0	0
grouped5	fold_1	SCC090	chr11	chromothripsis	0.1568333506584167	0.6600000262260437	0	0
grouped5	fold_1	SCC090	chr11	ecDNA	0.0631967335939407	0.209999993443489	0	0
grouped5	fold_1	SCC090	chr11	seismic_amplification	0.1214844211935997	0.4399999976158142	0	0
grouped5	fold_1	SCC090	chr12	BFB	0.0249627120792865	0.1800000071525573	0	0
grouped5	fold_1	SCC090	chr12	chromothripsis	0.0438283905386924	0.6600000262260437	0	0
grouped5	fold_1	SCC090	chr12	ecDNA	0.0362261906266212	0.209999993443489	0	0
grouped5	fold_1	SCC090	chr12	seismic_amplification	0.0478817448019981	0.4399999976158142	0	0
grouped5	fold_1	SCC090	chr13	BFB	0.1538073122501373	0.1800000071525573	0	0
grouped5	fold_1	SCC090	chr13	chromothripsis	0.1027271300554275	0.6600000262260437	0	0
grouped5	fold_1	SCC090	chr13	ecDNA	0.1503045856952667	0.209999993443489	0	0
grouped5	fold_1	SCC090	chr13	seismic_amplification	0.1280937045812606	0.4399999976158142	0	0
grouped5	fold_1	SCC090	chr14	BFB	0.02708619274199	0.1800000071525573	0	0
grouped5	fold_1	SCC090	chr14	chromothripsis	0.0702885910868644	0.6600000262260437	0	0
grouped5	fold_1	SCC090	chr14	ecDNA	0.0344850271940231	0.209999993443489	0	0
grouped5	fold_1	SCC090	chr14	seismic_amplification	0.0639536827802658	0.4399999976158142	0	0
grouped5	fold_1	SCC090	chr15	BFB	0.1726930737495422	0.1800000071525573	0	0
grouped5	fold_1	SCC090	chr15	chromothripsis	0.4758989512920379	0.6600000262260437	0	0
grouped5	fold_1	SCC090	chr15	ecDNA	0.1034578382968902	0.209999993443489	0	0
grouped5	fold_1	SCC090	chr15	seismic_amplification	0.1932022273540496	0.4399999976158142	0	0
grouped5	fold_1	SCC090	chr16	BFB	0.0575915165245533	0.1800000071525573	0	0
grouped5	fold_1	SCC090	chr16	chromothripsis	0.2462773919105529	0.6600000262260437	0	0
grouped5	fold_1	SCC090	chr16	ecDNA	0.0578040368854999	0.209999993443489	0	0
grouped5	fold_1	SCC090	chr16	seismic_amplification	0.1146310418844223	0.4399999976158142	0	0
grouped5	fold_1	SCC090	chr17	BFB	0.0436027459800243	0.1800000071525573	0	0
grouped5	fold_1	SCC090	chr17	chromothripsis	0.0458696335554122	0.6600000262260437	0	0
grouped5	fold_1	SCC090	chr17	ecDNA	0.0346980802714824	0.209999993443489	0	0
grouped5	fold_1	SCC090	chr17	seismic_amplification	0.1025488451123237	0.4399999976158142	0	0
grouped5	fold_1	SCC090	chr18	BFB	0.062751367688179	0.1800000071525573	0	0
grouped5	fold_1	SCC090	chr18	chromothripsis	0.1507544517517089	0.6600000262260437	0	0
grouped5	fold_1	SCC090	chr18	ecDNA	0.0554373823106288	0.209999993443489	0	0
grouped5	fold_1	SCC090	chr18	seismic_amplification	0.1076568365097045	0.4399999976158142	0	0
grouped5	fold_1	SCC090	chr19	BFB	0.0871872976422309	0.1800000071525573	0	0
grouped5	fold_1	SCC090	chr19	chromothripsis	0.1117395237088203	0.6600000262260437	0	0
grouped5	fold_1	SCC090	chr19	ecDNA	0.0604947172105312	0.209999993443489	0	0
grouped5	fold_1	SCC090	chr19	seismic_amplification	0.1986938118934631	0.4399999976158142	0	0
grouped5	fold_1	SCC090	chr2	BFB	0.0813589319586753	0.1800000071525573	0	0
grouped5	fold_1	SCC090	chr2	chromothripsis	0.1476228982210159	0.6600000262260437	0	0
grouped5	fold_1	SCC090	chr2	ecDNA	0.0335580967366695	0.209999993443489	0	0
grouped5	fold_1	SCC090	chr2	seismic_amplification	0.1203118115663528	0.4399999976158142	0	0
grouped5	fold_1	SCC090	chr20	BFB	0.0578681789338588	0.1800000071525573	0	0
grouped5	fold_1	SCC090	chr20	chromothripsis	0.0770713984966278	0.6600000262260437	0	0
grouped5	fold_1	SCC090	chr20	ecDNA	0.032885231077671	0.209999993443489	0	0
grouped5	fold_1	SCC090	chr20	seismic_amplification	0.0576783306896686	0.4399999976158142	0	0
grouped5	fold_1	SCC090	chr21	BFB	0.0261030364781618	0.1800000071525573	0	0
grouped5	fold_1	SCC090	chr21	chromothripsis	0.0855267345905304	0.6600000262260437	0	0
grouped5	fold_1	SCC090	chr21	ecDNA	0.0329959504306316	0.209999993443489	0	0
grouped5	fold_1	SCC090	chr21	seismic_amplification	0.0688435062766075	0.4399999976158142	0	0
grouped5	fold_1	SCC090	chr22	BFB	0.1250518262386322	0.1800000071525573	0	0
grouped5	fold_1	SCC090	chr22	chromothripsis	0.4503996968269348	0.6600000262260437	0	0
grouped5	fold_1	SCC090	chr22	ecDNA	0.0828437432646751	0.209999993443489	0	0
grouped5	fold_1	SCC090	chr22	seismic_amplification	0.2040427327156067	0.4399999976158142	0	0
grouped5	fold_1	SCC090	chr3	BFB	0.2055719345808029	0.1800000071525573	1	0
grouped5	fold_1	SCC090	chr3	chromothripsis	0.123460479080677	0.6600000262260437	0	0
grouped5	fold_1	SCC090	chr3	ecDNA	0.1683488935232162	0.209999993443489	0	0
grouped5	fold_1	SCC090	chr3	seismic_amplification	0.1284545809030532	0.4399999976158142	0	0
grouped5	fold_1	SCC090	chr4	BFB	0.0296196397393941	0.1800000071525573	0	0
grouped5	fold_1	SCC090	chr4	chromothripsis	0.0704094544053077	0.6600000262260437	0	0
grouped5	fold_1	SCC090	chr4	ecDNA	0.0417042896151542	0.209999993443489	0	0
grouped5	fold_1	SCC090	chr4	seismic_amplification	0.0659405291080474	0.4399999976158142	0	0
grouped5	fold_1	SCC090	chr5	BFB	0.0365153513848781	0.1800000071525573	0	0
grouped5	fold_1	SCC090	chr5	chromothripsis	0.1253823786973953	0.6600000262260437	0	0
grouped5	fold_1	SCC090	chr5	ecDNA	0.0395457595586776	0.209999993443489	0	0
grouped5	fold_1	SCC090	chr5	seismic_amplification	0.0819220319390297	0.4399999976158142	0	0
grouped5	fold_1	SCC090	chr6	BFB	0.0682543516159057	0.1800000071525573	0	0
grouped5	fold_1	SCC090	chr6	chromothripsis	0.300003170967102	0.6600000262260437	0	0
grouped5	fold_1	SCC090	chr6	ecDNA	0.0641895160079002	0.209999993443489	0	0
grouped5	fold_1	SCC090	chr6	seismic_amplification	0.1651076525449752	0.4399999976158142	0	0
grouped5	fold_1	SCC090	chr7	BFB	0.0580037422478199	0.1800000071525573	0	0
grouped5	fold_1	SCC090	chr7	chromothripsis	0.0837756618857383	0.6600000262260437	0	0
grouped5	fold_1	SCC090	chr7	ecDNA	0.0227273143827915	0.209999993443489	0	0
grouped5	fold_1	SCC090	chr7	seismic_amplification	0.1049812361598014	0.4399999976158142	0	0
grouped5	fold_1	SCC090	chr8	BFB	0.0828410983085632	0.1800000071525573	0	0
grouped5	fold_1	SCC090	chr8	chromothripsis	0.1191727668046951	0.6600000262260437	0	0
grouped5	fold_1	SCC090	chr8	ecDNA	0.0713356956839561	0.209999993443489	0	0
grouped5	fold_1	SCC090	chr8	seismic_amplification	0.1032304987311363	0.4399999976158142	0	0
grouped5	fold_1	SCC090	chr9	BFB	0.0490207038819789	0.1800000071525573	0	1
grouped5	fold_1	SCC090	chr9	chromothripsis	0.0441653318703174	0.6600000262260437	0	0
grouped5	fold_1	SCC090	chr9	ecDNA	0.0629251599311828	0.209999993443489	0	1
grouped5	fold_1	SCC090	chr9	seismic_amplification	0.0959213972091674	0.4399999976158142	0	0
grouped5	fold_1	SCC090	chrX	BFB	0.1301251649856567	0.1800000071525573	0	0
grouped5	fold_1	SCC090	chrX	chromothripsis	0.1092382818460464	0.6600000262260437	0	0
grouped5	fold_1	SCC090	chrX	ecDNA	0.0465403422713279	0.209999993443489	0	0
grouped5	fold_1	SCC090	chrX	seismic_amplification	0.1031794548034668	0.4399999976158142	0	0
grouped5	fold_1	SCC152	chr1	BFB	0.0774349123239517	0.1800000071525573	0	0
grouped5	fold_1	SCC152	chr1	chromothripsis	0.1925791054964065	0.6600000262260437	0	0
grouped5	fold_1	SCC152	chr1	ecDNA	0.0972040295600891	0.209999993443489	0	0
grouped5	fold_1	SCC152	chr1	seismic_amplification	0.1022357568144798	0.4399999976158142	0	0
grouped5	fold_1	SCC152	chr10	BFB	0.2053796797990799	0.1800000071525573	1	0
grouped5	fold_1	SCC152	chr10	chromothripsis	0.1200832948088646	0.6600000262260437	0	0
grouped5	fold_1	SCC152	chr10	ecDNA	0.1085483729839325	0.209999993443489	0	0
grouped5	fold_1	SCC152	chr10	seismic_amplification	0.1547422856092453	0.4399999976158142	0	0
grouped5	fold_1	SCC152	chr11	BFB	0.1721083223819732	0.1800000071525573	0	0
grouped5	fold_1	SCC152	chr11	chromothripsis	0.1815621852874755	0.6600000262260437	0	0
grouped5	fold_1	SCC152	chr11	ecDNA	0.0851896554231643	0.209999993443489	0	0
grouped5	fold_1	SCC152	chr11	seismic_amplification	0.1239956617355346	0.4399999976158142	0	0
grouped5	fold_1	SCC152	chr12	BFB	0.2008776217699051	0.1800000071525573	1	0
grouped5	fold_1	SCC152	chr12	chromothripsis	0.1133598387241363	0.6600000262260437	0	0
grouped5	fold_1	SCC152	chr12	ecDNA	0.1167056486010551	0.209999993443489	0	0
grouped5	fold_1	SCC152	chr12	seismic_amplification	0.1320989578962326	0.4399999976158142	0	0
grouped5	fold_1	SCC152	chr13	BFB	0.1936591863632202	0.1800000071525573	1	0
grouped5	fold_1	SCC152	chr13	chromothripsis	0.0802649334073066	0.6600000262260437	0	0
grouped5	fold_1	SCC152	chr13	ecDNA	0.1159216463565826	0.209999993443489	0	0
grouped5	fold_1	SCC152	chr13	seismic_amplification	0.1161448583006858	0.4399999976158142	0	0
grouped5	fold_1	SCC152	chr14	BFB	0.0924417302012443	0.1800000071525573	0	0
grouped5	fold_1	SCC152	chr14	chromothripsis	0.0990491136908531	0.6600000262260437	0	0
grouped5	fold_1	SCC152	chr14	ecDNA	0.0446078367531299	0.209999993443489	0	0
grouped5	fold_1	SCC152	chr14	seismic_amplification	0.1249590367078781	0.4399999976158142	0	0
grouped5	fold_1	SCC152	chr15	BFB	0.1216923668980598	0.1800000071525573	0	0
grouped5	fold_1	SCC152	chr15	chromothripsis	0.2562855780124664	0.6600000262260437	0	0
grouped5	fold_1	SCC152	chr15	ecDNA	0.0601907521486282	0.209999993443489	0	0
grouped5	fold_1	SCC152	chr15	seismic_amplification	0.1545842140913009	0.4399999976158142	0	0
grouped5	fold_1	SCC152	chr16	BFB	0.1776385158300399	0.1800000071525573	0	0
grouped5	fold_1	SCC152	chr16	chromothripsis	0.2057335525751114	0.6600000262260437	0	0
grouped5	fold_1	SCC152	chr16	ecDNA	0.1076528951525688	0.209999993443489	0	0
grouped5	fold_1	SCC152	chr16	seismic_amplification	0.1902535855770111	0.4399999976158142	0	0
grouped5	fold_1	SCC152	chr17	BFB	0.2208374291658401	0.1800000071525573	1	0
grouped5	fold_1	SCC152	chr17	chromothripsis	0.1805469989776611	0.6600000262260437	0	0
grouped5	fold_1	SCC152	chr17	ecDNA	0.1407110840082168	0.209999993443489	0	0
grouped5	fold_1	SCC152	chr17	seismic_amplification	0.1578435897827148	0.4399999976158142	0	0
grouped5	fold_1	SCC152	chr18	BFB	0.2037762254476547	0.1800000071525573	1	0
grouped5	fold_1	SCC152	chr18	chromothripsis	0.1584716886281967	0.6600000262260437	0	0
grouped5	fold_1	SCC152	chr18	ecDNA	0.1119912192225456	0.209999993443489	0	0
grouped5	fold_1	SCC152	chr18	seismic_amplification	0.1420453935861587	0.4399999976158142	0	0
grouped5	fold_1	SCC152	chr19	BFB	0.1015582010149955	0.1800000071525573	0	0
grouped5	fold_1	SCC152	chr19	chromothripsis	0.1846840381622314	0.6600000262260437	0	0
grouped5	fold_1	SCC152	chr19	ecDNA	0.0601408146321773	0.209999993443489	0	0
grouped5	fold_1	SCC152	chr19	seismic_amplification	0.1851709336042404	0.4399999976158142	0	0
grouped5	fold_1	SCC152	chr2	BFB	0.0880989432334899	0.1800000071525573	0	0
grouped5	fold_1	SCC152	chr2	chromothripsis	0.1264044940471649	0.6600000262260437	0	0
grouped5	fold_1	SCC152	chr2	ecDNA	0.0550255663692951	0.209999993443489	0	0
grouped5	fold_1	SCC152	chr2	seismic_amplification	0.103318803012371	0.4399999976158142	0	0
grouped5	fold_1	SCC152	chr20	BFB	0.0486575067043304	0.1800000071525573	0	0
grouped5	fold_1	SCC152	chr20	chromothripsis	0.0693560317158699	0.6600000262260437	0	0
grouped5	fold_1	SCC152	chr20	ecDNA	0.0525904484093189	0.209999993443489	0	0
grouped5	fold_1	SCC152	chr20	seismic_amplification	0.0817531123757362	0.4399999976158142	0	0
grouped5	fold_1	SCC152	chr21	BFB	0.095880888402462	0.1800000071525573	0	0
grouped5	fold_1	SCC152	chr21	chromothripsis	0.1023334860801696	0.6600000262260437	0	0
grouped5	fold_1	SCC152	chr21	ecDNA	0.0431456789374351	0.209999993443489	0	0
grouped5	fold_1	SCC152	chr21	seismic_amplification	0.1161943823099136	0.4399999976158142	0	0
grouped5	fold_1	SCC152	chr22	BFB	0.1440168917179107	0.1800000071525573	0	0
grouped5	fold_1	SCC152	chr22	chromothripsis	0.1115805283188819	0.6600000262260437	0	0
grouped5	fold_1	SCC152	chr22	ecDNA	0.0887790471315383	0.209999993443489	0	0
grouped5	fold_1	SCC152	chr22	seismic_amplification	0.1242192611098289	0.4399999976158142	0	0
grouped5	fold_1	SCC152	chr3	BFB	0.2053906619548797	0.1800000071525573	1	0
grouped5	fold_1	SCC152	chr3	chromothripsis	0.1641115993261337	0.6600000262260437	0	0
grouped5	fold_1	SCC152	chr3	ecDNA	0.1131820976734161	0.209999993443489	0	0
grouped5	fold_1	SCC152	chr3	seismic_amplification	0.100008986890316	0.4399999976158142	0	0
grouped5	fold_1	SCC152	chr4	BFB	0.1110950782895088	0.1800000071525573	0	0
grouped5	fold_1	SCC152	chr4	chromothripsis	0.0874892696738243	0.6600000262260437	0	0
grouped5	fold_1	SCC152	chr4	ecDNA	0.0591128021478652	0.209999993443489	0	0
grouped5	fold_1	SCC152	chr4	seismic_amplification	0.1110904887318611	0.4399999976158142	0	0
grouped5	fold_1	SCC152	chr5	BFB	0.2746268212795257	0.1800000071525573	1	0
grouped5	fold_1	SCC152	chr5	chromothripsis	0.2489621937274933	0.6600000262260437	0	0
grouped5	fold_1	SCC152	chr5	ecDNA	0.1671134084463119	0.209999993443489	0	0
grouped5	fold_1	SCC152	chr5	seismic_amplification	0.1959902644157409	0.4399999976158142	0	0
grouped5	fold_1	SCC152	chr6	BFB	0.091726467013359	0.1800000071525573	0	0
grouped5	fold_1	SCC152	chr6	chromothripsis	0.1189223155379295	0.6600000262260437	0	0
grouped5	fold_1	SCC152	chr6	ecDNA	0.0516452342271804	0.209999993443489	0	0
grouped5	fold_1	SCC152	chr6	seismic_amplification	0.1335378438234329	0.4399999976158142	0	0
grouped5	fold_1	SCC152	chr7	BFB	0.0840712338685989	0.1800000071525573	0	0
grouped5	fold_1	SCC152	chr7	chromothripsis	0.121021494269371	0.6600000262260437	0	0
grouped5	fold_1	SCC152	chr7	ecDNA	0.0505959466099739	0.209999993443489	0	0
grouped5	fold_1	SCC152	chr7	seismic_amplification	0.115735538303852	0.4399999976158142	0	0
grouped5	fold_1	SCC152	chr8	BFB	0.0483338013291358	0.1800000071525573	0	0
grouped5	fold_1	SCC152	chr8	chromothripsis	0.0604027062654495	0.6600000262260437	0	0
grouped5	fold_1	SCC152	chr8	ecDNA	0.0499615930020809	0.209999993443489	0	0
grouped5	fold_1	SCC152	chr8	seismic_amplification	0.0890973657369613	0.4399999976158142	0	0
grouped5	fold_1	SCC152	chr9	BFB	0.3726276159286499	0.1800000071525573	1	0
grouped5	fold_1	SCC152	chr9	chromothripsis	0.1183433681726455	0.6600000262260437	0	0
grouped5	fold_1	SCC152	chr9	ecDNA	0.2041788697242736	0.209999993443489	0	1
grouped5	fold_1	SCC152	chr9	seismic_amplification	0.1244584321975708	0.4399999976158142	0	0
grouped5	fold_1	SCC152	chrX	BFB	0.1477482765913009	0.1800000071525573	0	0
grouped5	fold_1	SCC152	chrX	chromothripsis	0.1802999824285507	0.6600000262260437	0	0
grouped5	fold_1	SCC152	chrX	ecDNA	0.0669785290956497	0.209999993443489	0	0
grouped5	fold_1	SCC152	chrX	seismic_amplification	0.1272573769092559	0.4399999976158142	0	0
grouped5	fold_1	SNU1000	chr1	BFB	0.0456691980361938	0.1800000071525573	0	0
grouped5	fold_1	SNU1000	chr1	chromothripsis	0.1055312156677246	0.6600000262260437	0	0
grouped5	fold_1	SNU1000	chr1	ecDNA	0.0743800178170204	0.209999993443489	0	0
grouped5	fold_1	SNU1000	chr1	seismic_amplification	0.0945681557059288	0.4399999976158142	0	0
grouped5	fold_1	SNU1000	chr10	BFB	0.0419958271086216	0.1800000071525573	0	0
grouped5	fold_1	SNU1000	chr10	chromothripsis	0.0717714428901672	0.6600000262260437	0	0
grouped5	fold_1	SNU1000	chr10	ecDNA	0.0385085232555866	0.209999993443489	0	0
grouped5	fold_1	SNU1000	chr10	seismic_amplification	0.1093603819608688	0.4399999976158142	0	0
grouped5	fold_1	SNU1000	chr11	BFB	0.9045228362083436	0.1800000071525573	1	1
grouped5	fold_1	SNU1000	chr11	chromothripsis	0.1990085542201995	0.6600000262260437	0	0
grouped5	fold_1	SNU1000	chr11	ecDNA	0.7587729096412659	0.209999993443489	1	0
grouped5	fold_1	SNU1000	chr11	seismic_amplification	0.2353980243206024	0.4399999976158142	0	0
grouped5	fold_1	SNU1000	chr12	BFB	0.0240134745836257	0.1800000071525573	0	0
grouped5	fold_1	SNU1000	chr12	chromothripsis	0.0249299425631761	0.6600000262260437	0	0
grouped5	fold_1	SNU1000	chr12	ecDNA	0.0300159938633441	0.209999993443489	0	0
grouped5	fold_1	SNU1000	chr12	seismic_amplification	0.0547339804470539	0.4399999976158142	0	0
grouped5	fold_1	SNU1000	chr13	BFB	0.0380969978868961	0.1800000071525573	0	0
grouped5	fold_1	SNU1000	chr13	chromothripsis	0.0572757050395011	0.6600000262260437	0	0
grouped5	fold_1	SNU1000	chr13	ecDNA	0.0445470437407493	0.209999993443489	0	0
grouped5	fold_1	SNU1000	chr13	seismic_amplification	0.0949482321739196	0.4399999976158142	0	0
grouped5	fold_1	SNU1000	chr14	BFB	0.124130442738533	0.1800000071525573	0	0
grouped5	fold_1	SNU1000	chr14	chromothripsis	0.0494311526417732	0.6600000262260437	0	0
grouped5	fold_1	SNU1000	chr14	ecDNA	0.0655794516205787	0.209999993443489	0	0
grouped5	fold_1	SNU1000	chr14	seismic_amplification	0.0952121764421463	0.4399999976158142	0	0
grouped5	fold_1	SNU1000	chr15	BFB	0.1927205026149749	0.1800000071525573	1	0
grouped5	fold_1	SNU1000	chr15	chromothripsis	0.0688169822096824	0.6600000262260437	0	0
grouped5	fold_1	SNU1000	chr15	ecDNA	0.0822299197316169	0.209999993443489	0	0
grouped5	fold_1	SNU1000	chr15	seismic_amplification	0.1441509127616882	0.4399999976158142	0	0
grouped5	fold_1	SNU1000	chr16	BFB	0.0281937718391418	0.1800000071525573	0	0
grouped5	fold_1	SNU1000	chr16	chromothripsis	0.0341183096170425	0.6600000262260437	0	0
grouped5	fold_1	SNU1000	chr16	ecDNA	0.0325624458491802	0.209999993443489	0	0
grouped5	fold_1	SNU1000	chr16	seismic_amplification	0.0782476216554641	0.4399999976158142	0	0
grouped5	fold_1	SNU1000	chr17	BFB	0.0317340642213821	0.1800000071525573	0	0
grouped5	fold_1	SNU1000	chr17	chromothripsis	0.035979826003313	0.6600000262260437	0	0
grouped5	fold_1	SNU1000	chr17	ecDNA	0.0471421554684639	0.209999993443489	0	0
grouped5	fold_1	SNU1000	chr17	seismic_amplification	0.0636787042021751	0.4399999976158142	0	0
grouped5	fold_1	SNU1000	chr18	BFB	0.0760024189949035	0.1800000071525573	0	0
grouped5	fold_1	SNU1000	chr18	chromothripsis	0.0646784231066703	0.6600000262260437	0	0
grouped5	fold_1	SNU1000	chr18	ecDNA	0.0705654472112655	0.209999993443489	0	0
grouped5	fold_1	SNU1000	chr18	seismic_amplification	0.1221989542245864	0.4399999976158142	0	0
grouped5	fold_1	SNU1000	chr19	BFB	0.0395299904048442	0.1800000071525573	0	0
grouped5	fold_1	SNU1000	chr19	chromothripsis	0.0628406181931495	0.6600000262260437	0	1
grouped5	fold_1	SNU1000	chr19	ecDNA	0.0598703771829605	0.209999993443489	0	0
grouped5	fold_1	SNU1000	chr19	seismic_amplification	0.0826588496565818	0.4399999976158142	0	0
grouped5	fold_1	SNU1000	chr2	BFB	0.0413977093994617	0.1800000071525573	0	1
grouped5	fold_1	SNU1000	chr2	chromothripsis	0.0322573110461235	0.6600000262260437	0	0
grouped5	fold_1	SNU1000	chr2	ecDNA	0.0394021905958652	0.209999993443489	0	0
grouped5	fold_1	SNU1000	chr2	seismic_amplification	0.0686441883444786	0.4399999976158142	0	0
grouped5	fold_1	SNU1000	chr20	BFB	0.0466685891151428	0.1800000071525573	0	0
grouped5	fold_1	SNU1000	chr20	chromothripsis	0.0820196866989135	0.6600000262260437	0	0
grouped5	fold_1	SNU1000	chr20	ecDNA	0.0436407625675201	0.209999993443489	0	0
grouped5	fold_1	SNU1000	chr20	seismic_amplification	0.118887148797512	0.4399999976158142	0	0
grouped5	fold_1	SNU1000	chr21	BFB	0.0456788949668407	0.1800000071525573	0	0
grouped5	fold_1	SNU1000	chr21	chromothripsis	0.132049411535263	0.6600000262260437	0	0
grouped5	fold_1	SNU1000	chr21	ecDNA	0.0563276000320911	0.209999993443489	0	0
grouped5	fold_1	SNU1000	chr21	seismic_amplification	0.1201274544000625	0.4399999976158142	0	0
grouped5	fold_1	SNU1000	chr22	BFB	0.0523676015436649	0.1800000071525573	0	0
grouped5	fold_1	SNU1000	chr22	chromothripsis	0.0506195798516273	0.6600000262260437	0	0
grouped5	fold_1	SNU1000	chr22	ecDNA	0.0557083562016487	0.209999993443489	0	0
grouped5	fold_1	SNU1000	chr22	seismic_amplification	0.1291210502386093	0.4399999976158142	0	0
grouped5	fold_1	SNU1000	chr3	BFB	0.5553162097930908	0.1800000071525573	1	0
grouped5	fold_1	SNU1000	chr3	chromothripsis	0.3308984339237213	0.6600000262260437	0	0
grouped5	fold_1	SNU1000	chr3	ecDNA	0.2600467801094055	0.209999993443489	1	0
grouped5	fold_1	SNU1000	chr3	seismic_amplification	0.1605494916439056	0.4399999976158142	0	0
grouped5	fold_1	SNU1000	chr4	BFB	0.0988584533333778	0.1800000071525573	0	0
grouped5	fold_1	SNU1000	chr4	chromothripsis	0.5873422622680664	0.6600000262260437	0	0
grouped5	fold_1	SNU1000	chr4	ecDNA	0.0563650242984294	0.209999993443489	0	0
grouped5	fold_1	SNU1000	chr4	seismic_amplification	0.2229411453008651	0.4399999976158142	0	0
grouped5	fold_1	SNU1000	chr5	BFB	0.0647360384464263	0.1800000071525573	0	0
grouped5	fold_1	SNU1000	chr5	chromothripsis	0.0685988143086433	0.6600000262260437	0	0
grouped5	fold_1	SNU1000	chr5	ecDNA	0.0434643812477588	0.209999993443489	0	0
grouped5	fold_1	SNU1000	chr5	seismic_amplification	0.1511503607034683	0.4399999976158142	0	0
grouped5	fold_1	SNU1000	chr6	BFB	0.4721848368644714	0.1800000071525573	1	0
grouped5	fold_1	SNU1000	chr6	chromothripsis	0.201905220746994	0.6600000262260437	0	0
grouped5	fold_1	SNU1000	chr6	ecDNA	0.2648396790027618	0.209999993443489	1	0
grouped5	fold_1	SNU1000	chr6	seismic_amplification	0.1367106586694717	0.4399999976158142	0	0
grouped5	fold_1	SNU1000	chr7	BFB	0.0384752377867698	0.1800000071525573	0	0
grouped5	fold_1	SNU1000	chr7	chromothripsis	0.0702833011746406	0.6600000262260437	0	0
grouped5	fold_1	SNU1000	chr7	ecDNA	0.0556165874004364	0.209999993443489	0	0
grouped5	fold_1	SNU1000	chr7	seismic_amplification	0.0686458349227905	0.4399999976158142	0	0
grouped5	fold_1	SNU1000	chr8	BFB	0.0760791674256324	0.1800000071525573	0	0
grouped5	fold_1	SNU1000	chr8	chromothripsis	0.330146312713623	0.6600000262260437	0	0
grouped5	fold_1	SNU1000	chr8	ecDNA	0.0440029799938201	0.209999993443489	0	0
grouped5	fold_1	SNU1000	chr8	seismic_amplification	0.1333573907613754	0.4399999976158142	0	0
grouped5	fold_1	SNU1000	chr9	BFB	0.062956191599369	0.1800000071525573	0	0
grouped5	fold_1	SNU1000	chr9	chromothripsis	0.0829074531793594	0.6600000262260437	0	0
grouped5	fold_1	SNU1000	chr9	ecDNA	0.0836807861924171	0.209999993443489	0	0
grouped5	fold_1	SNU1000	chr9	seismic_amplification	0.1510286778211593	0.4399999976158142	0	0
grouped5	fold_1	SNU1000	chrX	BFB	0.0284003801643848	0.1800000071525573	0	0
grouped5	fold_1	SNU1000	chrX	chromothripsis	0.0411800034344196	0.6600000262260437	0	0
grouped5	fold_1	SNU1000	chrX	ecDNA	0.0436939299106597	0.209999993443489	0	0
grouped5	fold_1	SNU1000	chrX	seismic_amplification	0.0585750229656696	0.4399999976158142	0	0
grouped5	fold_1	ZR7530	chr1	BFB	0.1085268631577491	0.1800000071525573	0	0
grouped5	fold_1	ZR7530	chr1	chromothripsis	0.5398753881454468	0.6600000262260437	0	0
grouped5	fold_1	ZR7530	chr1	ecDNA	0.0779110416769981	0.209999993443489	0	0
grouped5	fold_1	ZR7530	chr1	seismic_amplification	0.2601475119590759	0.4399999976158142	0	0
grouped5	fold_1	ZR7530	chr10	BFB	0.0633383691310882	0.1800000071525573	0	0
grouped5	fold_1	ZR7530	chr10	chromothripsis	0.3042661547660827	0.6600000262260437	0	0
grouped5	fold_1	ZR7530	chr10	ecDNA	0.0426349379122257	0.209999993443489	0	0
grouped5	fold_1	ZR7530	chr10	seismic_amplification	0.140430599451065	0.4399999976158142	0	0
grouped5	fold_1	ZR7530	chr11	BFB	0.1464727520942688	0.1800000071525573	0	0
grouped5	fold_1	ZR7530	chr11	chromothripsis	0.1019821316003799	0.6600000262260437	0	0
grouped5	fold_1	ZR7530	chr11	ecDNA	0.0687872320413589	0.209999993443489	0	0
grouped5	fold_1	ZR7530	chr11	seismic_amplification	0.0952936857938766	0.4399999976158142	0	0
grouped5	fold_1	ZR7530	chr12	BFB	0.0425894558429718	0.1800000071525573	0	0
grouped5	fold_1	ZR7530	chr12	chromothripsis	0.0750197097659111	0.6600000262260437	0	0
grouped5	fold_1	ZR7530	chr12	ecDNA	0.0397611819207668	0.209999993443489	0	0
grouped5	fold_1	ZR7530	chr12	seismic_amplification	0.0477377250790596	0.4399999976158142	0	0
grouped5	fold_1	ZR7530	chr13	BFB	0.089766040444374	0.1800000071525573	0	0
grouped5	fold_1	ZR7530	chr13	chromothripsis	0.0536864809691906	0.6600000262260437	0	0
grouped5	fold_1	ZR7530	chr13	ecDNA	0.0814929232001304	0.209999993443489	0	0
grouped5	fold_1	ZR7530	chr13	seismic_amplification	0.0872333198785781	0.4399999976158142	0	0
grouped5	fold_1	ZR7530	chr14	BFB	0.0675282552838325	0.1800000071525573	0	0
grouped5	fold_1	ZR7530	chr14	chromothripsis	0.342721164226532	0.6600000262260437	0	0
grouped5	fold_1	ZR7530	chr14	ecDNA	0.0463395416736602	0.209999993443489	0	0
grouped5	fold_1	ZR7530	chr14	seismic_amplification	0.2849076390266418	0.4399999976158142	0	0
grouped5	fold_1	ZR7530	chr15	BFB	0.107115052640438	0.1800000071525573	0	0
grouped5	fold_1	ZR7530	chr15	chromothripsis	0.0790313780307769	0.6600000262260437	0	0
grouped5	fold_1	ZR7530	chr15	ecDNA	0.0819341540336608	0.209999993443489	0	0
grouped5	fold_1	ZR7530	chr15	seismic_amplification	0.0775114372372627	0.4399999976158142	0	0
grouped5	fold_1	ZR7530	chr16	BFB	0.0880178809165954	0.1800000071525573	0	0
grouped5	fold_1	ZR7530	chr16	chromothripsis	0.1294514834880828	0.6600000262260437	0	0
grouped5	fold_1	ZR7530	chr16	ecDNA	0.0565712414681911	0.209999993443489	0	0
grouped5	fold_1	ZR7530	chr16	seismic_amplification	0.0883964598178863	0.4399999976158142	0	0
grouped5	fold_1	ZR7530	chr17	BFB	0.5137537717819214	0.1800000071525573	1	0
grouped5	fold_1	ZR7530	chr17	chromothripsis	0.3608432412147522	0.6600000262260437	0	0
grouped5	fold_1	ZR7530	chr17	ecDNA	0.2709232270717621	0.209999993443489	1	0
grouped5	fold_1	ZR7530	chr17	seismic_amplification	0.6248044967651367	0.4399999976158142	1	1
grouped5	fold_1	ZR7530	chr18	BFB	0.2064066678285598	0.1800000071525573	1	0
grouped5	fold_1	ZR7530	chr18	chromothripsis	0.1067448258399963	0.6600000262260437	0	0
grouped5	fold_1	ZR7530	chr18	ecDNA	0.1067467480897903	0.209999993443489	0	0
grouped5	fold_1	ZR7530	chr18	seismic_amplification	0.2008732855319976	0.4399999976158142	0	0
grouped5	fold_1	ZR7530	chr19	BFB	0.03770088031888	0.1800000071525573	0	0
grouped5	fold_1	ZR7530	chr19	chromothripsis	0.0478123016655445	0.6600000262260437	0	0
grouped5	fold_1	ZR7530	chr19	ecDNA	0.0513319708406925	0.209999993443489	0	0
grouped5	fold_1	ZR7530	chr19	seismic_amplification	0.0612400844693183	0.4399999976158142	0	0
grouped5	fold_1	ZR7530	chr2	BFB	0.0840232148766517	0.1800000071525573	0	0
grouped5	fold_1	ZR7530	chr2	chromothripsis	0.1779727786779403	0.6600000262260437	0	0
grouped5	fold_1	ZR7530	chr2	ecDNA	0.0525458455085754	0.209999993443489	0	0
grouped5	fold_1	ZR7530	chr2	seismic_amplification	0.1442334353923797	0.4399999976158142	0	0
grouped5	fold_1	ZR7530	chr20	BFB	0.0511124245822429	0.1800000071525573	0	0
grouped5	fold_1	ZR7530	chr20	chromothripsis	0.0417953990399837	0.6600000262260437	0	0
grouped5	fold_1	ZR7530	chr20	ecDNA	0.0591557957231998	0.209999993443489	0	0
grouped5	fold_1	ZR7530	chr20	seismic_amplification	0.0773719325661659	0.4399999976158142	0	0
grouped5	fold_1	ZR7530	chr21	BFB	0.2138366848230362	0.1800000071525573	1	0
grouped5	fold_1	ZR7530	chr21	chromothripsis	0.1357534676790237	0.6600000262260437	0	0
grouped5	fold_1	ZR7530	chr21	ecDNA	0.094123899936676	0.209999993443489	0	0
grouped5	fold_1	ZR7530	chr21	seismic_amplification	0.1253120750188827	0.4399999976158142	0	0
grouped5	fold_1	ZR7530	chr22	BFB	0.0692991763353347	0.1800000071525573	0	0
grouped5	fold_1	ZR7530	chr22	chromothripsis	0.290563553571701	0.6600000262260437	0	0
grouped5	fold_1	ZR7530	chr22	ecDNA	0.0608279183506965	0.209999993443489	0	0
grouped5	fold_1	ZR7530	chr22	seismic_amplification	0.0988498255610466	0.4399999976158142	0	0
grouped5	fold_1	ZR7530	chr3	BFB	0.092987522482872	0.1800000071525573	0	0
grouped5	fold_1	ZR7530	chr3	chromothripsis	0.078954093158245	0.6600000262260437	0	0
grouped5	fold_1	ZR7530	chr3	ecDNA	0.1019997522234916	0.209999993443489	0	0
grouped5	fold_1	ZR7530	chr3	seismic_amplification	0.1171328946948051	0.4399999976158142	0	0
grouped5	fold_1	ZR7530	chr4	BFB	0.0547010712325573	0.1800000071525573	0	0
grouped5	fold_1	ZR7530	chr4	chromothripsis	0.0705292373895645	0.6600000262260437	0	0
grouped5	fold_1	ZR7530	chr4	ecDNA	0.0771697014570236	0.209999993443489	0	0
grouped5	fold_1	ZR7530	chr4	seismic_amplification	0.0802724435925483	0.4399999976158142	0	0
grouped5	fold_1	ZR7530	chr5	BFB	0.0560173094272613	0.1800000071525573	0	0
grouped5	fold_1	ZR7530	chr5	chromothripsis	0.0619687885046005	0.6600000262260437	0	0
grouped5	fold_1	ZR7530	chr5	ecDNA	0.0390958972275257	0.209999993443489	0	0
grouped5	fold_1	ZR7530	chr5	seismic_amplification	0.0472565740346908	0.4399999976158142	0	0
grouped5	fold_1	ZR7530	chr6	BFB	0.1680884510278701	0.1800000071525573	0	0
grouped5	fold_1	ZR7530	chr6	chromothripsis	0.3394065499305725	0.6600000262260437	0	0
grouped5	fold_1	ZR7530	chr6	ecDNA	0.0643036812543869	0.209999993443489	0	0
grouped5	fold_1	ZR7530	chr6	seismic_amplification	0.2424303293228149	0.4399999976158142	0	0
grouped5	fold_1	ZR7530	chr7	BFB	0.0393704921007156	0.1800000071525573	0	0
grouped5	fold_1	ZR7530	chr7	chromothripsis	0.098893903195858	0.6600000262260437	0	0
grouped5	fold_1	ZR7530	chr7	ecDNA	0.0424083583056926	0.209999993443489	0	0
grouped5	fold_1	ZR7530	chr7	seismic_amplification	0.0828818306326866	0.4399999976158142	0	0
grouped5	fold_1	ZR7530	chr8	BFB	0.5053063631057739	0.1800000071525573	1	0
grouped5	fold_1	ZR7530	chr8	chromothripsis	0.5845043063163757	0.6600000262260437	0	0
grouped5	fold_1	ZR7530	chr8	ecDNA	0.3848308324813843	0.209999993443489	1	0
grouped5	fold_1	ZR7530	chr8	seismic_amplification	0.7603605389595032	0.4399999976158142	1	1
grouped5	fold_1	ZR7530	chr9	BFB	0.0939626768231391	0.1800000071525573	0	0
grouped5	fold_1	ZR7530	chr9	chromothripsis	0.0944321677088737	0.6600000262260437	0	0
grouped5	fold_1	ZR7530	chr9	ecDNA	0.0613683946430683	0.209999993443489	0	0
grouped5	fold_1	ZR7530	chr9	seismic_amplification	0.113054871559143	0.4399999976158142	0	0
grouped5	fold_1	ZR7530	chrX	BFB	0.0470315665006637	0.1800000071525573	0	0
grouped5	fold_1	ZR7530	chrX	chromothripsis	0.0880752950906753	0.6600000262260437	0	0
grouped5	fold_1	ZR7530	chrX	ecDNA	0.043422020971775	0.209999993443489	0	0
grouped5	fold_1	ZR7530	chrX	seismic_amplification	0.052946388721466	0.4399999976158142	0	0
grouped5	fold_2	CERV196	chr1	BFB	0.1878080666065216	0.4000000059604645	0	0
grouped5	fold_2	CERV196	chr1	chromothripsis	0.3051404058933258	0.6200000047683716	0	0
grouped5	fold_2	CERV196	chr1	ecDNA	0.0777506306767463	0.2199999988079071	0	0
grouped5	fold_2	CERV196	chr1	seismic_amplification	0.0915376469492912	0.7200000286102295	0	0
grouped5	fold_2	CERV196	chr10	BFB	0.1639431267976761	0.4000000059604645	0	0
grouped5	fold_2	CERV196	chr10	chromothripsis	0.5229443311691284	0.6200000047683716	0	0
grouped5	fold_2	CERV196	chr10	ecDNA	0.1163567155599594	0.2199999988079071	0	0
grouped5	fold_2	CERV196	chr10	seismic_amplification	0.1132074669003486	0.7200000286102295	0	0
grouped5	fold_2	CERV196	chr11	BFB	0.5832387804985046	0.4000000059604645	1	0
grouped5	fold_2	CERV196	chr11	chromothripsis	0.384877473115921	0.6200000047683716	0	0
grouped5	fold_2	CERV196	chr11	ecDNA	0.4154577553272247	0.2199999988079071	1	0
grouped5	fold_2	CERV196	chr11	seismic_amplification	0.3899644613265991	0.7200000286102295	0	0
grouped5	fold_2	CERV196	chr12	BFB	0.3251816034317016	0.4000000059604645	0	0
grouped5	fold_2	CERV196	chr12	chromothripsis	0.4802349209785461	0.6200000047683716	0	0
grouped5	fold_2	CERV196	chr12	ecDNA	0.3081045746803283	0.2199999988079071	1	0
grouped5	fold_2	CERV196	chr12	seismic_amplification	0.1993959248065948	0.7200000286102295	0	0
grouped5	fold_2	CERV196	chr13	BFB	0.2758689224720001	0.4000000059604645	0	0
grouped5	fold_2	CERV196	chr13	chromothripsis	0.1827408075332641	0.6200000047683716	0	0
grouped5	fold_2	CERV196	chr13	ecDNA	0.1279777735471725	0.2199999988079071	0	1
grouped5	fold_2	CERV196	chr13	seismic_amplification	0.0876904428005218	0.7200000286102295	0	0
grouped5	fold_2	CERV196	chr14	BFB	0.1053403466939926	0.4000000059604645	0	0
grouped5	fold_2	CERV196	chr14	chromothripsis	0.3787401914596557	0.6200000047683716	0	0
grouped5	fold_2	CERV196	chr14	ecDNA	0.0681720972061157	0.2199999988079071	0	0
grouped5	fold_2	CERV196	chr14	seismic_amplification	0.1021165549755096	0.7200000286102295	0	0
grouped5	fold_2	CERV196	chr15	BFB	0.0918822512030601	0.4000000059604645	0	0
grouped5	fold_2	CERV196	chr15	chromothripsis	0.0847798287868499	0.6200000047683716	0	0
grouped5	fold_2	CERV196	chr15	ecDNA	0.0576184168457984	0.2199999988079071	0	0
grouped5	fold_2	CERV196	chr15	seismic_amplification	0.0750282332301139	0.7200000286102295	0	0
grouped5	fold_2	CERV196	chr16	BFB	0.1280761063098907	0.4000000059604645	0	0
grouped5	fold_2	CERV196	chr16	chromothripsis	0.1561786085367202	0.6200000047683716	0	0
grouped5	fold_2	CERV196	chr16	ecDNA	0.0887900441884994	0.2199999988079071	0	0
grouped5	fold_2	CERV196	chr16	seismic_amplification	0.0919058918952941	0.7200000286102295	0	0
grouped5	fold_2	CERV196	chr17	BFB	0.0830770060420036	0.4000000059604645	0	0
grouped5	fold_2	CERV196	chr17	chromothripsis	0.3738085329532623	0.6200000047683716	0	0
grouped5	fold_2	CERV196	chr17	ecDNA	0.0545140281319618	0.2199999988079071	0	0
grouped5	fold_2	CERV196	chr17	seismic_amplification	0.083887331187725	0.7200000286102295	0	0
grouped5	fold_2	CERV196	chr18	BFB	0.1549420952796936	0.4000000059604645	0	0
grouped5	fold_2	CERV196	chr18	chromothripsis	0.3753531277179718	0.6200000047683716	0	0
grouped5	fold_2	CERV196	chr18	ecDNA	0.0999993160367012	0.2199999988079071	0	0
grouped5	fold_2	CERV196	chr18	seismic_amplification	0.1593876779079437	0.7200000286102295	0	0
grouped5	fold_2	CERV196	chr19	BFB	0.0993206873536109	0.4000000059604645	0	0
grouped5	fold_2	CERV196	chr19	chromothripsis	0.244148313999176	0.6200000047683716	0	0
grouped5	fold_2	CERV196	chr19	ecDNA	0.0789304971694946	0.2199999988079071	0	0
grouped5	fold_2	CERV196	chr19	seismic_amplification	0.1922947019338607	0.7200000286102295	0	0
grouped5	fold_2	CERV196	chr2	BFB	0.0615705624222755	0.4000000059604645	0	0
grouped5	fold_2	CERV196	chr2	chromothripsis	0.1426651030778885	0.6200000047683716	0	0
grouped5	fold_2	CERV196	chr2	ecDNA	0.0443463996052742	0.2199999988079071	0	0
grouped5	fold_2	CERV196	chr2	seismic_amplification	0.0514960251748561	0.7200000286102295	0	0
grouped5	fold_2	CERV196	chr20	BFB	0.0909737050533294	0.4000000059604645	0	0
grouped5	fold_2	CERV196	chr20	chromothripsis	0.2082512825727462	0.6200000047683716	0	0
grouped5	fold_2	CERV196	chr20	ecDNA	0.0549821220338344	0.2199999988079071	0	0
grouped5	fold_2	CERV196	chr20	seismic_amplification	0.0925370529294014	0.7200000286102295	0	0
grouped5	fold_2	CERV196	chr21	BFB	0.0994289368391037	0.4000000059604645	0	0
grouped5	fold_2	CERV196	chr21	chromothripsis	0.2318763136863708	0.6200000047683716	0	0
grouped5	fold_2	CERV196	chr21	ecDNA	0.0960320234298706	0.2199999988079071	0	0
grouped5	fold_2	CERV196	chr21	seismic_amplification	0.1066558063030242	0.7200000286102295	0	0
grouped5	fold_2	CERV196	chr22	BFB	0.1434844583272934	0.4000000059604645	0	0
grouped5	fold_2	CERV196	chr22	chromothripsis	0.3083381354808807	0.6200000047683716	0	0
grouped5	fold_2	CERV196	chr22	ecDNA	0.0813966989517211	0.2199999988079071	0	0
grouped5	fold_2	CERV196	chr22	seismic_amplification	0.1169588938355445	0.7200000286102295	0	0
grouped5	fold_2	CERV196	chr3	BFB	0.1227912530303001	0.4000000059604645	0	0
grouped5	fold_2	CERV196	chr3	chromothripsis	0.16038379073143	0.6200000047683716	0	0
grouped5	fold_2	CERV196	chr3	ecDNA	0.0721942335367202	0.2199999988079071	0	0
grouped5	fold_2	CERV196	chr3	seismic_amplification	0.0904567539691925	0.7200000286102295	0	0
grouped5	fold_2	CERV196	chr4	BFB	0.0819610953330993	0.4000000059604645	0	0
grouped5	fold_2	CERV196	chr4	chromothripsis	0.3783102631568908	0.6200000047683716	0	0
grouped5	fold_2	CERV196	chr4	ecDNA	0.0750042125582695	0.2199999988079071	0	0
grouped5	fold_2	CERV196	chr4	seismic_amplification	0.0705937966704368	0.7200000286102295	0	0
grouped5	fold_2	CERV196	chr5	BFB	0.0967584550380706	0.4000000059604645	0	0
grouped5	fold_2	CERV196	chr5	chromothripsis	0.3456780016422272	0.6200000047683716	0	0
grouped5	fold_2	CERV196	chr5	ecDNA	0.0718363523483276	0.2199999988079071	0	0
grouped5	fold_2	CERV196	chr5	seismic_amplification	0.0639744102954864	0.7200000286102295	0	0
grouped5	fold_2	CERV196	chr6	BFB	0.6285702586174011	0.4000000059604645	1	1
grouped5	fold_2	CERV196	chr6	chromothripsis	0.3300829827785492	0.6200000047683716	0	0
grouped5	fold_2	CERV196	chr6	ecDNA	0.3914217352867126	0.2199999988079071	1	1
grouped5	fold_2	CERV196	chr6	seismic_amplification	0.2064204066991806	0.7200000286102295	0	0
grouped5	fold_2	CERV196	chr7	BFB	0.1048226952552795	0.4000000059604645	0	0
grouped5	fold_2	CERV196	chr7	chromothripsis	0.1667140126228332	0.6200000047683716	0	0
grouped5	fold_2	CERV196	chr7	ecDNA	0.0815850123763084	0.2199999988079071	0	0
grouped5	fold_2	CERV196	chr7	seismic_amplification	0.1205689385533332	0.7200000286102295	0	0
grouped5	fold_2	CERV196	chr8	BFB	0.0970801785588264	0.4000000059604645	0	0
grouped5	fold_2	CERV196	chr8	chromothripsis	0.359509140253067	0.6200000047683716	0	0
grouped5	fold_2	CERV196	chr8	ecDNA	0.0662290677428245	0.2199999988079071	0	0
grouped5	fold_2	CERV196	chr8	seismic_amplification	0.0864950567483902	0.7200000286102295	0	0
grouped5	fold_2	CERV196	chr9	BFB	0.0878218188881874	0.4000000059604645	0	0
grouped5	fold_2	CERV196	chr9	chromothripsis	0.1649546325206756	0.6200000047683716	0	0
grouped5	fold_2	CERV196	chr9	ecDNA	0.056475069373846	0.2199999988079071	0	0
grouped5	fold_2	CERV196	chr9	seismic_amplification	0.1094485148787498	0.7200000286102295	0	0
grouped5	fold_2	CERV196	chrX	BFB	0.0766588225960731	0.4000000059604645	0	0
grouped5	fold_2	CERV196	chrX	chromothripsis	0.3083994090557098	0.6200000047683716	0	0
grouped5	fold_2	CERV196	chrX	ecDNA	0.068487599492073	0.2199999988079071	0	0
grouped5	fold_2	CERV196	chrX	seismic_amplification	0.0651841685175895	0.7200000286102295	0	0
grouped5	fold_2	H1395	chr1	BFB	0.1482967585325241	0.4000000059604645	0	0
grouped5	fold_2	H1395	chr1	chromothripsis	0.3062555193901062	0.6200000047683716	0	0
grouped5	fold_2	H1395	chr1	ecDNA	0.0901681929826736	0.2199999988079071	0	0
grouped5	fold_2	H1395	chr1	seismic_amplification	0.1383726000785827	0.7200000286102295	0	0
grouped5	fold_2	H1395	chr10	BFB	0.1309239119291305	0.4000000059604645	0	0
grouped5	fold_2	H1395	chr10	chromothripsis	0.2181145250797271	0.6200000047683716	0	0
grouped5	fold_2	H1395	chr10	ecDNA	0.1097855120897293	0.2199999988079071	0	0
grouped5	fold_2	H1395	chr10	seismic_amplification	0.1275747567415237	0.7200000286102295	0	0
grouped5	fold_2	H1395	chr11	BFB	0.1145645380020141	0.4000000059604645	0	0
grouped5	fold_2	H1395	chr11	chromothripsis	0.2551431357860565	0.6200000047683716	0	0
grouped5	fold_2	H1395	chr11	ecDNA	0.0793103650212287	0.2199999988079071	0	0
grouped5	fold_2	H1395	chr11	seismic_amplification	0.126481831073761	0.7200000286102295	0	0
grouped5	fold_2	H1395	chr12	BFB	0.1162410154938697	0.4000000059604645	0	0
grouped5	fold_2	H1395	chr12	chromothripsis	0.2726716697216034	0.6200000047683716	0	0
grouped5	fold_2	H1395	chr12	ecDNA	0.1005569994449615	0.2199999988079071	0	0
grouped5	fold_2	H1395	chr12	seismic_amplification	0.1600812077522277	0.7200000286102295	0	0
grouped5	fold_2	H1395	chr13	BFB	0.1874396204948425	0.4000000059604645	0	0
grouped5	fold_2	H1395	chr13	chromothripsis	0.1506440341472625	0.6200000047683716	0	0
grouped5	fold_2	H1395	chr13	ecDNA	0.1232585459947586	0.2199999988079071	0	0
grouped5	fold_2	H1395	chr13	seismic_amplification	0.0973040238022804	0.7200000286102295	0	0
grouped5	fold_2	H1395	chr14	BFB	0.1434161514043808	0.4000000059604645	0	0
grouped5	fold_2	H1395	chr14	chromothripsis	0.2854672968387604	0.6200000047683716	0	0
grouped5	fold_2	H1395	chr14	ecDNA	0.1090648993849754	0.2199999988079071	0	0
grouped5	fold_2	H1395	chr14	seismic_amplification	0.18038871884346	0.7200000286102295	0	0
grouped5	fold_2	H1395	chr15	BFB	0.1477513909339904	0.4000000059604645	0	0
grouped5	fold_2	H1395	chr15	chromothripsis	0.2638616859912872	0.6200000047683716	0	0
grouped5	fold_2	H1395	chr15	ecDNA	0.0977256968617439	0.2199999988079071	0	0
grouped5	fold_2	H1395	chr15	seismic_amplification	0.1475574523210525	0.7200000286102295	0	0
grouped5	fold_2	H1395	chr16	BFB	0.4113506078720093	0.4000000059604645	1	0
grouped5	fold_2	H1395	chr16	chromothripsis	0.4456354677677154	0.6200000047683716	0	0
grouped5	fold_2	H1395	chr16	ecDNA	0.2456807792186737	0.2199999988079071	1	0
grouped5	fold_2	H1395	chr16	seismic_amplification	0.4794786870479584	0.7200000286102295	0	0
grouped5	fold_2	H1395	chr17	BFB	0.1202996745705604	0.4000000059604645	0	0
grouped5	fold_2	H1395	chr17	chromothripsis	0.3138282895088196	0.6200000047683716	0	0
grouped5	fold_2	H1395	chr17	ecDNA	0.0938937813043594	0.2199999988079071	0	0
grouped5	fold_2	H1395	chr17	seismic_amplification	0.159743532538414	0.7200000286102295	0	0
grouped5	fold_2	H1395	chr18	BFB	0.1500849276781082	0.4000000059604645	0	0
grouped5	fold_2	H1395	chr18	chromothripsis	0.3793481290340423	0.6200000047683716	0	0
grouped5	fold_2	H1395	chr18	ecDNA	0.103208877146244	0.2199999988079071	0	0
grouped5	fold_2	H1395	chr18	seismic_amplification	0.134149357676506	0.7200000286102295	0	0
grouped5	fold_2	H1395	chr19	BFB	0.1175165697932243	0.4000000059604645	0	0
grouped5	fold_2	H1395	chr19	chromothripsis	0.2902313470840454	0.6200000047683716	0	0
grouped5	fold_2	H1395	chr19	ecDNA	0.0826045498251915	0.2199999988079071	0	0
grouped5	fold_2	H1395	chr19	seismic_amplification	0.1409568041563034	0.7200000286102295	0	0
grouped5	fold_2	H1395	chr2	BFB	0.1357182413339615	0.4000000059604645	0	0
grouped5	fold_2	H1395	chr2	chromothripsis	0.4229500591754913	0.6200000047683716	0	0
grouped5	fold_2	H1395	chr2	ecDNA	0.0955857783555984	0.2199999988079071	0	0
grouped5	fold_2	H1395	chr2	seismic_amplification	0.1812291294336319	0.7200000286102295	0	0
grouped5	fold_2	H1395	chr20	BFB	0.115719236433506	0.4000000059604645	0	0
grouped5	fold_2	H1395	chr20	chromothripsis	0.2151554524898529	0.6200000047683716	0	0
grouped5	fold_2	H1395	chr20	ecDNA	0.0910742282867431	0.2199999988079071	0	0
grouped5	fold_2	H1395	chr20	seismic_amplification	0.1720757931470871	0.7200000286102295	0	0
grouped5	fold_2	H1395	chr21	BFB	0.1092647388577461	0.4000000059604645	0	0
grouped5	fold_2	H1395	chr21	chromothripsis	0.2003212869167328	0.6200000047683716	0	0
grouped5	fold_2	H1395	chr21	ecDNA	0.0669522807002067	0.2199999988079071	0	0
grouped5	fold_2	H1395	chr21	seismic_amplification	0.0947934687137603	0.7200000286102295	0	0
grouped5	fold_2	H1395	chr22	BFB	0.1027474328875541	0.4000000059604645	0	0
grouped5	fold_2	H1395	chr22	chromothripsis	0.3355807662010193	0.6200000047683716	0	0
grouped5	fold_2	H1395	chr22	ecDNA	0.0801779702305793	0.2199999988079071	0	0
grouped5	fold_2	H1395	chr22	seismic_amplification	0.1643336117267608	0.7200000286102295	0	0
grouped5	fold_2	H1395	chr3	BFB	0.2334645986557006	0.4000000059604645	0	0
grouped5	fold_2	H1395	chr3	chromothripsis	0.4932414591312408	0.6200000047683716	0	1
grouped5	fold_2	H1395	chr3	ecDNA	0.1666808724403381	0.2199999988079071	0	0
grouped5	fold_2	H1395	chr3	seismic_amplification	0.3277126848697662	0.7200000286102295	0	0
grouped5	fold_2	H1395	chr4	BFB	0.1073018610477447	0.4000000059604645	0	0
grouped5	fold_2	H1395	chr4	chromothripsis	0.3058649599552154	0.6200000047683716	0	0
grouped5	fold_2	H1395	chr4	ecDNA	0.069716177880764	0.2199999988079071	0	0
grouped5	fold_2	H1395	chr4	seismic_amplification	0.1360462009906768	0.7200000286102295	0	0
grouped5	fold_2	H1395	chr5	BFB	0.1260896325111389	0.4000000059604645	0	0
grouped5	fold_2	H1395	chr5	chromothripsis	0.348641574382782	0.6200000047683716	0	0
grouped5	fold_2	H1395	chr5	ecDNA	0.0996014773845672	0.2199999988079071	0	0
grouped5	fold_2	H1395	chr5	seismic_amplification	0.1585707366466522	0.7200000286102295	0	0
grouped5	fold_2	H1395	chr6	BFB	0.313251256942749	0.4000000059604645	0	0
grouped5	fold_2	H1395	chr6	chromothripsis	0.4629900157451629	0.6200000047683716	0	0
grouped5	fold_2	H1395	chr6	ecDNA	0.2125194817781448	0.2199999988079071	0	0
grouped5	fold_2	H1395	chr6	seismic_amplification	0.466948539018631	0.7200000286102295	0	0
grouped5	fold_2	H1395	chr7	BFB	0.1600160151720047	0.4000000059604645	0	0
grouped5	fold_2	H1395	chr7	chromothripsis	0.3490699529647827	0.6200000047683716	0	0
grouped5	fold_2	H1395	chr7	ecDNA	0.1256489753723144	0.2199999988079071	0	0
grouped5	fold_2	H1395	chr7	seismic_amplification	0.189181238412857	0.7200000286102295	0	0
grouped5	fold_2	H1395	chr8	BFB	0.2275512665510177	0.4000000059604645	0	0
grouped5	fold_2	H1395	chr8	chromothripsis	0.2658791840076446	0.6200000047683716	0	0
grouped5	fold_2	H1395	chr8	ecDNA	0.1956474781036377	0.2199999988079071	0	0
grouped5	fold_2	H1395	chr8	seismic_amplification	0.2426722794771194	0.7200000286102295	0	0
grouped5	fold_2	H1395	chr9	BFB	0.0986812785267829	0.4000000059604645	0	0
grouped5	fold_2	H1395	chr9	chromothripsis	0.3306797444820404	0.6200000047683716	0	0
grouped5	fold_2	H1395	chr9	ecDNA	0.070664145052433	0.2199999988079071	0	0
grouped5	fold_2	H1395	chr9	seismic_amplification	0.1198225393891334	0.7200000286102295	0	0
grouped5	fold_2	MDA_MD_453	chr1	BFB	0.0559011921286582	0.4000000059604645	0	0
grouped5	fold_2	MDA_MD_453	chr1	chromothripsis	0.0565422065556049	0.6200000047683716	0	0
grouped5	fold_2	MDA_MD_453	chr1	ecDNA	0.0231009423732757	0.2199999988079071	0	0
grouped5	fold_2	MDA_MD_453	chr1	seismic_amplification	0.0258631911128759	0.7200000286102295	0	0
grouped5	fold_2	MDA_MD_453	chr10	BFB	0.0402957759797573	0.4000000059604645	0	0
grouped5	fold_2	MDA_MD_453	chr10	chromothripsis	0.0555322170257568	0.6200000047683716	0	0
grouped5	fold_2	MDA_MD_453	chr10	ecDNA	0.0236580017954111	0.2199999988079071	0	0
grouped5	fold_2	MDA_MD_453	chr10	seismic_amplification	0.0304863974452018	0.7200000286102295	0	0
grouped5	fold_2	MDA_MD_453	chr11	BFB	0.315746933221817	0.4000000059604645	0	0
grouped5	fold_2	MDA_MD_453	chr11	chromothripsis	0.7087121605873108	0.6200000047683716	1	1
grouped5	fold_2	MDA_MD_453	chr11	ecDNA	0.2547599673271179	0.2199999988079071	1	0
grouped5	fold_2	MDA_MD_453	chr11	seismic_amplification	0.7893401384353638	0.7200000286102295	1	0
grouped5	fold_2	MDA_MD_453	chr12	BFB	0.1293172687292099	0.4000000059604645	0	0
grouped5	fold_2	MDA_MD_453	chr12	chromothripsis	0.5361149907112122	0.6200000047683716	0	0
grouped5	fold_2	MDA_MD_453	chr12	ecDNA	0.049778863787651	0.2199999988079071	0	0
grouped5	fold_2	MDA_MD_453	chr12	seismic_amplification	0.0649764984846115	0.7200000286102295	0	0
grouped5	fold_2	MDA_MD_453	chr13	BFB	0.1107594966888427	0.4000000059604645	0	0
grouped5	fold_2	MDA_MD_453	chr13	chromothripsis	0.1562083661556244	0.6200000047683716	0	0
grouped5	fold_2	MDA_MD_453	chr13	ecDNA	0.0895124524831771	0.2199999988079071	0	0
grouped5	fold_2	MDA_MD_453	chr13	seismic_amplification	0.0723339617252349	0.7200000286102295	0	0
grouped5	fold_2	MDA_MD_453	chr14	BFB	0.0527460947632789	0.4000000059604645	0	0
grouped5	fold_2	MDA_MD_453	chr14	chromothripsis	0.0502038933336734	0.6200000047683716	0	0
grouped5	fold_2	MDA_MD_453	chr14	ecDNA	0.0290904659777879	0.2199999988079071	0	0
grouped5	fold_2	MDA_MD_453	chr14	seismic_amplification	0.0441152267158031	0.7200000286102295	0	0
grouped5	fold_2	MDA_MD_453	chr15	BFB	0.1516833752393722	0.4000000059604645	0	0
grouped5	fold_2	MDA_MD_453	chr15	chromothripsis	0.4045378267765045	0.6200000047683716	0	0
grouped5	fold_2	MDA_MD_453	chr15	ecDNA	0.0328900478780269	0.2199999988079071	0	0
grouped5	fold_2	MDA_MD_453	chr15	seismic_amplification	0.0274749975651502	0.7200000286102295	0	0
grouped5	fold_2	MDA_MD_453	chr16	BFB	0.1580794602632522	0.4000000059604645	0	0
grouped5	fold_2	MDA_MD_453	chr16	chromothripsis	0.1579119116067886	0.6200000047683716	0	0
grouped5	fold_2	MDA_MD_453	chr16	ecDNA	0.0640485361218452	0.2199999988079071	0	0
grouped5	fold_2	MDA_MD_453	chr16	seismic_amplification	0.0314830504357814	0.7200000286102295	0	0
grouped5	fold_2	MDA_MD_453	chr17	BFB	0.2883479297161102	0.4000000059604645	0	0
grouped5	fold_2	MDA_MD_453	chr17	chromothripsis	0.623982310295105	0.6200000047683716	1	0
grouped5	fold_2	MDA_MD_453	chr17	ecDNA	0.3621106147766113	0.2199999988079071	1	0
grouped5	fold_2	MDA_MD_453	chr17	seismic_amplification	0.8746446967124939	0.7200000286102295	1	1
grouped5	fold_2	MDA_MD_453	chr18	BFB	0.0696348994970321	0.4000000059604645	0	0
grouped5	fold_2	MDA_MD_453	chr18	chromothripsis	0.098932921886444	0.6200000047683716	0	0
grouped5	fold_2	MDA_MD_453	chr18	ecDNA	0.0315358489751815	0.2199999988079071	0	0
grouped5	fold_2	MDA_MD_453	chr18	seismic_amplification	0.0382174178957939	0.7200000286102295	0	0
grouped5	fold_2	MDA_MD_453	chr19	BFB	0.0469679087400436	0.4000000059604645	0	0
grouped5	fold_2	MDA_MD_453	chr19	chromothripsis	0.0688592568039894	0.6200000047683716	0	0
grouped5	fold_2	MDA_MD_453	chr19	ecDNA	0.0334226749837398	0.2199999988079071	0	0
grouped5	fold_2	MDA_MD_453	chr19	seismic_amplification	0.0449541062116622	0.7200000286102295	0	0
grouped5	fold_2	MDA_MD_453	chr2	BFB	0.0418651290237903	0.4000000059604645	0	0
grouped5	fold_2	MDA_MD_453	chr2	chromothripsis	0.0916629210114479	0.6200000047683716	0	0
grouped5	fold_2	MDA_MD_453	chr2	ecDNA	0.0226932726800441	0.2199999988079071	0	0
grouped5	fold_2	MDA_MD_453	chr2	seismic_amplification	0.0260377787053585	0.7200000286102295	0	0
grouped5	fold_2	MDA_MD_453	chr20	BFB	0.0544677190482616	0.4000000059604645	0	0
grouped5	fold_2	MDA_MD_453	chr20	chromothripsis	0.0595686100423336	0.6200000047683716	0	0
grouped5	fold_2	MDA_MD_453	chr20	ecDNA	0.0320679582655429	0.2199999988079071	0	0
grouped5	fold_2	MDA_MD_453	chr20	seismic_amplification	0.0316162407398223	0.7200000286102295	0	0
grouped5	fold_2	MDA_MD_453	chr21	BFB	0.0825397670269012	0.4000000059604645	0	0
grouped5	fold_2	MDA_MD_453	chr21	chromothripsis	0.0792213827371597	0.6200000047683716	0	0
grouped5	fold_2	MDA_MD_453	chr21	ecDNA	0.0540681295096874	0.2199999988079071	0	0
grouped5	fold_2	MDA_MD_453	chr21	seismic_amplification	0.0511268712580204	0.7200000286102295	0	0
grouped5	fold_2	MDA_MD_453	chr22	BFB	0.1749923080205917	0.4000000059604645	0	0
grouped5	fold_2	MDA_MD_453	chr22	chromothripsis	0.6650902628898621	0.6200000047683716	1	0
grouped5	fold_2	MDA_MD_453	chr22	ecDNA	0.0639376640319824	0.2199999988079071	0	0
grouped5	fold_2	MDA_MD_453	chr22	seismic_amplification	0.0637993440032005	0.7200000286102295	0	0
grouped5	fold_2	MDA_MD_453	chr3	BFB	0.2368115335702896	0.4000000059604645	0	0
grouped5	fold_2	MDA_MD_453	chr3	chromothripsis	0.3611218333244324	0.6200000047683716	0	1
grouped5	fold_2	MDA_MD_453	chr3	ecDNA	0.0410216264426708	0.2199999988079071	0	0
grouped5	fold_2	MDA_MD_453	chr3	seismic_amplification	0.0336166247725486	0.7200000286102295	0	0
grouped5	fold_2	MDA_MD_453	chr4	BFB	0.0519142560660839	0.4000000059604645	0	0
grouped5	fold_2	MDA_MD_453	chr4	chromothripsis	0.1496654897928238	0.6200000047683716	0	0
grouped5	fold_2	MDA_MD_453	chr4	ecDNA	0.0241273734718561	0.2199999988079071	0	0
grouped5	fold_2	MDA_MD_453	chr4	seismic_amplification	0.0221765954047441	0.7200000286102295	0	0
grouped5	fold_2	MDA_MD_453	chr5	BFB	0.0432212688028812	0.4000000059604645	0	0
grouped5	fold_2	MDA_MD_453	chr5	chromothripsis	0.0484066158533096	0.6200000047683716	0	1
grouped5	fold_2	MDA_MD_453	chr5	ecDNA	0.0229249503463506	0.2199999988079071	0	0
grouped5	fold_2	MDA_MD_453	chr5	seismic_amplification	0.0255147591233253	0.7200000286102295	0	0
grouped5	fold_2	MDA_MD_453	chr6	BFB	0.0783768370747566	0.4000000059604645	0	0
grouped5	fold_2	MDA_MD_453	chr6	chromothripsis	0.3081957101821899	0.6200000047683716	0	0
grouped5	fold_2	MDA_MD_453	chr6	ecDNA	0.0530613325536251	0.2199999988079071	0	0
grouped5	fold_2	MDA_MD_453	chr6	seismic_amplification	0.0378202535212039	0.7200000286102295	0	0
grouped5	fold_2	MDA_MD_453	chr7	BFB	0.0773659199476242	0.4000000059604645	0	0
grouped5	fold_2	MDA_MD_453	chr7	chromothripsis	0.1039848774671554	0.6200000047683716	0	0
grouped5	fold_2	MDA_MD_453	chr7	ecDNA	0.0628477707505226	0.2199999988079071	0	0
grouped5	fold_2	MDA_MD_453	chr7	seismic_amplification	0.0603559911251068	0.7200000286102295	0	0
grouped5	fold_2	MDA_MD_453	chr8	BFB	0.2235181331634521	0.4000000059604645	0	0
grouped5	fold_2	MDA_MD_453	chr8	chromothripsis	0.3969402015209198	0.6200000047683716	0	0
grouped5	fold_2	MDA_MD_453	chr8	ecDNA	0.0497236773371696	0.2199999988079071	0	0
grouped5	fold_2	MDA_MD_453	chr8	seismic_amplification	0.0691391825675964	0.7200000286102295	0	0
grouped5	fold_2	MDA_MD_453	chr9	BFB	0.2170507758855819	0.4000000059604645	0	0
grouped5	fold_2	MDA_MD_453	chr9	chromothripsis	0.1855321824550628	0.6200000047683716	0	0
grouped5	fold_2	MDA_MD_453	chr9	ecDNA	0.1169451549649238	0.2199999988079071	0	0
grouped5	fold_2	MDA_MD_453	chr9	seismic_amplification	0.0718507394194603	0.7200000286102295	0	0
grouped5	fold_2	MDA_MD_453	chrX	BFB	0.1549805253744125	0.4000000059604645	0	0
grouped5	fold_2	MDA_MD_453	chrX	chromothripsis	0.1003226637840271	0.6200000047683716	0	0
grouped5	fold_2	MDA_MD_453	chrX	ecDNA	0.0839340761303901	0.2199999988079071	0	0
grouped5	fold_2	MDA_MD_453	chrX	seismic_amplification	0.047634121030569	0.7200000286102295	0	0
grouped5	fold_2	SCC154	chr1	BFB	0.0716596618294715	0.4000000059604645	0	0
grouped5	fold_2	SCC154	chr1	chromothripsis	0.1101394966244697	0.6200000047683716	0	0
grouped5	fold_2	SCC154	chr1	ecDNA	0.0502538010478019	0.2199999988079071	0	0
grouped5	fold_2	SCC154	chr1	seismic_amplification	0.050724770873785	0.7200000286102295	0	0
grouped5	fold_2	SCC154	chr10	BFB	0.0510503053665161	0.4000000059604645	0	0
grouped5	fold_2	SCC154	chr10	chromothripsis	0.0452053509652614	0.6200000047683716	0	0
grouped5	fold_2	SCC154	chr10	ecDNA	0.0272754896432161	0.2199999988079071	0	0
grouped5	fold_2	SCC154	chr10	seismic_amplification	0.0346388667821884	0.7200000286102295	0	0
grouped5	fold_2	SCC154	chr11	BFB	0.6943507790565491	0.4000000059604645	1	1
grouped5	fold_2	SCC154	chr11	chromothripsis	0.1963883340358734	0.6200000047683716	0	0
grouped5	fold_2	SCC154	chr11	ecDNA	0.3199265897274017	0.2199999988079071	1	0
grouped5	fold_2	SCC154	chr11	seismic_amplification	0.1265127509832382	0.7200000286102295	0	0
grouped5	fold_2	SCC154	chr12	BFB	0.0428913496434688	0.4000000059604645	0	0
grouped5	fold_2	SCC154	chr12	chromothripsis	0.0771420523524284	0.6200000047683716	0	0
grouped5	fold_2	SCC154	chr12	ecDNA	0.0261870399117469	0.2199999988079071	0	0
grouped5	fold_2	SCC154	chr12	seismic_amplification	0.0315844230353832	0.7200000286102295	0	0
grouped5	fold_2	SCC154	chr13	BFB	0.0489419624209404	0.4000000059604645	0	0
grouped5	fold_2	SCC154	chr13	chromothripsis	0.0425741448998451	0.6200000047683716	0	0
grouped5	fold_2	SCC154	chr13	ecDNA	0.0237106215208768	0.2199999988079071	0	0
grouped5	fold_2	SCC154	chr13	seismic_amplification	0.0259570982307195	0.7200000286102295	0	0
grouped5	fold_2	SCC154	chr14	BFB	0.0451468452811241	0.4000000059604645	0	0
grouped5	fold_2	SCC154	chr14	chromothripsis	0.0541646406054496	0.6200000047683716	0	0
grouped5	fold_2	SCC154	chr14	ecDNA	0.0254143010824918	0.2199999988079071	0	0
grouped5	fold_2	SCC154	chr14	seismic_amplification	0.034812543541193	0.7200000286102295	0	0
grouped5	fold_2	SCC154	chr15	BFB	0.0820327177643776	0.4000000059604645	0	0
grouped5	fold_2	SCC154	chr15	chromothripsis	0.0697733834385871	0.6200000047683716	0	0
grouped5	fold_2	SCC154	chr15	ecDNA	0.0528782717883586	0.2199999988079071	0	0
grouped5	fold_2	SCC154	chr15	seismic_amplification	0.0543405152857303	0.7200000286102295	0	0
grouped5	fold_2	SCC154	chr16	BFB	0.1135029271245002	0.4000000059604645	0	0
grouped5	fold_2	SCC154	chr16	chromothripsis	0.1901428699493408	0.6200000047683716	0	0
grouped5	fold_2	SCC154	chr16	ecDNA	0.0554267950356006	0.2199999988079071	0	0
grouped5	fold_2	SCC154	chr16	seismic_amplification	0.0558023117482662	0.7200000286102295	0	0
grouped5	fold_2	SCC154	chr17	BFB	0.0978354662656784	0.4000000059604645	0	0
grouped5	fold_2	SCC154	chr17	chromothripsis	0.2261125147342682	0.6200000047683716	0	0
grouped5	fold_2	SCC154	chr17	ecDNA	0.0767319947481155	0.2199999988079071	0	0
grouped5	fold_2	SCC154	chr17	seismic_amplification	0.0811027064919471	0.7200000286102295	0	0
grouped5	fold_2	SCC154	chr18	BFB	0.1317066848278045	0.4000000059604645	0	0
grouped5	fold_2	SCC154	chr18	chromothripsis	0.1046310737729072	0.6200000047683716	0	0
grouped5	fold_2	SCC154	chr18	ecDNA	0.1042310446500778	0.2199999988079071	0	0
grouped5	fold_2	SCC154	chr18	seismic_amplification	0.0879304707050323	0.7200000286102295	0	0
grouped5	fold_2	SCC154	chr19	BFB	0.0463032089173793	0.4000000059604645	0	0
grouped5	fold_2	SCC154	chr19	chromothripsis	0.0481663756072521	0.6200000047683716	0	0
grouped5	fold_2	SCC154	chr19	ecDNA	0.0229602772742509	0.2199999988079071	0	0
grouped5	fold_2	SCC154	chr19	seismic_amplification	0.0255963131785392	0.7200000286102295	0	0
grouped5	fold_2	SCC154	chr2	BFB	0.0671357363462448	0.4000000059604645	0	0
grouped5	fold_2	SCC154	chr2	chromothripsis	0.1434490084648132	0.6200000047683716	0	0
grouped5	fold_2	SCC154	chr2	ecDNA	0.0314913056790828	0.2199999988079071	0	0
grouped5	fold_2	SCC154	chr2	seismic_amplification	0.027145616710186	0.7200000286102295	0	0
grouped5	fold_2	SCC154	chr20	BFB	0.0734829679131507	0.4000000059604645	0	0
grouped5	fold_2	SCC154	chr20	chromothripsis	0.0522053800523281	0.6200000047683716	0	0
grouped5	fold_2	SCC154	chr20	ecDNA	0.0426596812903881	0.2199999988079071	0	0
grouped5	fold_2	SCC154	chr20	seismic_amplification	0.0527554079890251	0.7200000286102295	0	0
grouped5	fold_2	SCC154	chr21	BFB	0.0607481636106967	0.4000000059604645	0	0
grouped5	fold_2	SCC154	chr21	chromothripsis	0.1005692854523658	0.6200000047683716	0	0
grouped5	fold_2	SCC154	chr21	ecDNA	0.036959271878004	0.2199999988079071	0	0
grouped5	fold_2	SCC154	chr21	seismic_amplification	0.0483561307191848	0.7200000286102295	0	0
grouped5	fold_2	SCC154	chr22	BFB	0.1023862138390541	0.4000000059604645	0	0
grouped5	fold_2	SCC154	chr22	chromothripsis	0.1598514765501022	0.6200000047683716	0	0
grouped5	fold_2	SCC154	chr22	ecDNA	0.0319449976086616	0.2199999988079071	0	0
grouped5	fold_2	SCC154	chr22	seismic_amplification	0.0333365388214588	0.7200000286102295	0	0
grouped5	fold_2	SCC154	chr3	BFB	0.1333395689725875	0.4000000059604645	0	0
grouped5	fold_2	SCC154	chr3	chromothripsis	0.2602967023849487	0.6200000047683716	0	0
grouped5	fold_2	SCC154	chr3	ecDNA	0.0315766148269176	0.2199999988079071	0	0
grouped5	fold_2	SCC154	chr3	seismic_amplification	0.031492244452238	0.7200000286102295	0	0
grouped5	fold_2	SCC154	chr4	BFB	0.0692464336752891	0.4000000059604645	0	0
grouped5	fold_2	SCC154	chr4	chromothripsis	0.0546388924121856	0.6200000047683716	0	0
grouped5	fold_2	SCC154	chr4	ecDNA	0.0288989953696727	0.2199999988079071	0	0
grouped5	fold_2	SCC154	chr4	seismic_amplification	0.0247494801878929	0.7200000286102295	0	0
grouped5	fold_2	SCC154	chr5	BFB	0.2390546947717666	0.4000000059604645	0	0
grouped5	fold_2	SCC154	chr5	chromothripsis	0.5909669995307922	0.6200000047683716	0	0
grouped5	fold_2	SCC154	chr5	ecDNA	0.061081800609827	0.2199999988079071	0	0
grouped5	fold_2	SCC154	chr5	seismic_amplification	0.0416332073509693	0.7200000286102295	0	0
grouped5	fold_2	SCC154	chr6	BFB	0.048280756920576	0.4000000059604645	0	0
grouped5	fold_2	SCC154	chr6	chromothripsis	0.1771066337823867	0.6200000047683716	0	0
grouped5	fold_2	SCC154	chr6	ecDNA	0.0243893638253211	0.2199999988079071	0	0
grouped5	fold_2	SCC154	chr6	seismic_amplification	0.0199136231094598	0.7200000286102295	0	0
grouped5	fold_2	SCC154	chr7	BFB	0.0560026168823242	0.4000000059604645	0	0
grouped5	fold_2	SCC154	chr7	chromothripsis	0.0526803396642208	0.6200000047683716	0	0
grouped5	fold_2	SCC154	chr7	ecDNA	0.0326677076518535	0.2199999988079071	0	0
grouped5	fold_2	SCC154	chr7	seismic_amplification	0.0311977881938219	0.7200000286102295	0	0
grouped5	fold_2	SCC154	chr8	BFB	0.3758088648319244	0.4000000059604645	0	0
grouped5	fold_2	SCC154	chr8	chromothripsis	0.310663104057312	0.6200000047683716	0	0
grouped5	fold_2	SCC154	chr8	ecDNA	0.0666806548833847	0.2199999988079071	0	0
grouped5	fold_2	SCC154	chr8	seismic_amplification	0.0427931323647499	0.7200000286102295	0	0
grouped5	fold_2	SCC154	chr9	BFB	0.0694422572851181	0.4000000059604645	0	0
grouped5	fold_2	SCC154	chr9	chromothripsis	0.0531007088720798	0.6200000047683716	0	0
grouped5	fold_2	SCC154	chr9	ecDNA	0.0366090349853038	0.2199999988079071	0	0
grouped5	fold_2	SCC154	chr9	seismic_amplification	0.0524796321988105	0.7200000286102295	0	0
grouped5	fold_2	SCC154	chrX	BFB	0.1168200671672821	0.4000000059604645	0	0
grouped5	fold_2	SCC154	chrX	chromothripsis	0.1869562566280365	0.6200000047683716	0	0
grouped5	fold_2	SCC154	chrX	ecDNA	0.078993372619152	0.2199999988079071	0	0
grouped5	fold_2	SCC154	chrX	seismic_amplification	0.069172590970993	0.7200000286102295	0	0
grouped5	fold_2	SKBR3	chr1	BFB	0.1060117185115814	0.4000000059604645	0	0
grouped5	fold_2	SKBR3	chr1	chromothripsis	0.3586165010929107	0.6200000047683716	0	0
grouped5	fold_2	SKBR3	chr1	ecDNA	0.0946778878569603	0.2199999988079071	0	0
grouped5	fold_2	SKBR3	chr1	seismic_amplification	0.2686941027641296	0.7200000286102295	0	0
grouped5	fold_2	SKBR3	chr10	BFB	0.6764967441558838	0.4000000059604645	1	0
grouped5	fold_2	SKBR3	chr10	chromothripsis	0.5386850833892822	0.6200000047683716	0	0
grouped5	fold_2	SKBR3	chr10	ecDNA	0.1974488496780395	0.2199999988079071	0	0
grouped5	fold_2	SKBR3	chr10	seismic_amplification	0.1389301717281341	0.7200000286102295	0	0
grouped5	fold_2	SKBR3	chr11	BFB	0.2830198109149933	0.4000000059604645	0	0
grouped5	fold_2	SKBR3	chr11	chromothripsis	0.1183720380067825	0.6200000047683716	0	0
grouped5	fold_2	SKBR3	chr11	ecDNA	0.0889603197574615	0.2199999988079071	0	0
grouped5	fold_2	SKBR3	chr11	seismic_amplification	0.0576564483344554	0.7200000286102295	0	0
grouped5	fold_2	SKBR3	chr12	BFB	0.120192103087902	0.4000000059604645	0	0
grouped5	fold_2	SKBR3	chr12	chromothripsis	0.0419649109244346	0.6200000047683716	0	0
grouped5	fold_2	SKBR3	chr12	ecDNA	0.0336933992803096	0.2199999988079071	0	0
grouped5	fold_2	SKBR3	chr12	seismic_amplification	0.0361507311463356	0.7200000286102295	0	0
grouped5	fold_2	SKBR3	chr13	BFB	0.156062439084053	0.4000000059604645	0	0
grouped5	fold_2	SKBR3	chr13	chromothripsis	0.1165150478482246	0.6200000047683716	0	0
grouped5	fold_2	SKBR3	chr13	ecDNA	0.0810501426458358	0.2199999988079071	0	0
grouped5	fold_2	SKBR3	chr13	seismic_amplification	0.0757443383336067	0.7200000286102295	0	0
grouped5	fold_2	SKBR3	chr14	BFB	0.1821633577346801	0.4000000059604645	0	0
grouped5	fold_2	SKBR3	chr14	chromothripsis	0.5440046191215515	0.6200000047683716	0	0
grouped5	fold_2	SKBR3	chr14	ecDNA	0.0891830250620842	0.2199999988079071	0	0
grouped5	fold_2	SKBR3	chr14	seismic_amplification	0.3224473595619201	0.7200000286102295	0	0
grouped5	fold_2	SKBR3	chr15	BFB	0.053195122629404	0.4000000059604645	0	0
grouped5	fold_2	SKBR3	chr15	chromothripsis	0.070470854640007	0.6200000047683716	0	0
grouped5	fold_2	SKBR3	chr15	ecDNA	0.0300426334142684	0.2199999988079071	0	0
grouped5	fold_2	SKBR3	chr15	seismic_amplification	0.0284444447606802	0.7200000286102295	0	0
grouped5	fold_2	SKBR3	chr16	BFB	0.0885878279805183	0.4000000059604645	0	0
grouped5	fold_2	SKBR3	chr16	chromothripsis	0.0548317246139049	0.6200000047683716	0	0
grouped5	fold_2	SKBR3	chr16	ecDNA	0.0496549867093563	0.2199999988079071	0	0
grouped5	fold_2	SKBR3	chr16	seismic_amplification	0.0498128049075603	0.7200000286102295	0	0
grouped5	fold_2	SKBR3	chr17	BFB	0.3532227575778961	0.4000000059604645	0	0
grouped5	fold_2	SKBR3	chr17	chromothripsis	0.4662626981735229	0.6200000047683716	0	0
grouped5	fold_2	SKBR3	chr17	ecDNA	0.2855990827083587	0.2199999988079071	1	0
grouped5	fold_2	SKBR3	chr17	seismic_amplification	0.5807157754898071	0.7200000286102295	0	0
grouped5	fold_2	SKBR3	chr18	BFB	0.0842637419700622	0.4000000059604645	0	0
grouped5	fold_2	SKBR3	chr18	chromothripsis	0.10350351780653	0.6200000047683716	0	0
grouped5	fold_2	SKBR3	chr18	ecDNA	0.0356853082776069	0.2199999988079071	0	0
grouped5	fold_2	SKBR3	chr18	seismic_amplification	0.0272627715021371	0.7200000286102295	0	0
grouped5	fold_2	SKBR3	chr19	BFB	0.0854503810405731	0.4000000059604645	0	0
grouped5	fold_2	SKBR3	chr19	chromothripsis	0.2508918941020965	0.6200000047683716	0	0
grouped5	fold_2	SKBR3	chr19	ecDNA	0.035444475710392	0.2199999988079071	0	0
grouped5	fold_2	SKBR3	chr19	seismic_amplification	0.0296735726296901	0.7200000286102295	0	0
grouped5	fold_2	SKBR3	chr2	BFB	0.084036611020565	0.4000000059604645	0	0
grouped5	fold_2	SKBR3	chr2	chromothripsis	0.1220130175352096	0.6200000047683716	0	0
grouped5	fold_2	SKBR3	chr2	ecDNA	0.0422657318413257	0.2199999988079071	0	0
grouped5	fold_2	SKBR3	chr2	seismic_amplification	0.0503736808896064	0.7200000286102295	0	0
grouped5	fold_2	SKBR3	chr20	BFB	0.3445371985435486	0.4000000059604645	0	0
grouped5	fold_2	SKBR3	chr20	chromothripsis	0.6206331253051758	0.6200000047683716	1	1
grouped5	fold_2	SKBR3	chr20	ecDNA	0.2983646988868713	0.2199999988079071	1	0
grouped5	fold_2	SKBR3	chr20	seismic_amplification	0.7971241474151611	0.7200000286102295	1	1
grouped5	fold_2	SKBR3	chr21	BFB	0.1044657900929451	0.4000000059604645	0	0
grouped5	fold_2	SKBR3	chr21	chromothripsis	0.1206095293164253	0.6200000047683716	0	0
grouped5	fold_2	SKBR3	chr21	ecDNA	0.0479047186672687	0.2199999988079071	0	0
grouped5	fold_2	SKBR3	chr21	seismic_amplification	0.0521570108830928	0.7200000286102295	0	0
grouped5	fold_2	SKBR3	chr22	BFB	0.0498689077794551	0.4000000059604645	0	0
grouped5	fold_2	SKBR3	chr22	chromothripsis	0.091553084552288	0.6200000047683716	0	0
grouped5	fold_2	SKBR3	chr22	ecDNA	0.0339849404990673	0.2199999988079071	0	0
grouped5	fold_2	SKBR3	chr22	seismic_amplification	0.0487244538962841	0.7200000286102295	0	0
grouped5	fold_2	SKBR3	chr3	BFB	0.3251937925815582	0.4000000059604645	0	1
grouped5	fold_2	SKBR3	chr3	chromothripsis	0.6318824291229248	0.6200000047683716	1	0
grouped5	fold_2	SKBR3	chr3	ecDNA	0.3002614974975586	0.2199999988079071	1	0
grouped5	fold_2	SKBR3	chr3	seismic_amplification	0.8120366334915161	0.7200000286102295	1	0
grouped5	fold_2	SKBR3	chr4	BFB	0.0742527097463607	0.4000000059604645	0	0
grouped5	fold_2	SKBR3	chr4	chromothripsis	0.0972350761294364	0.6200000047683716	0	0
grouped5	fold_2	SKBR3	chr4	ecDNA	0.0369519144296646	0.2199999988079071	0	0
grouped5	fold_2	SKBR3	chr4	seismic_amplification	0.0574688762426376	0.7200000286102295	0	0
grouped5	fold_2	SKBR3	chr5	BFB	0.3048425614833832	0.4000000059604645	0	0
grouped5	fold_2	SKBR3	chr5	chromothripsis	0.643822431564331	0.6200000047683716	1	0
grouped5	fold_2	SKBR3	chr5	ecDNA	0.3062760829925537	0.2199999988079071	1	0
grouped5	fold_2	SKBR3	chr5	seismic_amplification	0.8575577735900879	0.7200000286102295	1	0
grouped5	fold_2	SKBR3	chr6	BFB	0.7694946527481079	0.4000000059604645	1	0
grouped5	fold_2	SKBR3	chr6	chromothripsis	0.5873198509216309	0.6200000047683716	0	0
grouped5	fold_2	SKBR3	chr6	ecDNA	0.2033850997686386	0.2199999988079071	0	0
grouped5	fold_2	SKBR3	chr6	seismic_amplification	0.1756077259778976	0.7200000286102295	0	0
grouped5	fold_2	SKBR3	chr7	BFB	0.5714950561523438	0.4000000059604645	1	1
grouped5	fold_2	SKBR3	chr7	chromothripsis	0.5393201112747192	0.6200000047683716	0	0
grouped5	fold_2	SKBR3	chr7	ecDNA	0.2352429181337356	0.2199999988079071	1	0
grouped5	fold_2	SKBR3	chr7	seismic_amplification	0.1425205171108245	0.7200000286102295	0	0
grouped5	fold_2	SKBR3	chr8	BFB	0.5015506744384766	0.4000000059604645	1	1
grouped5	fold_2	SKBR3	chr8	chromothripsis	0.5813300013542175	0.6200000047683716	0	0
grouped5	fold_2	SKBR3	chr8	ecDNA	0.473500519990921	0.2199999988079071	1	0
grouped5	fold_2	SKBR3	chr8	seismic_amplification	0.8907768726348877	0.7200000286102295	1	1
grouped5	fold_2	SKBR3	chr9	BFB	0.0571833811700344	0.4000000059604645	0	0
grouped5	fold_2	SKBR3	chr9	chromothripsis	0.0658041760325431	0.6200000047683716	0	0
grouped5	fold_2	SKBR3	chr9	ecDNA	0.0350887961685657	0.2199999988079071	0	0
grouped5	fold_2	SKBR3	chr9	seismic_amplification	0.06054662540555	0.7200000286102295	0	0
grouped5	fold_2	SKBR3	chrX	BFB	0.2466155141592025	0.4000000059604645	0	0
grouped5	fold_2	SKBR3	chrX	chromothripsis	0.6916144490242004	0.6200000047683716	1	0
grouped5	fold_2	SKBR3	chrX	ecDNA	0.2063846439123153	0.2199999988079071	0	0
grouped5	fold_2	SKBR3	chrX	seismic_amplification	0.6862108111381531	0.7200000286102295	0	0
grouped5	fold_2	SNU1299	chr1	BFB	0.2054518312215805	0.4000000059604645	0	0
grouped5	fold_2	SNU1299	chr1	chromothripsis	0.1916523873805999	0.6200000047683716	0	0
grouped5	fold_2	SNU1299	chr1	ecDNA	0.0514189340174198	0.2199999988079071	0	0
grouped5	fold_2	SNU1299	chr1	seismic_amplification	0.0497934892773628	0.7200000286102295	0	0
grouped5	fold_2	SNU1299	chr10	BFB	0.0731248781085014	0.4000000059604645	0	0
grouped5	fold_2	SNU1299	chr10	chromothripsis	0.2625019252300262	0.6200000047683716	0	0
grouped5	fold_2	SNU1299	chr10	ecDNA	0.042113572359085	0.2199999988079071	0	0
grouped5	fold_2	SNU1299	chr10	seismic_amplification	0.0795589536428451	0.7200000286102295	0	0
grouped5	fold_2	SNU1299	chr11	BFB	0.8934317231178284	0.4000000059604645	1	1
grouped5	fold_2	SNU1299	chr11	chromothripsis	0.2776139974594116	0.6200000047683716	0	0
grouped5	fold_2	SNU1299	chr11	ecDNA	0.4342347085475921	0.2199999988079071	1	0
grouped5	fold_2	SNU1299	chr11	seismic_amplification	0.1319936662912368	0.7200000286102295	0	0
grouped5	fold_2	SNU1299	chr12	BFB	0.4385219812393188	0.4000000059604645	1	0
grouped5	fold_2	SNU1299	chr12	chromothripsis	0.3244607150554657	0.6200000047683716	0	0
grouped5	fold_2	SNU1299	chr12	ecDNA	0.1502278596162796	0.2199999988079071	0	0
grouped5	fold_2	SNU1299	chr12	seismic_amplification	0.1035712212324142	0.7200000286102295	0	0
grouped5	fold_2	SNU1299	chr13	BFB	0.1311610490083694	0.4000000059604645	0	0
grouped5	fold_2	SNU1299	chr13	chromothripsis	0.0652199313044548	0.6200000047683716	0	0
grouped5	fold_2	SNU1299	chr13	ecDNA	0.0852866023778915	0.2199999988079071	0	0
grouped5	fold_2	SNU1299	chr13	seismic_amplification	0.0631594806909561	0.7200000286102295	0	0
grouped5	fold_2	SNU1299	chr14	BFB	0.1009443402290344	0.4000000059604645	0	0
grouped5	fold_2	SNU1299	chr14	chromothripsis	0.2543652057647705	0.6200000047683716	0	0
grouped5	fold_2	SNU1299	chr14	ecDNA	0.059712927788496	0.2199999988079071	0	0
grouped5	fold_2	SNU1299	chr14	seismic_amplification	0.0846432372927665	0.7200000286102295	0	0
grouped5	fold_2	SNU1299	chr15	BFB	0.1283598691225052	0.4000000059604645	0	0
grouped5	fold_2	SNU1299	chr15	chromothripsis	0.0818728730082511	0.6200000047683716	0	0
grouped5	fold_2	SNU1299	chr15	ecDNA	0.0736886858940124	0.2199999988079071	0	0
grouped5	fold_2	SNU1299	chr15	seismic_amplification	0.0896908864378929	0.7200000286102295	0	0
grouped5	fold_2	SNU1299	chr16	BFB	0.2107592523097992	0.4000000059604645	0	0
grouped5	fold_2	SNU1299	chr16	chromothripsis	0.202284574508667	0.6200000047683716	0	0
grouped5	fold_2	SNU1299	chr16	ecDNA	0.0498957335948944	0.2199999988079071	0	0
grouped5	fold_2	SNU1299	chr16	seismic_amplification	0.0462130308151245	0.7200000286102295	0	0
grouped5	fold_2	SNU1299	chr17	BFB	0.0584900490939617	0.4000000059604645	0	0
grouped5	fold_2	SNU1299	chr17	chromothripsis	0.1204815208911895	0.6200000047683716	0	0
grouped5	fold_2	SNU1299	chr17	ecDNA	0.0397520437836647	0.2199999988079071	0	0
grouped5	fold_2	SNU1299	chr17	seismic_amplification	0.0802450105547905	0.7200000286102295	0	0
grouped5	fold_2	SNU1299	chr18	BFB	0.069921001791954	0.4000000059604645	0	0
grouped5	fold_2	SNU1299	chr18	chromothripsis	0.0974082127213478	0.6200000047683716	0	0
grouped5	fold_2	SNU1299	chr18	ecDNA	0.045483473688364	0.2199999988079071	0	0
grouped5	fold_2	SNU1299	chr18	seismic_amplification	0.046890839934349	0.7200000286102295	0	0
grouped5	fold_2	SNU1299	chr19	BFB	0.3373081982135772	0.4000000059604645	0	0
grouped5	fold_2	SNU1299	chr19	chromothripsis	0.4351025223731994	0.6200000047683716	0	0
grouped5	fold_2	SNU1299	chr19	ecDNA	0.4077411890029907	0.2199999988079071	1	0
grouped5	fold_2	SNU1299	chr19	seismic_amplification	0.6523188948631287	0.7200000286102295	0	0
grouped5	fold_2	SNU1299	chr2	BFB	0.0578153766691684	0.4000000059604645	0	0
grouped5	fold_2	SNU1299	chr2	chromothripsis	0.0640872940421104	0.6200000047683716	0	0
grouped5	fold_2	SNU1299	chr2	ecDNA	0.0295636970549821	0.2199999988079071	0	0
grouped5	fold_2	SNU1299	chr2	seismic_amplification	0.0407987870275974	0.7200000286102295	0	0
grouped5	fold_2	SNU1299	chr20	BFB	0.7312723398208618	0.4000000059604645	1	1
grouped5	fold_2	SNU1299	chr20	chromothripsis	0.6543521881103516	0.6200000047683716	1	0
grouped5	fold_2	SNU1299	chr20	ecDNA	0.2653972804546356	0.2199999988079071	1	0
grouped5	fold_2	SNU1299	chr20	seismic_amplification	0.1613207906484604	0.7200000286102295	0	0
grouped5	fold_2	SNU1299	chr21	BFB	0.0705300793051719	0.4000000059604645	0	0
grouped5	fold_2	SNU1299	chr21	chromothripsis	0.0565597228705883	0.6200000047683716	0	0
grouped5	fold_2	SNU1299	chr21	ecDNA	0.0358861573040485	0.2199999988079071	0	0
grouped5	fold_2	SNU1299	chr21	seismic_amplification	0.0586997978389263	0.7200000286102295	0	0
grouped5	fold_2	SNU1299	chr22	BFB	0.0811901316046714	0.4000000059604645	0	0
grouped5	fold_2	SNU1299	chr22	chromothripsis	0.1247333362698555	0.6200000047683716	0	0
grouped5	fold_2	SNU1299	chr22	ecDNA	0.0520113930106163	0.2199999988079071	0	0
grouped5	fold_2	SNU1299	chr22	seismic_amplification	0.1126008927822113	0.7200000286102295	0	0
grouped5	fold_2	SNU1299	chr3	BFB	0.1337233334779739	0.4000000059604645	0	0
grouped5	fold_2	SNU1299	chr3	chromothripsis	0.5916808843612671	0.6200000047683716	0	0
grouped5	fold_2	SNU1299	chr3	ecDNA	0.0930447503924369	0.2199999988079071	0	0
grouped5	fold_2	SNU1299	chr3	seismic_amplification	0.1374983638525009	0.7200000286102295	0	0
grouped5	fold_2	SNU1299	chr4	BFB	0.1256643533706665	0.4000000059604645	0	0
grouped5	fold_2	SNU1299	chr4	chromothripsis	0.0547973327338695	0.6200000047683716	0	0
grouped5	fold_2	SNU1299	chr4	ecDNA	0.0832550898194313	0.2199999988079071	0	0
grouped5	fold_2	SNU1299	chr4	seismic_amplification	0.0591449327766895	0.7200000286102295	0	0
grouped5	fold_2	SNU1299	chr5	BFB	0.0985648334026336	0.4000000059604645	0	0
grouped5	fold_2	SNU1299	chr5	chromothripsis	0.3677749335765838	0.6200000047683716	0	0
grouped5	fold_2	SNU1299	chr5	ecDNA	0.0635429471731185	0.2199999988079071	0	0
grouped5	fold_2	SNU1299	chr5	seismic_amplification	0.1051813811063766	0.7200000286102295	0	0
grouped5	fold_2	SNU1299	chr6	BFB	0.0967240184545517	0.4000000059604645	0	0
grouped5	fold_2	SNU1299	chr6	chromothripsis	0.1433542072772979	0.6200000047683716	0	0
grouped5	fold_2	SNU1299	chr6	ecDNA	0.0477034300565719	0.2199999988079071	0	0
grouped5	fold_2	SNU1299	chr6	seismic_amplification	0.076133519411087	0.7200000286102295	0	0
grouped5	fold_2	SNU1299	chr7	BFB	0.1367085576057434	0.4000000059604645	0	0
grouped5	fold_2	SNU1299	chr7	chromothripsis	0.0664807111024856	0.6200000047683716	0	0
grouped5	fold_2	SNU1299	chr7	ecDNA	0.0885753259062767	0.2199999988079071	0	0
grouped5	fold_2	SNU1299	chr7	seismic_amplification	0.0826613754034042	0.7200000286102295	0	0
grouped5	fold_2	SNU1299	chr8	BFB	0.042943712323904	0.4000000059604645	0	0
grouped5	fold_2	SNU1299	chr8	chromothripsis	0.1202441081404686	0.6200000047683716	0	0
grouped5	fold_2	SNU1299	chr8	ecDNA	0.0261323023587465	0.2199999988079071	0	0
grouped5	fold_2	SNU1299	chr8	seismic_amplification	0.0389488525688648	0.7200000286102295	0	0
grouped5	fold_2	SNU1299	chr9	BFB	0.1300175786018371	0.4000000059604645	0	0
grouped5	fold_2	SNU1299	chr9	chromothripsis	0.0528316982090473	0.6200000047683716	0	0
grouped5	fold_2	SNU1299	chr9	ecDNA	0.0714853182435035	0.2199999988079071	0	0
grouped5	fold_2	SNU1299	chr9	seismic_amplification	0.0546665489673614	0.7200000286102295	0	0
grouped5	fold_2	SNU1299	chrX	BFB	0.0514145903289318	0.4000000059604645	0	0
grouped5	fold_2	SNU1299	chrX	chromothripsis	0.0955641120672226	0.6200000047683716	0	0
grouped5	fold_2	SNU1299	chrX	ecDNA	0.0328248888254165	0.2199999988079071	0	0
grouped5	fold_2	SNU1299	chrX	seismic_amplification	0.0529453232884407	0.7200000286102295	0	0
grouped5	fold_2	SUIT	chr1	BFB	0.0865872576832771	0.4000000059604645	0	0
grouped5	fold_2	SUIT	chr1	chromothripsis	0.1260118186473846	0.6200000047683716	0	0
grouped5	fold_2	SUIT	chr1	ecDNA	0.0319857820868492	0.2199999988079071	0	0
grouped5	fold_2	SUIT	chr1	seismic_amplification	0.0385610237717628	0.7200000286102295	0	0
grouped5	fold_2	SUIT	chr10	BFB	0.1549996137619018	0.4000000059604645	0	0
grouped5	fold_2	SUIT	chr10	chromothripsis	0.1624743491411209	0.6200000047683716	0	0
grouped5	fold_2	SUIT	chr10	ecDNA	0.0590628199279308	0.2199999988079071	0	0
grouped5	fold_2	SUIT	chr10	seismic_amplification	0.0423350296914577	0.7200000286102295	0	0
grouped5	fold_2	SUIT	chr11	BFB	0.0970646068453788	0.4000000059604645	0	0
grouped5	fold_2	SUIT	chr11	chromothripsis	0.0625777393579483	0.6200000047683716	0	0
grouped5	fold_2	SUIT	chr11	ecDNA	0.0700367838144302	0.2199999988079071	0	0
grouped5	fold_2	SUIT	chr11	seismic_amplification	0.0583104193210601	0.7200000286102295	0	0
grouped5	fold_2	SUIT	chr12	BFB	0.1678981035947799	0.4000000059604645	0	0
grouped5	fold_2	SUIT	chr12	chromothripsis	0.0960525199770927	0.6200000047683716	0	0
grouped5	fold_2	SUIT	chr12	ecDNA	0.0663273185491561	0.2199999988079071	0	0
grouped5	fold_2	SUIT	chr12	seismic_amplification	0.0363414548337459	0.7200000286102295	0	0
grouped5	fold_2	SUIT	chr13	BFB	0.0593092814087867	0.4000000059604645	0	0
grouped5	fold_2	SUIT	chr13	chromothripsis	0.1355338543653488	0.6200000047683716	0	0
grouped5	fold_2	SUIT	chr13	ecDNA	0.0484380796551704	0.2199999988079071	0	0
grouped5	fold_2	SUIT	chr13	seismic_amplification	0.0722182542085647	0.7200000286102295	0	0
grouped5	fold_2	SUIT	chr14	BFB	0.1492235362529754	0.4000000059604645	0	0
grouped5	fold_2	SUIT	chr14	chromothripsis	0.1326201409101486	0.6200000047683716	0	0
grouped5	fold_2	SUIT	chr14	ecDNA	0.0579896010458469	0.2199999988079071	0	0
grouped5	fold_2	SUIT	chr14	seismic_amplification	0.0528568439185619	0.7200000286102295	0	0
grouped5	fold_2	SUIT	chr15	BFB	0.0717766359448432	0.4000000059604645	0	0
grouped5	fold_2	SUIT	chr15	chromothripsis	0.0614673532545566	0.6200000047683716	0	0
grouped5	fold_2	SUIT	chr15	ecDNA	0.0467611663043499	0.2199999988079071	0	0
grouped5	fold_2	SUIT	chr15	seismic_amplification	0.0518727898597717	0.7200000286102295	0	0
grouped5	fold_2	SUIT	chr16	BFB	0.3464863300323486	0.4000000059604645	0	0
grouped5	fold_2	SUIT	chr16	chromothripsis	0.6738069653511047	0.6200000047683716	1	0
grouped5	fold_2	SUIT	chr16	ecDNA	0.2435585856437683	0.2199999988079071	1	0
grouped5	fold_2	SUIT	chr16	seismic_amplification	0.5452684760093689	0.7200000286102295	0	0
grouped5	fold_2	SUIT	chr17	BFB	0.3818035125732422	0.4000000059604645	0	0
grouped5	fold_2	SUIT	chr17	chromothripsis	0.354103535413742	0.6200000047683716	0	0
grouped5	fold_2	SUIT	chr17	ecDNA	0.0771077051758766	0.2199999988079071	0	0
grouped5	fold_2	SUIT	chr17	seismic_amplification	0.0474711209535598	0.7200000286102295	0	0
grouped5	fold_2	SUIT	chr18	BFB	0.1282240748405456	0.4000000059604645	0	0
grouped5	fold_2	SUIT	chr18	chromothripsis	0.1651468873023986	0.6200000047683716	0	0
grouped5	fold_2	SUIT	chr18	ecDNA	0.1041086316108703	0.2199999988079071	0	0
grouped5	fold_2	SUIT	chr18	seismic_amplification	0.1504464149475097	0.7200000286102295	0	0
grouped5	fold_2	SUIT	chr19	BFB	0.0413067564368248	0.4000000059604645	0	0
grouped5	fold_2	SUIT	chr19	chromothripsis	0.0463568978011608	0.6200000047683716	0	0
grouped5	fold_2	SUIT	chr19	ecDNA	0.0219493322074413	0.2199999988079071	0	0
grouped5	fold_2	SUIT	chr19	seismic_amplification	0.0269402340054512	0.7200000286102295	0	0
grouped5	fold_2	SUIT	chr2	BFB	0.0565867498517036	0.4000000059604645	0	0
grouped5	fold_2	SUIT	chr2	chromothripsis	0.0620148591697216	0.6200000047683716	0	0
grouped5	fold_2	SUIT	chr2	ecDNA	0.0401346236467361	0.2199999988079071	0	0
grouped5	fold_2	SUIT	chr2	seismic_amplification	0.0519497469067573	0.7200000286102295	0	0
grouped5	fold_2	SUIT	chr20	BFB	0.0853250995278358	0.4000000059604645	0	0
grouped5	fold_2	SUIT	chr20	chromothripsis	0.1332622915506363	0.6200000047683716	0	0
grouped5	fold_2	SUIT	chr20	ecDNA	0.0655938908457756	0.2199999988079071	0	0
grouped5	fold_2	SUIT	chr20	seismic_amplification	0.1455003768205642	0.7200000286102295	0	0
grouped5	fold_2	SUIT	chr21	BFB	0.1008273363113403	0.4000000059604645	0	0
grouped5	fold_2	SUIT	chr21	chromothripsis	0.0666323825716972	0.6200000047683716	0	0
grouped5	fold_2	SUIT	chr21	ecDNA	0.0749625042080879	0.2199999988079071	0	0
grouped5	fold_2	SUIT	chr21	seismic_amplification	0.0842703655362129	0.7200000286102295	0	0
grouped5	fold_2	SUIT	chr22	BFB	0.1763969957828521	0.4000000059604645	0	0
grouped5	fold_2	SUIT	chr22	chromothripsis	0.1332494616508484	0.6200000047683716	0	0
grouped5	fold_2	SUIT	chr22	ecDNA	0.0627713054418563	0.2199999988079071	0	0
grouped5	fold_2	SUIT	chr22	seismic_amplification	0.056032046675682	0.7200000286102295	0	0
grouped5	fold_2	SUIT	chr3	BFB	0.0819384530186653	0.4000000059604645	0	0
grouped5	fold_2	SUIT	chr3	chromothripsis	0.0641883015632629	0.6200000047683716	0	0
grouped5	fold_2	SUIT	chr3	ecDNA	0.0495881885290145	0.2199999988079071	0	0
grouped5	fold_2	SUIT	chr3	seismic_amplification	0.0515550188720226	0.7200000286102295	0	0
grouped5	fold_2	SUIT	chr4	BFB	0.0523569360375404	0.4000000059604645	0	0
grouped5	fold_2	SUIT	chr4	chromothripsis	0.0489217787981033	0.6200000047683716	0	0
grouped5	fold_2	SUIT	chr4	ecDNA	0.0320977121591568	0.2199999988079071	0	0
grouped5	fold_2	SUIT	chr4	seismic_amplification	0.0447444655001163	0.7200000286102295	0	0
grouped5	fold_2	SUIT	chr5	BFB	0.1165767312049865	0.4000000059604645	0	0
grouped5	fold_2	SUIT	chr5	chromothripsis	0.117620550096035	0.6200000047683716	0	0
grouped5	fold_2	SUIT	chr5	ecDNA	0.0525600463151931	0.2199999988079071	0	0
grouped5	fold_2	SUIT	chr5	seismic_amplification	0.057626400142908	0.7200000286102295	0	0
grouped5	fold_2	SUIT	chr6	BFB	0.5615512728691101	0.4000000059604645	1	0
grouped5	fold_2	SUIT	chr6	chromothripsis	0.7778969407081604	0.6200000047683716	1	0
grouped5	fold_2	SUIT	chr6	ecDNA	0.0895591750741005	0.2199999988079071	0	0
grouped5	fold_2	SUIT	chr6	seismic_amplification	0.0616614855825901	0.7200000286102295	0	0
grouped5	fold_2	SUIT	chr7	BFB	0.1507331281900406	0.4000000059604645	0	0
grouped5	fold_2	SUIT	chr7	chromothripsis	0.2086005210876464	0.6200000047683716	0	0
grouped5	fold_2	SUIT	chr7	ecDNA	0.0820669755339622	0.2199999988079071	0	0
grouped5	fold_2	SUIT	chr7	seismic_amplification	0.0612191036343574	0.7200000286102295	0	0
grouped5	fold_2	SUIT	chr8	BFB	0.6823658347129822	0.4000000059604645	1	1
grouped5	fold_2	SUIT	chr8	chromothripsis	0.4785457849502563	0.6200000047683716	0	0
grouped5	fold_2	SUIT	chr8	ecDNA	0.265653520822525	0.2199999988079071	1	0
grouped5	fold_2	SUIT	chr8	seismic_amplification	0.0985253378748893	0.7200000286102295	0	0
grouped5	fold_2	SUIT	chr9	BFB	0.0636636540293693	0.4000000059604645	0	0
grouped5	fold_2	SUIT	chr9	chromothripsis	0.060234036296606	0.6200000047683716	0	0
grouped5	fold_2	SUIT	chr9	ecDNA	0.0434058159589767	0.2199999988079071	0	0
grouped5	fold_2	SUIT	chr9	seismic_amplification	0.0434130728244781	0.7200000286102295	0	0
grouped5	fold_2	SUIT	chrX	BFB	0.0847521275281906	0.4000000059604645	0	0
grouped5	fold_2	SUIT	chrX	chromothripsis	0.0956416875123977	0.6200000047683716	0	0
grouped5	fold_2	SUIT	chrX	ecDNA	0.0755923688411712	0.2199999988079071	0	0
grouped5	fold_2	SUIT	chrX	seismic_amplification	0.0640719532966613	0.7200000286102295	0	0
grouped5	fold_2	ScaBER	chr1	BFB	0.8812012672424316	0.4000000059604645	1	1
grouped5	fold_2	ScaBER	chr1	chromothripsis	0.3870191574096679	0.6200000047683716	0	0
grouped5	fold_2	ScaBER	chr1	ecDNA	0.4456252455711365	0.2199999988079071	1	1
grouped5	fold_2	ScaBER	chr1	seismic_amplification	0.157775342464447	0.7200000286102295	0	0
grouped5	fold_2	ScaBER	chr10	BFB	0.0650270953774452	0.4000000059604645	0	0
grouped5	fold_2	ScaBER	chr10	chromothripsis	0.1046146526932716	0.6200000047683716	0	0
grouped5	fold_2	ScaBER	chr10	ecDNA	0.0440676175057888	0.2199999988079071	0	0
grouped5	fold_2	ScaBER	chr10	seismic_amplification	0.045193150639534	0.7200000286102295	0	0
grouped5	fold_2	ScaBER	chr11	BFB	0.0902144461870193	0.4000000059604645	0	0
grouped5	fold_2	ScaBER	chr11	chromothripsis	0.073944479227066	0.6200000047683716	0	0
grouped5	fold_2	ScaBER	chr11	ecDNA	0.0521722547709941	0.2199999988079071	0	0
grouped5	fold_2	ScaBER	chr11	seismic_amplification	0.0763217359781265	0.7200000286102295	0	0
grouped5	fold_2	ScaBER	chr12	BFB	0.0444970540702343	0.4000000059604645	0	0
grouped5	fold_2	ScaBER	chr12	chromothripsis	0.0600554160773754	0.6200000047683716	0	0
grouped5	fold_2	ScaBER	chr12	ecDNA	0.0274634752422571	0.2199999988079071	0	0
grouped5	fold_2	ScaBER	chr12	seismic_amplification	0.034828808158636	0.7200000286102295	0	0
grouped5	fold_2	ScaBER	chr13	BFB	0.2399818003177642	0.4000000059604645	0	0
grouped5	fold_2	ScaBER	chr13	chromothripsis	0.5193650722503662	0.6200000047683716	0	0
grouped5	fold_2	ScaBER	chr13	ecDNA	0.0871119201183319	0.2199999988079071	0	0
grouped5	fold_2	ScaBER	chr13	seismic_amplification	0.0788128674030304	0.7200000286102295	0	0
grouped5	fold_2	ScaBER	chr14	BFB	0.0472626350820064	0.4000000059604645	0	0
grouped5	fold_2	ScaBER	chr14	chromothripsis	0.1086217910051345	0.6200000047683716	0	0
grouped5	fold_2	ScaBER	chr14	ecDNA	0.0277876481413841	0.2199999988079071	0	0
grouped5	fold_2	ScaBER	chr14	seismic_amplification	0.0373528897762298	0.7200000286102295	0	0
grouped5	fold_2	ScaBER	chr15	BFB	0.0491580627858638	0.4000000059604645	0	0
grouped5	fold_2	ScaBER	chr15	chromothripsis	0.0724707394838333	0.6200000047683716	0	0
grouped5	fold_2	ScaBER	chr15	ecDNA	0.0334161035716533	0.2199999988079071	0	0
grouped5	fold_2	ScaBER	chr15	seismic_amplification	0.0631898865103721	0.7200000286102295	0	0
grouped5	fold_2	ScaBER	chr16	BFB	0.0481864549219608	0.4000000059604645	0	0
grouped5	fold_2	ScaBER	chr16	chromothripsis	0.0521100834012031	0.6200000047683716	0	0
grouped5	fold_2	ScaBER	chr16	ecDNA	0.0299897529184818	0.2199999988079071	0	0
grouped5	fold_2	ScaBER	chr16	seismic_amplification	0.0390598960220813	0.7200000286102295	0	0
grouped5	fold_2	ScaBER	chr17	BFB	0.066651351749897	0.4000000059604645	0	0
grouped5	fold_2	ScaBER	chr17	chromothripsis	0.0815856903791427	0.6200000047683716	0	0
grouped5	fold_2	ScaBER	chr17	ecDNA	0.0518141239881515	0.2199999988079071	0	0
grouped5	fold_2	ScaBER	chr17	seismic_amplification	0.0496634505689144	0.7200000286102295	0	0
grouped5	fold_2	ScaBER	chr18	BFB	0.0584608241915702	0.4000000059604645	0	0
grouped5	fold_2	ScaBER	chr18	chromothripsis	0.1169927939772605	0.6200000047683716	0	0
grouped5	fold_2	ScaBER	chr18	ecDNA	0.0314964279532432	0.2199999988079071	0	0
grouped5	fold_2	ScaBER	chr18	seismic_amplification	0.0288873501121997	0.7200000286102295	0	0
grouped5	fold_2	ScaBER	chr19	BFB	0.0541684292256832	0.4000000059604645	0	0
grouped5	fold_2	ScaBER	chr19	chromothripsis	0.0730114057660102	0.6200000047683716	0	0
grouped5	fold_2	ScaBER	chr19	ecDNA	0.044845450669527	0.2199999988079071	0	0
grouped5	fold_2	ScaBER	chr19	seismic_amplification	0.0539548248052597	0.7200000286102295	0	0
grouped5	fold_2	ScaBER	chr2	BFB	0.0448661297559738	0.4000000059604645	0	0
grouped5	fold_2	ScaBER	chr2	chromothripsis	0.0747673362493515	0.6200000047683716	0	0
grouped5	fold_2	ScaBER	chr2	ecDNA	0.0333849638700485	0.2199999988079071	0	0
grouped5	fold_2	ScaBER	chr2	seismic_amplification	0.0395946875214576	0.7200000286102295	0	0
grouped5	fold_2	ScaBER	chr20	BFB	0.0885926187038421	0.4000000059604645	0	0
grouped5	fold_2	ScaBER	chr20	chromothripsis	0.1132561340928077	0.6200000047683716	0	0
grouped5	fold_2	ScaBER	chr20	ecDNA	0.0443047061562538	0.2199999988079071	0	0
grouped5	fold_2	ScaBER	chr20	seismic_amplification	0.0812830552458763	0.7200000286102295	0	0
grouped5	fold_2	ScaBER	chr21	BFB	0.0476406440138816	0.4000000059604645	0	0
grouped5	fold_2	ScaBER	chr21	chromothripsis	0.0642588958144187	0.6200000047683716	0	0
grouped5	fold_2	ScaBER	chr21	ecDNA	0.0317145325243473	0.2199999988079071	0	0
grouped5	fold_2	ScaBER	chr21	seismic_amplification	0.0437942408025264	0.7200000286102295	0	0
grouped5	fold_2	ScaBER	chr22	BFB	0.0440775193274021	0.4000000059604645	0	0
grouped5	fold_2	ScaBER	chr22	chromothripsis	0.074753314256668	0.6200000047683716	0	0
grouped5	fold_2	ScaBER	chr22	ecDNA	0.027838010340929	0.2199999988079071	0	0
grouped5	fold_2	ScaBER	chr22	seismic_amplification	0.0323323868215084	0.7200000286102295	0	0
grouped5	fold_2	ScaBER	chr3	BFB	0.1544900238513946	0.4000000059604645	0	0
grouped5	fold_2	ScaBER	chr3	chromothripsis	0.2634624242782593	0.6200000047683716	0	0
grouped5	fold_2	ScaBER	chr3	ecDNA	0.050230897963047	0.2199999988079071	0	0
grouped5	fold_2	ScaBER	chr3	seismic_amplification	0.0369342789053916	0.7200000286102295	0	0
grouped5	fold_2	ScaBER	chr4	BFB	0.0912660434842109	0.4000000059604645	0	0
grouped5	fold_2	ScaBER	chr4	chromothripsis	0.0516341961920261	0.6200000047683716	0	0
grouped5	fold_2	ScaBER	chr4	ecDNA	0.0349853597581386	0.2199999988079071	0	0
grouped5	fold_2	ScaBER	chr4	seismic_amplification	0.0291688460856676	0.7200000286102295	0	0
grouped5	fold_2	ScaBER	chr5	BFB	0.0756278708577156	0.4000000059604645	0	0
grouped5	fold_2	ScaBER	chr5	chromothripsis	0.0899080410599708	0.6200000047683716	0	0
grouped5	fold_2	ScaBER	chr5	ecDNA	0.0380947701632976	0.2199999988079071	0	0
grouped5	fold_2	ScaBER	chr5	seismic_amplification	0.0410396642982959	0.7200000286102295	0	0
grouped5	fold_2	ScaBER	chr6	BFB	0.0388203896582126	0.4000000059604645	0	0
grouped5	fold_2	ScaBER	chr6	chromothripsis	0.0660738423466682	0.6200000047683716	0	0
grouped5	fold_2	ScaBER	chr6	ecDNA	0.0229552313685417	0.2199999988079071	0	0
grouped5	fold_2	ScaBER	chr6	seismic_amplification	0.0287275686860084	0.7200000286102295	0	0
grouped5	fold_2	ScaBER	chr7	BFB	0.1623527407646179	0.4000000059604645	0	0
grouped5	fold_2	ScaBER	chr7	chromothripsis	0.7248051762580872	0.6200000047683716	1	0
grouped5	fold_2	ScaBER	chr7	ecDNA	0.0624284222722053	0.2199999988079071	0	0
grouped5	fold_2	ScaBER	chr7	seismic_amplification	0.056348018348217	0.7200000286102295	0	0
grouped5	fold_2	ScaBER	chr8	BFB	0.1129475384950637	0.4000000059604645	0	0
grouped5	fold_2	ScaBER	chr8	chromothripsis	0.0826059430837631	0.6200000047683716	0	0
grouped5	fold_2	ScaBER	chr8	ecDNA	0.0510510541498661	0.2199999988079071	0	0
grouped5	fold_2	ScaBER	chr8	seismic_amplification	0.0440879389643669	0.7200000286102295	0	0
grouped5	fold_2	ScaBER	chr9	BFB	0.2473814487457275	0.4000000059604645	0	0
grouped5	fold_2	ScaBER	chr9	chromothripsis	0.5848442316055298	0.6200000047683716	0	1
grouped5	fold_2	ScaBER	chr9	ecDNA	0.0885331928730011	0.2199999988079071	0	0
grouped5	fold_2	ScaBER	chr9	seismic_amplification	0.0675469487905502	0.7200000286102295	0	0
grouped5	fold_2	ScaBER	chrX	BFB	0.1901824921369552	0.4000000059604645	0	0
grouped5	fold_2	ScaBER	chrX	chromothripsis	0.2191070467233657	0.6200000047683716	0	0
grouped5	fold_2	ScaBER	chrX	ecDNA	0.1293828785419464	0.2199999988079071	0	0
grouped5	fold_2	ScaBER	chrX	seismic_amplification	0.1534077376127243	0.7200000286102295	0	0
grouped5	fold_3	C4I	chr1	BFB	0.1139816716313362	0.3499999940395355	0	0
grouped5	fold_3	C4I	chr1	chromothripsis	0.0524200871586799	0.5400000214576721	0	0
grouped5	fold_3	C4I	chr1	ecDNA	0.1341930329799652	0.5	0	0
grouped5	fold_3	C4I	chr1	seismic_amplification	0.036843467503786	0.7900000214576721	0	0
grouped5	fold_3	C4I	chr10	BFB	0.0501992329955101	0.3499999940395355	0	0
grouped5	fold_3	C4I	chr10	chromothripsis	0.0602567754685878	0.5400000214576721	0	0
grouped5	fold_3	C4I	chr10	ecDNA	0.0625092312693595	0.5	0	0
grouped5	fold_3	C4I	chr10	seismic_amplification	0.0342070087790489	0.7900000214576721	0	0
grouped5	fold_3	C4I	chr11	BFB	0.2577036619186401	0.3499999940395355	0	0
grouped5	fold_3	C4I	chr11	chromothripsis	0.0733510628342628	0.5400000214576721	0	0
grouped5	fold_3	C4I	chr11	ecDNA	0.0995909199118614	0.5	0	0
grouped5	fold_3	C4I	chr11	seismic_amplification	0.0397502817213535	0.7900000214576721	0	0
grouped5	fold_3	C4I	chr12	BFB	0.0328611396253109	0.3499999940395355	0	0
grouped5	fold_3	C4I	chr12	chromothripsis	0.0665394514799118	0.5400000214576721	0	0
grouped5	fold_3	C4I	chr12	ecDNA	0.0383376255631446	0.5	0	0
grouped5	fold_3	C4I	chr12	seismic_amplification	0.02013317681849	0.7900000214576721	0	0
grouped5	fold_3	C4I	chr13	BFB	0.0373368002474308	0.3499999940395355	0	0
grouped5	fold_3	C4I	chr13	chromothripsis	0.1271894425153732	0.5400000214576721	0	0
grouped5	fold_3	C4I	chr13	ecDNA	0.0594362430274486	0.5	0	0
grouped5	fold_3	C4I	chr13	seismic_amplification	0.0332746915519237	0.7900000214576721	0	0
grouped5	fold_3	C4I	chr14	BFB	0.0748097077012062	0.3499999940395355	0	0
grouped5	fold_3	C4I	chr14	chromothripsis	0.3582180440425873	0.5400000214576721	0	0
grouped5	fold_3	C4I	chr14	ecDNA	0.0895598530769348	0.5	0	0
grouped5	fold_3	C4I	chr14	seismic_amplification	0.0679864212870597	0.7900000214576721	0	0
grouped5	fold_3	C4I	chr15	BFB	0.0690056756138801	0.3499999940395355	0	0
grouped5	fold_3	C4I	chr15	chromothripsis	0.3928954899311065	0.5400000214576721	0	0
grouped5	fold_3	C4I	chr15	ecDNA	0.0880818217992782	0.5	0	0
grouped5	fold_3	C4I	chr15	seismic_amplification	0.0571796372532844	0.7900000214576721	0	0
grouped5	fold_3	C4I	chr16	BFB	0.5011209845542908	0.3499999940395355	1	0
grouped5	fold_3	C4I	chr16	chromothripsis	0.2090630531311035	0.5400000214576721	0	0
grouped5	fold_3	C4I	chr16	ecDNA	0.2108269780874252	0.5	0	0
grouped5	fold_3	C4I	chr16	seismic_amplification	0.12965127825737	0.7900000214576721	0	0
grouped5	fold_3	C4I	chr17	BFB	0.1938076615333557	0.3499999940395355	0	0
grouped5	fold_3	C4I	chr17	chromothripsis	0.042683195322752	0.5400000214576721	0	0
grouped5	fold_3	C4I	chr17	ecDNA	0.1072603464126586	0.5	0	0
grouped5	fold_3	C4I	chr17	seismic_amplification	0.0327429361641407	0.7900000214576721	0	0
grouped5	fold_3	C4I	chr18	BFB	0.1260589063167572	0.3499999940395355	0	0
grouped5	fold_3	C4I	chr18	chromothripsis	0.4902233481407165	0.5400000214576721	0	1
grouped5	fold_3	C4I	chr18	ecDNA	0.1224085390567779	0.5	0	0
grouped5	fold_3	C4I	chr18	seismic_amplification	0.1195280700922012	0.7900000214576721	0	0
grouped5	fold_3	C4I	chr19	BFB	0.0872792303562164	0.3499999940395355	0	0
grouped5	fold_3	C4I	chr19	chromothripsis	0.3696704506874084	0.5400000214576721	0	0
grouped5	fold_3	C4I	chr19	ecDNA	0.0903908833861351	0.5	0	0
grouped5	fold_3	C4I	chr19	seismic_amplification	0.0439073592424392	0.7900000214576721	0	0
grouped5	fold_3	C4I	chr2	BFB	0.0274343099445104	0.3499999940395355	0	0
grouped5	fold_3	C4I	chr2	chromothripsis	0.0546238720417022	0.5400000214576721	0	0
grouped5	fold_3	C4I	chr2	ecDNA	0.0372995510697364	0.5	0	0
grouped5	fold_3	C4I	chr2	seismic_amplification	0.0206489879637956	0.7900000214576721	0	0
grouped5	fold_3	C4I	chr20	BFB	0.0248944386839866	0.3499999940395355	0	0
grouped5	fold_3	C4I	chr20	chromothripsis	0.0791736021637916	0.5400000214576721	0	0
grouped5	fold_3	C4I	chr20	ecDNA	0.0327866859734058	0.5	0	0
grouped5	fold_3	C4I	chr20	seismic_amplification	0.0212639085948467	0.7900000214576721	0	0
grouped5	fold_3	C4I	chr21	BFB	0.0490396209061145	0.3499999940395355	0	0
grouped5	fold_3	C4I	chr21	chromothripsis	0.0540181584656238	0.5400000214576721	0	0
grouped5	fold_3	C4I	chr21	ecDNA	0.0598184466361999	0.5	0	0
grouped5	fold_3	C4I	chr21	seismic_amplification	0.0394077226519584	0.7900000214576721	0	0
grouped5	fold_3	C4I	chr22	BFB	0.0383466966450214	0.3499999940395355	0	0
grouped5	fold_3	C4I	chr22	chromothripsis	0.0416526645421981	0.5400000214576721	0	0
grouped5	fold_3	C4I	chr22	ecDNA	0.0396354459226131	0.5	0	0
grouped5	fold_3	C4I	chr22	seismic_amplification	0.0273579191416502	0.7900000214576721	0	0
grouped5	fold_3	C4I	chr3	BFB	0.0295311231166124	0.3499999940395355	0	0
grouped5	fold_3	C4I	chr3	chromothripsis	0.0631442070007324	0.5400000214576721	0	0
grouped5	fold_3	C4I	chr3	ecDNA	0.0451805777847766	0.5	0	0
grouped5	fold_3	C4I	chr3	seismic_amplification	0.0280132330954074	0.7900000214576721	0	0
grouped5	fold_3	C4I	chr4	BFB	0.0390528813004493	0.3499999940395355	0	0
grouped5	fold_3	C4I	chr4	chromothripsis	0.1376433074474334	0.5400000214576721	0	0
grouped5	fold_3	C4I	chr4	ecDNA	0.0332929976284503	0.5	0	0
grouped5	fold_3	C4I	chr4	seismic_amplification	0.0168241821229457	0.7900000214576721	0	0
grouped5	fold_3	C4I	chr5	BFB	0.0447134263813495	0.3499999940395355	0	0
grouped5	fold_3	C4I	chr5	chromothripsis	0.0863482281565666	0.5400000214576721	0	0
grouped5	fold_3	C4I	chr5	ecDNA	0.0719863027334213	0.5	0	0
grouped5	fold_3	C4I	chr5	seismic_amplification	0.0402054265141487	0.7900000214576721	0	0
grouped5	fold_3	C4I	chr6	BFB	0.0612499713897705	0.3499999940395355	0	0
grouped5	fold_3	C4I	chr6	chromothripsis	0.0953022539615631	0.5400000214576721	0	0
grouped5	fold_3	C4I	chr6	ecDNA	0.0340780988335609	0.5	0	0
grouped5	fold_3	C4I	chr6	seismic_amplification	0.0296179223805665	0.7900000214576721	0	0
grouped5	fold_3	C4I	chr7	BFB	0.0261087957769632	0.3499999940395355	0	0
grouped5	fold_3	C4I	chr7	chromothripsis	0.0628964975476265	0.5400000214576721	0	0
grouped5	fold_3	C4I	chr7	ecDNA	0.0426961258053779	0.5	0	0
grouped5	fold_3	C4I	chr7	seismic_amplification	0.0190074630081653	0.7900000214576721	0	0
grouped5	fold_3	C4I	chr8	BFB	0.0404997207224369	0.3499999940395355	0	0
grouped5	fold_3	C4I	chr8	chromothripsis	0.0580185577273368	0.5400000214576721	0	0
grouped5	fold_3	C4I	chr8	ecDNA	0.0437394492328166	0.5	0	0
grouped5	fold_3	C4I	chr8	seismic_amplification	0.0231108050793409	0.7900000214576721	0	0
grouped5	fold_3	C4I	chr9	BFB	0.0255563352257013	0.3499999940395355	0	0
grouped5	fold_3	C4I	chr9	chromothripsis	0.054335530847311	0.5400000214576721	0	0
grouped5	fold_3	C4I	chr9	ecDNA	0.0422906279563903	0.5	0	0
grouped5	fold_3	C4I	chr9	seismic_amplification	0.018581511452794	0.7900000214576721	0	0
grouped5	fold_3	C4I	chrX	BFB	0.0400371849536895	0.3499999940395355	0	0
grouped5	fold_3	C4I	chrX	chromothripsis	0.0669752210378646	0.5400000214576721	0	0
grouped5	fold_3	C4I	chrX	ecDNA	0.0446248091757297	0.5	0	0
grouped5	fold_3	C4I	chrX	seismic_amplification	0.0278762709349393	0.7900000214576721	0	0
grouped5	fold_3	CFPAC1	chr1	BFB	0.0754624903202056	0.3499999940395355	0	0
grouped5	fold_3	CFPAC1	chr1	chromothripsis	0.3176581859588623	0.5400000214576721	0	0
grouped5	fold_3	CFPAC1	chr1	ecDNA	0.0646632462739944	0.5	0	0
grouped5	fold_3	CFPAC1	chr1	seismic_amplification	0.0352410934865474	0.7900000214576721	0	0
grouped5	fold_3	CFPAC1	chr10	BFB	0.0374293811619281	0.3499999940395355	0	0
grouped5	fold_3	CFPAC1	chr10	chromothripsis	0.0645328164100647	0.5400000214576721	0	0
grouped5	fold_3	CFPAC1	chr10	ecDNA	0.0589397959411144	0.5	0	0
grouped5	fold_3	CFPAC1	chr10	seismic_amplification	0.0374705903232097	0.7900000214576721	0	0
grouped5	fold_3	CFPAC1	chr11	BFB	0.3512842655181885	0.3499999940395355	1	0
grouped5	fold_3	CFPAC1	chr11	chromothripsis	0.7057984471321106	0.5400000214576721	1	1
grouped5	fold_3	CFPAC1	chr11	ecDNA	0.4957875311374664	0.5	0	0
grouped5	fold_3	CFPAC1	chr11	seismic_amplification	0.7247170209884644	0.7900000214576721	0	0
grouped5	fold_3	CFPAC1	chr12	BFB	0.1559802144765854	0.3499999940395355	0	0
grouped5	fold_3	CFPAC1	chr12	chromothripsis	0.3289486467838287	0.5400000214576721	0	0
grouped5	fold_3	CFPAC1	chr12	ecDNA	0.1086180359125137	0.5	0	0
grouped5	fold_3	CFPAC1	chr12	seismic_amplification	0.0787229761481285	0.7900000214576721	0	0
grouped5	fold_3	CFPAC1	chr13	BFB	0.0352181456983089	0.3499999940395355	0	0
grouped5	fold_3	CFPAC1	chr13	chromothripsis	0.0570393167436122	0.5400000214576721	0	0
grouped5	fold_3	CFPAC1	chr13	ecDNA	0.0596453920006752	0.5	0	0
grouped5	fold_3	CFPAC1	chr13	seismic_amplification	0.031146053224802	0.7900000214576721	0	0
grouped5	fold_3	CFPAC1	chr14	BFB	0.0746392682194709	0.3499999940395355	0	0
grouped5	fold_3	CFPAC1	chr14	chromothripsis	0.0505657792091369	0.5400000214576721	0	0
grouped5	fold_3	CFPAC1	chr14	ecDNA	0.0507651641964912	0.5	0	0
grouped5	fold_3	CFPAC1	chr14	seismic_amplification	0.0318170264363288	0.7900000214576721	0	0
grouped5	fold_3	CFPAC1	chr15	BFB	0.0491066947579383	0.3499999940395355	0	0
grouped5	fold_3	CFPAC1	chr15	chromothripsis	0.1620356738567352	0.5400000214576721	0	0
grouped5	fold_3	CFPAC1	chr15	ecDNA	0.0454229824244976	0.5	0	0
grouped5	fold_3	CFPAC1	chr15	seismic_amplification	0.0311986077576875	0.7900000214576721	0	0
grouped5	fold_3	CFPAC1	chr16	BFB	0.1265503019094467	0.3499999940395355	0	0
grouped5	fold_3	CFPAC1	chr16	chromothripsis	0.0998651012778282	0.5400000214576721	0	0
grouped5	fold_3	CFPAC1	chr16	ecDNA	0.1265811473131179	0.5	0	0
grouped5	fold_3	CFPAC1	chr16	seismic_amplification	0.0941454097628593	0.7900000214576721	0	0
grouped5	fold_3	CFPAC1	chr17	BFB	0.7229454517364502	0.3499999940395355	1	1
grouped5	fold_3	CFPAC1	chr17	chromothripsis	0.4114802181720733	0.5400000214576721	0	0
grouped5	fold_3	CFPAC1	chr17	ecDNA	0.3878503739833832	0.5	0	0
grouped5	fold_3	CFPAC1	chr17	seismic_amplification	0.1794218122959137	0.7900000214576721	0	0
grouped5	fold_3	CFPAC1	chr18	BFB	0.1512952297925949	0.3499999940395355	0	0
grouped5	fold_3	CFPAC1	chr18	chromothripsis	0.1714876890182495	0.5400000214576721	0	0
grouped5	fold_3	CFPAC1	chr18	ecDNA	0.1572872996330261	0.5	0	0
grouped5	fold_3	CFPAC1	chr18	seismic_amplification	0.0924630239605903	0.7900000214576721	0	0
grouped5	fold_3	CFPAC1	chr19	BFB	0.0943718776106834	0.3499999940395355	0	0
grouped5	fold_3	CFPAC1	chr19	chromothripsis	0.468673825263977	0.5400000214576721	0	0
grouped5	fold_3	CFPAC1	chr19	ecDNA	0.1168864965438842	0.5	0	0
grouped5	fold_3	CFPAC1	chr19	seismic_amplification	0.0611362941563129	0.7900000214576721	0	0
grouped5	fold_3	CFPAC1	chr2	BFB	0.0281476397067308	0.3499999940395355	0	0
grouped5	fold_3	CFPAC1	chr2	chromothripsis	0.1722615212202072	0.5400000214576721	0	0
grouped5	fold_3	CFPAC1	chr2	ecDNA	0.0352924317121505	0.5	0	0
grouped5	fold_3	CFPAC1	chr2	seismic_amplification	0.0279697962105274	0.7900000214576721	0	0
grouped5	fold_3	CFPAC1	chr20	BFB	0.0521468743681907	0.3499999940395355	0	0
grouped5	fold_3	CFPAC1	chr20	chromothripsis	0.1300000846385955	0.5400000214576721	0	0
grouped5	fold_3	CFPAC1	chr20	ecDNA	0.0536751970648765	0.5	0	0
grouped5	fold_3	CFPAC1	chr20	seismic_amplification	0.0444947853684425	0.7900000214576721	0	0
grouped5	fold_3	CFPAC1	chr21	BFB	0.0491521246731281	0.3499999940395355	0	0
grouped5	fold_3	CFPAC1	chr21	chromothripsis	0.0587401874363422	0.5400000214576721	0	0
grouped5	fold_3	CFPAC1	chr21	ecDNA	0.0533848330378532	0.5	0	0
grouped5	fold_3	CFPAC1	chr21	seismic_amplification	0.0406328924000263	0.7900000214576721	0	0
grouped5	fold_3	CFPAC1	chr22	BFB	0.0660143569111824	0.3499999940395355	0	0
grouped5	fold_3	CFPAC1	chr22	chromothripsis	0.0516778416931629	0.5400000214576721	0	0
grouped5	fold_3	CFPAC1	chr22	ecDNA	0.069033682346344	0.5	0	0
grouped5	fold_3	CFPAC1	chr22	seismic_amplification	0.0379127003252506	0.7900000214576721	0	0
grouped5	fold_3	CFPAC1	chr3	BFB	0.0570295453071594	0.3499999940395355	0	0
grouped5	fold_3	CFPAC1	chr3	chromothripsis	0.2340712994337082	0.5400000214576721	0	0
grouped5	fold_3	CFPAC1	chr3	ecDNA	0.0478723086416721	0.5	0	0
grouped5	fold_3	CFPAC1	chr3	seismic_amplification	0.0302731022238731	0.7900000214576721	0	0
grouped5	fold_3	CFPAC1	chr4	BFB	0.0701750665903091	0.3499999940395355	0	0
grouped5	fold_3	CFPAC1	chr4	chromothripsis	0.6862828731536865	0.5400000214576721	1	0
grouped5	fold_3	CFPAC1	chr4	ecDNA	0.1033563613891601	0.5	0	0
grouped5	fold_3	CFPAC1	chr4	seismic_amplification	0.0532465763390064	0.7900000214576721	0	0
grouped5	fold_3	CFPAC1	chr5	BFB	0.0615298971533775	0.3499999940395355	0	0
grouped5	fold_3	CFPAC1	chr5	chromothripsis	0.0718080997467041	0.5400000214576721	0	0
grouped5	fold_3	CFPAC1	chr5	ecDNA	0.0409339629113674	0.5	0	0
grouped5	fold_3	CFPAC1	chr5	seismic_amplification	0.0278126578778028	0.7900000214576721	0	0
grouped5	fold_3	CFPAC1	chr6	BFB	0.091632179915905	0.3499999940395355	0	0
grouped5	fold_3	CFPAC1	chr6	chromothripsis	0.1187523081898689	0.5400000214576721	0	0
grouped5	fold_3	CFPAC1	chr6	ecDNA	0.1035991162061691	0.5	0	0
grouped5	fold_3	CFPAC1	chr6	seismic_amplification	0.0533114448189735	0.7900000214576721	0	0
grouped5	fold_3	CFPAC1	chr7	BFB	0.0867305546998977	0.3499999940395355	0	0
grouped5	fold_3	CFPAC1	chr7	chromothripsis	0.5631714463233948	0.5400000214576721	1	0
grouped5	fold_3	CFPAC1	chr7	ecDNA	0.1408887058496475	0.5	0	0
grouped5	fold_3	CFPAC1	chr7	seismic_amplification	0.0873483270406723	0.7900000214576721	0	0
grouped5	fold_3	CFPAC1	chr8	BFB	0.4256822764873504	0.3499999940395355	1	0
grouped5	fold_3	CFPAC1	chr8	chromothripsis	0.345670998096466	0.5400000214576721	0	0
grouped5	fold_3	CFPAC1	chr8	ecDNA	0.1280852556228637	0.5	0	0
grouped5	fold_3	CFPAC1	chr8	seismic_amplification	0.0822337567806243	0.7900000214576721	0	0
grouped5	fold_3	CFPAC1	chr9	BFB	0.028846250846982	0.3499999940395355	0	0
grouped5	fold_3	CFPAC1	chr9	chromothripsis	0.0563825704157352	0.5400000214576721	0	0
grouped5	fold_3	CFPAC1	chr9	ecDNA	0.0520007908344268	0.5	0	0
grouped5	fold_3	CFPAC1	chr9	seismic_amplification	0.0251323822885751	0.7900000214576721	0	0
grouped5	fold_3	CFPAC1	chrX	BFB	0.0427966490387916	0.3499999940395355	0	0
grouped5	fold_3	CFPAC1	chrX	chromothripsis	0.1116237863898277	0.5400000214576721	0	0
grouped5	fold_3	CFPAC1	chrX	ecDNA	0.0888302475214004	0.5	0	0
grouped5	fold_3	CFPAC1	chrX	seismic_amplification	0.0508208945393562	0.7900000214576721	0	0
grouped5	fold_3	CaSki	chr1	BFB	0.0342604517936706	0.3499999940395355	0	0
grouped5	fold_3	CaSki	chr1	chromothripsis	0.0628043338656425	0.5400000214576721	0	0
grouped5	fold_3	CaSki	chr1	ecDNA	0.046364203095436	0.5	0	0
grouped5	fold_3	CaSki	chr1	seismic_amplification	0.0265835560858249	0.7900000214576721	0	0
grouped5	fold_3	CaSki	chr10	BFB	0.0723977610468864	0.3499999940395355	0	0
grouped5	fold_3	CaSki	chr10	chromothripsis	0.071568839251995	0.5400000214576721	0	0
grouped5	fold_3	CaSki	chr10	ecDNA	0.0635410174727439	0.5	0	0
grouped5	fold_3	CaSki	chr10	seismic_amplification	0.0298175774514675	0.7900000214576721	0	0
grouped5	fold_3	CaSki	chr11	BFB	0.8591436147689819	0.3499999940395355	1	1
grouped5	fold_3	CaSki	chr11	chromothripsis	0.1029701083898544	0.5400000214576721	0	0
grouped5	fold_3	CaSki	chr11	ecDNA	0.4692442417144775	0.5	0	0
grouped5	fold_3	CaSki	chr11	seismic_amplification	0.1026702895760536	0.7900000214576721	0	0
grouped5	fold_3	CaSki	chr12	BFB	0.0367361679673194	0.3499999940395355	0	0
grouped5	fold_3	CaSki	chr12	chromothripsis	0.0549096912145614	0.5400000214576721	0	0
grouped5	fold_3	CaSki	chr12	ecDNA	0.04943872615695	0.5	0	0
grouped5	fold_3	CaSki	chr12	seismic_amplification	0.0294251330196857	0.7900000214576721	0	0
grouped5	fold_3	CaSki	chr13	BFB	0.0217369850724935	0.3499999940395355	0	0
grouped5	fold_3	CaSki	chr13	chromothripsis	0.0548388175666332	0.5400000214576721	0	0
grouped5	fold_3	CaSki	chr13	ecDNA	0.0303329117596149	0.5	0	0
grouped5	fold_3	CaSki	chr13	seismic_amplification	0.019209923222661	0.7900000214576721	0	0
grouped5	fold_3	CaSki	chr14	BFB	0.0637634396553039	0.3499999940395355	0	0
grouped5	fold_3	CaSki	chr14	chromothripsis	0.379297137260437	0.5400000214576721	0	0
grouped5	fold_3	CaSki	chr14	ecDNA	0.0863092616200447	0.5	0	0
grouped5	fold_3	CaSki	chr14	seismic_amplification	0.0401556715369224	0.7900000214576721	0	0
grouped5	fold_3	CaSki	chr15	BFB	0.0413522385060787	0.3499999940395355	0	0
grouped5	fold_3	CaSki	chr15	chromothripsis	0.1851047426462173	0.5400000214576721	0	0
grouped5	fold_3	CaSki	chr15	ecDNA	0.0598003417253494	0.5	0	0
grouped5	fold_3	CaSki	chr15	seismic_amplification	0.041084099560976	0.7900000214576721	0	0
grouped5	fold_3	CaSki	chr16	BFB	0.0586340725421905	0.3499999940395355	0	0
grouped5	fold_3	CaSki	chr16	chromothripsis	0.0549296177923679	0.5400000214576721	0	0
grouped5	fold_3	CaSki	chr16	ecDNA	0.0515097565948963	0.5	0	0
grouped5	fold_3	CaSki	chr16	seismic_amplification	0.0360534451901912	0.7900000214576721	0	0
grouped5	fold_3	CaSki	chr17	BFB	0.0459719263017177	0.3499999940395355	0	0
grouped5	fold_3	CaSki	chr17	chromothripsis	0.0566891059279441	0.5400000214576721	0	0
grouped5	fold_3	CaSki	chr17	ecDNA	0.061149138957262	0.5	0	0
grouped5	fold_3	CaSki	chr17	seismic_amplification	0.0370353795588016	0.7900000214576721	0	0
grouped5	fold_3	CaSki	chr18	BFB	0.0417067259550094	0.3499999940395355	0	0
grouped5	fold_3	CaSki	chr18	chromothripsis	0.0666748210787773	0.5400000214576721	0	0
grouped5	fold_3	CaSki	chr18	ecDNA	0.0676060765981674	0.5	0	0
grouped5	fold_3	CaSki	chr18	seismic_amplification	0.0402355305850505	0.7900000214576721	0	0
grouped5	fold_3	CaSki	chr19	BFB	0.0482826009392738	0.3499999940395355	0	0
grouped5	fold_3	CaSki	chr19	chromothripsis	0.1699100583791732	0.5400000214576721	0	0
grouped5	fold_3	CaSki	chr19	ecDNA	0.0643874928355217	0.5	0	0
grouped5	fold_3	CaSki	chr19	seismic_amplification	0.0396996401250362	0.7900000214576721	0	0
grouped5	fold_3	CaSki	chr2	BFB	0.044565699994564	0.3499999940395355	0	0
grouped5	fold_3	CaSki	chr2	chromothripsis	0.061719860881567	0.5400000214576721	0	0
grouped5	fold_3	CaSki	chr2	ecDNA	0.0542762167751789	0.5	0	0
grouped5	fold_3	CaSki	chr2	seismic_amplification	0.0345607176423072	0.7900000214576721	0	0
grouped5	fold_3	CaSki	chr20	BFB	0.1560010612010955	0.3499999940395355	0	0
grouped5	fold_3	CaSki	chr20	chromothripsis	0.3062421977519989	0.5400000214576721	0	0
grouped5	fold_3	CaSki	chr20	ecDNA	0.1555880308151245	0.5	0	0
grouped5	fold_3	CaSki	chr20	seismic_amplification	0.0595937967300415	0.7900000214576721	0	0
grouped5	fold_3	CaSki	chr21	BFB	0.1927279978990554	0.3499999940395355	0	0
grouped5	fold_3	CaSki	chr21	chromothripsis	0.0718350186944007	0.5400000214576721	0	0
grouped5	fold_3	CaSki	chr21	ecDNA	0.1331502497196197	0.5	0	0
grouped5	fold_3	CaSki	chr21	seismic_amplification	0.0614730194211006	0.7900000214576721	0	0
grouped5	fold_3	CaSki	chr22	BFB	0.042211715131998	0.3499999940395355	0	0
grouped5	fold_3	CaSki	chr22	chromothripsis	0.1308575570583343	0.5400000214576721	0	0
grouped5	fold_3	CaSki	chr22	ecDNA	0.0437270365655422	0.5	0	0
grouped5	fold_3	CaSki	chr22	seismic_amplification	0.0331697426736354	0.7900000214576721	0	0
grouped5	fold_3	CaSki	chr3	BFB	0.033990304917097	0.3499999940395355	0	0
grouped5	fold_3	CaSki	chr3	chromothripsis	0.0622744373977184	0.5400000214576721	0	1
grouped5	fold_3	CaSki	chr3	ecDNA	0.0372903905808925	0.5	0	0
grouped5	fold_3	CaSki	chr3	seismic_amplification	0.0311838965862989	0.7900000214576721	0	0
grouped5	fold_3	CaSki	chr4	BFB	0.0432381778955459	0.3499999940395355	0	0
grouped5	fold_3	CaSki	chr4	chromothripsis	0.0506990738213062	0.5400000214576721	0	0
grouped5	fold_3	CaSki	chr4	ecDNA	0.0606342516839504	0.5	0	0
grouped5	fold_3	CaSki	chr4	seismic_amplification	0.0368720404803752	0.7900000214576721	0	0
grouped5	fold_3	CaSki	chr5	BFB	0.1379738599061966	0.3499999940395355	0	0
grouped5	fold_3	CaSki	chr5	chromothripsis	0.263162761926651	0.5400000214576721	0	0
grouped5	fold_3	CaSki	chr5	ecDNA	0.2046074271202087	0.5	0	0
grouped5	fold_3	CaSki	chr5	seismic_amplification	0.1138357073068618	0.7900000214576721	0	0
grouped5	fold_3	CaSki	chr6	BFB	0.1147488355636596	0.3499999940395355	0	1
grouped5	fold_3	CaSki	chr6	chromothripsis	0.3039303123950958	0.5400000214576721	0	0
grouped5	fold_3	CaSki	chr6	ecDNA	0.1661653220653534	0.5	0	0
grouped5	fold_3	CaSki	chr6	seismic_amplification	0.0879876092076301	0.7900000214576721	0	0
grouped5	fold_3	CaSki	chr7	BFB	0.0777746811509132	0.3499999940395355	0	0
grouped5	fold_3	CaSki	chr7	chromothripsis	0.0841557756066322	0.5400000214576721	0	0
grouped5	fold_3	CaSki	chr7	ecDNA	0.0498462729156017	0.5	0	0
grouped5	fold_3	CaSki	chr7	seismic_amplification	0.0388921685516834	0.7900000214576721	0	0
grouped5	fold_3	CaSki	chr8	BFB	0.0509354136884212	0.3499999940395355	0	0
grouped5	fold_3	CaSki	chr8	chromothripsis	0.063553087413311	0.5400000214576721	0	0
grouped5	fold_3	CaSki	chr8	ecDNA	0.0515707246959209	0.5	0	0
grouped5	fold_3	CaSki	chr8	seismic_amplification	0.0309600047767162	0.7900000214576721	0	0
grouped5	fold_3	CaSki	chr9	BFB	0.0357951745390892	0.3499999940395355	0	0
grouped5	fold_3	CaSki	chr9	chromothripsis	0.0684613958001136	0.5400000214576721	0	0
grouped5	fold_3	CaSki	chr9	ecDNA	0.0477221272885799	0.5	0	0
grouped5	fold_3	CaSki	chr9	seismic_amplification	0.0245360601693391	0.7900000214576721	0	0
grouped5	fold_3	CaSki	chrX	BFB	0.1443776190280914	0.3499999940395355	0	0
grouped5	fold_3	CaSki	chrX	chromothripsis	0.1071883887052536	0.5400000214576721	0	0
grouped5	fold_3	CaSki	chrX	ecDNA	0.1917277425527572	0.5	0	0
grouped5	fold_3	CaSki	chrX	seismic_amplification	0.0627020075917244	0.7900000214576721	0	0
grouped5	fold_3	HCC1937	chr1	BFB	0.3219547271728515	0.3499999940395355	0	0
grouped5	fold_3	HCC1937	chr1	chromothripsis	0.5758745670318604	0.5400000214576721	1	0
grouped5	fold_3	HCC1937	chr1	ecDNA	0.2659446001052856	0.5	0	0
grouped5	fold_3	HCC1937	chr1	seismic_amplification	0.176894798874855	0.7900000214576721	0	0
grouped5	fold_3	HCC1937	chr10	BFB	0.4972710311412811	0.3499999940395355	1	0
grouped5	fold_3	HCC1937	chr10	chromothripsis	0.2991168200969696	0.5400000214576721	0	0
grouped5	fold_3	HCC1937	chr10	ecDNA	0.315174400806427	0.5	0	0
grouped5	fold_3	HCC1937	chr10	seismic_amplification	0.1310722976922989	0.7900000214576721	0	0
grouped5	fold_3	HCC1937	chr11	BFB	0.2338023334741592	0.3499999940395355	0	0
grouped5	fold_3	HCC1937	chr11	chromothripsis	0.5294693112373352	0.5400000214576721	0	0
grouped5	fold_3	HCC1937	chr11	ecDNA	0.2892943322658539	0.5	0	0
grouped5	fold_3	HCC1937	chr11	seismic_amplification	0.2282889485359192	0.7900000214576721	0	0
grouped5	fold_3	HCC1937	chr12	BFB	0.2352719455957412	0.3499999940395355	0	0
grouped5	fold_3	HCC1937	chr12	chromothripsis	0.6525974869728088	0.5400000214576721	1	0
grouped5	fold_3	HCC1937	chr12	ecDNA	0.2470505982637405	0.5	0	0
grouped5	fold_3	HCC1937	chr12	seismic_amplification	0.2179938852787017	0.7900000214576721	0	0
grouped5	fold_3	HCC1937	chr13	BFB	0.3116770982742309	0.3499999940395355	0	0
grouped5	fold_3	HCC1937	chr13	chromothripsis	0.6912304162979126	0.5400000214576721	1	0
grouped5	fold_3	HCC1937	chr13	ecDNA	0.2550246715545654	0.5	0	0
grouped5	fold_3	HCC1937	chr13	seismic_amplification	0.1708115041255951	0.7900000214576721	0	0
grouped5	fold_3	HCC1937	chr14	BFB	0.2712437212467193	0.3499999940395355	0	0
grouped5	fold_3	HCC1937	chr14	chromothripsis	0.5905673503875732	0.5400000214576721	1	1
grouped5	fold_3	HCC1937	chr14	ecDNA	0.2281262129545211	0.5	0	0
grouped5	fold_3	HCC1937	chr14	seismic_amplification	0.1499896943569183	0.7900000214576721	0	0
grouped5	fold_3	HCC1937	chr15	BFB	0.26640784740448	0.3499999940395355	0	0
grouped5	fold_3	HCC1937	chr15	chromothripsis	0.3575174808502197	0.5400000214576721	0	0
grouped5	fold_3	HCC1937	chr15	ecDNA	0.1915725022554397	0.5	0	0
grouped5	fold_3	HCC1937	chr15	seismic_amplification	0.1301369369029998	0.7900000214576721	0	0
grouped5	fold_3	HCC1937	chr16	BFB	0.1945597231388092	0.3499999940395355	0	0
grouped5	fold_3	HCC1937	chr16	chromothripsis	0.2808062136173248	0.5400000214576721	0	0
grouped5	fold_3	HCC1937	chr16	ecDNA	0.1097149401903152	0.5	0	0
grouped5	fold_3	HCC1937	chr16	seismic_amplification	0.0850274935364723	0.7900000214576721	0	0
grouped5	fold_3	HCC1937	chr17	BFB	0.1111684069037437	0.3499999940395355	0	0
grouped5	fold_3	HCC1937	chr17	chromothripsis	0.312902957201004	0.5400000214576721	0	0
grouped5	fold_3	HCC1937	chr17	ecDNA	0.1061781346797943	0.5	0	0
grouped5	fold_3	HCC1937	chr17	seismic_amplification	0.083268292248249	0.7900000214576721	0	0
grouped5	fold_3	HCC1937	chr18	BFB	0.3398522734642029	0.3499999940395355	0	0
grouped5	fold_3	HCC1937	chr18	chromothripsis	0.3365232646465301	0.5400000214576721	0	0
grouped5	fold_3	HCC1937	chr18	ecDNA	0.3274812400341034	0.5	0	0
grouped5	fold_3	HCC1937	chr18	seismic_amplification	0.160420686006546	0.7900000214576721	0	0
grouped5	fold_3	HCC1937	chr19	BFB	0.149750754237175	0.3499999940395355	0	0
grouped5	fold_3	HCC1937	chr19	chromothripsis	0.1713899821043014	0.5400000214576721	0	0
grouped5	fold_3	HCC1937	chr19	ecDNA	0.0870214030146598	0.5	0	0
grouped5	fold_3	HCC1937	chr19	seismic_amplification	0.071055918931961	0.7900000214576721	0	0
grouped5	fold_3	HCC1937	chr2	BFB	0.2948755621910095	0.3499999940395355	0	0
grouped5	fold_3	HCC1937	chr2	chromothripsis	0.6143476963043213	0.5400000214576721	1	0
grouped5	fold_3	HCC1937	chr2	ecDNA	0.2415557503700256	0.5	0	0
grouped5	fold_3	HCC1937	chr2	seismic_amplification	0.2145012766122818	0.7900000214576721	0	0
grouped5	fold_3	HCC1937	chr20	BFB	0.1932963877916336	0.3499999940395355	0	0
grouped5	fold_3	HCC1937	chr20	chromothripsis	0.2597383260726928	0.5400000214576721	0	0
grouped5	fold_3	HCC1937	chr20	ecDNA	0.0978149771690368	0.5	0	0
grouped5	fold_3	HCC1937	chr20	seismic_amplification	0.0661336556077003	0.7900000214576721	0	0
grouped5	fold_3	HCC1937	chr21	BFB	0.1680901646614074	0.3499999940395355	0	0
grouped5	fold_3	HCC1937	chr21	chromothripsis	0.549201488494873	0.5400000214576721	1	0
grouped5	fold_3	HCC1937	chr21	ecDNA	0.1828259527683258	0.5	0	0
grouped5	fold_3	HCC1937	chr21	seismic_amplification	0.1318300366401672	0.7900000214576721	0	0
grouped5	fold_3	HCC1937	chr22	BFB	0.078535720705986	0.3499999940395355	0	0
grouped5	fold_3	HCC1937	chr22	chromothripsis	0.1755050420761108	0.5400000214576721	0	0
grouped5	fold_3	HCC1937	chr22	ecDNA	0.0564494095742702	0.5	0	0
grouped5	fold_3	HCC1937	chr22	seismic_amplification	0.0546354204416275	0.7900000214576721	0	0
grouped5	fold_3	HCC1937	chr3	BFB	0.1270303130149841	0.3499999940395355	0	0
grouped5	fold_3	HCC1937	chr3	chromothripsis	0.30803182721138	0.5400000214576721	0	0
grouped5	fold_3	HCC1937	chr3	ecDNA	0.0987606421113014	0.5	0	0
grouped5	fold_3	HCC1937	chr3	seismic_amplification	0.0767034515738487	0.7900000214576721	0	0
grouped5	fold_3	HCC1937	chr4	BFB	0.1776110380887985	0.3499999940395355	0	0
grouped5	fold_3	HCC1937	chr4	chromothripsis	0.3761115372180938	0.5400000214576721	0	0
grouped5	fold_3	HCC1937	chr4	ecDNA	0.1180611476302146	0.5	0	0
grouped5	fold_3	HCC1937	chr4	seismic_amplification	0.0855429545044899	0.7900000214576721	0	0
grouped5	fold_3	HCC1937	chr5	BFB	0.429759532213211	0.3499999940395355	1	0
grouped5	fold_3	HCC1937	chr5	chromothripsis	0.3577989637851715	0.5400000214576721	0	0
grouped5	fold_3	HCC1937	chr5	ecDNA	0.3119855523109436	0.5	0	0
grouped5	fold_3	HCC1937	chr5	seismic_amplification	0.1922975033521652	0.7900000214576721	0	0
grouped5	fold_3	HCC1937	chr6	BFB	0.3658370971679687	0.3499999940395355	1	0
grouped5	fold_3	HCC1937	chr6	chromothripsis	0.493692398071289	0.5400000214576721	0	0
grouped5	fold_3	HCC1937	chr6	ecDNA	0.3095854818820953	0.5	0	0
grouped5	fold_3	HCC1937	chr6	seismic_amplification	0.4532265961170196	0.7900000214576721	0	0
grouped5	fold_3	HCC1937	chr7	BFB	0.1916779428720474	0.3499999940395355	0	0
grouped5	fold_3	HCC1937	chr7	chromothripsis	0.4187704920768738	0.5400000214576721	0	0
grouped5	fold_3	HCC1937	chr7	ecDNA	0.1210328936576843	0.5	0	0
grouped5	fold_3	HCC1937	chr7	seismic_amplification	0.0898082181811332	0.7900000214576721	0	0
grouped5	fold_3	HCC1937	chr8	BFB	0.2549978196620941	0.3499999940395355	0	0
grouped5	fold_3	HCC1937	chr8	chromothripsis	0.3393526673316955	0.5400000214576721	0	0
grouped5	fold_3	HCC1937	chr8	ecDNA	0.1458677053451538	0.5	0	0
grouped5	fold_3	HCC1937	chr8	seismic_amplification	0.0968784540891647	0.7900000214576721	0	0
grouped5	fold_3	HCC1937	chr9	BFB	0.1391361206769943	0.3499999940395355	0	0
grouped5	fold_3	HCC1937	chr9	chromothripsis	0.2793642878532409	0.5400000214576721	0	0
grouped5	fold_3	HCC1937	chr9	ecDNA	0.1021720468997955	0.5	0	0
grouped5	fold_3	HCC1937	chr9	seismic_amplification	0.0856924653053283	0.7900000214576721	0	0
grouped5	fold_3	HCC1954	chr1	BFB	0.4169939160346985	0.3499999940395355	1	0
grouped5	fold_3	HCC1954	chr1	chromothripsis	0.5923596024513245	0.5400000214576721	1	0
grouped5	fold_3	HCC1954	chr1	ecDNA	0.2983630895614624	0.5	0	0
grouped5	fold_3	HCC1954	chr1	seismic_amplification	0.188787579536438	0.7900000214576721	0	0
grouped5	fold_3	HCC1954	chr10	BFB	0.3346242010593414	0.3499999940395355	0	0
grouped5	fold_3	HCC1954	chr10	chromothripsis	0.674472451210022	0.5400000214576721	1	0
grouped5	fold_3	HCC1954	chr10	ecDNA	0.2612532675266266	0.5	0	0
grouped5	fold_3	HCC1954	chr10	seismic_amplification	0.2392034381628036	0.7900000214576721	0	0
grouped5	fold_3	HCC1954	chr11	BFB	0.6336387991905212	0.3499999940395355	1	0
grouped5	fold_3	HCC1954	chr11	chromothripsis	0.5221552848815918	0.5400000214576721	0	0
grouped5	fold_3	HCC1954	chr11	ecDNA	0.4891910552978515	0.5	0	0
grouped5	fold_3	HCC1954	chr11	seismic_amplification	0.6818132400512695	0.7900000214576721	0	0
grouped5	fold_3	HCC1954	chr12	BFB	0.497824877500534	0.3499999940395355	1	0
grouped5	fold_3	HCC1954	chr12	chromothripsis	0.4497381746768951	0.5400000214576721	0	0
grouped5	fold_3	HCC1954	chr12	ecDNA	0.4530908763408661	0.5	0	0
grouped5	fold_3	HCC1954	chr12	seismic_amplification	0.704650342464447	0.7900000214576721	0	0
grouped5	fold_3	HCC1954	chr13	BFB	0.0778980478644371	0.3499999940395355	0	0
grouped5	fold_3	HCC1954	chr13	chromothripsis	0.1781520396471023	0.5400000214576721	0	0
grouped5	fold_3	HCC1954	chr13	ecDNA	0.0928696319460868	0.5	0	0
grouped5	fold_3	HCC1954	chr13	seismic_amplification	0.0741937234997749	0.7900000214576721	0	0
grouped5	fold_3	HCC1954	chr14	BFB	0.1265096366405487	0.3499999940395355	0	0
grouped5	fold_3	HCC1954	chr14	chromothripsis	0.2291882783174514	0.5400000214576721	0	0
grouped5	fold_3	HCC1954	chr14	ecDNA	0.1339263617992401	0.5	0	0
grouped5	fold_3	HCC1954	chr14	seismic_amplification	0.2154813110828399	0.7900000214576721	0	0
grouped5	fold_3	HCC1954	chr15	BFB	0.4910606145858764	0.3499999940395355	1	0
grouped5	fold_3	HCC1954	chr15	chromothripsis	0.3418267667293548	0.5400000214576721	0	0
grouped5	fold_3	HCC1954	chr15	ecDNA	0.2964914739131927	0.5	0	0
grouped5	fold_3	HCC1954	chr15	seismic_amplification	0.1649206280708313	0.7900000214576721	0	0
grouped5	fold_3	HCC1954	chr16	BFB	0.090554229915142	0.3499999940395355	0	0
grouped5	fold_3	HCC1954	chr16	chromothripsis	0.2652227282524109	0.5400000214576721	0	0
grouped5	fold_3	HCC1954	chr16	ecDNA	0.0884957015514373	0.5	0	0
grouped5	fold_3	HCC1954	chr16	seismic_amplification	0.0839115381240844	0.7900000214576721	0	0
grouped5	fold_3	HCC1954	chr17	BFB	0.4158360064029693	0.3499999940395355	1	0
grouped5	fold_3	HCC1954	chr17	chromothripsis	0.3714558184146881	0.5400000214576721	0	0
grouped5	fold_3	HCC1954	chr17	ecDNA	0.2346341907978058	0.5	0	0
grouped5	fold_3	HCC1954	chr17	seismic_amplification	0.2091292142868042	0.7900000214576721	0	0
grouped5	fold_3	HCC1954	chr18	BFB	0.1011683568358421	0.3499999940395355	0	0
grouped5	fold_3	HCC1954	chr18	chromothripsis	0.1537931114435196	0.5400000214576721	0	0
grouped5	fold_3	HCC1954	chr18	ecDNA	0.0905033349990844	0.5	0	0
grouped5	fold_3	HCC1954	chr18	seismic_amplification	0.0707758963108062	0.7900000214576721	0	0
grouped5	fold_3	HCC1954	chr19	BFB	0.3634911179542541	0.3499999940395355	1	0
grouped5	fold_3	HCC1954	chr19	chromothripsis	0.5072646141052246	0.5400000214576721	0	0
grouped5	fold_3	HCC1954	chr19	ecDNA	0.2723894417285919	0.5	0	0
grouped5	fold_3	HCC1954	chr19	seismic_amplification	0.3084936141967773	0.7900000214576721	0	1
grouped5	fold_3	HCC1954	chr2	BFB	0.1283235698938369	0.3499999940395355	0	0
grouped5	fold_3	HCC1954	chr2	chromothripsis	0.4651365280151367	0.5400000214576721	0	0
grouped5	fold_3	HCC1954	chr2	ecDNA	0.1455383449792862	0.5	0	0
grouped5	fold_3	HCC1954	chr2	seismic_amplification	0.1520911455154419	0.7900000214576721	0	0
grouped5	fold_3	HCC1954	chr20	BFB	0.822345495223999	0.3499999940395355	1	0
grouped5	fold_3	HCC1954	chr20	chromothripsis	0.3980534970760345	0.5400000214576721	0	0
grouped5	fold_3	HCC1954	chr20	ecDNA	0.5625544786453247	0.5	1	0
grouped5	fold_3	HCC1954	chr20	seismic_amplification	0.5408375859260559	0.7900000214576721	0	0
grouped5	fold_3	HCC1954	chr21	BFB	0.4021382629871368	0.3499999940395355	1	0
grouped5	fold_3	HCC1954	chr21	chromothripsis	0.5813404321670532	0.5400000214576721	1	0
grouped5	fold_3	HCC1954	chr21	ecDNA	0.4746409058570862	0.5	0	0
grouped5	fold_3	HCC1954	chr21	seismic_amplification	0.7456602454185486	0.7900000214576721	0	1
grouped5	fold_3	HCC1954	chr22	BFB	0.4190156459808349	0.3499999940395355	1	0
grouped5	fold_3	HCC1954	chr22	chromothripsis	0.6583343148231506	0.5400000214576721	1	0
grouped5	fold_3	HCC1954	chr22	ecDNA	0.3468106091022491	0.5	0	0
grouped5	fold_3	HCC1954	chr22	seismic_amplification	0.4051353633403778	0.7900000214576721	0	0
grouped5	fold_3	HCC1954	chr3	BFB	0.1623187661170959	0.3499999940395355	0	0
grouped5	fold_3	HCC1954	chr3	chromothripsis	0.6212963461875916	0.5400000214576721	1	0
grouped5	fold_3	HCC1954	chr3	ecDNA	0.2038475722074508	0.5	0	0
grouped5	fold_3	HCC1954	chr3	seismic_amplification	0.1952203214168548	0.7900000214576721	0	0
grouped5	fold_3	HCC1954	chr4	BFB	0.3653968274593353	0.3499999940395355	1	0
grouped5	fold_3	HCC1954	chr4	chromothripsis	0.5758246779441833	0.5400000214576721	1	0
grouped5	fold_3	HCC1954	chr4	ecDNA	0.4713310599327087	0.5	0	0
grouped5	fold_3	HCC1954	chr4	seismic_amplification	0.7308771014213562	0.7900000214576721	0	0
grouped5	fold_3	HCC1954	chr5	BFB	0.4776276051998138	0.3499999940395355	1	0
grouped5	fold_3	HCC1954	chr5	chromothripsis	0.570370614528656	0.5400000214576721	1	0
grouped5	fold_3	HCC1954	chr5	ecDNA	0.5014668703079224	0.5	1	0
grouped5	fold_3	HCC1954	chr5	seismic_amplification	0.7590964436531067	0.7900000214576721	0	0
grouped5	fold_3	HCC1954	chr6	BFB	0.272309273481369	0.3499999940395355	0	0
grouped5	fold_3	HCC1954	chr6	chromothripsis	0.6846901178359985	0.5400000214576721	1	0
grouped5	fold_3	HCC1954	chr6	ecDNA	0.2285683453083038	0.5	0	0
grouped5	fold_3	HCC1954	chr6	seismic_amplification	0.1666995733976364	0.7900000214576721	0	0
grouped5	fold_3	HCC1954	chr7	BFB	0.1499902606010437	0.3499999940395355	0	0
grouped5	fold_3	HCC1954	chr7	chromothripsis	0.2780051231384277	0.5400000214576721	0	0
grouped5	fold_3	HCC1954	chr7	ecDNA	0.1236212849617004	0.5	0	0
grouped5	fold_3	HCC1954	chr7	seismic_amplification	0.1034812778234481	0.7900000214576721	0	0
grouped5	fold_3	HCC1954	chr8	BFB	0.5916351675987244	0.3499999940395355	1	0
grouped5	fold_3	HCC1954	chr8	chromothripsis	0.5594640970230103	0.5400000214576721	1	0
grouped5	fold_3	HCC1954	chr8	ecDNA	0.5779227614402771	0.5	1	0
grouped5	fold_3	HCC1954	chr8	seismic_amplification	0.8332722783088684	0.7900000214576721	1	1
grouped5	fold_3	HCC1954	chr9	BFB	0.6004952192306519	0.3499999940395355	1	0
grouped5	fold_3	HCC1954	chr9	chromothripsis	0.4441001117229461	0.5400000214576721	0	1
grouped5	fold_3	HCC1954	chr9	ecDNA	0.4810881018638611	0.5	0	0
grouped5	fold_3	HCC1954	chr9	seismic_amplification	0.6569156646728516	0.7900000214576721	0	1
grouped5	fold_3	SNU1245	chr1	BFB	0.0570771098136901	0.3499999940395355	0	0
grouped5	fold_3	SNU1245	chr1	chromothripsis	0.2084374129772186	0.5400000214576721	0	0
grouped5	fold_3	SNU1245	chr1	ecDNA	0.0452480986714363	0.5	0	0
grouped5	fold_3	SNU1245	chr1	seismic_amplification	0.0161689538508653	0.7900000214576721	0	0
grouped5	fold_3	SNU1245	chr10	BFB	0.0205495879054069	0.3499999940395355	0	0
grouped5	fold_3	SNU1245	chr10	chromothripsis	0.1036140024662017	0.5400000214576721	0	0
grouped5	fold_3	SNU1245	chr10	ecDNA	0.0393997617065906	0.5	0	0
grouped5	fold_3	SNU1245	chr10	seismic_amplification	0.0242462400346994	0.7900000214576721	0	0
grouped5	fold_3	SNU1245	chr11	BFB	0.0963510870933532	0.3499999940395355	0	0
grouped5	fold_3	SNU1245	chr11	chromothripsis	0.0487846806645393	0.5400000214576721	0	0
grouped5	fold_3	SNU1245	chr11	ecDNA	0.0909599587321281	0.5	0	0
grouped5	fold_3	SNU1245	chr11	seismic_amplification	0.0462182648479938	0.7900000214576721	0	0
grouped5	fold_3	SNU1245	chr12	BFB	0.0304787177592515	0.3499999940395355	0	0
grouped5	fold_3	SNU1245	chr12	chromothripsis	0.2234296053647995	0.5400000214576721	0	0
grouped5	fold_3	SNU1245	chr12	ecDNA	0.0543725863099098	0.5	0	0
grouped5	fold_3	SNU1245	chr12	seismic_amplification	0.0304528381675481	0.7900000214576721	0	0
grouped5	fold_3	SNU1245	chr13	BFB	0.0438939966261386	0.3499999940395355	0	0
grouped5	fold_3	SNU1245	chr13	chromothripsis	0.1922779530286789	0.5400000214576721	0	0
grouped5	fold_3	SNU1245	chr13	ecDNA	0.051502339541912	0.5	0	0
grouped5	fold_3	SNU1245	chr13	seismic_amplification	0.023197766393423	0.7900000214576721	0	0
grouped5	fold_3	SNU1245	chr14	BFB	0.0695562958717346	0.3499999940395355	0	0
grouped5	fold_3	SNU1245	chr14	chromothripsis	0.0527063086628913	0.5400000214576721	0	0
grouped5	fold_3	SNU1245	chr14	ecDNA	0.0766254141926765	0.5	0	0
grouped5	fold_3	SNU1245	chr14	seismic_amplification	0.0366525575518608	0.7900000214576721	0	0
grouped5	fold_3	SNU1245	chr15	BFB	0.0259323343634605	0.3499999940395355	0	0
grouped5	fold_3	SNU1245	chr15	chromothripsis	0.0532683953642845	0.5400000214576721	0	0
grouped5	fold_3	SNU1245	chr15	ecDNA	0.0412094146013259	0.5	0	0
grouped5	fold_3	SNU1245	chr15	seismic_amplification	0.0270869769155979	0.7900000214576721	0	0
grouped5	fold_3	SNU1245	chr16	BFB	0.0379641577601432	0.3499999940395355	0	0
grouped5	fold_3	SNU1245	chr16	chromothripsis	0.1366913318634033	0.5400000214576721	0	0
grouped5	fold_3	SNU1245	chr16	ecDNA	0.082929827272892	0.5	0	0
grouped5	fold_3	SNU1245	chr16	seismic_amplification	0.0607467852532863	0.7900000214576721	0	0
grouped5	fold_3	SNU1245	chr17	BFB	0.033458162099123	0.3499999940395355	0	0
grouped5	fold_3	SNU1245	chr17	chromothripsis	0.1527867168188095	0.5400000214576721	0	0
grouped5	fold_3	SNU1245	chr17	ecDNA	0.0585545673966407	0.5	0	0
grouped5	fold_3	SNU1245	chr17	seismic_amplification	0.0251492820680141	0.7900000214576721	0	0
grouped5	fold_3	SNU1245	chr18	BFB	0.0525968149304389	0.3499999940395355	0	0
grouped5	fold_3	SNU1245	chr18	chromothripsis	0.0494735948741436	0.5400000214576721	0	0
grouped5	fold_3	SNU1245	chr18	ecDNA	0.0693578496575355	0.5	0	0
grouped5	fold_3	SNU1245	chr18	seismic_amplification	0.0297608915716409	0.7900000214576721	0	0
grouped5	fold_3	SNU1245	chr19	BFB	0.1040493845939636	0.3499999940395355	0	0
grouped5	fold_3	SNU1245	chr19	chromothripsis	0.0424203313887119	0.5400000214576721	0	0
grouped5	fold_3	SNU1245	chr19	ecDNA	0.0677556917071342	0.5	0	0
grouped5	fold_3	SNU1245	chr19	seismic_amplification	0.0390138290822505	0.7900000214576721	0	0
grouped5	fold_3	SNU1245	chr2	BFB	0.0238298326730728	0.3499999940395355	0	0
grouped5	fold_3	SNU1245	chr2	chromothripsis	0.0539427585899829	0.5400000214576721	0	0
grouped5	fold_3	SNU1245	chr2	ecDNA	0.0362348966300487	0.5	0	0
grouped5	fold_3	SNU1245	chr2	seismic_amplification	0.0173065979033708	0.7900000214576721	0	0
grouped5	fold_3	SNU1245	chr20	BFB	0.0406695827841758	0.3499999940395355	0	0
grouped5	fold_3	SNU1245	chr20	chromothripsis	0.1949145644903183	0.5400000214576721	0	0
grouped5	fold_3	SNU1245	chr20	ecDNA	0.0390839502215385	0.5	0	0
grouped5	fold_3	SNU1245	chr20	seismic_amplification	0.0254103168845176	0.7900000214576721	0	0
grouped5	fold_3	SNU1245	chr21	BFB	0.0832749381661415	0.3499999940395355	0	0
grouped5	fold_3	SNU1245	chr21	chromothripsis	0.3466045558452606	0.5400000214576721	0	0
grouped5	fold_3	SNU1245	chr21	ecDNA	0.0909007936716079	0.5	0	0
grouped5	fold_3	SNU1245	chr21	seismic_amplification	0.0765408053994178	0.7900000214576721	0	0
grouped5	fold_3	SNU1245	chr22	BFB	0.0327368229627609	0.3499999940395355	0	0
grouped5	fold_3	SNU1245	chr22	chromothripsis	0.0518128126859664	0.5400000214576721	0	0
grouped5	fold_3	SNU1245	chr22	ecDNA	0.0475925505161285	0.5	0	0
grouped5	fold_3	SNU1245	chr22	seismic_amplification	0.0285343471914529	0.7900000214576721	0	0
grouped5	fold_3	SNU1245	chr3	BFB	0.0202415324747562	0.3499999940395355	0	0
grouped5	fold_3	SNU1245	chr3	chromothripsis	0.1061496958136558	0.5400000214576721	0	0
grouped5	fold_3	SNU1245	chr3	ecDNA	0.0422799661755561	0.5	0	0
grouped5	fold_3	SNU1245	chr3	seismic_amplification	0.0190219078212976	0.7900000214576721	0	0
grouped5	fold_3	SNU1245	chr4	BFB	0.0260869543999433	0.3499999940395355	0	0
grouped5	fold_3	SNU1245	chr4	chromothripsis	0.2420199811458587	0.5400000214576721	0	0
grouped5	fold_3	SNU1245	chr4	ecDNA	0.0482884533703327	0.5	0	0
grouped5	fold_3	SNU1245	chr4	seismic_amplification	0.0294662043452262	0.7900000214576721	0	0
grouped5	fold_3	SNU1245	chr5	BFB	0.1707562506198883	0.3499999940395355	0	0
grouped5	fold_3	SNU1245	chr5	chromothripsis	0.2234625667333603	0.5400000214576721	0	1
grouped5	fold_3	SNU1245	chr5	ecDNA	0.0861889868974685	0.5	0	0
grouped5	fold_3	SNU1245	chr5	seismic_amplification	0.0676956251263618	0.7900000214576721	0	0
grouped5	fold_3	SNU1245	chr6	BFB	0.0950510650873184	0.3499999940395355	0	0
grouped5	fold_3	SNU1245	chr6	chromothripsis	0.3628512918949127	0.5400000214576721	0	0
grouped5	fold_3	SNU1245	chr6	ecDNA	0.100441001355648	0.5	0	0
grouped5	fold_3	SNU1245	chr6	seismic_amplification	0.0838994905352592	0.7900000214576721	0	0
grouped5	fold_3	SNU1245	chr7	BFB	0.0342305302619934	0.3499999940395355	0	0
grouped5	fold_3	SNU1245	chr7	chromothripsis	0.1043001338839531	0.5400000214576721	0	0
grouped5	fold_3	SNU1245	chr7	ecDNA	0.0418310277163982	0.5	0	0
grouped5	fold_3	SNU1245	chr7	seismic_amplification	0.0236050467938184	0.7900000214576721	0	0
grouped5	fold_3	SNU1245	chr8	BFB	0.0239826645702123	0.3499999940395355	0	0
grouped5	fold_3	SNU1245	chr8	chromothripsis	0.1768851280212402	0.5400000214576721	0	0
grouped5	fold_3	SNU1245	chr8	ecDNA	0.047068528831005	0.5	0	0
grouped5	fold_3	SNU1245	chr8	seismic_amplification	0.0189225412905216	0.7900000214576721	0	0
grouped5	fold_3	SNU1245	chr9	BFB	0.0454629845917224	0.3499999940395355	0	0
grouped5	fold_3	SNU1245	chr9	chromothripsis	0.1066064611077308	0.5400000214576721	0	0
grouped5	fold_3	SNU1245	chr9	ecDNA	0.0604980960488319	0.5	0	0
grouped5	fold_3	SNU1245	chr9	seismic_amplification	0.0634938552975654	0.7900000214576721	0	0
grouped5	fold_3	SNU1245	chrX	BFB	0.0348442271351814	0.3499999940395355	0	0
grouped5	fold_3	SNU1245	chrX	chromothripsis	0.1366603225469589	0.5400000214576721	0	0
grouped5	fold_3	SNU1245	chrX	ecDNA	0.0495872721076011	0.5	0	0
grouped5	fold_3	SNU1245	chrX	seismic_amplification	0.03063783980906	0.7900000214576721	0	0
grouped5	fold_3	SNU703	chr1	BFB	0.052657913416624	0.3499999940395355	0	0
grouped5	fold_3	SNU703	chr1	chromothripsis	0.0540328510105609	0.5400000214576721	0	0
grouped5	fold_3	SNU703	chr1	ecDNA	0.0541298538446426	0.5	0	0
grouped5	fold_3	SNU703	chr1	seismic_amplification	0.0287843588739633	0.7900000214576721	0	0
grouped5	fold_3	SNU703	chr10	BFB	0.0208334531635046	0.3499999940395355	0	0
grouped5	fold_3	SNU703	chr10	chromothripsis	0.0845437049865722	0.5400000214576721	0	0
grouped5	fold_3	SNU703	chr10	ecDNA	0.0340383313596248	0.5	0	0
grouped5	fold_3	SNU703	chr10	seismic_amplification	0.0177221167832613	0.7900000214576721	0	0
grouped5	fold_3	SNU703	chr11	BFB	0.2663702666759491	0.3499999940395355	0	1
grouped5	fold_3	SNU703	chr11	chromothripsis	0.2384220212697982	0.5400000214576721	0	0
grouped5	fold_3	SNU703	chr11	ecDNA	0.1934298276901245	0.5	0	1
grouped5	fold_3	SNU703	chr11	seismic_amplification	0.1113422065973281	0.7900000214576721	0	0
grouped5	fold_3	SNU703	chr12	BFB	0.5159212350845337	0.3499999940395355	1	1
grouped5	fold_3	SNU703	chr12	chromothripsis	0.0808636397123336	0.5400000214576721	0	0
grouped5	fold_3	SNU703	chr12	ecDNA	0.3648255169391632	0.5	0	0
grouped5	fold_3	SNU703	chr12	seismic_amplification	0.1068745553493499	0.7900000214576721	0	0
grouped5	fold_3	SNU703	chr13	BFB	0.0489644631743431	0.3499999940395355	0	0
grouped5	fold_3	SNU703	chr13	chromothripsis	0.1181610971689224	0.5400000214576721	0	0
grouped5	fold_3	SNU703	chr13	ecDNA	0.0651578679680824	0.5	0	0
grouped5	fold_3	SNU703	chr13	seismic_amplification	0.0451490879058837	0.7900000214576721	0	0
grouped5	fold_3	SNU703	chr14	BFB	0.1058103144168853	0.3499999940395355	0	0
grouped5	fold_3	SNU703	chr14	chromothripsis	0.1886884123086929	0.5400000214576721	0	0
grouped5	fold_3	SNU703	chr14	ecDNA	0.0573867335915565	0.5	0	0
grouped5	fold_3	SNU703	chr14	seismic_amplification	0.0449599288403987	0.7900000214576721	0	0
grouped5	fold_3	SNU703	chr15	BFB	0.0450667329132556	0.3499999940395355	0	0
grouped5	fold_3	SNU703	chr15	chromothripsis	0.1764394044876098	0.5400000214576721	0	0
grouped5	fold_3	SNU703	chr15	ecDNA	0.0524755306541919	0.5	0	0
grouped5	fold_3	SNU703	chr15	seismic_amplification	0.0392689332365989	0.7900000214576721	0	0
grouped5	fold_3	SNU703	chr16	BFB	0.0510548576712608	0.3499999940395355	0	0
grouped5	fold_3	SNU703	chr16	chromothripsis	0.1048759743571281	0.5400000214576721	0	0
grouped5	fold_3	SNU703	chr16	ecDNA	0.0663324519991874	0.5	0	0
grouped5	fold_3	SNU703	chr16	seismic_amplification	0.0368117615580558	0.7900000214576721	0	0
grouped5	fold_3	SNU703	chr17	BFB	0.0412233844399452	0.3499999940395355	0	0
grouped5	fold_3	SNU703	chr17	chromothripsis	0.0805094093084335	0.5400000214576721	0	0
grouped5	fold_3	SNU703	chr17	ecDNA	0.0564771257340908	0.5	0	0
grouped5	fold_3	SNU703	chr17	seismic_amplification	0.0319226011633873	0.7900000214576721	0	0
grouped5	fold_3	SNU703	chr18	BFB	0.842631995677948	0.3499999940395355	1	1
grouped5	fold_3	SNU703	chr18	chromothripsis	0.5180524587631226	0.5400000214576721	0	0
grouped5	fold_3	SNU703	chr18	ecDNA	0.6381847262382507	0.5	1	1
grouped5	fold_3	SNU703	chr18	seismic_amplification	0.3091933727264404	0.7900000214576721	0	0
grouped5	fold_3	SNU703	chr19	BFB	0.0355588011443614	0.3499999940395355	0	0
grouped5	fold_3	SNU703	chr19	chromothripsis	0.1395563781261444	0.5400000214576721	0	0
grouped5	fold_3	SNU703	chr19	ecDNA	0.0585076250135898	0.5	0	0
grouped5	fold_3	SNU703	chr19	seismic_amplification	0.0278741903603076	0.7900000214576721	0	0
grouped5	fold_3	SNU703	chr2	BFB	0.023178644478321	0.3499999940395355	0	0
grouped5	fold_3	SNU703	chr2	chromothripsis	0.0627622753381729	0.5400000214576721	0	0
grouped5	fold_3	SNU703	chr2	ecDNA	0.0387189947068691	0.5	0	0
grouped5	fold_3	SNU703	chr2	seismic_amplification	0.0197168476879596	0.7900000214576721	0	0
grouped5	fold_3	SNU703	chr20	BFB	0.0302382875233888	0.3499999940395355	0	0
grouped5	fold_3	SNU703	chr20	chromothripsis	0.0928150787949562	0.5400000214576721	0	0
grouped5	fold_3	SNU703	chr20	ecDNA	0.0374727696180343	0.5	0	0
grouped5	fold_3	SNU703	chr20	seismic_amplification	0.0191493984311819	0.7900000214576721	0	0
grouped5	fold_3	SNU703	chr21	BFB	0.0544562675058841	0.3499999940395355	0	0
grouped5	fold_3	SNU703	chr21	chromothripsis	0.0594874620437622	0.5400000214576721	0	0
grouped5	fold_3	SNU703	chr21	ecDNA	0.066455028951168	0.5	0	0
grouped5	fold_3	SNU703	chr21	seismic_amplification	0.0372744314372539	0.7900000214576721	0	0
grouped5	fold_3	SNU703	chr22	BFB	0.0298211351037025	0.3499999940395355	0	0
grouped5	fold_3	SNU703	chr22	chromothripsis	0.061861053109169	0.5400000214576721	0	0
grouped5	fold_3	SNU703	chr22	ecDNA	0.0459575094282627	0.5	0	0
grouped5	fold_3	SNU703	chr22	seismic_amplification	0.0292813125997781	0.7900000214576721	0	0
grouped5	fold_3	SNU703	chr3	BFB	0.0398008190095424	0.3499999940395355	0	0
grouped5	fold_3	SNU703	chr3	chromothripsis	0.093325451016426	0.5400000214576721	0	0
grouped5	fold_3	SNU703	chr3	ecDNA	0.0509966798126697	0.5	0	0
grouped5	fold_3	SNU703	chr3	seismic_amplification	0.026284635066986	0.7900000214576721	0	0
grouped5	fold_3	SNU703	chr4	BFB	0.0186947714537382	0.3499999940395355	0	0
grouped5	fold_3	SNU703	chr4	chromothripsis	0.0535273402929306	0.5400000214576721	0	0
grouped5	fold_3	SNU703	chr4	ecDNA	0.0322368890047073	0.5	0	0
grouped5	fold_3	SNU703	chr4	seismic_amplification	0.0153821306303143	0.7900000214576721	0	0
grouped5	fold_3	SNU703	chr5	BFB	0.0197092909365892	0.3499999940395355	0	0
grouped5	fold_3	SNU703	chr5	chromothripsis	0.0492613576352596	0.5400000214576721	0	0
grouped5	fold_3	SNU703	chr5	ecDNA	0.0326435752213001	0.5	0	0
grouped5	fold_3	SNU703	chr5	seismic_amplification	0.0174698010087013	0.7900000214576721	0	0
grouped5	fold_3	SNU703	chr6	BFB	0.0266793519258499	0.3499999940395355	0	0
grouped5	fold_3	SNU703	chr6	chromothripsis	0.037331074476242	0.5400000214576721	0	0
grouped5	fold_3	SNU703	chr6	ecDNA	0.0390552543103694	0.5	0	0
grouped5	fold_3	SNU703	chr6	seismic_amplification	0.0171343218535184	0.7900000214576721	0	0
grouped5	fold_3	SNU703	chr7	BFB	0.0344102457165718	0.3499999940395355	0	0
grouped5	fold_3	SNU703	chr7	chromothripsis	0.0675930455327034	0.5400000214576721	0	0
grouped5	fold_3	SNU703	chr7	ecDNA	0.0321238413453102	0.5	0	0
grouped5	fold_3	SNU703	chr7	seismic_amplification	0.0219297707080841	0.7900000214576721	0	0
grouped5	fold_3	SNU703	chr8	BFB	0.1170021668076515	0.3499999940395355	0	0
grouped5	fold_3	SNU703	chr8	chromothripsis	0.2735921442508697	0.5400000214576721	0	0
grouped5	fold_3	SNU703	chr8	ecDNA	0.0635711476206779	0.5	0	0
grouped5	fold_3	SNU703	chr8	seismic_amplification	0.0361781828105449	0.7900000214576721	0	0
grouped5	fold_3	SNU703	chr9	BFB	0.0480231195688247	0.3499999940395355	0	0
grouped5	fold_3	SNU703	chr9	chromothripsis	0.3021663725376129	0.5400000214576721	0	0
grouped5	fold_3	SNU703	chr9	ecDNA	0.0551400072872638	0.5	0	0
grouped5	fold_3	SNU703	chr9	seismic_amplification	0.0286160092800855	0.7900000214576721	0	0
grouped5	fold_3	SNU703	chrX	BFB	0.0543490201234817	0.3499999940395355	0	0
grouped5	fold_3	SNU703	chrX	chromothripsis	0.0699507892131805	0.5400000214576721	0	0
grouped5	fold_3	SNU703	chrX	ecDNA	0.0591276697814464	0.5	0	1
grouped5	fold_3	SNU703	chrX	seismic_amplification	0.0344494096934795	0.7900000214576721	0	0
grouped5	fold_3	SNU778	chr1	BFB	0.0487297810614109	0.3499999940395355	0	0
grouped5	fold_3	SNU778	chr1	chromothripsis	0.0512339286506176	0.5400000214576721	0	0
grouped5	fold_3	SNU778	chr1	ecDNA	0.0643340870738029	0.5	0	0
grouped5	fold_3	SNU778	chr1	seismic_amplification	0.0355359800159931	0.7900000214576721	0	0
grouped5	fold_3	SNU778	chr10	BFB	0.0631379038095474	0.3499999940395355	0	0
grouped5	fold_3	SNU778	chr10	chromothripsis	0.1010670512914657	0.5400000214576721	0	0
grouped5	fold_3	SNU778	chr10	ecDNA	0.06885277479887	0.5	0	0
grouped5	fold_3	SNU778	chr10	seismic_amplification	0.0245773904025554	0.7900000214576721	0	0
grouped5	fold_3	SNU778	chr11	BFB	0.5843876004219055	0.3499999940395355	1	1
grouped5	fold_3	SNU778	chr11	chromothripsis	0.1231605485081672	0.5400000214576721	0	0
grouped5	fold_3	SNU778	chr11	ecDNA	0.2183363884687423	0.5	0	0
grouped5	fold_3	SNU778	chr11	seismic_amplification	0.0802337229251861	0.7900000214576721	0	0
grouped5	fold_3	SNU778	chr12	BFB	0.0459892265498638	0.3499999940395355	0	0
grouped5	fold_3	SNU778	chr12	chromothripsis	0.1150609031319618	0.5400000214576721	0	0
grouped5	fold_3	SNU778	chr12	ecDNA	0.0690439045429229	0.5	0	0
grouped5	fold_3	SNU778	chr12	seismic_amplification	0.0349586233496665	0.7900000214576721	0	0
grouped5	fold_3	SNU778	chr13	BFB	0.0296489801257848	0.3499999940395355	0	0
grouped5	fold_3	SNU778	chr13	chromothripsis	0.0509909018874168	0.5400000214576721	0	0
grouped5	fold_3	SNU778	chr13	ecDNA	0.0458010248839855	0.5	0	0
grouped5	fold_3	SNU778	chr13	seismic_amplification	0.0265305247157812	0.7900000214576721	0	0
grouped5	fold_3	SNU778	chr14	BFB	0.063359647989273	0.3499999940395355	0	0
grouped5	fold_3	SNU778	chr14	chromothripsis	0.1202464252710342	0.5400000214576721	0	0
grouped5	fold_3	SNU778	chr14	ecDNA	0.0747670903801918	0.5	0	0
grouped5	fold_3	SNU778	chr14	seismic_amplification	0.0449472814798355	0.7900000214576721	0	0
grouped5	fold_3	SNU778	chr15	BFB	0.0799097642302513	0.3499999940395355	0	0
grouped5	fold_3	SNU778	chr15	chromothripsis	0.1284686923027038	0.5400000214576721	0	0
grouped5	fold_3	SNU778	chr15	ecDNA	0.08802030980587	0.5	0	0
grouped5	fold_3	SNU778	chr15	seismic_amplification	0.0488885641098022	0.7900000214576721	0	0
grouped5	fold_3	SNU778	chr16	BFB	0.0437364168465137	0.3499999940395355	0	0
grouped5	fold_3	SNU778	chr16	chromothripsis	0.1293161809444427	0.5400000214576721	0	0
grouped5	fold_3	SNU778	chr16	ecDNA	0.0650345310568809	0.5	0	0
grouped5	fold_3	SNU778	chr16	seismic_amplification	0.042273461818695	0.7900000214576721	0	0
grouped5	fold_3	SNU778	chr17	BFB	0.0371289849281311	0.3499999940395355	0	0
grouped5	fold_3	SNU778	chr17	chromothripsis	0.0619920901954174	0.5400000214576721	0	0
grouped5	fold_3	SNU778	chr17	ecDNA	0.0469166710972785	0.5	0	0
grouped5	fold_3	SNU778	chr17	seismic_amplification	0.025969011709094	0.7900000214576721	0	0
grouped5	fold_3	SNU778	chr18	BFB	0.0359580479562282	0.3499999940395355	0	0
grouped5	fold_3	SNU778	chr18	chromothripsis	0.1442062854766845	0.5400000214576721	0	0
grouped5	fold_3	SNU778	chr18	ecDNA	0.0470646694302558	0.5	0	0
grouped5	fold_3	SNU778	chr18	seismic_amplification	0.0292748752981424	0.7900000214576721	0	0
grouped5	fold_3	SNU778	chr19	BFB	0.0454377233982086	0.3499999940395355	0	0
grouped5	fold_3	SNU778	chr19	chromothripsis	0.0897387713193893	0.5400000214576721	0	0
grouped5	fold_3	SNU778	chr19	ecDNA	0.0637770071625709	0.5	0	0
grouped5	fold_3	SNU778	chr19	seismic_amplification	0.0352859050035476	0.7900000214576721	0	0
grouped5	fold_3	SNU778	chr2	BFB	0.0240634549409151	0.3499999940395355	0	0
grouped5	fold_3	SNU778	chr2	chromothripsis	0.0453815013170242	0.5400000214576721	0	0
grouped5	fold_3	SNU778	chr2	ecDNA	0.0398112349212169	0.5	0	0
grouped5	fold_3	SNU778	chr2	seismic_amplification	0.019463799893856	0.7900000214576721	0	0
grouped5	fold_3	SNU778	chr20	BFB	0.19105826318264	0.3499999940395355	0	0
grouped5	fold_3	SNU778	chr20	chromothripsis	0.0854196846485138	0.5400000214576721	0	0
grouped5	fold_3	SNU778	chr20	ecDNA	0.1021785661578178	0.5	0	0
grouped5	fold_3	SNU778	chr20	seismic_amplification	0.0448045618832111	0.7900000214576721	0	0
grouped5	fold_3	SNU778	chr21	BFB	0.047431357204914	0.3499999940395355	0	0
grouped5	fold_3	SNU778	chr21	chromothripsis	0.0877271816134452	0.5400000214576721	0	0
grouped5	fold_3	SNU778	chr21	ecDNA	0.0612941831350326	0.5	0	0
grouped5	fold_3	SNU778	chr21	seismic_amplification	0.0296457540243864	0.7900000214576721	0	0
grouped5	fold_3	SNU778	chr22	BFB	0.0355525650084018	0.3499999940395355	0	0
grouped5	fold_3	SNU778	chr22	chromothripsis	0.0544191636145114	0.5400000214576721	0	0
grouped5	fold_3	SNU778	chr22	ecDNA	0.0512852109968662	0.5	0	0
grouped5	fold_3	SNU778	chr22	seismic_amplification	0.0352617986500263	0.7900000214576721	0	0
grouped5	fold_3	SNU778	chr3	BFB	0.1043279394507408	0.3499999940395355	0	0
grouped5	fold_3	SNU778	chr3	chromothripsis	0.5410779714584351	0.5400000214576721	1	0
grouped5	fold_3	SNU778	chr3	ecDNA	0.1628031730651855	0.5	0	0
grouped5	fold_3	SNU778	chr3	seismic_amplification	0.0804655700922012	0.7900000214576721	0	0
grouped5	fold_3	SNU778	chr4	BFB	0.0424336865544319	0.3499999940395355	0	0
grouped5	fold_3	SNU778	chr4	chromothripsis	0.0370791442692279	0.5400000214576721	0	0
grouped5	fold_3	SNU778	chr4	ecDNA	0.0448442660272121	0.5	0	0
grouped5	fold_3	SNU778	chr4	seismic_amplification	0.0213802698999643	0.7900000214576721	0	0
grouped5	fold_3	SNU778	chr5	BFB	0.0743815600872039	0.3499999940395355	0	0
grouped5	fold_3	SNU778	chr5	chromothripsis	0.0630514323711395	0.5400000214576721	0	0
grouped5	fold_3	SNU778	chr5	ecDNA	0.0737795159220695	0.5	0	0
grouped5	fold_3	SNU778	chr5	seismic_amplification	0.054715234786272	0.7900000214576721	0	0
grouped5	fold_3	SNU778	chr6	BFB	0.0690220743417739	0.3499999940395355	0	0
grouped5	fold_3	SNU778	chr6	chromothripsis	0.4162981212139129	0.5400000214576721	0	0
grouped5	fold_3	SNU778	chr6	ecDNA	0.0998226851224899	0.5	0	0
grouped5	fold_3	SNU778	chr6	seismic_amplification	0.0428515039384365	0.7900000214576721	0	0
grouped5	fold_3	SNU778	chr7	BFB	0.0258348900824785	0.3499999940395355	0	0
grouped5	fold_3	SNU778	chr7	chromothripsis	0.0483929775655269	0.5400000214576721	0	0
grouped5	fold_3	SNU778	chr7	ecDNA	0.0417599976062774	0.5	0	0
grouped5	fold_3	SNU778	chr7	seismic_amplification	0.0222161039710044	0.7900000214576721	0	0
grouped5	fold_3	SNU778	chr8	BFB	0.040550522506237	0.3499999940395355	0	0
grouped5	fold_3	SNU778	chr8	chromothripsis	0.0491174571216106	0.5400000214576721	0	0
grouped5	fold_3	SNU778	chr8	ecDNA	0.0536111555993557	0.5	0	0
grouped5	fold_3	SNU778	chr8	seismic_amplification	0.0262405537068843	0.7900000214576721	0	0
grouped5	fold_3	SNU778	chr9	BFB	0.0562404952943325	0.3499999940395355	0	0
grouped5	fold_3	SNU778	chr9	chromothripsis	0.0510322302579879	0.5400000214576721	0	0
grouped5	fold_3	SNU778	chr9	ecDNA	0.0620875842869281	0.5	0	0
grouped5	fold_3	SNU778	chr9	seismic_amplification	0.0306569468230009	0.7900000214576721	0	0
grouped5	fold_3	SNU778	chrX	BFB	0.0589071214199066	0.3499999940395355	0	0
grouped5	fold_3	SNU778	chrX	chromothripsis	0.0926461815834045	0.5400000214576721	0	0
grouped5	fold_3	SNU778	chrX	ecDNA	0.0691256895661354	0.5	0	0
grouped5	fold_3	SNU778	chrX	seismic_amplification	0.0319168530404567	0.7900000214576721	0	0
grouped5	fold_4	BT474	chr1	BFB	0.5510737895965576	0.3600000143051147	1	0
grouped5	fold_4	BT474	chr1	chromothripsis	0.6027305722236633	0.6499999761581421	0	0
grouped5	fold_4	BT474	chr1	ecDNA	0.4672738313674927	0.2800000011920929	1	0
grouped5	fold_4	BT474	chr1	seismic_amplification	0.8329119086265564	0.7900000214576721	1	0
grouped5	fold_4	BT474	chr10	BFB	0.093301773071289	0.3600000143051147	0	0
grouped5	fold_4	BT474	chr10	chromothripsis	0.1017143130302429	0.6499999761581421	0	0
grouped5	fold_4	BT474	chr10	ecDNA	0.0695199966430664	0.2800000011920929	0	0
grouped5	fold_4	BT474	chr10	seismic_amplification	0.0287012290209531	0.7900000214576721	0	0
grouped5	fold_4	BT474	chr11	BFB	0.694998025894165	0.3600000143051147	1	0
grouped5	fold_4	BT474	chr11	chromothripsis	0.5807438492774963	0.6499999761581421	0	0
grouped5	fold_4	BT474	chr11	ecDNA	0.4946913123130798	0.2800000011920929	1	0
grouped5	fold_4	BT474	chr11	seismic_amplification	0.8563427925109863	0.7900000214576721	1	1
grouped5	fold_4	BT474	chr12	BFB	0.752994954586029	0.3600000143051147	1	0
grouped5	fold_4	BT474	chr12	chromothripsis	0.3956535160541534	0.6499999761581421	0	0
grouped5	fold_4	BT474	chr12	ecDNA	0.4400380551815033	0.2800000011920929	1	0
grouped5	fold_4	BT474	chr12	seismic_amplification	0.4193964004516601	0.7900000214576721	0	0
grouped5	fold_4	BT474	chr13	BFB	0.0905916318297386	0.3600000143051147	0	0
grouped5	fold_4	BT474	chr13	chromothripsis	0.0934790298342704	0.6499999761581421	0	0
grouped5	fold_4	BT474	chr13	ecDNA	0.0910559892654419	0.2800000011920929	0	0
grouped5	fold_4	BT474	chr13	seismic_amplification	0.0335481017827987	0.7900000214576721	0	0
grouped5	fold_4	BT474	chr14	BFB	0.5098602771759033	0.3600000143051147	1	0
grouped5	fold_4	BT474	chr14	chromothripsis	0.1654110848903656	0.6499999761581421	0	0
grouped5	fold_4	BT474	chr14	ecDNA	0.2680470049381256	0.2800000011920929	0	0
grouped5	fold_4	BT474	chr14	seismic_amplification	0.1957822889089584	0.7900000214576721	0	0
grouped5	fold_4	BT474	chr15	BFB	0.815467894077301	0.3600000143051147	1	1
grouped5	fold_4	BT474	chr15	chromothripsis	0.4258455634117126	0.6499999761581421	0	0
grouped5	fold_4	BT474	chr15	ecDNA	0.6677120923995972	0.2800000011920929	1	0
grouped5	fold_4	BT474	chr15	seismic_amplification	0.7473312020301819	0.7900000214576721	0	0
grouped5	fold_4	BT474	chr16	BFB	0.0581181086599826	0.3600000143051147	0	0
grouped5	fold_4	BT474	chr16	chromothripsis	0.112793929874897	0.6499999761581421	0	0
grouped5	fold_4	BT474	chr16	ecDNA	0.0636375248432159	0.2800000011920929	0	0
grouped5	fold_4	BT474	chr16	seismic_amplification	0.0171592738479375	0.7900000214576721	0	0
grouped5	fold_4	BT474	chr17	BFB	0.7031981348991394	0.3600000143051147	1	1
grouped5	fold_4	BT474	chr17	chromothripsis	0.5610716342926025	0.6499999761581421	0	0
grouped5	fold_4	BT474	chr17	ecDNA	0.5198799967765808	0.2800000011920929	1	0
grouped5	fold_4	BT474	chr17	seismic_amplification	0.7973573207855225	0.7900000214576721	1	0
grouped5	fold_4	BT474	chr18	BFB	0.0803119018673896	0.3600000143051147	0	0
grouped5	fold_4	BT474	chr18	chromothripsis	0.1083165034651756	0.6499999761581421	0	0
grouped5	fold_4	BT474	chr18	ecDNA	0.0875742956995964	0.2800000011920929	0	0
grouped5	fold_4	BT474	chr18	seismic_amplification	0.0538658648729324	0.7900000214576721	0	0
grouped5	fold_4	BT474	chr19	BFB	0.2646619081497192	0.3600000143051147	0	0
grouped5	fold_4	BT474	chr19	chromothripsis	0.2340862452983856	0.6499999761581421	0	0
grouped5	fold_4	BT474	chr19	ecDNA	0.1873069554567337	0.2800000011920929	0	0
grouped5	fold_4	BT474	chr19	seismic_amplification	0.2415339052677154	0.7900000214576721	0	0
grouped5	fold_4	BT474	chr2	BFB	0.086381696164608	0.3600000143051147	0	0
grouped5	fold_4	BT474	chr2	chromothripsis	0.076807327568531	0.6499999761581421	0	0
grouped5	fold_4	BT474	chr2	ecDNA	0.078614518046379	0.2800000011920929	0	0
grouped5	fold_4	BT474	chr2	seismic_amplification	0.0295983757823705	0.7900000214576721	0	0
grouped5	fold_4	BT474	chr20	BFB	0.6966169476509094	0.3600000143051147	1	1
grouped5	fold_4	BT474	chr20	chromothripsis	0.3950996398925781	0.6499999761581421	0	0
grouped5	fold_4	BT474	chr20	ecDNA	0.5964361429214478	0.2800000011920929	1	0
grouped5	fold_4	BT474	chr20	seismic_amplification	0.7984914779663086	0.7900000214576721	1	0
grouped5	fold_4	BT474	chr21	BFB	0.0423338897526264	0.3600000143051147	0	0
grouped5	fold_4	BT474	chr21	chromothripsis	0.1335135251283645	0.6499999761581421	0	0
grouped5	fold_4	BT474	chr21	ecDNA	0.0660485699772834	0.2800000011920929	0	0
grouped5	fold_4	BT474	chr21	seismic_amplification	0.0332483053207397	0.7900000214576721	0	0
grouped5	fold_4	BT474	chr22	BFB	0.1112827062606811	0.3600000143051147	0	0
grouped5	fold_4	BT474	chr22	chromothripsis	0.4020642936229706	0.6499999761581421	0	0
grouped5	fold_4	BT474	chr22	ecDNA	0.095925822854042	0.2800000011920929	0	0
grouped5	fold_4	BT474	chr22	seismic_amplification	0.0686762854456901	0.7900000214576721	0	0
grouped5	fold_4	BT474	chr3	BFB	0.1930690854787826	0.3600000143051147	0	0
grouped5	fold_4	BT474	chr3	chromothripsis	0.1346655637025833	0.6499999761581421	0	0
grouped5	fold_4	BT474	chr3	ecDNA	0.1346923410892486	0.2800000011920929	0	0
grouped5	fold_4	BT474	chr3	seismic_amplification	0.0450438223779201	0.7900000214576721	0	0
grouped5	fold_4	BT474	chr4	BFB	0.3486402630805969	0.3600000143051147	0	0
grouped5	fold_4	BT474	chr4	chromothripsis	0.3214128911495209	0.6499999761581421	0	0
grouped5	fold_4	BT474	chr4	ecDNA	0.253329336643219	0.2800000011920929	0	0
grouped5	fold_4	BT474	chr4	seismic_amplification	0.3940717577934265	0.7900000214576721	0	0
grouped5	fold_4	BT474	chr5	BFB	0.1570595502853393	0.3600000143051147	0	0
grouped5	fold_4	BT474	chr5	chromothripsis	0.1277638226747512	0.6499999761581421	0	0
grouped5	fold_4	BT474	chr5	ecDNA	0.0965457707643508	0.2800000011920929	0	0
grouped5	fold_4	BT474	chr5	seismic_amplification	0.0780622363090515	0.7900000214576721	0	0
grouped5	fold_4	BT474	chr6	BFB	0.1151912435889244	0.3600000143051147	0	0
grouped5	fold_4	BT474	chr6	chromothripsis	0.1118617057800293	0.6499999761581421	0	0
grouped5	fold_4	BT474	chr6	ecDNA	0.0941242426633834	0.2800000011920929	0	0
grouped5	fold_4	BT474	chr6	seismic_amplification	0.0777211263775825	0.7900000214576721	0	0
grouped5	fold_4	BT474	chr7	BFB	0.7507447600364685	0.3600000143051147	1	0
grouped5	fold_4	BT474	chr7	chromothripsis	0.4453831017017364	0.6499999761581421	0	0
grouped5	fold_4	BT474	chr7	ecDNA	0.5294187068939209	0.2800000011920929	1	0
grouped5	fold_4	BT474	chr7	seismic_amplification	0.5462262630462646	0.7900000214576721	0	0
grouped5	fold_4	BT474	chr8	BFB	0.4570196270942688	0.3600000143051147	1	0
grouped5	fold_4	BT474	chr8	chromothripsis	0.3396207392215729	0.6499999761581421	0	0
grouped5	fold_4	BT474	chr8	ecDNA	0.3478646874427795	0.2800000011920929	1	0
grouped5	fold_4	BT474	chr8	seismic_amplification	0.6213499903678894	0.7900000214576721	0	0
grouped5	fold_4	BT474	chr9	BFB	0.5265395641326904	0.3600000143051147	1	1
grouped5	fold_4	BT474	chr9	chromothripsis	0.1719357371330261	0.6499999761581421	0	0
grouped5	fold_4	BT474	chr9	ecDNA	0.3959481418132782	0.2800000011920929	1	0
grouped5	fold_4	BT474	chr9	seismic_amplification	0.3094207048416137	0.7900000214576721	0	0
grouped5	fold_4	BT474	chrX	BFB	0.1466062664985656	0.3600000143051147	0	0
grouped5	fold_4	BT474	chrX	chromothripsis	0.1946509629487991	0.6499999761581421	0	0
grouped5	fold_4	BT474	chrX	ecDNA	0.1504984050989151	0.2800000011920929	0	0
grouped5	fold_4	BT474	chrX	seismic_amplification	0.1041018515825271	0.7900000214576721	0	0
grouped5	fold_4	DOTC2	chr1	BFB	0.3095248341560364	0.3600000143051147	0	1
grouped5	fold_4	DOTC2	chr1	chromothripsis	0.7040736675262451	0.6499999761581421	1	0
grouped5	fold_4	DOTC2	chr1	ecDNA	0.2869099080562591	0.2800000011920929	1	0
grouped5	fold_4	DOTC2	chr1	seismic_amplification	0.4642619490623474	0.7900000214576721	0	0
grouped5	fold_4	DOTC2	chr10	BFB	0.1522360742092132	0.3600000143051147	0	0
grouped5	fold_4	DOTC2	chr10	chromothripsis	0.2790990173816681	0.6499999761581421	0	0
grouped5	fold_4	DOTC2	chr10	ecDNA	0.1094496250152587	0.2800000011920929	0	0
grouped5	fold_4	DOTC2	chr10	seismic_amplification	0.061556726694107	0.7900000214576721	0	0
grouped5	fold_4	DOTC2	chr11	BFB	0.1564667969942093	0.3600000143051147	0	0
grouped5	fold_4	DOTC2	chr11	chromothripsis	0.1940969973802566	0.6499999761581421	0	0
grouped5	fold_4	DOTC2	chr11	ecDNA	0.090857520699501	0.2800000011920929	0	0
grouped5	fold_4	DOTC2	chr11	seismic_amplification	0.0835815742611885	0.7900000214576721	0	0
grouped5	fold_4	DOTC2	chr12	BFB	0.0652507245540618	0.3600000143051147	0	0
grouped5	fold_4	DOTC2	chr12	chromothripsis	0.2261549681425094	0.6499999761581421	0	0
grouped5	fold_4	DOTC2	chr12	ecDNA	0.070206418633461	0.2800000011920929	0	0
grouped5	fold_4	DOTC2	chr12	seismic_amplification	0.0394021160900592	0.7900000214576721	0	0
grouped5	fold_4	DOTC2	chr13	BFB	0.0738639086484909	0.3600000143051147	0	0
grouped5	fold_4	DOTC2	chr13	chromothripsis	0.0646557062864303	0.6499999761581421	0	0
grouped5	fold_4	DOTC2	chr13	ecDNA	0.0933403447270393	0.2800000011920929	0	0
grouped5	fold_4	DOTC2	chr13	seismic_amplification	0.0304406303912401	0.7900000214576721	0	0
grouped5	fold_4	DOTC2	chr14	BFB	0.0811309292912483	0.3600000143051147	0	0
grouped5	fold_4	DOTC2	chr14	chromothripsis	0.0816005319356918	0.6499999761581421	0	0
grouped5	fold_4	DOTC2	chr14	ecDNA	0.0895397365093231	0.2800000011920929	0	0
grouped5	fold_4	DOTC2	chr14	seismic_amplification	0.0359161607921123	0.7900000214576721	0	0
grouped5	fold_4	DOTC2	chr15	BFB	0.1282166689634323	0.3600000143051147	0	0
grouped5	fold_4	DOTC2	chr15	chromothripsis	0.1991974860429763	0.6499999761581421	0	0
grouped5	fold_4	DOTC2	chr15	ecDNA	0.0731972903013229	0.2800000011920929	0	0
grouped5	fold_4	DOTC2	chr15	seismic_amplification	0.0668404251337051	0.7900000214576721	0	0
grouped5	fold_4	DOTC2	chr16	BFB	0.1379295140504837	0.3600000143051147	0	0
grouped5	fold_4	DOTC2	chr16	chromothripsis	0.2486045062541961	0.6499999761581421	0	0
grouped5	fold_4	DOTC2	chr16	ecDNA	0.0994431376457214	0.2800000011920929	0	0
grouped5	fold_4	DOTC2	chr16	seismic_amplification	0.0415215715765953	0.7900000214576721	0	0
grouped5	fold_4	DOTC2	chr17	BFB	0.0715753510594368	0.3600000143051147	0	0
grouped5	fold_4	DOTC2	chr17	chromothripsis	0.2014693468809127	0.6499999761581421	0	0
grouped5	fold_4	DOTC2	chr17	ecDNA	0.1092921048402786	0.2800000011920929	0	0
grouped5	fold_4	DOTC2	chr17	seismic_amplification	0.0644027218222618	0.7900000214576721	0	0
grouped5	fold_4	DOTC2	chr18	BFB	0.0749112591147422	0.3600000143051147	0	0
grouped5	fold_4	DOTC2	chr18	chromothripsis	0.0907191485166549	0.6499999761581421	0	0
grouped5	fold_4	DOTC2	chr18	ecDNA	0.0971580445766449	0.2800000011920929	0	0
grouped5	fold_4	DOTC2	chr18	seismic_amplification	0.0575573816895484	0.7900000214576721	0	0
grouped5	fold_4	DOTC2	chr19	BFB	0.0476822629570961	0.3600000143051147	0	0
grouped5	fold_4	DOTC2	chr19	chromothripsis	0.0817048773169517	0.6499999761581421	0	0
grouped5	fold_4	DOTC2	chr19	ecDNA	0.0749019309878349	0.2800000011920929	0	0
grouped5	fold_4	DOTC2	chr19	seismic_amplification	0.0273117646574974	0.7900000214576721	0	0
grouped5	fold_4	DOTC2	chr2	BFB	0.0631859824061393	0.3600000143051147	0	0
grouped5	fold_4	DOTC2	chr2	chromothripsis	0.2310492247343063	0.6499999761581421	0	0
grouped5	fold_4	DOTC2	chr2	ecDNA	0.0886339023709297	0.2800000011920929	0	0
grouped5	fold_4	DOTC2	chr2	seismic_amplification	0.0375618301331996	0.7900000214576721	0	0
grouped5	fold_4	DOTC2	chr20	BFB	0.0484631955623626	0.3600000143051147	0	0
grouped5	fold_4	DOTC2	chr20	chromothripsis	0.1231976374983787	0.6499999761581421	0	0
grouped5	fold_4	DOTC2	chr20	ecDNA	0.0972379744052887	0.2800000011920929	0	0
grouped5	fold_4	DOTC2	chr20	seismic_amplification	0.0479979142546653	0.7900000214576721	0	0
grouped5	fold_4	DOTC2	chr21	BFB	0.0463003031909465	0.3600000143051147	0	0
grouped5	fold_4	DOTC2	chr21	chromothripsis	0.0537145920097827	0.6499999761581421	0	0
grouped5	fold_4	DOTC2	chr21	ecDNA	0.0938181728124618	0.2800000011920929	0	0
grouped5	fold_4	DOTC2	chr21	seismic_amplification	0.0329301282763481	0.7900000214576721	0	0
grouped5	fold_4	DOTC2	chr22	BFB	0.0470050051808357	0.3600000143051147	0	0
grouped5	fold_4	DOTC2	chr22	chromothripsis	0.0637049973011016	0.6499999761581421	0	0
grouped5	fold_4	DOTC2	chr22	ecDNA	0.075664572417736	0.2800000011920929	0	0
grouped5	fold_4	DOTC2	chr22	seismic_amplification	0.0207243505865335	0.7900000214576721	0	0
grouped5	fold_4	DOTC2	chr3	BFB	0.0558018423616886	0.3600000143051147	0	0
grouped5	fold_4	DOTC2	chr3	chromothripsis	0.0881251543760299	0.6499999761581421	0	0
grouped5	fold_4	DOTC2	chr3	ecDNA	0.0748680382966995	0.2800000011920929	0	0
grouped5	fold_4	DOTC2	chr3	seismic_amplification	0.0327917598187923	0.7900000214576721	0	0
grouped5	fold_4	DOTC2	chr4	BFB	0.1243186220526695	0.3600000143051147	0	0
grouped5	fold_4	DOTC2	chr4	chromothripsis	0.1350789815187454	0.6499999761581421	0	0
grouped5	fold_4	DOTC2	chr4	ecDNA	0.127642348408699	0.2800000011920929	0	0
grouped5	fold_4	DOTC2	chr4	seismic_amplification	0.0517709404230117	0.7900000214576721	0	0
grouped5	fold_4	DOTC2	chr5	BFB	0.1460894048213958	0.3600000143051147	0	0
grouped5	fold_4	DOTC2	chr5	chromothripsis	0.3086578845977783	0.6499999761581421	0	0
grouped5	fold_4	DOTC2	chr5	ecDNA	0.0809631049633026	0.2800000011920929	0	0
grouped5	fold_4	DOTC2	chr5	seismic_amplification	0.0593945048749446	0.7900000214576721	0	0
grouped5	fold_4	DOTC2	chr6	BFB	0.1162548810243606	0.3600000143051147	0	0
grouped5	fold_4	DOTC2	chr6	chromothripsis	0.171113058924675	0.6499999761581421	0	0
grouped5	fold_4	DOTC2	chr6	ecDNA	0.1143753826618194	0.2800000011920929	0	0
grouped5	fold_4	DOTC2	chr6	seismic_amplification	0.0455939322710037	0.7900000214576721	0	0
grouped5	fold_4	DOTC2	chr7	BFB	0.088767260313034	0.3600000143051147	0	0
grouped5	fold_4	DOTC2	chr7	chromothripsis	0.2687467336654663	0.6499999761581421	0	0
grouped5	fold_4	DOTC2	chr7	ecDNA	0.0819411128759384	0.2800000011920929	0	0
grouped5	fold_4	DOTC2	chr7	seismic_amplification	0.0377833805978298	0.7900000214576721	0	0
grouped5	fold_4	DOTC2	chr8	BFB	0.1165846362709999	0.3600000143051147	0	0
grouped5	fold_4	DOTC2	chr8	chromothripsis	0.0631383657455444	0.6499999761581421	0	0
grouped5	fold_4	DOTC2	chr8	ecDNA	0.1079563349485397	0.2800000011920929	0	0
grouped5	fold_4	DOTC2	chr8	seismic_amplification	0.0314647182822227	0.7900000214576721	0	0
grouped5	fold_4	DOTC2	chr9	BFB	0.0623183697462081	0.3600000143051147	0	0
grouped5	fold_4	DOTC2	chr9	chromothripsis	0.0817587301135063	0.6499999761581421	0	0
grouped5	fold_4	DOTC2	chr9	ecDNA	0.1020292788743972	0.2800000011920929	0	0
grouped5	fold_4	DOTC2	chr9	seismic_amplification	0.0347206853330135	0.7900000214576721	0	0
grouped5	fold_4	DOTC2	chrX	BFB	0.0782397612929344	0.3600000143051147	0	0
grouped5	fold_4	DOTC2	chrX	chromothripsis	0.4357751011848449	0.6499999761581421	0	0
grouped5	fold_4	DOTC2	chrX	ecDNA	0.0949428454041481	0.2800000011920929	0	0
grouped5	fold_4	DOTC2	chrX	seismic_amplification	0.0540304407477378	0.7900000214576721	0	0
grouped5	fold_4	H2009	chr1	BFB	0.2374797165393829	0.3600000143051147	0	0
grouped5	fold_4	H2009	chr1	chromothripsis	0.4483447968959808	0.6499999761581421	0	1
grouped5	fold_4	H2009	chr1	ecDNA	0.1737941205501556	0.2800000011920929	0	0
grouped5	fold_4	H2009	chr1	seismic_amplification	0.4312600493431091	0.7900000214576721	0	0
grouped5	fold_4	H2009	chr10	BFB	0.1551160961389541	0.3600000143051147	0	0
grouped5	fold_4	H2009	chr10	chromothripsis	0.1654485464096069	0.6499999761581421	0	0
grouped5	fold_4	H2009	chr10	ecDNA	0.1099040508270263	0.2800000011920929	0	0
grouped5	fold_4	H2009	chr10	seismic_amplification	0.1175456643104553	0.7900000214576721	0	0
grouped5	fold_4	H2009	chr11	BFB	0.1045437082648277	0.3600000143051147	0	0
grouped5	fold_4	H2009	chr11	chromothripsis	0.2983742654323578	0.6499999761581421	0	0
grouped5	fold_4	H2009	chr11	ecDNA	0.0905817821621894	0.2800000011920929	0	0
grouped5	fold_4	H2009	chr11	seismic_amplification	0.1023666933178901	0.7900000214576721	0	0
grouped5	fold_4	H2009	chr12	BFB	0.1702194213867187	0.3600000143051147	0	0
grouped5	fold_4	H2009	chr12	chromothripsis	0.1964731216430664	0.6499999761581421	0	0
grouped5	fold_4	H2009	chr12	ecDNA	0.1099096089601516	0.2800000011920929	0	0
grouped5	fold_4	H2009	chr12	seismic_amplification	0.1253502815961837	0.7900000214576721	0	0
grouped5	fold_4	H2009	chr13	BFB	0.2570490539073944	0.3600000143051147	0	0
grouped5	fold_4	H2009	chr13	chromothripsis	0.5409551858901978	0.6499999761581421	0	0
grouped5	fold_4	H2009	chr13	ecDNA	0.1570525914430618	0.2800000011920929	0	0
grouped5	fold_4	H2009	chr13	seismic_amplification	0.2369605451822281	0.7900000214576721	0	0
grouped5	fold_4	H2009	chr14	BFB	0.1800137311220169	0.3600000143051147	0	0
grouped5	fold_4	H2009	chr14	chromothripsis	0.2120270580053329	0.6499999761581421	0	0
grouped5	fold_4	H2009	chr14	ecDNA	0.1075027510523796	0.2800000011920929	0	0
grouped5	fold_4	H2009	chr14	seismic_amplification	0.1232835575938224	0.7900000214576721	0	0
grouped5	fold_4	H2009	chr15	BFB	0.1202204823493957	0.3600000143051147	0	0
grouped5	fold_4	H2009	chr15	chromothripsis	0.194575086236	0.6499999761581421	0	0
grouped5	fold_4	H2009	chr15	ecDNA	0.096701294183731	0.2800000011920929	0	0
grouped5	fold_4	H2009	chr15	seismic_amplification	0.1577332615852356	0.7900000214576721	0	0
grouped5	fold_4	H2009	chr16	BFB	0.1610336452722549	0.3600000143051147	0	0
grouped5	fold_4	H2009	chr16	chromothripsis	0.2349109500646591	0.6499999761581421	0	0
grouped5	fold_4	H2009	chr16	ecDNA	0.1128252297639846	0.2800000011920929	0	0
grouped5	fold_4	H2009	chr16	seismic_amplification	0.1325031965970993	0.7900000214576721	0	0
grouped5	fold_4	H2009	chr17	BFB	0.1685976386070251	0.3600000143051147	0	0
grouped5	fold_4	H2009	chr17	chromothripsis	0.3286797702312469	0.6499999761581421	0	0
grouped5	fold_4	H2009	chr17	ecDNA	0.1229065209627151	0.2800000011920929	0	0
grouped5	fold_4	H2009	chr17	seismic_amplification	0.1459336280822754	0.7900000214576721	0	0
grouped5	fold_4	H2009	chr18	BFB	0.1578524112701416	0.3600000143051147	0	0
grouped5	fold_4	H2009	chr18	chromothripsis	0.3878802955150604	0.6499999761581421	0	0
grouped5	fold_4	H2009	chr18	ecDNA	0.1099266856908798	0.2800000011920929	0	0
grouped5	fold_4	H2009	chr18	seismic_amplification	0.1604194790124893	0.7900000214576721	0	0
grouped5	fold_4	H2009	chr19	BFB	0.199001058936119	0.3600000143051147	0	0
grouped5	fold_4	H2009	chr19	chromothripsis	0.2832185924053192	0.6499999761581421	0	0
grouped5	fold_4	H2009	chr19	ecDNA	0.1145081892609596	0.2800000011920929	0	0
grouped5	fold_4	H2009	chr19	seismic_amplification	0.1663506478071212	0.7900000214576721	0	0
grouped5	fold_4	H2009	chr2	BFB	0.1627202332019806	0.3600000143051147	0	0
grouped5	fold_4	H2009	chr2	chromothripsis	0.4318001270294189	0.6499999761581421	0	0
grouped5	fold_4	H2009	chr2	ecDNA	0.1156893670558929	0.2800000011920929	0	0
grouped5	fold_4	H2009	chr2	seismic_amplification	0.147606611251831	0.7900000214576721	0	0
grouped5	fold_4	H2009	chr20	BFB	0.17458476126194	0.3600000143051147	0	0
grouped5	fold_4	H2009	chr20	chromothripsis	0.1816038638353347	0.6499999761581421	0	0
grouped5	fold_4	H2009	chr20	ecDNA	0.1141727492213249	0.2800000011920929	0	0
grouped5	fold_4	H2009	chr20	seismic_amplification	0.1603094637393951	0.7900000214576721	0	0
grouped5	fold_4	H2009	chr21	BFB	0.1210424080491066	0.3600000143051147	0	0
grouped5	fold_4	H2009	chr21	chromothripsis	0.1924027949571609	0.6499999761581421	0	0
grouped5	fold_4	H2009	chr21	ecDNA	0.0980664193630218	0.2800000011920929	0	0
grouped5	fold_4	H2009	chr21	seismic_amplification	0.128416433930397	0.7900000214576721	0	0
grouped5	fold_4	H2009	chr22	BFB	0.1301983892917633	0.3600000143051147	0	0
grouped5	fold_4	H2009	chr22	chromothripsis	0.2049110233783722	0.6499999761581421	0	0
grouped5	fold_4	H2009	chr22	ecDNA	0.0934853330254554	0.2800000011920929	0	0
grouped5	fold_4	H2009	chr22	seismic_amplification	0.12012979388237	0.7900000214576721	0	0
grouped5	fold_4	H2009	chr3	BFB	0.1783391684293747	0.3600000143051147	0	0
grouped5	fold_4	H2009	chr3	chromothripsis	0.461112231016159	0.6499999761581421	0	1
grouped5	fold_4	H2009	chr3	ecDNA	0.1150607913732528	0.2800000011920929	0	0
grouped5	fold_4	H2009	chr3	seismic_amplification	0.1496066600084304	0.7900000214576721	0	0
grouped5	fold_4	H2009	chr4	BFB	0.1577691435813903	0.3600000143051147	0	0
grouped5	fold_4	H2009	chr4	chromothripsis	0.3074504733085632	0.6499999761581421	0	0
grouped5	fold_4	H2009	chr4	ecDNA	0.1222900450229644	0.2800000011920929	0	0
grouped5	fold_4	H2009	chr4	seismic_amplification	0.1615696847438812	0.7900000214576721	0	0
grouped5	fold_4	H2009	chr5	BFB	0.2400409877300262	0.3600000143051147	0	0
grouped5	fold_4	H2009	chr5	chromothripsis	0.2464854568243026	0.6499999761581421	0	0
grouped5	fold_4	H2009	chr5	ecDNA	0.1602616310119629	0.2800000011920929	0	0
grouped5	fold_4	H2009	chr5	seismic_amplification	0.2045175731182098	0.7900000214576721	0	0
grouped5	fold_4	H2009	chr6	BFB	0.1984861195087433	0.3600000143051147	0	0
grouped5	fold_4	H2009	chr6	chromothripsis	0.2401010394096374	0.6499999761581421	0	0
grouped5	fold_4	H2009	chr6	ecDNA	0.1042903661727905	0.2800000011920929	0	0
grouped5	fold_4	H2009	chr6	seismic_amplification	0.1159561350941658	0.7900000214576721	0	0
grouped5	fold_4	H2009	chr7	BFB	0.1397683769464492	0.3600000143051147	0	0
grouped5	fold_4	H2009	chr7	chromothripsis	0.212673008441925	0.6499999761581421	0	0
grouped5	fold_4	H2009	chr7	ecDNA	0.1041415408253669	0.2800000011920929	0	0
grouped5	fold_4	H2009	chr7	seismic_amplification	0.1154039353132247	0.7900000214576721	0	0
grouped5	fold_4	H2009	chr8	BFB	0.1869060844182968	0.3600000143051147	0	0
grouped5	fold_4	H2009	chr8	chromothripsis	0.3440640568733215	0.6499999761581421	0	0
grouped5	fold_4	H2009	chr8	ecDNA	0.1188877075910568	0.2800000011920929	0	0
grouped5	fold_4	H2009	chr8	seismic_amplification	0.1448867172002792	0.7900000214576721	0	0
grouped5	fold_4	H2009	chr9	BFB	0.1592448949813842	0.3600000143051147	0	0
grouped5	fold_4	H2009	chr9	chromothripsis	0.3069223463535309	0.6499999761581421	0	0
grouped5	fold_4	H2009	chr9	ecDNA	0.0982217565178871	0.2800000011920929	0	0
grouped5	fold_4	H2009	chr9	seismic_amplification	0.1070356592535972	0.7900000214576721	0	0
grouped5	fold_4	OMC1	chr1	BFB	0.1323074549436569	0.3600000143051147	0	0
grouped5	fold_4	OMC1	chr1	chromothripsis	0.161534696817398	0.6499999761581421	0	0
grouped5	fold_4	OMC1	chr1	ecDNA	0.0740391686558723	0.2800000011920929	0	0
grouped5	fold_4	OMC1	chr1	seismic_amplification	0.0898322165012359	0.7900000214576721	0	0
grouped5	fold_4	OMC1	chr10	BFB	0.0668883249163627	0.3600000143051147	0	0
grouped5	fold_4	OMC1	chr10	chromothripsis	0.0908770933747291	0.6499999761581421	0	0
grouped5	fold_4	OMC1	chr10	ecDNA	0.0806069374084472	0.2800000011920929	0	0
grouped5	fold_4	OMC1	chr10	seismic_amplification	0.0582092069089412	0.7900000214576721	0	0
grouped5	fold_4	OMC1	chr11	BFB	0.1620448380708694	0.3600000143051147	0	0
grouped5	fold_4	OMC1	chr11	chromothripsis	0.2954657077789306	0.6499999761581421	0	0
grouped5	fold_4	OMC1	chr11	ecDNA	0.0806311294436454	0.2800000011920929	0	0
grouped5	fold_4	OMC1	chr11	seismic_amplification	0.0722394883632659	0.7900000214576721	0	0
grouped5	fold_4	OMC1	chr12	BFB	0.1063945963978767	0.3600000143051147	0	0
grouped5	fold_4	OMC1	chr12	chromothripsis	0.1243896037340164	0.6499999761581421	0	0
grouped5	fold_4	OMC1	chr12	ecDNA	0.0933096185326576	0.2800000011920929	0	0
grouped5	fold_4	OMC1	chr12	seismic_amplification	0.0678775981068611	0.7900000214576721	0	0
grouped5	fold_4	OMC1	chr13	BFB	0.1007544547319412	0.3600000143051147	0	0
grouped5	fold_4	OMC1	chr13	chromothripsis	0.0842135325074195	0.6499999761581421	0	0
grouped5	fold_4	OMC1	chr13	ecDNA	0.0957546085119247	0.2800000011920929	0	0
grouped5	fold_4	OMC1	chr13	seismic_amplification	0.0647784024477005	0.7900000214576721	0	0
grouped5	fold_4	OMC1	chr14	BFB	0.0502806417644023	0.3600000143051147	0	0
grouped5	fold_4	OMC1	chr14	chromothripsis	0.102005735039711	0.6499999761581421	0	0
grouped5	fold_4	OMC1	chr14	ecDNA	0.0733619779348373	0.2800000011920929	0	0
grouped5	fold_4	OMC1	chr14	seismic_amplification	0.0183561034500598	0.7900000214576721	0	0
grouped5	fold_4	OMC1	chr15	BFB	0.1666570752859115	0.3600000143051147	0	0
grouped5	fold_4	OMC1	chr15	chromothripsis	0.1686904579401016	0.6499999761581421	0	0
grouped5	fold_4	OMC1	chr15	ecDNA	0.117297887802124	0.2800000011920929	0	0
grouped5	fold_4	OMC1	chr15	seismic_amplification	0.1011137142777443	0.7900000214576721	0	0
grouped5	fold_4	OMC1	chr16	BFB	0.0771571025252342	0.3600000143051147	0	0
grouped5	fold_4	OMC1	chr16	chromothripsis	0.0767641067504882	0.6499999761581421	0	0
grouped5	fold_4	OMC1	chr16	ecDNA	0.079347014427185	0.2800000011920929	0	0
grouped5	fold_4	OMC1	chr16	seismic_amplification	0.0574633926153183	0.7900000214576721	0	0
grouped5	fold_4	OMC1	chr17	BFB	0.1306542158126831	0.3600000143051147	0	0
grouped5	fold_4	OMC1	chr17	chromothripsis	0.1267632842063903	0.6499999761581421	0	0
grouped5	fold_4	OMC1	chr17	ecDNA	0.0859260484576225	0.2800000011920929	0	0
grouped5	fold_4	OMC1	chr17	seismic_amplification	0.0963111743330955	0.7900000214576721	0	0
grouped5	fold_4	OMC1	chr18	BFB	0.0671711787581443	0.3600000143051147	0	0
grouped5	fold_4	OMC1	chr18	chromothripsis	0.0817156434059143	0.6499999761581421	0	0
grouped5	fold_4	OMC1	chr18	ecDNA	0.0672533512115478	0.2800000011920929	0	0
grouped5	fold_4	OMC1	chr18	seismic_amplification	0.0451952591538429	0.7900000214576721	0	0
grouped5	fold_4	OMC1	chr19	BFB	0.1285841912031173	0.3600000143051147	0	0
grouped5	fold_4	OMC1	chr19	chromothripsis	0.2225152552127838	0.6499999761581421	0	1
grouped5	fold_4	OMC1	chr19	ecDNA	0.0948331654071807	0.2800000011920929	0	0
grouped5	fold_4	OMC1	chr19	seismic_amplification	0.0602396950125694	0.7900000214576721	0	0
grouped5	fold_4	OMC1	chr2	BFB	0.1052463874220848	0.3600000143051147	0	0
grouped5	fold_4	OMC1	chr2	chromothripsis	0.2094133496284485	0.6499999761581421	0	0
grouped5	fold_4	OMC1	chr2	ecDNA	0.0866452753543853	0.2800000011920929	0	0
grouped5	fold_4	OMC1	chr2	seismic_amplification	0.0528157502412796	0.7900000214576721	0	0
grouped5	fold_4	OMC1	chr20	BFB	0.1812884509563446	0.3600000143051147	0	0
grouped5	fold_4	OMC1	chr20	chromothripsis	0.1363246589899063	0.6499999761581421	0	0
grouped5	fold_4	OMC1	chr20	ecDNA	0.092908926308155	0.2800000011920929	0	0
grouped5	fold_4	OMC1	chr20	seismic_amplification	0.0653681457042694	0.7900000214576721	0	0
grouped5	fold_4	OMC1	chr21	BFB	0.1255428194999694	0.3600000143051147	0	0
grouped5	fold_4	OMC1	chr21	chromothripsis	0.0870492383837699	0.6499999761581421	0	0
grouped5	fold_4	OMC1	chr21	ecDNA	0.1198123097419738	0.2800000011920929	0	0
grouped5	fold_4	OMC1	chr21	seismic_amplification	0.0861220732331276	0.7900000214576721	0	0
grouped5	fold_4	OMC1	chr22	BFB	0.2059225142002105	0.3600000143051147	0	0
grouped5	fold_4	OMC1	chr22	chromothripsis	0.1089636087417602	0.6499999761581421	0	0
grouped5	fold_4	OMC1	chr22	ecDNA	0.1026092693209648	0.2800000011920929	0	0
grouped5	fold_4	OMC1	chr22	seismic_amplification	0.0947562679648399	0.7900000214576721	0	0
grouped5	fold_4	OMC1	chr3	BFB	0.2335509359836578	0.3600000143051147	0	0
grouped5	fold_4	OMC1	chr3	chromothripsis	0.1969367861747741	0.6499999761581421	0	0
grouped5	fold_4	OMC1	chr3	ecDNA	0.1511756926774978	0.2800000011920929	0	0
grouped5	fold_4	OMC1	chr3	seismic_amplification	0.0922441035509109	0.7900000214576721	0	0
grouped5	fold_4	OMC1	chr4	BFB	0.094778373837471	0.3600000143051147	0	0
grouped5	fold_4	OMC1	chr4	chromothripsis	0.1542218774557113	0.6499999761581421	0	0
grouped5	fold_4	OMC1	chr4	ecDNA	0.0791420266032219	0.2800000011920929	0	0
grouped5	fold_4	OMC1	chr4	seismic_amplification	0.0467858873307704	0.7900000214576721	0	0
grouped5	fold_4	OMC1	chr5	BFB	0.1038883700966835	0.3600000143051147	0	0
grouped5	fold_4	OMC1	chr5	chromothripsis	0.1122213155031204	0.6499999761581421	0	0
grouped5	fold_4	OMC1	chr5	ecDNA	0.1104105338454246	0.2800000011920929	0	0
grouped5	fold_4	OMC1	chr5	seismic_amplification	0.0755991861224174	0.7900000214576721	0	0
grouped5	fold_4	OMC1	chr6	BFB	0.1052223816514015	0.3600000143051147	0	0
grouped5	fold_4	OMC1	chr6	chromothripsis	0.0971784591674804	0.6499999761581421	0	0
grouped5	fold_4	OMC1	chr6	ecDNA	0.1024532541632652	0.2800000011920929	0	0
grouped5	fold_4	OMC1	chr6	seismic_amplification	0.0785228833556175	0.7900000214576721	0	0
grouped5	fold_4	OMC1	chr7	BFB	0.1224387660622596	0.3600000143051147	0	0
grouped5	fold_4	OMC1	chr7	chromothripsis	0.1637123078107834	0.6499999761581421	0	0
grouped5	fold_4	OMC1	chr7	ecDNA	0.0855350494384765	0.2800000011920929	0	0
grouped5	fold_4	OMC1	chr7	seismic_amplification	0.059162899851799	0.7900000214576721	0	0
grouped5	fold_4	OMC1	chr8	BFB	0.1415639519691467	0.3600000143051147	0	0
grouped5	fold_4	OMC1	chr8	chromothripsis	0.089028850197792	0.6499999761581421	0	0
grouped5	fold_4	OMC1	chr8	ecDNA	0.0987986698746681	0.2800000011920929	0	0
grouped5	fold_4	OMC1	chr8	seismic_amplification	0.0864729583263397	0.7900000214576721	0	0
grouped5	fold_4	OMC1	chr9	BFB	0.1015365645289421	0.3600000143051147	0	0
grouped5	fold_4	OMC1	chr9	chromothripsis	0.0938100069761276	0.6499999761581421	0	0
grouped5	fold_4	OMC1	chr9	ecDNA	0.0998068079352378	0.2800000011920929	0	0
grouped5	fold_4	OMC1	chr9	seismic_amplification	0.0660950317978859	0.7900000214576721	0	0
grouped5	fold_4	OMC1	chrX	BFB	0.0720440372824668	0.3600000143051147	0	0
grouped5	fold_4	OMC1	chrX	chromothripsis	0.1089313924312591	0.6499999761581421	0	0
grouped5	fold_4	OMC1	chrX	ecDNA	0.0769110694527626	0.2800000011920929	0	0
grouped5	fold_4	OMC1	chrX	seismic_amplification	0.0525184795260429	0.7900000214576721	0	0
grouped5	fold_4	SIHA	chr1	BFB	0.1969919502735138	0.3600000143051147	0	0
grouped5	fold_4	SIHA	chr1	chromothripsis	0.2362045496702194	0.6499999761581421	0	0
grouped5	fold_4	SIHA	chr1	ecDNA	0.1520142704248428	0.2800000011920929	0	0
grouped5	fold_4	SIHA	chr1	seismic_amplification	0.139361560344696	0.7900000214576721	0	0
grouped5	fold_4	SIHA	chr10	BFB	0.0882727727293968	0.3600000143051147	0	0
grouped5	fold_4	SIHA	chr10	chromothripsis	0.12098278850317	0.6499999761581421	0	0
grouped5	fold_4	SIHA	chr10	ecDNA	0.0881863310933113	0.2800000011920929	0	0
grouped5	fold_4	SIHA	chr10	seismic_amplification	0.1111439913511276	0.7900000214576721	0	0
grouped5	fold_4	SIHA	chr11	BFB	0.2176147848367691	0.3600000143051147	0	0
grouped5	fold_4	SIHA	chr11	chromothripsis	0.2139217555522918	0.6499999761581421	0	0
grouped5	fold_4	SIHA	chr11	ecDNA	0.1156320944428443	0.2800000011920929	0	0
grouped5	fold_4	SIHA	chr11	seismic_amplification	0.1509640663862228	0.7900000214576721	0	0
grouped5	fold_4	SIHA	chr12	BFB	0.0866412594914436	0.3600000143051147	0	0
grouped5	fold_4	SIHA	chr12	chromothripsis	0.2102349996566772	0.6499999761581421	0	0
grouped5	fold_4	SIHA	chr12	ecDNA	0.0875703170895576	0.2800000011920929	0	0
grouped5	fold_4	SIHA	chr12	seismic_amplification	0.0398496836423873	0.7900000214576721	0	0
grouped5	fold_4	SIHA	chr13	BFB	0.1210217773914337	0.3600000143051147	0	0
grouped5	fold_4	SIHA	chr13	chromothripsis	0.0831603854894638	0.6499999761581421	0	0
grouped5	fold_4	SIHA	chr13	ecDNA	0.1227419376373291	0.2800000011920929	0	0
grouped5	fold_4	SIHA	chr13	seismic_amplification	0.0420122630894184	0.7900000214576721	0	0
grouped5	fold_4	SIHA	chr14	BFB	0.0980424880981445	0.3600000143051147	0	0
grouped5	fold_4	SIHA	chr14	chromothripsis	0.0808930397033691	0.6499999761581421	0	0
grouped5	fold_4	SIHA	chr14	ecDNA	0.0755751654505729	0.2800000011920929	0	0
grouped5	fold_4	SIHA	chr14	seismic_amplification	0.0241650808602571	0.7900000214576721	0	0
grouped5	fold_4	SIHA	chr15	BFB	0.087505929172039	0.3600000143051147	0	0
grouped5	fold_4	SIHA	chr15	chromothripsis	0.2925189435482025	0.6499999761581421	0	1
grouped5	fold_4	SIHA	chr15	ecDNA	0.1261104047298431	0.2800000011920929	0	0
grouped5	fold_4	SIHA	chr15	seismic_amplification	0.0650160908699035	0.7900000214576721	0	0
grouped5	fold_4	SIHA	chr16	BFB	0.4778169989585876	0.3600000143051147	1	0
grouped5	fold_4	SIHA	chr16	chromothripsis	0.6804104447364807	0.6499999761581421	1	0
grouped5	fold_4	SIHA	chr16	ecDNA	0.370738536119461	0.2800000011920929	1	0
grouped5	fold_4	SIHA	chr16	seismic_amplification	0.8258910775184631	0.7900000214576721	1	1
grouped5	fold_4	SIHA	chr17	BFB	0.0971735715866088	0.3600000143051147	0	0
grouped5	fold_4	SIHA	chr17	chromothripsis	0.0681042969226837	0.6499999761581421	0	0
grouped5	fold_4	SIHA	chr17	ecDNA	0.0923559665679931	0.2800000011920929	0	0
grouped5	fold_4	SIHA	chr17	seismic_amplification	0.0317386947572231	0.7900000214576721	0	0
grouped5	fold_4	SIHA	chr18	BFB	0.2004438191652298	0.3600000143051147	0	0
grouped5	fold_4	SIHA	chr18	chromothripsis	0.14966382086277	0.6499999761581421	0	0
grouped5	fold_4	SIHA	chr18	ecDNA	0.093190312385559	0.2800000011920929	0	0
grouped5	fold_4	SIHA	chr18	seismic_amplification	0.1022780835628509	0.7900000214576721	0	0
grouped5	fold_4	SIHA	chr19	BFB	0.5478469729423523	0.3600000143051147	1	0
grouped5	fold_4	SIHA	chr19	chromothripsis	0.1883722841739654	0.6499999761581421	0	0
grouped5	fold_4	SIHA	chr19	ecDNA	0.223387524485588	0.2800000011920929	0	0
grouped5	fold_4	SIHA	chr19	seismic_amplification	0.1479230374097824	0.7900000214576721	0	0
grouped5	fold_4	SIHA	chr2	BFB	0.1556727439165115	0.3600000143051147	0	0
grouped5	fold_4	SIHA	chr2	chromothripsis	0.117661714553833	0.6499999761581421	0	0
grouped5	fold_4	SIHA	chr2	ecDNA	0.0904092565178871	0.2800000011920929	0	0
grouped5	fold_4	SIHA	chr2	seismic_amplification	0.0390734560787677	0.7900000214576721	0	0
grouped5	fold_4	SIHA	chr20	BFB	0.8754065036773682	0.3600000143051147	1	1
grouped5	fold_4	SIHA	chr20	chromothripsis	0.2319147288799286	0.6499999761581421	0	0
grouped5	fold_4	SIHA	chr20	ecDNA	0.4897416830062866	0.2800000011920929	1	0
grouped5	fold_4	SIHA	chr20	seismic_amplification	0.3551132678985595	0.7900000214576721	0	0
grouped5	fold_4	SIHA	chr21	BFB	0.0790551975369453	0.3600000143051147	0	0
grouped5	fold_4	SIHA	chr21	chromothripsis	0.0784285217523574	0.6499999761581421	0	0
grouped5	fold_4	SIHA	chr21	ecDNA	0.0848978385329246	0.2800000011920929	0	0
grouped5	fold_4	SIHA	chr21	seismic_amplification	0.030120626091957	0.7900000214576721	0	0
grouped5	fold_4	SIHA	chr22	BFB	0.2108833044767379	0.3600000143051147	0	0
grouped5	fold_4	SIHA	chr22	chromothripsis	0.1486235558986663	0.6499999761581421	0	0
grouped5	fold_4	SIHA	chr22	ecDNA	0.1530185043811798	0.2800000011920929	0	0
grouped5	fold_4	SIHA	chr22	seismic_amplification	0.1101742908358573	0.7900000214576721	0	0
grouped5	fold_4	SIHA	chr3	BFB	0.1662715077400207	0.3600000143051147	0	0
grouped5	fold_4	SIHA	chr3	chromothripsis	0.2815087139606476	0.6499999761581421	0	0
grouped5	fold_4	SIHA	chr3	ecDNA	0.1182768121361732	0.2800000011920929	0	0
grouped5	fold_4	SIHA	chr3	seismic_amplification	0.0820833593606948	0.7900000214576721	0	0
grouped5	fold_4	SIHA	chr4	BFB	0.0632556900382042	0.3600000143051147	0	0
grouped5	fold_4	SIHA	chr4	chromothripsis	0.060688454657793	0.6499999761581421	0	0
grouped5	fold_4	SIHA	chr4	ecDNA	0.0809986814856529	0.2800000011920929	0	0
grouped5	fold_4	SIHA	chr4	seismic_amplification	0.0255684219300746	0.7900000214576721	0	0
grouped5	fold_4	SIHA	chr5	BFB	0.2332857400178909	0.3600000143051147	0	0
grouped5	fold_4	SIHA	chr5	chromothripsis	0.2374084740877151	0.6499999761581421	0	1
grouped5	fold_4	SIHA	chr5	ecDNA	0.1233497485518455	0.2800000011920929	0	0
grouped5	fold_4	SIHA	chr5	seismic_amplification	0.1186792179942131	0.7900000214576721	0	0
grouped5	fold_4	SIHA	chr6	BFB	0.0681151524186134	0.3600000143051147	0	0
grouped5	fold_4	SIHA	chr6	chromothripsis	0.0686213299632072	0.6499999761581421	0	0
grouped5	fold_4	SIHA	chr6	ecDNA	0.0803643986582756	0.2800000011920929	0	0
grouped5	fold_4	SIHA	chr6	seismic_amplification	0.0235376339405775	0.7900000214576721	0	0
grouped5	fold_4	SIHA	chr7	BFB	0.2453642189502716	0.3600000143051147	0	0
grouped5	fold_4	SIHA	chr7	chromothripsis	0.6242314577102661	0.6499999761581421	0	0
grouped5	fold_4	SIHA	chr7	ecDNA	0.1482146978378296	0.2800000011920929	0	0
grouped5	fold_4	SIHA	chr7	seismic_amplification	0.1650955975055694	0.7900000214576721	0	0
grouped5	fold_4	SIHA	chr8	BFB	0.3060807585716247	0.3600000143051147	0	0
grouped5	fold_4	SIHA	chr8	chromothripsis	0.0929517522454261	0.6499999761581421	0	0
grouped5	fold_4	SIHA	chr8	ecDNA	0.1718380600214004	0.2800000011920929	0	0
grouped5	fold_4	SIHA	chr8	seismic_amplification	0.0880593806505203	0.7900000214576721	0	0
grouped5	fold_4	SIHA	chr9	BFB	0.0935707166790962	0.3600000143051147	0	0
grouped5	fold_4	SIHA	chr9	chromothripsis	0.0778564289212226	0.6499999761581421	0	0
grouped5	fold_4	SIHA	chr9	ecDNA	0.0766807273030281	0.2800000011920929	0	0
grouped5	fold_4	SIHA	chr9	seismic_amplification	0.0208098329603672	0.7900000214576721	0	0
grouped5	fold_4	SIHA	chrX	BFB	0.5368347764015198	0.3600000143051147	1	0
grouped5	fold_4	SIHA	chrX	chromothripsis	0.122130237519741	0.6499999761581421	0	0
grouped5	fold_4	SIHA	chrX	ecDNA	0.2405297011137008	0.2800000011920929	0	0
grouped5	fold_4	SIHA	chrX	seismic_amplification	0.1472793966531753	0.7900000214576721	0	0
grouped5	fold_4	SNU1005	chr1	BFB	0.3872896134853363	0.3600000143051147	1	0
grouped5	fold_4	SNU1005	chr1	chromothripsis	0.1839572936296463	0.6499999761581421	0	0
grouped5	fold_4	SNU1005	chr1	ecDNA	0.1433169394731521	0.2800000011920929	0	0
grouped5	fold_4	SNU1005	chr1	seismic_amplification	0.089649960398674	0.7900000214576721	0	0
grouped5	fold_4	SNU1005	chr10	BFB	0.1385603547096252	0.3600000143051147	0	0
grouped5	fold_4	SNU1005	chr10	chromothripsis	0.1081615760922432	0.6499999761581421	0	0
grouped5	fold_4	SNU1005	chr10	ecDNA	0.1098472699522972	0.2800000011920929	0	0
grouped5	fold_4	SNU1005	chr10	seismic_amplification	0.0890413597226142	0.7900000214576721	0	0
grouped5	fold_4	SNU1005	chr11	BFB	0.6016961336135864	0.3600000143051147	1	0
grouped5	fold_4	SNU1005	chr11	chromothripsis	0.1700632274150848	0.6499999761581421	0	0
grouped5	fold_4	SNU1005	chr11	ecDNA	0.2423565536737442	0.2800000011920929	0	0
grouped5	fold_4	SNU1005	chr11	seismic_amplification	0.1284935027360916	0.7900000214576721	0	0
grouped5	fold_4	SNU1005	chr12	BFB	0.0550602041184902	0.3600000143051147	0	0
grouped5	fold_4	SNU1005	chr12	chromothripsis	0.0827198252081871	0.6499999761581421	0	0
grouped5	fold_4	SNU1005	chr12	ecDNA	0.065348207950592	0.2800000011920929	0	0
grouped5	fold_4	SNU1005	chr12	seismic_amplification	0.0347217731177806	0.7900000214576721	0	0
grouped5	fold_4	SNU1005	chr13	BFB	0.0807224810123443	0.3600000143051147	0	0
grouped5	fold_4	SNU1005	chr13	chromothripsis	0.0668555051088333	0.6499999761581421	0	0
grouped5	fold_4	SNU1005	chr13	ecDNA	0.0754750519990921	0.2800000011920929	0	0
grouped5	fold_4	SNU1005	chr13	seismic_amplification	0.0210653021931648	0.7900000214576721	0	0
grouped5	fold_4	SNU1005	chr14	BFB	0.1082996800541877	0.3600000143051147	0	0
grouped5	fold_4	SNU1005	chr14	chromothripsis	0.1027622744441032	0.6499999761581421	0	1
grouped5	fold_4	SNU1005	chr14	ecDNA	0.0834554135799408	0.2800000011920929	0	0
grouped5	fold_4	SNU1005	chr14	seismic_amplification	0.0315183103084564	0.7900000214576721	0	0
grouped5	fold_4	SNU1005	chr15	BFB	0.196651816368103	0.3600000143051147	0	0
grouped5	fold_4	SNU1005	chr15	chromothripsis	0.1063885316252708	0.6499999761581421	0	0
grouped5	fold_4	SNU1005	chr15	ecDNA	0.1497594267129898	0.2800000011920929	0	0
grouped5	fold_4	SNU1005	chr15	seismic_amplification	0.051837682723999	0.7900000214576721	0	0
grouped5	fold_4	SNU1005	chr16	BFB	0.0718866065144538	0.3600000143051147	0	0
grouped5	fold_4	SNU1005	chr16	chromothripsis	0.0828847438097	0.6499999761581421	0	0
grouped5	fold_4	SNU1005	chr16	ecDNA	0.0707564204931259	0.2800000011920929	0	0
grouped5	fold_4	SNU1005	chr16	seismic_amplification	0.0215814858675003	0.7900000214576721	0	0
grouped5	fold_4	SNU1005	chr17	BFB	0.0615114606916904	0.3600000143051147	0	0
grouped5	fold_4	SNU1005	chr17	chromothripsis	0.0897482335567474	0.6499999761581421	0	0
grouped5	fold_4	SNU1005	chr17	ecDNA	0.0800812840461731	0.2800000011920929	0	0
grouped5	fold_4	SNU1005	chr17	seismic_amplification	0.0236507523804903	0.7900000214576721	0	0
grouped5	fold_4	SNU1005	chr18	BFB	0.1779060512781143	0.3600000143051147	0	0
grouped5	fold_4	SNU1005	chr18	chromothripsis	0.0936519131064415	0.6499999761581421	0	0
grouped5	fold_4	SNU1005	chr18	ecDNA	0.1345336288213729	0.2800000011920929	0	0
grouped5	fold_4	SNU1005	chr18	seismic_amplification	0.0728681981563568	0.7900000214576721	0	0
grouped5	fold_4	SNU1005	chr19	BFB	0.3254175186157226	0.3600000143051147	0	0
grouped5	fold_4	SNU1005	chr19	chromothripsis	0.2161924839019775	0.6499999761581421	0	0
grouped5	fold_4	SNU1005	chr19	ecDNA	0.132692664861679	0.2800000011920929	0	0
grouped5	fold_4	SNU1005	chr19	seismic_amplification	0.0980283841490745	0.7900000214576721	0	0
grouped5	fold_4	SNU1005	chr2	BFB	0.2175285667181015	0.3600000143051147	0	0
grouped5	fold_4	SNU1005	chr2	chromothripsis	0.1601096093654632	0.6499999761581421	0	0
grouped5	fold_4	SNU1005	chr2	ecDNA	0.110045425593853	0.2800000011920929	0	0
grouped5	fold_4	SNU1005	chr2	seismic_amplification	0.0982875972986221	0.7900000214576721	0	0
grouped5	fold_4	SNU1005	chr20	BFB	0.1231773346662521	0.3600000143051147	0	0
grouped5	fold_4	SNU1005	chr20	chromothripsis	0.1090261489152908	0.6499999761581421	0	0
grouped5	fold_4	SNU1005	chr20	ecDNA	0.0855414494872093	0.2800000011920929	0	0
grouped5	fold_4	SNU1005	chr20	seismic_amplification	0.0351144112646579	0.7900000214576721	0	0
grouped5	fold_4	SNU1005	chr21	BFB	0.1849445700645446	0.3600000143051147	0	0
grouped5	fold_4	SNU1005	chr21	chromothripsis	0.0823696926236152	0.6499999761581421	0	0
grouped5	fold_4	SNU1005	chr21	ecDNA	0.139509841799736	0.2800000011920929	0	0
grouped5	fold_4	SNU1005	chr21	seismic_amplification	0.0708373486995697	0.7900000214576721	0	0
grouped5	fold_4	SNU1005	chr22	BFB	0.0653295740485191	0.3600000143051147	0	0
grouped5	fold_4	SNU1005	chr22	chromothripsis	0.0663724690675735	0.6499999761581421	0	0
grouped5	fold_4	SNU1005	chr22	ecDNA	0.0831176564097404	0.2800000011920929	0	0
grouped5	fold_4	SNU1005	chr22	seismic_amplification	0.0276654586195945	0.7900000214576721	0	0
grouped5	fold_4	SNU1005	chr3	BFB	0.3733875453472137	0.3600000143051147	1	0
grouped5	fold_4	SNU1005	chr3	chromothripsis	0.1098175570368766	0.6499999761581421	0	0
grouped5	fold_4	SNU1005	chr3	ecDNA	0.1445129364728927	0.2800000011920929	0	0
grouped5	fold_4	SNU1005	chr3	seismic_amplification	0.062921442091465	0.7900000214576721	0	0
grouped5	fold_4	SNU1005	chr4	BFB	0.0794612467288971	0.3600000143051147	0	0
grouped5	fold_4	SNU1005	chr4	chromothripsis	0.0730426684021949	0.6499999761581421	0	0
grouped5	fold_4	SNU1005	chr4	ecDNA	0.0765198841691017	0.2800000011920929	0	0
grouped5	fold_4	SNU1005	chr4	seismic_amplification	0.0296383891254663	0.7900000214576721	0	0
grouped5	fold_4	SNU1005	chr5	BFB	0.5829713344573975	0.3600000143051147	1	1
grouped5	fold_4	SNU1005	chr5	chromothripsis	0.2174595147371292	0.6499999761581421	0	0
grouped5	fold_4	SNU1005	chr5	ecDNA	0.3268640339374542	0.2800000011920929	1	1
grouped5	fold_4	SNU1005	chr5	seismic_amplification	0.3108417093753814	0.7900000214576721	0	0
grouped5	fold_4	SNU1005	chr6	BFB	0.2864349782466888	0.3600000143051147	0	0
grouped5	fold_4	SNU1005	chr6	chromothripsis	0.1767459064722061	0.6499999761581421	0	0
grouped5	fold_4	SNU1005	chr6	ecDNA	0.1360320299863815	0.2800000011920929	0	0
grouped5	fold_4	SNU1005	chr6	seismic_amplification	0.1030942946672439	0.7900000214576721	0	0
grouped5	fold_4	SNU1005	chr7	BFB	0.0769968703389167	0.3600000143051147	0	0
grouped5	fold_4	SNU1005	chr7	chromothripsis	0.0584250502288341	0.6499999761581421	0	0
grouped5	fold_4	SNU1005	chr7	ecDNA	0.0661680027842521	0.2800000011920929	0	0
grouped5	fold_4	SNU1005	chr7	seismic_amplification	0.0241357292979955	0.7900000214576721	0	0
grouped5	fold_4	SNU1005	chr8	BFB	0.0823480859398841	0.3600000143051147	0	0
grouped5	fold_4	SNU1005	chr8	chromothripsis	0.0760402828454971	0.6499999761581421	0	0
grouped5	fold_4	SNU1005	chr8	ecDNA	0.079424649477005	0.2800000011920929	0	0
grouped5	fold_4	SNU1005	chr8	seismic_amplification	0.02670712582767	0.7900000214576721	0	0
grouped5	fold_4	SNU1005	chr9	BFB	0.0396025963127613	0.3600000143051147	0	0
grouped5	fold_4	SNU1005	chr9	chromothripsis	0.0692199021577835	0.6499999761581421	0	0
grouped5	fold_4	SNU1005	chr9	ecDNA	0.0659288540482521	0.2800000011920929	0	0
grouped5	fold_4	SNU1005	chr9	seismic_amplification	0.0177947282791137	0.7900000214576721	0	0
grouped5	fold_4	SNU1005	chrX	BFB	0.208540454506874	0.3600000143051147	0	0
grouped5	fold_4	SNU1005	chrX	chromothripsis	0.1597138196229934	0.6499999761581421	0	0
grouped5	fold_4	SNU1005	chrX	ecDNA	0.1536178141832351	0.2800000011920929	0	0
grouped5	fold_4	SNU1005	chrX	seismic_amplification	0.0551103241741657	0.7900000214576721	0	0
grouped5	fold_4	SNU682	chr1	BFB	0.1089965626597404	0.3600000143051147	0	0
grouped5	fold_4	SNU682	chr1	chromothripsis	0.197889357805252	0.6499999761581421	0	0
grouped5	fold_4	SNU682	chr1	ecDNA	0.1212695986032486	0.2800000011920929	0	0
grouped5	fold_4	SNU682	chr1	seismic_amplification	0.0992180481553077	0.7900000214576721	0	0
grouped5	fold_4	SNU682	chr10	BFB	0.0992493480443954	0.3600000143051147	0	0
grouped5	fold_4	SNU682	chr10	chromothripsis	0.1789979040622711	0.6499999761581421	0	0
grouped5	fold_4	SNU682	chr10	ecDNA	0.0698464289307594	0.2800000011920929	0	0
grouped5	fold_4	SNU682	chr10	seismic_amplification	0.0573268719017505	0.7900000214576721	0	0
grouped5	fold_4	SNU682	chr11	BFB	0.836907148361206	0.3600000143051147	1	1
grouped5	fold_4	SNU682	chr11	chromothripsis	0.2082036882638931	0.6499999761581421	0	0
grouped5	fold_4	SNU682	chr11	ecDNA	0.6768967509269714	0.2800000011920929	1	0
grouped5	fold_4	SNU682	chr11	seismic_amplification	0.3809719979763031	0.7900000214576721	0	0
grouped5	fold_4	SNU682	chr12	BFB	0.0361494459211826	0.3600000143051147	0	0
grouped5	fold_4	SNU682	chr12	chromothripsis	0.1927377730607986	0.6499999761581421	0	0
grouped5	fold_4	SNU682	chr12	ecDNA	0.0749502554535865	0.2800000011920929	0	0
grouped5	fold_4	SNU682	chr12	seismic_amplification	0.0284722708165645	0.7900000214576721	0	0
grouped5	fold_4	SNU682	chr13	BFB	0.2048481255769729	0.3600000143051147	0	0
grouped5	fold_4	SNU682	chr13	chromothripsis	0.1129043400287628	0.6499999761581421	0	0
grouped5	fold_4	SNU682	chr13	ecDNA	0.1081461310386657	0.2800000011920929	0	0
grouped5	fold_4	SNU682	chr13	seismic_amplification	0.0446659736335277	0.7900000214576721	0	0
grouped5	fold_4	SNU682	chr14	BFB	0.0638494044542312	0.3600000143051147	0	0
grouped5	fold_4	SNU682	chr14	chromothripsis	0.0717701464891433	0.6499999761581421	0	0
grouped5	fold_4	SNU682	chr14	ecDNA	0.0830065235495567	0.2800000011920929	0	0
grouped5	fold_4	SNU682	chr14	seismic_amplification	0.0273703560233116	0.7900000214576721	0	0
grouped5	fold_4	SNU682	chr15	BFB	0.119079515337944	0.3600000143051147	0	0
grouped5	fold_4	SNU682	chr15	chromothripsis	0.3241030275821686	0.6499999761581421	0	0
grouped5	fold_4	SNU682	chr15	ecDNA	0.1354281455278396	0.2800000011920929	0	0
grouped5	fold_4	SNU682	chr15	seismic_amplification	0.0837020725011825	0.7900000214576721	0	0
grouped5	fold_4	SNU682	chr16	BFB	0.0753534734249115	0.3600000143051147	0	0
grouped5	fold_4	SNU682	chr16	chromothripsis	0.4963780343532562	0.6499999761581421	0	0
grouped5	fold_4	SNU682	chr16	ecDNA	0.1068925857543945	0.2800000011920929	0	0
grouped5	fold_4	SNU682	chr16	seismic_amplification	0.0893532633781433	0.7900000214576721	0	0
grouped5	fold_4	SNU682	chr17	BFB	0.0538336001336574	0.3600000143051147	0	0
grouped5	fold_4	SNU682	chr17	chromothripsis	0.0878583788871765	0.6499999761581421	0	0
grouped5	fold_4	SNU682	chr17	ecDNA	0.073703721165657	0.2800000011920929	0	0
grouped5	fold_4	SNU682	chr17	seismic_amplification	0.0345428548753261	0.7900000214576721	0	0
grouped5	fold_4	SNU682	chr18	BFB	0.5015742778778076	0.3600000143051147	1	0
grouped5	fold_4	SNU682	chr18	chromothripsis	0.3491891324520111	0.6499999761581421	0	0
grouped5	fold_4	SNU682	chr18	ecDNA	0.2122780382633209	0.2800000011920929	0	0
grouped5	fold_4	SNU682	chr18	seismic_amplification	0.1947658061981201	0.7900000214576721	0	0
grouped5	fold_4	SNU682	chr19	BFB	0.2396770417690277	0.3600000143051147	0	0
grouped5	fold_4	SNU682	chr19	chromothripsis	0.076880931854248	0.6499999761581421	0	0
grouped5	fold_4	SNU682	chr19	ecDNA	0.1788708418607711	0.2800000011920929	0	0
grouped5	fold_4	SNU682	chr19	seismic_amplification	0.0459662079811096	0.7900000214576721	0	0
grouped5	fold_4	SNU682	chr2	BFB	0.3077050149440765	0.3600000143051147	0	0
grouped5	fold_4	SNU682	chr2	chromothripsis	0.7634832262992859	0.6499999761581421	1	0
grouped5	fold_4	SNU682	chr2	ecDNA	0.196030706167221	0.2800000011920929	0	0
grouped5	fold_4	SNU682	chr2	seismic_amplification	0.2854184508323669	0.7900000214576721	0	0
grouped5	fold_4	SNU682	chr20	BFB	0.2337939739227295	0.3600000143051147	0	0
grouped5	fold_4	SNU682	chr20	chromothripsis	0.08115915954113	0.6499999761581421	0	0
grouped5	fold_4	SNU682	chr20	ecDNA	0.101389043033123	0.2800000011920929	0	0
grouped5	fold_4	SNU682	chr20	seismic_amplification	0.0456449389457702	0.7900000214576721	0	0
grouped5	fold_4	SNU682	chr21	BFB	0.0717206299304962	0.3600000143051147	0	0
grouped5	fold_4	SNU682	chr21	chromothripsis	0.0671848654747009	0.6499999761581421	0	0
grouped5	fold_4	SNU682	chr21	ecDNA	0.1238674968481063	0.2800000011920929	0	0
grouped5	fold_4	SNU682	chr21	seismic_amplification	0.0568801909685134	0.7900000214576721	0	0
grouped5	fold_4	SNU682	chr22	BFB	0.5354700088500977	0.3600000143051147	1	0
grouped5	fold_4	SNU682	chr22	chromothripsis	0.1685780733823776	0.6499999761581421	0	0
grouped5	fold_4	SNU682	chr22	ecDNA	0.1820906996726989	0.2800000011920929	0	0
grouped5	fold_4	SNU682	chr22	seismic_amplification	0.1443103998899459	0.7900000214576721	0	0
grouped5	fold_4	SNU682	chr3	BFB	0.245997354388237	0.3600000143051147	0	0
grouped5	fold_4	SNU682	chr3	chromothripsis	0.4172940552234649	0.6499999761581421	0	0
grouped5	fold_4	SNU682	chr3	ecDNA	0.113874576985836	0.2800000011920929	0	0
grouped5	fold_4	SNU682	chr3	seismic_amplification	0.1027223989367485	0.7900000214576721	0	0
grouped5	fold_4	SNU682	chr4	BFB	0.2884210646152496	0.3600000143051147	0	0
grouped5	fold_4	SNU682	chr4	chromothripsis	0.5090571045875549	0.6499999761581421	0	0
grouped5	fold_4	SNU682	chr4	ecDNA	0.1079533249139785	0.2800000011920929	0	0
grouped5	fold_4	SNU682	chr4	seismic_amplification	0.120499275624752	0.7900000214576721	0	0
grouped5	fold_4	SNU682	chr5	BFB	0.1165478080511093	0.3600000143051147	0	0
grouped5	fold_4	SNU682	chr5	chromothripsis	0.1090770363807678	0.6499999761581421	0	0
grouped5	fold_4	SNU682	chr5	ecDNA	0.0776481628417968	0.2800000011920929	0	0
grouped5	fold_4	SNU682	chr5	seismic_amplification	0.0778722688555717	0.7900000214576721	0	0
grouped5	fold_4	SNU682	chr6	BFB	0.1384077221155166	0.3600000143051147	0	0
grouped5	fold_4	SNU682	chr6	chromothripsis	0.2167255729436874	0.6499999761581421	0	0
grouped5	fold_4	SNU682	chr6	ecDNA	0.1114299893379211	0.2800000011920929	0	0
grouped5	fold_4	SNU682	chr6	seismic_amplification	0.050261914730072	0.7900000214576721	0	0
grouped5	fold_4	SNU682	chr7	BFB	0.1290011405944824	0.3600000143051147	0	0
grouped5	fold_4	SNU682	chr7	chromothripsis	0.2073927670717239	0.6499999761581421	0	0
grouped5	fold_4	SNU682	chr7	ecDNA	0.1246267259120941	0.2800000011920929	0	0
grouped5	fold_4	SNU682	chr7	seismic_amplification	0.0936950892210006	0.7900000214576721	0	0
grouped5	fold_4	SNU682	chr8	BFB	0.3648597300052643	0.3600000143051147	1	0
grouped5	fold_4	SNU682	chr8	chromothripsis	0.3902480900287628	0.6499999761581421	0	0
grouped5	fold_4	SNU682	chr8	ecDNA	0.1705196648836136	0.2800000011920929	0	0
grouped5	fold_4	SNU682	chr8	seismic_amplification	0.093637004494667	0.7900000214576721	0	0
grouped5	fold_4	SNU682	chr9	BFB	0.076921097934246	0.3600000143051147	0	0
grouped5	fold_4	SNU682	chr9	chromothripsis	0.2967456877231598	0.6499999761581421	0	0
grouped5	fold_4	SNU682	chr9	ecDNA	0.092816337943077	0.2800000011920929	0	0
grouped5	fold_4	SNU682	chr9	seismic_amplification	0.0511828325688838	0.7900000214576721	0	0
grouped5	fold_4	SNU682	chrX	BFB	0.1102935969829559	0.3600000143051147	0	0
grouped5	fold_4	SNU682	chrX	chromothripsis	0.0783868506550788	0.6499999761581421	0	0
grouped5	fold_4	SNU682	chrX	ecDNA	0.1137583032250404	0.2800000011920929	0	0
grouped5	fold_4	SNU682	chrX	seismic_amplification	0.0532200448215007	0.7900000214576721	0	0
