split	run	sample_id	chrom	class	probability	threshold	predicted	truth
loo	AU565	AU565	chr1	BFB	0.1080975010991096	0.3600000143051147	0	0
loo	AU565	AU565	chr1	chromothripsis	0.0750716105103492	0.6700000166893005	0	0
loo	AU565	AU565	chr1	ecDNA	0.0998944714665412	0.3600000143051147	0	0
loo	AU565	AU565	chr1	seismic_amplification	0.0465143360197544	0.3300000131130218	0	0
loo	AU565	AU565	chr10	BFB	0.4502639770507812	0.3600000143051147	1	0
loo	AU565	AU565	chr10	chromothripsis	0.7618803977966309	0.6700000166893005	1	1
loo	AU565	AU565	chr10	ecDNA	0.215551421046257	0.3600000143051147	0	0
loo	AU565	AU565	chr10	seismic_amplification	0.31521075963974	0.3300000131130218	0	0
loo	AU565	AU565	chr11	BFB	0.1339875161647796	0.3600000143051147	0	0
loo	AU565	AU565	chr11	chromothripsis	0.0268919058144092	0.6700000166893005	0	0
loo	AU565	AU565	chr11	ecDNA	0.0947873368859291	0.3600000143051147	0	0
loo	AU565	AU565	chr11	seismic_amplification	0.0342772491276264	0.3300000131130218	0	0
loo	AU565	AU565	chr12	BFB	0.0701150298118591	0.3600000143051147	0	0
loo	AU565	AU565	chr12	chromothripsis	0.02127948962152	0.6700000166893005	0	0
loo	AU565	AU565	chr12	ecDNA	0.0549594275653362	0.3600000143051147	0	0
loo	AU565	AU565	chr12	seismic_amplification	0.0242007002234458	0.3300000131130218	0	0
loo	AU565	AU565	chr13	BFB	0.1225547492504119	0.3600000143051147	0	0
loo	AU565	AU565	chr13	chromothripsis	0.0301596540957689	0.6700000166893005	0	0
loo	AU565	AU565	chr13	ecDNA	0.1073422655463218	0.3600000143051147	0	0
loo	AU565	AU565	chr13	seismic_amplification	0.0436070226132869	0.3300000131130218	0	0
loo	AU565	AU565	chr14	BFB	0.2838393449783325	0.3600000143051147	0	0
loo	AU565	AU565	chr14	chromothripsis	0.7247066497802734	0.6700000166893005	1	0
loo	AU565	AU565	chr14	ecDNA	0.2483346313238144	0.3600000143051147	0	0
loo	AU565	AU565	chr14	seismic_amplification	0.6871411204338074	0.3300000131130218	1	0
loo	AU565	AU565	chr15	BFB	0.0411063060164451	0.3600000143051147	0	0
loo	AU565	AU565	chr15	chromothripsis	0.0829658135771751	0.6700000166893005	0	0
loo	AU565	AU565	chr15	ecDNA	0.0644957646727562	0.3600000143051147	0	0
loo	AU565	AU565	chr15	seismic_amplification	0.041199903935194	0.3300000131130218	0	0
loo	AU565	AU565	chr16	BFB	0.0724695697426796	0.3600000143051147	0	0
loo	AU565	AU565	chr16	chromothripsis	0.0244899038225412	0.6700000166893005	0	0
loo	AU565	AU565	chr16	ecDNA	0.0729181319475174	0.3600000143051147	0	0
loo	AU565	AU565	chr16	seismic_amplification	0.0375301800668239	0.3300000131130218	0	0
loo	AU565	AU565	chr17	BFB	0.6657537221908569	0.3600000143051147	1	0
loo	AU565	AU565	chr17	chromothripsis	0.213144913315773	0.6700000166893005	0	0
loo	AU565	AU565	chr17	ecDNA	0.5193411111831665	0.3600000143051147	1	0
loo	AU565	AU565	chr17	seismic_amplification	0.4378196895122528	0.3300000131130218	1	0
loo	AU565	AU565	chr18	BFB	0.0611986815929412	0.3600000143051147	0	0
loo	AU565	AU565	chr18	chromothripsis	0.1120971217751503	0.6700000166893005	0	0
loo	AU565	AU565	chr18	ecDNA	0.0627567693591117	0.3600000143051147	0	0
loo	AU565	AU565	chr18	seismic_amplification	0.0409511998295784	0.3300000131130218	0	0
loo	AU565	AU565	chr19	BFB	0.0659617334604263	0.3600000143051147	0	0
loo	AU565	AU565	chr19	chromothripsis	0.0408353693783283	0.6700000166893005	0	0
loo	AU565	AU565	chr19	ecDNA	0.0668784454464912	0.3600000143051147	0	0
loo	AU565	AU565	chr19	seismic_amplification	0.0506399683654308	0.3300000131130218	0	0
loo	AU565	AU565	chr2	BFB	0.1109393537044525	0.3600000143051147	0	0
loo	AU565	AU565	chr2	chromothripsis	0.401076078414917	0.6700000166893005	0	0
loo	AU565	AU565	chr2	ecDNA	0.1030871495604515	0.3600000143051147	0	0
loo	AU565	AU565	chr2	seismic_amplification	0.0844607949256897	0.3300000131130218	0	0
loo	AU565	AU565	chr20	BFB	0.3782887458801269	0.3600000143051147	1	0
loo	AU565	AU565	chr20	chromothripsis	0.6949651837348938	0.6700000166893005	1	1
loo	AU565	AU565	chr20	ecDNA	0.3532682657241821	0.3600000143051147	0	0
loo	AU565	AU565	chr20	seismic_amplification	0.9367751479148864	0.3300000131130218	1	1
loo	AU565	AU565	chr21	BFB	0.0658489093184471	0.3600000143051147	0	0
loo	AU565	AU565	chr21	chromothripsis	0.0386652201414108	0.6700000166893005	0	0
loo	AU565	AU565	chr21	ecDNA	0.0756969302892685	0.3600000143051147	0	0
loo	AU565	AU565	chr21	seismic_amplification	0.0417687371373176	0.3300000131130218	0	0
loo	AU565	AU565	chr22	BFB	0.0445821471512317	0.3600000143051147	0	0
loo	AU565	AU565	chr22	chromothripsis	0.024259990081191	0.6700000166893005	0	0
loo	AU565	AU565	chr22	ecDNA	0.0576220266520977	0.3600000143051147	0	0
loo	AU565	AU565	chr22	seismic_amplification	0.0457987412810325	0.3300000131130218	0	0
loo	AU565	AU565	chr3	BFB	0.3145078718662262	0.3600000143051147	0	0
loo	AU565	AU565	chr3	chromothripsis	0.82762211561203	0.6700000166893005	1	0
loo	AU565	AU565	chr3	ecDNA	0.2415537238121032	0.3600000143051147	0	0
loo	AU565	AU565	chr3	seismic_amplification	0.6787183284759521	0.3300000131130218	1	0
loo	AU565	AU565	chr4	BFB	0.0708308368921279	0.3600000143051147	0	0
loo	AU565	AU565	chr4	chromothripsis	0.0939093455672264	0.6700000166893005	0	0
loo	AU565	AU565	chr4	ecDNA	0.081754483282566	0.3600000143051147	0	0
loo	AU565	AU565	chr4	seismic_amplification	0.0563230738043785	0.3300000131130218	0	0
loo	AU565	AU565	chr5	BFB	0.3328180909156799	0.3600000143051147	0	0
loo	AU565	AU565	chr5	chromothripsis	0.736807644367218	0.6700000166893005	1	0
loo	AU565	AU565	chr5	ecDNA	0.2510892450809479	0.3600000143051147	0	0
loo	AU565	AU565	chr5	seismic_amplification	0.8156635761260986	0.3300000131130218	1	0
loo	AU565	AU565	chr6	BFB	0.7798215746879578	0.3600000143051147	1	0
loo	AU565	AU565	chr6	chromothripsis	0.6132726073265076	0.6700000166893005	0	0
loo	AU565	AU565	chr6	ecDNA	0.4483210146427154	0.3600000143051147	1	0
loo	AU565	AU565	chr6	seismic_amplification	0.4707458317279815	0.3300000131130218	1	0
loo	AU565	AU565	chr7	BFB	0.8563057780265808	0.3600000143051147	1	1
loo	AU565	AU565	chr7	chromothripsis	0.1074139326810836	0.6700000166893005	0	0
loo	AU565	AU565	chr7	ecDNA	0.5957932472229004	0.3600000143051147	1	0
loo	AU565	AU565	chr7	seismic_amplification	0.1879866570234298	0.3300000131130218	0	0
loo	AU565	AU565	chr8	BFB	0.8078170418739319	0.3600000143051147	1	1
loo	AU565	AU565	chr8	chromothripsis	0.4454754292964935	0.6700000166893005	0	0
loo	AU565	AU565	chr8	ecDNA	0.4751804769039154	0.3600000143051147	1	0
loo	AU565	AU565	chr8	seismic_amplification	0.8354836702346802	0.3300000131130218	1	1
loo	AU565	AU565	chr9	BFB	0.0563276223838329	0.3600000143051147	0	0
loo	AU565	AU565	chr9	chromothripsis	0.0727873966097831	0.6700000166893005	0	0
loo	AU565	AU565	chr9	ecDNA	0.0690437853336334	0.3600000143051147	0	0
loo	AU565	AU565	chr9	seismic_amplification	0.045879065990448	0.3300000131130218	0	0
loo	AU565	AU565	chrX	BFB	0.2849022150039673	0.3600000143051147	0	0
loo	AU565	AU565	chrX	chromothripsis	0.7805178165435791	0.6700000166893005	1	0
loo	AU565	AU565	chrX	ecDNA	0.2660983800888061	0.3600000143051147	0	0
loo	AU565	AU565	chrX	seismic_amplification	0.5830588340759277	0.3300000131130218	1	0
loo	BT474	BT474	chr1	BFB	0.5080300569534302	0.25	1	0
loo	BT474	BT474	chr1	chromothripsis	0.6838961839675903	0.7200000286102295	0	0
loo	BT474	BT474	chr1	ecDNA	0.4458950757980346	0.5099999904632568	0	0
loo	BT474	BT474	chr1	seismic_amplification	0.8210751414299011	0.8600000143051147	0	0
loo	BT474	BT474	chr10	BFB	0.0537577606737613	0.25	0	0
loo	BT474	BT474	chr10	chromothripsis	0.0535511784255504	0.7200000286102295	0	0
loo	BT474	BT474	chr10	ecDNA	0.0366546027362346	0.5099999904632568	0	0
loo	BT474	BT474	chr10	seismic_amplification	0.0526872426271438	0.8600000143051147	0	0
loo	BT474	BT474	chr11	BFB	0.5455779433250427	0.25	1	0
loo	BT474	BT474	chr11	chromothripsis	0.6602360010147095	0.7200000286102295	0	0
loo	BT474	BT474	chr11	ecDNA	0.4518797993659973	0.5099999904632568	0	0
loo	BT474	BT474	chr11	seismic_amplification	0.8308236002922058	0.8600000143051147	0	1
loo	BT474	BT474	chr12	BFB	0.8214828372001648	0.25	1	0
loo	BT474	BT474	chr12	chromothripsis	0.495467871427536	0.7200000286102295	0	0
loo	BT474	BT474	chr12	ecDNA	0.6969504356384277	0.5099999904632568	1	0
loo	BT474	BT474	chr12	seismic_amplification	0.4914030730724334	0.8600000143051147	0	0
loo	BT474	BT474	chr13	BFB	0.0846380665898323	0.25	0	0
loo	BT474	BT474	chr13	chromothripsis	0.0686763450503349	0.7200000286102295	0	0
loo	BT474	BT474	chr13	ecDNA	0.0764991268515586	0.5099999904632568	0	0
loo	BT474	BT474	chr13	seismic_amplification	0.0916296988725662	0.8600000143051147	0	0
loo	BT474	BT474	chr14	BFB	0.760631263256073	0.25	1	0
loo	BT474	BT474	chr14	chromothripsis	0.3977415561676025	0.7200000286102295	0	0
loo	BT474	BT474	chr14	ecDNA	0.586239218711853	0.5099999904632568	1	0
loo	BT474	BT474	chr14	seismic_amplification	0.3971181809902191	0.8600000143051147	0	0
loo	BT474	BT474	chr15	BFB	0.8719119429588318	0.25	1	1
loo	BT474	BT474	chr15	chromothripsis	0.3709276020526886	0.7200000286102295	0	0
loo	BT474	BT474	chr15	ecDNA	0.7182140946388245	0.5099999904632568	1	0
loo	BT474	BT474	chr15	seismic_amplification	0.4599866867065429	0.8600000143051147	0	0
loo	BT474	BT474	chr16	BFB	0.0502086766064167	0.25	0	0
loo	BT474	BT474	chr16	chromothripsis	0.0873183235526084	0.7200000286102295	0	0
loo	BT474	BT474	chr16	ecDNA	0.0301566421985626	0.5099999904632568	0	0
loo	BT474	BT474	chr16	seismic_amplification	0.0570820495486259	0.8600000143051147	0	0
loo	BT474	BT474	chr17	BFB	0.6606276035308838	0.25	1	1
loo	BT474	BT474	chr17	chromothripsis	0.6793649792671204	0.7200000286102295	0	0
loo	BT474	BT474	chr17	ecDNA	0.5531846284866333	0.5099999904632568	1	0
loo	BT474	BT474	chr17	seismic_amplification	0.7718885540962219	0.8600000143051147	0	0
loo	BT474	BT474	chr18	BFB	0.0768336206674575	0.25	0	0
loo	BT474	BT474	chr18	chromothripsis	0.0845616683363914	0.7200000286102295	0	0
loo	BT474	BT474	chr18	ecDNA	0.0578785650432109	0.5099999904632568	0	0
loo	BT474	BT474	chr18	seismic_amplification	0.131547212600708	0.8600000143051147	0	0
loo	BT474	BT474	chr19	BFB	0.196091815829277	0.25	0	0
loo	BT474	BT474	chr19	chromothripsis	0.099798284471035	0.7200000286102295	0	0
loo	BT474	BT474	chr19	ecDNA	0.1463342308998108	0.5099999904632568	0	0
loo	BT474	BT474	chr19	seismic_amplification	0.2234122455120086	0.8600000143051147	0	0
loo	BT474	BT474	chr2	BFB	0.071246713399887	0.25	0	0
loo	BT474	BT474	chr2	chromothripsis	0.0394408032298088	0.7200000286102295	0	0
loo	BT474	BT474	chr2	ecDNA	0.0492095164954662	0.5099999904632568	0	0
loo	BT474	BT474	chr2	seismic_amplification	0.0606165304780006	0.8600000143051147	0	0
loo	BT474	BT474	chr20	BFB	0.6559014320373535	0.25	1	1
loo	BT474	BT474	chr20	chromothripsis	0.5528842210769653	0.7200000286102295	0	0
loo	BT474	BT474	chr20	ecDNA	0.5306877493858337	0.5099999904632568	1	0
loo	BT474	BT474	chr20	seismic_amplification	0.7203032970428467	0.8600000143051147	0	0
loo	BT474	BT474	chr21	BFB	0.0317220017313957	0.25	0	0
loo	BT474	BT474	chr21	chromothripsis	0.1027429550886154	0.7200000286102295	0	0
loo	BT474	BT474	chr21	ecDNA	0.0328068025410175	0.5099999904632568	0	0
loo	BT474	BT474	chr21	seismic_amplification	0.0443218015134334	0.8600000143051147	0	0
loo	BT474	BT474	chr22	BFB	0.1084812879562377	0.25	0	0
loo	BT474	BT474	chr22	chromothripsis	0.3312433362007141	0.7200000286102295	0	0
loo	BT474	BT474	chr22	ecDNA	0.0871770605444908	0.5099999904632568	0	0
loo	BT474	BT474	chr22	seismic_amplification	0.0987009853124618	0.8600000143051147	0	0
loo	BT474	BT474	chr3	BFB	0.311174213886261	0.25	1	0
loo	BT474	BT474	chr3	chromothripsis	0.2416214793920517	0.7200000286102295	0	0
loo	BT474	BT474	chr3	ecDNA	0.1620034575462341	0.5099999904632568	0	0
loo	BT474	BT474	chr3	seismic_amplification	0.1699424684047699	0.8600000143051147	0	0
loo	BT474	BT474	chr4	BFB	0.3902303874492645	0.25	1	0
loo	BT474	BT474	chr4	chromothripsis	0.4134297668933868	0.7200000286102295	0	0
loo	BT474	BT474	chr4	ecDNA	0.2615334093570709	0.5099999904632568	0	0
loo	BT474	BT474	chr4	seismic_amplification	0.4652774930000305	0.8600000143051147	0	0
loo	BT474	BT474	chr5	BFB	0.1061292961239814	0.25	0	0
loo	BT474	BT474	chr5	chromothripsis	0.1307133436203003	0.7200000286102295	0	0
loo	BT474	BT474	chr5	ecDNA	0.0848181843757629	0.5099999904632568	0	0
loo	BT474	BT474	chr5	seismic_amplification	0.0868699327111244	0.8600000143051147	0	0
loo	BT474	BT474	chr6	BFB	0.049221321940422	0.25	0	0
loo	BT474	BT474	chr6	chromothripsis	0.0931740552186966	0.7200000286102295	0	0
loo	BT474	BT474	chr6	ecDNA	0.0570535697042942	0.5099999904632568	0	0
loo	BT474	BT474	chr6	seismic_amplification	0.0898806154727935	0.8600000143051147	0	0
loo	BT474	BT474	chr7	BFB	0.625553548336029	0.25	1	0
loo	BT474	BT474	chr7	chromothripsis	0.6710099577903748	0.7200000286102295	0	0
loo	BT474	BT474	chr7	ecDNA	0.4956800639629364	0.5099999904632568	0	0
loo	BT474	BT474	chr7	seismic_amplification	0.483787328004837	0.8600000143051147	0	0
loo	BT474	BT474	chr8	BFB	0.3268102407455444	0.25	1	0
loo	BT474	BT474	chr8	chromothripsis	0.5951943397521973	0.7200000286102295	0	0
loo	BT474	BT474	chr8	ecDNA	0.2659147083759308	0.5099999904632568	0	0
loo	BT474	BT474	chr8	seismic_amplification	0.7895228266716003	0.8600000143051147	0	0
loo	BT474	BT474	chr9	BFB	0.6629853248596191	0.25	1	1
loo	BT474	BT474	chr9	chromothripsis	0.2344532310962677	0.7200000286102295	0	0
loo	BT474	BT474	chr9	ecDNA	0.5530234575271606	0.5099999904632568	1	0
loo	BT474	BT474	chr9	seismic_amplification	0.2339737862348556	0.8600000143051147	0	0
loo	BT474	BT474	chrX	BFB	0.0788663700222969	0.25	0	0
loo	BT474	BT474	chrX	chromothripsis	0.2359546273946762	0.7200000286102295	0	0
loo	BT474	BT474	chrX	ecDNA	0.101950816810131	0.5099999904632568	0	0
loo	BT474	BT474	chrX	seismic_amplification	0.0987000465393066	0.8600000143051147	0	0
loo	C4I	C4I	chr1	BFB	0.164221316576004	0.4799999892711639	0	0
loo	C4I	C4I	chr1	chromothripsis	0.0725624784827232	0.699999988079071	0	0
loo	C4I	C4I	chr1	ecDNA	0.1135937571525573	0.4000000059604645	0	0
loo	C4I	C4I	chr1	seismic_amplification	0.0891527384519577	0.7900000214576721	0	0
loo	C4I	C4I	chr10	BFB	0.1110663041472435	0.4799999892711639	0	0
loo	C4I	C4I	chr10	chromothripsis	0.1414488703012466	0.699999988079071	0	0
loo	C4I	C4I	chr10	ecDNA	0.0817273929715156	0.4000000059604645	0	0
loo	C4I	C4I	chr10	seismic_amplification	0.0692563354969024	0.7900000214576721	0	0
loo	C4I	C4I	chr11	BFB	0.3008675277233124	0.4799999892711639	0	0
loo	C4I	C4I	chr11	chromothripsis	0.1264533400535583	0.699999988079071	0	0
loo	C4I	C4I	chr11	ecDNA	0.117268294095993	0.4000000059604645	0	0
loo	C4I	C4I	chr11	seismic_amplification	0.0626242235302925	0.7900000214576721	0	0
loo	C4I	C4I	chr12	BFB	0.0565263256430625	0.4799999892711639	0	0
loo	C4I	C4I	chr12	chromothripsis	0.077299952507019	0.699999988079071	0	0
loo	C4I	C4I	chr12	ecDNA	0.0350757651031017	0.4000000059604645	0	0
loo	C4I	C4I	chr12	seismic_amplification	0.0458826571702957	0.7900000214576721	0	0
loo	C4I	C4I	chr13	BFB	0.0487775467336177	0.4799999892711639	0	0
loo	C4I	C4I	chr13	chromothripsis	0.214038997888565	0.699999988079071	0	0
loo	C4I	C4I	chr13	ecDNA	0.0390857495367527	0.4000000059604645	0	0
loo	C4I	C4I	chr13	seismic_amplification	0.0569061338901519	0.7900000214576721	0	0
loo	C4I	C4I	chr14	BFB	0.1173834577202797	0.4799999892711639	0	0
loo	C4I	C4I	chr14	chromothripsis	0.4153920710086822	0.699999988079071	0	0
loo	C4I	C4I	chr14	ecDNA	0.0540218614041805	0.4000000059604645	0	0
loo	C4I	C4I	chr14	seismic_amplification	0.0575223267078399	0.7900000214576721	0	0
loo	C4I	C4I	chr15	BFB	0.0974678695201873	0.4799999892711639	0	0
loo	C4I	C4I	chr15	chromothripsis	0.4227611124515533	0.699999988079071	0	0
loo	C4I	C4I	chr15	ecDNA	0.0562578253448009	0.4000000059604645	0	0
loo	C4I	C4I	chr15	seismic_amplification	0.0689510628581047	0.7900000214576721	0	0
loo	C4I	C4I	chr16	BFB	0.5278230905532837	0.4799999892711639	1	0
loo	C4I	C4I	chr16	chromothripsis	0.2530803084373474	0.699999988079071	0	0
loo	C4I	C4I	chr16	ecDNA	0.2486555278301239	0.4000000059604645	0	0
loo	C4I	C4I	chr16	seismic_amplification	0.1743769496679306	0.7900000214576721	0	0
loo	C4I	C4I	chr17	BFB	0.3124397397041321	0.4799999892711639	0	0
loo	C4I	C4I	chr17	chromothripsis	0.0509726554155349	0.699999988079071	0	0
loo	C4I	C4I	chr17	ecDNA	0.1160697788000106	0.4000000059604645	0	0
loo	C4I	C4I	chr17	seismic_amplification	0.0688337460160255	0.7900000214576721	0	0
loo	C4I	C4I	chr18	BFB	0.2768477201461792	0.4799999892711639	0	0
loo	C4I	C4I	chr18	chromothripsis	0.6975536942481995	0.699999988079071	0	1
loo	C4I	C4I	chr18	ecDNA	0.164378210902214	0.4000000059604645	0	0
loo	C4I	C4I	chr18	seismic_amplification	0.1796206384897232	0.7900000214576721	0	0
loo	C4I	C4I	chr19	BFB	0.106849804520607	0.4799999892711639	0	0
loo	C4I	C4I	chr19	chromothripsis	0.3783102035522461	0.699999988079071	0	0
loo	C4I	C4I	chr19	ecDNA	0.0596191845834255	0.4000000059604645	0	0
loo	C4I	C4I	chr19	seismic_amplification	0.0527716241776943	0.7900000214576721	0	0
loo	C4I	C4I	chr2	BFB	0.0513781979680061	0.4799999892711639	0	0
loo	C4I	C4I	chr2	chromothripsis	0.0856990367174148	0.699999988079071	0	0
loo	C4I	C4I	chr2	ecDNA	0.032131515443325	0.4000000059604645	0	0
loo	C4I	C4I	chr2	seismic_amplification	0.0535361096262931	0.7900000214576721	0	0
loo	C4I	C4I	chr20	BFB	0.0364221967756748	0.4799999892711639	0	0
loo	C4I	C4I	chr20	chromothripsis	0.1015722155570983	0.699999988079071	0	0
loo	C4I	C4I	chr20	ecDNA	0.0243294648826122	0.4000000059604645	0	0
loo	C4I	C4I	chr20	seismic_amplification	0.0414026901125907	0.7900000214576721	0	0
loo	C4I	C4I	chr21	BFB	0.084964245557785	0.4799999892711639	0	0
loo	C4I	C4I	chr21	chromothripsis	0.0805475413799285	0.699999988079071	0	0
loo	C4I	C4I	chr21	ecDNA	0.0622709468007087	0.4000000059604645	0	0
loo	C4I	C4I	chr21	seismic_amplification	0.0733464136719703	0.7900000214576721	0	0
loo	C4I	C4I	chr22	BFB	0.0465876162052154	0.4799999892711639	0	0
loo	C4I	C4I	chr22	chromothripsis	0.0730909332633018	0.699999988079071	0	0
loo	C4I	C4I	chr22	ecDNA	0.031425904482603	0.4000000059604645	0	0
loo	C4I	C4I	chr22	seismic_amplification	0.0483089014887809	0.7900000214576721	0	0
loo	C4I	C4I	chr3	BFB	0.0499858148396015	0.4799999892711639	0	0
loo	C4I	C4I	chr3	chromothripsis	0.0795064717531204	0.699999988079071	0	0
loo	C4I	C4I	chr3	ecDNA	0.031510654836893	0.4000000059604645	0	0
loo	C4I	C4I	chr3	seismic_amplification	0.0601182766258716	0.7900000214576721	0	0
loo	C4I	C4I	chr4	BFB	0.1119492948055267	0.4799999892711639	0	0
loo	C4I	C4I	chr4	chromothripsis	0.1132556572556495	0.699999988079071	0	0
loo	C4I	C4I	chr4	ecDNA	0.0314009301364421	0.4000000059604645	0	0
loo	C4I	C4I	chr4	seismic_amplification	0.034516979008913	0.7900000214576721	0	0
loo	C4I	C4I	chr5	BFB	0.133666455745697	0.4799999892711639	0	0
loo	C4I	C4I	chr5	chromothripsis	0.0504711344838142	0.699999988079071	0	0
loo	C4I	C4I	chr5	ecDNA	0.0608278326690197	0.4000000059604645	0	0
loo	C4I	C4I	chr5	seismic_amplification	0.0398029126226902	0.7900000214576721	0	0
loo	C4I	C4I	chr6	BFB	0.125291034579277	0.4799999892711639	0	0
loo	C4I	C4I	chr6	chromothripsis	0.3088366091251373	0.699999988079071	0	0
loo	C4I	C4I	chr6	ecDNA	0.0370449908077716	0.4000000059604645	0	0
loo	C4I	C4I	chr6	seismic_amplification	0.0437945500016212	0.7900000214576721	0	0
loo	C4I	C4I	chr7	BFB	0.0517832562327384	0.4799999892711639	0	0
loo	C4I	C4I	chr7	chromothripsis	0.0844897702336311	0.699999988079071	0	0
loo	C4I	C4I	chr7	ecDNA	0.0326540805399417	0.4000000059604645	0	0
loo	C4I	C4I	chr7	seismic_amplification	0.0422862619161605	0.7900000214576721	0	0
loo	C4I	C4I	chr8	BFB	0.0774000510573387	0.4799999892711639	0	0
loo	C4I	C4I	chr8	chromothripsis	0.0643287152051925	0.699999988079071	0	0
loo	C4I	C4I	chr8	ecDNA	0.0469146706163883	0.4000000059604645	0	0
loo	C4I	C4I	chr8	seismic_amplification	0.0495195612311363	0.7900000214576721	0	0
loo	C4I	C4I	chr9	BFB	0.0665499791502952	0.4799999892711639	0	0
loo	C4I	C4I	chr9	chromothripsis	0.0866216793656349	0.699999988079071	0	0
loo	C4I	C4I	chr9	ecDNA	0.0446595251560211	0.4000000059604645	0	0
loo	C4I	C4I	chr9	seismic_amplification	0.0626043230295181	0.7900000214576721	0	0
loo	C4I	C4I	chrX	BFB	0.0528317838907241	0.4799999892711639	0	0
loo	C4I	C4I	chrX	chromothripsis	0.0735110715031623	0.699999988079071	0	0
loo	C4I	C4I	chrX	ecDNA	0.0291028134524822	0.4000000059604645	0	0
loo	C4I	C4I	chrX	seismic_amplification	0.0523205585777759	0.7900000214576721	0	0
loo	CERV186	CERV186	chr1	BFB	0.5543491244316101	0.5799999833106995	0	0
loo	CERV186	CERV186	chr1	chromothripsis	0.5406201481819153	0.5799999833106995	0	0
loo	CERV186	CERV186	chr1	ecDNA	0.374965101480484	0.5799999833106995	0	0
loo	CERV186	CERV186	chr1	seismic_amplification	0.2395497560501098	0.75	0	0
loo	CERV186	CERV186	chr10	BFB	0.0819445922970771	0.5799999833106995	0	0
loo	CERV186	CERV186	chr10	chromothripsis	0.0761175230145454	0.5799999833106995	0	0
loo	CERV186	CERV186	chr10	ecDNA	0.1004229709506034	0.5799999833106995	0	0
loo	CERV186	CERV186	chr10	seismic_amplification	0.0531233511865139	0.75	0	0
loo	CERV186	CERV186	chr11	BFB	0.2043385207653045	0.5799999833106995	0	0
loo	CERV186	CERV186	chr11	chromothripsis	0.0982822030782699	0.5799999833106995	0	0
loo	CERV186	CERV186	chr11	ecDNA	0.1442470401525497	0.5799999833106995	0	0
loo	CERV186	CERV186	chr11	seismic_amplification	0.075000025331974	0.75	0	0
loo	CERV186	CERV186	chr12	BFB	0.0829181745648384	0.5799999833106995	0	0
loo	CERV186	CERV186	chr12	chromothripsis	0.1153432950377464	0.5799999833106995	0	0
loo	CERV186	CERV186	chr12	ecDNA	0.0600276179611682	0.5799999833106995	0	0
loo	CERV186	CERV186	chr12	seismic_amplification	0.0412595830857753	0.75	0	0
loo	CERV186	CERV186	chr13	BFB	0.0986689180135726	0.5799999833106995	0	0
loo	CERV186	CERV186	chr13	chromothripsis	0.1279533952474594	0.5799999833106995	0	0
loo	CERV186	CERV186	chr13	ecDNA	0.1408751010894775	0.5799999833106995	0	0
loo	CERV186	CERV186	chr13	seismic_amplification	0.1280366629362106	0.75	0	0
loo	CERV186	CERV186	chr14	BFB	0.039934866130352	0.5799999833106995	0	0
loo	CERV186	CERV186	chr14	chromothripsis	0.1591427773237228	0.5799999833106995	0	0
loo	CERV186	CERV186	chr14	ecDNA	0.0669675767421722	0.5799999833106995	0	0
loo	CERV186	CERV186	chr14	seismic_amplification	0.0452412255108356	0.75	0	0
loo	CERV186	CERV186	chr15	BFB	0.0903066918253898	0.5799999833106995	0	0
loo	CERV186	CERV186	chr15	chromothripsis	0.0860728994011879	0.5799999833106995	0	0
loo	CERV186	CERV186	chr15	ecDNA	0.0880090594291687	0.5799999833106995	0	0
loo	CERV186	CERV186	chr15	seismic_amplification	0.067405879497528	0.75	0	0
loo	CERV186	CERV186	chr16	BFB	0.1074346452951431	0.5799999833106995	0	0
loo	CERV186	CERV186	chr16	chromothripsis	0.1008193641901016	0.5799999833106995	0	0
loo	CERV186	CERV186	chr16	ecDNA	0.1234803050756454	0.5799999833106995	0	0
loo	CERV186	CERV186	chr16	seismic_amplification	0.056653294712305	0.75	0	0
loo	CERV186	CERV186	chr17	BFB	0.1688257753849029	0.5799999833106995	0	0
loo	CERV186	CERV186	chr17	chromothripsis	0.4447333216667175	0.5799999833106995	0	1
loo	CERV186	CERV186	chr17	ecDNA	0.1305368691682815	0.5799999833106995	0	0
loo	CERV186	CERV186	chr17	seismic_amplification	0.1343135982751846	0.75	0	0
loo	CERV186	CERV186	chr18	BFB	0.0618590824306011	0.5799999833106995	0	0
loo	CERV186	CERV186	chr18	chromothripsis	0.0718736052513122	0.5799999833106995	0	0
loo	CERV186	CERV186	chr18	ecDNA	0.0902366936206817	0.5799999833106995	0	0
loo	CERV186	CERV186	chr18	seismic_amplification	0.0521835163235664	0.75	0	0
loo	CERV186	CERV186	chr19	BFB	0.1946408450603485	0.5799999833106995	0	0
loo	CERV186	CERV186	chr19	chromothripsis	0.3820647597312927	0.5799999833106995	0	0
loo	CERV186	CERV186	chr19	ecDNA	0.1909496784210205	0.5799999833106995	0	0
loo	CERV186	CERV186	chr19	seismic_amplification	0.2211498916149139	0.75	0	0
loo	CERV186	CERV186	chr2	BFB	0.0661103650927543	0.5799999833106995	0	0
loo	CERV186	CERV186	chr2	chromothripsis	0.2131204158067703	0.5799999833106995	0	0
loo	CERV186	CERV186	chr2	ecDNA	0.102691575884819	0.5799999833106995	0	0
loo	CERV186	CERV186	chr2	seismic_amplification	0.0746620148420333	0.75	0	0
loo	CERV186	CERV186	chr20	BFB	0.081792838871479	0.5799999833106995	0	0
loo	CERV186	CERV186	chr20	chromothripsis	0.1051698103547096	0.5799999833106995	0	0
loo	CERV186	CERV186	chr20	ecDNA	0.1236010268330574	0.5799999833106995	0	0
loo	CERV186	CERV186	chr20	seismic_amplification	0.083182618021965	0.75	0	0
loo	CERV186	CERV186	chr21	BFB	0.064450666308403	0.5799999833106995	0	0
loo	CERV186	CERV186	chr21	chromothripsis	0.0847328156232833	0.5799999833106995	0	0
loo	CERV186	CERV186	chr21	ecDNA	0.0650792270898819	0.5799999833106995	0	0
loo	CERV186	CERV186	chr21	seismic_amplification	0.0539796240627765	0.75	0	0
loo	CERV186	CERV186	chr22	BFB	0.1112681105732917	0.5799999833106995	0	0
loo	CERV186	CERV186	chr22	chromothripsis	0.0990689620375633	0.5799999833106995	0	0
loo	CERV186	CERV186	chr22	ecDNA	0.1016394421458244	0.5799999833106995	0	0
loo	CERV186	CERV186	chr22	seismic_amplification	0.0948447957634925	0.75	0	0
loo	CERV186	CERV186	chr3	BFB	0.0503929443657398	0.5799999833106995	0	0
loo	CERV186	CERV186	chr3	chromothripsis	0.305149495601654	0.5799999833106995	0	0
loo	CERV186	CERV186	chr3	ecDNA	0.0631380975246429	0.5799999833106995	0	0
loo	CERV186	CERV186	chr3	seismic_amplification	0.0373859591782093	0.75	0	0
loo	CERV186	CERV186	chr4	BFB	0.0541177317500114	0.5799999833106995	0	0
loo	CERV186	CERV186	chr4	chromothripsis	0.0854597985744476	0.5799999833106995	0	0
loo	CERV186	CERV186	chr4	ecDNA	0.0856611877679824	0.5799999833106995	0	0
loo	CERV186	CERV186	chr4	seismic_amplification	0.0686725303530693	0.75	0	0
loo	CERV186	CERV186	chr5	BFB	0.0862647891044616	0.5799999833106995	0	0
loo	CERV186	CERV186	chr5	chromothripsis	0.4879997372627258	0.5799999833106995	0	0
loo	CERV186	CERV186	chr5	ecDNA	0.0977906435728073	0.5799999833106995	0	0
loo	CERV186	CERV186	chr5	seismic_amplification	0.05615109577775	0.75	0	0
loo	CERV186	CERV186	chr6	BFB	0.054191417992115	0.5799999833106995	0	0
loo	CERV186	CERV186	chr6	chromothripsis	0.071899302303791	0.5799999833106995	0	0
loo	CERV186	CERV186	chr6	ecDNA	0.0661362558603286	0.5799999833106995	0	0
loo	CERV186	CERV186	chr6	seismic_amplification	0.0272400956600904	0.75	0	0
loo	CERV186	CERV186	chr7	BFB	0.1417634487152099	0.5799999833106995	0	0
loo	CERV186	CERV186	chr7	chromothripsis	0.1182380840182304	0.5799999833106995	0	0
loo	CERV186	CERV186	chr7	ecDNA	0.0948121547698974	0.5799999833106995	0	0
loo	CERV186	CERV186	chr7	seismic_amplification	0.0747785046696662	0.75	0	0
loo	CERV186	CERV186	chr8	BFB	0.6439708471298218	0.5799999833106995	1	0
loo	CERV186	CERV186	chr8	chromothripsis	0.4816380441188812	0.5799999833106995	0	0
loo	CERV186	CERV186	chr8	ecDNA	0.5720964670181274	0.5799999833106995	0	0
loo	CERV186	CERV186	chr8	seismic_amplification	0.5893891453742981	0.75	0	0
loo	CERV186	CERV186	chr9	BFB	0.066005490720272	0.5799999833106995	0	0
loo	CERV186	CERV186	chr9	chromothripsis	0.1445004492998123	0.5799999833106995	0	0
loo	CERV186	CERV186	chr9	ecDNA	0.0960889011621475	0.5799999833106995	0	0
loo	CERV186	CERV186	chr9	seismic_amplification	0.0650995373725891	0.75	0	0
loo	CERV186	CERV186	chrX	BFB	0.0543528087437152	0.5799999833106995	0	0
loo	CERV186	CERV186	chrX	chromothripsis	0.133924052119255	0.5799999833106995	0	0
loo	CERV186	CERV186	chrX	ecDNA	0.105276770889759	0.5799999833106995	0	0
loo	CERV186	CERV186	chrX	seismic_amplification	0.0515436679124832	0.75	0	0
loo	CERV196	CERV196	chr1	BFB	0.1274364739656448	0.6100000143051147	0	0
loo	CERV196	CERV196	chr1	chromothripsis	0.2274752855300903	0.6499999761581421	0	0
loo	CERV196	CERV196	chr1	ecDNA	0.0879932641983032	0.3100000023841858	0	0
loo	CERV196	CERV196	chr1	seismic_amplification	0.0619188994169235	0.8500000238418579	0	0
loo	CERV196	CERV196	chr10	BFB	0.1245095357298851	0.6100000143051147	0	0
loo	CERV196	CERV196	chr10	chromothripsis	0.3829382359981537	0.6499999761581421	0	0
loo	CERV196	CERV196	chr10	ecDNA	0.1116415187716484	0.3100000023841858	0	0
loo	CERV196	CERV196	chr10	seismic_amplification	0.0848207622766494	0.8500000238418579	0	0
loo	CERV196	CERV196	chr11	BFB	0.6770910024642944	0.6100000143051147	1	0
loo	CERV196	CERV196	chr11	chromothripsis	0.2749486267566681	0.6499999761581421	0	0
loo	CERV196	CERV196	chr11	ecDNA	0.3339594006538391	0.3100000023841858	1	0
loo	CERV196	CERV196	chr11	seismic_amplification	0.4124380946159363	0.8500000238418579	0	0
loo	CERV196	CERV196	chr12	BFB	0.2534648180007934	0.6100000143051147	0	0
loo	CERV196	CERV196	chr12	chromothripsis	0.304751843214035	0.6499999761581421	0	0
loo	CERV196	CERV196	chr12	ecDNA	0.1961780339479446	0.3100000023841858	0	0
loo	CERV196	CERV196	chr12	seismic_amplification	0.1537581086158752	0.8500000238418579	0	0
loo	CERV196	CERV196	chr13	BFB	0.2381514906883239	0.6100000143051147	0	0
loo	CERV196	CERV196	chr13	chromothripsis	0.1099607720971107	0.6499999761581421	0	0
loo	CERV196	CERV196	chr13	ecDNA	0.1117896065115928	0.3100000023841858	0	1
loo	CERV196	CERV196	chr13	seismic_amplification	0.0792678371071815	0.8500000238418579	0	0
loo	CERV196	CERV196	chr14	BFB	0.089051604270935	0.6100000143051147	0	0
loo	CERV196	CERV196	chr14	chromothripsis	0.2982811033725738	0.6499999761581421	0	0
loo	CERV196	CERV196	chr14	ecDNA	0.0906380116939544	0.3100000023841858	0	0
loo	CERV196	CERV196	chr14	seismic_amplification	0.0731315240263938	0.8500000238418579	0	0
loo	CERV196	CERV196	chr15	BFB	0.0776547864079475	0.6100000143051147	0	0
loo	CERV196	CERV196	chr15	chromothripsis	0.0605115741491317	0.6499999761581421	0	0
loo	CERV196	CERV196	chr15	ecDNA	0.0791302621364593	0.3100000023841858	0	0
loo	CERV196	CERV196	chr15	seismic_amplification	0.0558518022298812	0.8500000238418579	0	0
loo	CERV196	CERV196	chr16	BFB	0.0786634236574173	0.6100000143051147	0	0
loo	CERV196	CERV196	chr16	chromothripsis	0.2189306020736694	0.6499999761581421	0	0
loo	CERV196	CERV196	chr16	ecDNA	0.114955835044384	0.3100000023841858	0	0
loo	CERV196	CERV196	chr16	seismic_amplification	0.0664451047778129	0.8500000238418579	0	0
loo	CERV196	CERV196	chr17	BFB	0.0637688934803009	0.6100000143051147	0	0
loo	CERV196	CERV196	chr17	chromothripsis	0.2890191972255707	0.6499999761581421	0	0
loo	CERV196	CERV196	chr17	ecDNA	0.097321443259716	0.3100000023841858	0	0
loo	CERV196	CERV196	chr17	seismic_amplification	0.0687241479754448	0.8500000238418579	0	0
loo	CERV196	CERV196	chr18	BFB	0.1440595239400863	0.6100000143051147	0	0
loo	CERV196	CERV196	chr18	chromothripsis	0.2115622609853744	0.6499999761581421	0	0
loo	CERV196	CERV196	chr18	ecDNA	0.0911182835698127	0.3100000023841858	0	0
loo	CERV196	CERV196	chr18	seismic_amplification	0.0849871486425399	0.8500000238418579	0	0
loo	CERV196	CERV196	chr19	BFB	0.1126758605241775	0.6100000143051147	0	0
loo	CERV196	CERV196	chr19	chromothripsis	0.16678087413311	0.6499999761581421	0	0
loo	CERV196	CERV196	chr19	ecDNA	0.0972329080104827	0.3100000023841858	0	0
loo	CERV196	CERV196	chr19	seismic_amplification	0.1510165780782699	0.8500000238418579	0	0
loo	CERV196	CERV196	chr2	BFB	0.0494157150387764	0.6100000143051147	0	0
loo	CERV196	CERV196	chr2	chromothripsis	0.1663514673709869	0.6499999761581421	0	0
loo	CERV196	CERV196	chr2	ecDNA	0.0957886353135109	0.3100000023841858	0	0
loo	CERV196	CERV196	chr2	seismic_amplification	0.0482959039509296	0.8500000238418579	0	0
loo	CERV196	CERV196	chr20	BFB	0.0927137210965156	0.6100000143051147	0	0
loo	CERV196	CERV196	chr20	chromothripsis	0.1426936537027359	0.6499999761581421	0	0
loo	CERV196	CERV196	chr20	ecDNA	0.1124720722436904	0.3100000023841858	0	0
loo	CERV196	CERV196	chr20	seismic_amplification	0.0933759361505508	0.8500000238418579	0	0
loo	CERV196	CERV196	chr21	BFB	0.0830321535468101	0.6100000143051147	0	0
loo	CERV196	CERV196	chr21	chromothripsis	0.1866145133972168	0.6499999761581421	0	0
loo	CERV196	CERV196	chr21	ecDNA	0.1401333659887313	0.3100000023841858	0	0
loo	CERV196	CERV196	chr21	seismic_amplification	0.0822944492101669	0.8500000238418579	0	0
loo	CERV196	CERV196	chr22	BFB	0.1077491343021392	0.6100000143051147	0	0
loo	CERV196	CERV196	chr22	chromothripsis	0.1579550206661224	0.6499999761581421	0	0
loo	CERV196	CERV196	chr22	ecDNA	0.0722423940896987	0.3100000023841858	0	0
loo	CERV196	CERV196	chr22	seismic_amplification	0.0561873950064182	0.8500000238418579	0	0
loo	CERV196	CERV196	chr3	BFB	0.1214682385325431	0.6100000143051147	0	0
loo	CERV196	CERV196	chr3	chromothripsis	0.1321479678153991	0.6499999761581421	0	0
loo	CERV196	CERV196	chr3	ecDNA	0.0659737512469291	0.3100000023841858	0	0
loo	CERV196	CERV196	chr3	seismic_amplification	0.0487279780209064	0.8500000238418579	0	0
loo	CERV196	CERV196	chr4	BFB	0.0723547488451004	0.6100000143051147	0	0
loo	CERV196	CERV196	chr4	chromothripsis	0.3701837360858917	0.6499999761581421	0	0
loo	CERV196	CERV196	chr4	ecDNA	0.1278839260339737	0.3100000023841858	0	0
loo	CERV196	CERV196	chr4	seismic_amplification	0.067838430404663	0.8500000238418579	0	0
loo	CERV196	CERV196	chr5	BFB	0.0799607187509536	0.6100000143051147	0	0
loo	CERV196	CERV196	chr5	chromothripsis	0.1709619760513305	0.6499999761581421	0	0
loo	CERV196	CERV196	chr5	ecDNA	0.0878806412220001	0.3100000023841858	0	0
loo	CERV196	CERV196	chr5	seismic_amplification	0.0476426668465137	0.8500000238418579	0	0
loo	CERV196	CERV196	chr6	BFB	0.6519383788108826	0.6100000143051147	1	1
loo	CERV196	CERV196	chr6	chromothripsis	0.2069085091352462	0.6499999761581421	0	0
loo	CERV196	CERV196	chr6	ecDNA	0.26486736536026	0.3100000023841858	0	1
loo	CERV196	CERV196	chr6	seismic_amplification	0.2332634478807449	0.8500000238418579	0	0
loo	CERV196	CERV196	chr7	BFB	0.076600857079029	0.6100000143051147	0	0
loo	CERV196	CERV196	chr7	chromothripsis	0.1941708028316497	0.6499999761581421	0	0
loo	CERV196	CERV196	chr7	ecDNA	0.0743027925491333	0.3100000023841858	0	0
loo	CERV196	CERV196	chr7	seismic_amplification	0.0654495880007743	0.8500000238418579	0	0
loo	CERV196	CERV196	chr8	BFB	0.088997296988964	0.6100000143051147	0	0
loo	CERV196	CERV196	chr8	chromothripsis	0.3175429105758667	0.6499999761581421	0	0
loo	CERV196	CERV196	chr8	ecDNA	0.0830398127436637	0.3100000023841858	0	0
loo	CERV196	CERV196	chr8	seismic_amplification	0.0698126703500747	0.8500000238418579	0	0
loo	CERV196	CERV196	chr9	BFB	0.0984309166669845	0.6100000143051147	0	0
loo	CERV196	CERV196	chr9	chromothripsis	0.1171103417873382	0.6499999761581421	0	0
loo	CERV196	CERV196	chr9	ecDNA	0.1020124107599258	0.3100000023841858	0	0
loo	CERV196	CERV196	chr9	seismic_amplification	0.0978763476014137	0.8500000238418579	0	0
loo	CERV196	CERV196	chrX	BFB	0.0627638846635818	0.6100000143051147	0	0
loo	CERV196	CERV196	chrX	chromothripsis	0.3163234293460846	0.6499999761581421	0	0
loo	CERV196	CERV196	chrX	ecDNA	0.1137028858065605	0.3100000023841858	0	0
loo	CERV196	CERV196	chrX	seismic_amplification	0.0588928833603858	0.8500000238418579	0	0
loo	CERV215	CERV215	chr1	BFB	0.1335272789001464	0.449999988079071	0	0
loo	CERV215	CERV215	chr1	chromothripsis	0.1203249394893646	0.5899999737739563	0	0
loo	CERV215	CERV215	chr1	ecDNA	0.0943110510706901	0.3400000035762787	0	0
loo	CERV215	CERV215	chr1	seismic_amplification	0.0533176623284816	0.8299999833106995	0	0
loo	CERV215	CERV215	chr10	BFB	0.1222008019685745	0.449999988079071	0	0
loo	CERV215	CERV215	chr10	chromothripsis	0.1302733123302459	0.5899999737739563	0	0
loo	CERV215	CERV215	chr10	ecDNA	0.1127583980560302	0.3400000035762787	0	0
loo	CERV215	CERV215	chr10	seismic_amplification	0.1224187985062599	0.8299999833106995	0	0
loo	CERV215	CERV215	chr11	BFB	0.9593923091888428	0.449999988079071	1	1
loo	CERV215	CERV215	chr11	chromothripsis	0.2570793628692627	0.5899999737739563	0	0
loo	CERV215	CERV215	chr11	ecDNA	0.7129417657852173	0.3400000035762787	1	1
loo	CERV215	CERV215	chr11	seismic_amplification	0.3784990012645721	0.8299999833106995	0	0
loo	CERV215	CERV215	chr12	BFB	0.0691389441490173	0.449999988079071	0	0
loo	CERV215	CERV215	chr12	chromothripsis	0.104927122592926	0.5899999737739563	0	0
loo	CERV215	CERV215	chr12	ecDNA	0.073036789894104	0.3400000035762787	0	0
loo	CERV215	CERV215	chr12	seismic_amplification	0.0809811502695083	0.8299999833106995	0	0
loo	CERV215	CERV215	chr13	BFB	0.0906666219234466	0.449999988079071	0	0
loo	CERV215	CERV215	chr13	chromothripsis	0.0509885624051094	0.5899999737739563	0	0
loo	CERV215	CERV215	chr13	ecDNA	0.0869400277733802	0.3400000035762787	0	0
loo	CERV215	CERV215	chr13	seismic_amplification	0.0297628287225961	0.8299999833106995	0	0
loo	CERV215	CERV215	chr14	BFB	0.0539913475513458	0.449999988079071	0	0
loo	CERV215	CERV215	chr14	chromothripsis	0.0274222139269113	0.5899999737739563	0	0
loo	CERV215	CERV215	chr14	ecDNA	0.055657684803009	0.3400000035762787	0	0
loo	CERV215	CERV215	chr14	seismic_amplification	0.0239028725773096	0.8299999833106995	0	0
loo	CERV215	CERV215	chr15	BFB	0.0640209466218948	0.449999988079071	0	0
loo	CERV215	CERV215	chr15	chromothripsis	0.0374967083334922	0.5899999737739563	0	0
loo	CERV215	CERV215	chr15	ecDNA	0.0769777074456214	0.3400000035762787	0	0
loo	CERV215	CERV215	chr15	seismic_amplification	0.0452992357313632	0.8299999833106995	0	0
loo	CERV215	CERV215	chr16	BFB	0.2463296055793762	0.449999988079071	0	0
loo	CERV215	CERV215	chr16	chromothripsis	0.0845163613557815	0.5899999737739563	0	0
loo	CERV215	CERV215	chr16	ecDNA	0.1523825079202652	0.3400000035762787	0	0
loo	CERV215	CERV215	chr16	seismic_amplification	0.0729172080755233	0.8299999833106995	0	0
loo	CERV215	CERV215	chr17	BFB	0.211355447769165	0.449999988079071	0	0
loo	CERV215	CERV215	chr17	chromothripsis	0.5829823613166809	0.5899999737739563	0	0
loo	CERV215	CERV215	chr17	ecDNA	0.1592908352613449	0.3400000035762787	0	0
loo	CERV215	CERV215	chr17	seismic_amplification	0.0965960919857025	0.8299999833106995	0	0
loo	CERV215	CERV215	chr18	BFB	0.1436591744422912	0.449999988079071	0	0
loo	CERV215	CERV215	chr18	chromothripsis	0.1016537025570869	0.5899999737739563	0	0
loo	CERV215	CERV215	chr18	ecDNA	0.2221097648143768	0.3400000035762787	0	0
loo	CERV215	CERV215	chr18	seismic_amplification	0.1098170578479766	0.8299999833106995	0	0
loo	CERV215	CERV215	chr19	BFB	0.1281911730766296	0.449999988079071	0	0
loo	CERV215	CERV215	chr19	chromothripsis	0.0574825443327426	0.5899999737739563	0	0
loo	CERV215	CERV215	chr19	ecDNA	0.1278424113988876	0.3400000035762787	0	0
loo	CERV215	CERV215	chr19	seismic_amplification	0.0583515539765358	0.8299999833106995	0	0
loo	CERV215	CERV215	chr2	BFB	0.0661176443099975	0.449999988079071	0	0
loo	CERV215	CERV215	chr2	chromothripsis	0.0387745574116706	0.5899999737739563	0	0
loo	CERV215	CERV215	chr2	ecDNA	0.0693172961473465	0.3400000035762787	0	0
loo	CERV215	CERV215	chr2	seismic_amplification	0.0382164008915424	0.8299999833106995	0	0
loo	CERV215	CERV215	chr20	BFB	0.176877737045288	0.449999988079071	0	0
loo	CERV215	CERV215	chr20	chromothripsis	0.5002581477165222	0.5899999737739563	0	0
loo	CERV215	CERV215	chr20	ecDNA	0.1422600001096725	0.3400000035762787	0	0
loo	CERV215	CERV215	chr20	seismic_amplification	0.1453694105148315	0.8299999833106995	0	0
loo	CERV215	CERV215	chr21	BFB	0.075130894780159	0.449999988079071	0	0
loo	CERV215	CERV215	chr21	chromothripsis	0.0474868975579738	0.5899999737739563	0	0
loo	CERV215	CERV215	chr21	ecDNA	0.0865854024887085	0.3400000035762787	0	0
loo	CERV215	CERV215	chr21	seismic_amplification	0.0409400947391986	0.8299999833106995	0	0
loo	CERV215	CERV215	chr22	BFB	0.1214042454957962	0.449999988079071	0	0
loo	CERV215	CERV215	chr22	chromothripsis	0.1648598164319992	0.5899999737739563	0	0
loo	CERV215	CERV215	chr22	ecDNA	0.1214926987886428	0.3400000035762787	0	0
loo	CERV215	CERV215	chr22	seismic_amplification	0.0940647572278976	0.8299999833106995	0	0
loo	CERV215	CERV215	chr3	BFB	0.0577142871916294	0.449999988079071	0	0
loo	CERV215	CERV215	chr3	chromothripsis	0.0733827501535415	0.5899999737739563	0	0
loo	CERV215	CERV215	chr3	ecDNA	0.0684528723359108	0.3400000035762787	0	0
loo	CERV215	CERV215	chr3	seismic_amplification	0.0359919928014278	0.8299999833106995	0	0
loo	CERV215	CERV215	chr4	BFB	0.0781820565462112	0.449999988079071	0	0
loo	CERV215	CERV215	chr4	chromothripsis	0.0556586384773254	0.5899999737739563	0	0
loo	CERV215	CERV215	chr4	ecDNA	0.0803796201944351	0.3400000035762787	0	0
loo	CERV215	CERV215	chr4	seismic_amplification	0.0391436032950878	0.8299999833106995	0	0
loo	CERV215	CERV215	chr5	BFB	0.156591847538948	0.449999988079071	0	0
loo	CERV215	CERV215	chr5	chromothripsis	0.1152997463941574	0.5899999737739563	0	0
loo	CERV215	CERV215	chr5	ecDNA	0.0958461910486221	0.3400000035762787	0	0
loo	CERV215	CERV215	chr5	seismic_amplification	0.0829494670033454	0.8299999833106995	0	0
loo	CERV215	CERV215	chr6	BFB	0.0829582065343856	0.449999988079071	0	0
loo	CERV215	CERV215	chr6	chromothripsis	0.0913663879036903	0.5899999737739563	0	0
loo	CERV215	CERV215	chr6	ecDNA	0.0818642526865005	0.3400000035762787	0	0
loo	CERV215	CERV215	chr6	seismic_amplification	0.0462108440697193	0.8299999833106995	0	0
loo	CERV215	CERV215	chr7	BFB	0.0684996172785759	0.449999988079071	0	0
loo	CERV215	CERV215	chr7	chromothripsis	0.0469391755759716	0.5899999737739563	0	0
loo	CERV215	CERV215	chr7	ecDNA	0.0783902034163475	0.3400000035762787	0	0
loo	CERV215	CERV215	chr7	seismic_amplification	0.0424036234617233	0.8299999833106995	0	0
loo	CERV215	CERV215	chr8	BFB	0.1414923667907714	0.449999988079071	0	0
loo	CERV215	CERV215	chr8	chromothripsis	0.3546407222747803	0.5899999737739563	0	0
loo	CERV215	CERV215	chr8	ecDNA	0.1036265343427658	0.3400000035762787	0	0
loo	CERV215	CERV215	chr8	seismic_amplification	0.0565852895379066	0.8299999833106995	0	0
loo	CERV215	CERV215	chr9	BFB	0.3852567374706268	0.449999988079071	0	0
loo	CERV215	CERV215	chr9	chromothripsis	0.0653674602508544	0.5899999737739563	0	0
loo	CERV215	CERV215	chr9	ecDNA	0.1791919916868209	0.3400000035762787	0	0
loo	CERV215	CERV215	chr9	seismic_amplification	0.0475192256271839	0.8299999833106995	0	0
loo	CERV215	CERV215	chrX	BFB	0.1653290390968322	0.449999988079071	0	0
loo	CERV215	CERV215	chrX	chromothripsis	0.049021802842617	0.5899999737739563	0	0
loo	CERV215	CERV215	chrX	ecDNA	0.0847361087799072	0.3400000035762787	0	0
loo	CERV215	CERV215	chrX	seismic_amplification	0.0440801456570625	0.8299999833106995	0	0
loo	CFPAC1	CFPAC1	chr1	BFB	0.1519356667995453	0.4199999868869781	0	0
loo	CFPAC1	CFPAC1	chr1	chromothripsis	0.2810901701450348	0.6399999856948853	0	0
loo	CFPAC1	CFPAC1	chr1	ecDNA	0.0513859614729881	0.3600000143051147	0	0
loo	CFPAC1	CFPAC1	chr1	seismic_amplification	0.0962695628404617	0.8600000143051147	0	0
loo	CFPAC1	CFPAC1	chr10	BFB	0.0878562033176422	0.4199999868869781	0	0
loo	CFPAC1	CFPAC1	chr10	chromothripsis	0.0646591708064079	0.6399999856948853	0	0
loo	CFPAC1	CFPAC1	chr10	ecDNA	0.0300202164798975	0.3600000143051147	0	0
loo	CFPAC1	CFPAC1	chr10	seismic_amplification	0.0748794674873352	0.8600000143051147	0	0
loo	CFPAC1	CFPAC1	chr11	BFB	0.1717940419912338	0.4199999868869781	0	0
loo	CFPAC1	CFPAC1	chr11	chromothripsis	0.7349818348884583	0.6399999856948853	1	1
loo	CFPAC1	CFPAC1	chr11	ecDNA	0.1630175560712814	0.3600000143051147	0	0
loo	CFPAC1	CFPAC1	chr11	seismic_amplification	0.8351119160652161	0.8600000143051147	0	0
loo	CFPAC1	CFPAC1	chr12	BFB	0.2995785176753998	0.4199999868869781	0	0
loo	CFPAC1	CFPAC1	chr12	chromothripsis	0.2004451751708984	0.6399999856948853	0	0
loo	CFPAC1	CFPAC1	chr12	ecDNA	0.0948432758450508	0.3600000143051147	0	0
loo	CFPAC1	CFPAC1	chr12	seismic_amplification	0.1251578032970428	0.8600000143051147	0	0
loo	CFPAC1	CFPAC1	chr13	BFB	0.084568865597248	0.4199999868869781	0	0
loo	CFPAC1	CFPAC1	chr13	chromothripsis	0.0766723752021789	0.6399999856948853	0	0
loo	CFPAC1	CFPAC1	chr13	ecDNA	0.0285942479968071	0.3600000143051147	0	0
loo	CFPAC1	CFPAC1	chr13	seismic_amplification	0.0625237226486206	0.8600000143051147	0	0
loo	CFPAC1	CFPAC1	chr14	BFB	0.1467841267585754	0.4199999868869781	0	0
loo	CFPAC1	CFPAC1	chr14	chromothripsis	0.0559072829782962	0.6399999856948853	0	0
loo	CFPAC1	CFPAC1	chr14	ecDNA	0.0300101563334465	0.3600000143051147	0	0
loo	CFPAC1	CFPAC1	chr14	seismic_amplification	0.0734766200184822	0.8600000143051147	0	0
loo	CFPAC1	CFPAC1	chr15	BFB	0.1047265529632568	0.4199999868869781	0	0
loo	CFPAC1	CFPAC1	chr15	chromothripsis	0.124327927827835	0.6399999856948853	0	0
loo	CFPAC1	CFPAC1	chr15	ecDNA	0.0327662639319896	0.3600000143051147	0	0
loo	CFPAC1	CFPAC1	chr15	seismic_amplification	0.0787036269903183	0.8600000143051147	0	0
loo	CFPAC1	CFPAC1	chr16	BFB	0.1773853302001953	0.4199999868869781	0	0
loo	CFPAC1	CFPAC1	chr16	chromothripsis	0.1894783228635788	0.6399999856948853	0	0
loo	CFPAC1	CFPAC1	chr16	ecDNA	0.0989936143159866	0.3600000143051147	0	0
loo	CFPAC1	CFPAC1	chr16	seismic_amplification	0.1552057564258575	0.8600000143051147	0	0
loo	CFPAC1	CFPAC1	chr17	BFB	0.7827088832855225	0.4199999868869781	1	1
loo	CFPAC1	CFPAC1	chr17	chromothripsis	0.3427286744117737	0.6399999856948853	0	0
loo	CFPAC1	CFPAC1	chr17	ecDNA	0.5008316040039062	0.3600000143051147	1	0
loo	CFPAC1	CFPAC1	chr17	seismic_amplification	0.306243896484375	0.8600000143051147	0	0
loo	CFPAC1	CFPAC1	chr18	BFB	0.3064402341842651	0.4199999868869781	0	0
loo	CFPAC1	CFPAC1	chr18	chromothripsis	0.1636643707752227	0.6399999856948853	0	0
loo	CFPAC1	CFPAC1	chr18	ecDNA	0.1344158798456192	0.3600000143051147	0	0
loo	CFPAC1	CFPAC1	chr18	seismic_amplification	0.1507840752601623	0.8600000143051147	0	0
loo	CFPAC1	CFPAC1	chr19	BFB	0.163019374012947	0.4199999868869781	0	0
loo	CFPAC1	CFPAC1	chr19	chromothripsis	0.187721237540245	0.6399999856948853	0	0
loo	CFPAC1	CFPAC1	chr19	ecDNA	0.0872028023004531	0.3600000143051147	0	0
loo	CFPAC1	CFPAC1	chr19	seismic_amplification	0.0671074017882347	0.8600000143051147	0	0
loo	CFPAC1	CFPAC1	chr2	BFB	0.0459042266011238	0.4199999868869781	0	0
loo	CFPAC1	CFPAC1	chr2	chromothripsis	0.1689712405204773	0.6399999856948853	0	0
loo	CFPAC1	CFPAC1	chr2	ecDNA	0.0187244452536106	0.3600000143051147	0	0
loo	CFPAC1	CFPAC1	chr2	seismic_amplification	0.0448849909007549	0.8600000143051147	0	0
loo	CFPAC1	CFPAC1	chr20	BFB	0.1382512152194976	0.4199999868869781	0	0
loo	CFPAC1	CFPAC1	chr20	chromothripsis	0.1152944564819336	0.6399999856948853	0	0
loo	CFPAC1	CFPAC1	chr20	ecDNA	0.0444587804377079	0.3600000143051147	0	0
loo	CFPAC1	CFPAC1	chr20	seismic_amplification	0.1124939322471618	0.8600000143051147	0	0
loo	CFPAC1	CFPAC1	chr21	BFB	0.1070602908730506	0.4199999868869781	0	0
loo	CFPAC1	CFPAC1	chr21	chromothripsis	0.0667347237467765	0.6399999856948853	0	0
loo	CFPAC1	CFPAC1	chr21	ecDNA	0.0253220405429601	0.3600000143051147	0	0
loo	CFPAC1	CFPAC1	chr21	seismic_amplification	0.0800326764583587	0.8600000143051147	0	0
loo	CFPAC1	CFPAC1	chr22	BFB	0.1425881087779998	0.4199999868869781	0	0
loo	CFPAC1	CFPAC1	chr22	chromothripsis	0.0361749343574047	0.6399999856948853	0	0
loo	CFPAC1	CFPAC1	chr22	ecDNA	0.0431250818073749	0.3600000143051147	0	0
loo	CFPAC1	CFPAC1	chr22	seismic_amplification	0.0780358240008354	0.8600000143051147	0	0
loo	CFPAC1	CFPAC1	chr3	BFB	0.1835711449384689	0.4199999868869781	0	0
loo	CFPAC1	CFPAC1	chr3	chromothripsis	0.2375221252441406	0.6399999856948853	0	0
loo	CFPAC1	CFPAC1	chr3	ecDNA	0.0558479018509388	0.3600000143051147	0	0
loo	CFPAC1	CFPAC1	chr3	seismic_amplification	0.1028917431831359	0.8600000143051147	0	0
loo	CFPAC1	CFPAC1	chr4	BFB	0.1118645220994949	0.4199999868869781	0	0
loo	CFPAC1	CFPAC1	chr4	chromothripsis	0.670867383480072	0.6399999856948853	1	0
loo	CFPAC1	CFPAC1	chr4	ecDNA	0.0675639286637306	0.3600000143051147	0	0
loo	CFPAC1	CFPAC1	chr4	seismic_amplification	0.1250455677509308	0.8600000143051147	0	0
loo	CFPAC1	CFPAC1	chr5	BFB	0.2176742702722549	0.4199999868869781	0	0
loo	CFPAC1	CFPAC1	chr5	chromothripsis	0.0803559720516204	0.6399999856948853	0	0
loo	CFPAC1	CFPAC1	chr5	ecDNA	0.0472335629165172	0.3600000143051147	0	0
loo	CFPAC1	CFPAC1	chr5	seismic_amplification	0.0998233705759048	0.8600000143051147	0	0
loo	CFPAC1	CFPAC1	chr6	BFB	0.325723648071289	0.4199999868869781	0	0
loo	CFPAC1	CFPAC1	chr6	chromothripsis	0.1569484919309616	0.6399999856948853	0	0
loo	CFPAC1	CFPAC1	chr6	ecDNA	0.1105696856975555	0.3600000143051147	0	0
loo	CFPAC1	CFPAC1	chr6	seismic_amplification	0.1097317636013031	0.8600000143051147	0	0
loo	CFPAC1	CFPAC1	chr7	BFB	0.2106397897005081	0.4199999868869781	0	0
loo	CFPAC1	CFPAC1	chr7	chromothripsis	0.1305392533540725	0.6399999856948853	0	0
loo	CFPAC1	CFPAC1	chr7	ecDNA	0.0923702120780944	0.3600000143051147	0	0
loo	CFPAC1	CFPAC1	chr7	seismic_amplification	0.0928959473967552	0.8600000143051147	0	0
loo	CFPAC1	CFPAC1	chr8	BFB	0.3945012986660003	0.4199999868869781	0	0
loo	CFPAC1	CFPAC1	chr8	chromothripsis	0.5708573460578918	0.6399999856948853	0	0
loo	CFPAC1	CFPAC1	chr8	ecDNA	0.1671756953001022	0.3600000143051147	0	0
loo	CFPAC1	CFPAC1	chr8	seismic_amplification	0.1874538511037826	0.8600000143051147	0	0
loo	CFPAC1	CFPAC1	chr9	BFB	0.065659299492836	0.4199999868869781	0	0
loo	CFPAC1	CFPAC1	chr9	chromothripsis	0.0732957050204277	0.6399999856948853	0	0
loo	CFPAC1	CFPAC1	chr9	ecDNA	0.0252818185836076	0.3600000143051147	0	0
loo	CFPAC1	CFPAC1	chr9	seismic_amplification	0.0547957271337509	0.8600000143051147	0	0
loo	CFPAC1	CFPAC1	chrX	BFB	0.1686889231204986	0.4199999868869781	0	0
loo	CFPAC1	CFPAC1	chrX	chromothripsis	0.1077717617154121	0.6399999856948853	0	0
loo	CFPAC1	CFPAC1	chrX	ecDNA	0.066600888967514	0.3600000143051147	0	0
loo	CFPAC1	CFPAC1	chrX	seismic_amplification	0.1029790937900543	0.8600000143051147	0	0
loo	CaSki	CaSki	chr1	BFB	0.0626755356788635	0.2599999904632568	0	0
loo	CaSki	CaSki	chr1	chromothripsis	0.0548796840012073	0.6200000047683716	0	0
loo	CaSki	CaSki	chr1	ecDNA	0.0225447211414575	0.4099999964237213	0	0
loo	CaSki	CaSki	chr1	seismic_amplification	0.0575470589101314	0.8100000023841858	0	0
loo	CaSki	CaSki	chr10	BFB	0.0883955657482147	0.2599999904632568	0	0
loo	CaSki	CaSki	chr10	chromothripsis	0.0959381461143493	0.6200000047683716	0	0
loo	CaSki	CaSki	chr10	ecDNA	0.0453838855028152	0.4099999964237213	0	0
loo	CaSki	CaSki	chr10	seismic_amplification	0.096564307808876	0.8100000023841858	0	0
loo	CaSki	CaSki	chr11	BFB	0.8700008988380432	0.2599999904632568	1	1
loo	CaSki	CaSki	chr11	chromothripsis	0.5330385565757751	0.6200000047683716	0	0
loo	CaSki	CaSki	chr11	ecDNA	0.7507725358009338	0.4099999964237213	1	0
loo	CaSki	CaSki	chr11	seismic_amplification	0.365389883518219	0.8100000023841858	0	0
loo	CaSki	CaSki	chr12	BFB	0.0718955099582672	0.2599999904632568	0	0
loo	CaSki	CaSki	chr12	chromothripsis	0.0629650801420211	0.6200000047683716	0	0
loo	CaSki	CaSki	chr12	ecDNA	0.0308439657092094	0.4099999964237213	0	0
loo	CaSki	CaSki	chr12	seismic_amplification	0.0800515189766883	0.8100000023841858	0	0
loo	CaSki	CaSki	chr13	BFB	0.0544686913490295	0.2599999904632568	0	0
loo	CaSki	CaSki	chr13	chromothripsis	0.0800503939390182	0.6200000047683716	0	0
loo	CaSki	CaSki	chr13	ecDNA	0.0195565298199653	0.4099999964237213	0	0
loo	CaSki	CaSki	chr13	seismic_amplification	0.0583611279726028	0.8100000023841858	0	0
loo	CaSki	CaSki	chr14	BFB	0.1534607112407684	0.2599999904632568	0	0
loo	CaSki	CaSki	chr14	chromothripsis	0.2315981239080429	0.6200000047683716	0	0
loo	CaSki	CaSki	chr14	ecDNA	0.0630494356155395	0.4099999964237213	0	0
loo	CaSki	CaSki	chr14	seismic_amplification	0.117138385772705	0.8100000023841858	0	0
loo	CaSki	CaSki	chr15	BFB	0.0928030312061309	0.2599999904632568	0	0
loo	CaSki	CaSki	chr15	chromothripsis	0.1347179561853408	0.6200000047683716	0	0
loo	CaSki	CaSki	chr15	ecDNA	0.0443846695125103	0.4099999964237213	0	0
loo	CaSki	CaSki	chr15	seismic_amplification	0.1150806248188018	0.8100000023841858	0	0
loo	CaSki	CaSki	chr16	BFB	0.0787121355533599	0.2599999904632568	0	0
loo	CaSki	CaSki	chr16	chromothripsis	0.0644797086715698	0.6200000047683716	0	0
loo	CaSki	CaSki	chr16	ecDNA	0.030521361157298	0.4099999964237213	0	0
loo	CaSki	CaSki	chr16	seismic_amplification	0.0770629420876503	0.8100000023841858	0	0
loo	CaSki	CaSki	chr17	BFB	0.1010392159223556	0.2599999904632568	0	0
loo	CaSki	CaSki	chr17	chromothripsis	0.1004581972956657	0.6200000047683716	0	0
loo	CaSki	CaSki	chr17	ecDNA	0.0474817752838134	0.4099999964237213	0	0
loo	CaSki	CaSki	chr17	seismic_amplification	0.1006367430090904	0.8100000023841858	0	0
loo	CaSki	CaSki	chr18	BFB	0.0847161635756492	0.2599999904632568	0	0
loo	CaSki	CaSki	chr18	chromothripsis	0.0658973529934883	0.6200000047683716	0	0
loo	CaSki	CaSki	chr18	ecDNA	0.036854051053524	0.4099999964237213	0	0
loo	CaSki	CaSki	chr18	seismic_amplification	0.0790359303355217	0.8100000023841858	0	0
loo	CaSki	CaSki	chr19	BFB	0.1028654426336288	0.2599999904632568	0	0
loo	CaSki	CaSki	chr19	chromothripsis	0.0891983658075332	0.6200000047683716	0	0
loo	CaSki	CaSki	chr19	ecDNA	0.04272997751832	0.4099999964237213	0	0
loo	CaSki	CaSki	chr19	seismic_amplification	0.1001008301973342	0.8100000023841858	0	0
loo	CaSki	CaSki	chr2	BFB	0.0736033394932746	0.2599999904632568	0	0
loo	CaSki	CaSki	chr2	chromothripsis	0.0625686421990394	0.6200000047683716	0	0
loo	CaSki	CaSki	chr2	ecDNA	0.0329200066626071	0.4099999964237213	0	0
loo	CaSki	CaSki	chr2	seismic_amplification	0.0844649672508239	0.8100000023841858	0	0
loo	CaSki	CaSki	chr20	BFB	0.4207780361175537	0.2599999904632568	1	0
loo	CaSki	CaSki	chr20	chromothripsis	0.3582746386528015	0.6200000047683716	0	0
loo	CaSki	CaSki	chr20	ecDNA	0.2339489907026291	0.4099999964237213	0	0
loo	CaSki	CaSki	chr20	seismic_amplification	0.2029633074998855	0.8100000023841858	0	0
loo	CaSki	CaSki	chr21	BFB	0.2559419870376587	0.2599999904632568	0	0
loo	CaSki	CaSki	chr21	chromothripsis	0.1117592677474021	0.6200000047683716	0	0
loo	CaSki	CaSki	chr21	ecDNA	0.1351144611835479	0.4099999964237213	0	0
loo	CaSki	CaSki	chr21	seismic_amplification	0.1477586477994918	0.8100000023841858	0	0
loo	CaSki	CaSki	chr22	BFB	0.0995412915945053	0.2599999904632568	0	0
loo	CaSki	CaSki	chr22	chromothripsis	0.3625056743621826	0.6200000047683716	0	0
loo	CaSki	CaSki	chr22	ecDNA	0.0458813123404979	0.4099999964237213	0	0
loo	CaSki	CaSki	chr22	seismic_amplification	0.0912195295095443	0.8100000023841858	0	0
loo	CaSki	CaSki	chr3	BFB	0.06065434217453	0.2599999904632568	0	0
loo	CaSki	CaSki	chr3	chromothripsis	0.0429369620978832	0.6200000047683716	0	1
loo	CaSki	CaSki	chr3	ecDNA	0.0224205739796161	0.4099999964237213	0	0
loo	CaSki	CaSki	chr3	seismic_amplification	0.0577916912734508	0.8100000023841858	0	0
loo	CaSki	CaSki	chr4	BFB	0.0770026445388794	0.2599999904632568	0	0
loo	CaSki	CaSki	chr4	chromothripsis	0.0559533238410949	0.6200000047683716	0	0
loo	CaSki	CaSki	chr4	ecDNA	0.0368373394012451	0.4099999964237213	0	0
loo	CaSki	CaSki	chr4	seismic_amplification	0.0918770581483841	0.8100000023841858	0	0
loo	CaSki	CaSki	chr5	BFB	0.1632619351148605	0.2599999904632568	0	0
loo	CaSki	CaSki	chr5	chromothripsis	0.2287327200174331	0.6200000047683716	0	0
loo	CaSki	CaSki	chr5	ecDNA	0.0849656090140342	0.4099999964237213	0	0
loo	CaSki	CaSki	chr5	seismic_amplification	0.1862802654504776	0.8100000023841858	0	0
loo	CaSki	CaSki	chr6	BFB	0.229142740368843	0.2599999904632568	0	1
loo	CaSki	CaSki	chr6	chromothripsis	0.268809825181961	0.6200000047683716	0	0
loo	CaSki	CaSki	chr6	ecDNA	0.1187080815434455	0.4099999964237213	0	0
loo	CaSki	CaSki	chr6	seismic_amplification	0.1854358911514282	0.8100000023841858	0	0
loo	CaSki	CaSki	chr7	BFB	0.1053651198744773	0.2599999904632568	0	0
loo	CaSki	CaSki	chr7	chromothripsis	0.1211945563554763	0.6200000047683716	0	0
loo	CaSki	CaSki	chr7	ecDNA	0.0413804911077022	0.4099999964237213	0	0
loo	CaSki	CaSki	chr7	seismic_amplification	0.0946008265018463	0.8100000023841858	0	0
loo	CaSki	CaSki	chr8	BFB	0.073448434472084	0.2599999904632568	0	0
loo	CaSki	CaSki	chr8	chromothripsis	0.0545219928026199	0.6200000047683716	0	0
loo	CaSki	CaSki	chr8	ecDNA	0.0284678842872381	0.4099999964237213	0	0
loo	CaSki	CaSki	chr8	seismic_amplification	0.0782078877091407	0.8100000023841858	0	0
loo	CaSki	CaSki	chr9	BFB	0.0923074856400489	0.2599999904632568	0	0
loo	CaSki	CaSki	chr9	chromothripsis	0.0920421481132507	0.6200000047683716	0	0
loo	CaSki	CaSki	chr9	ecDNA	0.0399210080504417	0.4099999964237213	0	0
loo	CaSki	CaSki	chr9	seismic_amplification	0.0871964618563652	0.8100000023841858	0	0
loo	CaSki	CaSki	chrX	BFB	0.2714892923831939	0.2599999904632568	1	0
loo	CaSki	CaSki	chrX	chromothripsis	0.196803331375122	0.6200000047683716	0	0
loo	CaSki	CaSki	chrX	ecDNA	0.2018549293279647	0.4099999964237213	0	0
loo	CaSki	CaSki	chrX	seismic_amplification	0.2202684432268142	0.8100000023841858	0	0
loo	DOTC2	DOTC2	chr1	BFB	0.2938731908798218	0.4699999988079071	0	1
loo	DOTC2	DOTC2	chr1	chromothripsis	0.6505116820335388	0.6600000262260437	0	0
loo	DOTC2	DOTC2	chr1	ecDNA	0.2390977889299392	0.4399999976158142	0	0
loo	DOTC2	DOTC2	chr1	seismic_amplification	0.3964426219463348	0.7900000214576721	0	0
loo	DOTC2	DOTC2	chr10	BFB	0.0990387499332428	0.4699999988079071	0	0
loo	DOTC2	DOTC2	chr10	chromothripsis	0.4074940383434295	0.6600000262260437	0	0
loo	DOTC2	DOTC2	chr10	ecDNA	0.0653165578842163	0.4399999976158142	0	0
loo	DOTC2	DOTC2	chr10	seismic_amplification	0.1009721904993057	0.7900000214576721	0	0
loo	DOTC2	DOTC2	chr11	BFB	0.0634528622031211	0.4699999988079071	0	0
loo	DOTC2	DOTC2	chr11	chromothripsis	0.2849390804767608	0.6600000262260437	0	0
loo	DOTC2	DOTC2	chr11	ecDNA	0.0492737516760826	0.4399999976158142	0	0
loo	DOTC2	DOTC2	chr11	seismic_amplification	0.0911252573132515	0.7900000214576721	0	0
loo	DOTC2	DOTC2	chr12	BFB	0.0442242920398712	0.4699999988079071	0	0
loo	DOTC2	DOTC2	chr12	chromothripsis	0.3530839383602142	0.6600000262260437	0	0
loo	DOTC2	DOTC2	chr12	ecDNA	0.0285592135041952	0.4399999976158142	0	0
loo	DOTC2	DOTC2	chr12	seismic_amplification	0.0607185810804367	0.7900000214576721	0	0
loo	DOTC2	DOTC2	chr13	BFB	0.0555959269404411	0.4699999988079071	0	0
loo	DOTC2	DOTC2	chr13	chromothripsis	0.0826067179441452	0.6600000262260437	0	0
loo	DOTC2	DOTC2	chr13	ecDNA	0.0502608679234981	0.4399999976158142	0	0
loo	DOTC2	DOTC2	chr13	seismic_amplification	0.0653312131762504	0.7900000214576721	0	0
loo	DOTC2	DOTC2	chr14	BFB	0.0527788028120994	0.4699999988079071	0	0
loo	DOTC2	DOTC2	chr14	chromothripsis	0.1254310309886932	0.6600000262260437	0	0
loo	DOTC2	DOTC2	chr14	ecDNA	0.0359118282794952	0.4399999976158142	0	0
loo	DOTC2	DOTC2	chr14	seismic_amplification	0.0525969825685024	0.7900000214576721	0	0
loo	DOTC2	DOTC2	chr15	BFB	0.055169615894556	0.4699999988079071	0	0
loo	DOTC2	DOTC2	chr15	chromothripsis	0.2542846202850342	0.6600000262260437	0	0
loo	DOTC2	DOTC2	chr15	ecDNA	0.0404331795871257	0.4399999976158142	0	0
loo	DOTC2	DOTC2	chr15	seismic_amplification	0.0729455202817916	0.7900000214576721	0	0
loo	DOTC2	DOTC2	chr16	BFB	0.0737664476037025	0.4699999988079071	0	0
loo	DOTC2	DOTC2	chr16	chromothripsis	0.227701723575592	0.6600000262260437	0	0
loo	DOTC2	DOTC2	chr16	ecDNA	0.0484078899025917	0.4399999976158142	0	0
loo	DOTC2	DOTC2	chr16	seismic_amplification	0.0665419176220893	0.7900000214576721	0	0
loo	DOTC2	DOTC2	chr17	BFB	0.0789032578468322	0.4699999988079071	0	0
loo	DOTC2	DOTC2	chr17	chromothripsis	0.3060641884803772	0.6600000262260437	0	0
loo	DOTC2	DOTC2	chr17	ecDNA	0.0681089833378791	0.4399999976158142	0	0
loo	DOTC2	DOTC2	chr17	seismic_amplification	0.0925410166382789	0.7900000214576721	0	0
loo	DOTC2	DOTC2	chr18	BFB	0.0427480153739452	0.4699999988079071	0	0
loo	DOTC2	DOTC2	chr18	chromothripsis	0.1035777628421783	0.6600000262260437	0	0
loo	DOTC2	DOTC2	chr18	ecDNA	0.0266964938491582	0.4399999976158142	0	0
loo	DOTC2	DOTC2	chr18	seismic_amplification	0.041372001171112	0.7900000214576721	0	0
loo	DOTC2	DOTC2	chr19	BFB	0.0419427193701267	0.4699999988079071	0	0
loo	DOTC2	DOTC2	chr19	chromothripsis	0.1148653104901313	0.6600000262260437	0	0
loo	DOTC2	DOTC2	chr19	ecDNA	0.0416905209422111	0.4399999976158142	0	0
loo	DOTC2	DOTC2	chr19	seismic_amplification	0.0518145598471164	0.7900000214576721	0	0
loo	DOTC2	DOTC2	chr2	BFB	0.0396379679441452	0.4699999988079071	0	0
loo	DOTC2	DOTC2	chr2	chromothripsis	0.2865186035633087	0.6600000262260437	0	0
loo	DOTC2	DOTC2	chr2	ecDNA	0.0347743779420852	0.4399999976158142	0	0
loo	DOTC2	DOTC2	chr2	seismic_amplification	0.0554632432758808	0.7900000214576721	0	0
loo	DOTC2	DOTC2	chr20	BFB	0.0505061000585556	0.4699999988079071	0	0
loo	DOTC2	DOTC2	chr20	chromothripsis	0.3324938118457794	0.6600000262260437	0	0
loo	DOTC2	DOTC2	chr20	ecDNA	0.050404779613018	0.4399999976158142	0	0
loo	DOTC2	DOTC2	chr20	seismic_amplification	0.0708817914128303	0.7900000214576721	0	0
loo	DOTC2	DOTC2	chr21	BFB	0.0418380126357078	0.4699999988079071	0	0
loo	DOTC2	DOTC2	chr21	chromothripsis	0.0765935555100441	0.6600000262260437	0	0
loo	DOTC2	DOTC2	chr21	ecDNA	0.0418570302426815	0.4399999976158142	0	0
loo	DOTC2	DOTC2	chr21	seismic_amplification	0.0566455349326133	0.7900000214576721	0	0
loo	DOTC2	DOTC2	chr22	BFB	0.0377714373171329	0.4699999988079071	0	0
loo	DOTC2	DOTC2	chr22	chromothripsis	0.0838410928845405	0.6600000262260437	0	0
loo	DOTC2	DOTC2	chr22	ecDNA	0.0355549752712249	0.4399999976158142	0	0
loo	DOTC2	DOTC2	chr22	seismic_amplification	0.0442691333591938	0.7900000214576721	0	0
loo	DOTC2	DOTC2	chr3	BFB	0.035377200692892	0.4699999988079071	0	0
loo	DOTC2	DOTC2	chr3	chromothripsis	0.1824205666780471	0.6600000262260437	0	0
loo	DOTC2	DOTC2	chr3	ecDNA	0.0389185100793838	0.4399999976158142	0	0
loo	DOTC2	DOTC2	chr3	seismic_amplification	0.0651233196258544	0.7900000214576721	0	0
loo	DOTC2	DOTC2	chr4	BFB	0.0580672957003116	0.4699999988079071	0	0
loo	DOTC2	DOTC2	chr4	chromothripsis	0.2574641108512878	0.6600000262260437	0	0
loo	DOTC2	DOTC2	chr4	ecDNA	0.0575203001499176	0.4399999976158142	0	0
loo	DOTC2	DOTC2	chr4	seismic_amplification	0.0824098661541938	0.7900000214576721	0	0
loo	DOTC2	DOTC2	chr5	BFB	0.0562023930251598	0.4699999988079071	0	0
loo	DOTC2	DOTC2	chr5	chromothripsis	0.377359390258789	0.6600000262260437	0	0
loo	DOTC2	DOTC2	chr5	ecDNA	0.0494382977485656	0.4399999976158142	0	0
loo	DOTC2	DOTC2	chr5	seismic_amplification	0.0794880017638206	0.7900000214576721	0	0
loo	DOTC2	DOTC2	chr6	BFB	0.0652583464980125	0.4699999988079071	0	0
loo	DOTC2	DOTC2	chr6	chromothripsis	0.3296773731708526	0.6600000262260437	0	0
loo	DOTC2	DOTC2	chr6	ecDNA	0.0459115579724311	0.4399999976158142	0	0
loo	DOTC2	DOTC2	chr6	seismic_amplification	0.0684165731072425	0.7900000214576721	0	0
loo	DOTC2	DOTC2	chr7	BFB	0.0456964187324047	0.4699999988079071	0	0
loo	DOTC2	DOTC2	chr7	chromothripsis	0.2369484454393386	0.6600000262260437	0	0
loo	DOTC2	DOTC2	chr7	ecDNA	0.0320828594267368	0.4399999976158142	0	0
loo	DOTC2	DOTC2	chr7	seismic_amplification	0.0598304085433483	0.7900000214576721	0	0
loo	DOTC2	DOTC2	chr8	BFB	0.1079216226935386	0.4699999988079071	0	0
loo	DOTC2	DOTC2	chr8	chromothripsis	0.0904360190033912	0.6600000262260437	0	0
loo	DOTC2	DOTC2	chr8	ecDNA	0.0775770768523216	0.4399999976158142	0	0
loo	DOTC2	DOTC2	chr8	seismic_amplification	0.0870086476206779	0.7900000214576721	0	0
loo	DOTC2	DOTC2	chr9	BFB	0.0457510910928249	0.4699999988079071	0	0
loo	DOTC2	DOTC2	chr9	chromothripsis	0.2238517105579376	0.6600000262260437	0	0
loo	DOTC2	DOTC2	chr9	ecDNA	0.0297800526022911	0.4399999976158142	0	0
loo	DOTC2	DOTC2	chr9	seismic_amplification	0.054889939725399	0.7900000214576721	0	0
loo	DOTC2	DOTC2	chrX	BFB	0.0605412013828754	0.4699999988079071	0	0
loo	DOTC2	DOTC2	chrX	chromothripsis	0.5640487670898438	0.6600000262260437	0	0
loo	DOTC2	DOTC2	chrX	ecDNA	0.0485828891396522	0.4399999976158142	0	0
loo	DOTC2	DOTC2	chrX	seismic_amplification	0.0799096971750259	0.7900000214576721	0	0
loo	H1395	H1395	chr1	BFB	0.0978414490818977	0.2599999904632568	0	0
loo	H1395	H1395	chr1	chromothripsis	0.1560997813940048	0.6100000143051147	0	0
loo	H1395	H1395	chr1	ecDNA	0.0706094875931739	0.4300000071525574	0	0
loo	H1395	H1395	chr1	seismic_amplification	0.1430640518665313	0.8299999833106995	0	0
loo	H1395	H1395	chr10	BFB	0.0707432255148887	0.2599999904632568	0	0
loo	H1395	H1395	chr10	chromothripsis	0.1080185920000076	0.6100000143051147	0	0
loo	H1395	H1395	chr10	ecDNA	0.0582523979246616	0.4300000071525574	0	0
loo	H1395	H1395	chr10	seismic_amplification	0.1132308542728424	0.8299999833106995	0	0
loo	H1395	H1395	chr11	BFB	0.0619665719568729	0.2599999904632568	0	0
loo	H1395	H1395	chr11	chromothripsis	0.1149035990238189	0.6100000143051147	0	0
loo	H1395	H1395	chr11	ecDNA	0.0487723276019096	0.4300000071525574	0	0
loo	H1395	H1395	chr11	seismic_amplification	0.1025287210941314	0.8299999833106995	0	0
loo	H1395	H1395	chr12	BFB	0.0638797804713249	0.2599999904632568	0	0
loo	H1395	H1395	chr12	chromothripsis	0.1094988137483596	0.6100000143051147	0	0
loo	H1395	H1395	chr12	ecDNA	0.0846172571182251	0.4300000071525574	0	0
loo	H1395	H1395	chr12	seismic_amplification	0.1330174058675766	0.8299999833106995	0	0
loo	H1395	H1395	chr13	BFB	0.0693683922290802	0.2599999904632568	0	0
loo	H1395	H1395	chr13	chromothripsis	0.0855999588966369	0.6100000143051147	0	0
loo	H1395	H1395	chr13	ecDNA	0.092533528804779	0.4300000071525574	0	0
loo	H1395	H1395	chr13	seismic_amplification	0.1089927852153778	0.8299999833106995	0	0
loo	H1395	H1395	chr14	BFB	0.1065346598625183	0.2599999904632568	0	0
loo	H1395	H1395	chr14	chromothripsis	0.1621540784835815	0.6100000143051147	0	0
loo	H1395	H1395	chr14	ecDNA	0.0688740387558937	0.4300000071525574	0	0
loo	H1395	H1395	chr14	seismic_amplification	0.1679071635007858	0.8299999833106995	0	0
loo	H1395	H1395	chr15	BFB	0.0730204284191131	0.2599999904632568	0	0
loo	H1395	H1395	chr15	chromothripsis	0.1051807552576065	0.6100000143051147	0	0
loo	H1395	H1395	chr15	ecDNA	0.0520535856485366	0.4300000071525574	0	0
loo	H1395	H1395	chr15	seismic_amplification	0.1032677218317985	0.8299999833106995	0	0
loo	H1395	H1395	chr16	BFB	0.3051882982254028	0.2599999904632568	1	0
loo	H1395	H1395	chr16	chromothripsis	0.2711137235164642	0.6100000143051147	0	0
loo	H1395	H1395	chr16	ecDNA	0.2331097722053527	0.4300000071525574	0	0
loo	H1395	H1395	chr16	seismic_amplification	0.5084928870201111	0.8299999833106995	0	0
loo	H1395	H1395	chr17	BFB	0.0683138594031333	0.2599999904632568	0	0
loo	H1395	H1395	chr17	chromothripsis	0.1279303282499313	0.6100000143051147	0	0
loo	H1395	H1395	chr17	ecDNA	0.0771070942282676	0.4300000071525574	0	0
loo	H1395	H1395	chr17	seismic_amplification	0.1472126692533493	0.8299999833106995	0	0
loo	H1395	H1395	chr18	BFB	0.1174264177680015	0.2599999904632568	0	0
loo	H1395	H1395	chr18	chromothripsis	0.1982316821813583	0.6100000143051147	0	0
loo	H1395	H1395	chr18	ecDNA	0.0672230273485183	0.4300000071525574	0	0
loo	H1395	H1395	chr18	seismic_amplification	0.1147133186459541	0.8299999833106995	0	0
loo	H1395	H1395	chr19	BFB	0.064990110695362	0.2599999904632568	0	0
loo	H1395	H1395	chr19	chromothripsis	0.1082466393709182	0.6100000143051147	0	0
loo	H1395	H1395	chr19	ecDNA	0.0477895140647888	0.4300000071525574	0	0
loo	H1395	H1395	chr19	seismic_amplification	0.1096371635794639	0.8299999833106995	0	0
loo	H1395	H1395	chr2	BFB	0.0615219548344612	0.2599999904632568	0	0
loo	H1395	H1395	chr2	chromothripsis	0.170992225408554	0.6100000143051147	0	0
loo	H1395	H1395	chr2	ecDNA	0.0716745182871818	0.4300000071525574	0	0
loo	H1395	H1395	chr2	seismic_amplification	0.133106380701065	0.8299999833106995	0	0
loo	H1395	H1395	chr20	BFB	0.0644346922636032	0.2599999904632568	0	0
loo	H1395	H1395	chr20	chromothripsis	0.0898840501904487	0.6100000143051147	0	0
loo	H1395	H1395	chr20	ecDNA	0.0451720543205738	0.4300000071525574	0	0
loo	H1395	H1395	chr20	seismic_amplification	0.1364378184080124	0.8299999833106995	0	0
loo	H1395	H1395	chr21	BFB	0.0647539645433425	0.2599999904632568	0	0
loo	H1395	H1395	chr21	chromothripsis	0.1038908138871193	0.6100000143051147	0	0
loo	H1395	H1395	chr21	ecDNA	0.0466702431440353	0.4300000071525574	0	0
loo	H1395	H1395	chr21	seismic_amplification	0.0888012647628784	0.8299999833106995	0	0
loo	H1395	H1395	chr22	BFB	0.0640275031328201	0.2599999904632568	0	0
loo	H1395	H1395	chr22	chromothripsis	0.1544433385133743	0.6100000143051147	0	0
loo	H1395	H1395	chr22	ecDNA	0.0542395561933517	0.4300000071525574	0	0
loo	H1395	H1395	chr22	seismic_amplification	0.12906514108181	0.8299999833106995	0	0
loo	H1395	H1395	chr3	BFB	0.1960023045539856	0.2599999904632568	0	0
loo	H1395	H1395	chr3	chromothripsis	0.2804094851016998	0.6100000143051147	0	1
loo	H1395	H1395	chr3	ecDNA	0.1576879471540451	0.4300000071525574	0	0
loo	H1395	H1395	chr3	seismic_amplification	0.3393787443637848	0.8299999833106995	0	0
loo	H1395	H1395	chr4	BFB	0.0748757570981979	0.2599999904632568	0	0
loo	H1395	H1395	chr4	chromothripsis	0.1458236873149871	0.6100000143051147	0	0
loo	H1395	H1395	chr4	ecDNA	0.0473179891705513	0.4300000071525574	0	0
loo	H1395	H1395	chr4	seismic_amplification	0.1211556494235992	0.8299999833106995	0	0
loo	H1395	H1395	chr5	BFB	0.0650140941143035	0.2599999904632568	0	0
loo	H1395	H1395	chr5	chromothripsis	0.143810361623764	0.6100000143051147	0	0
loo	H1395	H1395	chr5	ecDNA	0.0891580209136009	0.4300000071525574	0	0
loo	H1395	H1395	chr5	seismic_amplification	0.1239210441708564	0.8299999833106995	0	0
loo	H1395	H1395	chr6	BFB	0.2152031809091568	0.2599999904632568	0	0
loo	H1395	H1395	chr6	chromothripsis	0.2863087356090545	0.6100000143051147	0	0
loo	H1395	H1395	chr6	ecDNA	0.1469763815402984	0.4300000071525574	0	0
loo	H1395	H1395	chr6	seismic_amplification	0.435136467218399	0.8299999833106995	0	0
loo	H1395	H1395	chr7	BFB	0.1155279949307441	0.2599999904632568	0	0
loo	H1395	H1395	chr7	chromothripsis	0.2204084992408752	0.6100000143051147	0	0
loo	H1395	H1395	chr7	ecDNA	0.0869884714484214	0.4300000071525574	0	0
loo	H1395	H1395	chr7	seismic_amplification	0.1614372283220291	0.8299999833106995	0	0
loo	H1395	H1395	chr8	BFB	0.1528140753507614	0.2599999904632568	0	0
loo	H1395	H1395	chr8	chromothripsis	0.14249087870121	0.6100000143051147	0	0
loo	H1395	H1395	chr8	ecDNA	0.1113851517438888	0.4300000071525574	0	0
loo	H1395	H1395	chr8	seismic_amplification	0.20937579870224	0.8299999833106995	0	0
loo	H1395	H1395	chr9	BFB	0.0685772448778152	0.2599999904632568	0	0
loo	H1395	H1395	chr9	chromothripsis	0.2115193903446197	0.6100000143051147	0	0
loo	H1395	H1395	chr9	ecDNA	0.0649637654423713	0.4300000071525574	0	0
loo	H1395	H1395	chr9	seismic_amplification	0.1069381013512611	0.8299999833106995	0	0
loo	H2009	H2009	chr1	BFB	0.271658718585968	0.2800000011920929	0	0
loo	H2009	H2009	chr1	chromothripsis	0.4654557704925537	0.6000000238418579	0	1
loo	H2009	H2009	chr1	ecDNA	0.1664871722459793	0.2300000041723251	0	0
loo	H2009	H2009	chr1	seismic_amplification	0.5376989841461182	0.7599999904632568	0	0
loo	H2009	H2009	chr10	BFB	0.0846340209245681	0.2800000011920929	0	0
loo	H2009	H2009	chr10	chromothripsis	0.167564257979393	0.6000000238418579	0	0
loo	H2009	H2009	chr10	ecDNA	0.0708488374948501	0.2300000041723251	0	0
loo	H2009	H2009	chr10	seismic_amplification	0.1751927584409713	0.7599999904632568	0	0
loo	H2009	H2009	chr11	BFB	0.1035473719239234	0.2800000011920929	0	0
loo	H2009	H2009	chr11	chromothripsis	0.4045765995979309	0.6000000238418579	0	0
loo	H2009	H2009	chr11	ecDNA	0.0842474400997161	0.2300000041723251	0	0
loo	H2009	H2009	chr11	seismic_amplification	0.2252348959445953	0.7599999904632568	0	0
loo	H2009	H2009	chr12	BFB	0.0891704931855201	0.2800000011920929	0	0
loo	H2009	H2009	chr12	chromothripsis	0.1995348334312439	0.6000000238418579	0	0
loo	H2009	H2009	chr12	ecDNA	0.0691330283880233	0.2300000041723251	0	0
loo	H2009	H2009	chr12	seismic_amplification	0.1814546138048172	0.7599999904632568	0	0
loo	H2009	H2009	chr13	BFB	0.3728652000427246	0.2800000011920929	1	0
loo	H2009	H2009	chr13	chromothripsis	0.6688549518585205	0.6000000238418579	1	0
loo	H2009	H2009	chr13	ecDNA	0.1855523437261581	0.2300000041723251	0	0
loo	H2009	H2009	chr13	seismic_amplification	0.3825464248657226	0.7599999904632568	0	0
loo	H2009	H2009	chr14	BFB	0.1054860576987266	0.2800000011920929	0	0
loo	H2009	H2009	chr14	chromothripsis	0.2364014983177185	0.6000000238418579	0	0
loo	H2009	H2009	chr14	ecDNA	0.0746505558490753	0.2300000041723251	0	0
loo	H2009	H2009	chr14	seismic_amplification	0.178444817662239	0.7599999904632568	0	0
loo	H2009	H2009	chr15	BFB	0.0719750300049781	0.2800000011920929	0	0
loo	H2009	H2009	chr15	chromothripsis	0.2451006770133972	0.6000000238418579	0	0
loo	H2009	H2009	chr15	ecDNA	0.0652046278119087	0.2300000041723251	0	0
loo	H2009	H2009	chr15	seismic_amplification	0.2420446127653122	0.7599999904632568	0	0
loo	H2009	H2009	chr16	BFB	0.1096482872962951	0.2800000011920929	0	0
loo	H2009	H2009	chr16	chromothripsis	0.2680133581161499	0.6000000238418579	0	0
loo	H2009	H2009	chr16	ecDNA	0.0943634733557701	0.2300000041723251	0	0
loo	H2009	H2009	chr16	seismic_amplification	0.2261455357074737	0.7599999904632568	0	0
loo	H2009	H2009	chr17	BFB	0.1169943585991859	0.2800000011920929	0	0
loo	H2009	H2009	chr17	chromothripsis	0.3296718001365661	0.6000000238418579	0	0
loo	H2009	H2009	chr17	ecDNA	0.0920647829771041	0.2300000041723251	0	0
loo	H2009	H2009	chr17	seismic_amplification	0.2207477837800979	0.7599999904632568	0	0
loo	H2009	H2009	chr18	BFB	0.1145977303385734	0.2800000011920929	0	0
loo	H2009	H2009	chr18	chromothripsis	0.4350831210613251	0.6000000238418579	0	0
loo	H2009	H2009	chr18	ecDNA	0.083241581916809	0.2300000041723251	0	0
loo	H2009	H2009	chr18	seismic_amplification	0.2153385877609253	0.7599999904632568	0	0
loo	H2009	H2009	chr19	BFB	0.1191992759704589	0.2800000011920929	0	0
loo	H2009	H2009	chr19	chromothripsis	0.2748958170413971	0.6000000238418579	0	0
loo	H2009	H2009	chr19	ecDNA	0.0788772478699684	0.2300000041723251	0	0
loo	H2009	H2009	chr19	seismic_amplification	0.2175149321556091	0.7599999904632568	0	0
loo	H2009	H2009	chr2	BFB	0.1306261122226715	0.2800000011920929	0	0
loo	H2009	H2009	chr2	chromothripsis	0.4155118763446808	0.6000000238418579	0	0
loo	H2009	H2009	chr2	ecDNA	0.0856900960206985	0.2300000041723251	0	0
loo	H2009	H2009	chr2	seismic_amplification	0.2269165217876434	0.7599999904632568	0	0
loo	H2009	H2009	chr20	BFB	0.1105961129069328	0.2800000011920929	0	0
loo	H2009	H2009	chr20	chromothripsis	0.2143543809652328	0.6000000238418579	0	0
loo	H2009	H2009	chr20	ecDNA	0.0943654403090477	0.2300000041723251	0	0
loo	H2009	H2009	chr20	seismic_amplification	0.2435365915298462	0.7599999904632568	0	0
loo	H2009	H2009	chr21	BFB	0.0703034177422523	0.2800000011920929	0	0
loo	H2009	H2009	chr21	chromothripsis	0.2301385700702667	0.6000000238418579	0	0
loo	H2009	H2009	chr21	ecDNA	0.0621975772082805	0.2300000041723251	0	0
loo	H2009	H2009	chr21	seismic_amplification	0.2020120024681091	0.7599999904632568	0	0
loo	H2009	H2009	chr22	BFB	0.0719838514924049	0.2800000011920929	0	0
loo	H2009	H2009	chr22	chromothripsis	0.2236208617687225	0.6000000238418579	0	0
loo	H2009	H2009	chr22	ecDNA	0.0601317211985588	0.2300000041723251	0	0
loo	H2009	H2009	chr22	seismic_amplification	0.1938642710447311	0.7599999904632568	0	0
loo	H2009	H2009	chr3	BFB	0.1879365295171737	0.2800000011920929	0	0
loo	H2009	H2009	chr3	chromothripsis	0.5020595192909241	0.6000000238418579	0	1
loo	H2009	H2009	chr3	ecDNA	0.1118999794125557	0.2300000041723251	0	0
loo	H2009	H2009	chr3	seismic_amplification	0.2405797243118286	0.7599999904632568	0	0
loo	H2009	H2009	chr4	BFB	0.1304368078708648	0.2800000011920929	0	0
loo	H2009	H2009	chr4	chromothripsis	0.392105370759964	0.6000000238418579	0	0
loo	H2009	H2009	chr4	ecDNA	0.1068857535719871	0.2300000041723251	0	0
loo	H2009	H2009	chr4	seismic_amplification	0.2614938914775848	0.7599999904632568	0	0
loo	H2009	H2009	chr5	BFB	0.2017997503280639	0.2800000011920929	0	0
loo	H2009	H2009	chr5	chromothripsis	0.3192011415958404	0.6000000238418579	0	0
loo	H2009	H2009	chr5	ecDNA	0.1546876281499862	0.2300000041723251	0	0
loo	H2009	H2009	chr5	seismic_amplification	0.3220335245132446	0.7599999904632568	0	0
loo	H2009	H2009	chr6	BFB	0.1123529076576232	0.2800000011920929	0	0
loo	H2009	H2009	chr6	chromothripsis	0.257659912109375	0.6000000238418579	0	0
loo	H2009	H2009	chr6	ecDNA	0.0719342455267906	0.2300000041723251	0	0
loo	H2009	H2009	chr6	seismic_amplification	0.1711257249116897	0.7599999904632568	0	0
loo	H2009	H2009	chr7	BFB	0.0672010257840156	0.2800000011920929	0	0
loo	H2009	H2009	chr7	chromothripsis	0.2180785089731216	0.6000000238418579	0	0
loo	H2009	H2009	chr7	ecDNA	0.0541018806397914	0.2300000041723251	0	0
loo	H2009	H2009	chr7	seismic_amplification	0.1796225309371948	0.7599999904632568	0	0
loo	H2009	H2009	chr8	BFB	0.182086780667305	0.2800000011920929	0	0
loo	H2009	H2009	chr8	chromothripsis	0.4628522992134094	0.6000000238418579	0	0
loo	H2009	H2009	chr8	ecDNA	0.115720696747303	0.2300000041723251	0	0
loo	H2009	H2009	chr8	seismic_amplification	0.2490895241498947	0.7599999904632568	0	0
loo	H2009	H2009	chr9	BFB	0.1089329198002815	0.2800000011920929	0	0
loo	H2009	H2009	chr9	chromothripsis	0.3144185245037079	0.6000000238418579	0	0
loo	H2009	H2009	chr9	ecDNA	0.0744826719164848	0.2300000041723251	0	0
loo	H2009	H2009	chr9	seismic_amplification	0.1886656731367111	0.7599999904632568	0	0
loo	HCC1937	HCC1937	chr1	BFB	0.3169727921485901	0.3400000035762787	0	0
loo	HCC1937	HCC1937	chr1	chromothripsis	0.5602807402610779	0.6200000047683716	0	0
loo	HCC1937	HCC1937	chr1	ecDNA	0.227011576294899	0.3300000131130218	0	0
loo	HCC1937	HCC1937	chr1	seismic_amplification	0.2501039505004883	0.800000011920929	0	0
loo	HCC1937	HCC1937	chr10	BFB	0.3111978471279144	0.3400000035762787	0	0
loo	HCC1937	HCC1937	chr10	chromothripsis	0.2855400443077087	0.6200000047683716	0	0
loo	HCC1937	HCC1937	chr10	ecDNA	0.2318166494369506	0.3300000131130218	0	0
loo	HCC1937	HCC1937	chr10	seismic_amplification	0.175003781914711	0.800000011920929	0	0
loo	HCC1937	HCC1937	chr11	BFB	0.2257961332798004	0.3400000035762787	0	0
loo	HCC1937	HCC1937	chr11	chromothripsis	0.4747710525989532	0.6200000047683716	0	0
loo	HCC1937	HCC1937	chr11	ecDNA	0.2434218823909759	0.3300000131130218	0	0
loo	HCC1937	HCC1937	chr11	seismic_amplification	0.3478013873100281	0.800000011920929	0	0
loo	HCC1937	HCC1937	chr12	BFB	0.2352184802293777	0.3400000035762787	0	0
loo	HCC1937	HCC1937	chr12	chromothripsis	0.5792113542556763	0.6200000047683716	0	0
loo	HCC1937	HCC1937	chr12	ecDNA	0.1788718700408935	0.3300000131130218	0	0
loo	HCC1937	HCC1937	chr12	seismic_amplification	0.3070567548274994	0.800000011920929	0	0
loo	HCC1937	HCC1937	chr13	BFB	0.4171539843082428	0.3400000035762787	1	0
loo	HCC1937	HCC1937	chr13	chromothripsis	0.7880107760429382	0.6200000047683716	1	0
loo	HCC1937	HCC1937	chr13	ecDNA	0.29958575963974	0.3300000131130218	0	0
loo	HCC1937	HCC1937	chr13	seismic_amplification	0.2928630113601684	0.800000011920929	0	0
loo	HCC1937	HCC1937	chr14	BFB	0.3188773095607757	0.3400000035762787	0	0
loo	HCC1937	HCC1937	chr14	chromothripsis	0.6310862302780151	0.6200000047683716	1	1
loo	HCC1937	HCC1937	chr14	ecDNA	0.2388163357973098	0.3300000131130218	0	0
loo	HCC1937	HCC1937	chr14	seismic_amplification	0.2376578748226165	0.800000011920929	0	0
loo	HCC1937	HCC1937	chr15	BFB	0.2703090012073517	0.3400000035762787	0	0
loo	HCC1937	HCC1937	chr15	chromothripsis	0.3883183002471924	0.6200000047683716	0	0
loo	HCC1937	HCC1937	chr15	ecDNA	0.2161261439323425	0.3300000131130218	0	0
loo	HCC1937	HCC1937	chr15	seismic_amplification	0.2589678466320038	0.800000011920929	0	0
loo	HCC1937	HCC1937	chr16	BFB	0.1632361114025116	0.3400000035762787	0	0
loo	HCC1937	HCC1937	chr16	chromothripsis	0.196998044848442	0.6200000047683716	0	0
loo	HCC1937	HCC1937	chr16	ecDNA	0.0834401920437812	0.3300000131130218	0	0
loo	HCC1937	HCC1937	chr16	seismic_amplification	0.1845240294933319	0.800000011920929	0	0
loo	HCC1937	HCC1937	chr17	BFB	0.1498555988073349	0.3400000035762787	0	0
loo	HCC1937	HCC1937	chr17	chromothripsis	0.1832915544509887	0.6200000047683716	0	0
loo	HCC1937	HCC1937	chr17	ecDNA	0.115764670073986	0.3300000131130218	0	0
loo	HCC1937	HCC1937	chr17	seismic_amplification	0.2192842215299606	0.800000011920929	0	0
loo	HCC1937	HCC1937	chr18	BFB	0.2632505297660827	0.3400000035762787	0	0
loo	HCC1937	HCC1937	chr18	chromothripsis	0.3093761801719665	0.6200000047683716	0	0
loo	HCC1937	HCC1937	chr18	ecDNA	0.2514269948005676	0.3300000131130218	0	0
loo	HCC1937	HCC1937	chr18	seismic_amplification	0.1578370183706283	0.800000011920929	0	0
loo	HCC1937	HCC1937	chr19	BFB	0.1769955456256866	0.3400000035762787	0	0
loo	HCC1937	HCC1937	chr19	chromothripsis	0.1546704471111297	0.6200000047683716	0	0
loo	HCC1937	HCC1937	chr19	ecDNA	0.1000731736421585	0.3300000131130218	0	0
loo	HCC1937	HCC1937	chr19	seismic_amplification	0.2898081541061401	0.800000011920929	0	0
loo	HCC1937	HCC1937	chr2	BFB	0.2993376851081848	0.3400000035762787	0	0
loo	HCC1937	HCC1937	chr2	chromothripsis	0.5652748942375183	0.6200000047683716	0	0
loo	HCC1937	HCC1937	chr2	ecDNA	0.1883570551872253	0.3300000131130218	0	0
loo	HCC1937	HCC1937	chr2	seismic_amplification	0.3215711116790771	0.800000011920929	0	0
loo	HCC1937	HCC1937	chr20	BFB	0.2262826859951019	0.3400000035762787	0	0
loo	HCC1937	HCC1937	chr20	chromothripsis	0.2323123663663864	0.6200000047683716	0	0
loo	HCC1937	HCC1937	chr20	ecDNA	0.1085490509867668	0.3300000131130218	0	0
loo	HCC1937	HCC1937	chr20	seismic_amplification	0.1916314959526062	0.800000011920929	0	0
loo	HCC1937	HCC1937	chr21	BFB	0.2246122658252716	0.3400000035762787	0	0
loo	HCC1937	HCC1937	chr21	chromothripsis	0.5508863925933838	0.6200000047683716	0	0
loo	HCC1937	HCC1937	chr21	ecDNA	0.2234266698360443	0.3300000131130218	0	0
loo	HCC1937	HCC1937	chr21	seismic_amplification	0.2373053431510925	0.800000011920929	0	0
loo	HCC1937	HCC1937	chr22	BFB	0.1026765257120132	0.3400000035762787	0	0
loo	HCC1937	HCC1937	chr22	chromothripsis	0.1056994870305061	0.6200000047683716	0	0
loo	HCC1937	HCC1937	chr22	ecDNA	0.052526269108057	0.3300000131130218	0	0
loo	HCC1937	HCC1937	chr22	seismic_amplification	0.1684250831604004	0.800000011920929	0	0
loo	HCC1937	HCC1937	chr3	BFB	0.1886702179908752	0.3400000035762787	0	0
loo	HCC1937	HCC1937	chr3	chromothripsis	0.3263329863548279	0.6200000047683716	0	0
loo	HCC1937	HCC1937	chr3	ecDNA	0.1141206845641136	0.3300000131130218	0	0
loo	HCC1937	HCC1937	chr3	seismic_amplification	0.2509414255619049	0.800000011920929	0	0
loo	HCC1937	HCC1937	chr4	BFB	0.2318197786808014	0.3400000035762787	0	0
loo	HCC1937	HCC1937	chr4	chromothripsis	0.3529635369777679	0.6200000047683716	0	0
loo	HCC1937	HCC1937	chr4	ecDNA	0.1244743168354034	0.3300000131130218	0	0
loo	HCC1937	HCC1937	chr4	seismic_amplification	0.2051830887794494	0.800000011920929	0	0
loo	HCC1937	HCC1937	chr5	BFB	0.3310826420783996	0.3400000035762787	0	0
loo	HCC1937	HCC1937	chr5	chromothripsis	0.2766875028610229	0.6200000047683716	0	0
loo	HCC1937	HCC1937	chr5	ecDNA	0.2008089870214462	0.3300000131130218	0	0
loo	HCC1937	HCC1937	chr5	seismic_amplification	0.192927747964859	0.800000011920929	0	0
loo	HCC1937	HCC1937	chr6	BFB	0.336554080247879	0.3400000035762787	0	0
loo	HCC1937	HCC1937	chr6	chromothripsis	0.4644795656204223	0.6200000047683716	0	0
loo	HCC1937	HCC1937	chr6	ecDNA	0.1698877066373825	0.3300000131130218	0	0
loo	HCC1937	HCC1937	chr6	seismic_amplification	0.6123307943344116	0.800000011920929	0	0
loo	HCC1937	HCC1937	chr7	BFB	0.2252844274044037	0.3400000035762787	0	0
loo	HCC1937	HCC1937	chr7	chromothripsis	0.4316705167293548	0.6200000047683716	0	0
loo	HCC1937	HCC1937	chr7	ecDNA	0.1277050822973251	0.3300000131130218	0	0
loo	HCC1937	HCC1937	chr7	seismic_amplification	0.2133773565292358	0.800000011920929	0	0
loo	HCC1937	HCC1937	chr8	BFB	0.3305261135101318	0.3400000035762787	0	0
loo	HCC1937	HCC1937	chr8	chromothripsis	0.450500339269638	0.6200000047683716	0	0
loo	HCC1937	HCC1937	chr8	ecDNA	0.2165749222040176	0.3300000131130218	0	0
loo	HCC1937	HCC1937	chr8	seismic_amplification	0.315335214138031	0.800000011920929	0	0
loo	HCC1937	HCC1937	chr9	BFB	0.1697082668542862	0.3400000035762787	0	0
loo	HCC1937	HCC1937	chr9	chromothripsis	0.2552788257598877	0.6200000047683716	0	0
loo	HCC1937	HCC1937	chr9	ecDNA	0.104223683476448	0.3300000131130218	0	0
loo	HCC1937	HCC1937	chr9	seismic_amplification	0.2609274685382843	0.800000011920929	0	0
loo	HCC1954	HCC1954	chr1	BFB	0.3682639002799988	0.4399999976158142	0	0
loo	HCC1954	HCC1954	chr1	chromothripsis	0.6716946959495544	0.699999988079071	0	0
loo	HCC1954	HCC1954	chr1	ecDNA	0.2099998742341995	0.2300000041723251	0	0
loo	HCC1954	HCC1954	chr1	seismic_amplification	0.2810560464859009	0.7900000214576721	0	0
loo	HCC1954	HCC1954	chr10	BFB	0.1586005985736847	0.4399999976158142	0	0
loo	HCC1954	HCC1954	chr10	chromothripsis	0.7484714984893799	0.699999988079071	1	0
loo	HCC1954	HCC1954	chr10	ecDNA	0.1312921494245529	0.2300000041723251	0	0
loo	HCC1954	HCC1954	chr10	seismic_amplification	0.2246502637863159	0.7900000214576721	0	0
loo	HCC1954	HCC1954	chr11	BFB	0.4588013291358948	0.4399999976158142	1	0
loo	HCC1954	HCC1954	chr11	chromothripsis	0.6338035464286804	0.699999988079071	0	0
loo	HCC1954	HCC1954	chr11	ecDNA	0.246523767709732	0.2300000041723251	1	0
loo	HCC1954	HCC1954	chr11	seismic_amplification	0.6822984218597412	0.7900000214576721	0	0
loo	HCC1954	HCC1954	chr12	BFB	0.2715736627578735	0.4399999976158142	0	0
loo	HCC1954	HCC1954	chr12	chromothripsis	0.5394105911254883	0.699999988079071	0	0
loo	HCC1954	HCC1954	chr12	ecDNA	0.2100336998701095	0.2300000041723251	0	0
loo	HCC1954	HCC1954	chr12	seismic_amplification	0.5751822590827942	0.7900000214576721	0	0
loo	HCC1954	HCC1954	chr13	BFB	0.0868137031793594	0.4399999976158142	0	0
loo	HCC1954	HCC1954	chr13	chromothripsis	0.2320086807012558	0.699999988079071	0	0
loo	HCC1954	HCC1954	chr13	ecDNA	0.1284279525279998	0.2300000041723251	0	0
loo	HCC1954	HCC1954	chr13	seismic_amplification	0.1735169440507888	0.7900000214576721	0	0
loo	HCC1954	HCC1954	chr14	BFB	0.0739448219537735	0.4399999976158142	0	0
loo	HCC1954	HCC1954	chr14	chromothripsis	0.3864726424217224	0.699999988079071	0	0
loo	HCC1954	HCC1954	chr14	ecDNA	0.0827043205499649	0.2300000041723251	0	0
loo	HCC1954	HCC1954	chr14	seismic_amplification	0.1881048828363418	0.7900000214576721	0	0
loo	HCC1954	HCC1954	chr15	BFB	0.6373657584190369	0.4399999976158142	1	0
loo	HCC1954	HCC1954	chr15	chromothripsis	0.3997126817703247	0.699999988079071	0	0
loo	HCC1954	HCC1954	chr15	ecDNA	0.4202615916728973	0.2300000041723251	1	0
loo	HCC1954	HCC1954	chr15	seismic_amplification	0.3698431551456451	0.7900000214576721	0	0
loo	HCC1954	HCC1954	chr16	BFB	0.0746226534247398	0.4399999976158142	0	0
loo	HCC1954	HCC1954	chr16	chromothripsis	0.3402296900749206	0.699999988079071	0	0
loo	HCC1954	HCC1954	chr16	ecDNA	0.0970681607723236	0.2300000041723251	0	0
loo	HCC1954	HCC1954	chr16	seismic_amplification	0.154968574643135	0.7900000214576721	0	0
loo	HCC1954	HCC1954	chr17	BFB	0.2812749445438385	0.4399999976158142	0	0
loo	HCC1954	HCC1954	chr17	chromothripsis	0.5205532312393188	0.699999988079071	0	0
loo	HCC1954	HCC1954	chr17	ecDNA	0.1850071251392364	0.2300000041723251	0	0
loo	HCC1954	HCC1954	chr17	seismic_amplification	0.2777639925479889	0.7900000214576721	0	0
loo	HCC1954	HCC1954	chr18	BFB	0.1201972141861915	0.4399999976158142	0	0
loo	HCC1954	HCC1954	chr18	chromothripsis	0.3889731168746948	0.699999988079071	0	0
loo	HCC1954	HCC1954	chr18	ecDNA	0.1152556538581848	0.2300000041723251	0	0
loo	HCC1954	HCC1954	chr18	seismic_amplification	0.157208576798439	0.7900000214576721	0	0
loo	HCC1954	HCC1954	chr19	BFB	0.2596211433410644	0.4399999976158142	0	0
loo	HCC1954	HCC1954	chr19	chromothripsis	0.6264985799789429	0.699999988079071	0	0
loo	HCC1954	HCC1954	chr19	ecDNA	0.1627736240625381	0.2300000041723251	0	0
loo	HCC1954	HCC1954	chr19	seismic_amplification	0.3501124083995819	0.7900000214576721	0	1
loo	HCC1954	HCC1954	chr2	BFB	0.0794844627380371	0.4399999976158142	0	0
loo	HCC1954	HCC1954	chr2	chromothripsis	0.5760795474052429	0.699999988079071	0	0
loo	HCC1954	HCC1954	chr2	ecDNA	0.0870493352413177	0.2300000041723251	0	0
loo	HCC1954	HCC1954	chr2	seismic_amplification	0.2307999283075332	0.7900000214576721	0	0
loo	HCC1954	HCC1954	chr20	BFB	0.5796005725860596	0.4399999976158142	1	0
loo	HCC1954	HCC1954	chr20	chromothripsis	0.5244985818862915	0.699999988079071	0	0
loo	HCC1954	HCC1954	chr20	ecDNA	0.3373246192932129	0.2300000041723251	1	0
loo	HCC1954	HCC1954	chr20	seismic_amplification	0.563851535320282	0.7900000214576721	0	0
loo	HCC1954	HCC1954	chr21	BFB	0.1421535909175872	0.4399999976158142	0	0
loo	HCC1954	HCC1954	chr21	chromothripsis	0.7556108236312866	0.699999988079071	1	0
loo	HCC1954	HCC1954	chr21	ecDNA	0.1030251309275627	0.2300000041723251	0	0
loo	HCC1954	HCC1954	chr21	seismic_amplification	0.6787593364715576	0.7900000214576721	0	1
loo	HCC1954	HCC1954	chr22	BFB	0.2348194122314453	0.4399999976158142	0	0
loo	HCC1954	HCC1954	chr22	chromothripsis	0.7414831519126892	0.699999988079071	1	0
loo	HCC1954	HCC1954	chr22	ecDNA	0.1400640606880188	0.2300000041723251	0	0
loo	HCC1954	HCC1954	chr22	seismic_amplification	0.3536058366298675	0.7900000214576721	0	0
loo	HCC1954	HCC1954	chr3	BFB	0.1024293005466461	0.4399999976158142	0	0
loo	HCC1954	HCC1954	chr3	chromothripsis	0.6126796007156372	0.699999988079071	0	0
loo	HCC1954	HCC1954	chr3	ecDNA	0.1047025471925735	0.2300000041723251	0	0
loo	HCC1954	HCC1954	chr3	seismic_amplification	0.1890723705291748	0.7900000214576721	0	0
loo	HCC1954	HCC1954	chr4	BFB	0.117342934012413	0.4399999976158142	0	0
loo	HCC1954	HCC1954	chr4	chromothripsis	0.7222469449043274	0.699999988079071	1	0
loo	HCC1954	HCC1954	chr4	ecDNA	0.0987938344478607	0.2300000041723251	0	0
loo	HCC1954	HCC1954	chr4	seismic_amplification	0.654239296913147	0.7900000214576721	0	0
loo	HCC1954	HCC1954	chr5	BFB	0.2536303400993347	0.4399999976158142	0	0
loo	HCC1954	HCC1954	chr5	chromothripsis	0.6921715140342712	0.699999988079071	0	0
loo	HCC1954	HCC1954	chr5	ecDNA	0.1561191380023956	0.2300000041723251	0	0
loo	HCC1954	HCC1954	chr5	seismic_amplification	0.6970826387405396	0.7900000214576721	0	0
loo	HCC1954	HCC1954	chr6	BFB	0.216480404138565	0.4399999976158142	0	0
loo	HCC1954	HCC1954	chr6	chromothripsis	0.7554522156715393	0.699999988079071	1	0
loo	HCC1954	HCC1954	chr6	ecDNA	0.1268634349107742	0.2300000041723251	0	0
loo	HCC1954	HCC1954	chr6	seismic_amplification	0.1934320032596588	0.7900000214576721	0	0
loo	HCC1954	HCC1954	chr7	BFB	0.0905162915587425	0.4399999976158142	0	0
loo	HCC1954	HCC1954	chr7	chromothripsis	0.35219806432724	0.699999988079071	0	0
loo	HCC1954	HCC1954	chr7	ecDNA	0.1237213164567947	0.2300000041723251	0	0
loo	HCC1954	HCC1954	chr7	seismic_amplification	0.1824635565280914	0.7900000214576721	0	0
loo	HCC1954	HCC1954	chr8	BFB	0.4441279172897339	0.4399999976158142	1	0
loo	HCC1954	HCC1954	chr8	chromothripsis	0.6980933547019958	0.699999988079071	0	0
loo	HCC1954	HCC1954	chr8	ecDNA	0.2318368852138519	0.2300000041723251	1	0
loo	HCC1954	HCC1954	chr8	seismic_amplification	0.8587990403175354	0.7900000214576721	1	1
loo	HCC1954	HCC1954	chr9	BFB	0.3363949060440063	0.4399999976158142	0	0
loo	HCC1954	HCC1954	chr9	chromothripsis	0.5493052005767822	0.699999988079071	0	1
loo	HCC1954	HCC1954	chr9	ecDNA	0.2331354320049286	0.2300000041723251	1	0
loo	HCC1954	HCC1954	chr9	seismic_amplification	0.603706955909729	0.7900000214576721	0	1
loo	HOS	HOS	chr1	BFB	0.2473377734422683	0.5199999809265137	0	0
loo	HOS	HOS	chr1	chromothripsis	0.3480498790740967	0.699999988079071	0	0
loo	HOS	HOS	chr1	ecDNA	0.0904116109013557	0.3899999856948852	0	0
loo	HOS	HOS	chr1	seismic_amplification	0.0874906256794929	0.8399999737739563	0	0
loo	HOS	HOS	chr10	BFB	0.1076872795820236	0.5199999809265137	0	0
loo	HOS	HOS	chr10	chromothripsis	0.1095205694437027	0.699999988079071	0	0
loo	HOS	HOS	chr10	ecDNA	0.0365914814174175	0.3899999856948852	0	0
loo	HOS	HOS	chr10	seismic_amplification	0.0484171845018863	0.8399999737739563	0	0
loo	HOS	HOS	chr11	BFB	0.3923989832401275	0.5199999809265137	0	0
loo	HOS	HOS	chr11	chromothripsis	0.7142623662948608	0.699999988079071	1	0
loo	HOS	HOS	chr11	ecDNA	0.3151631951332092	0.3899999856948852	0	0
loo	HOS	HOS	chr11	seismic_amplification	0.9057260155677797	0.8399999737739563	1	0
loo	HOS	HOS	chr12	BFB	0.2186444252729416	0.5199999809265137	0	0
loo	HOS	HOS	chr12	chromothripsis	0.7415530681610107	0.699999988079071	1	0
loo	HOS	HOS	chr12	ecDNA	0.1160136610269546	0.3899999856948852	0	0
loo	HOS	HOS	chr12	seismic_amplification	0.53485107421875	0.8399999737739563	0	0
loo	HOS	HOS	chr13	BFB	0.0733850002288818	0.5199999809265137	0	0
loo	HOS	HOS	chr13	chromothripsis	0.139922484755516	0.699999988079071	0	0
loo	HOS	HOS	chr13	ecDNA	0.0310596637427806	0.3899999856948852	0	0
loo	HOS	HOS	chr13	seismic_amplification	0.0607308112084865	0.8399999737739563	0	0
loo	HOS	HOS	chr14	BFB	0.077099934220314	0.5199999809265137	0	0
loo	HOS	HOS	chr14	chromothripsis	0.0844928696751594	0.699999988079071	0	0
loo	HOS	HOS	chr14	ecDNA	0.0441715754568576	0.3899999856948852	0	0
loo	HOS	HOS	chr14	seismic_amplification	0.0557567998766899	0.8399999737739563	0	0
loo	HOS	HOS	chr15	BFB	0.1073048710823059	0.5199999809265137	0	0
loo	HOS	HOS	chr15	chromothripsis	0.525364100933075	0.699999988079071	0	0
loo	HOS	HOS	chr15	ecDNA	0.0314617045223712	0.3899999856948852	0	0
loo	HOS	HOS	chr15	seismic_amplification	0.0386171340942382	0.8399999737739563	0	0
loo	HOS	HOS	chr16	BFB	0.1383160650730133	0.5199999809265137	0	0
loo	HOS	HOS	chr16	chromothripsis	0.186611607670784	0.699999988079071	0	0
loo	HOS	HOS	chr16	ecDNA	0.0925301387906074	0.3899999856948852	0	0
loo	HOS	HOS	chr16	seismic_amplification	0.1008721962571144	0.8399999737739563	0	0
loo	HOS	HOS	chr17	BFB	0.4604619443416595	0.5199999809265137	0	1
loo	HOS	HOS	chr17	chromothripsis	0.5349785685539246	0.699999988079071	0	0
loo	HOS	HOS	chr17	ecDNA	0.1847948431968689	0.3899999856948852	0	0
loo	HOS	HOS	chr17	seismic_amplification	0.1000434607267379	0.8399999737739563	0	0
loo	HOS	HOS	chr18	BFB	0.1978139728307724	0.5199999809265137	0	0
loo	HOS	HOS	chr18	chromothripsis	0.3163131773471832	0.699999988079071	0	0
loo	HOS	HOS	chr18	ecDNA	0.0493312291800975	0.3899999856948852	0	0
loo	HOS	HOS	chr18	seismic_amplification	0.0464237965643405	0.8399999737739563	0	0
loo	HOS	HOS	chr19	BFB	0.1412470340728759	0.5199999809265137	0	0
loo	HOS	HOS	chr19	chromothripsis	0.1752272844314575	0.699999988079071	0	0
loo	HOS	HOS	chr19	ecDNA	0.0497514307498931	0.3899999856948852	0	0
loo	HOS	HOS	chr19	seismic_amplification	0.0600290335714817	0.8399999737739563	0	0
loo	HOS	HOS	chr2	BFB	0.305038571357727	0.5199999809265137	0	0
loo	HOS	HOS	chr2	chromothripsis	0.6998239755630493	0.699999988079071	0	0
loo	HOS	HOS	chr2	ecDNA	0.1458274573087692	0.3899999856948852	0	0
loo	HOS	HOS	chr2	seismic_amplification	0.1761036664247512	0.8399999737739563	0	0
loo	HOS	HOS	chr20	BFB	0.4624546766281128	0.5199999809265137	0	0
loo	HOS	HOS	chr20	chromothripsis	0.5729204416275024	0.699999988079071	0	0
loo	HOS	HOS	chr20	ecDNA	0.2290601581335067	0.3899999856948852	0	0
loo	HOS	HOS	chr20	seismic_amplification	0.1587707996368408	0.8399999737739563	0	0
loo	HOS	HOS	chr21	BFB	0.307848572731018	0.5199999809265137	0	0
loo	HOS	HOS	chr21	chromothripsis	0.2005358636379242	0.699999988079071	0	0
loo	HOS	HOS	chr21	ecDNA	0.1870213598012924	0.3899999856948852	0	0
loo	HOS	HOS	chr21	seismic_amplification	0.160134270787239	0.8399999737739563	0	0
loo	HOS	HOS	chr22	BFB	0.107363648712635	0.5199999809265137	0	0
loo	HOS	HOS	chr22	chromothripsis	0.1404814422130584	0.699999988079071	0	0
loo	HOS	HOS	chr22	ecDNA	0.0420963987708091	0.3899999856948852	0	0
loo	HOS	HOS	chr22	seismic_amplification	0.0669873803853988	0.8399999737739563	0	0
loo	HOS	HOS	chr3	BFB	0.0829946175217628	0.5199999809265137	0	0
loo	HOS	HOS	chr3	chromothripsis	0.1106407046318054	0.699999988079071	0	0
loo	HOS	HOS	chr3	ecDNA	0.0277737844735384	0.3899999856948852	0	0
loo	HOS	HOS	chr3	seismic_amplification	0.0448721647262573	0.8399999737739563	0	0
loo	HOS	HOS	chr4	BFB	0.1336265951395034	0.5199999809265137	0	0
loo	HOS	HOS	chr4	chromothripsis	0.6323290467262268	0.699999988079071	0	0
loo	HOS	HOS	chr4	ecDNA	0.048102993518114	0.3899999856948852	0	0
loo	HOS	HOS	chr4	seismic_amplification	0.0538879111409187	0.8399999737739563	0	0
loo	HOS	HOS	chr5	BFB	0.161935418844223	0.5199999809265137	0	0
loo	HOS	HOS	chr5	chromothripsis	0.354941576719284	0.699999988079071	0	0
loo	HOS	HOS	chr5	ecDNA	0.03153533115983	0.3899999856948852	0	0
loo	HOS	HOS	chr5	seismic_amplification	0.0334560796618461	0.8399999737739563	0	0
loo	HOS	HOS	chr6	BFB	0.207774817943573	0.5199999809265137	0	0
loo	HOS	HOS	chr6	chromothripsis	0.6283089518547058	0.699999988079071	0	0
loo	HOS	HOS	chr6	ecDNA	0.0898072868585586	0.3899999856948852	0	0
loo	HOS	HOS	chr6	seismic_amplification	0.3019076287746429	0.8399999737739563	0	0
loo	HOS	HOS	chr7	BFB	0.2426760494709015	0.5199999809265137	0	0
loo	HOS	HOS	chr7	chromothripsis	0.6329442858695984	0.699999988079071	0	0
loo	HOS	HOS	chr7	ecDNA	0.0838952735066413	0.3899999856948852	0	0
loo	HOS	HOS	chr7	seismic_amplification	0.1633684933185577	0.8399999737739563	0	0
loo	HOS	HOS	chr8	BFB	0.1559068262577057	0.5199999809265137	0	0
loo	HOS	HOS	chr8	chromothripsis	0.1252197027206421	0.699999988079071	0	0
loo	HOS	HOS	chr8	ecDNA	0.1039621084928512	0.3899999856948852	0	0
loo	HOS	HOS	chr8	seismic_amplification	0.0866394117474556	0.8399999737739563	0	0
loo	HOS	HOS	chr9	BFB	0.1298303753137588	0.5199999809265137	0	0
loo	HOS	HOS	chr9	chromothripsis	0.2208260595798492	0.699999988079071	0	0
loo	HOS	HOS	chr9	ecDNA	0.0256729423999786	0.3899999856948852	0	0
loo	HOS	HOS	chr9	seismic_amplification	0.0271309427917003	0.8399999737739563	0	0
loo	HOS	HOS	chrX	BFB	0.3335787355899811	0.5199999809265137	0	0
loo	HOS	HOS	chrX	chromothripsis	0.2883695662021637	0.699999988079071	0	0
loo	HOS	HOS	chrX	ecDNA	0.1219368726015091	0.3899999856948852	0	0
loo	HOS	HOS	chrX	seismic_amplification	0.0562660917639732	0.8399999737739563	0	0
loo	HT3	HT3	chr1	BFB	0.0318077802658081	0.270000010728836	0	0
loo	HT3	HT3	chr1	chromothripsis	0.0525098703801631	0.699999988079071	0	0
loo	HT3	HT3	chr1	ecDNA	0.0405913852155208	0.209999993443489	0	0
loo	HT3	HT3	chr1	seismic_amplification	0.0924935117363929	0.8199999928474426	0	0
loo	HT3	HT3	chr10	BFB	0.2480082660913467	0.270000010728836	0	0
loo	HT3	HT3	chr10	chromothripsis	0.0357106290757656	0.699999988079071	0	0
loo	HT3	HT3	chr10	ecDNA	0.1863448768854141	0.209999993443489	0	0
loo	HT3	HT3	chr10	seismic_amplification	0.1022006571292877	0.8199999928474426	0	0
loo	HT3	HT3	chr11	BFB	0.0904039442539215	0.270000010728836	0	0
loo	HT3	HT3	chr11	chromothripsis	0.0734607353806495	0.699999988079071	0	0
loo	HT3	HT3	chr11	ecDNA	0.0600354894995689	0.209999993443489	0	0
loo	HT3	HT3	chr11	seismic_amplification	0.109460137784481	0.8199999928474426	0	0
loo	HT3	HT3	chr12	BFB	0.0471065156161785	0.270000010728836	0	0
loo	HT3	HT3	chr12	chromothripsis	0.0326120182871818	0.699999988079071	0	0
loo	HT3	HT3	chr12	ecDNA	0.0791611149907112	0.209999993443489	0	0
loo	HT3	HT3	chr12	seismic_amplification	0.0874118581414222	0.8199999928474426	0	0
loo	HT3	HT3	chr13	BFB	0.0774329453706741	0.270000010728836	0	0
loo	HT3	HT3	chr13	chromothripsis	0.0327236950397491	0.699999988079071	0	0
loo	HT3	HT3	chr13	ecDNA	0.0572461448609828	0.209999993443489	0	0
loo	HT3	HT3	chr13	seismic_amplification	0.1107931435108184	0.8199999928474426	0	0
loo	HT3	HT3	chr14	BFB	0.0232087802141904	0.270000010728836	0	0
loo	HT3	HT3	chr14	chromothripsis	0.020897340029478	0.699999988079071	0	0
loo	HT3	HT3	chr14	ecDNA	0.0364911071956157	0.209999993443489	0	0
loo	HT3	HT3	chr14	seismic_amplification	0.0714047700166702	0.8199999928474426	0	0
loo	HT3	HT3	chr15	BFB	0.0490911193192005	0.270000010728836	0	0
loo	HT3	HT3	chr15	chromothripsis	0.0476559661328792	0.699999988079071	0	0
loo	HT3	HT3	chr15	ecDNA	0.0800312533974647	0.209999993443489	0	0
loo	HT3	HT3	chr15	seismic_amplification	0.1123322322964668	0.8199999928474426	0	0
loo	HT3	HT3	chr16	BFB	0.0229528043419122	0.270000010728836	0	0
loo	HT3	HT3	chr16	chromothripsis	0.0260531026870012	0.699999988079071	0	0
loo	HT3	HT3	chr16	ecDNA	0.0234521217644214	0.209999993443489	0	0
loo	HT3	HT3	chr16	seismic_amplification	0.057900346815586	0.8199999928474426	0	0
loo	HT3	HT3	chr17	BFB	0.7561324238777161	0.270000010728836	1	1
loo	HT3	HT3	chr17	chromothripsis	0.2031624466180801	0.699999988079071	0	0
loo	HT3	HT3	chr17	ecDNA	0.5450082421302795	0.209999993443489	1	0
loo	HT3	HT3	chr17	seismic_amplification	0.2773098349571228	0.8199999928474426	0	0
loo	HT3	HT3	chr18	BFB	0.0461289845407009	0.270000010728836	0	0
loo	HT3	HT3	chr18	chromothripsis	0.0522829219698905	0.699999988079071	0	0
loo	HT3	HT3	chr18	ecDNA	0.0560773611068725	0.209999993443489	0	0
loo	HT3	HT3	chr18	seismic_amplification	0.1374365389347076	0.8199999928474426	0	0
loo	HT3	HT3	chr19	BFB	0.0408852435648441	0.270000010728836	0	0
loo	HT3	HT3	chr19	chromothripsis	0.0228092521429061	0.699999988079071	0	0
loo	HT3	HT3	chr19	ecDNA	0.0529322326183319	0.209999993443489	0	0
loo	HT3	HT3	chr19	seismic_amplification	0.0720861107110977	0.8199999928474426	0	0
loo	HT3	HT3	chr2	BFB	0.1030935272574424	0.270000010728836	0	0
loo	HT3	HT3	chr2	chromothripsis	0.3938251137733459	0.699999988079071	0	1
loo	HT3	HT3	chr2	ecDNA	0.066622070968151	0.209999993443489	0	0
loo	HT3	HT3	chr2	seismic_amplification	0.1854613125324249	0.8199999928474426	0	0
loo	HT3	HT3	chr20	BFB	0.0280875172466039	0.270000010728836	0	0
loo	HT3	HT3	chr20	chromothripsis	0.0330269709229469	0.699999988079071	0	0
loo	HT3	HT3	chr20	ecDNA	0.0296854004263877	0.209999993443489	0	0
loo	HT3	HT3	chr20	seismic_amplification	0.0707265511155128	0.8199999928474426	0	0
loo	HT3	HT3	chr21	BFB	0.0313605219125747	0.270000010728836	0	0
loo	HT3	HT3	chr21	chromothripsis	0.021185403689742	0.699999988079071	0	0
loo	HT3	HT3	chr21	ecDNA	0.0904684662818908	0.209999993443489	0	0
loo	HT3	HT3	chr21	seismic_amplification	0.094538114964962	0.8199999928474426	0	0
loo	HT3	HT3	chr22	BFB	0.0249630324542522	0.270000010728836	0	0
loo	HT3	HT3	chr22	chromothripsis	0.0290548745542764	0.699999988079071	0	0
loo	HT3	HT3	chr22	ecDNA	0.0325960889458656	0.209999993443489	0	0
loo	HT3	HT3	chr22	seismic_amplification	0.0892369076609611	0.8199999928474426	0	0
loo	HT3	HT3	chr3	BFB	0.0190680567175149	0.270000010728836	0	0
loo	HT3	HT3	chr3	chromothripsis	0.0272213127464056	0.699999988079071	0	0
loo	HT3	HT3	chr3	ecDNA	0.0315960943698883	0.209999993443489	0	0
loo	HT3	HT3	chr3	seismic_amplification	0.070588007569313	0.8199999928474426	0	0
loo	HT3	HT3	chr4	BFB	0.163311168551445	0.270000010728836	0	1
loo	HT3	HT3	chr4	chromothripsis	0.7042664885520935	0.699999988079071	1	1
loo	HT3	HT3	chr4	ecDNA	0.1261056661605835	0.209999993443489	0	0
loo	HT3	HT3	chr4	seismic_amplification	0.4882733225822449	0.8199999928474426	0	0
loo	HT3	HT3	chr5	BFB	0.0556243099272251	0.270000010728836	0	0
loo	HT3	HT3	chr5	chromothripsis	0.0785686150193214	0.699999988079071	0	0
loo	HT3	HT3	chr5	ecDNA	0.0761783719062805	0.209999993443489	0	0
loo	HT3	HT3	chr5	seismic_amplification	0.1550440490245819	0.8199999928474426	0	0
loo	HT3	HT3	chr6	BFB	0.0960141494870185	0.270000010728836	0	0
loo	HT3	HT3	chr6	chromothripsis	0.0870794430375099	0.699999988079071	0	0
loo	HT3	HT3	chr6	ecDNA	0.0921683087944984	0.209999993443489	0	0
loo	HT3	HT3	chr6	seismic_amplification	0.1773799806833267	0.8199999928474426	0	0
loo	HT3	HT3	chr7	BFB	0.0205876696854829	0.270000010728836	0	0
loo	HT3	HT3	chr7	chromothripsis	0.0191484671086072	0.699999988079071	0	0
loo	HT3	HT3	chr7	ecDNA	0.0403621606528759	0.209999993443489	0	0
loo	HT3	HT3	chr7	seismic_amplification	0.0889678820967674	0.8199999928474426	0	0
loo	HT3	HT3	chr8	BFB	0.0857816115021705	0.270000010728836	0	0
loo	HT3	HT3	chr8	chromothripsis	0.2084576189517974	0.699999988079071	0	0
loo	HT3	HT3	chr8	ecDNA	0.0667701661586761	0.209999993443489	0	0
loo	HT3	HT3	chr8	seismic_amplification	0.1576989740133285	0.8199999928474426	0	0
loo	HT3	HT3	chr9	BFB	0.0797636061906814	0.270000010728836	0	0
loo	HT3	HT3	chr9	chromothripsis	0.0641850233078002	0.699999988079071	0	0
loo	HT3	HT3	chr9	ecDNA	0.0558525696396827	0.209999993443489	0	0
loo	HT3	HT3	chr9	seismic_amplification	0.0916465669870376	0.8199999928474426	0	0
loo	HT3	HT3	chrX	BFB	0.043499007821083	0.270000010728836	0	0
loo	HT3	HT3	chrX	chromothripsis	0.0466807149350643	0.699999988079071	0	0
loo	HT3	HT3	chrX	ecDNA	0.0384727530181407	0.209999993443489	0	0
loo	HT3	HT3	chrX	seismic_amplification	0.0927378386259079	0.8199999928474426	0	0
loo	MDA_MD_361	MDA_MD_361	chr1	BFB	0.0316596291959285	0.270000010728836	0	0
loo	MDA_MD_361	MDA_MD_361	chr1	chromothripsis	0.1323910355567932	0.7300000190734863	0	1
loo	MDA_MD_361	MDA_MD_361	chr1	ecDNA	0.0399660840630531	0.4000000059604645	0	0
loo	MDA_MD_361	MDA_MD_361	chr1	seismic_amplification	0.0541757345199584	0.7799999713897705	0	0
loo	MDA_MD_361	MDA_MD_361	chr10	BFB	0.0470524877309799	0.270000010728836	0	0
loo	MDA_MD_361	MDA_MD_361	chr10	chromothripsis	0.3648833334445953	0.7300000190734863	0	0
loo	MDA_MD_361	MDA_MD_361	chr10	ecDNA	0.0720022693276405	0.4000000059604645	0	0
loo	MDA_MD_361	MDA_MD_361	chr10	seismic_amplification	0.2085873633623123	0.7799999713897705	0	0
loo	MDA_MD_361	MDA_MD_361	chr11	BFB	0.0816385820508003	0.270000010728836	0	0
loo	MDA_MD_361	MDA_MD_361	chr11	chromothripsis	0.6875926852226257	0.7300000190734863	0	0
loo	MDA_MD_361	MDA_MD_361	chr11	ecDNA	0.0682956352829933	0.4000000059604645	0	0
loo	MDA_MD_361	MDA_MD_361	chr11	seismic_amplification	0.1920696347951889	0.7799999713897705	0	0
loo	MDA_MD_361	MDA_MD_361	chr12	BFB	0.2322251796722412	0.270000010728836	0	0
loo	MDA_MD_361	MDA_MD_361	chr12	chromothripsis	0.7867348790168762	0.7300000190734863	1	1
loo	MDA_MD_361	MDA_MD_361	chr12	ecDNA	0.2068795412778854	0.4000000059604645	0	0
loo	MDA_MD_361	MDA_MD_361	chr12	seismic_amplification	0.6254915595054626	0.7799999713897705	0	0
loo	MDA_MD_361	MDA_MD_361	chr13	BFB	0.0293516349047422	0.270000010728836	0	0
loo	MDA_MD_361	MDA_MD_361	chr13	chromothripsis	0.0383407622575759	0.7300000190734863	0	0
loo	MDA_MD_361	MDA_MD_361	chr13	ecDNA	0.0753982216119766	0.4000000059604645	0	0
loo	MDA_MD_361	MDA_MD_361	chr13	seismic_amplification	0.1195961534976959	0.7799999713897705	0	0
loo	MDA_MD_361	MDA_MD_361	chr14	BFB	0.2939499914646148	0.270000010728836	1	0
loo	MDA_MD_361	MDA_MD_361	chr14	chromothripsis	0.3507932722568512	0.7300000190734863	0	0
loo	MDA_MD_361	MDA_MD_361	chr14	ecDNA	0.1595833599567413	0.4000000059604645	0	0
loo	MDA_MD_361	MDA_MD_361	chr14	seismic_amplification	0.1503974348306656	0.7799999713897705	0	0
loo	MDA_MD_361	MDA_MD_361	chr15	BFB	0.0249316040426492	0.270000010728836	0	0
loo	MDA_MD_361	MDA_MD_361	chr15	chromothripsis	0.0853311270475387	0.7300000190734863	0	0
loo	MDA_MD_361	MDA_MD_361	chr15	ecDNA	0.0448915958404541	0.4000000059604645	0	0
loo	MDA_MD_361	MDA_MD_361	chr15	seismic_amplification	0.0884095057845115	0.7799999713897705	0	0
loo	MDA_MD_361	MDA_MD_361	chr16	BFB	0.0974171385169029	0.270000010728836	0	0
loo	MDA_MD_361	MDA_MD_361	chr16	chromothripsis	0.6505029797554016	0.7300000190734863	0	0
loo	MDA_MD_361	MDA_MD_361	chr16	ecDNA	0.1037813350558281	0.4000000059604645	0	0
loo	MDA_MD_361	MDA_MD_361	chr16	seismic_amplification	0.410098522901535	0.7799999713897705	0	0
loo	MDA_MD_361	MDA_MD_361	chr17	BFB	0.621480405330658	0.270000010728836	1	1
loo	MDA_MD_361	MDA_MD_361	chr17	chromothripsis	0.6513630747795105	0.7300000190734863	0	0
loo	MDA_MD_361	MDA_MD_361	chr17	ecDNA	0.5489341616630554	0.4000000059604645	1	0
loo	MDA_MD_361	MDA_MD_361	chr17	seismic_amplification	0.9242178797721864	0.7799999713897705	1	1
loo	MDA_MD_361	MDA_MD_361	chr18	BFB	0.0262175407260656	0.270000010728836	0	0
loo	MDA_MD_361	MDA_MD_361	chr18	chromothripsis	0.0803175047039985	0.7300000190734863	0	0
loo	MDA_MD_361	MDA_MD_361	chr18	ecDNA	0.0404273644089698	0.4000000059604645	0	0
loo	MDA_MD_361	MDA_MD_361	chr18	seismic_amplification	0.0537622272968292	0.7799999713897705	0	0
loo	MDA_MD_361	MDA_MD_361	chr19	BFB	0.0379642434418201	0.270000010728836	0	0
loo	MDA_MD_361	MDA_MD_361	chr19	chromothripsis	0.1513339430093765	0.7300000190734863	0	0
loo	MDA_MD_361	MDA_MD_361	chr19	ecDNA	0.0474139712750911	0.4000000059604645	0	0
loo	MDA_MD_361	MDA_MD_361	chr19	seismic_amplification	0.0626087263226509	0.7799999713897705	0	0
loo	MDA_MD_361	MDA_MD_361	chr2	BFB	0.1128274127840995	0.270000010728836	0	0
loo	MDA_MD_361	MDA_MD_361	chr2	chromothripsis	0.6883151531219482	0.7300000190734863	0	1
loo	MDA_MD_361	MDA_MD_361	chr2	ecDNA	0.089266799390316	0.4000000059604645	0	0
loo	MDA_MD_361	MDA_MD_361	chr2	seismic_amplification	0.2521899044513702	0.7799999713897705	0	0
loo	MDA_MD_361	MDA_MD_361	chr20	BFB	0.1281900852918625	0.270000010728836	0	0
loo	MDA_MD_361	MDA_MD_361	chr20	chromothripsis	0.3624351024627685	0.7300000190734863	0	0
loo	MDA_MD_361	MDA_MD_361	chr20	ecDNA	0.0972784161567688	0.4000000059604645	0	0
loo	MDA_MD_361	MDA_MD_361	chr20	seismic_amplification	0.1617700457572937	0.7799999713897705	0	1
loo	MDA_MD_361	MDA_MD_361	chr21	BFB	0.0340375863015651	0.270000010728836	0	0
loo	MDA_MD_361	MDA_MD_361	chr21	chromothripsis	0.0485481098294258	0.7300000190734863	0	0
loo	MDA_MD_361	MDA_MD_361	chr21	ecDNA	0.0467542447149753	0.4000000059604645	0	0
loo	MDA_MD_361	MDA_MD_361	chr21	seismic_amplification	0.0808785632252693	0.7799999713897705	0	0
loo	MDA_MD_361	MDA_MD_361	chr22	BFB	0.0295554175972938	0.270000010728836	0	0
loo	MDA_MD_361	MDA_MD_361	chr22	chromothripsis	0.0527626387774944	0.7300000190734863	0	0
loo	MDA_MD_361	MDA_MD_361	chr22	ecDNA	0.0398260094225406	0.4000000059604645	0	0
loo	MDA_MD_361	MDA_MD_361	chr22	seismic_amplification	0.0744950175285339	0.7799999713897705	0	0
loo	MDA_MD_361	MDA_MD_361	chr3	BFB	0.019976744428277	0.270000010728836	0	0
loo	MDA_MD_361	MDA_MD_361	chr3	chromothripsis	0.0384666845202446	0.7300000190734863	0	0
loo	MDA_MD_361	MDA_MD_361	chr3	ecDNA	0.0301594454795122	0.4000000059604645	0	0
loo	MDA_MD_361	MDA_MD_361	chr3	seismic_amplification	0.0608375594019889	0.7799999713897705	0	0
loo	MDA_MD_361	MDA_MD_361	chr4	BFB	0.0209755823016166	0.270000010728836	0	0
loo	MDA_MD_361	MDA_MD_361	chr4	chromothripsis	0.113518588244915	0.7300000190734863	0	0
loo	MDA_MD_361	MDA_MD_361	chr4	ecDNA	0.0322327837347984	0.4000000059604645	0	0
loo	MDA_MD_361	MDA_MD_361	chr4	seismic_amplification	0.0662966221570968	0.7799999713897705	0	0
loo	MDA_MD_361	MDA_MD_361	chr5	BFB	0.0275058094412088	0.270000010728836	0	0
loo	MDA_MD_361	MDA_MD_361	chr5	chromothripsis	0.1098472028970718	0.7300000190734863	0	0
loo	MDA_MD_361	MDA_MD_361	chr5	ecDNA	0.0409590005874633	0.4000000059604645	0	0
loo	MDA_MD_361	MDA_MD_361	chr5	seismic_amplification	0.0547811239957809	0.7799999713897705	0	0
loo	MDA_MD_361	MDA_MD_361	chr6	BFB	0.1373977065086364	0.270000010728836	0	0
loo	MDA_MD_361	MDA_MD_361	chr6	chromothripsis	0.7011432647705078	0.7300000190734863	0	1
loo	MDA_MD_361	MDA_MD_361	chr6	ecDNA	0.133301168680191	0.4000000059604645	0	0
loo	MDA_MD_361	MDA_MD_361	chr6	seismic_amplification	0.5132807493209839	0.7799999713897705	0	0
loo	MDA_MD_361	MDA_MD_361	chr7	BFB	0.0998954996466636	0.270000010728836	0	0
loo	MDA_MD_361	MDA_MD_361	chr7	chromothripsis	0.5692861080169678	0.7300000190734863	0	0
loo	MDA_MD_361	MDA_MD_361	chr7	ecDNA	0.0996541231870651	0.4000000059604645	0	0
loo	MDA_MD_361	MDA_MD_361	chr7	seismic_amplification	0.3905133903026581	0.7799999713897705	0	0
loo	MDA_MD_361	MDA_MD_361	chr8	BFB	0.0262414738535881	0.270000010728836	0	0
loo	MDA_MD_361	MDA_MD_361	chr8	chromothripsis	0.14490507543087	0.7300000190734863	0	0
loo	MDA_MD_361	MDA_MD_361	chr8	ecDNA	0.0525863468647003	0.4000000059604645	0	0
loo	MDA_MD_361	MDA_MD_361	chr8	seismic_amplification	0.1143757700920105	0.7799999713897705	0	0
loo	MDA_MD_361	MDA_MD_361	chr9	BFB	0.1362177431583404	0.270000010728836	0	0
loo	MDA_MD_361	MDA_MD_361	chr9	chromothripsis	0.6993266940116882	0.7300000190734863	0	0
loo	MDA_MD_361	MDA_MD_361	chr9	ecDNA	0.1095666214823722	0.4000000059604645	0	0
loo	MDA_MD_361	MDA_MD_361	chr9	seismic_amplification	0.3684661388397217	0.7799999713897705	0	1
loo	MDA_MD_361	MDA_MD_361	chrX	BFB	0.0531057119369506	0.270000010728836	0	0
loo	MDA_MD_361	MDA_MD_361	chrX	chromothripsis	0.1229585036635398	0.7300000190734863	0	0
loo	MDA_MD_361	MDA_MD_361	chrX	ecDNA	0.0717631354928016	0.4000000059604645	0	0
loo	MDA_MD_361	MDA_MD_361	chrX	seismic_amplification	0.0679309070110321	0.7799999713897705	0	0
loo	MDA_MD_453	MDA_MD_453	chr1	BFB	0.0426019579172134	0.3100000023841858	0	0
loo	MDA_MD_453	MDA_MD_453	chr1	chromothripsis	0.0500714555382728	0.6399999856948853	0	0
loo	MDA_MD_453	MDA_MD_453	chr1	ecDNA	0.0860636308789253	0.449999988079071	0	0
loo	MDA_MD_453	MDA_MD_453	chr1	seismic_amplification	0.0297643225640058	0.800000011920929	0	0
loo	MDA_MD_453	MDA_MD_453	chr10	BFB	0.0350862294435501	0.3100000023841858	0	0
loo	MDA_MD_453	MDA_MD_453	chr10	chromothripsis	0.0358907505869865	0.6399999856948853	0	0
loo	MDA_MD_453	MDA_MD_453	chr10	ecDNA	0.064196228981018	0.449999988079071	0	0
loo	MDA_MD_453	MDA_MD_453	chr10	seismic_amplification	0.0237302165478467	0.800000011920929	0	0
loo	MDA_MD_453	MDA_MD_453	chr11	BFB	0.3863804638385772	0.3100000023841858	1	0
loo	MDA_MD_453	MDA_MD_453	chr11	chromothripsis	0.7484472990036011	0.6399999856948853	1	1
loo	MDA_MD_453	MDA_MD_453	chr11	ecDNA	0.192386046051979	0.449999988079071	0	0
loo	MDA_MD_453	MDA_MD_453	chr11	seismic_amplification	0.8257091641426086	0.800000011920929	1	0
loo	MDA_MD_453	MDA_MD_453	chr12	BFB	0.1655296683311462	0.3100000023841858	0	0
loo	MDA_MD_453	MDA_MD_453	chr12	chromothripsis	0.4153075516223907	0.6399999856948853	0	0
loo	MDA_MD_453	MDA_MD_453	chr12	ecDNA	0.1693440675735473	0.449999988079071	0	0
loo	MDA_MD_453	MDA_MD_453	chr12	seismic_amplification	0.105436697602272	0.800000011920929	0	0
loo	MDA_MD_453	MDA_MD_453	chr13	BFB	0.066363126039505	0.3100000023841858	0	0
loo	MDA_MD_453	MDA_MD_453	chr13	chromothripsis	0.1007527261972427	0.6399999856948853	0	0
loo	MDA_MD_453	MDA_MD_453	chr13	ecDNA	0.1196572408080101	0.449999988079071	0	0
loo	MDA_MD_453	MDA_MD_453	chr13	seismic_amplification	0.0550932064652442	0.800000011920929	0	0
loo	MDA_MD_453	MDA_MD_453	chr14	BFB	0.0567917414009571	0.3100000023841858	0	0
loo	MDA_MD_453	MDA_MD_453	chr14	chromothripsis	0.0520046800374984	0.6399999856948853	0	0
loo	MDA_MD_453	MDA_MD_453	chr14	ecDNA	0.0814125537872314	0.449999988079071	0	0
loo	MDA_MD_453	MDA_MD_453	chr14	seismic_amplification	0.0400095805525779	0.800000011920929	0	0
loo	MDA_MD_453	MDA_MD_453	chr15	BFB	0.0685070604085922	0.3100000023841858	0	0
loo	MDA_MD_453	MDA_MD_453	chr15	chromothripsis	0.1232151091098785	0.6399999856948853	0	0
loo	MDA_MD_453	MDA_MD_453	chr15	ecDNA	0.0961779803037643	0.449999988079071	0	0
loo	MDA_MD_453	MDA_MD_453	chr15	seismic_amplification	0.0361038073897361	0.800000011920929	0	0
loo	MDA_MD_453	MDA_MD_453	chr16	BFB	0.1324153244495391	0.3100000023841858	0	0
loo	MDA_MD_453	MDA_MD_453	chr16	chromothripsis	0.12704499065876	0.6399999856948853	0	0
loo	MDA_MD_453	MDA_MD_453	chr16	ecDNA	0.1484903991222381	0.449999988079071	0	0
loo	MDA_MD_453	MDA_MD_453	chr16	seismic_amplification	0.0736680701375007	0.800000011920929	0	0
loo	MDA_MD_453	MDA_MD_453	chr17	BFB	0.3797307014465332	0.3100000023841858	1	0
loo	MDA_MD_453	MDA_MD_453	chr17	chromothripsis	0.7370402812957764	0.6399999856948853	1	0
loo	MDA_MD_453	MDA_MD_453	chr17	ecDNA	0.1996053606271743	0.449999988079071	0	0
loo	MDA_MD_453	MDA_MD_453	chr17	seismic_amplification	0.8696101307868958	0.800000011920929	1	1
loo	MDA_MD_453	MDA_MD_453	chr18	BFB	0.0983933433890342	0.3100000023841858	0	0
loo	MDA_MD_453	MDA_MD_453	chr18	chromothripsis	0.1008526310324668	0.6399999856948853	0	0
loo	MDA_MD_453	MDA_MD_453	chr18	ecDNA	0.0994193330407142	0.449999988079071	0	0
loo	MDA_MD_453	MDA_MD_453	chr18	seismic_amplification	0.0512615405023098	0.800000011920929	0	0
loo	MDA_MD_453	MDA_MD_453	chr19	BFB	0.0462233833968639	0.3100000023841858	0	0
loo	MDA_MD_453	MDA_MD_453	chr19	chromothripsis	0.0436839163303375	0.6399999856948853	0	0
loo	MDA_MD_453	MDA_MD_453	chr19	ecDNA	0.0887683108448982	0.449999988079071	0	0
loo	MDA_MD_453	MDA_MD_453	chr19	seismic_amplification	0.0386670902371406	0.800000011920929	0	0
loo	MDA_MD_453	MDA_MD_453	chr2	BFB	0.0399556271731853	0.3100000023841858	0	0
loo	MDA_MD_453	MDA_MD_453	chr2	chromothripsis	0.046299859881401	0.6399999856948853	0	0
loo	MDA_MD_453	MDA_MD_453	chr2	ecDNA	0.0768558457493782	0.449999988079071	0	0
loo	MDA_MD_453	MDA_MD_453	chr2	seismic_amplification	0.0287248734384775	0.800000011920929	0	0
loo	MDA_MD_453	MDA_MD_453	chr20	BFB	0.0483692772686481	0.3100000023841858	0	0
loo	MDA_MD_453	MDA_MD_453	chr20	chromothripsis	0.0488853715360164	0.6399999856948853	0	0
loo	MDA_MD_453	MDA_MD_453	chr20	ecDNA	0.0919385105371475	0.449999988079071	0	0
loo	MDA_MD_453	MDA_MD_453	chr20	seismic_amplification	0.0379090383648872	0.800000011920929	0	0
loo	MDA_MD_453	MDA_MD_453	chr21	BFB	0.1131924837827682	0.3100000023841858	0	0
loo	MDA_MD_453	MDA_MD_453	chr21	chromothripsis	0.0728909894824028	0.6399999856948853	0	0
loo	MDA_MD_453	MDA_MD_453	chr21	ecDNA	0.1571318209171295	0.449999988079071	0	0
loo	MDA_MD_453	MDA_MD_453	chr21	seismic_amplification	0.0727656111121177	0.800000011920929	0	0
loo	MDA_MD_453	MDA_MD_453	chr22	BFB	0.2110457867383957	0.3100000023841858	0	0
loo	MDA_MD_453	MDA_MD_453	chr22	chromothripsis	0.6393077969551086	0.6399999856948853	0	0
loo	MDA_MD_453	MDA_MD_453	chr22	ecDNA	0.181205466389656	0.449999988079071	0	0
loo	MDA_MD_453	MDA_MD_453	chr22	seismic_amplification	0.1132391765713691	0.800000011920929	0	0
loo	MDA_MD_453	MDA_MD_453	chr3	BFB	0.0922228619456291	0.3100000023841858	0	0
loo	MDA_MD_453	MDA_MD_453	chr3	chromothripsis	0.1418989449739456	0.6399999856948853	0	1
loo	MDA_MD_453	MDA_MD_453	chr3	ecDNA	0.1253540217876434	0.449999988079071	0	0
loo	MDA_MD_453	MDA_MD_453	chr3	seismic_amplification	0.0417779721319675	0.800000011920929	0	0
loo	MDA_MD_453	MDA_MD_453	chr4	BFB	0.0444715358316898	0.3100000023841858	0	0
loo	MDA_MD_453	MDA_MD_453	chr4	chromothripsis	0.049914862960577	0.6399999856948853	0	0
loo	MDA_MD_453	MDA_MD_453	chr4	ecDNA	0.0890092849731445	0.449999988079071	0	0
loo	MDA_MD_453	MDA_MD_453	chr4	seismic_amplification	0.0281076803803443	0.800000011920929	0	0
loo	MDA_MD_453	MDA_MD_453	chr5	BFB	0.0362302176654338	0.3100000023841858	0	0
loo	MDA_MD_453	MDA_MD_453	chr5	chromothripsis	0.0427451096475124	0.6399999856948853	0	1
loo	MDA_MD_453	MDA_MD_453	chr5	ecDNA	0.0725749358534812	0.449999988079071	0	0
loo	MDA_MD_453	MDA_MD_453	chr5	seismic_amplification	0.0240651909261941	0.800000011920929	0	0
loo	MDA_MD_453	MDA_MD_453	chr6	BFB	0.0899427533149719	0.3100000023841858	0	0
loo	MDA_MD_453	MDA_MD_453	chr6	chromothripsis	0.1637857258319854	0.6399999856948853	0	0
loo	MDA_MD_453	MDA_MD_453	chr6	ecDNA	0.127786099910736	0.449999988079071	0	0
loo	MDA_MD_453	MDA_MD_453	chr6	seismic_amplification	0.0609597153961658	0.800000011920929	0	0
loo	MDA_MD_453	MDA_MD_453	chr7	BFB	0.0501873418688774	0.3100000023841858	0	0
loo	MDA_MD_453	MDA_MD_453	chr7	chromothripsis	0.0729438066482544	0.6399999856948853	0	0
loo	MDA_MD_453	MDA_MD_453	chr7	ecDNA	0.0965220853686332	0.449999988079071	0	0
loo	MDA_MD_453	MDA_MD_453	chr7	seismic_amplification	0.045087955892086	0.800000011920929	0	0
loo	MDA_MD_453	MDA_MD_453	chr8	BFB	0.1365121155977249	0.3100000023841858	0	0
loo	MDA_MD_453	MDA_MD_453	chr8	chromothripsis	0.2144827395677566	0.6399999856948853	0	0
loo	MDA_MD_453	MDA_MD_453	chr8	ecDNA	0.1155939176678657	0.449999988079071	0	0
loo	MDA_MD_453	MDA_MD_453	chr8	seismic_amplification	0.0620927773416042	0.800000011920929	0	0
loo	MDA_MD_453	MDA_MD_453	chr9	BFB	0.1938370168209076	0.3100000023841858	0	0
loo	MDA_MD_453	MDA_MD_453	chr9	chromothripsis	0.149684265255928	0.6399999856948853	0	0
loo	MDA_MD_453	MDA_MD_453	chr9	ecDNA	0.2300927639007568	0.449999988079071	0	0
loo	MDA_MD_453	MDA_MD_453	chr9	seismic_amplification	0.0965182855725288	0.800000011920929	0	0
loo	MDA_MD_453	MDA_MD_453	chrX	BFB	0.0518100745975971	0.3100000023841858	0	0
loo	MDA_MD_453	MDA_MD_453	chrX	chromothripsis	0.0536035485565662	0.6399999856948853	0	0
loo	MDA_MD_453	MDA_MD_453	chrX	ecDNA	0.0995252206921577	0.449999988079071	0	0
loo	MDA_MD_453	MDA_MD_453	chrX	seismic_amplification	0.0371500514447689	0.800000011920929	0	0
loo	MS751	MS751	chr1	BFB	0.0324798785150051	0.449999988079071	0	0
loo	MS751	MS751	chr1	chromothripsis	0.1158391013741493	0.7599999904632568	0	0
loo	MS751	MS751	chr1	ecDNA	0.0291857980191707	0.209999993443489	0	0
loo	MS751	MS751	chr1	seismic_amplification	0.0312165785580873	0.8600000143051147	0	0
loo	MS751	MS751	chr10	BFB	0.029973005875945	0.449999988079071	0	0
loo	MS751	MS751	chr10	chromothripsis	0.2025354951620102	0.7599999904632568	0	0
loo	MS751	MS751	chr10	ecDNA	0.0330470874905586	0.209999993443489	0	0
loo	MS751	MS751	chr10	seismic_amplification	0.0336985699832439	0.8600000143051147	0	0
loo	MS751	MS751	chr11	BFB	0.240659013390541	0.449999988079071	0	0
loo	MS751	MS751	chr11	chromothripsis	0.26167032122612	0.7599999904632568	0	1
loo	MS751	MS751	chr11	ecDNA	0.0954873859882354	0.209999993443489	0	0
loo	MS751	MS751	chr11	seismic_amplification	0.0834538787603378	0.8600000143051147	0	0
loo	MS751	MS751	chr12	BFB	0.0347188785672187	0.449999988079071	0	0
loo	MS751	MS751	chr12	chromothripsis	0.1242983937263488	0.7599999904632568	0	0
loo	MS751	MS751	chr12	ecDNA	0.0319430977106094	0.209999993443489	0	0
loo	MS751	MS751	chr12	seismic_amplification	0.0242297686636447	0.8600000143051147	0	0
loo	MS751	MS751	chr13	BFB	0.0850400328636169	0.449999988079071	0	0
loo	MS751	MS751	chr13	chromothripsis	0.1199381425976753	0.7599999904632568	0	0
loo	MS751	MS751	chr13	ecDNA	0.0750108286738395	0.209999993443489	0	0
loo	MS751	MS751	chr13	seismic_amplification	0.0675767883658409	0.8600000143051147	0	0
loo	MS751	MS751	chr14	BFB	0.1463163048028946	0.449999988079071	0	0
loo	MS751	MS751	chr14	chromothripsis	0.1085964441299438	0.7599999904632568	0	0
loo	MS751	MS751	chr14	ecDNA	0.0887457132339477	0.209999993443489	0	0
loo	MS751	MS751	chr14	seismic_amplification	0.0703334659337997	0.8600000143051147	0	0
loo	MS751	MS751	chr15	BFB	0.124051459133625	0.449999988079071	0	0
loo	MS751	MS751	chr15	chromothripsis	0.1125299632549285	0.7599999904632568	0	0
loo	MS751	MS751	chr15	ecDNA	0.0674289464950561	0.209999993443489	0	0
loo	MS751	MS751	chr15	seismic_amplification	0.0488633066415786	0.8600000143051147	0	0
loo	MS751	MS751	chr16	BFB	0.2593006789684295	0.449999988079071	0	0
loo	MS751	MS751	chr16	chromothripsis	0.2466039955615997	0.7599999904632568	0	0
loo	MS751	MS751	chr16	ecDNA	0.1382314413785934	0.209999993443489	0	0
loo	MS751	MS751	chr16	seismic_amplification	0.121766597032547	0.8600000143051147	0	0
loo	MS751	MS751	chr17	BFB	0.05631685256958	0.449999988079071	0	0
loo	MS751	MS751	chr17	chromothripsis	0.106547474861145	0.7599999904632568	0	0
loo	MS751	MS751	chr17	ecDNA	0.0452926270663738	0.209999993443489	0	0
loo	MS751	MS751	chr17	seismic_amplification	0.0450089536607265	0.8600000143051147	0	0
loo	MS751	MS751	chr18	BFB	0.0249028839170932	0.449999988079071	0	0
loo	MS751	MS751	chr18	chromothripsis	0.1409113109111786	0.7599999904632568	0	0
loo	MS751	MS751	chr18	ecDNA	0.0233807805925607	0.209999993443489	0	0
loo	MS751	MS751	chr18	seismic_amplification	0.0246854145079851	0.8600000143051147	0	0
loo	MS751	MS751	chr19	BFB	0.1676797121763229	0.449999988079071	0	0
loo	MS751	MS751	chr19	chromothripsis	0.163822203874588	0.7599999904632568	0	0
loo	MS751	MS751	chr19	ecDNA	0.117598108947277	0.209999993443489	0	0
loo	MS751	MS751	chr19	seismic_amplification	0.0823398679494857	0.8600000143051147	0	0
loo	MS751	MS751	chr2	BFB	0.0424898825585842	0.449999988079071	0	0
loo	MS751	MS751	chr2	chromothripsis	0.1560349613428115	0.7599999904632568	0	0
loo	MS751	MS751	chr2	ecDNA	0.0451021902263164	0.209999993443489	0	0
loo	MS751	MS751	chr2	seismic_amplification	0.0404164679348468	0.8600000143051147	0	0
loo	MS751	MS751	chr20	BFB	0.0431553572416305	0.449999988079071	0	0
loo	MS751	MS751	chr20	chromothripsis	0.1921960264444351	0.7599999904632568	0	0
loo	MS751	MS751	chr20	ecDNA	0.0422508902847766	0.209999993443489	0	0
loo	MS751	MS751	chr20	seismic_amplification	0.05597959831357	0.8600000143051147	0	0
loo	MS751	MS751	chr21	BFB	0.6956970691680908	0.449999988079071	1	0
loo	MS751	MS751	chr21	chromothripsis	0.2622573673725128	0.7599999904632568	0	0
loo	MS751	MS751	chr21	ecDNA	0.4548533856868744	0.209999993443489	1	0
loo	MS751	MS751	chr21	seismic_amplification	0.3917706608772278	0.8600000143051147	0	0
loo	MS751	MS751	chr22	BFB	0.0667728558182716	0.449999988079071	0	0
loo	MS751	MS751	chr22	chromothripsis	0.0920704826712608	0.7599999904632568	0	0
loo	MS751	MS751	chr22	ecDNA	0.0481187812983989	0.209999993443489	0	0
loo	MS751	MS751	chr22	seismic_amplification	0.0459165908396244	0.8600000143051147	0	0
loo	MS751	MS751	chr3	BFB	0.0428110361099243	0.449999988079071	0	0
loo	MS751	MS751	chr3	chromothripsis	0.0999390482902526	0.7599999904632568	0	0
loo	MS751	MS751	chr3	ecDNA	0.0327079556882381	0.209999993443489	0	0
loo	MS751	MS751	chr3	seismic_amplification	0.0363453365862369	0.8600000143051147	0	0
loo	MS751	MS751	chr4	BFB	0.0699846893548965	0.449999988079071	0	0
loo	MS751	MS751	chr4	chromothripsis	0.1038915365934372	0.7599999904632568	0	0
loo	MS751	MS751	chr4	ecDNA	0.0597434192895889	0.209999993443489	0	0
loo	MS751	MS751	chr4	seismic_amplification	0.0598426721990108	0.8600000143051147	0	0
loo	MS751	MS751	chr5	BFB	0.0691322386264801	0.449999988079071	0	0
loo	MS751	MS751	chr5	chromothripsis	0.3509299755096435	0.7599999904632568	0	0
loo	MS751	MS751	chr5	ecDNA	0.0788074359297752	0.209999993443489	0	0
loo	MS751	MS751	chr5	seismic_amplification	0.1351968199014663	0.8600000143051147	0	0
loo	MS751	MS751	chr6	BFB	0.0452676191926002	0.449999988079071	0	0
loo	MS751	MS751	chr6	chromothripsis	0.0751302316784858	0.7599999904632568	0	0
loo	MS751	MS751	chr6	ecDNA	0.0298791658133268	0.209999993443489	0	0
loo	MS751	MS751	chr6	seismic_amplification	0.0315782241523265	0.8600000143051147	0	0
loo	MS751	MS751	chr7	BFB	0.6690571904182434	0.449999988079071	1	0
loo	MS751	MS751	chr7	chromothripsis	0.2212681472301483	0.7599999904632568	0	0
loo	MS751	MS751	chr7	ecDNA	0.434644341468811	0.209999993443489	1	0
loo	MS751	MS751	chr7	seismic_amplification	0.2567929923534393	0.8600000143051147	0	0
loo	MS751	MS751	chr8	BFB	0.0320373624563217	0.449999988079071	0	0
loo	MS751	MS751	chr8	chromothripsis	0.110526293516159	0.7599999904632568	0	0
loo	MS751	MS751	chr8	ecDNA	0.0232165362685918	0.209999993443489	0	0
loo	MS751	MS751	chr8	seismic_amplification	0.0230825375765562	0.8600000143051147	0	0
loo	MS751	MS751	chr9	BFB	0.0298245418816804	0.449999988079071	0	0
loo	MS751	MS751	chr9	chromothripsis	0.1473118364810943	0.7599999904632568	0	0
loo	MS751	MS751	chr9	ecDNA	0.0314497165381908	0.209999993443489	0	0
loo	MS751	MS751	chr9	seismic_amplification	0.0343175791203975	0.8600000143051147	0	0
loo	MS751	MS751	chrX	BFB	0.2861409187316894	0.449999988079071	0	0
loo	MS751	MS751	chrX	chromothripsis	0.2588489055633545	0.7599999904632568	0	0
loo	MS751	MS751	chrX	ecDNA	0.1257345974445343	0.209999993443489	0	0
loo	MS751	MS751	chrX	seismic_amplification	0.0954233855009079	0.8600000143051147	0	0
loo	OMC1	OMC1	chr1	BFB	0.1597947925329208	0.4399999976158142	0	0
loo	OMC1	OMC1	chr1	chromothripsis	0.1603976637125015	0.6899999976158142	0	0
loo	OMC1	OMC1	chr1	ecDNA	0.1241489574313163	0.3899999856948852	0	0
loo	OMC1	OMC1	chr1	seismic_amplification	0.0885057523846626	0.8299999833106995	0	0
loo	OMC1	OMC1	chr10	BFB	0.1227249577641487	0.4399999976158142	0	0
loo	OMC1	OMC1	chr10	chromothripsis	0.0706901103258133	0.6899999976158142	0	0
loo	OMC1	OMC1	chr10	ecDNA	0.0898447930812835	0.3899999856948852	0	0
loo	OMC1	OMC1	chr10	seismic_amplification	0.0539821684360504	0.8299999833106995	0	0
loo	OMC1	OMC1	chr11	BFB	0.1913489401340484	0.4399999976158142	0	0
loo	OMC1	OMC1	chr11	chromothripsis	0.3049964010715484	0.6899999976158142	0	0
loo	OMC1	OMC1	chr11	ecDNA	0.1099750697612762	0.3899999856948852	0	0
loo	OMC1	OMC1	chr11	seismic_amplification	0.0988497212529182	0.8299999833106995	0	0
loo	OMC1	OMC1	chr12	BFB	0.1245195642113685	0.4399999976158142	0	0
loo	OMC1	OMC1	chr12	chromothripsis	0.0942450687289238	0.6899999976158142	0	0
loo	OMC1	OMC1	chr12	ecDNA	0.1010866537690162	0.3899999856948852	0	0
loo	OMC1	OMC1	chr12	seismic_amplification	0.0573704242706298	0.8299999833106995	0	0
loo	OMC1	OMC1	chr13	BFB	0.1634498834609985	0.4399999976158142	0	0
loo	OMC1	OMC1	chr13	chromothripsis	0.0709007456898689	0.6899999976158142	0	0
loo	OMC1	OMC1	chr13	ecDNA	0.1069308817386627	0.3899999856948852	0	0
loo	OMC1	OMC1	chr13	seismic_amplification	0.0527759753167629	0.8299999833106995	0	0
loo	OMC1	OMC1	chr14	BFB	0.0673196539282798	0.4399999976158142	0	0
loo	OMC1	OMC1	chr14	chromothripsis	0.0977551341056823	0.6899999976158142	0	0
loo	OMC1	OMC1	chr14	ecDNA	0.0771798267960548	0.3899999856948852	0	0
loo	OMC1	OMC1	chr14	seismic_amplification	0.0832794159650802	0.8299999833106995	0	0
loo	OMC1	OMC1	chr15	BFB	0.2223745882511139	0.4399999976158142	0	0
loo	OMC1	OMC1	chr15	chromothripsis	0.1879092752933502	0.6899999976158142	0	0
loo	OMC1	OMC1	chr15	ecDNA	0.142774611711502	0.3899999856948852	0	0
loo	OMC1	OMC1	chr15	seismic_amplification	0.0933682844042778	0.8299999833106995	0	0
loo	OMC1	OMC1	chr16	BFB	0.1258947253227234	0.4399999976158142	0	0
loo	OMC1	OMC1	chr16	chromothripsis	0.0881404429674148	0.6899999976158142	0	0
loo	OMC1	OMC1	chr16	ecDNA	0.097602255642414	0.3899999856948852	0	0
loo	OMC1	OMC1	chr16	seismic_amplification	0.0566171258687973	0.8299999833106995	0	0
loo	OMC1	OMC1	chr17	BFB	0.1500816345214843	0.4399999976158142	0	0
loo	OMC1	OMC1	chr17	chromothripsis	0.1129093095660209	0.6899999976158142	0	0
loo	OMC1	OMC1	chr17	ecDNA	0.1320615112781524	0.3899999856948852	0	0
loo	OMC1	OMC1	chr17	seismic_amplification	0.0890925377607345	0.8299999833106995	0	0
loo	OMC1	OMC1	chr18	BFB	0.0856041312217712	0.4399999976158142	0	0
loo	OMC1	OMC1	chr18	chromothripsis	0.1003993153572082	0.6899999976158142	0	0
loo	OMC1	OMC1	chr18	ecDNA	0.0815699324011802	0.3899999856948852	0	0
loo	OMC1	OMC1	chr18	seismic_amplification	0.0646225661039352	0.8299999833106995	0	0
loo	OMC1	OMC1	chr19	BFB	0.1790768653154373	0.4399999976158142	0	0
loo	OMC1	OMC1	chr19	chromothripsis	0.2898344099521637	0.6899999976158142	0	1
loo	OMC1	OMC1	chr19	ecDNA	0.1305597871541977	0.3899999856948852	0	0
loo	OMC1	OMC1	chr19	seismic_amplification	0.1108868718147277	0.8299999833106995	0	0
loo	OMC1	OMC1	chr2	BFB	0.1708447784185409	0.4399999976158142	0	0
loo	OMC1	OMC1	chr2	chromothripsis	0.2664060592651367	0.6899999976158142	0	0
loo	OMC1	OMC1	chr2	ecDNA	0.1171497851610183	0.3899999856948852	0	0
loo	OMC1	OMC1	chr2	seismic_amplification	0.0968016758561134	0.8299999833106995	0	0
loo	OMC1	OMC1	chr20	BFB	0.2501979172229767	0.4399999976158142	0	0
loo	OMC1	OMC1	chr20	chromothripsis	0.1037101000547409	0.6899999976158142	0	0
loo	OMC1	OMC1	chr20	ecDNA	0.1243558228015899	0.3899999856948852	0	0
loo	OMC1	OMC1	chr20	seismic_amplification	0.0595621541142463	0.8299999833106995	0	0
loo	OMC1	OMC1	chr21	BFB	0.1571351289749145	0.4399999976158142	0	0
loo	OMC1	OMC1	chr21	chromothripsis	0.1145130395889282	0.6899999976158142	0	0
loo	OMC1	OMC1	chr21	ecDNA	0.1522323042154312	0.3899999856948852	0	0
loo	OMC1	OMC1	chr21	seismic_amplification	0.112179547548294	0.8299999833106995	0	0
loo	OMC1	OMC1	chr22	BFB	0.353016048669815	0.4399999976158142	0	0
loo	OMC1	OMC1	chr22	chromothripsis	0.0981560349464416	0.6899999976158142	0	0
loo	OMC1	OMC1	chr22	ecDNA	0.1455400288105011	0.3899999856948852	0	0
loo	OMC1	OMC1	chr22	seismic_amplification	0.0575921684503555	0.8299999833106995	0	0
loo	OMC1	OMC1	chr3	BFB	0.2407256811857223	0.4399999976158142	0	0
loo	OMC1	OMC1	chr3	chromothripsis	0.1784169524908065	0.6899999976158142	0	0
loo	OMC1	OMC1	chr3	ecDNA	0.1849680542945861	0.3899999856948852	0	0
loo	OMC1	OMC1	chr3	seismic_amplification	0.1007532849907875	0.8299999833106995	0	0
loo	OMC1	OMC1	chr4	BFB	0.1731913536787033	0.4399999976158142	0	0
loo	OMC1	OMC1	chr4	chromothripsis	0.1799597144126892	0.6899999976158142	0	0
loo	OMC1	OMC1	chr4	ecDNA	0.0983113497495651	0.3899999856948852	0	0
loo	OMC1	OMC1	chr4	seismic_amplification	0.0747993886470794	0.8299999833106995	0	0
loo	OMC1	OMC1	chr5	BFB	0.130634918808937	0.4399999976158142	0	0
loo	OMC1	OMC1	chr5	chromothripsis	0.1505662947893142	0.6899999976158142	0	0
loo	OMC1	OMC1	chr5	ecDNA	0.1377603560686111	0.3899999856948852	0	0
loo	OMC1	OMC1	chr5	seismic_amplification	0.09416214376688	0.8299999833106995	0	0
loo	OMC1	OMC1	chr6	BFB	0.1625294238328933	0.4399999976158142	0	0
loo	OMC1	OMC1	chr6	chromothripsis	0.0841170623898506	0.6899999976158142	0	0
loo	OMC1	OMC1	chr6	ecDNA	0.1321801096200943	0.3899999856948852	0	0
loo	OMC1	OMC1	chr6	seismic_amplification	0.0686470121145248	0.8299999833106995	0	0
loo	OMC1	OMC1	chr7	BFB	0.2313151806592941	0.4399999976158142	0	0
loo	OMC1	OMC1	chr7	chromothripsis	0.1644688546657562	0.6899999976158142	0	0
loo	OMC1	OMC1	chr7	ecDNA	0.1072491630911827	0.3899999856948852	0	0
loo	OMC1	OMC1	chr7	seismic_amplification	0.0666027814149856	0.8299999833106995	0	0
loo	OMC1	OMC1	chr8	BFB	0.1823072433471679	0.4399999976158142	0	0
loo	OMC1	OMC1	chr8	chromothripsis	0.0956472977995872	0.6899999976158142	0	0
loo	OMC1	OMC1	chr8	ecDNA	0.125153362751007	0.3899999856948852	0	0
loo	OMC1	OMC1	chr8	seismic_amplification	0.0696586966514587	0.8299999833106995	0	0
loo	OMC1	OMC1	chr9	BFB	0.2165327370166778	0.4399999976158142	0	0
loo	OMC1	OMC1	chr9	chromothripsis	0.0840098559856414	0.6899999976158142	0	0
loo	OMC1	OMC1	chr9	ecDNA	0.1171099990606308	0.3899999856948852	0	0
loo	OMC1	OMC1	chr9	seismic_amplification	0.0423477403819561	0.8299999833106995	0	0
loo	OMC1	OMC1	chrX	BFB	0.1204602122306823	0.4399999976158142	0	0
loo	OMC1	OMC1	chrX	chromothripsis	0.1066101863980293	0.6899999976158142	0	0
loo	OMC1	OMC1	chrX	ecDNA	0.0887314155697822	0.3899999856948852	0	0
loo	OMC1	OMC1	chrX	seismic_amplification	0.0558846853673458	0.8299999833106995	0	0
loo	QGU	QGU	chr1	BFB	0.082401305437088	0.3000000119209289	0	0
loo	QGU	QGU	chr1	chromothripsis	0.1019338816404342	0.6499999761581421	0	0
loo	QGU	QGU	chr1	ecDNA	0.0380449146032333	0.3300000131130218	0	0
loo	QGU	QGU	chr1	seismic_amplification	0.0416066534817218	0.5400000214576721	0	0
loo	QGU	QGU	chr10	BFB	0.1020349785685539	0.3000000119209289	0	0
loo	QGU	QGU	chr10	chromothripsis	0.1205003410577774	0.6499999761581421	0	0
loo	QGU	QGU	chr10	ecDNA	0.0409945845603942	0.3300000131130218	0	0
loo	QGU	QGU	chr10	seismic_amplification	0.0444225370883941	0.5400000214576721	0	0
loo	QGU	QGU	chr11	BFB	0.9256253838539124	0.3000000119209289	1	1
loo	QGU	QGU	chr11	chromothripsis	0.3294610679149627	0.6499999761581421	0	0
loo	QGU	QGU	chr11	ecDNA	0.5916672348976135	0.3300000131130218	1	1
loo	QGU	QGU	chr11	seismic_amplification	0.1855214238166809	0.5400000214576721	0	0
loo	QGU	QGU	chr12	BFB	0.0618106573820114	0.3000000119209289	0	0
loo	QGU	QGU	chr12	chromothripsis	0.1166954785585403	0.6499999761581421	0	1
loo	QGU	QGU	chr12	ecDNA	0.0296586770564317	0.3300000131130218	0	0
loo	QGU	QGU	chr12	seismic_amplification	0.0444235950708389	0.5400000214576721	0	0
loo	QGU	QGU	chr13	BFB	0.0904978588223457	0.3000000119209289	0	0
loo	QGU	QGU	chr13	chromothripsis	0.1153037771582603	0.6499999761581421	0	0
loo	QGU	QGU	chr13	ecDNA	0.0503405816853046	0.3300000131130218	0	0
loo	QGU	QGU	chr13	seismic_amplification	0.076999731361866	0.5400000214576721	0	0
loo	QGU	QGU	chr14	BFB	0.0822248086333274	0.3000000119209289	0	0
loo	QGU	QGU	chr14	chromothripsis	0.1280084699392318	0.6499999761581421	0	0
loo	QGU	QGU	chr14	ecDNA	0.0478216595947742	0.3300000131130218	0	0
loo	QGU	QGU	chr14	seismic_amplification	0.0628904551267623	0.5400000214576721	0	0
loo	QGU	QGU	chr15	BFB	0.1781281232833862	0.3000000119209289	0	0
loo	QGU	QGU	chr15	chromothripsis	0.224847674369812	0.6499999761581421	0	0
loo	QGU	QGU	chr15	ecDNA	0.0528154037892818	0.3300000131130218	0	0
loo	QGU	QGU	chr15	seismic_amplification	0.0463994331657886	0.5400000214576721	0	0
loo	QGU	QGU	chr16	BFB	0.1630745381116867	0.3000000119209289	0	0
loo	QGU	QGU	chr16	chromothripsis	0.269558846950531	0.6499999761581421	0	0
loo	QGU	QGU	chr16	ecDNA	0.0643072575330734	0.3300000131130218	0	0
loo	QGU	QGU	chr16	seismic_amplification	0.0527638830244541	0.5400000214576721	0	0
loo	QGU	QGU	chr17	BFB	0.2006428837776184	0.3000000119209289	0	0
loo	QGU	QGU	chr17	chromothripsis	0.2022396028041839	0.6499999761581421	0	0
loo	QGU	QGU	chr17	ecDNA	0.0907840877771377	0.3300000131130218	0	0
loo	QGU	QGU	chr17	seismic_amplification	0.0905553102493286	0.5400000214576721	0	0
loo	QGU	QGU	chr18	BFB	0.6986920237541199	0.3000000119209289	1	1
loo	QGU	QGU	chr18	chromothripsis	0.4727104306221008	0.6499999761581421	0	0
loo	QGU	QGU	chr18	ecDNA	0.3741983473300934	0.3300000131130218	1	1
loo	QGU	QGU	chr18	seismic_amplification	0.1620208919048309	0.5400000214576721	0	0
loo	QGU	QGU	chr19	BFB	0.1350266933441162	0.3000000119209289	0	0
loo	QGU	QGU	chr19	chromothripsis	0.2029076069593429	0.6499999761581421	0	0
loo	QGU	QGU	chr19	ecDNA	0.069888137280941	0.3300000131130218	0	0
loo	QGU	QGU	chr19	seismic_amplification	0.0893179848790168	0.5400000214576721	0	0
loo	QGU	QGU	chr2	BFB	0.2126631289720535	0.3000000119209289	0	0
loo	QGU	QGU	chr2	chromothripsis	0.7373817563056946	0.6499999761581421	1	0
loo	QGU	QGU	chr2	ecDNA	0.1896523684263229	0.3300000131130218	0	0
loo	QGU	QGU	chr2	seismic_amplification	0.48609659075737	0.5400000214576721	0	0
loo	QGU	QGU	chr20	BFB	0.0672205835580825	0.3000000119209289	0	0
loo	QGU	QGU	chr20	chromothripsis	0.1349827647209167	0.6499999761581421	0	0
loo	QGU	QGU	chr20	ecDNA	0.0366942696273326	0.3300000131130218	0	0
loo	QGU	QGU	chr20	seismic_amplification	0.0623761564493179	0.5400000214576721	0	0
loo	QGU	QGU	chr21	BFB	0.0623702406883239	0.3000000119209289	0	0
loo	QGU	QGU	chr21	chromothripsis	0.1227322220802307	0.6499999761581421	0	0
loo	QGU	QGU	chr21	ecDNA	0.0419189147651195	0.3300000131130218	0	0
loo	QGU	QGU	chr21	seismic_amplification	0.0666932091116905	0.5400000214576721	0	0
loo	QGU	QGU	chr22	BFB	0.1170454248785972	0.3000000119209289	0	0
loo	QGU	QGU	chr22	chromothripsis	0.1805118322372436	0.6499999761581421	0	0
loo	QGU	QGU	chr22	ecDNA	0.0741844624280929	0.3300000131130218	0	0
loo	QGU	QGU	chr22	seismic_amplification	0.0886385589838028	0.5400000214576721	0	0
loo	QGU	QGU	chr3	BFB	0.219226062297821	0.3000000119209289	0	0
loo	QGU	QGU	chr3	chromothripsis	0.3831052184104919	0.6499999761581421	0	0
loo	QGU	QGU	chr3	ecDNA	0.1621923148632049	0.3300000131130218	0	0
loo	QGU	QGU	chr3	seismic_amplification	0.2243563532829284	0.5400000214576721	0	0
loo	QGU	QGU	chr4	BFB	0.0550552681088447	0.3000000119209289	0	0
loo	QGU	QGU	chr4	chromothripsis	0.1122342646121978	0.6499999761581421	0	0
loo	QGU	QGU	chr4	ecDNA	0.0226196367293596	0.3300000131130218	0	0
loo	QGU	QGU	chr4	seismic_amplification	0.0323326587677001	0.5400000214576721	0	0
loo	QGU	QGU	chr5	BFB	0.3733818233013153	0.3000000119209289	1	0
loo	QGU	QGU	chr5	chromothripsis	0.1930794417858123	0.6499999761581421	0	0
loo	QGU	QGU	chr5	ecDNA	0.1361621469259262	0.3300000131130218	0	0
loo	QGU	QGU	chr5	seismic_amplification	0.0843630284070968	0.5400000214576721	0	0
loo	QGU	QGU	chr6	BFB	0.0586610026657581	0.3000000119209289	0	0
loo	QGU	QGU	chr6	chromothripsis	0.0791568309068679	0.6499999761581421	0	0
loo	QGU	QGU	chr6	ecDNA	0.0299009382724761	0.3300000131130218	0	0
loo	QGU	QGU	chr6	seismic_amplification	0.0454551316797733	0.5400000214576721	0	0
loo	QGU	QGU	chr7	BFB	0.1313373148441314	0.3000000119209289	0	0
loo	QGU	QGU	chr7	chromothripsis	0.1196652650833129	0.6499999761581421	0	0
loo	QGU	QGU	chr7	ecDNA	0.0425363518297672	0.3300000131130218	0	0
loo	QGU	QGU	chr7	seismic_amplification	0.0463661886751651	0.5400000214576721	0	0
loo	QGU	QGU	chr8	BFB	0.199552983045578	0.3000000119209289	0	0
loo	QGU	QGU	chr8	chromothripsis	0.2105284035205841	0.6499999761581421	0	0
loo	QGU	QGU	chr8	ecDNA	0.0539277829229831	0.3300000131130218	0	0
loo	QGU	QGU	chr8	seismic_amplification	0.0583415329456329	0.5400000214576721	0	0
loo	QGU	QGU	chr9	BFB	0.5107442140579224	0.3000000119209289	1	0
loo	QGU	QGU	chr9	chromothripsis	0.4719038903713226	0.6499999761581421	0	0
loo	QGU	QGU	chr9	ecDNA	0.2415986359119415	0.3300000131130218	0	0
loo	QGU	QGU	chr9	seismic_amplification	0.0976705849170684	0.5400000214576721	0	0
loo	QGU	QGU	chrX	BFB	0.062728077173233	0.3000000119209289	0	0
loo	QGU	QGU	chrX	chromothripsis	0.1063977032899856	0.6499999761581421	0	0
loo	QGU	QGU	chrX	ecDNA	0.0709859952330589	0.3300000131130218	0	0
loo	QGU	QGU	chrX	seismic_amplification	0.070592887699604	0.5400000214576721	0	0
loo	SCC090	SCC090	chr1	BFB	0.1221065372228622	0.6600000262260437	0	0
loo	SCC090	SCC090	chr1	chromothripsis	0.1726585328578949	0.7099999785423279	0	0
loo	SCC090	SCC090	chr1	ecDNA	0.1102361753582954	0.4300000071525574	0	0
loo	SCC090	SCC090	chr1	seismic_amplification	0.0716292262077331	0.8299999833106995	0	0
loo	SCC090	SCC090	chr10	BFB	0.0696745067834854	0.6600000262260437	0	0
loo	SCC090	SCC090	chr10	chromothripsis	0.0693200603127479	0.7099999785423279	0	0
loo	SCC090	SCC090	chr10	ecDNA	0.0837066248059272	0.4300000071525574	0	0
loo	SCC090	SCC090	chr10	seismic_amplification	0.0404233857989311	0.8299999833106995	0	0
loo	SCC090	SCC090	chr11	BFB	0.0675286427140235	0.6600000262260437	0	0
loo	SCC090	SCC090	chr11	chromothripsis	0.0869193971157074	0.7099999785423279	0	0
loo	SCC090	SCC090	chr11	ecDNA	0.0892024338245391	0.4300000071525574	0	0
loo	SCC090	SCC090	chr11	seismic_amplification	0.0451352037489414	0.8299999833106995	0	0
loo	SCC090	SCC090	chr12	BFB	0.0531824305653572	0.6600000262260437	0	0
loo	SCC090	SCC090	chr12	chromothripsis	0.0524940975010395	0.7099999785423279	0	0
loo	SCC090	SCC090	chr12	ecDNA	0.0540814138948917	0.4300000071525574	0	0
loo	SCC090	SCC090	chr12	seismic_amplification	0.0240765996277332	0.8299999833106995	0	0
loo	SCC090	SCC090	chr13	BFB	0.3195125162601471	0.6600000262260437	0	0
loo	SCC090	SCC090	chr13	chromothripsis	0.0999870598316192	0.7099999785423279	0	0
loo	SCC090	SCC090	chr13	ecDNA	0.2102857083082199	0.4300000071525574	0	0
loo	SCC090	SCC090	chr13	seismic_amplification	0.0851457267999649	0.8299999833106995	0	0
loo	SCC090	SCC090	chr14	BFB	0.0470002219080925	0.6600000262260437	0	0
loo	SCC090	SCC090	chr14	chromothripsis	0.1305012702941894	0.7099999785423279	0	0
loo	SCC090	SCC090	chr14	ecDNA	0.0526311844587326	0.4300000071525574	0	0
loo	SCC090	SCC090	chr14	seismic_amplification	0.0296078640967607	0.8299999833106995	0	0
loo	SCC090	SCC090	chr15	BFB	0.2331674695014953	0.6600000262260437	0	0
loo	SCC090	SCC090	chr15	chromothripsis	0.6161580085754395	0.7099999785423279	0	0
loo	SCC090	SCC090	chr15	ecDNA	0.1439243704080581	0.4300000071525574	0	0
loo	SCC090	SCC090	chr15	seismic_amplification	0.1371441483497619	0.8299999833106995	0	0
loo	SCC090	SCC090	chr16	BFB	0.0906123667955398	0.6600000262260437	0	0
loo	SCC090	SCC090	chr16	chromothripsis	0.3702372610569	0.7099999785423279	0	0
loo	SCC090	SCC090	chr16	ecDNA	0.0828546658158302	0.4300000071525574	0	0
loo	SCC090	SCC090	chr16	seismic_amplification	0.0544862486422061	0.8299999833106995	0	0
loo	SCC090	SCC090	chr17	BFB	0.1394930034875869	0.6600000262260437	0	0
loo	SCC090	SCC090	chr17	chromothripsis	0.098486378788948	0.7099999785423279	0	0
loo	SCC090	SCC090	chr17	ecDNA	0.0587497167289257	0.4300000071525574	0	0
loo	SCC090	SCC090	chr17	seismic_amplification	0.042280089110136	0.8299999833106995	0	0
loo	SCC090	SCC090	chr18	BFB	0.0659301578998565	0.6600000262260437	0	0
loo	SCC090	SCC090	chr18	chromothripsis	0.1525336056947708	0.7099999785423279	0	0
loo	SCC090	SCC090	chr18	ecDNA	0.0859949067234993	0.4300000071525574	0	0
loo	SCC090	SCC090	chr18	seismic_amplification	0.0469954907894134	0.8299999833106995	0	0
loo	SCC090	SCC090	chr19	BFB	0.0759549289941787	0.6600000262260437	0	0
loo	SCC090	SCC090	chr19	chromothripsis	0.1326863765716552	0.7099999785423279	0	0
loo	SCC090	SCC090	chr19	ecDNA	0.0840106830000877	0.4300000071525574	0	0
loo	SCC090	SCC090	chr19	seismic_amplification	0.0595977939665317	0.8299999833106995	0	0
loo	SCC090	SCC090	chr2	BFB	0.0745213702321052	0.6600000262260437	0	0
loo	SCC090	SCC090	chr2	chromothripsis	0.1433969140052795	0.7099999785423279	0	0
loo	SCC090	SCC090	chr2	ecDNA	0.0831436291337013	0.4300000071525574	0	0
loo	SCC090	SCC090	chr2	seismic_amplification	0.0627542436122894	0.8299999833106995	0	0
loo	SCC090	SCC090	chr20	BFB	0.0935088545083999	0.6600000262260437	0	0
loo	SCC090	SCC090	chr20	chromothripsis	0.0759700536727905	0.7099999785423279	0	0
loo	SCC090	SCC090	chr20	ecDNA	0.052114974707365	0.4300000071525574	0	0
loo	SCC090	SCC090	chr20	seismic_amplification	0.0266939401626586	0.8299999833106995	0	0
loo	SCC090	SCC090	chr21	BFB	0.0475497171282768	0.6600000262260437	0	0
loo	SCC090	SCC090	chr21	chromothripsis	0.0877398774027824	0.7099999785423279	0	0
loo	SCC090	SCC090	chr21	ecDNA	0.0471776947379112	0.4300000071525574	0	0
loo	SCC090	SCC090	chr21	seismic_amplification	0.0240743029862642	0.8299999833106995	0	0
loo	SCC090	SCC090	chr22	BFB	0.1520772129297256	0.6600000262260437	0	0
loo	SCC090	SCC090	chr22	chromothripsis	0.3789804577827453	0.7099999785423279	0	0
loo	SCC090	SCC090	chr22	ecDNA	0.1284670829772949	0.4300000071525574	0	0
loo	SCC090	SCC090	chr22	seismic_amplification	0.0987350493669509	0.8299999833106995	0	0
loo	SCC090	SCC090	chr3	BFB	0.1740933656692505	0.6600000262260437	0	0
loo	SCC090	SCC090	chr3	chromothripsis	0.085257202386856	0.7099999785423279	0	0
loo	SCC090	SCC090	chr3	ecDNA	0.1191302612423896	0.4300000071525574	0	0
loo	SCC090	SCC090	chr3	seismic_amplification	0.0586250722408294	0.8299999833106995	0	0
loo	SCC090	SCC090	chr4	BFB	0.0531921051442623	0.6600000262260437	0	0
loo	SCC090	SCC090	chr4	chromothripsis	0.072927601635456	0.7099999785423279	0	0
loo	SCC090	SCC090	chr4	ecDNA	0.0741935297846794	0.4300000071525574	0	0
loo	SCC090	SCC090	chr4	seismic_amplification	0.0360415652394294	0.8299999833106995	0	0
loo	SCC090	SCC090	chr5	BFB	0.0627107396721839	0.6600000262260437	0	0
loo	SCC090	SCC090	chr5	chromothripsis	0.0926918908953666	0.7099999785423279	0	0
loo	SCC090	SCC090	chr5	ecDNA	0.0605496615171432	0.4300000071525574	0	0
loo	SCC090	SCC090	chr5	seismic_amplification	0.0312833152711391	0.8299999833106995	0	0
loo	SCC090	SCC090	chr6	BFB	0.0904922857880592	0.6600000262260437	0	0
loo	SCC090	SCC090	chr6	chromothripsis	0.1896787732839584	0.7099999785423279	0	0
loo	SCC090	SCC090	chr6	ecDNA	0.0947435647249221	0.4300000071525574	0	0
loo	SCC090	SCC090	chr6	seismic_amplification	0.0614653192460536	0.8299999833106995	0	0
loo	SCC090	SCC090	chr7	BFB	0.0839998424053192	0.6600000262260437	0	0
loo	SCC090	SCC090	chr7	chromothripsis	0.0989475920796394	0.7099999785423279	0	0
loo	SCC090	SCC090	chr7	ecDNA	0.0557338520884513	0.4300000071525574	0	0
loo	SCC090	SCC090	chr7	seismic_amplification	0.0376489460468292	0.8299999833106995	0	0
loo	SCC090	SCC090	chr8	BFB	0.1185716465115547	0.6600000262260437	0	0
loo	SCC090	SCC090	chr8	chromothripsis	0.1886833608150482	0.7099999785423279	0	0
loo	SCC090	SCC090	chr8	ecDNA	0.0748293250799179	0.4300000071525574	0	0
loo	SCC090	SCC090	chr8	seismic_amplification	0.0498897694051265	0.8299999833106995	0	0
loo	SCC090	SCC090	chr9	BFB	0.3373876512050628	0.6600000262260437	0	1
loo	SCC090	SCC090	chr9	chromothripsis	0.0843821465969085	0.7099999785423279	0	0
loo	SCC090	SCC090	chr9	ecDNA	0.2214871942996978	0.4300000071525574	0	1
loo	SCC090	SCC090	chr9	seismic_amplification	0.1219206526875495	0.8299999833106995	0	0
loo	SCC090	SCC090	chrX	BFB	0.1058129295706749	0.6600000262260437	0	0
loo	SCC090	SCC090	chrX	chromothripsis	0.1110410764813423	0.7099999785423279	0	0
loo	SCC090	SCC090	chrX	ecDNA	0.0735993757843971	0.4300000071525574	0	0
loo	SCC090	SCC090	chrX	seismic_amplification	0.0455805882811546	0.8299999833106995	0	0
loo	SCC152	SCC152	chr1	BFB	0.0646335929632186	0.449999988079071	0	0
loo	SCC152	SCC152	chr1	chromothripsis	0.0932326912879943	0.7099999785423279	0	0
loo	SCC152	SCC152	chr1	ecDNA	0.0751696750521659	0.3300000131130218	0	0
loo	SCC152	SCC152	chr1	seismic_amplification	0.0322508662939071	0.7799999713897705	0	0
loo	SCC152	SCC152	chr10	BFB	0.1078788414597511	0.449999988079071	0	0
loo	SCC152	SCC152	chr10	chromothripsis	0.0654464438557624	0.7099999785423279	0	0
loo	SCC152	SCC152	chr10	ecDNA	0.0975237935781478	0.3300000131130218	0	0
loo	SCC152	SCC152	chr10	seismic_amplification	0.0546913407742977	0.7799999713897705	0	0
loo	SCC152	SCC152	chr11	BFB	0.0682854428887367	0.449999988079071	0	0
loo	SCC152	SCC152	chr11	chromothripsis	0.2091135829687118	0.7099999785423279	0	0
loo	SCC152	SCC152	chr11	ecDNA	0.1083571091294288	0.3300000131130218	0	0
loo	SCC152	SCC152	chr11	seismic_amplification	0.049406062811613	0.7799999713897705	0	0
loo	SCC152	SCC152	chr12	BFB	0.0780669078230857	0.449999988079071	0	0
loo	SCC152	SCC152	chr12	chromothripsis	0.0944251492619514	0.7099999785423279	0	0
loo	SCC152	SCC152	chr12	ecDNA	0.0892611220479011	0.3300000131130218	0	0
loo	SCC152	SCC152	chr12	seismic_amplification	0.0548902302980423	0.7799999713897705	0	0
loo	SCC152	SCC152	chr13	BFB	0.1075785756111145	0.449999988079071	0	0
loo	SCC152	SCC152	chr13	chromothripsis	0.0668648779392242	0.7099999785423279	0	0
loo	SCC152	SCC152	chr13	ecDNA	0.1130753606557846	0.3300000131130218	0	0
loo	SCC152	SCC152	chr13	seismic_amplification	0.0533939450979232	0.7799999713897705	0	0
loo	SCC152	SCC152	chr14	BFB	0.0500745587050914	0.449999988079071	0	0
loo	SCC152	SCC152	chr14	chromothripsis	0.0878208503127098	0.7099999785423279	0	0
loo	SCC152	SCC152	chr14	ecDNA	0.0895325616002082	0.3300000131130218	0	0
loo	SCC152	SCC152	chr14	seismic_amplification	0.0318584814667701	0.7799999713897705	0	0
loo	SCC152	SCC152	chr15	BFB	0.0410879701375961	0.449999988079071	0	0
loo	SCC152	SCC152	chr15	chromothripsis	0.2770690321922302	0.7099999785423279	0	0
loo	SCC152	SCC152	chr15	ecDNA	0.0804612413048744	0.3300000131130218	0	0
loo	SCC152	SCC152	chr15	seismic_amplification	0.0386298038065433	0.7799999713897705	0	0
loo	SCC152	SCC152	chr16	BFB	0.0736727565526962	0.449999988079071	0	0
loo	SCC152	SCC152	chr16	chromothripsis	0.1752031594514846	0.7099999785423279	0	0
loo	SCC152	SCC152	chr16	ecDNA	0.1019394919276237	0.3300000131130218	0	0
loo	SCC152	SCC152	chr16	seismic_amplification	0.0553919188678264	0.7799999713897705	0	0
loo	SCC152	SCC152	chr17	BFB	0.0797441080212593	0.449999988079071	0	0
loo	SCC152	SCC152	chr17	chromothripsis	0.1079759448766708	0.7099999785423279	0	0
loo	SCC152	SCC152	chr17	ecDNA	0.1001713648438453	0.3300000131130218	0	0
loo	SCC152	SCC152	chr17	seismic_amplification	0.0472023412585258	0.7799999713897705	0	0
loo	SCC152	SCC152	chr18	BFB	0.1002139374613761	0.449999988079071	0	0
loo	SCC152	SCC152	chr18	chromothripsis	0.0969558358192443	0.7099999785423279	0	0
loo	SCC152	SCC152	chr18	ecDNA	0.111165627837181	0.3300000131130218	0	0
loo	SCC152	SCC152	chr18	seismic_amplification	0.061648029834032	0.7799999713897705	0	0
loo	SCC152	SCC152	chr19	BFB	0.03404176607728	0.449999988079071	0	0
loo	SCC152	SCC152	chr19	chromothripsis	0.1601375490427017	0.7099999785423279	0	0
loo	SCC152	SCC152	chr19	ecDNA	0.0992278009653091	0.3300000131130218	0	0
loo	SCC152	SCC152	chr19	seismic_amplification	0.0351823791861534	0.7799999713897705	0	0
loo	SCC152	SCC152	chr2	BFB	0.0469085834920406	0.449999988079071	0	0
loo	SCC152	SCC152	chr2	chromothripsis	0.1050878688693046	0.7099999785423279	0	0
loo	SCC152	SCC152	chr2	ecDNA	0.0766353383660316	0.3300000131130218	0	0
loo	SCC152	SCC152	chr2	seismic_amplification	0.029524290934205	0.7799999713897705	0	0
loo	SCC152	SCC152	chr20	BFB	0.0322100110352039	0.449999988079071	0	0
loo	SCC152	SCC152	chr20	chromothripsis	0.0697628408670425	0.7099999785423279	0	0
loo	SCC152	SCC152	chr20	ecDNA	0.0523666553199291	0.3300000131130218	0	0
loo	SCC152	SCC152	chr20	seismic_amplification	0.0270220432430505	0.7799999713897705	0	0
loo	SCC152	SCC152	chr21	BFB	0.036592498421669	0.449999988079071	0	0
loo	SCC152	SCC152	chr21	chromothripsis	0.1198238357901573	0.7099999785423279	0	0
loo	SCC152	SCC152	chr21	ecDNA	0.0811388343572616	0.3300000131130218	0	0
loo	SCC152	SCC152	chr21	seismic_amplification	0.0283792354166507	0.7799999713897705	0	0
loo	SCC152	SCC152	chr22	BFB	0.0705367103219032	0.449999988079071	0	0
loo	SCC152	SCC152	chr22	chromothripsis	0.1370737105607986	0.7099999785423279	0	0
loo	SCC152	SCC152	chr22	ecDNA	0.1073463857173919	0.3300000131130218	0	0
loo	SCC152	SCC152	chr22	seismic_amplification	0.0643801838159561	0.7799999713897705	0	0
loo	SCC152	SCC152	chr3	BFB	0.051687616854906	0.449999988079071	0	0
loo	SCC152	SCC152	chr3	chromothripsis	0.0945873335003852	0.7099999785423279	0	0
loo	SCC152	SCC152	chr3	ecDNA	0.0581011176109313	0.3300000131130218	0	0
loo	SCC152	SCC152	chr3	seismic_amplification	0.0291558913886547	0.7799999713897705	0	0
loo	SCC152	SCC152	chr4	BFB	0.0598575137555599	0.449999988079071	0	0
loo	SCC152	SCC152	chr4	chromothripsis	0.0760367438197135	0.7099999785423279	0	0
loo	SCC152	SCC152	chr4	ecDNA	0.0785650387406349	0.3300000131130218	0	0
loo	SCC152	SCC152	chr4	seismic_amplification	0.0411082617938518	0.7799999713897705	0	0
loo	SCC152	SCC152	chr5	BFB	0.0575886443257331	0.449999988079071	0	0
loo	SCC152	SCC152	chr5	chromothripsis	0.1164045706391334	0.7099999785423279	0	0
loo	SCC152	SCC152	chr5	ecDNA	0.0744960308074951	0.3300000131130218	0	0
loo	SCC152	SCC152	chr5	seismic_amplification	0.0437980219721794	0.7799999713897705	0	0
loo	SCC152	SCC152	chr6	BFB	0.0372068397700786	0.449999988079071	0	0
loo	SCC152	SCC152	chr6	chromothripsis	0.0838520303368568	0.7099999785423279	0	0
loo	SCC152	SCC152	chr6	ecDNA	0.0676629841327667	0.3300000131130218	0	0
loo	SCC152	SCC152	chr6	seismic_amplification	0.0309218354523181	0.7799999713897705	0	0
loo	SCC152	SCC152	chr7	BFB	0.0542485192418098	0.449999988079071	0	0
loo	SCC152	SCC152	chr7	chromothripsis	0.0953695178031921	0.7099999785423279	0	0
loo	SCC152	SCC152	chr7	ecDNA	0.092341236770153	0.3300000131130218	0	0
loo	SCC152	SCC152	chr7	seismic_amplification	0.0301601085811853	0.7799999713897705	0	0
loo	SCC152	SCC152	chr8	BFB	0.0557258948683738	0.449999988079071	0	0
loo	SCC152	SCC152	chr8	chromothripsis	0.0737095475196838	0.7099999785423279	0	0
loo	SCC152	SCC152	chr8	ecDNA	0.0627757534384727	0.3300000131130218	0	0
loo	SCC152	SCC152	chr8	seismic_amplification	0.0322612412273883	0.7799999713897705	0	0
loo	SCC152	SCC152	chr9	BFB	0.7345637679100037	0.449999988079071	1	0
loo	SCC152	SCC152	chr9	chromothripsis	0.0485386066138744	0.7099999785423279	0	0
loo	SCC152	SCC152	chr9	ecDNA	0.3850694596767425	0.3300000131130218	1	1
loo	SCC152	SCC152	chr9	seismic_amplification	0.1094649955630302	0.7799999713897705	0	0
loo	SCC152	SCC152	chrX	BFB	0.066703088581562	0.449999988079071	0	0
loo	SCC152	SCC152	chrX	chromothripsis	0.1916950345039367	0.7099999785423279	0	0
loo	SCC152	SCC152	chrX	ecDNA	0.1097771674394607	0.3300000131130218	0	0
loo	SCC152	SCC152	chrX	seismic_amplification	0.0499519035220146	0.7799999713897705	0	0
loo	SCC154	SCC154	chr1	BFB	0.0602152161300182	0.2899999916553497	0	0
loo	SCC154	SCC154	chr1	chromothripsis	0.1414486318826675	0.6100000143051147	0	0
loo	SCC154	SCC154	chr1	ecDNA	0.1095062047243118	0.3899999856948852	0	0
loo	SCC154	SCC154	chr1	seismic_amplification	0.1404090225696563	0.8299999833106995	0	0
loo	SCC154	SCC154	chr10	BFB	0.0209472253918647	0.2899999916553497	0	0
loo	SCC154	SCC154	chr10	chromothripsis	0.0194998886436224	0.6100000143051147	0	0
loo	SCC154	SCC154	chr10	ecDNA	0.0273095797747373	0.3899999856948852	0	0
loo	SCC154	SCC154	chr10	seismic_amplification	0.0568452142179012	0.8299999833106995	0	0
loo	SCC154	SCC154	chr11	BFB	0.6816916465759277	0.2899999916553497	1	1
loo	SCC154	SCC154	chr11	chromothripsis	0.179436057806015	0.6100000143051147	0	0
loo	SCC154	SCC154	chr11	ecDNA	0.4808535873889923	0.3899999856948852	1	0
loo	SCC154	SCC154	chr11	seismic_amplification	0.1667913198471069	0.8299999833106995	0	0
loo	SCC154	SCC154	chr12	BFB	0.0309097226709127	0.2899999916553497	0	0
loo	SCC154	SCC154	chr12	chromothripsis	0.048509482294321	0.6100000143051147	0	0
loo	SCC154	SCC154	chr12	ecDNA	0.0366830267012119	0.3899999856948852	0	0
loo	SCC154	SCC154	chr12	seismic_amplification	0.064740240573883	0.8299999833106995	0	0
loo	SCC154	SCC154	chr13	BFB	0.0640138834714889	0.2899999916553497	0	0
loo	SCC154	SCC154	chr13	chromothripsis	0.2178896963596344	0.6100000143051147	0	0
loo	SCC154	SCC154	chr13	ecDNA	0.068950206041336	0.3899999856948852	0	0
loo	SCC154	SCC154	chr13	seismic_amplification	0.0995631292462349	0.8299999833106995	0	0
loo	SCC154	SCC154	chr14	BFB	0.01927450299263	0.2899999916553497	0	0
loo	SCC154	SCC154	chr14	chromothripsis	0.0215945448726415	0.6100000143051147	0	0
loo	SCC154	SCC154	chr14	ecDNA	0.0237128194421529	0.3899999856948852	0	0
loo	SCC154	SCC154	chr14	seismic_amplification	0.0627349242568016	0.8299999833106995	0	0
loo	SCC154	SCC154	chr15	BFB	0.0929031372070312	0.2899999916553497	0	0
loo	SCC154	SCC154	chr15	chromothripsis	0.0556096956133842	0.6100000143051147	0	0
loo	SCC154	SCC154	chr15	ecDNA	0.073983334004879	0.3899999856948852	0	0
loo	SCC154	SCC154	chr15	seismic_amplification	0.1353237926959991	0.8299999833106995	0	0
loo	SCC154	SCC154	chr16	BFB	0.0603343062102794	0.2899999916553497	0	0
loo	SCC154	SCC154	chr16	chromothripsis	0.0730605870485305	0.6100000143051147	0	0
loo	SCC154	SCC154	chr16	ecDNA	0.0644759982824325	0.3899999856948852	0	0
loo	SCC154	SCC154	chr16	seismic_amplification	0.0828884989023208	0.8299999833106995	0	0
loo	SCC154	SCC154	chr17	BFB	0.0229752119630575	0.2899999916553497	0	0
loo	SCC154	SCC154	chr17	chromothripsis	0.0371989421546459	0.6100000143051147	0	0
loo	SCC154	SCC154	chr17	ecDNA	0.0484489612281322	0.3899999856948852	0	0
loo	SCC154	SCC154	chr17	seismic_amplification	0.0814095959067344	0.8299999833106995	0	0
loo	SCC154	SCC154	chr18	BFB	0.0326081365346908	0.2899999916553497	0	0
loo	SCC154	SCC154	chr18	chromothripsis	0.0435117036104202	0.6100000143051147	0	0
loo	SCC154	SCC154	chr18	ecDNA	0.0666495859622955	0.3899999856948852	0	0
loo	SCC154	SCC154	chr18	seismic_amplification	0.0955217182636261	0.8299999833106995	0	0
loo	SCC154	SCC154	chr19	BFB	0.0373226813971996	0.2899999916553497	0	0
loo	SCC154	SCC154	chr19	chromothripsis	0.0853182449936866	0.6100000143051147	0	0
loo	SCC154	SCC154	chr19	ecDNA	0.036298681050539	0.3899999856948852	0	0
loo	SCC154	SCC154	chr19	seismic_amplification	0.0779142901301384	0.8299999833106995	0	0
loo	SCC154	SCC154	chr2	BFB	0.0394894368946552	0.2899999916553497	0	0
loo	SCC154	SCC154	chr2	chromothripsis	0.0888501927256584	0.6100000143051147	0	0
loo	SCC154	SCC154	chr2	ecDNA	0.0525969937443733	0.3899999856948852	0	0
loo	SCC154	SCC154	chr2	seismic_amplification	0.0796752348542213	0.8299999833106995	0	0
loo	SCC154	SCC154	chr20	BFB	0.0343116484582424	0.2899999916553497	0	0
loo	SCC154	SCC154	chr20	chromothripsis	0.0289676096290349	0.6100000143051147	0	0
loo	SCC154	SCC154	chr20	ecDNA	0.0331316031515598	0.3899999856948852	0	0
loo	SCC154	SCC154	chr20	seismic_amplification	0.0904995277523994	0.8299999833106995	0	0
loo	SCC154	SCC154	chr21	BFB	0.0555830709636211	0.2899999916553497	0	0
loo	SCC154	SCC154	chr21	chromothripsis	0.1025672927498817	0.6100000143051147	0	0
loo	SCC154	SCC154	chr21	ecDNA	0.0423992276191711	0.3899999856948852	0	0
loo	SCC154	SCC154	chr21	seismic_amplification	0.1057282537221908	0.8299999833106995	0	0
loo	SCC154	SCC154	chr22	BFB	0.0485006347298622	0.2899999916553497	0	0
loo	SCC154	SCC154	chr22	chromothripsis	0.0809201300144195	0.6100000143051147	0	0
loo	SCC154	SCC154	chr22	ecDNA	0.0386423021554946	0.3899999856948852	0	0
loo	SCC154	SCC154	chr22	seismic_amplification	0.0663346499204635	0.8299999833106995	0	0
loo	SCC154	SCC154	chr3	BFB	0.0922706127166748	0.2899999916553497	0	0
loo	SCC154	SCC154	chr3	chromothripsis	0.3543592691421509	0.6100000143051147	0	0
loo	SCC154	SCC154	chr3	ecDNA	0.0880083367228508	0.3899999856948852	0	0
loo	SCC154	SCC154	chr3	seismic_amplification	0.0953455120325088	0.8299999833106995	0	0
loo	SCC154	SCC154	chr4	BFB	0.0328310132026672	0.2899999916553497	0	0
loo	SCC154	SCC154	chr4	chromothripsis	0.0307444110512733	0.6100000143051147	0	0
loo	SCC154	SCC154	chr4	ecDNA	0.039615511894226	0.3899999856948852	0	0
loo	SCC154	SCC154	chr4	seismic_amplification	0.0498873740434646	0.8299999833106995	0	0
loo	SCC154	SCC154	chr5	BFB	0.164069727063179	0.2899999916553497	0	0
loo	SCC154	SCC154	chr5	chromothripsis	0.251029223203659	0.6100000143051147	0	0
loo	SCC154	SCC154	chr5	ecDNA	0.1052630916237831	0.3899999856948852	0	0
loo	SCC154	SCC154	chr5	seismic_amplification	0.0990813300013542	0.8299999833106995	0	0
loo	SCC154	SCC154	chr6	BFB	0.0418658331036567	0.2899999916553497	0	0
loo	SCC154	SCC154	chr6	chromothripsis	0.129832848906517	0.6100000143051147	0	0
loo	SCC154	SCC154	chr6	ecDNA	0.0522928424179554	0.3899999856948852	0	0
loo	SCC154	SCC154	chr6	seismic_amplification	0.0704244151711463	0.8299999833106995	0	0
loo	SCC154	SCC154	chr7	BFB	0.0451643094420433	0.2899999916553497	0	0
loo	SCC154	SCC154	chr7	chromothripsis	0.0487692989408969	0.6100000143051147	0	0
loo	SCC154	SCC154	chr7	ecDNA	0.0579540766775608	0.3899999856948852	0	0
loo	SCC154	SCC154	chr7	seismic_amplification	0.070316694676876	0.8299999833106995	0	0
loo	SCC154	SCC154	chr8	BFB	0.355027973651886	0.2899999916553497	1	0
loo	SCC154	SCC154	chr8	chromothripsis	0.3664074242115021	0.6100000143051147	0	0
loo	SCC154	SCC154	chr8	ecDNA	0.2124787867069244	0.3899999856948852	0	0
loo	SCC154	SCC154	chr8	seismic_amplification	0.0809003636240959	0.8299999833106995	0	0
loo	SCC154	SCC154	chr9	BFB	0.0247584022581577	0.2899999916553497	0	0
loo	SCC154	SCC154	chr9	chromothripsis	0.0312008671462535	0.6100000143051147	0	0
loo	SCC154	SCC154	chr9	ecDNA	0.0253004860132932	0.3899999856948852	0	0
loo	SCC154	SCC154	chr9	seismic_amplification	0.0781572684645652	0.8299999833106995	0	0
loo	SCC154	SCC154	chrX	BFB	0.057040698826313	0.2899999916553497	0	0
loo	SCC154	SCC154	chrX	chromothripsis	0.0921617820858955	0.6100000143051147	0	0
loo	SCC154	SCC154	chrX	ecDNA	0.0821428224444389	0.3899999856948852	0	0
loo	SCC154	SCC154	chrX	seismic_amplification	0.1059681326150894	0.8299999833106995	0	0
loo	SIHA	SIHA	chr1	BFB	0.1057157889008522	0.3700000047683716	0	0
loo	SIHA	SIHA	chr1	chromothripsis	0.2548884749412536	0.5799999833106995	0	0
loo	SIHA	SIHA	chr1	ecDNA	0.1884347349405288	0.4699999988079071	0	0
loo	SIHA	SIHA	chr1	seismic_amplification	0.1302548497915268	0.4199999868869781	0	0
loo	SIHA	SIHA	chr10	BFB	0.0525846406817436	0.3700000047683716	0	0
loo	SIHA	SIHA	chr10	chromothripsis	0.1119876131415367	0.5799999833106995	0	0
loo	SIHA	SIHA	chr10	ecDNA	0.1387046873569488	0.4699999988079071	0	0
loo	SIHA	SIHA	chr10	seismic_amplification	0.0980231314897537	0.4199999868869781	0	0
loo	SIHA	SIHA	chr11	BFB	0.1272282153367996	0.3700000047683716	0	0
loo	SIHA	SIHA	chr11	chromothripsis	0.1612486392259597	0.5799999833106995	0	0
loo	SIHA	SIHA	chr11	ecDNA	0.1537456810474395	0.4699999988079071	0	0
loo	SIHA	SIHA	chr11	seismic_amplification	0.1260226964950561	0.4199999868869781	0	0
loo	SIHA	SIHA	chr12	BFB	0.0724625363945961	0.3700000047683716	0	0
loo	SIHA	SIHA	chr12	chromothripsis	0.1505734026432037	0.5799999833106995	0	0
loo	SIHA	SIHA	chr12	ecDNA	0.0581830777227878	0.4699999988079071	0	0
loo	SIHA	SIHA	chr12	seismic_amplification	0.035766813904047	0.4199999868869781	0	0
loo	SIHA	SIHA	chr13	BFB	0.113535575568676	0.3700000047683716	0	0
loo	SIHA	SIHA	chr13	chromothripsis	0.095704086124897	0.5799999833106995	0	0
loo	SIHA	SIHA	chr13	ecDNA	0.1681244075298309	0.4699999988079071	0	0
loo	SIHA	SIHA	chr13	seismic_amplification	0.0975827723741531	0.4199999868869781	0	0
loo	SIHA	SIHA	chr14	BFB	0.0880895406007766	0.3700000047683716	0	0
loo	SIHA	SIHA	chr14	chromothripsis	0.0774887427687645	0.5799999833106995	0	0
loo	SIHA	SIHA	chr14	ecDNA	0.1102026626467704	0.4699999988079071	0	0
loo	SIHA	SIHA	chr14	seismic_amplification	0.0591790340840816	0.4199999868869781	0	0
loo	SIHA	SIHA	chr15	BFB	0.0771322771906852	0.3700000047683716	0	0
loo	SIHA	SIHA	chr15	chromothripsis	0.1815221160650253	0.5799999833106995	0	1
loo	SIHA	SIHA	chr15	ecDNA	0.0862547904253006	0.4699999988079071	0	0
loo	SIHA	SIHA	chr15	seismic_amplification	0.047621414065361	0.4199999868869781	0	0
loo	SIHA	SIHA	chr16	BFB	0.580452024936676	0.3700000047683716	1	0
loo	SIHA	SIHA	chr16	chromothripsis	0.6944969892501831	0.5799999833106995	1	0
loo	SIHA	SIHA	chr16	ecDNA	0.4374516010284424	0.4699999988079071	0	0
loo	SIHA	SIHA	chr16	seismic_amplification	0.8430686593055725	0.4199999868869781	1	1
loo	SIHA	SIHA	chr17	BFB	0.0713645741343498	0.3700000047683716	0	0
loo	SIHA	SIHA	chr17	chromothripsis	0.0625245869159698	0.5799999833106995	0	0
loo	SIHA	SIHA	chr17	ecDNA	0.1460147947072982	0.4699999988079071	0	0
loo	SIHA	SIHA	chr17	seismic_amplification	0.0858262330293655	0.4199999868869781	0	0
loo	SIHA	SIHA	chr18	BFB	0.1041978374123573	0.3700000047683716	0	0
loo	SIHA	SIHA	chr18	chromothripsis	0.1145669445395469	0.5799999833106995	0	0
loo	SIHA	SIHA	chr18	ecDNA	0.1408093869686126	0.4699999988079071	0	0
loo	SIHA	SIHA	chr18	seismic_amplification	0.0850776880979538	0.4199999868869781	0	0
loo	SIHA	SIHA	chr19	BFB	0.4898450374603271	0.3700000047683716	1	0
loo	SIHA	SIHA	chr19	chromothripsis	0.266902357339859	0.5799999833106995	0	0
loo	SIHA	SIHA	chr19	ecDNA	0.260128915309906	0.4699999988079071	0	0
loo	SIHA	SIHA	chr19	seismic_amplification	0.157874584197998	0.4199999868869781	0	0
loo	SIHA	SIHA	chr2	BFB	0.1649694591760635	0.3700000047683716	0	0
loo	SIHA	SIHA	chr2	chromothripsis	0.1560146212577819	0.5799999833106995	0	0
loo	SIHA	SIHA	chr2	ecDNA	0.1516687422990799	0.4699999988079071	0	0
loo	SIHA	SIHA	chr2	seismic_amplification	0.088185504078865	0.4199999868869781	0	0
loo	SIHA	SIHA	chr20	BFB	0.9419816136360168	0.3700000047683716	1	1
loo	SIHA	SIHA	chr20	chromothripsis	0.4240614771842956	0.5799999833106995	0	0
loo	SIHA	SIHA	chr20	ecDNA	0.6895419955253601	0.4699999988079071	1	0
loo	SIHA	SIHA	chr20	seismic_amplification	0.2589049041271209	0.4199999868869781	0	0
loo	SIHA	SIHA	chr21	BFB	0.0798305496573448	0.3700000047683716	0	0
loo	SIHA	SIHA	chr21	chromothripsis	0.0875716879963874	0.5799999833106995	0	0
loo	SIHA	SIHA	chr21	ecDNA	0.1057432442903518	0.4699999988079071	0	0
loo	SIHA	SIHA	chr21	seismic_amplification	0.0643659979104995	0.4199999868869781	0	0
loo	SIHA	SIHA	chr22	BFB	0.1699282526969909	0.3700000047683716	0	0
loo	SIHA	SIHA	chr22	chromothripsis	0.1817594766616821	0.5799999833106995	0	0
loo	SIHA	SIHA	chr22	ecDNA	0.1911826133728027	0.4699999988079071	0	0
loo	SIHA	SIHA	chr22	seismic_amplification	0.1733628213405609	0.4199999868869781	0	0
loo	SIHA	SIHA	chr3	BFB	0.0699045956134796	0.3700000047683716	0	0
loo	SIHA	SIHA	chr3	chromothripsis	0.1432458609342575	0.5799999833106995	0	0
loo	SIHA	SIHA	chr3	ecDNA	0.0786957442760467	0.4699999988079071	0	0
loo	SIHA	SIHA	chr3	seismic_amplification	0.0424063391983509	0.4199999868869781	0	0
loo	SIHA	SIHA	chr4	BFB	0.0472266525030136	0.3700000047683716	0	0
loo	SIHA	SIHA	chr4	chromothripsis	0.0805380195379257	0.5799999833106995	0	0
loo	SIHA	SIHA	chr4	ecDNA	0.1325084269046783	0.4699999988079071	0	0
loo	SIHA	SIHA	chr4	seismic_amplification	0.0857649520039558	0.4199999868869781	0	0
loo	SIHA	SIHA	chr5	BFB	0.1297418028116226	0.3700000047683716	0	0
loo	SIHA	SIHA	chr5	chromothripsis	0.1774387806653976	0.5799999833106995	0	1
loo	SIHA	SIHA	chr5	ecDNA	0.1663026362657547	0.4699999988079071	0	0
loo	SIHA	SIHA	chr5	seismic_amplification	0.1042531505227088	0.4199999868869781	0	0
loo	SIHA	SIHA	chr6	BFB	0.0493359267711639	0.3700000047683716	0	0
loo	SIHA	SIHA	chr6	chromothripsis	0.0636046752333641	0.5799999833106995	0	0
loo	SIHA	SIHA	chr6	ecDNA	0.1175069659948349	0.4699999988079071	0	0
loo	SIHA	SIHA	chr6	seismic_amplification	0.0715262368321418	0.4199999868869781	0	0
loo	SIHA	SIHA	chr7	BFB	0.2677859365940094	0.3700000047683716	0	0
loo	SIHA	SIHA	chr7	chromothripsis	0.7178962826728821	0.5799999833106995	1	0
loo	SIHA	SIHA	chr7	ecDNA	0.2295573055744171	0.4699999988079071	0	0
loo	SIHA	SIHA	chr7	seismic_amplification	0.1352118700742721	0.4199999868869781	0	0
loo	SIHA	SIHA	chr8	BFB	0.289029985666275	0.3700000047683716	0	0
loo	SIHA	SIHA	chr8	chromothripsis	0.0793250873684883	0.5799999833106995	0	0
loo	SIHA	SIHA	chr8	ecDNA	0.1989386975765228	0.4699999988079071	0	0
loo	SIHA	SIHA	chr8	seismic_amplification	0.0987783446907997	0.4199999868869781	0	0
loo	SIHA	SIHA	chr9	BFB	0.066299669444561	0.3700000047683716	0	0
loo	SIHA	SIHA	chr9	chromothripsis	0.102093756198883	0.5799999833106995	0	0
loo	SIHA	SIHA	chr9	ecDNA	0.1199645176529884	0.4699999988079071	0	0
loo	SIHA	SIHA	chr9	seismic_amplification	0.0687754228711128	0.4199999868869781	0	0
loo	SIHA	SIHA	chrX	BFB	0.4592884182929992	0.3700000047683716	1	0
loo	SIHA	SIHA	chrX	chromothripsis	0.1829788982868194	0.5799999833106995	0	0
loo	SIHA	SIHA	chrX	ecDNA	0.1951816082000732	0.4699999988079071	0	0
loo	SIHA	SIHA	chrX	seismic_amplification	0.0825861245393753	0.4199999868869781	0	0
loo	SKBR3	SKBR3	chr1	BFB	0.072857841849327	0.4199999868869781	0	0
loo	SKBR3	SKBR3	chr1	chromothripsis	0.1598672121763229	0.6299999952316284	0	0
loo	SKBR3	SKBR3	chr1	ecDNA	0.0614056549966335	0.3300000131130218	0	0
loo	SKBR3	SKBR3	chr1	seismic_amplification	0.2046333402395248	0.7699999809265137	0	0
loo	SKBR3	SKBR3	chr10	BFB	0.717191219329834	0.4199999868869781	1	0
loo	SKBR3	SKBR3	chr10	chromothripsis	0.5458632707595825	0.6299999952316284	0	0
loo	SKBR3	SKBR3	chr10	ecDNA	0.2747255861759186	0.3300000131130218	0	0
loo	SKBR3	SKBR3	chr10	seismic_amplification	0.3499836325645447	0.7699999809265137	0	0
loo	SKBR3	SKBR3	chr11	BFB	0.3099757432937622	0.4199999868869781	0	0
loo	SKBR3	SKBR3	chr11	chromothripsis	0.1267561465501785	0.6299999952316284	0	0
loo	SKBR3	SKBR3	chr11	ecDNA	0.0929210036993026	0.3300000131130218	0	0
loo	SKBR3	SKBR3	chr11	seismic_amplification	0.1059728562831878	0.7699999809265137	0	0
loo	SKBR3	SKBR3	chr12	BFB	0.0429779142141342	0.4199999868869781	0	0
loo	SKBR3	SKBR3	chr12	chromothripsis	0.0808221474289894	0.6299999952316284	0	0
loo	SKBR3	SKBR3	chr12	ecDNA	0.0165322385728359	0.3300000131130218	0	0
loo	SKBR3	SKBR3	chr12	seismic_amplification	0.0519579984247684	0.7699999809265137	0	0
loo	SKBR3	SKBR3	chr13	BFB	0.0571683272719383	0.4199999868869781	0	0
loo	SKBR3	SKBR3	chr13	chromothripsis	0.0835749059915542	0.6299999952316284	0	0
loo	SKBR3	SKBR3	chr13	ecDNA	0.0370690748095512	0.3300000131130218	0	0
loo	SKBR3	SKBR3	chr13	seismic_amplification	0.1012197509407997	0.7699999809265137	0	0
loo	SKBR3	SKBR3	chr14	BFB	0.0814254581928253	0.4199999868869781	0	0
loo	SKBR3	SKBR3	chr14	chromothripsis	0.3395779132843017	0.6299999952316284	0	0
loo	SKBR3	SKBR3	chr14	ecDNA	0.0385661646723747	0.3300000131130218	0	0
loo	SKBR3	SKBR3	chr14	seismic_amplification	0.4077546596527099	0.7699999809265137	0	0
loo	SKBR3	SKBR3	chr15	BFB	0.0561400912702083	0.4199999868869781	0	0
loo	SKBR3	SKBR3	chr15	chromothripsis	0.5231088399887085	0.6299999952316284	0	0
loo	SKBR3	SKBR3	chr15	ecDNA	0.0238805152475833	0.3300000131130218	0	0
loo	SKBR3	SKBR3	chr15	seismic_amplification	0.0484466180205345	0.7699999809265137	0	0
loo	SKBR3	SKBR3	chr16	BFB	0.0588903427124023	0.4199999868869781	0	0
loo	SKBR3	SKBR3	chr16	chromothripsis	0.0840737447142601	0.6299999952316284	0	0
loo	SKBR3	SKBR3	chr16	ecDNA	0.0411923229694366	0.3300000131130218	0	0
loo	SKBR3	SKBR3	chr16	seismic_amplification	0.0792108476161956	0.7699999809265137	0	0
loo	SKBR3	SKBR3	chr17	BFB	0.3806665241718292	0.4199999868869781	0	0
loo	SKBR3	SKBR3	chr17	chromothripsis	0.3567322492599487	0.6299999952316284	0	0
loo	SKBR3	SKBR3	chr17	ecDNA	0.2186837196350097	0.3300000131130218	0	0
loo	SKBR3	SKBR3	chr17	seismic_amplification	0.4811437726020813	0.7699999809265137	0	0
loo	SKBR3	SKBR3	chr18	BFB	0.0380698442459106	0.4199999868869781	0	0
loo	SKBR3	SKBR3	chr18	chromothripsis	0.1627790927886963	0.6299999952316284	0	0
loo	SKBR3	SKBR3	chr18	ecDNA	0.0191427897661924	0.3300000131130218	0	0
loo	SKBR3	SKBR3	chr18	seismic_amplification	0.0523232072591781	0.7699999809265137	0	0
loo	SKBR3	SKBR3	chr19	BFB	0.0545072704553604	0.4199999868869781	0	0
loo	SKBR3	SKBR3	chr19	chromothripsis	0.2006749212741851	0.6299999952316284	0	0
loo	SKBR3	SKBR3	chr19	ecDNA	0.0309186913073062	0.3300000131130218	0	0
loo	SKBR3	SKBR3	chr19	seismic_amplification	0.050077237188816	0.7699999809265137	0	0
loo	SKBR3	SKBR3	chr2	BFB	0.0553318336606025	0.4199999868869781	0	0
loo	SKBR3	SKBR3	chr2	chromothripsis	0.0854423567652702	0.6299999952316284	0	0
loo	SKBR3	SKBR3	chr2	ecDNA	0.0304059162735939	0.3300000131130218	0	0
loo	SKBR3	SKBR3	chr2	seismic_amplification	0.1062009036540985	0.7699999809265137	0	0
loo	SKBR3	SKBR3	chr20	BFB	0.3999768197536468	0.4199999868869781	0	0
loo	SKBR3	SKBR3	chr20	chromothripsis	0.6527910232543945	0.6299999952316284	1	1
loo	SKBR3	SKBR3	chr20	ecDNA	0.1141371428966522	0.3300000131130218	0	0
loo	SKBR3	SKBR3	chr20	seismic_amplification	0.8340836763381958	0.7699999809265137	1	1
loo	SKBR3	SKBR3	chr21	BFB	0.0504925176501274	0.4199999868869781	0	0
loo	SKBR3	SKBR3	chr21	chromothripsis	0.1174313351511955	0.6299999952316284	0	0
loo	SKBR3	SKBR3	chr21	ecDNA	0.0285102352499961	0.3300000131130218	0	0
loo	SKBR3	SKBR3	chr21	seismic_amplification	0.0892141088843345	0.7699999809265137	0	0
loo	SKBR3	SKBR3	chr22	BFB	0.0442468263208866	0.4199999868869781	0	0
loo	SKBR3	SKBR3	chr22	chromothripsis	0.0836898908019065	0.6299999952316284	0	0
loo	SKBR3	SKBR3	chr22	ecDNA	0.0239779651165008	0.3300000131130218	0	0
loo	SKBR3	SKBR3	chr22	seismic_amplification	0.0918875038623809	0.7699999809265137	0	0
loo	SKBR3	SKBR3	chr3	BFB	0.3497799634933471	0.4199999868869781	0	1
loo	SKBR3	SKBR3	chr3	chromothripsis	0.6658333539962769	0.6299999952316284	1	0
loo	SKBR3	SKBR3	chr3	ecDNA	0.1141465231776237	0.3300000131130218	0	0
loo	SKBR3	SKBR3	chr3	seismic_amplification	0.8292185664176941	0.7699999809265137	1	0
loo	SKBR3	SKBR3	chr4	BFB	0.062067937105894	0.4199999868869781	0	0
loo	SKBR3	SKBR3	chr4	chromothripsis	0.2513918578624725	0.6299999952316284	0	0
loo	SKBR3	SKBR3	chr4	ecDNA	0.0350010693073272	0.3300000131130218	0	0
loo	SKBR3	SKBR3	chr4	seismic_amplification	0.0729102790355682	0.7699999809265137	0	0
loo	SKBR3	SKBR3	chr5	BFB	0.3311547338962555	0.4199999868869781	0	0
loo	SKBR3	SKBR3	chr5	chromothripsis	0.6153551936149597	0.6299999952316284	0	0
loo	SKBR3	SKBR3	chr5	ecDNA	0.0965936556458473	0.3300000131130218	0	0
loo	SKBR3	SKBR3	chr5	seismic_amplification	0.8959898948669434	0.7699999809265137	1	0
loo	SKBR3	SKBR3	chr6	BFB	0.8138461709022522	0.4199999868869781	1	0
loo	SKBR3	SKBR3	chr6	chromothripsis	0.5831075310707092	0.6299999952316284	0	0
loo	SKBR3	SKBR3	chr6	ecDNA	0.3684970140457153	0.3300000131130218	1	0
loo	SKBR3	SKBR3	chr6	seismic_amplification	0.3990702331066131	0.7699999809265137	0	0
loo	SKBR3	SKBR3	chr7	BFB	0.688581645488739	0.4199999868869781	1	1
loo	SKBR3	SKBR3	chr7	chromothripsis	0.3477825224399566	0.6299999952316284	0	0
loo	SKBR3	SKBR3	chr7	ecDNA	0.4451304376125335	0.3300000131130218	1	0
loo	SKBR3	SKBR3	chr7	seismic_amplification	0.2739607095718384	0.7699999809265137	0	0
loo	SKBR3	SKBR3	chr8	BFB	0.6901871562004089	0.4199999868869781	1	1
loo	SKBR3	SKBR3	chr8	chromothripsis	0.5731871724128723	0.6299999952316284	0	0
loo	SKBR3	SKBR3	chr8	ecDNA	0.2721506357192993	0.3300000131130218	0	0
loo	SKBR3	SKBR3	chr8	seismic_amplification	0.9217084646224976	0.7699999809265137	1	1
loo	SKBR3	SKBR3	chr9	BFB	0.0360090024769306	0.4199999868869781	0	0
loo	SKBR3	SKBR3	chr9	chromothripsis	0.0471671931445598	0.6299999952316284	0	0
loo	SKBR3	SKBR3	chr9	ecDNA	0.0168741568922996	0.3300000131130218	0	0
loo	SKBR3	SKBR3	chr9	seismic_amplification	0.088142529129982	0.7699999809265137	0	0
loo	SKBR3	SKBR3	chrX	BFB	0.1900676041841507	0.4199999868869781	0	0
loo	SKBR3	SKBR3	chrX	chromothripsis	0.6432525515556335	0.6299999952316284	1	0
loo	SKBR3	SKBR3	chrX	ecDNA	0.0898278728127479	0.3300000131130218	0	0
loo	SKBR3	SKBR3	chrX	seismic_amplification	0.7478639483451843	0.7699999809265137	0	0
loo	SNU1000	SNU1000	chr1	BFB	0.0999156534671783	0.6299999952316284	0	0
loo	SNU1000	SNU1000	chr1	chromothripsis	0.0704214423894882	0.5899999737739563	0	0
loo	SNU1000	SNU1000	chr1	ecDNA	0.1238444820046424	0.3400000035762787	0	0
loo	SNU1000	SNU1000	chr1	seismic_amplification	0.033526137471199	0.7599999904632568	0	0
loo	SNU1000	SNU1000	chr10	BFB	0.12045868486166	0.6299999952316284	0	0
loo	SNU1000	SNU1000	chr10	chromothripsis	0.0938941240310669	0.5899999737739563	0	0
loo	SNU1000	SNU1000	chr10	ecDNA	0.0622522719204425	0.3400000035762787	0	0
loo	SNU1000	SNU1000	chr10	seismic_amplification	0.0255069714039564	0.7599999904632568	0	0
loo	SNU1000	SNU1000	chr11	BFB	0.9536712765693665	0.6299999952316284	1	1
loo	SNU1000	SNU1000	chr11	chromothripsis	0.0473181493580341	0.5899999737739563	0	0
loo	SNU1000	SNU1000	chr11	ecDNA	0.8677026033401489	0.3400000035762787	1	0
loo	SNU1000	SNU1000	chr11	seismic_amplification	0.2559815347194671	0.7599999904632568	0	0
loo	SNU1000	SNU1000	chr12	BFB	0.0549777336418628	0.6299999952316284	0	0
loo	SNU1000	SNU1000	chr12	chromothripsis	0.0205027796328067	0.5899999737739563	0	0
loo	SNU1000	SNU1000	chr12	ecDNA	0.0370303131639957	0.3400000035762787	0	0
loo	SNU1000	SNU1000	chr12	seismic_amplification	0.0088226106017827	0.7599999904632568	0	0
loo	SNU1000	SNU1000	chr13	BFB	0.0585828050971031	0.6299999952316284	0	0
loo	SNU1000	SNU1000	chr13	chromothripsis	0.0621604844927787	0.5899999737739563	0	0
loo	SNU1000	SNU1000	chr13	ecDNA	0.0566882528364658	0.3400000035762787	0	0
loo	SNU1000	SNU1000	chr13	seismic_amplification	0.022043677046895	0.7599999904632568	0	0
loo	SNU1000	SNU1000	chr14	BFB	0.1835891157388687	0.6299999952316284	0	0
loo	SNU1000	SNU1000	chr14	chromothripsis	0.0478016585111618	0.5899999737739563	0	0
loo	SNU1000	SNU1000	chr14	ecDNA	0.0627382025122642	0.3400000035762787	0	0
loo	SNU1000	SNU1000	chr14	seismic_amplification	0.0295012518763542	0.7599999904632568	0	0
loo	SNU1000	SNU1000	chr15	BFB	0.4539528787136078	0.6299999952316284	0	0
loo	SNU1000	SNU1000	chr15	chromothripsis	0.041091613471508	0.5899999737739563	0	0
loo	SNU1000	SNU1000	chr15	ecDNA	0.1957065761089325	0.3400000035762787	0	0
loo	SNU1000	SNU1000	chr15	seismic_amplification	0.0540050603449344	0.7599999904632568	0	0
loo	SNU1000	SNU1000	chr16	BFB	0.0627688691020011	0.6299999952316284	0	0
loo	SNU1000	SNU1000	chr16	chromothripsis	0.0246349573135375	0.5899999737739563	0	0
loo	SNU1000	SNU1000	chr16	ecDNA	0.0403702892363071	0.3400000035762787	0	0
loo	SNU1000	SNU1000	chr16	seismic_amplification	0.0124422516673803	0.7599999904632568	0	0
loo	SNU1000	SNU1000	chr17	BFB	0.0708318576216697	0.6299999952316284	0	0
loo	SNU1000	SNU1000	chr17	chromothripsis	0.0248725842684507	0.5899999737739563	0	0
loo	SNU1000	SNU1000	chr17	ecDNA	0.0626216307282447	0.3400000035762787	0	0
loo	SNU1000	SNU1000	chr17	seismic_amplification	0.0112436544150114	0.7599999904632568	0	0
loo	SNU1000	SNU1000	chr18	BFB	0.1405739784240722	0.6299999952316284	0	0
loo	SNU1000	SNU1000	chr18	chromothripsis	0.0770592242479324	0.5899999737739563	0	0
loo	SNU1000	SNU1000	chr18	ecDNA	0.0940519049763679	0.3400000035762787	0	0
loo	SNU1000	SNU1000	chr18	seismic_amplification	0.0351650565862655	0.7599999904632568	0	0
loo	SNU1000	SNU1000	chr19	BFB	0.0692340210080146	0.6299999952316284	0	0
loo	SNU1000	SNU1000	chr19	chromothripsis	0.0764974951744079	0.5899999737739563	0	1
loo	SNU1000	SNU1000	chr19	ecDNA	0.0512691028416156	0.3400000035762787	0	0
loo	SNU1000	SNU1000	chr19	seismic_amplification	0.0146916536614298	0.7599999904632568	0	0
loo	SNU1000	SNU1000	chr2	BFB	0.0953706949949264	0.6299999952316284	0	1
loo	SNU1000	SNU1000	chr2	chromothripsis	0.0286495760083198	0.5899999737739563	0	0
loo	SNU1000	SNU1000	chr2	ecDNA	0.0685328543186187	0.3400000035762787	0	0
loo	SNU1000	SNU1000	chr2	seismic_amplification	0.0180076118558645	0.7599999904632568	0	0
loo	SNU1000	SNU1000	chr20	BFB	0.1616036593914032	0.6299999952316284	0	0
loo	SNU1000	SNU1000	chr20	chromothripsis	0.0970551595091819	0.5899999737739563	0	0
loo	SNU1000	SNU1000	chr20	ecDNA	0.1100309714674949	0.3400000035762787	0	0
loo	SNU1000	SNU1000	chr20	seismic_amplification	0.0391621217131614	0.7599999904632568	0	0
loo	SNU1000	SNU1000	chr21	BFB	0.0625346973538398	0.6299999952316284	0	0
loo	SNU1000	SNU1000	chr21	chromothripsis	0.1515696495771408	0.5899999737739563	0	0
loo	SNU1000	SNU1000	chr21	ecDNA	0.0840231254696846	0.3400000035762787	0	0
loo	SNU1000	SNU1000	chr21	seismic_amplification	0.0251750499010086	0.7599999904632568	0	0
loo	SNU1000	SNU1000	chr22	BFB	0.1552319973707199	0.6299999952316284	0	0
loo	SNU1000	SNU1000	chr22	chromothripsis	0.1093481704592704	0.5899999737739563	0	0
loo	SNU1000	SNU1000	chr22	ecDNA	0.1001616716384887	0.3400000035762787	0	0
loo	SNU1000	SNU1000	chr22	seismic_amplification	0.0707609504461288	0.7599999904632568	0	0
loo	SNU1000	SNU1000	chr3	BFB	0.3592921793460846	0.6299999952316284	0	0
loo	SNU1000	SNU1000	chr3	chromothripsis	0.2749378979206085	0.5899999737739563	0	0
loo	SNU1000	SNU1000	chr3	ecDNA	0.13782699406147	0.3400000035762787	0	0
loo	SNU1000	SNU1000	chr3	seismic_amplification	0.0509431958198547	0.7599999904632568	0	0
loo	SNU1000	SNU1000	chr4	BFB	0.0717063322663307	0.6299999952316284	0	0
loo	SNU1000	SNU1000	chr4	chromothripsis	0.4343858361244201	0.5899999737739563	0	0
loo	SNU1000	SNU1000	chr4	ecDNA	0.0723540559411048	0.3400000035762787	0	0
loo	SNU1000	SNU1000	chr4	seismic_amplification	0.0261475350707769	0.7599999904632568	0	0
loo	SNU1000	SNU1000	chr5	BFB	0.1442789733409881	0.6299999952316284	0	0
loo	SNU1000	SNU1000	chr5	chromothripsis	0.0796779245138168	0.5899999737739563	0	0
loo	SNU1000	SNU1000	chr5	ecDNA	0.0663424357771873	0.3400000035762787	0	0
loo	SNU1000	SNU1000	chr5	seismic_amplification	0.0348126664757728	0.7599999904632568	0	0
loo	SNU1000	SNU1000	chr6	BFB	0.24351167678833	0.6299999952316284	0	0
loo	SNU1000	SNU1000	chr6	chromothripsis	0.137253075838089	0.5899999737739563	0	0
loo	SNU1000	SNU1000	chr6	ecDNA	0.1074831038713455	0.3400000035762787	0	0
loo	SNU1000	SNU1000	chr6	seismic_amplification	0.0309308841824531	0.7599999904632568	0	0
loo	SNU1000	SNU1000	chr7	BFB	0.0638459175825119	0.6299999952316284	0	0
loo	SNU1000	SNU1000	chr7	chromothripsis	0.03844890370965	0.5899999737739563	0	0
loo	SNU1000	SNU1000	chr7	ecDNA	0.060248639434576	0.3400000035762787	0	0
loo	SNU1000	SNU1000	chr7	seismic_amplification	0.0153754008933901	0.7599999904632568	0	0
loo	SNU1000	SNU1000	chr8	BFB	0.0726150572299957	0.6299999952316284	0	0
loo	SNU1000	SNU1000	chr8	chromothripsis	0.4685498774051666	0.5899999737739563	0	0
loo	SNU1000	SNU1000	chr8	ecDNA	0.0498894862830638	0.3400000035762787	0	0
loo	SNU1000	SNU1000	chr8	seismic_amplification	0.0262731183320283	0.7599999904632568	0	0
loo	SNU1000	SNU1000	chr9	BFB	0.1609632074832916	0.6299999952316284	0	0
loo	SNU1000	SNU1000	chr9	chromothripsis	0.2744244635105133	0.5899999737739563	0	0
loo	SNU1000	SNU1000	chr9	ecDNA	0.1482830941677093	0.3400000035762787	0	0
loo	SNU1000	SNU1000	chr9	seismic_amplification	0.0717130899429321	0.7599999904632568	0	0
loo	SNU1000	SNU1000	chrX	BFB	0.0692228972911834	0.6299999952316284	0	0
loo	SNU1000	SNU1000	chrX	chromothripsis	0.0358513779938221	0.5899999737739563	0	0
loo	SNU1000	SNU1000	chrX	ecDNA	0.0673312693834304	0.3400000035762787	0	0
loo	SNU1000	SNU1000	chrX	seismic_amplification	0.0156837906688451	0.7599999904632568	0	0
loo	SNU1005	SNU1005	chr1	BFB	0.2321886718273162	0.4300000071525574	0	0
loo	SNU1005	SNU1005	chr1	chromothripsis	0.1796211749315261	0.7099999785423279	0	0
loo	SNU1005	SNU1005	chr1	ecDNA	0.1350027024745941	0.2899999916553497	0	0
loo	SNU1005	SNU1005	chr1	seismic_amplification	0.1120223253965377	0.8500000238418579	0	0
loo	SNU1005	SNU1005	chr10	BFB	0.0812390223145484	0.4300000071525574	0	0
loo	SNU1005	SNU1005	chr10	chromothripsis	0.0940596386790275	0.7099999785423279	0	0
loo	SNU1005	SNU1005	chr10	ecDNA	0.1095467135310173	0.2899999916553497	0	0
loo	SNU1005	SNU1005	chr10	seismic_amplification	0.0706848129630088	0.8500000238418579	0	0
loo	SNU1005	SNU1005	chr11	BFB	0.5410370230674744	0.4300000071525574	1	0
loo	SNU1005	SNU1005	chr11	chromothripsis	0.137919008731842	0.7099999785423279	0	0
loo	SNU1005	SNU1005	chr11	ecDNA	0.2262638360261917	0.2899999916553497	0	0
loo	SNU1005	SNU1005	chr11	seismic_amplification	0.1715089380741119	0.8500000238418579	0	0
loo	SNU1005	SNU1005	chr12	BFB	0.0451788604259491	0.4300000071525574	0	0
loo	SNU1005	SNU1005	chr12	chromothripsis	0.0621366016566753	0.7099999785423279	0	0
loo	SNU1005	SNU1005	chr12	ecDNA	0.0314511992037296	0.2899999916553497	0	0
loo	SNU1005	SNU1005	chr12	seismic_amplification	0.0288461428135633	0.8500000238418579	0	0
loo	SNU1005	SNU1005	chr13	BFB	0.0490290597081184	0.4300000071525574	0	0
loo	SNU1005	SNU1005	chr13	chromothripsis	0.0263857934623956	0.7099999785423279	0	0
loo	SNU1005	SNU1005	chr13	ecDNA	0.0432857722043991	0.2899999916553497	0	0
loo	SNU1005	SNU1005	chr13	seismic_amplification	0.0325560569763183	0.8500000238418579	0	0
loo	SNU1005	SNU1005	chr14	BFB	0.0956083685159683	0.4300000071525574	0	0
loo	SNU1005	SNU1005	chr14	chromothripsis	0.0480990745127201	0.7099999785423279	0	1
loo	SNU1005	SNU1005	chr14	ecDNA	0.0754937082529068	0.2899999916553497	0	0
loo	SNU1005	SNU1005	chr14	seismic_amplification	0.0628706216812133	0.8500000238418579	0	0
loo	SNU1005	SNU1005	chr15	BFB	0.1515364348888397	0.4300000071525574	0	0
loo	SNU1005	SNU1005	chr15	chromothripsis	0.0855345875024795	0.7099999785423279	0	0
loo	SNU1005	SNU1005	chr15	ecDNA	0.1118017882108688	0.2899999916553497	0	0
loo	SNU1005	SNU1005	chr15	seismic_amplification	0.0546686686575412	0.8500000238418579	0	0
loo	SNU1005	SNU1005	chr16	BFB	0.0612773336470127	0.4300000071525574	0	0
loo	SNU1005	SNU1005	chr16	chromothripsis	0.0373560339212417	0.7099999785423279	0	0
loo	SNU1005	SNU1005	chr16	ecDNA	0.061931524425745	0.2899999916553497	0	0
loo	SNU1005	SNU1005	chr16	seismic_amplification	0.0454011932015419	0.8500000238418579	0	0
loo	SNU1005	SNU1005	chr17	BFB	0.0509990118443965	0.4300000071525574	0	0
loo	SNU1005	SNU1005	chr17	chromothripsis	0.0363457798957824	0.7099999785423279	0	0
loo	SNU1005	SNU1005	chr17	ecDNA	0.0554592609405517	0.2899999916553497	0	0
loo	SNU1005	SNU1005	chr17	seismic_amplification	0.0378445908427238	0.8500000238418579	0	0
loo	SNU1005	SNU1005	chr18	BFB	0.1437940597534179	0.4300000071525574	0	0
loo	SNU1005	SNU1005	chr18	chromothripsis	0.0461268201470375	0.7099999785423279	0	0
loo	SNU1005	SNU1005	chr18	ecDNA	0.1136833652853965	0.2899999916553497	0	0
loo	SNU1005	SNU1005	chr18	seismic_amplification	0.0928608179092407	0.8500000238418579	0	0
loo	SNU1005	SNU1005	chr19	BFB	0.1392053365707397	0.4300000071525574	0	0
loo	SNU1005	SNU1005	chr19	chromothripsis	0.1420247703790664	0.7099999785423279	0	0
loo	SNU1005	SNU1005	chr19	ecDNA	0.1174644976854324	0.2899999916553497	0	0
loo	SNU1005	SNU1005	chr19	seismic_amplification	0.1001434028148651	0.8500000238418579	0	0
loo	SNU1005	SNU1005	chr2	BFB	0.0894294381141662	0.4300000071525574	0	0
loo	SNU1005	SNU1005	chr2	chromothripsis	0.2769200801849365	0.7099999785423279	0	0
loo	SNU1005	SNU1005	chr2	ecDNA	0.1138798967003822	0.2899999916553497	0	0
loo	SNU1005	SNU1005	chr2	seismic_amplification	0.0897901654243469	0.8500000238418579	0	0
loo	SNU1005	SNU1005	chr20	BFB	0.099660187959671	0.4300000071525574	0	0
loo	SNU1005	SNU1005	chr20	chromothripsis	0.0415976718068122	0.7099999785423279	0	0
loo	SNU1005	SNU1005	chr20	ecDNA	0.06303271651268	0.2899999916553497	0	0
loo	SNU1005	SNU1005	chr20	seismic_amplification	0.0639630034565925	0.8500000238418579	0	0
loo	SNU1005	SNU1005	chr21	BFB	0.1408603936433792	0.4300000071525574	0	0
loo	SNU1005	SNU1005	chr21	chromothripsis	0.0569956563413143	0.7099999785423279	0	0
loo	SNU1005	SNU1005	chr21	ecDNA	0.1233680620789527	0.2899999916553497	0	0
loo	SNU1005	SNU1005	chr21	seismic_amplification	0.0735429227352142	0.8500000238418579	0	0
loo	SNU1005	SNU1005	chr22	BFB	0.0626648217439651	0.4300000071525574	0	0
loo	SNU1005	SNU1005	chr22	chromothripsis	0.024217952042818	0.7099999785423279	0	0
loo	SNU1005	SNU1005	chr22	ecDNA	0.0506606139242649	0.2899999916553497	0	0
loo	SNU1005	SNU1005	chr22	seismic_amplification	0.04100788757205	0.8500000238418579	0	0
loo	SNU1005	SNU1005	chr3	BFB	0.1980108767747879	0.4300000071525574	0	0
loo	SNU1005	SNU1005	chr3	chromothripsis	0.0473953038454055	0.7099999785423279	0	0
loo	SNU1005	SNU1005	chr3	ecDNA	0.0884961411356926	0.2899999916553497	0	0
loo	SNU1005	SNU1005	chr3	seismic_amplification	0.0720504596829414	0.8500000238418579	0	0
loo	SNU1005	SNU1005	chr4	BFB	0.0518552102148532	0.4300000071525574	0	0
loo	SNU1005	SNU1005	chr4	chromothripsis	0.0285330526530742	0.7099999785423279	0	0
loo	SNU1005	SNU1005	chr4	ecDNA	0.0437120757997036	0.2899999916553497	0	0
loo	SNU1005	SNU1005	chr4	seismic_amplification	0.0388094596564769	0.8500000238418579	0	0
loo	SNU1005	SNU1005	chr5	BFB	0.4870374202728271	0.4300000071525574	1	1
loo	SNU1005	SNU1005	chr5	chromothripsis	0.149718552827835	0.7099999785423279	0	0
loo	SNU1005	SNU1005	chr5	ecDNA	0.2165607959032058	0.2899999916553497	0	1
loo	SNU1005	SNU1005	chr5	seismic_amplification	0.2741750478744507	0.8500000238418579	0	0
loo	SNU1005	SNU1005	chr6	BFB	0.4121923446655273	0.4300000071525574	0	0
loo	SNU1005	SNU1005	chr6	chromothripsis	0.1576647907495498	0.7099999785423279	0	0
loo	SNU1005	SNU1005	chr6	ecDNA	0.1478810459375381	0.2899999916553497	0	0
loo	SNU1005	SNU1005	chr6	seismic_amplification	0.1539564579725265	0.8500000238418579	0	0
loo	SNU1005	SNU1005	chr7	BFB	0.0498170852661132	0.4300000071525574	0	0
loo	SNU1005	SNU1005	chr7	chromothripsis	0.0260558184236288	0.7099999785423279	0	0
loo	SNU1005	SNU1005	chr7	ecDNA	0.040885291993618	0.2899999916553497	0	0
loo	SNU1005	SNU1005	chr7	seismic_amplification	0.0324658639729023	0.8500000238418579	0	0
loo	SNU1005	SNU1005	chr8	BFB	0.0579945482313632	0.4300000071525574	0	0
loo	SNU1005	SNU1005	chr8	chromothripsis	0.0327760241925716	0.7099999785423279	0	0
loo	SNU1005	SNU1005	chr8	ecDNA	0.0493754558265209	0.2899999916553497	0	0
loo	SNU1005	SNU1005	chr8	seismic_amplification	0.0434611663222312	0.8500000238418579	0	0
loo	SNU1005	SNU1005	chr9	BFB	0.032901007682085	0.4300000071525574	0	0
loo	SNU1005	SNU1005	chr9	chromothripsis	0.0265593398362398	0.7099999785423279	0	0
loo	SNU1005	SNU1005	chr9	ecDNA	0.0411410667002201	0.2899999916553497	0	0
loo	SNU1005	SNU1005	chr9	seismic_amplification	0.0249105971306562	0.8500000238418579	0	0
loo	SNU1005	SNU1005	chrX	BFB	0.1678396165370941	0.4300000071525574	0	0
loo	SNU1005	SNU1005	chrX	chromothripsis	0.1014226451516151	0.7099999785423279	0	0
loo	SNU1005	SNU1005	chrX	ecDNA	0.1381765604019165	0.2899999916553497	0	0
loo	SNU1005	SNU1005	chrX	seismic_amplification	0.0747202634811401	0.8500000238418579	0	0
loo	SNU1245	SNU1245	chr1	BFB	0.0270681977272033	0.3600000143051147	0	0
loo	SNU1245	SNU1245	chr1	chromothripsis	0.0531370975077152	0.6600000262260437	0	0
loo	SNU1245	SNU1245	chr1	ecDNA	0.0292560197412967	0.1299999952316284	0	0
loo	SNU1245	SNU1245	chr1	seismic_amplification	0.0168927256017923	0.800000011920929	0	0
loo	SNU1245	SNU1245	chr10	BFB	0.012645848095417	0.3600000143051147	0	0
loo	SNU1245	SNU1245	chr10	chromothripsis	0.0451325066387653	0.6600000262260437	0	0
loo	SNU1245	SNU1245	chr10	ecDNA	0.0276901554316282	0.1299999952316284	0	0
loo	SNU1245	SNU1245	chr10	seismic_amplification	0.0169617999345064	0.800000011920929	0	0
loo	SNU1245	SNU1245	chr11	BFB	0.0646633207798004	0.3600000143051147	0	0
loo	SNU1245	SNU1245	chr11	chromothripsis	0.0323908403515815	0.6600000262260437	0	0
loo	SNU1245	SNU1245	chr11	ecDNA	0.0924259200692176	0.1299999952316284	0	0
loo	SNU1245	SNU1245	chr11	seismic_amplification	0.0427328161895275	0.800000011920929	0	0
loo	SNU1245	SNU1245	chr12	BFB	0.0266821105033159	0.3600000143051147	0	0
loo	SNU1245	SNU1245	chr12	chromothripsis	0.2832835912704468	0.6600000262260437	0	0
loo	SNU1245	SNU1245	chr12	ecDNA	0.052332367748022	0.1299999952316284	0	0
loo	SNU1245	SNU1245	chr12	seismic_amplification	0.0355375632643699	0.800000011920929	0	0
loo	SNU1245	SNU1245	chr13	BFB	0.0184731129556894	0.3600000143051147	0	0
loo	SNU1245	SNU1245	chr13	chromothripsis	0.050133679062128	0.6600000262260437	0	0
loo	SNU1245	SNU1245	chr13	ecDNA	0.033383123576641	0.1299999952316284	0	0
loo	SNU1245	SNU1245	chr13	seismic_amplification	0.0190162006765604	0.800000011920929	0	0
loo	SNU1245	SNU1245	chr14	BFB	0.0423709154129028	0.3600000143051147	0	0
loo	SNU1245	SNU1245	chr14	chromothripsis	0.0369629934430122	0.6600000262260437	0	0
loo	SNU1245	SNU1245	chr14	ecDNA	0.073038250207901	0.1299999952316284	0	0
loo	SNU1245	SNU1245	chr14	seismic_amplification	0.0402864664793014	0.800000011920929	0	0
loo	SNU1245	SNU1245	chr15	BFB	0.0178653895854949	0.3600000143051147	0	0
loo	SNU1245	SNU1245	chr15	chromothripsis	0.0237343050539493	0.6600000262260437	0	0
loo	SNU1245	SNU1245	chr15	ecDNA	0.0369154065847396	0.1299999952316284	0	0
loo	SNU1245	SNU1245	chr15	seismic_amplification	0.0234087537974119	0.800000011920929	0	0
loo	SNU1245	SNU1245	chr16	BFB	0.0281872805207967	0.3600000143051147	0	0
loo	SNU1245	SNU1245	chr16	chromothripsis	0.0475741252303123	0.6600000262260437	0	0
loo	SNU1245	SNU1245	chr16	ecDNA	0.0536535829305648	0.1299999952316284	0	0
loo	SNU1245	SNU1245	chr16	seismic_amplification	0.045447900891304	0.800000011920929	0	0
loo	SNU1245	SNU1245	chr17	BFB	0.0308608673512935	0.3600000143051147	0	0
loo	SNU1245	SNU1245	chr17	chromothripsis	0.0452963449060916	0.6600000262260437	0	0
loo	SNU1245	SNU1245	chr17	ecDNA	0.0521519780158996	0.1299999952316284	0	0
loo	SNU1245	SNU1245	chr17	seismic_amplification	0.0337315164506435	0.800000011920929	0	0
loo	SNU1245	SNU1245	chr18	BFB	0.033865388482809	0.3600000143051147	0	0
loo	SNU1245	SNU1245	chr18	chromothripsis	0.0252189524471759	0.6600000262260437	0	0
loo	SNU1245	SNU1245	chr18	ecDNA	0.0478656180202961	0.1299999952316284	0	0
loo	SNU1245	SNU1245	chr18	seismic_amplification	0.0309241265058517	0.800000011920929	0	0
loo	SNU1245	SNU1245	chr19	BFB	0.0578038208186626	0.3600000143051147	0	0
loo	SNU1245	SNU1245	chr19	chromothripsis	0.0241280179470777	0.6600000262260437	0	0
loo	SNU1245	SNU1245	chr19	ecDNA	0.0836686491966247	0.1299999952316284	0	0
loo	SNU1245	SNU1245	chr19	seismic_amplification	0.0335641354322433	0.800000011920929	0	0
loo	SNU1245	SNU1245	chr2	BFB	0.023496851325035	0.3600000143051147	0	0
loo	SNU1245	SNU1245	chr2	chromothripsis	0.0288497563451528	0.6600000262260437	0	0
loo	SNU1245	SNU1245	chr2	ecDNA	0.0418222434818744	0.1299999952316284	0	0
loo	SNU1245	SNU1245	chr2	seismic_amplification	0.0218778531998395	0.800000011920929	0	0
loo	SNU1245	SNU1245	chr20	BFB	0.0205479469150304	0.3600000143051147	0	0
loo	SNU1245	SNU1245	chr20	chromothripsis	0.0822566822171211	0.6600000262260437	0	0
loo	SNU1245	SNU1245	chr20	ecDNA	0.0324711576104164	0.1299999952316284	0	0
loo	SNU1245	SNU1245	chr20	seismic_amplification	0.0335081443190574	0.800000011920929	0	0
loo	SNU1245	SNU1245	chr21	BFB	0.0234179589897394	0.3600000143051147	0	0
loo	SNU1245	SNU1245	chr21	chromothripsis	0.0547238923609256	0.6600000262260437	0	0
loo	SNU1245	SNU1245	chr21	ecDNA	0.0541981682181358	0.1299999952316284	0	0
loo	SNU1245	SNU1245	chr21	seismic_amplification	0.0412074625492095	0.800000011920929	0	0
loo	SNU1245	SNU1245	chr22	BFB	0.0175613686442375	0.3600000143051147	0	0
loo	SNU1245	SNU1245	chr22	chromothripsis	0.0202339086681604	0.6600000262260437	0	0
loo	SNU1245	SNU1245	chr22	ecDNA	0.0288048163056373	0.1299999952316284	0	0
loo	SNU1245	SNU1245	chr22	seismic_amplification	0.0202260427176952	0.800000011920929	0	0
loo	SNU1245	SNU1245	chr3	BFB	0.0165788121521472	0.3600000143051147	0	0
loo	SNU1245	SNU1245	chr3	chromothripsis	0.0503409579396247	0.6600000262260437	0	0
loo	SNU1245	SNU1245	chr3	ecDNA	0.0286995135247707	0.1299999952316284	0	0
loo	SNU1245	SNU1245	chr3	seismic_amplification	0.0199030395597219	0.800000011920929	0	0
loo	SNU1245	SNU1245	chr4	BFB	0.0288967937231063	0.3600000143051147	0	0
loo	SNU1245	SNU1245	chr4	chromothripsis	0.4035575985908508	0.6600000262260437	0	0
loo	SNU1245	SNU1245	chr4	ecDNA	0.0471125468611717	0.1299999952316284	0	0
loo	SNU1245	SNU1245	chr4	seismic_amplification	0.0284398458898067	0.800000011920929	0	0
loo	SNU1245	SNU1245	chr5	BFB	0.1438445299863815	0.3600000143051147	0	0
loo	SNU1245	SNU1245	chr5	chromothripsis	0.4902196228504181	0.6600000262260437	0	1
loo	SNU1245	SNU1245	chr5	ecDNA	0.1101841107010841	0.1299999952316284	0	0
loo	SNU1245	SNU1245	chr5	seismic_amplification	0.1052322462201118	0.800000011920929	0	0
loo	SNU1245	SNU1245	chr6	BFB	0.0465708635747432	0.3600000143051147	0	0
loo	SNU1245	SNU1245	chr6	chromothripsis	0.0793986618518829	0.6600000262260437	0	0
loo	SNU1245	SNU1245	chr6	ecDNA	0.0588323734700679	0.1299999952316284	0	0
loo	SNU1245	SNU1245	chr6	seismic_amplification	0.029347725212574	0.800000011920929	0	0
loo	SNU1245	SNU1245	chr7	BFB	0.0185420084744691	0.3600000143051147	0	0
loo	SNU1245	SNU1245	chr7	chromothripsis	0.0311290547251701	0.6600000262260437	0	0
loo	SNU1245	SNU1245	chr7	ecDNA	0.0362017080187797	0.1299999952316284	0	0
loo	SNU1245	SNU1245	chr7	seismic_amplification	0.0241823922842741	0.800000011920929	0	0
loo	SNU1245	SNU1245	chr8	BFB	0.0195340514183044	0.3600000143051147	0	0
loo	SNU1245	SNU1245	chr8	chromothripsis	0.0457660183310508	0.6600000262260437	0	0
loo	SNU1245	SNU1245	chr8	ecDNA	0.0441036969423294	0.1299999952316284	0	0
loo	SNU1245	SNU1245	chr8	seismic_amplification	0.0228399448096752	0.800000011920929	0	0
loo	SNU1245	SNU1245	chr9	BFB	0.0275724679231643	0.3600000143051147	0	0
loo	SNU1245	SNU1245	chr9	chromothripsis	0.0995975285768508	0.6600000262260437	0	0
loo	SNU1245	SNU1245	chr9	ecDNA	0.0516338348388671	0.1299999952316284	0	0
loo	SNU1245	SNU1245	chr9	seismic_amplification	0.0427700914442539	0.800000011920929	0	0
loo	SNU1245	SNU1245	chrX	BFB	0.0166000425815582	0.3600000143051147	0	0
loo	SNU1245	SNU1245	chrX	chromothripsis	0.0473304986953735	0.6600000262260437	0	0
loo	SNU1245	SNU1245	chrX	ecDNA	0.0427165925502777	0.1299999952316284	0	0
loo	SNU1245	SNU1245	chrX	seismic_amplification	0.036083236336708	0.800000011920929	0	0
loo	SNU1299	SNU1299	chr1	BFB	0.1986074447631836	0.5400000214576721	0	0
loo	SNU1299	SNU1299	chr1	chromothripsis	0.1417485326528549	0.7099999785423279	0	0
loo	SNU1299	SNU1299	chr1	ecDNA	0.0543617904186248	0.4699999988079071	0	0
loo	SNU1299	SNU1299	chr1	seismic_amplification	0.0437210574746131	0.5899999737739563	0	0
loo	SNU1299	SNU1299	chr10	BFB	0.0999689772725105	0.5400000214576721	0	0
loo	SNU1299	SNU1299	chr10	chromothripsis	0.1387731581926345	0.7099999785423279	0	0
loo	SNU1299	SNU1299	chr10	ecDNA	0.0651615262031555	0.4699999988079071	0	0
loo	SNU1299	SNU1299	chr10	seismic_amplification	0.0646676197648048	0.5899999737739563	0	0
loo	SNU1299	SNU1299	chr11	BFB	0.8265064358711243	0.5400000214576721	1	1
loo	SNU1299	SNU1299	chr11	chromothripsis	0.2676603198051452	0.7099999785423279	0	0
loo	SNU1299	SNU1299	chr11	ecDNA	0.7250179052352905	0.4699999988079071	1	0
loo	SNU1299	SNU1299	chr11	seismic_amplification	0.2248445451259613	0.5899999737739563	0	0
loo	SNU1299	SNU1299	chr12	BFB	0.4671086072921753	0.5400000214576721	0	0
loo	SNU1299	SNU1299	chr12	chromothripsis	0.1945210397243499	0.7099999785423279	0	0
loo	SNU1299	SNU1299	chr12	ecDNA	0.2727435231208801	0.4699999988079071	0	0
loo	SNU1299	SNU1299	chr12	seismic_amplification	0.1467548310756683	0.5899999737739563	0	0
loo	SNU1299	SNU1299	chr13	BFB	0.0749101340770721	0.5400000214576721	0	0
loo	SNU1299	SNU1299	chr13	chromothripsis	0.0789325237274169	0.7099999785423279	0	0
loo	SNU1299	SNU1299	chr13	ecDNA	0.0788517221808433	0.4699999988079071	0	0
loo	SNU1299	SNU1299	chr13	seismic_amplification	0.0359999500215053	0.5899999737739563	0	0
loo	SNU1299	SNU1299	chr14	BFB	0.107127845287323	0.5400000214576721	0	0
loo	SNU1299	SNU1299	chr14	chromothripsis	0.1995566338300705	0.7099999785423279	0	0
loo	SNU1299	SNU1299	chr14	ecDNA	0.0746482461690902	0.4699999988079071	0	0
loo	SNU1299	SNU1299	chr14	seismic_amplification	0.0822419971227645	0.5899999737739563	0	0
loo	SNU1299	SNU1299	chr15	BFB	0.1390842646360397	0.5400000214576721	0	0
loo	SNU1299	SNU1299	chr15	chromothripsis	0.0818556174635887	0.7099999785423279	0	0
loo	SNU1299	SNU1299	chr15	ecDNA	0.0626019537448883	0.4699999988079071	0	0
loo	SNU1299	SNU1299	chr15	seismic_amplification	0.0756000503897667	0.5899999737739563	0	0
loo	SNU1299	SNU1299	chr16	BFB	0.2850473523139953	0.5400000214576721	0	0
loo	SNU1299	SNU1299	chr16	chromothripsis	0.2046093046665191	0.7099999785423279	0	0
loo	SNU1299	SNU1299	chr16	ecDNA	0.1304298788309097	0.4699999988079071	0	0
loo	SNU1299	SNU1299	chr16	seismic_amplification	0.0732750967144966	0.5899999737739563	0	0
loo	SNU1299	SNU1299	chr17	BFB	0.0790967047214508	0.5400000214576721	0	0
loo	SNU1299	SNU1299	chr17	chromothripsis	0.0906609073281288	0.7099999785423279	0	0
loo	SNU1299	SNU1299	chr17	ecDNA	0.0404871217906475	0.4699999988079071	0	0
loo	SNU1299	SNU1299	chr17	seismic_amplification	0.0634797215461731	0.5899999737739563	0	0
loo	SNU1299	SNU1299	chr18	BFB	0.0443702414631843	0.5400000214576721	0	0
loo	SNU1299	SNU1299	chr18	chromothripsis	0.1071484461426734	0.7099999785423279	0	0
loo	SNU1299	SNU1299	chr18	ecDNA	0.0446984060108661	0.4699999988079071	0	0
loo	SNU1299	SNU1299	chr18	seismic_amplification	0.0245030429214239	0.5899999737739563	0	0
loo	SNU1299	SNU1299	chr19	BFB	0.4458220899105072	0.5400000214576721	0	0
loo	SNU1299	SNU1299	chr19	chromothripsis	0.454704076051712	0.7099999785423279	0	0
loo	SNU1299	SNU1299	chr19	ecDNA	0.3217012882232666	0.4699999988079071	0	0
loo	SNU1299	SNU1299	chr19	seismic_amplification	0.5777022838592529	0.5899999737739563	0	0
loo	SNU1299	SNU1299	chr2	BFB	0.066152699291706	0.5400000214576721	0	0
loo	SNU1299	SNU1299	chr2	chromothripsis	0.0958830714225769	0.7099999785423279	0	0
loo	SNU1299	SNU1299	chr2	ecDNA	0.0412115231156349	0.4699999988079071	0	0
loo	SNU1299	SNU1299	chr2	seismic_amplification	0.0374972857534885	0.5899999737739563	0	0
loo	SNU1299	SNU1299	chr20	BFB	0.7589017748832703	0.5400000214576721	1	1
loo	SNU1299	SNU1299	chr20	chromothripsis	0.5965885519981384	0.7099999785423279	0	0
loo	SNU1299	SNU1299	chr20	ecDNA	0.5176206231117249	0.4699999988079071	1	0
loo	SNU1299	SNU1299	chr20	seismic_amplification	0.4388515949249267	0.5899999737739563	0	0
loo	SNU1299	SNU1299	chr21	BFB	0.0799326747655868	0.5400000214576721	0	0
loo	SNU1299	SNU1299	chr21	chromothripsis	0.0556643046438694	0.7099999785423279	0	0
loo	SNU1299	SNU1299	chr21	ecDNA	0.0400247350335121	0.4699999988079071	0	0
loo	SNU1299	SNU1299	chr21	seismic_amplification	0.0336737968027591	0.5899999737739563	0	0
loo	SNU1299	SNU1299	chr22	BFB	0.1028400361537933	0.5400000214576721	0	0
loo	SNU1299	SNU1299	chr22	chromothripsis	0.0901557579636573	0.7099999785423279	0	0
loo	SNU1299	SNU1299	chr22	ecDNA	0.0515066720545291	0.4699999988079071	0	0
loo	SNU1299	SNU1299	chr22	seismic_amplification	0.0828700438141822	0.5899999737739563	0	0
loo	SNU1299	SNU1299	chr3	BFB	0.188581645488739	0.5400000214576721	0	0
loo	SNU1299	SNU1299	chr3	chromothripsis	0.4556316137313843	0.7099999785423279	0	0
loo	SNU1299	SNU1299	chr3	ecDNA	0.1349393725395202	0.4699999988079071	0	0
loo	SNU1299	SNU1299	chr3	seismic_amplification	0.1770714372396469	0.5899999737739563	0	0
loo	SNU1299	SNU1299	chr4	BFB	0.1015742495656013	0.5400000214576721	0	0
loo	SNU1299	SNU1299	chr4	chromothripsis	0.0850838273763656	0.7099999785423279	0	0
loo	SNU1299	SNU1299	chr4	ecDNA	0.0953295826911926	0.4699999988079071	0	0
loo	SNU1299	SNU1299	chr4	seismic_amplification	0.0445005819201469	0.5899999737739563	0	0
loo	SNU1299	SNU1299	chr5	BFB	0.1233982369303703	0.5400000214576721	0	0
loo	SNU1299	SNU1299	chr5	chromothripsis	0.3218047618865967	0.7099999785423279	0	0
loo	SNU1299	SNU1299	chr5	ecDNA	0.0726672261953353	0.4699999988079071	0	0
loo	SNU1299	SNU1299	chr5	seismic_amplification	0.1034551188349723	0.5899999737739563	0	0
loo	SNU1299	SNU1299	chr6	BFB	0.1414195746183395	0.5400000214576721	0	0
loo	SNU1299	SNU1299	chr6	chromothripsis	0.1447682529687881	0.7099999785423279	0	0
loo	SNU1299	SNU1299	chr6	ecDNA	0.0601339302957057	0.4699999988079071	0	0
loo	SNU1299	SNU1299	chr6	seismic_amplification	0.081725887954235	0.5899999737739563	0	0
loo	SNU1299	SNU1299	chr7	BFB	0.109467826783657	0.5400000214576721	0	0
loo	SNU1299	SNU1299	chr7	chromothripsis	0.1338754594326019	0.7099999785423279	0	0
loo	SNU1299	SNU1299	chr7	ecDNA	0.1012754663825035	0.4699999988079071	0	0
loo	SNU1299	SNU1299	chr7	seismic_amplification	0.0596267245709896	0.5899999737739563	0	0
loo	SNU1299	SNU1299	chr8	BFB	0.0467567667365074	0.5400000214576721	0	0
loo	SNU1299	SNU1299	chr8	chromothripsis	0.1206845566630363	0.7099999785423279	0	0
loo	SNU1299	SNU1299	chr8	ecDNA	0.0271480344235897	0.4699999988079071	0	0
loo	SNU1299	SNU1299	chr8	seismic_amplification	0.0296458508819341	0.5899999737739563	0	0
loo	SNU1299	SNU1299	chr9	BFB	0.1095076873898506	0.5400000214576721	0	0
loo	SNU1299	SNU1299	chr9	chromothripsis	0.08057252317667	0.7099999785423279	0	0
loo	SNU1299	SNU1299	chr9	ecDNA	0.0875215828418731	0.4699999988079071	0	0
loo	SNU1299	SNU1299	chr9	seismic_amplification	0.0470346845686435	0.5899999737739563	0	0
loo	SNU1299	SNU1299	chrX	BFB	0.0665545836091041	0.5400000214576721	0	0
loo	SNU1299	SNU1299	chrX	chromothripsis	0.0699608251452446	0.7099999785423279	0	0
loo	SNU1299	SNU1299	chrX	ecDNA	0.0393296666443347	0.4699999988079071	0	0
loo	SNU1299	SNU1299	chrX	seismic_amplification	0.0372440963983535	0.5899999737739563	0	0
loo	SNU17	SNU17	chr1	BFB	0.0697604641318321	0.3100000023841858	0	0
loo	SNU17	SNU17	chr1	chromothripsis	0.1761588454246521	0.699999988079071	0	0
loo	SNU17	SNU17	chr1	ecDNA	0.176396757364273	0.4300000071525574	0	0
loo	SNU17	SNU17	chr1	seismic_amplification	0.0873084068298339	0.8299999833106995	0	0
loo	SNU17	SNU17	chr10	BFB	0.0412480607628822	0.3100000023841858	0	0
loo	SNU17	SNU17	chr10	chromothripsis	0.0246109869331121	0.699999988079071	0	0
loo	SNU17	SNU17	chr10	ecDNA	0.1022304594516754	0.4300000071525574	0	0
loo	SNU17	SNU17	chr10	seismic_amplification	0.0370036102831363	0.8299999833106995	0	0
loo	SNU17	SNU17	chr11	BFB	0.0226469188928604	0.3100000023841858	0	0
loo	SNU17	SNU17	chr11	chromothripsis	0.0130942417308688	0.699999988079071	0	0
loo	SNU17	SNU17	chr11	ecDNA	0.0759627744555473	0.4300000071525574	0	0
loo	SNU17	SNU17	chr11	seismic_amplification	0.0241730269044637	0.8299999833106995	0	0
loo	SNU17	SNU17	chr12	BFB	0.0378838330507278	0.3100000023841858	0	0
loo	SNU17	SNU17	chr12	chromothripsis	0.0210413485765457	0.699999988079071	0	0
loo	SNU17	SNU17	chr12	ecDNA	0.0969627648591995	0.4300000071525574	0	0
loo	SNU17	SNU17	chr12	seismic_amplification	0.0317281372845172	0.8299999833106995	0	0
loo	SNU17	SNU17	chr13	BFB	0.030922494828701	0.3100000023841858	0	0
loo	SNU17	SNU17	chr13	chromothripsis	0.0227745287120342	0.699999988079071	0	0
loo	SNU17	SNU17	chr13	ecDNA	0.1030472740530967	0.4300000071525574	0	0
loo	SNU17	SNU17	chr13	seismic_amplification	0.0326730273663997	0.8299999833106995	0	0
loo	SNU17	SNU17	chr14	BFB	0.1522082090377807	0.3100000023841858	0	0
loo	SNU17	SNU17	chr14	chromothripsis	0.0901992321014404	0.699999988079071	0	0
loo	SNU17	SNU17	chr14	ecDNA	0.2023645043373108	0.4300000071525574	0	0
loo	SNU17	SNU17	chr14	seismic_amplification	0.0747550204396247	0.8299999833106995	0	0
loo	SNU17	SNU17	chr15	BFB	0.0501882508397102	0.3100000023841858	0	0
loo	SNU17	SNU17	chr15	chromothripsis	0.0288385245949029	0.699999988079071	0	0
loo	SNU17	SNU17	chr15	ecDNA	0.1178281977772712	0.4300000071525574	0	0
loo	SNU17	SNU17	chr15	seismic_amplification	0.0436464622616767	0.8299999833106995	0	0
loo	SNU17	SNU17	chr16	BFB	0.1608254462480545	0.3100000023841858	0	0
loo	SNU17	SNU17	chr16	chromothripsis	0.0491042956709861	0.699999988079071	0	0
loo	SNU17	SNU17	chr16	ecDNA	0.197388544678688	0.4300000071525574	0	0
loo	SNU17	SNU17	chr16	seismic_amplification	0.065803050994873	0.8299999833106995	0	0
loo	SNU17	SNU17	chr17	BFB	0.1215331628918647	0.3100000023841858	0	0
loo	SNU17	SNU17	chr17	chromothripsis	0.0211333986371755	0.699999988079071	0	0
loo	SNU17	SNU17	chr17	ecDNA	0.1473093926906585	0.4300000071525574	0	0
loo	SNU17	SNU17	chr17	seismic_amplification	0.062465775758028	0.8299999833106995	0	0
loo	SNU17	SNU17	chr18	BFB	0.0699408650398254	0.3100000023841858	0	0
loo	SNU17	SNU17	chr18	chromothripsis	0.0956750810146331	0.699999988079071	0	0
loo	SNU17	SNU17	chr18	ecDNA	0.1352206915616989	0.4300000071525574	0	0
loo	SNU17	SNU17	chr18	seismic_amplification	0.0723556578159332	0.8299999833106995	0	0
loo	SNU17	SNU17	chr19	BFB	0.0508353263139724	0.3100000023841858	0	0
loo	SNU17	SNU17	chr19	chromothripsis	0.1932208687067031	0.699999988079071	0	0
loo	SNU17	SNU17	chr19	ecDNA	0.1105216369032859	0.4300000071525574	0	0
loo	SNU17	SNU17	chr19	seismic_amplification	0.050039492547512	0.8299999833106995	0	0
loo	SNU17	SNU17	chr2	BFB	0.0503404885530471	0.3100000023841858	0	0
loo	SNU17	SNU17	chr2	chromothripsis	0.106132872402668	0.699999988079071	0	0
loo	SNU17	SNU17	chr2	ecDNA	0.1034859046339988	0.4300000071525574	0	0
loo	SNU17	SNU17	chr2	seismic_amplification	0.0640807151794433	0.8299999833106995	0	0
loo	SNU17	SNU17	chr20	BFB	0.6605292558670044	0.3100000023841858	1	0
loo	SNU17	SNU17	chr20	chromothripsis	0.1544971168041229	0.699999988079071	0	0
loo	SNU17	SNU17	chr20	ecDNA	0.4624963104724884	0.4300000071525574	1	0
loo	SNU17	SNU17	chr20	seismic_amplification	0.1730463504791259	0.8299999833106995	0	0
loo	SNU17	SNU17	chr21	BFB	0.0253422558307647	0.3100000023841858	0	0
loo	SNU17	SNU17	chr21	chromothripsis	0.0219019576907157	0.699999988079071	0	0
loo	SNU17	SNU17	chr21	ecDNA	0.1020966842770576	0.4300000071525574	0	0
loo	SNU17	SNU17	chr21	seismic_amplification	0.0310239065438509	0.8299999833106995	0	0
loo	SNU17	SNU17	chr22	BFB	0.0256505161523818	0.3100000023841858	0	0
loo	SNU17	SNU17	chr22	chromothripsis	0.0149663211777806	0.699999988079071	0	0
loo	SNU17	SNU17	chr22	ecDNA	0.092381864786148	0.4300000071525574	0	0
loo	SNU17	SNU17	chr22	seismic_amplification	0.0256671700626611	0.8299999833106995	0	0
loo	SNU17	SNU17	chr3	BFB	0.0766257494688034	0.3100000023841858	0	0
loo	SNU17	SNU17	chr3	chromothripsis	0.0237688682973384	0.699999988079071	0	0
loo	SNU17	SNU17	chr3	ecDNA	0.1044877171516418	0.4300000071525574	0	0
loo	SNU17	SNU17	chr3	seismic_amplification	0.0317088142037391	0.8299999833106995	0	0
loo	SNU17	SNU17	chr4	BFB	0.1963711380958557	0.3100000023841858	0	0
loo	SNU17	SNU17	chr4	chromothripsis	0.4554238319396972	0.699999988079071	0	1
loo	SNU17	SNU17	chr4	ecDNA	0.232017770409584	0.4300000071525574	0	0
loo	SNU17	SNU17	chr4	seismic_amplification	0.2361354827880859	0.8299999833106995	0	0
loo	SNU17	SNU17	chr5	BFB	0.0477126091718673	0.3100000023841858	0	0
loo	SNU17	SNU17	chr5	chromothripsis	0.0559399724006652	0.699999988079071	0	0
loo	SNU17	SNU17	chr5	ecDNA	0.10361198335886	0.4300000071525574	0	0
loo	SNU17	SNU17	chr5	seismic_amplification	0.043670006096363	0.8299999833106995	0	0
loo	SNU17	SNU17	chr6	BFB	0.0561303384602069	0.3100000023841858	0	0
loo	SNU17	SNU17	chr6	chromothripsis	0.0557927154004573	0.699999988079071	0	0
loo	SNU17	SNU17	chr6	ecDNA	0.1331903636455536	0.4300000071525574	0	0
loo	SNU17	SNU17	chr6	seismic_amplification	0.0520830042660236	0.8299999833106995	0	0
loo	SNU17	SNU17	chr7	BFB	0.0271123982965946	0.3100000023841858	0	0
loo	SNU17	SNU17	chr7	chromothripsis	0.017893698066473	0.699999988079071	0	0
loo	SNU17	SNU17	chr7	ecDNA	0.0990623235702514	0.4300000071525574	0	0
loo	SNU17	SNU17	chr7	seismic_amplification	0.0258898381143808	0.8299999833106995	0	0
loo	SNU17	SNU17	chr8	BFB	0.0321430899202823	0.3100000023841858	0	0
loo	SNU17	SNU17	chr8	chromothripsis	0.0197703167796134	0.699999988079071	0	0
loo	SNU17	SNU17	chr8	ecDNA	0.0981435403227806	0.4300000071525574	0	0
loo	SNU17	SNU17	chr8	seismic_amplification	0.0329556800425052	0.8299999833106995	0	0
loo	SNU17	SNU17	chr9	BFB	0.0236647371202707	0.3100000023841858	0	0
loo	SNU17	SNU17	chr9	chromothripsis	0.0308730509132146	0.699999988079071	0	0
loo	SNU17	SNU17	chr9	ecDNA	0.078898899257183	0.4300000071525574	0	0
loo	SNU17	SNU17	chr9	seismic_amplification	0.0205982699990272	0.8299999833106995	0	0
loo	SNU17	SNU17	chrX	BFB	0.0315104015171527	0.3100000023841858	0	0
loo	SNU17	SNU17	chrX	chromothripsis	0.0211495421826839	0.699999988079071	0	0
loo	SNU17	SNU17	chrX	ecDNA	0.0876980423927307	0.4300000071525574	0	0
loo	SNU17	SNU17	chrX	seismic_amplification	0.027923097833991	0.8299999833106995	0	0
loo	SNU682	SNU682	chr1	BFB	0.0593458637595176	0.3199999928474426	0	0
loo	SNU682	SNU682	chr1	chromothripsis	0.0904117450118064	0.6800000071525574	0	0
loo	SNU682	SNU682	chr1	ecDNA	0.13099966943264	0.5299999713897705	0	0
loo	SNU682	SNU682	chr1	seismic_amplification	0.0961224362254142	0.8399999737739563	0	0
loo	SNU682	SNU682	chr10	BFB	0.063697300851345	0.3199999928474426	0	0
loo	SNU682	SNU682	chr10	chromothripsis	0.0982367917895317	0.6800000071525574	0	0
loo	SNU682	SNU682	chr10	ecDNA	0.1027413234114646	0.5299999713897705	0	0
loo	SNU682	SNU682	chr10	seismic_amplification	0.0816226750612258	0.8399999737739563	0	0
loo	SNU682	SNU682	chr11	BFB	0.6121969819068909	0.3199999928474426	1	1
loo	SNU682	SNU682	chr11	chromothripsis	0.1313245147466659	0.6800000071525574	0	0
loo	SNU682	SNU682	chr11	ecDNA	0.4789508581161499	0.5299999713897705	0	0
loo	SNU682	SNU682	chr11	seismic_amplification	0.1343211680650711	0.8399999737739563	0	0
loo	SNU682	SNU682	chr12	BFB	0.0497628487646579	0.3199999928474426	0	0
loo	SNU682	SNU682	chr12	chromothripsis	0.1115652844309806	0.6800000071525574	0	0
loo	SNU682	SNU682	chr12	ecDNA	0.0842791348695755	0.5299999713897705	0	0
loo	SNU682	SNU682	chr12	seismic_amplification	0.1229687556624412	0.8399999737739563	0	0
loo	SNU682	SNU682	chr13	BFB	0.0807750672101974	0.3199999928474426	0	0
loo	SNU682	SNU682	chr13	chromothripsis	0.0584588162600994	0.6800000071525574	0	0
loo	SNU682	SNU682	chr13	ecDNA	0.0782545804977417	0.5299999713897705	0	0
loo	SNU682	SNU682	chr13	seismic_amplification	0.048547837883234	0.8399999737739563	0	0
loo	SNU682	SNU682	chr14	BFB	0.0374762788414955	0.3199999928474426	0	0
loo	SNU682	SNU682	chr14	chromothripsis	0.0369970798492431	0.6800000071525574	0	0
loo	SNU682	SNU682	chr14	ecDNA	0.0728902965784072	0.5299999713897705	0	0
loo	SNU682	SNU682	chr14	seismic_amplification	0.0692060515284538	0.8399999737739563	0	0
loo	SNU682	SNU682	chr15	BFB	0.1442934423685073	0.3199999928474426	0	0
loo	SNU682	SNU682	chr15	chromothripsis	0.4465111196041107	0.6800000071525574	0	0
loo	SNU682	SNU682	chr15	ecDNA	0.1129238680005073	0.5299999713897705	0	0
loo	SNU682	SNU682	chr15	seismic_amplification	0.1641769111156463	0.8399999737739563	0	0
loo	SNU682	SNU682	chr16	BFB	0.1084675416350364	0.3199999928474426	0	0
loo	SNU682	SNU682	chr16	chromothripsis	0.3937586843967438	0.6800000071525574	0	0
loo	SNU682	SNU682	chr16	ecDNA	0.1054787188768386	0.5299999713897705	0	0
loo	SNU682	SNU682	chr16	seismic_amplification	0.1804655194282531	0.8399999737739563	0	0
loo	SNU682	SNU682	chr17	BFB	0.0372776240110397	0.3199999928474426	0	0
loo	SNU682	SNU682	chr17	chromothripsis	0.0411628410220146	0.6800000071525574	0	0
loo	SNU682	SNU682	chr17	ecDNA	0.0729286819696426	0.5299999713897705	0	0
loo	SNU682	SNU682	chr17	seismic_amplification	0.0913716554641723	0.8399999737739563	0	0
loo	SNU682	SNU682	chr18	BFB	0.4183326959609985	0.3199999928474426	1	0
loo	SNU682	SNU682	chr18	chromothripsis	0.4167203903198242	0.6800000071525574	0	0
loo	SNU682	SNU682	chr18	ecDNA	0.2669183015823364	0.5299999713897705	0	0
loo	SNU682	SNU682	chr18	seismic_amplification	0.2254144102334976	0.8399999737739563	0	0
loo	SNU682	SNU682	chr19	BFB	0.1135889068245887	0.3199999928474426	0	0
loo	SNU682	SNU682	chr19	chromothripsis	0.0752091631293296	0.6800000071525574	0	0
loo	SNU682	SNU682	chr19	ecDNA	0.1663997173309326	0.5299999713897705	0	0
loo	SNU682	SNU682	chr19	seismic_amplification	0.0498981550335884	0.8399999737739563	0	0
loo	SNU682	SNU682	chr2	BFB	0.3238194286823272	0.3199999928474426	1	0
loo	SNU682	SNU682	chr2	chromothripsis	0.5689419507980347	0.6800000071525574	0	0
loo	SNU682	SNU682	chr2	ecDNA	0.2126461714506149	0.5299999713897705	0	0
loo	SNU682	SNU682	chr2	seismic_amplification	0.3970652222633362	0.8399999737739563	0	0
loo	SNU682	SNU682	chr20	BFB	0.2815559506416321	0.3199999928474426	0	0
loo	SNU682	SNU682	chr20	chromothripsis	0.1094449609518051	0.6800000071525574	0	0
loo	SNU682	SNU682	chr20	ecDNA	0.1765998154878616	0.5299999713897705	0	0
loo	SNU682	SNU682	chr20	seismic_amplification	0.0686602294445037	0.8399999737739563	0	0
loo	SNU682	SNU682	chr21	BFB	0.0641447752714157	0.3199999928474426	0	0
loo	SNU682	SNU682	chr21	chromothripsis	0.0521830432116985	0.6800000071525574	0	0
loo	SNU682	SNU682	chr21	ecDNA	0.1192856281995773	0.5299999713897705	0	0
loo	SNU682	SNU682	chr21	seismic_amplification	0.0567052848637104	0.8399999737739563	0	0
loo	SNU682	SNU682	chr22	BFB	0.2991972267627716	0.3199999928474426	0	0
loo	SNU682	SNU682	chr22	chromothripsis	0.1081976518034935	0.6800000071525574	0	0
loo	SNU682	SNU682	chr22	ecDNA	0.2698624432086944	0.5299999713897705	0	0
loo	SNU682	SNU682	chr22	seismic_amplification	0.1024929657578468	0.8399999737739563	0	0
loo	SNU682	SNU682	chr3	BFB	0.1497400403022766	0.3199999928474426	0	0
loo	SNU682	SNU682	chr3	chromothripsis	0.3157990574836731	0.6800000071525574	0	0
loo	SNU682	SNU682	chr3	ecDNA	0.087146982550621	0.5299999713897705	0	0
loo	SNU682	SNU682	chr3	seismic_amplification	0.194335862994194	0.8399999737739563	0	0
loo	SNU682	SNU682	chr4	BFB	0.221440702676773	0.3199999928474426	0	0
loo	SNU682	SNU682	chr4	chromothripsis	0.3480757474899292	0.6800000071525574	0	0
loo	SNU682	SNU682	chr4	ecDNA	0.1154632195830345	0.5299999713897705	0	0
loo	SNU682	SNU682	chr4	seismic_amplification	0.1050272062420845	0.8399999737739563	0	0
loo	SNU682	SNU682	chr5	BFB	0.0460055992007255	0.3199999928474426	0	0
loo	SNU682	SNU682	chr5	chromothripsis	0.0447294302284717	0.6800000071525574	0	0
loo	SNU682	SNU682	chr5	ecDNA	0.0748654305934906	0.5299999713897705	0	0
loo	SNU682	SNU682	chr5	seismic_amplification	0.0808658674359321	0.8399999737739563	0	0
loo	SNU682	SNU682	chr6	BFB	0.1111861616373062	0.3199999928474426	0	0
loo	SNU682	SNU682	chr6	chromothripsis	0.1496271938085556	0.6800000071525574	0	0
loo	SNU682	SNU682	chr6	ecDNA	0.1351990699768066	0.5299999713897705	0	0
loo	SNU682	SNU682	chr6	seismic_amplification	0.0688854604959487	0.8399999737739563	0	0
loo	SNU682	SNU682	chr7	BFB	0.089666835963726	0.3199999928474426	0	0
loo	SNU682	SNU682	chr7	chromothripsis	0.1108086928725242	0.6800000071525574	0	0
loo	SNU682	SNU682	chr7	ecDNA	0.1451824009418487	0.5299999713897705	0	0
loo	SNU682	SNU682	chr7	seismic_amplification	0.1635467410087585	0.8399999737739563	0	0
loo	SNU682	SNU682	chr8	BFB	0.3401074111461639	0.3199999928474426	1	0
loo	SNU682	SNU682	chr8	chromothripsis	0.257532000541687	0.6800000071525574	0	0
loo	SNU682	SNU682	chr8	ecDNA	0.171540081501007	0.5299999713897705	0	0
loo	SNU682	SNU682	chr8	seismic_amplification	0.0836469903588295	0.8399999737739563	0	0
loo	SNU682	SNU682	chr9	BFB	0.146459549665451	0.3199999928474426	0	0
loo	SNU682	SNU682	chr9	chromothripsis	0.3791730105876922	0.6800000071525574	0	0
loo	SNU682	SNU682	chr9	ecDNA	0.1192998066544532	0.5299999713897705	0	0
loo	SNU682	SNU682	chr9	seismic_amplification	0.15147066116333	0.8399999737739563	0	0
loo	SNU682	SNU682	chrX	BFB	0.0756538808345794	0.3199999928474426	0	0
loo	SNU682	SNU682	chrX	chromothripsis	0.0653144642710685	0.6800000071525574	0	0
loo	SNU682	SNU682	chrX	ecDNA	0.1224779263138771	0.5299999713897705	0	0
loo	SNU682	SNU682	chrX	seismic_amplification	0.0589236468076705	0.8399999737739563	0	0
loo	SNU703	SNU703	chr1	BFB	0.0224781036376953	0.4799999892711639	0	0
loo	SNU703	SNU703	chr1	chromothripsis	0.0248070061206817	0.6600000262260437	0	0
loo	SNU703	SNU703	chr1	ecDNA	0.0091864559799432	0.1099999994039535	0	0
loo	SNU703	SNU703	chr1	seismic_amplification	0.0099544581025838	0.3700000047683716	0	0
loo	SNU703	SNU703	chr10	BFB	0.0157209802418947	0.4799999892711639	0	0
loo	SNU703	SNU703	chr10	chromothripsis	0.0442704409360885	0.6600000262260437	0	0
loo	SNU703	SNU703	chr10	ecDNA	0.0100792767480015	0.1099999994039535	0	0
loo	SNU703	SNU703	chr10	seismic_amplification	0.0122338747605681	0.3700000047683716	0	0
loo	SNU703	SNU703	chr11	BFB	0.2559748888015747	0.4799999892711639	0	1
loo	SNU703	SNU703	chr11	chromothripsis	0.1926217377185821	0.6600000262260437	0	0
loo	SNU703	SNU703	chr11	ecDNA	0.1156352683901786	0.1099999994039535	1	1
loo	SNU703	SNU703	chr11	seismic_amplification	0.0918915197253227	0.3700000047683716	0	0
loo	SNU703	SNU703	chr12	BFB	0.6378573179244995	0.4799999892711639	1	1
loo	SNU703	SNU703	chr12	chromothripsis	0.0513682961463928	0.6600000262260437	0	0
loo	SNU703	SNU703	chr12	ecDNA	0.1516082137823104	0.1099999994039535	1	0
loo	SNU703	SNU703	chr12	seismic_amplification	0.1172015517950058	0.3700000047683716	0	0
loo	SNU703	SNU703	chr13	BFB	0.0596372373402118	0.4799999892711639	0	0
loo	SNU703	SNU703	chr13	chromothripsis	0.0403436310589313	0.6600000262260437	0	0
loo	SNU703	SNU703	chr13	ecDNA	0.0349694341421127	0.1099999994039535	0	0
loo	SNU703	SNU703	chr13	seismic_amplification	0.0294408649206161	0.3700000047683716	0	0
loo	SNU703	SNU703	chr14	BFB	0.0504943318665027	0.4799999892711639	0	0
loo	SNU703	SNU703	chr14	chromothripsis	0.1136145293712616	0.6600000262260437	0	0
loo	SNU703	SNU703	chr14	ecDNA	0.0248867608606815	0.1099999994039535	0	0
loo	SNU703	SNU703	chr14	seismic_amplification	0.0210049096494913	0.3700000047683716	0	0
loo	SNU703	SNU703	chr15	BFB	0.0170158855617046	0.4799999892711639	0	0
loo	SNU703	SNU703	chr15	chromothripsis	0.1620165854692459	0.6600000262260437	0	0
loo	SNU703	SNU703	chr15	ecDNA	0.0155496392399072	0.1099999994039535	0	0
loo	SNU703	SNU703	chr15	seismic_amplification	0.0147363804280757	0.3700000047683716	0	0
loo	SNU703	SNU703	chr16	BFB	0.0223705172538757	0.4799999892711639	0	0
loo	SNU703	SNU703	chr16	chromothripsis	0.0296660065650939	0.6600000262260437	0	0
loo	SNU703	SNU703	chr16	ecDNA	0.0153701324015855	0.1099999994039535	0	0
loo	SNU703	SNU703	chr16	seismic_amplification	0.0194721743464469	0.3700000047683716	0	0
loo	SNU703	SNU703	chr17	BFB	0.0197318624705076	0.4799999892711639	0	0
loo	SNU703	SNU703	chr17	chromothripsis	0.0236443243920803	0.6600000262260437	0	0
loo	SNU703	SNU703	chr17	ecDNA	0.0119245406240224	0.1099999994039535	0	0
loo	SNU703	SNU703	chr17	seismic_amplification	0.0181852132081985	0.3700000047683716	0	0
loo	SNU703	SNU703	chr18	BFB	0.828903079032898	0.4799999892711639	1	1
loo	SNU703	SNU703	chr18	chromothripsis	0.33316770195961	0.6600000262260437	0	0
loo	SNU703	SNU703	chr18	ecDNA	0.3440075814723968	0.1099999994039535	1	1
loo	SNU703	SNU703	chr18	seismic_amplification	0.2486967146396637	0.3700000047683716	0	0
loo	SNU703	SNU703	chr19	BFB	0.0176376216113567	0.4799999892711639	0	0
loo	SNU703	SNU703	chr19	chromothripsis	0.0419481508433818	0.6600000262260437	0	0
loo	SNU703	SNU703	chr19	ecDNA	0.0152570586651563	0.1099999994039535	0	0
loo	SNU703	SNU703	chr19	seismic_amplification	0.0201664995402097	0.3700000047683716	0	0
loo	SNU703	SNU703	chr2	BFB	0.0120197115465998	0.4799999892711639	0	0
loo	SNU703	SNU703	chr2	chromothripsis	0.0296227596700191	0.6600000262260437	0	0
loo	SNU703	SNU703	chr2	ecDNA	0.0101651614531874	0.1099999994039535	0	0
loo	SNU703	SNU703	chr2	seismic_amplification	0.0118149798363447	0.3700000047683716	0	0
loo	SNU703	SNU703	chr20	BFB	0.0211283564567565	0.4799999892711639	0	0
loo	SNU703	SNU703	chr20	chromothripsis	0.0140589671209454	0.6600000262260437	0	0
loo	SNU703	SNU703	chr20	ecDNA	0.0035635770764201	0.1099999994039535	0	0
loo	SNU703	SNU703	chr20	seismic_amplification	0.005931741092354	0.3700000047683716	0	0
loo	SNU703	SNU703	chr21	BFB	0.0469844415783882	0.4799999892711639	0	0
loo	SNU703	SNU703	chr21	chromothripsis	0.0261438768357038	0.6600000262260437	0	0
loo	SNU703	SNU703	chr21	ecDNA	0.0203108042478561	0.1099999994039535	0	0
loo	SNU703	SNU703	chr21	seismic_amplification	0.0310291610658168	0.3700000047683716	0	0
loo	SNU703	SNU703	chr22	BFB	0.0147774424403905	0.4799999892711639	0	0
loo	SNU703	SNU703	chr22	chromothripsis	0.0242253839969635	0.6600000262260437	0	0
loo	SNU703	SNU703	chr22	ecDNA	0.0096487812697887	0.1099999994039535	0	0
loo	SNU703	SNU703	chr22	seismic_amplification	0.0155065590515732	0.3700000047683716	0	0
loo	SNU703	SNU703	chr3	BFB	0.0281574036926031	0.4799999892711639	0	0
loo	SNU703	SNU703	chr3	chromothripsis	0.0287934932857751	0.6600000262260437	0	0
loo	SNU703	SNU703	chr3	ecDNA	0.0081226145848631	0.1099999994039535	0	0
loo	SNU703	SNU703	chr3	seismic_amplification	0.0113866422325372	0.3700000047683716	0	0
loo	SNU703	SNU703	chr4	BFB	0.0125901466235518	0.4799999892711639	0	0
loo	SNU703	SNU703	chr4	chromothripsis	0.0277310889214277	0.6600000262260437	0	0
loo	SNU703	SNU703	chr4	ecDNA	0.0082770092412829	0.1099999994039535	0	0
loo	SNU703	SNU703	chr4	seismic_amplification	0.0098974658176302	0.3700000047683716	0	0
loo	SNU703	SNU703	chr5	BFB	0.0128334714099764	0.4799999892711639	0	0
loo	SNU703	SNU703	chr5	chromothripsis	0.0256613120436668	0.6600000262260437	0	0
loo	SNU703	SNU703	chr5	ecDNA	0.0066278539597988	0.1099999994039535	0	0
loo	SNU703	SNU703	chr5	seismic_amplification	0.0100081171840429	0.3700000047683716	0	0
loo	SNU703	SNU703	chr6	BFB	0.0236388929188251	0.4799999892711639	0	0
loo	SNU703	SNU703	chr6	chromothripsis	0.0149229960516095	0.6600000262260437	0	0
loo	SNU703	SNU703	chr6	ecDNA	0.0059492159634828	0.1099999994039535	0	0
loo	SNU703	SNU703	chr6	seismic_amplification	0.0100226076319813	0.3700000047683716	0	0
loo	SNU703	SNU703	chr7	BFB	0.0174394529312849	0.4799999892711639	0	0
loo	SNU703	SNU703	chr7	chromothripsis	0.0234047900885343	0.6600000262260437	0	0
loo	SNU703	SNU703	chr7	ecDNA	0.0040588015690445	0.1099999994039535	0	0
loo	SNU703	SNU703	chr7	seismic_amplification	0.0083155818283557	0.3700000047683716	0	0
loo	SNU703	SNU703	chr8	BFB	0.0474261939525604	0.4799999892711639	0	0
loo	SNU703	SNU703	chr8	chromothripsis	0.1222510263323783	0.6600000262260437	0	0
loo	SNU703	SNU703	chr8	ecDNA	0.0105208521708846	0.1099999994039535	0	0
loo	SNU703	SNU703	chr8	seismic_amplification	0.0154223004356026	0.3700000047683716	0	0
loo	SNU703	SNU703	chr9	BFB	0.033242754638195	0.4799999892711639	0	0
loo	SNU703	SNU703	chr9	chromothripsis	0.2644228339195251	0.6600000262260437	0	0
loo	SNU703	SNU703	chr9	ecDNA	0.0412726290524005	0.1099999994039535	0	0
loo	SNU703	SNU703	chr9	seismic_amplification	0.029192004352808	0.3700000047683716	0	0
loo	SNU703	SNU703	chrX	BFB	0.0233886428177356	0.4799999892711639	0	0
loo	SNU703	SNU703	chrX	chromothripsis	0.0307327937334775	0.6600000262260437	0	0
loo	SNU703	SNU703	chrX	ecDNA	0.0126328459009528	0.1099999994039535	0	1
loo	SNU703	SNU703	chrX	seismic_amplification	0.0157504547387361	0.3700000047683716	0	0
loo	SNU778	SNU778	chr1	BFB	0.0346380919218063	0.3499999940395355	0	0
loo	SNU778	SNU778	chr1	chromothripsis	0.0928040742874145	0.6700000166893005	0	0
loo	SNU778	SNU778	chr1	ecDNA	0.1172229051589965	0.2000000029802322	0	0
loo	SNU778	SNU778	chr1	seismic_amplification	0.0529918111860752	0.8100000023841858	0	0
loo	SNU778	SNU778	chr10	BFB	0.0778689607977867	0.3499999940395355	0	0
loo	SNU778	SNU778	chr10	chromothripsis	0.1693173497915268	0.6700000166893005	0	0
loo	SNU778	SNU778	chr10	ecDNA	0.1216554418206214	0.2000000029802322	0	0
loo	SNU778	SNU778	chr10	seismic_amplification	0.0400530695915222	0.8100000023841858	0	0
loo	SNU778	SNU778	chr11	BFB	0.5610650181770325	0.3499999940395355	1	1
loo	SNU778	SNU778	chr11	chromothripsis	0.2273704707622528	0.6700000166893005	0	0
loo	SNU778	SNU778	chr11	ecDNA	0.3861810564994812	0.2000000029802322	1	0
loo	SNU778	SNU778	chr11	seismic_amplification	0.1254771798849105	0.8100000023841858	0	0
loo	SNU778	SNU778	chr12	BFB	0.0402496755123138	0.3499999940395355	0	0
loo	SNU778	SNU778	chr12	chromothripsis	0.1188045516610145	0.6700000166893005	0	0
loo	SNU778	SNU778	chr12	ecDNA	0.121165819466114	0.2000000029802322	0	0
loo	SNU778	SNU778	chr12	seismic_amplification	0.0448232367634773	0.8100000023841858	0	0
loo	SNU778	SNU778	chr13	BFB	0.0286201536655426	0.3499999940395355	0	0
loo	SNU778	SNU778	chr13	chromothripsis	0.103482961654663	0.6700000166893005	0	0
loo	SNU778	SNU778	chr13	ecDNA	0.0935898870229721	0.2000000029802322	0	0
loo	SNU778	SNU778	chr13	seismic_amplification	0.0440766736865043	0.8100000023841858	0	0
loo	SNU778	SNU778	chr14	BFB	0.043497834354639	0.3499999940395355	0	0
loo	SNU778	SNU778	chr14	chromothripsis	0.1306653171777725	0.6700000166893005	0	0
loo	SNU778	SNU778	chr14	ecDNA	0.1204470470547676	0.2000000029802322	0	0
loo	SNU778	SNU778	chr14	seismic_amplification	0.0500196516513824	0.8100000023841858	0	0
loo	SNU778	SNU778	chr15	BFB	0.0516557544469833	0.3499999940395355	0	0
loo	SNU778	SNU778	chr15	chromothripsis	0.1235356777906417	0.6700000166893005	0	0
loo	SNU778	SNU778	chr15	ecDNA	0.1366111189126968	0.2000000029802322	0	0
loo	SNU778	SNU778	chr15	seismic_amplification	0.0499983690679073	0.8100000023841858	0	0
loo	SNU778	SNU778	chr16	BFB	0.0311594400554895	0.3499999940395355	0	0
loo	SNU778	SNU778	chr16	chromothripsis	0.1220248937606811	0.6700000166893005	0	0
loo	SNU778	SNU778	chr16	ecDNA	0.1112835705280304	0.2000000029802322	0	0
loo	SNU778	SNU778	chr16	seismic_amplification	0.0486650690436363	0.8100000023841858	0	0
loo	SNU778	SNU778	chr17	BFB	0.0399162843823432	0.3499999940395355	0	0
loo	SNU778	SNU778	chr17	chromothripsis	0.1158210113644599	0.6700000166893005	0	0
loo	SNU778	SNU778	chr17	ecDNA	0.1016924604773521	0.2000000029802322	0	0
loo	SNU778	SNU778	chr17	seismic_amplification	0.0452416166663169	0.8100000023841858	0	0
loo	SNU778	SNU778	chr18	BFB	0.0365008413791656	0.3499999940395355	0	0
loo	SNU778	SNU778	chr18	chromothripsis	0.1605835855007171	0.6700000166893005	0	0
loo	SNU778	SNU778	chr18	ecDNA	0.0962840020656585	0.2000000029802322	0	0
loo	SNU778	SNU778	chr18	seismic_amplification	0.0388176254928112	0.8100000023841858	0	0
loo	SNU778	SNU778	chr19	BFB	0.0362784415483474	0.3499999940395355	0	0
loo	SNU778	SNU778	chr19	chromothripsis	0.1229755952954292	0.6700000166893005	0	0
loo	SNU778	SNU778	chr19	ecDNA	0.1228218451142311	0.2000000029802322	0	0
loo	SNU778	SNU778	chr19	seismic_amplification	0.0474766939878463	0.8100000023841858	0	0
loo	SNU778	SNU778	chr2	BFB	0.0292030554264783	0.3499999940395355	0	0
loo	SNU778	SNU778	chr2	chromothripsis	0.0978130474686622	0.6700000166893005	0	0
loo	SNU778	SNU778	chr2	ecDNA	0.0906007811427116	0.2000000029802322	0	0
loo	SNU778	SNU778	chr2	seismic_amplification	0.0448975041508674	0.8100000023841858	0	0
loo	SNU778	SNU778	chr20	BFB	0.142531007528305	0.3499999940395355	0	0
loo	SNU778	SNU778	chr20	chromothripsis	0.1551174968481063	0.6700000166893005	0	0
loo	SNU778	SNU778	chr20	ecDNA	0.1930115669965744	0.2000000029802322	0	0
loo	SNU778	SNU778	chr20	seismic_amplification	0.0802599117159843	0.8100000023841858	0	0
loo	SNU778	SNU778	chr21	BFB	0.0411678217351436	0.3499999940395355	0	0
loo	SNU778	SNU778	chr21	chromothripsis	0.1049319878220558	0.6700000166893005	0	0
loo	SNU778	SNU778	chr21	ecDNA	0.112827718257904	0.2000000029802322	0	0
loo	SNU778	SNU778	chr21	seismic_amplification	0.0492780655622482	0.8100000023841858	0	0
loo	SNU778	SNU778	chr22	BFB	0.0300086066126823	0.3499999940395355	0	0
loo	SNU778	SNU778	chr22	chromothripsis	0.0936624929308891	0.6700000166893005	0	0
loo	SNU778	SNU778	chr22	ecDNA	0.0957525894045829	0.2000000029802322	0	0
loo	SNU778	SNU778	chr22	seismic_amplification	0.051541194319725	0.8100000023841858	0	0
loo	SNU778	SNU778	chr3	BFB	0.1060045585036277	0.3499999940395355	0	0
loo	SNU778	SNU778	chr3	chromothripsis	0.4883269965648651	0.6700000166893005	0	0
loo	SNU778	SNU778	chr3	ecDNA	0.1301738619804382	0.2000000029802322	0	0
loo	SNU778	SNU778	chr3	seismic_amplification	0.0721260160207748	0.8100000023841858	0	0
loo	SNU778	SNU778	chr4	BFB	0.0440344363451004	0.3499999940395355	0	0
loo	SNU778	SNU778	chr4	chromothripsis	0.08597993850708	0.6700000166893005	0	0
loo	SNU778	SNU778	chr4	ecDNA	0.1078110635280609	0.2000000029802322	0	0
loo	SNU778	SNU778	chr4	seismic_amplification	0.0399149507284164	0.8100000023841858	0	0
loo	SNU778	SNU778	chr5	BFB	0.0821518301963806	0.3499999940395355	0	0
loo	SNU778	SNU778	chr5	chromothripsis	0.1275035440921783	0.6700000166893005	0	0
loo	SNU778	SNU778	chr5	ecDNA	0.1624574214220047	0.2000000029802322	0	0
loo	SNU778	SNU778	chr5	seismic_amplification	0.1160321459174156	0.8100000023841858	0	0
loo	SNU778	SNU778	chr6	BFB	0.082938477396965	0.3499999940395355	0	0
loo	SNU778	SNU778	chr6	chromothripsis	0.2674247920513153	0.6700000166893005	0	0
loo	SNU778	SNU778	chr6	ecDNA	0.1342411786317825	0.2000000029802322	0	0
loo	SNU778	SNU778	chr6	seismic_amplification	0.0420808345079422	0.8100000023841858	0	0
loo	SNU778	SNU778	chr7	BFB	0.0249629169702529	0.3499999940395355	0	0
loo	SNU778	SNU778	chr7	chromothripsis	0.096288301050663	0.6700000166893005	0	0
loo	SNU778	SNU778	chr7	ecDNA	0.0934102982282638	0.2000000029802322	0	0
loo	SNU778	SNU778	chr7	seismic_amplification	0.0435732267796993	0.8100000023841858	0	0
loo	SNU778	SNU778	chr8	BFB	0.0425249114632606	0.3499999940395355	0	0
loo	SNU778	SNU778	chr8	chromothripsis	0.0933054983615875	0.6700000166893005	0	0
loo	SNU778	SNU778	chr8	ecDNA	0.1125216782093048	0.2000000029802322	0	0
loo	SNU778	SNU778	chr8	seismic_amplification	0.0533514432609081	0.8100000023841858	0	0
loo	SNU778	SNU778	chr9	BFB	0.0465448312461376	0.3499999940395355	0	0
loo	SNU778	SNU778	chr9	chromothripsis	0.0949117094278335	0.6700000166893005	0	0
loo	SNU778	SNU778	chr9	ecDNA	0.1116654649376869	0.2000000029802322	0	0
loo	SNU778	SNU778	chr9	seismic_amplification	0.0546176172792911	0.8100000023841858	0	0
loo	SNU778	SNU778	chrX	BFB	0.0502106212079525	0.3499999940395355	0	0
loo	SNU778	SNU778	chrX	chromothripsis	0.1216527298092842	0.6700000166893005	0	0
loo	SNU778	SNU778	chrX	ecDNA	0.1138765141367912	0.2000000029802322	0	0
loo	SNU778	SNU778	chrX	seismic_amplification	0.0466116815805435	0.8100000023841858	0	0
loo	SNU902	SNU902	chr1	BFB	0.0571420863270759	0.4099999964237213	0	0
loo	SNU902	SNU902	chr1	chromothripsis	0.1602617353200912	0.6200000047683716	0	0
loo	SNU902	SNU902	chr1	ecDNA	0.0631721243262291	0.4399999976158142	0	0
loo	SNU902	SNU902	chr1	seismic_amplification	0.0528609119355678	0.8500000238418579	0	0
loo	SNU902	SNU902	chr10	BFB	0.2195929735898971	0.4099999964237213	0	0
loo	SNU902	SNU902	chr10	chromothripsis	0.2466839402914047	0.6200000047683716	0	1
loo	SNU902	SNU902	chr10	ecDNA	0.0859183743596077	0.4399999976158142	0	0
loo	SNU902	SNU902	chr10	seismic_amplification	0.0747355297207832	0.8500000238418579	0	0
loo	SNU902	SNU902	chr11	BFB	0.0908689424395561	0.4099999964237213	0	0
loo	SNU902	SNU902	chr11	chromothripsis	0.0711966231465339	0.6200000047683716	0	0
loo	SNU902	SNU902	chr11	ecDNA	0.0737630426883697	0.4399999976158142	0	0
loo	SNU902	SNU902	chr11	seismic_amplification	0.0861402750015258	0.8500000238418579	0	0
loo	SNU902	SNU902	chr12	BFB	0.021404430270195	0.4099999964237213	0	0
loo	SNU902	SNU902	chr12	chromothripsis	0.0658857300877571	0.6200000047683716	0	0
loo	SNU902	SNU902	chr12	ecDNA	0.0334059335291385	0.4399999976158142	0	0
loo	SNU902	SNU902	chr12	seismic_amplification	0.026972347870469	0.8500000238418579	0	0
loo	SNU902	SNU902	chr13	BFB	0.0516124777495861	0.4099999964237213	0	0
loo	SNU902	SNU902	chr13	chromothripsis	0.0758541151881218	0.6200000047683716	0	0
loo	SNU902	SNU902	chr13	ecDNA	0.0450290106236934	0.4399999976158142	0	0
loo	SNU902	SNU902	chr13	seismic_amplification	0.0375649333000183	0.8500000238418579	0	0
loo	SNU902	SNU902	chr14	BFB	0.0242102183401584	0.4099999964237213	0	0
loo	SNU902	SNU902	chr14	chromothripsis	0.0287966411560773	0.6200000047683716	0	0
loo	SNU902	SNU902	chr14	ecDNA	0.0254703499376773	0.4399999976158142	0	0
loo	SNU902	SNU902	chr14	seismic_amplification	0.0272236168384552	0.8500000238418579	0	0
loo	SNU902	SNU902	chr15	BFB	0.048111792653799	0.4099999964237213	0	0
loo	SNU902	SNU902	chr15	chromothripsis	0.2009489238262176	0.6200000047683716	0	0
loo	SNU902	SNU902	chr15	ecDNA	0.057461243122816	0.4399999976158142	0	0
loo	SNU902	SNU902	chr15	seismic_amplification	0.0337666124105453	0.8500000238418579	0	0
loo	SNU902	SNU902	chr16	BFB	0.5196316242218018	0.4099999964237213	1	0
loo	SNU902	SNU902	chr16	chromothripsis	0.053433746099472	0.6200000047683716	0	0
loo	SNU902	SNU902	chr16	ecDNA	0.1434599757194519	0.4399999976158142	0	0
loo	SNU902	SNU902	chr16	seismic_amplification	0.0661484450101852	0.8500000238418579	0	0
loo	SNU902	SNU902	chr17	BFB	0.0505406372249126	0.4099999964237213	0	0
loo	SNU902	SNU902	chr17	chromothripsis	0.2391678541898727	0.6200000047683716	0	0
loo	SNU902	SNU902	chr17	ecDNA	0.0678826496005058	0.4399999976158142	0	0
loo	SNU902	SNU902	chr17	seismic_amplification	0.0438203662633895	0.8500000238418579	0	0
loo	SNU902	SNU902	chr18	BFB	0.0208658054471015	0.4099999964237213	0	0
loo	SNU902	SNU902	chr18	chromothripsis	0.0420740880072116	0.6200000047683716	0	0
loo	SNU902	SNU902	chr18	ecDNA	0.0277906116098165	0.4399999976158142	0	0
loo	SNU902	SNU902	chr18	seismic_amplification	0.0293103586882352	0.8500000238418579	0	0
loo	SNU902	SNU902	chr19	BFB	0.4578487575054168	0.4099999964237213	1	1
loo	SNU902	SNU902	chr19	chromothripsis	0.3040399253368377	0.6200000047683716	0	0
loo	SNU902	SNU902	chr19	ecDNA	0.1734872907400131	0.4399999976158142	0	1
loo	SNU902	SNU902	chr19	seismic_amplification	0.130119040608406	0.8500000238418579	0	1
loo	SNU902	SNU902	chr2	BFB	0.0283864084631204	0.4099999964237213	0	0
loo	SNU902	SNU902	chr2	chromothripsis	0.0585186891257762	0.6200000047683716	0	0
loo	SNU902	SNU902	chr2	ecDNA	0.0344589501619339	0.4399999976158142	0	0
loo	SNU902	SNU902	chr2	seismic_amplification	0.0303439442068338	0.8500000238418579	0	0
loo	SNU902	SNU902	chr20	BFB	0.065621793270111	0.4099999964237213	0	0
loo	SNU902	SNU902	chr20	chromothripsis	0.1244423016905784	0.6200000047683716	0	0
loo	SNU902	SNU902	chr20	ecDNA	0.0508885458111763	0.4399999976158142	0	0
loo	SNU902	SNU902	chr20	seismic_amplification	0.0383458547294139	0.8500000238418579	0	0
loo	SNU902	SNU902	chr21	BFB	0.0296259671449661	0.4099999964237213	0	0
loo	SNU902	SNU902	chr21	chromothripsis	0.0475173071026802	0.6200000047683716	0	0
loo	SNU902	SNU902	chr21	ecDNA	0.0341512151062488	0.4399999976158142	0	0
loo	SNU902	SNU902	chr21	seismic_amplification	0.0315430499613285	0.8500000238418579	0	0
loo	SNU902	SNU902	chr22	BFB	0.0670069009065628	0.4099999964237213	0	0
loo	SNU902	SNU902	chr22	chromothripsis	0.1676962822675705	0.6200000047683716	0	0
loo	SNU902	SNU902	chr22	ecDNA	0.0770522803068161	0.4399999976158142	0	0
loo	SNU902	SNU902	chr22	seismic_amplification	0.0670965686440467	0.8500000238418579	0	0
loo	SNU902	SNU902	chr3	BFB	0.0476214438676834	0.4099999964237213	0	0
loo	SNU902	SNU902	chr3	chromothripsis	0.1351934373378753	0.6200000047683716	0	0
loo	SNU902	SNU902	chr3	ecDNA	0.0365887247025966	0.4399999976158142	0	0
loo	SNU902	SNU902	chr3	seismic_amplification	0.034783586859703	0.8500000238418579	0	0
loo	SNU902	SNU902	chr4	BFB	0.0319278612732887	0.4099999964237213	0	0
loo	SNU902	SNU902	chr4	chromothripsis	0.0514152906835079	0.6200000047683716	0	0
loo	SNU902	SNU902	chr4	ecDNA	0.05806365609169	0.4399999976158142	0	0
loo	SNU902	SNU902	chr4	seismic_amplification	0.0621160753071308	0.8500000238418579	0	0
loo	SNU902	SNU902	chr5	BFB	0.0256166812032461	0.4099999964237213	0	0
loo	SNU902	SNU902	chr5	chromothripsis	0.0754005685448646	0.6200000047683716	0	0
loo	SNU902	SNU902	chr5	ecDNA	0.0330165401101112	0.4399999976158142	0	0
loo	SNU902	SNU902	chr5	seismic_amplification	0.0302037950605154	0.8500000238418579	0	0
loo	SNU902	SNU902	chr6	BFB	0.1538400053977966	0.4099999964237213	0	0
loo	SNU902	SNU902	chr6	chromothripsis	0.0308479070663452	0.6200000047683716	0	0
loo	SNU902	SNU902	chr6	ecDNA	0.0557635203003883	0.4399999976158142	0	0
loo	SNU902	SNU902	chr6	seismic_amplification	0.0377669930458068	0.8500000238418579	0	0
loo	SNU902	SNU902	chr7	BFB	0.0555638410151004	0.4099999964237213	0	0
loo	SNU902	SNU902	chr7	chromothripsis	0.0487011186778545	0.6200000047683716	0	0
loo	SNU902	SNU902	chr7	ecDNA	0.0494695007801055	0.4399999976158142	0	0
loo	SNU902	SNU902	chr7	seismic_amplification	0.0457518473267555	0.8500000238418579	0	0
loo	SNU902	SNU902	chr8	BFB	0.035642385482788	0.4099999964237213	0	0
loo	SNU902	SNU902	chr8	chromothripsis	0.0743194296956062	0.6200000047683716	0	0
loo	SNU902	SNU902	chr8	ecDNA	0.0435493551194667	0.4399999976158142	0	0
loo	SNU902	SNU902	chr8	seismic_amplification	0.0393089801073074	0.8500000238418579	0	0
loo	SNU902	SNU902	chr9	BFB	0.0472140498459339	0.4099999964237213	0	0
loo	SNU902	SNU902	chr9	chromothripsis	0.0315759740769863	0.6200000047683716	0	0
loo	SNU902	SNU902	chr9	ecDNA	0.0387006402015686	0.4399999976158142	0	0
loo	SNU902	SNU902	chr9	seismic_amplification	0.03633439168334	0.8500000238418579	0	0
loo	SNU902	SNU902	chrX	BFB	0.020524526014924	0.4099999964237213	0	0
loo	SNU902	SNU902	chrX	chromothripsis	0.0228408705443143	0.6200000047683716	0	0
loo	SNU902	SNU902	chrX	ecDNA	0.021981231868267	0.4399999976158142	0	0
loo	SNU902	SNU902	chrX	seismic_amplification	0.0238883607089519	0.8500000238418579	0	0
loo	SUIT	SUIT	chr1	BFB	0.0403856486082077	0.2899999916553497	0	0
loo	SUIT	SUIT	chr1	chromothripsis	0.0849744230508804	0.5699999928474426	0	0
loo	SUIT	SUIT	chr1	ecDNA	0.0251598805189132	0.4600000083446502	0	0
loo	SUIT	SUIT	chr1	seismic_amplification	0.0378903560340404	0.7400000095367432	0	0
loo	SUIT	SUIT	chr10	BFB	0.1883953511714935	0.2899999916553497	0	0
loo	SUIT	SUIT	chr10	chromothripsis	0.4875806272029876	0.5699999928474426	0	0
loo	SUIT	SUIT	chr10	ecDNA	0.1954146027565002	0.4600000083446502	0	0
loo	SUIT	SUIT	chr10	seismic_amplification	0.0684423968195915	0.7400000095367432	0	0
loo	SUIT	SUIT	chr11	BFB	0.0767767652869224	0.2899999916553497	0	0
loo	SUIT	SUIT	chr11	chromothripsis	0.0896544605493545	0.5699999928474426	0	0
loo	SUIT	SUIT	chr11	ecDNA	0.0966183990240097	0.4600000083446502	0	0
loo	SUIT	SUIT	chr11	seismic_amplification	0.0799949467182159	0.7400000095367432	0	0
loo	SUIT	SUIT	chr12	BFB	0.206884503364563	0.2899999916553497	0	0
loo	SUIT	SUIT	chr12	chromothripsis	0.2331561148166656	0.5699999928474426	0	0
loo	SUIT	SUIT	chr12	ecDNA	0.1516192257404327	0.4600000083446502	0	0
loo	SUIT	SUIT	chr12	seismic_amplification	0.0620060116052627	0.7400000095367432	0	0
loo	SUIT	SUIT	chr13	BFB	0.0526781715452671	0.2899999916553497	0	0
loo	SUIT	SUIT	chr13	chromothripsis	0.0562707222998142	0.5699999928474426	0	0
loo	SUIT	SUIT	chr13	ecDNA	0.041821252554655	0.4600000083446502	0	0
loo	SUIT	SUIT	chr13	seismic_amplification	0.0867184922099113	0.7400000095367432	0	0
loo	SUIT	SUIT	chr14	BFB	0.0855661258101463	0.2899999916553497	0	0
loo	SUIT	SUIT	chr14	chromothripsis	0.1424062997102737	0.5699999928474426	0	0
loo	SUIT	SUIT	chr14	ecDNA	0.0615895874798297	0.4600000083446502	0	0
loo	SUIT	SUIT	chr14	seismic_amplification	0.0714189484715461	0.7400000095367432	0	0
loo	SUIT	SUIT	chr15	BFB	0.0637344792485237	0.2899999916553497	0	0
loo	SUIT	SUIT	chr15	chromothripsis	0.0567143224179744	0.5699999928474426	0	0
loo	SUIT	SUIT	chr15	ecDNA	0.0577180720865726	0.4600000083446502	0	0
loo	SUIT	SUIT	chr15	seismic_amplification	0.073198452591896	0.7400000095367432	0	0
loo	SUIT	SUIT	chr16	BFB	0.1545508354902267	0.2899999916553497	0	0
loo	SUIT	SUIT	chr16	chromothripsis	0.5706480145454407	0.5699999928474426	1	0
loo	SUIT	SUIT	chr16	ecDNA	0.2259410619735717	0.4600000083446502	0	0
loo	SUIT	SUIT	chr16	seismic_amplification	0.3785786032676697	0.7400000095367432	0	0
loo	SUIT	SUIT	chr17	BFB	0.2002067267894745	0.2899999916553497	0	0
loo	SUIT	SUIT	chr17	chromothripsis	0.3435519635677337	0.5699999928474426	0	0
loo	SUIT	SUIT	chr17	ecDNA	0.1327360570430755	0.4600000083446502	0	0
loo	SUIT	SUIT	chr17	seismic_amplification	0.1020832434296608	0.7400000095367432	0	0
loo	SUIT	SUIT	chr18	BFB	0.0677879005670547	0.2899999916553497	0	0
loo	SUIT	SUIT	chr18	chromothripsis	0.1015025973320007	0.5699999928474426	0	0
loo	SUIT	SUIT	chr18	ecDNA	0.0814621523022651	0.4600000083446502	0	0
loo	SUIT	SUIT	chr18	seismic_amplification	0.1392324268817901	0.7400000095367432	0	0
loo	SUIT	SUIT	chr19	BFB	0.0307596996426582	0.2899999916553497	0	0
loo	SUIT	SUIT	chr19	chromothripsis	0.0530975572764873	0.5699999928474426	0	0
loo	SUIT	SUIT	chr19	ecDNA	0.0329328663647174	0.4600000083446502	0	0
loo	SUIT	SUIT	chr19	seismic_amplification	0.0522569492459297	0.7400000095367432	0	0
loo	SUIT	SUIT	chr2	BFB	0.0432459712028503	0.2899999916553497	0	0
loo	SUIT	SUIT	chr2	chromothripsis	0.0832633525133133	0.5699999928474426	0	0
loo	SUIT	SUIT	chr2	ecDNA	0.0420169904828071	0.4600000083446502	0	0
loo	SUIT	SUIT	chr2	seismic_amplification	0.0666110962629318	0.7400000095367432	0	0
loo	SUIT	SUIT	chr20	BFB	0.0617596171796321	0.2899999916553497	0	0
loo	SUIT	SUIT	chr20	chromothripsis	0.0606590025126934	0.5699999928474426	0	0
loo	SUIT	SUIT	chr20	ecDNA	0.0522041283547878	0.4600000083446502	0	0
loo	SUIT	SUIT	chr20	seismic_amplification	0.1264388412237167	0.7400000095367432	0	0
loo	SUIT	SUIT	chr21	BFB	0.0832545384764671	0.2899999916553497	0	0
loo	SUIT	SUIT	chr21	chromothripsis	0.0738625973463058	0.5699999928474426	0	0
loo	SUIT	SUIT	chr21	ecDNA	0.0727476626634597	0.4600000083446502	0	0
loo	SUIT	SUIT	chr21	seismic_amplification	0.1394430696964264	0.7400000095367432	0	0
loo	SUIT	SUIT	chr22	BFB	0.067865177989006	0.2899999916553497	0	0
loo	SUIT	SUIT	chr22	chromothripsis	0.1394960582256317	0.5699999928474426	0	0
loo	SUIT	SUIT	chr22	ecDNA	0.0573932453989982	0.4600000083446502	0	0
loo	SUIT	SUIT	chr22	seismic_amplification	0.0701665952801704	0.7400000095367432	0	0
loo	SUIT	SUIT	chr3	BFB	0.054616030305624	0.2899999916553497	0	0
loo	SUIT	SUIT	chr3	chromothripsis	0.0896830111742019	0.5699999928474426	0	0
loo	SUIT	SUIT	chr3	ecDNA	0.0438781641423702	0.4600000083446502	0	0
loo	SUIT	SUIT	chr3	seismic_amplification	0.0685797110199928	0.7400000095367432	0	0
loo	SUIT	SUIT	chr4	BFB	0.0364261753857135	0.2899999916553497	0	0
loo	SUIT	SUIT	chr4	chromothripsis	0.0724236220121383	0.5699999928474426	0	0
loo	SUIT	SUIT	chr4	ecDNA	0.0407923012971878	0.4600000083446502	0	0
loo	SUIT	SUIT	chr4	seismic_amplification	0.0641307905316352	0.7400000095367432	0	0
loo	SUIT	SUIT	chr5	BFB	0.0833434909582138	0.2899999916553497	0	0
loo	SUIT	SUIT	chr5	chromothripsis	0.0716574043035507	0.5699999928474426	0	0
loo	SUIT	SUIT	chr5	ecDNA	0.0468578711152076	0.4600000083446502	0	0
loo	SUIT	SUIT	chr5	seismic_amplification	0.0726374313235282	0.7400000095367432	0	0
loo	SUIT	SUIT	chr6	BFB	0.5231476426124573	0.2899999916553497	1	0
loo	SUIT	SUIT	chr6	chromothripsis	0.7949206829071045	0.5699999928474426	1	0
loo	SUIT	SUIT	chr6	ecDNA	0.1942357271909713	0.4600000083446502	0	0
loo	SUIT	SUIT	chr6	seismic_amplification	0.0547257661819458	0.7400000095367432	0	0
loo	SUIT	SUIT	chr7	BFB	0.0976975783705711	0.2899999916553497	0	0
loo	SUIT	SUIT	chr7	chromothripsis	0.2290983349084854	0.5699999928474426	0	0
loo	SUIT	SUIT	chr7	ecDNA	0.1504540592432022	0.4600000083446502	0	0
loo	SUIT	SUIT	chr7	seismic_amplification	0.1053524315357208	0.7400000095367432	0	0
loo	SUIT	SUIT	chr8	BFB	0.7350407838821411	0.2899999916553497	1	1
loo	SUIT	SUIT	chr8	chromothripsis	0.4252776801586151	0.5699999928474426	0	0
loo	SUIT	SUIT	chr8	ecDNA	0.5210418701171875	0.4600000083446502	1	0
loo	SUIT	SUIT	chr8	seismic_amplification	0.2049031108617782	0.7400000095367432	0	0
loo	SUIT	SUIT	chr9	BFB	0.0398696474730968	0.2899999916553497	0	0
loo	SUIT	SUIT	chr9	chromothripsis	0.0615059733390808	0.5699999928474426	0	0
loo	SUIT	SUIT	chr9	ecDNA	0.0591482669115066	0.4600000083446502	0	0
loo	SUIT	SUIT	chr9	seismic_amplification	0.068204179406166	0.7400000095367432	0	0
loo	SUIT	SUIT	chrX	BFB	0.0636389404535293	0.2899999916553497	0	0
loo	SUIT	SUIT	chrX	chromothripsis	0.1166727691888809	0.5699999928474426	0	0
loo	SUIT	SUIT	chrX	ecDNA	0.1238950118422508	0.4600000083446502	0	0
loo	SUIT	SUIT	chrX	seismic_amplification	0.1056810766458511	0.7400000095367432	0	0
loo	ScaBER	ScaBER	chr1	BFB	0.787440299987793	0.4900000095367431	1	1
loo	ScaBER	ScaBER	chr1	chromothripsis	0.4756063520908355	0.5199999809265137	0	0
loo	ScaBER	ScaBER	chr1	ecDNA	0.4436072707176208	0.4199999868869781	1	1
loo	ScaBER	ScaBER	chr1	seismic_amplification	0.2466988861560821	0.8399999737739563	0	0
loo	ScaBER	ScaBER	chr10	BFB	0.0424449741840362	0.4900000095367431	0	0
loo	ScaBER	ScaBER	chr10	chromothripsis	0.0783883482217788	0.5199999809265137	0	0
loo	ScaBER	ScaBER	chr10	ecDNA	0.0578299611806869	0.4199999868869781	0	0
loo	ScaBER	ScaBER	chr10	seismic_amplification	0.1234077736735344	0.8399999737739563	0	0
loo	ScaBER	ScaBER	chr11	BFB	0.0397540479898452	0.4900000095367431	0	0
loo	ScaBER	ScaBER	chr11	chromothripsis	0.0396206453442573	0.5199999809265137	0	0
loo	ScaBER	ScaBER	chr11	ecDNA	0.0467706769704818	0.4199999868869781	0	0
loo	ScaBER	ScaBER	chr11	seismic_amplification	0.1003021001815795	0.8399999737739563	0	0
loo	ScaBER	ScaBER	chr12	BFB	0.022226033732295	0.4900000095367431	0	0
loo	ScaBER	ScaBER	chr12	chromothripsis	0.0341681987047195	0.5199999809265137	0	0
loo	ScaBER	ScaBER	chr12	ecDNA	0.0344020724296569	0.4199999868869781	0	0
loo	ScaBER	ScaBER	chr12	seismic_amplification	0.0796647071838378	0.8399999737739563	0	0
loo	ScaBER	ScaBER	chr13	BFB	0.1041067168116569	0.4900000095367431	0	0
loo	ScaBER	ScaBER	chr13	chromothripsis	0.3235287368297577	0.5199999809265137	0	0
loo	ScaBER	ScaBER	chr13	ecDNA	0.113597348332405	0.4199999868869781	0	0
loo	ScaBER	ScaBER	chr13	seismic_amplification	0.1387552469968795	0.8399999737739563	0	0
loo	ScaBER	ScaBER	chr14	BFB	0.0354259051382541	0.4900000095367431	0	0
loo	ScaBER	ScaBER	chr14	chromothripsis	0.0974928513169288	0.5199999809265137	0	0
loo	ScaBER	ScaBER	chr14	ecDNA	0.0336640998721122	0.4199999868869781	0	0
loo	ScaBER	ScaBER	chr14	seismic_amplification	0.0621519349515438	0.8399999737739563	0	0
loo	ScaBER	ScaBER	chr15	BFB	0.0263768043369054	0.4900000095367431	0	0
loo	ScaBER	ScaBER	chr15	chromothripsis	0.0330474749207496	0.5199999809265137	0	0
loo	ScaBER	ScaBER	chr15	ecDNA	0.043881881982088	0.4199999868869781	0	0
loo	ScaBER	ScaBER	chr15	seismic_amplification	0.1179878264665603	0.8399999737739563	0	0
loo	ScaBER	ScaBER	chr16	BFB	0.0237758886069059	0.4900000095367431	0	0
loo	ScaBER	ScaBER	chr16	chromothripsis	0.0306418314576149	0.5199999809265137	0	0
loo	ScaBER	ScaBER	chr16	ecDNA	0.0380461290478706	0.4199999868869781	0	0
loo	ScaBER	ScaBER	chr16	seismic_amplification	0.0978836566209793	0.8399999737739563	0	0
loo	ScaBER	ScaBER	chr17	BFB	0.0330958031117916	0.4900000095367431	0	0
loo	ScaBER	ScaBER	chr17	chromothripsis	0.0479844324290752	0.5199999809265137	0	0
loo	ScaBER	ScaBER	chr17	ecDNA	0.0669441372156143	0.4199999868869781	0	0
loo	ScaBER	ScaBER	chr17	seismic_amplification	0.1177105605602264	0.8399999737739563	0	0
loo	ScaBER	ScaBER	chr18	BFB	0.0497193485498428	0.4900000095367431	0	0
loo	ScaBER	ScaBER	chr18	chromothripsis	0.2047602087259292	0.5199999809265137	0	0
loo	ScaBER	ScaBER	chr18	ecDNA	0.0534981302917003	0.4199999868869781	0	0
loo	ScaBER	ScaBER	chr18	seismic_amplification	0.0853214636445045	0.8399999737739563	0	0
loo	ScaBER	ScaBER	chr19	BFB	0.0312171783298254	0.4900000095367431	0	0
loo	ScaBER	ScaBER	chr19	chromothripsis	0.0364675670862197	0.5199999809265137	0	0
loo	ScaBER	ScaBER	chr19	ecDNA	0.0424381010234355	0.4199999868869781	0	0
loo	ScaBER	ScaBER	chr19	seismic_amplification	0.0841891691088676	0.8399999737739563	0	0
loo	ScaBER	ScaBER	chr2	BFB	0.0477351322770118	0.4900000095367431	0	0
loo	ScaBER	ScaBER	chr2	chromothripsis	0.09503735601902	0.5199999809265137	0	0
loo	ScaBER	ScaBER	chr2	ecDNA	0.056957621127367	0.4199999868869781	0	0
loo	ScaBER	ScaBER	chr2	seismic_amplification	0.1079962402582168	0.8399999737739563	0	0
loo	ScaBER	ScaBER	chr20	BFB	0.0235783942043781	0.4900000095367431	0	0
loo	ScaBER	ScaBER	chr20	chromothripsis	0.0496010929346084	0.5199999809265137	0	0
loo	ScaBER	ScaBER	chr20	ecDNA	0.0489054732024669	0.4199999868869781	0	0
loo	ScaBER	ScaBER	chr20	seismic_amplification	0.1122282594442367	0.8399999737739563	0	0
loo	ScaBER	ScaBER	chr21	BFB	0.0218736995011568	0.4900000095367431	0	0
loo	ScaBER	ScaBER	chr21	chromothripsis	0.0333028957247734	0.5199999809265137	0	0
loo	ScaBER	ScaBER	chr21	ecDNA	0.0431202948093414	0.4199999868869781	0	0
loo	ScaBER	ScaBER	chr21	seismic_amplification	0.0920170843601226	0.8399999737739563	0	0
loo	ScaBER	ScaBER	chr22	BFB	0.0313964635133743	0.4900000095367431	0	0
loo	ScaBER	ScaBER	chr22	chromothripsis	0.0553967989981174	0.5199999809265137	0	0
loo	ScaBER	ScaBER	chr22	ecDNA	0.0409002527594566	0.4199999868869781	0	0
loo	ScaBER	ScaBER	chr22	seismic_amplification	0.0932639390230178	0.8399999737739563	0	0
loo	ScaBER	ScaBER	chr3	BFB	0.1430039405822754	0.4900000095367431	0	0
loo	ScaBER	ScaBER	chr3	chromothripsis	0.3372760415077209	0.5199999809265137	0	0
loo	ScaBER	ScaBER	chr3	ecDNA	0.0769473016262054	0.4199999868869781	0	0
loo	ScaBER	ScaBER	chr3	seismic_amplification	0.0870389863848686	0.8399999737739563	0	0
loo	ScaBER	ScaBER	chr4	BFB	0.0415215939283371	0.4900000095367431	0	0
loo	ScaBER	ScaBER	chr4	chromothripsis	0.0574640333652496	0.5199999809265137	0	0
loo	ScaBER	ScaBER	chr4	ecDNA	0.0471712723374366	0.4199999868869781	0	0
loo	ScaBER	ScaBER	chr4	seismic_amplification	0.0734636038541793	0.8399999737739563	0	0
loo	ScaBER	ScaBER	chr5	BFB	0.0317177027463912	0.4900000095367431	0	0
loo	ScaBER	ScaBER	chr5	chromothripsis	0.1281413733959198	0.5199999809265137	0	0
loo	ScaBER	ScaBER	chr5	ecDNA	0.0413994081318378	0.4199999868869781	0	0
loo	ScaBER	ScaBER	chr5	seismic_amplification	0.0670217350125312	0.8399999737739563	0	0
loo	ScaBER	ScaBER	chr6	BFB	0.0293081868439912	0.4900000095367431	0	0
loo	ScaBER	ScaBER	chr6	chromothripsis	0.0575552582740783	0.5199999809265137	0	0
loo	ScaBER	ScaBER	chr6	ecDNA	0.0407945774495601	0.4199999868869781	0	0
loo	ScaBER	ScaBER	chr6	seismic_amplification	0.091677650809288	0.8399999737739563	0	0
loo	ScaBER	ScaBER	chr7	BFB	0.1692758351564407	0.4900000095367431	0	0
loo	ScaBER	ScaBER	chr7	chromothripsis	0.5109720826148987	0.5199999809265137	0	0
loo	ScaBER	ScaBER	chr7	ecDNA	0.102553516626358	0.4199999868869781	0	0
loo	ScaBER	ScaBER	chr7	seismic_amplification	0.1251820772886276	0.8399999737739563	0	0
loo	ScaBER	ScaBER	chr8	BFB	0.0595083534717559	0.4900000095367431	0	0
loo	ScaBER	ScaBER	chr8	chromothripsis	0.1109654381871223	0.5199999809265137	0	0
loo	ScaBER	ScaBER	chr8	ecDNA	0.0577121265232563	0.4199999868869781	0	0
loo	ScaBER	ScaBER	chr8	seismic_amplification	0.0860605761408805	0.8399999737739563	0	0
loo	ScaBER	ScaBER	chr9	BFB	0.2063663154840469	0.4900000095367431	0	0
loo	ScaBER	ScaBER	chr9	chromothripsis	0.4095392823219299	0.5199999809265137	0	1
loo	ScaBER	ScaBER	chr9	ecDNA	0.1549771875143051	0.4199999868869781	0	0
loo	ScaBER	ScaBER	chr9	seismic_amplification	0.1616040915250778	0.8399999737739563	0	0
loo	ScaBER	ScaBER	chrX	BFB	0.0722378715872764	0.4900000095367431	0	0
loo	ScaBER	ScaBER	chrX	chromothripsis	0.1356973201036453	0.5199999809265137	0	0
loo	ScaBER	ScaBER	chrX	ecDNA	0.0990011021494865	0.4199999868869781	0	0
loo	ScaBER	ScaBER	chrX	seismic_amplification	0.1719908118247985	0.8399999737739563	0	0
loo	ZR7530	ZR7530	chr1	BFB	0.0972855687141418	0.3700000047683716	0	0
loo	ZR7530	ZR7530	chr1	chromothripsis	0.4262681305408478	0.6800000071525574	0	0
loo	ZR7530	ZR7530	chr1	ecDNA	0.1229575276374816	0.3499999940395355	0	0
loo	ZR7530	ZR7530	chr1	seismic_amplification	0.1456299871206283	0.5299999713897705	0	0
loo	ZR7530	ZR7530	chr10	BFB	0.0838631987571716	0.3700000047683716	0	0
loo	ZR7530	ZR7530	chr10	chromothripsis	0.3517143428325653	0.6800000071525574	0	0
loo	ZR7530	ZR7530	chr10	ecDNA	0.0815465897321701	0.3499999940395355	0	0
loo	ZR7530	ZR7530	chr10	seismic_amplification	0.1119924113154411	0.5299999713897705	0	0
loo	ZR7530	ZR7530	chr11	BFB	0.1071790307760238	0.3700000047683716	0	0
loo	ZR7530	ZR7530	chr11	chromothripsis	0.0971607938408851	0.6800000071525574	0	0
loo	ZR7530	ZR7530	chr11	ecDNA	0.0927546620368957	0.3499999940395355	0	0
loo	ZR7530	ZR7530	chr11	seismic_amplification	0.0740762650966644	0.5299999713897705	0	0
loo	ZR7530	ZR7530	chr12	BFB	0.0790678858757019	0.3700000047683716	0	0
loo	ZR7530	ZR7530	chr12	chromothripsis	0.0571124665439128	0.6800000071525574	0	0
loo	ZR7530	ZR7530	chr12	ecDNA	0.0803453475236892	0.3499999940395355	0	0
loo	ZR7530	ZR7530	chr12	seismic_amplification	0.0442599803209304	0.5299999713897705	0	0
loo	ZR7530	ZR7530	chr13	BFB	0.149991363286972	0.3700000047683716	0	0
loo	ZR7530	ZR7530	chr13	chromothripsis	0.039387933909893	0.6800000071525574	0	0
loo	ZR7530	ZR7530	chr13	ecDNA	0.0830250903964042	0.3499999940395355	0	0
loo	ZR7530	ZR7530	chr13	seismic_amplification	0.0738842487335205	0.5299999713897705	0	0
loo	ZR7530	ZR7530	chr14	BFB	0.0947114899754524	0.3700000047683716	0	0
loo	ZR7530	ZR7530	chr14	chromothripsis	0.364676684141159	0.6800000071525574	0	0
loo	ZR7530	ZR7530	chr14	ecDNA	0.1021510958671569	0.3499999940395355	0	0
loo	ZR7530	ZR7530	chr14	seismic_amplification	0.174487218260765	0.5299999713897705	0	0
loo	ZR7530	ZR7530	chr15	BFB	0.0965280383825302	0.3700000047683716	0	0
loo	ZR7530	ZR7530	chr15	chromothripsis	0.0389352701604366	0.6800000071525574	0	0
loo	ZR7530	ZR7530	chr15	ecDNA	0.0885595753788948	0.3499999940395355	0	0
loo	ZR7530	ZR7530	chr15	seismic_amplification	0.0499131083488464	0.5299999713897705	0	0
loo	ZR7530	ZR7530	chr16	BFB	0.1169291585683822	0.3700000047683716	0	0
loo	ZR7530	ZR7530	chr16	chromothripsis	0.112977959215641	0.6800000071525574	0	0
loo	ZR7530	ZR7530	chr16	ecDNA	0.1033647358417511	0.3499999940395355	0	0
loo	ZR7530	ZR7530	chr16	seismic_amplification	0.0716525986790657	0.5299999713897705	0	0
loo	ZR7530	ZR7530	chr17	BFB	0.7948686480522156	0.3700000047683716	1	0
loo	ZR7530	ZR7530	chr17	chromothripsis	0.5035667419433594	0.6800000071525574	0	0
loo	ZR7530	ZR7530	chr17	ecDNA	0.3626385927200317	0.3499999940395355	1	0
loo	ZR7530	ZR7530	chr17	seismic_amplification	0.7916085124015808	0.5299999713897705	1	1
loo	ZR7530	ZR7530	chr18	BFB	0.1377121359109878	0.3700000047683716	0	0
loo	ZR7530	ZR7530	chr18	chromothripsis	0.1253909915685653	0.6800000071525574	0	0
loo	ZR7530	ZR7530	chr18	ecDNA	0.1242076605558395	0.3499999940395355	0	0
loo	ZR7530	ZR7530	chr18	seismic_amplification	0.1409612447023391	0.5299999713897705	0	0
loo	ZR7530	ZR7530	chr19	BFB	0.0912348106503486	0.3700000047683716	0	0
loo	ZR7530	ZR7530	chr19	chromothripsis	0.0518829971551895	0.6800000071525574	0	0
loo	ZR7530	ZR7530	chr19	ecDNA	0.0868936106562614	0.3499999940395355	0	0
loo	ZR7530	ZR7530	chr19	seismic_amplification	0.0409424379467964	0.5299999713897705	0	0
loo	ZR7530	ZR7530	chr2	BFB	0.0739370882511138	0.3700000047683716	0	0
loo	ZR7530	ZR7530	chr2	chromothripsis	0.1092938631772995	0.6800000071525574	0	0
loo	ZR7530	ZR7530	chr2	ecDNA	0.0799766778945922	0.3499999940395355	0	0
loo	ZR7530	ZR7530	chr2	seismic_amplification	0.0710089057683944	0.5299999713897705	0	0
loo	ZR7530	ZR7530	chr20	BFB	0.0949632599949836	0.3700000047683716	0	0
loo	ZR7530	ZR7530	chr20	chromothripsis	0.0253968443721532	0.6800000071525574	0	0
loo	ZR7530	ZR7530	chr20	ecDNA	0.0803002938628196	0.3499999940395355	0	0
loo	ZR7530	ZR7530	chr20	seismic_amplification	0.0400587357580661	0.5299999713897705	0	0
loo	ZR7530	ZR7530	chr21	BFB	0.1501873135566711	0.3700000047683716	0	0
loo	ZR7530	ZR7530	chr21	chromothripsis	0.0779828652739524	0.6800000071525574	0	0
loo	ZR7530	ZR7530	chr21	ecDNA	0.1297648400068283	0.3499999940395355	0	0
loo	ZR7530	ZR7530	chr21	seismic_amplification	0.0833941996097564	0.5299999713897705	0	0
loo	ZR7530	ZR7530	chr22	BFB	0.1392808854579925	0.3700000047683716	0	0
loo	ZR7530	ZR7530	chr22	chromothripsis	0.2990485429763794	0.6800000071525574	0	0
loo	ZR7530	ZR7530	chr22	ecDNA	0.1127902492880821	0.3499999940395355	0	0
loo	ZR7530	ZR7530	chr22	seismic_amplification	0.1119313016533851	0.5299999713897705	0	0
loo	ZR7530	ZR7530	chr3	BFB	0.1671239137649536	0.3700000047683716	0	0
loo	ZR7530	ZR7530	chr3	chromothripsis	0.0639682635664939	0.6800000071525574	0	0
loo	ZR7530	ZR7530	chr3	ecDNA	0.0988107919692993	0.3499999940395355	0	0
loo	ZR7530	ZR7530	chr3	seismic_amplification	0.0897779017686843	0.5299999713897705	0	0
loo	ZR7530	ZR7530	chr4	BFB	0.0789017528295517	0.3700000047683716	0	0
loo	ZR7530	ZR7530	chr4	chromothripsis	0.0590091273188591	0.6800000071525574	0	0
loo	ZR7530	ZR7530	chr4	ecDNA	0.0768678560853004	0.3499999940395355	0	0
loo	ZR7530	ZR7530	chr4	seismic_amplification	0.0590814016759395	0.5299999713897705	0	0
loo	ZR7530	ZR7530	chr5	BFB	0.1272304803133011	0.3700000047683716	0	0
loo	ZR7530	ZR7530	chr5	chromothripsis	0.049032799899578	0.6800000071525574	0	0
loo	ZR7530	ZR7530	chr5	ecDNA	0.0714089423418045	0.3499999940395355	0	0
loo	ZR7530	ZR7530	chr5	seismic_amplification	0.0565636046230793	0.5299999713897705	0	0
loo	ZR7530	ZR7530	chr6	BFB	0.1105063557624816	0.3700000047683716	0	0
loo	ZR7530	ZR7530	chr6	chromothripsis	0.4926913380622864	0.6800000071525574	0	0
loo	ZR7530	ZR7530	chr6	ecDNA	0.0870583653450012	0.3499999940395355	0	0
loo	ZR7530	ZR7530	chr6	seismic_amplification	0.1764380186796188	0.5299999713897705	0	0
loo	ZR7530	ZR7530	chr7	BFB	0.0459098145365715	0.3700000047683716	0	0
loo	ZR7530	ZR7530	chr7	chromothripsis	0.1383635550737381	0.6800000071525574	0	0
loo	ZR7530	ZR7530	chr7	ecDNA	0.0764000117778778	0.3499999940395355	0	0
loo	ZR7530	ZR7530	chr7	seismic_amplification	0.0631202757358551	0.5299999713897705	0	0
loo	ZR7530	ZR7530	chr8	BFB	0.8171698451042175	0.3700000047683716	1	0
loo	ZR7530	ZR7530	chr8	chromothripsis	0.6943246126174927	0.6800000071525574	1	0
loo	ZR7530	ZR7530	chr8	ecDNA	0.3992769122123718	0.3499999940395355	1	0
loo	ZR7530	ZR7530	chr8	seismic_amplification	0.8922203183174133	0.5299999713897705	1	1
loo	ZR7530	ZR7530	chr9	BFB	0.0989277735352516	0.3700000047683716	0	0
loo	ZR7530	ZR7530	chr9	chromothripsis	0.0571732521057128	0.6800000071525574	0	0
loo	ZR7530	ZR7530	chr9	ecDNA	0.0897792726755142	0.3499999940395355	0	0
loo	ZR7530	ZR7530	chr9	seismic_amplification	0.0639016404747963	0.5299999713897705	0	0
loo	ZR7530	ZR7530	chrX	BFB	0.1043142601847648	0.3700000047683716	0	0
loo	ZR7530	ZR7530	chrX	chromothripsis	0.0850667208433151	0.6800000071525574	0	0
loo	ZR7530	ZR7530	chrX	ecDNA	0.0841671749949455	0.3499999940395355	0	0
loo	ZR7530	ZR7530	chrX	seismic_amplification	0.0617290623486042	0.5299999713897705	0	0
